ticker,company,sector,in_sp500,in_nasdaq,in_fortune500,price,shares_outstanding,market_cap,eps_trailing,pe_trailing,price_asof
A,Agilent Technologies,Health Care,True,False,False,139.22999572753906,282431944.0,39322998356.0,4.98,27.958,2026-08-01
AA,Alcoa Corp,,False,False,True,46.7599983215332,263909445.0,12340405205.0,4.81,9.721,2026-08-01
AACB,Artius II Acquisition Inc.,,False,True,False,10.539999961853027,,,,,2026-08-01
AACI,Armada Acquisition Corp. III,,False,True,False,9.989999771118164,,,,,2026-08-01
AACO,Abony Acquisition Corp. I,,False,True,False,9.9399995803833,,,,,2026-07-01
AACP,Apogee Acquisition Corp,,False,True,False,10.010000228881836,,,,,2026-07-01
AAL,"American Airlines Group, Inc.",,False,True,True,16.459999084472656,661969951.0,10896024787.0,-0.49,,2026-08-01
AAME,Atlantic American Corporation,,False,True,False,1.559999942779541,20397228.0,31819675.0,0.21,7.429,2026-08-01
AAOI,"Applied Optoelectronics, Inc.",,False,True,False,135.85499572753906,80242767.0,10901380768.0,-0.65,,2026-08-01
AAON,"AAON, Inc.",,False,True,False,96.12999725341797,81911710.0,7874172457.0,1.42,67.697,2026-08-01
AAP,ADVANCE AUTO PARTS INC,,False,False,True,58.529998779296875,60300000.0,3529358926.0,0.72,81.292,2026-08-01
AAPG,Ascentage Pharma Group International,,False,True,False,16.610000610351562,373322192.0,6200881837.0,,,2026-08-01
AAPL,Apple Inc.,Information Technology,True,True,True,309.2699890136719,14594180000.0,4513541888264.0,8.71,35.507,2026-08-01
AARD,"Aardvark Therapeutics, Inc.",,False,True,False,7.25,21816385.0,158168791.0,-3.21,,2026-08-01
ABAT,American Battery Technology Company,,False,True,False,2.315000057220459,136414409.0,315799365.0,-0.51,,2026-08-01
ABBV,AbbVie,Health Care,True,False,True,242.7899932861328,1767117285.0,429038393761.0,3.54,68.585,2026-08-01
ABCL,AbCellera Biologics Inc.,,False,True,False,6.105000019073486,305375393.0,1864316780.0,-0.48,,2026-08-01
ABEO,Abeona Therapeutics Inc.,,False,True,False,6.769999980926514,56995144.0,385857124.0,0.95,7.126,2026-08-01
ABG,ASBURY AUTOMOTIVE GROUP INC,,False,False,True,223.8249969482422,17951917.0,4018087768.0,26.78,8.358,2026-08-01
ABLV,Able View Global Inc.,,False,True,False,0.7400000095367432,,,,,2026-08-01
ABNB,Airbnb,Consumer Discretionary,True,True,True,149.44500732421875,,,4.05,36.9,2026-08-01
ABOS,"Acumen Pharmaceuticals, Inc.",,False,True,False,2.2149999141693115,72227580.0,159984084.0,-1.85,,2026-08-01
ABSI,Absci Corporation,,False,True,False,8.569999694824219,155905056.0,1336106282.0,-0.82,,2026-08-01
ABT,Abbott Laboratories,Health Care,True,False,True,105.41999816894531,1741812429.0,183621863076.0,3.57,29.529,2026-08-01
ABTC,American Bitcoin Corp.,,False,True,False,6.090000152587891,82802406.0,504266665.0,-0.93,,2026-08-01
ABTS,Abits Group Inc,,False,True,False,1.190000057220459,2369995.0,2820294.0,,,2026-08-01
ABUS,Arbutus Biopharma Corporation,,False,True,False,4.454999923706055,197537710.0,880030483.0,0.83,5.367,2026-08-01
ABVC,"ABVC BioPharma, Inc.",,False,True,False,1.0957000255584717,26000442.0,28488685.0,-0.39,,2026-08-01
ACAA,Averin Capital Acquisition Corp.,,False,True,False,10.0,,,,,2026-08-01
ACAD,ACADIA Pharmaceuticals Inc.,,False,True,False,26.540000915527344,171235870.0,4544600147.0,2.21,12.009,2026-08-01
ACB,Aurora Cannabis Inc.,,False,True,False,2.7850000858306885,56234231.0,156612338.0,,,2026-08-01
ACCL,Acco Group Holdings Limited,,False,True,False,2.690000057220459,12500000.0,33625001.0,,,2026-08-01
ACDC,ProFrac Holding Corp.,,False,True,False,4.195000171661377,180920753.0,758962590.0,-2.57,,2026-08-01
ACET,"Adicet Bio, Inc.",,False,True,False,9.21500015258789,9348236.0,86143996.0,-13.87,,2026-08-01
ACFN,"Acorn Energy, Inc.",,False,True,False,18.489999771118164,2508258.0,46377690.0,0.77,24.013,2026-08-01
ACGC,ACP Holdings Acquisition Corp.,,False,True,False,9.979999542236328,,,,,2026-08-01
ACGL,Arch Capital Group,Financials,True,True,False,99.7300033569336,349389588.0,34844624784.0,13.0,7.672,2026-08-01
ACHC,"Acadia Healthcare Company, Inc.",,False,True,False,31.34000015258789,92211777.0,2889917105.0,-12.2,,2026-08-01
ACHV,"Achieve Life Sciences, Inc.",,False,True,False,6.389999866485596,102659057.0,655991361.0,-1.07,,2026-08-01
ACI,"Albertsons Companies, Inc.",,False,False,True,11.96500015258789,485325683.0,5806921871.0,0.16,74.781,2026-08-01
ACIC,American Coastal Insurance Corporation,,False,True,False,10.989999771118164,48464047.0,532619865.0,2.11,5.209,2026-08-01
ACIU,AC Immune SA,,False,True,False,2.2769999504089355,101742231.0,231667055.0,,,2026-08-01
ACIW,"ACI Worldwide, Inc.",,False,True,False,56.97999954223633,101661570.0,5792676212.0,1.98,28.778,2026-08-01
ACLS,"Axcelis Technologies, Inc.",,False,True,False,139.5399932861328,30733897.0,4288607781.0,3.22,43.335,2026-08-01
ACM,AECOM,,False,False,True,75.48999786376953,128522920.0,9702194956.0,3.83,19.71,2026-08-01
ACMR,"ACM Research, Inc.",,False,True,False,83.11000061035156,14176690.0,1178224715.0,1.31,63.443,2026-08-01
ACN,Accenture,Information Technology,True,False,False,167.93499755859375,637016143.0,106977304419.0,12.52,13.413,2026-08-01
ACNB,ACNB Corporation,,False,True,False,65.52999877929688,10212044.0,669195231.0,4.95,13.238,2026-08-01
ACNT,Ascent Industries Co.,,False,True,False,15.399999618530273,9038215.0,139188508.0,0.11,140.0,2026-08-01
ACOG,Alpha Cognition Inc.,,False,True,False,8.845000267028809,21774104.0,192591956.0,-1.39,,2026-08-01
ACON,"Aclarion, Inc.",,False,True,False,2.440000057220459,2462250.0,6007890.0,-5.63,,2026-08-01
ACRS,"Aclaris Therapeutics, Inc.",,False,True,False,5.934999942779541,139663680.0,828903933.0,-0.56,,2026-08-01
ACRV,"Acrivon Therapeutics, Inc.",,False,True,False,1.5800000429153442,42801729.0,67626734.0,-2.0,,2026-08-01
ACT,"Enact Holdings, Inc.",,False,True,False,47.88999938964844,139600745.0,6685479593.0,4.62,10.366,2026-08-01
ACTG,Acacia Research Corporation,,False,True,False,4.630000114440918,96589132.0,447207692.0,-0.19,,2026-08-01
ACTU,"Actuate Therapeutics, Inc.",,False,True,False,1.059999942779541,23925852.0,25361402.0,-0.98,,2026-08-01
ACXP,"Acurx Pharmaceuticals, Inc.",,False,True,False,1.4299999475479126,4297738.0,6145765.0,-3.79,,2026-08-01
ADAC,American Drive Acquisition Company,,False,True,False,10.100000381469727,,,,,2026-08-01
ADAG,Adagene Inc.,,False,True,False,3.640000104904175,59231993.0,215604461.0,,,2026-08-01
ADAM,"Adamas Trust, Inc.",,False,True,False,9.505000114440918,89879786.0,854307376.0,1.68,5.658,2026-08-01
ADBE,Adobe Inc.,Information Technology,True,True,True,255.41319274902344,397500000.0,101526744118.0,17.47,14.62,2026-08-01
ADEA,Adeia Inc.,,False,True,False,32.11000061035156,110293749.0,3541532348.0,1.09,29.459,2026-08-01
ADGM,"Adagio Medical Holdings, Inc",,False,True,False,0.9664999842643738,22210459.0,21466408.0,-1.31,,2026-08-01
ADI,Analog Devices,Information Technology,True,True,True,378.79998779296875,487087040.0,184508564806.0,6.73,56.285,2026-08-01
ADIL,"Adial Pharmaceuticals, Inc",,False,True,False,3.819999933242798,2143621.0,8188632.0,-4.89,,2026-08-01
ADM,Archer Daniels Midland,Consumer Staples,True,False,True,79.93000030517578,481956527.0,38522785350.0,2.24,35.683,2026-08-01
ADMA,ADMA Biologics Inc,,False,True,False,8.96500015258789,231772715.0,2077842425.0,0.68,13.184,2026-08-01
ADP,Automatic Data Processing,Industrials,True,True,True,267.5849914550781,399734282.0,106962894433.0,10.72,24.961,2026-08-01
ADPT,Adaptive Biotechnologies Corporation,,False,True,False,24.209999084472656,160044392.0,3874674584.0,-0.32,,2026-08-01
ADSE,ADS-TEC ENERGY PLC,,False,True,False,11.520000457763672,60436227.0,696225363.0,,,2026-08-01
ADSK,Autodesk,Information Technology,True,True,False,236.1699981689453,211000000.0,49831869614.0,6.85,34.477,2026-08-01
ADTN,"ADTRAN Holdings, Inc.",,False,True,False,8.824999809265137,81481407.0,719073401.0,-0.28,,2026-08-01
ADUR,Aduro Clean Technologies Inc.,,False,True,False,15.399999618530273,29613178.0,456042930.0,,,2026-08-01
ADUS,Addus HomeCare Corporation,,False,True,False,115.46309661865234,18664776.0,2155092835.0,5.42,21.303,2026-08-01
ADV,Advantage Solutions Inc.,,False,True,False,40.58000183105469,13295280.0,539522487.0,-10.29,,2026-08-01
ADVB,Advanced Biomed Inc.,,False,True,False,7.78000020980835,1382133.0,10752995.0,1.16,6.707,2026-08-01
AEAQ,Activate Energy Acquisition Corp.,,False,True,False,10.029999732971191,,,,,2026-07-01
AEBI,Aebi Schmidt Holding AG,,False,True,False,13.25,77506125.0,1026956156.0,0.13,101.923,2026-08-01
AEC,Anfield Energy Inc.,,False,True,False,4.09499979019165,,,,,2026-08-01
AEE,Ameren,Utilities,True,False,True,109.37000274658203,276843251.0,30278347122.0,5.68,19.255,2026-08-01
AEHL,Antelope Enterprise Holdings Limited,,False,True,False,0.444599986076355,4580547.0,2036511.0,,,2026-08-01
AEHR,Aehr Test Systems,,False,True,False,108.81999969482422,32620450.0,3549757359.0,-0.23,,2026-08-01
AEI,Alset Inc.,,False,True,False,1.25,38895830.0,48619788.0,-1.56,,2026-08-01
AEIS,"Advanced Energy Industries, Inc.",,False,True,False,343.010009765625,40050442.0,13737702502.0,5.38,63.757,2026-08-01
AEMD,"Aethlon Medical, Inc.",,False,True,False,3.369999885559082,2370560.0,7988787.0,-10.61,,2026-08-01
AENT,Alliance Entertainment Holding Corporation,,False,True,False,5.590000152587891,50930770.0,284703012.0,0.44,12.705,2026-08-01
AEP,American Electric Power,Utilities,True,True,True,128.3000030517578,544104955.0,69808667387.0,6.76,18.979,2026-08-01
AERT,"Aeries Technology, Inc.",,False,True,False,6.869999885559082,47152626.0,323938535.0,0.05,137.4,2026-08-01
AES,AES Corporation,Utilities,True,False,True,14.694999694824219,713157713.0,10479852375.0,1.87,7.858,2026-08-01
AESP,Aeon Acquisition I Corp.,,False,True,False,9.920000076293945,,,,,2026-08-01
AEVA,"Aeva Technologies, Inc.",,False,True,False,20.520000457763672,63040821.0,1293597676.0,-2.47,,2026-08-01
AEYE,"AudioEye, Inc.",,False,True,False,6.065000057220459,12438294.0,75438254.0,-0.36,,2026-08-01
AFCG,Advanced Flower Capital Inc.,,False,True,False,2.8499999046325684,23528844.0,67057203.0,-0.64,,2026-08-01
AFJK,"Aimei Health Technology Co., Ltd",,False,True,False,12.079999923706055,3166332.0,38249290.0,,,2026-08-01
AFL,Aflac,Financials,True,False,True,125.36499786376953,508984904.0,63808891403.0,8.75,14.327,2026-08-01
AFRI,Forafric Global PLC,,False,True,False,10.609999656677246,26917597.0,285595695.0,,,2026-08-01
AFRM,"Affirm Holdings, Inc.",,False,True,False,78.98999786376953,,,1.12,70.527,2026-08-01
AFYA,Afya Limited,,False,True,False,13.90999984741211,,,,,2026-08-01
AGCC,Agencia Comercial Spirits Ltd,,False,True,False,15.039999961853027,,,,,2026-08-01
AGEN,Agenus Inc.,,False,True,False,8.119999885559082,41642431.0,338136535.0,2.05,3.961,2026-08-01
AGIO,"Agios Pharmaceuticals, Inc.",,False,True,False,31.684999465942383,59701882.0,1891654099.0,-7.02,,2026-08-01
AGMB,AgomAb Therapeutics NV,,False,True,False,14.75,34167168.0,503965728.0,,,2026-08-01
AGMH,AGM Group Holdings Inc.,,False,True,False,0.9085999727249146,,,,,2026-08-01
AGNC,AGNC Investment Corp.,,False,True,False,10.690099716186523,1185481447.0,12672914880.0,1.97,5.426,2026-08-01
AGNT,"AGNT, Inc.",,False,True,False,4.184999942779541,164323924.0,687695613.0,-0.1,,2026-08-01
AGPU,Axe Compute Inc.,,False,True,False,9.044699668884277,10404641.0,94106853.0,-0.33,,2026-08-01
AGRZ,Agroz Inc.,,False,True,False,0.3285999894142151,20423485.0,6711157.0,,,2026-08-01
AGYS,"Agilysys, Inc.",,False,True,False,111.2300033569336,28205788.0,3137329894.0,1.52,73.178,2026-08-01
AHCO,AdaptHealth Corp.,,False,True,False,6.489999771118164,136054152.0,882991415.0,-0.59,,2026-08-01
AHMA,Ambitions Enterprise Management Co. L.L.C,,False,True,False,1.6100000143051147,,,,,2026-08-01
AIAI,AIAI Holdings Corporation,,False,True,False,4.840000152587891,70313990.0,340319722.0,,,2026-08-01
AIBZ,Bitzero Holdings Inc.,,False,True,False,7.254199981689453,,,,,2026-08-01
AIDX,"20/20 Biolabs, Inc.",,False,True,False,0.44440001249313354,10611528.0,4715763.0,,,2026-08-01
AIFA,"All In FutureTech Alliance, Inc.",,False,True,False,1.7300000190734863,6377521.0,11033111.0,-0.99,,2026-08-01
AIFC,AI Financial Corporation,,False,True,False,0.41440001130104065,139836511.0,57948252.0,-7.9,,2026-08-01
AIFF,"Firefly Neuroscience, Inc.",,False,True,False,1.2200000286102295,15571780.0,18997572.0,-1.03,,2026-08-01
AIFU,AIFU Inc.,,False,True,False,37.1349983215332,1134236184.0,42119858789.0,,,2026-08-01
AIG,American International Group,Financials,True,False,True,79.22000122070312,530206221.0,42002937475.0,5.68,13.947,2026-08-01
AIHS,Senmiao Technology Limited,,False,True,False,1.4199999570846558,14557489.0,20671634.0,-1.97,,2026-08-01
AIIO,Robo.ai Inc.,,False,True,False,3.0199999809265137,,,,,2026-08-01
AIIR,Air Global PLC,,False,True,False,6.039999961853027,,,,,2026-08-01
AIMD,"Ainos, Inc.",,False,True,False,1.3299000263214111,7384073.0,9820079.0,-2.46,,2026-08-01
AIOS,AIOS Tech Inc.,,False,True,False,11.699999809265137,14695347.0,171935557.0,,,2026-08-01
AIOT,"PowerFleet, Inc.",,False,True,False,4.244999885559082,134180878.0,569597812.0,-0.15,,2026-08-01
AIP,"Arteris, Inc.",,False,True,False,32.290000915527344,46171982.0,1490893341.0,-0.79,,2026-08-01
AIRE,reAlpha Tech Corp.,,False,True,False,1.5399999618530273,134118789.0,206542930.0,-0.2,,2026-08-01
AIRG,"Airgain, Inc.",,False,True,False,5.795000076293945,12675780.0,73456146.0,-0.56,,2026-08-01
AIRJ,AirJoule Technologies Corporation,,False,True,False,5.834499835968018,68472740.0,399504190.0,,,2026-08-01
AIRO,"AIRO Group Holdings, Inc.",,False,True,False,7.449999809265137,31445644.0,234270042.0,-0.54,,2026-08-01
AIRS,"AirSculpt Technologies, Inc.",,False,True,False,5.019999980926514,70545681.0,354139317.0,-0.17,,2026-08-01
AIRT,"Air T, Inc.",,False,True,False,30.25,2696509.0,81569397.0,28.85,1.049,2026-08-01
AIRTP,"Air T, Inc.",,False,True,False,19.079999923706055,2696509.0,51449392.0,28.85,0.661,2026-08-01
AISP,"Airship AI Holdings, Inc",,False,True,False,1.9500000476837158,34439562.0,67157148.0,0.13,15.0,2026-08-01
AIXC,"AIxCrypto Holdings, Inc.",,False,True,False,0.7894999980926514,20234993.0,15975527.0,-7.08,,2026-08-01
AIZ,Assurant,Financials,True,False,True,282.010009765625,49547637.0,13972929594.0,19.51,14.455,2026-08-01
AJG,Arthur J. Gallagher & Co.,Financials,True,False,True,245.9248046875,256900000.0,63178082324.0,6.18,39.794,2026-08-01
AKAM,Akamai Technologies,Information Technology,True,True,False,122.81999969482422,145385451.0,17856241047.0,2.96,41.493,2026-08-01
AKAN,Akanda Corp.,,False,True,False,5.550000190734863,1983546.0,11008681.0,,,2026-08-01
AKBA,"Akebia Therapeutics, Inc.",,False,True,False,1.3300000429153442,268258243.0,356783475.0,-0.08,,2026-08-01
AKTS,"Aktis Oncology, Inc.",,False,True,False,22.850000381469727,,,,,2026-08-01
ALAB,"Astera Labs, Inc.",,False,True,False,362.3599853515625,171407939.0,62111378265.0,1.48,244.838,2026-08-01
ALB,Albemarle Corporation,Materials,True,False,True,120.94000244140625,117934651.0,14263016980.0,-3.42,,2026-08-01
ALCO,"Alico, Inc.",,False,True,False,38.29499816894531,7416327.0,284008229.0,-2.47,,2026-08-01
ALDF,Aldel Financial II Inc.,,False,True,False,10.729999542236328,29868214.0,320485923.0,,,2026-08-01
ALDX,"Aldeyra Therapeutics, Inc.",,False,True,False,1.5449999570846558,60321068.0,93196047.0,-0.45,,2026-08-01
ALEC,"Alector, Inc.",,False,True,False,1.565000057220459,111025187.0,173754424.0,-1.19,,2026-08-01
ALF,Centurion Acquisition Corp.,,False,True,False,10.8100004196167,,,,,2026-08-01
ALGM,"Allegro MicroSystems, Inc.",,False,True,False,42.845001220703125,186402046.0,7986395888.0,0.07,612.071,2026-08-01
ALGN,Align Technology,Health Care,True,True,False,172.5800018310547,71618127.0,12359856489.0,5.95,29.005,2026-08-01
ALGS,"Aligos Therapeutics, Inc.",,False,True,False,4.71999979019165,42608792.0,201113489.0,-2.55,,2026-08-01
ALGT,Allegiant Travel Company,,False,True,False,106.13999938964844,18437290.0,1956933949.0,-1.91,,2026-08-01
ALHC,"Alignment Healthcare, Inc.",,False,True,False,13.770000457763672,207435149.0,2856382097.0,0.2,68.85,2026-08-01
ALIS,Calisa Acquisition Corp,,False,True,False,10.1850004196167,8427500.0,85834091.0,,,2026-08-01
ALK,"ALASKA AIR GROUP, INC.",,False,False,True,52.40999984741211,111428978.0,5839992720.0,0.49,106.959,2026-08-01
ALKS,Alkermes plc,,False,True,False,49.564998626708984,167763272.0,8315186346.0,0.38,130.434,2026-08-01
ALKT,"Alkami Technology, Inc.",,False,True,False,18.709999084472656,106941980.0,2000884348.0,-0.46,,2026-08-01
ALL,Allstate,Financials,True,False,True,261.8699951171875,257420930.0,67410817682.0,45.33,5.777,2026-08-01
ALLE,Allegion,Industrials,True,False,False,164.50999450683594,85036786.0,13989401198.0,7.62,21.589,2026-08-01
ALLO,"Allogene Therapeutics, Inc.",,False,True,False,1.899999976158142,345154561.0,655793658.0,-0.77,,2026-08-01
ALLR,"Allarity Therapeutics, Inc.",,False,True,False,1.340000033378601,15910724.0,21320371.0,6849.08,0.0,2026-08-01
ALLT,Allot Ltd.,,False,True,False,8.180000305175781,48645282.0,397918422.0,-0.21,,2026-08-01
ALLY,Ally Financial Inc.,,False,False,True,45.03499984741211,304199693.0,13699633128.0,4.26,10.572,2026-08-01
ALM,Almonty Industries Inc.,,False,True,False,13.494999885559082,262776228.0,3546165167.0,,,2026-08-01
ALMR,"Alamar Biosciences, Inc.",,False,True,False,26.7450008392334,69311186.0,1853727728.0,,,2026-08-01
ALMS,Alumis Inc.,,False,True,False,27.225000381469727,,,-1.78,,2026-08-01
ALMU,"Aeluma, Inc.",,False,True,False,18.139999389648438,18305335.0,332058766.0,-0.34,,2026-08-01
ALNT,Allient Inc.,,False,True,False,95.44999694824219,16996512.0,1622317019.0,1.43,66.748,2026-08-01
ALNY,"Alnylam Pharmaceuticals, Inc.",,False,True,False,215.61000061035156,133809118.0,28850584014.0,3.68,58.59,2026-08-01
ALOT,"AstroNova, Inc.",,False,True,False,28.8799991607666,7747772.0,223755649.0,-0.18,,2026-08-01
ALOV,"Aldabra 4 Liquidity Opportunity Vehicle, Inc.",,False,True,False,9.960000038146973,,,,,2026-08-01
ALOY,REalloys Inc.,,False,True,False,10.880000114440918,61213498.0,666002865.0,-2.12,,2026-08-01
ALP,Alpha Compute Corp,,False,True,False,0.19769999384880066,23470877.0,4640192.0,,,2026-08-01
ALPS,ALPS Group Inc,,False,True,False,0.4000000059604645,,,,,2026-08-01
ALPX,Alpex Acquisition Corporation,,False,True,False,9.85509967803955,,,,,2026-08-04
ALRM,"Alarm.com Holdings, Inc.",,False,True,False,55.474998474121094,49460583.0,2743825766.0,2.41,23.019,2026-08-01
ALRS,Alerus Financial Corporation,,False,True,False,34.2599983215332,24903238.0,853184892.0,1.08,31.722,2026-08-01
ALT,"Altimmune, Inc.",,False,True,False,2.994999885559082,194474154.0,582450069.0,-0.92,,2026-08-01
ALTI,"AlTi Global, Inc.",,False,True,False,3.7720000743865967,,,-1.05,,2026-08-01
ALTO,"Alto Ingredients, Inc.",,False,True,False,5.207300186157227,77485153.0,403488452.0,0.37,14.074,2026-08-01
ALV,AUTOLIV INC,,False,False,True,124.01000213623047,73237217.0,9082147437.0,8.48,14.624,2026-08-01
ALVO,Alvotech,,False,True,False,3.8550000190734863,312021375.0,1202842407.0,,,2026-08-01
ALXO,ALX Oncology Holdings Inc.,,False,True,False,1.9950000047683716,134562917.0,268453020.0,-1.49,,2026-08-01
ALZN,"Alzamend Neuro, Inc.",,False,True,False,1.434999942779541,4791525.0,6875838.0,-2.63,,2026-08-01
AMAL,Amalgamated Financial Corp.,,False,True,False,50.17250061035156,29900147.0,1500165144.0,3.75,13.379,2026-08-01
AMAN,Amanat Acquisition Corp,,False,True,False,10.329999923706055,,,,,2026-08-01
AMAT,Applied Materials,Information Technology,True,True,False,548.10498046875,793959430.0,435173117873.0,10.63,51.562,2026-08-01
AMBA,"Ambarella, Inc.",,False,True,False,82.94999694824219,43868185.0,3638865812.0,-1.61,,2026-08-01
AMCI,AMC Robotics Corporation,,False,True,False,4.894999980926514,22600363.0,110628776.0,,,2026-08-01
AMCR,Amcor,Materials,True,False,False,46.939998626708984,462345690.0,21702506054.0,0.041,1144.878,2026-08-01
AMCX,AMC Global Media Inc.,,False,True,False,11.140000343322754,,,-0.53,,2026-08-01
AMD,Advanced Micro Devices,Information Technology,True,True,True,527.169189453125,1630600639.0,859602417183.0,3.05,172.842,2026-08-01
AME,Ametek,Industrials,True,False,False,252.10000610351562,229203002.0,57782078203.0,6.62,38.082,2026-08-01
AMGN,Amgen,Health Care,True,True,True,387.85211181640625,539708274.0,209326993836.0,14.37,26.99,2026-08-01
AMIX,"Autonomix Medical, Inc.",,False,True,False,17.735000610351562,11409344.0,202344723.0,,,2026-08-01
AMKR,"Amkor Technology, Inc.",,False,True,False,55.915000915527344,247872518.0,13859792071.0,1.74,32.135,2026-08-01
AMLX,"Amylyx Pharmaceuticals, Inc.",,False,True,False,22.190000534057617,111186317.0,2467224434.0,-1.48,,2026-08-01
AMOD,"Alpha Modus Holdings, Inc.",,False,True,False,4.25,54169609.0,230220838.0,-0.35,,2026-08-01
AMP,Ameriprise Financial,Financials,True,False,True,553.6950073242188,89897084.0,49775566584.0,40.13,13.798,2026-08-01
AMPG,"Amplitech Group, Inc.",,False,True,False,5.34499979019165,25338799.0,135435875.0,-0.3,,2026-08-01
AMPGZ,"Amplitech Group, Inc.",,False,True,False,0.7501999735832214,25338799.0,19009166.0,-0.3,,2026-08-04
AMPH,"Amphastar Pharmaceuticals, Inc.",,False,True,False,20.209999084472656,44092919.0,891117853.0,1.66,12.175,2026-08-01
AMPL,"Amplitude, Inc.",,False,True,False,9.835000038146973,,,-0.67,,2026-08-01
AMRX,"Amneal Pharmaceuticals, Inc.",,False,True,False,18.3700008392334,319022792.0,5860448957.0,0.37,49.649,2026-08-01
AMSC,American Superconductor Corporation,,False,True,False,33.63999938964844,47694445.0,1604441101.0,3.05,11.03,2026-08-01
AMSF,"AMERISAFE, Inc.",,False,True,False,29.719999313354492,18536058.0,550891631.0,2.48,11.984,2026-08-01
AMSS,AMASS Brands Inc.,,False,True,False,1.1612999439239502,11424315.0,13267056.0,,,2026-08-01
AMST,Amesite Inc.,,False,True,False,1.0449999570846558,5852985.0,6116369.0,-0.58,,2026-08-01
AMT,American Tower,Real Estate,True,False,False,174.85000610351562,465893069.0,81461405958.0,6.2,28.202,2026-08-01
AMTX,"Aemetis, Inc",,False,True,False,1.5901000499725342,70366477.0,111889739.0,-1.14,,2026-08-01
AMZN,Amazon,Consumer Discretionary,True,True,True,278.0450134277344,10786313572.0,2999080701962.0,12.43,22.369,2026-08-01
AN,"AUTONATION, INC.",,False,False,True,215.55999755859375,33060806.0,7126587261.0,21.57,9.994,2026-08-01
ANAB,"AnaptysBio, Inc.",,False,True,False,54.11000061035156,29100902.0,1574649825.0,-1.02,,2026-08-01
ANDE,"The Andersons, Inc.",,False,True,True,75.19000244140625,34054056.0,2560524554.0,1.8,41.772,2026-08-01
ANET,Arista Networks,Information Technology,True,False,False,193.7449951171875,1259202593.0,243964200232.0,2.91,66.579,2026-08-01
ANGH,Anghami Inc.,,False,True,False,3.319999933242798,9064808.0,30095162.0,,,2026-08-01
ANGI,Angi Inc.,,False,True,False,6.139999866485596,,,0.42,14.619,2026-08-01
ANGO,"AngioDynamics, Inc.",,False,True,False,14.970000267028809,41332389.0,618745874.0,-0.88,,2026-08-01
ANIK,Anika Therapeutics Inc.,,False,True,False,19.600000381469727,13382966.0,262306139.0,-0.27,,2026-08-01
ANIP,"ANI Pharmaceuticals, Inc.",,False,True,False,79.94000244140625,24422240.0,1952313925.0,3.91,20.445,2026-08-01
ANIX,"Anixa Biosciences, Inc.",,False,True,False,3.384999990463257,34023063.0,115168068.0,-0.3,,2026-08-01
ANNA,"AleAnna, Inc.",,False,True,False,2.5,4589913.0,11474782.0,0.14,17.857,2026-08-01
ANNX,"Annexon, Inc.",,False,True,False,5.400000095367432,38563565.0,208243255.0,-1.2,,2026-08-01
ANPA,Rich Sparkle Holdings Limited,,False,True,False,4.050000190734863,12500000.0,50625002.0,,,2026-08-01
ANSC,Agriculture & Natural Solutions Acquisition Corporation,,False,True,False,11.449999809265137,,,,,2026-08-01
ANTA,Antalpha Platform Holding Company,,False,True,False,3.200000047683716,,,,,2026-08-01
ANTX,"AN2 Therapeutics, Inc.",,False,True,False,5.900000095367432,36016161.0,212495353.0,-1.1,,2026-08-01
ANY,Sphere 3D Corp.,,False,True,False,2.4000000953674316,4243822.0,10185173.0,-7.37,,2026-08-01
AON,Aon plc,Financials,True,False,False,353.7919921875,212125434.0,75048279888.0,18.14,19.503,2026-08-01
AOS,A. O. Smith,Industrials,True,False,False,62.564998626708984,75732188.0,4738184238.0,3.59,17.428,2026-08-01
AOSL,Alpha and Omega Semiconductor Limited,,False,True,False,33.900001525878906,29929578.0,1014612740.0,-3.59,,2026-08-01
AOUT,"American Outdoor Brands, Inc.",,False,True,False,12.630000114440918,12507120.0,157964927.0,-0.73,,2026-08-01
APA,APA Corporation,Energy,True,True,True,35.814998626708984,353470227.0,12659535695.0,4.29,8.348,2026-08-01
APAC,StoneBridge Acquisition II Corporation,,False,True,False,10.199999809265137,,,,,2026-08-01
APC,ARKO Petroleum Corp.,,False,True,False,20.450000762939453,12570223.0,257061070.0,,,2026-08-01
APD,Air Products,Materials,True,False,True,294.6000061035156,222685530.0,65603158497.0,-0.21,,2026-08-01
APEI,"American Public Education, Inc.",,False,True,False,52.83000183105469,18343488.0,969086505.0,1.89,27.952,2026-08-01
APGE,"Apogee Therapeutics, Inc.",,False,True,False,134.14999389648438,,,-4.33,,2026-08-01
APH,Amphenol,Information Technology,True,False,False,171.5,1232983457.0,211456662876.0,3.99,42.982,2026-08-01
API,"Agora, Inc.",,False,True,False,4.079999923706055,,,,,2026-08-01
APLD,Applied Digital Corporation,,False,True,False,31.700000762939453,291469112.0,9239571073.0,-0.91,,2026-08-01
APLM,Apollomics Inc.,,False,True,False,17.575000762939453,2196052.0,38595616.0,,,2026-08-01
APMC,AmperCap Acquisition Company,,False,True,False,9.90999984741211,,,,,2026-08-01
APMD,"Apnimed, Inc.",,False,True,False,26.274999618530273,,,,,2026-08-04
APO,Apollo Global Management,Financials,True,False,True,132.5050048828125,576517513.0,76391455875.0,1.59,83.336,2026-08-01
APOG,"Apogee Enterprises, Inc.",,False,True,False,42.63999938964844,20868294.0,889824043.0,3.19,13.367,2026-08-01
APP,AppLovin,Information Technology,True,True,False,415.7300109863281,,,11.64,35.716,2026-08-01
APPF,"AppFolio, Inc.",,False,True,False,196.1999969482422,,,4.38,44.795,2026-08-01
APPN,Appian Corporation,,False,True,False,28.174999237060547,,,0.02,1408.75,2026-08-01
APPS,"Digital Turbine, Inc.",,False,True,False,9.555000305175781,120661979.0,1152925246.0,-0.33,,2026-08-01
APRE,"Aprea Therapeutics, Inc.",,False,True,False,0.6011000275611877,12382776.0,7443287.0,-1.49,,2026-08-01
APTV,Aptiv,Consumer Discretionary,True,False,False,46.939998626708984,211620527.0,9933467247.0,1.69,27.775,2026-08-01
APUR,Aperture AC,,False,True,False,9.960000038146973,,,,,2026-08-01
APVO,Aptevo Therapeutics Inc.,,False,True,False,4.130000114440918,1246105.0,5146414.0,1488.13,0.003,2026-08-01
APWC,Asia Pacific Wire & Cable Corporation Limited,,False,True,False,1.600000023841858,20616227.0,32985964.0,,,2026-08-01
APXT,Apex Treasury Corporation,,False,True,False,10.099900245666504,,,,,2026-08-01
APYX,Apyx Medical Corporation,,False,True,False,4.349999904632568,41873951.0,182151683.0,-0.82,,2026-08-01
AQB,"AquaBounty Technologies, Inc.",,False,True,False,0.9049999713897705,5147204.0,4658219.0,-5.14,,2026-08-01
AQMS,"Aqua Metals, Inc.",,False,True,False,2.509999990463257,3563531.0,8944463.0,,,2026-08-01
AQST,"Aquestive Therapeutics, Inc.",,False,True,False,3.7149999141693115,125450119.0,466047181.0,-0.61,,2026-08-01
ARAI,Arrive AI Inc.,,False,True,False,0.2549000084400177,51859347.0,13218948.0,-0.51,,2026-08-01
ARAY,Accuray Incorporated,,False,True,False,0.3034000098705292,118963696.0,36093587.0,-0.29,,2026-08-01
ARBB,ARB IOT Group Limited,,False,True,False,4.146900177001953,1765256.0,7320340.0,,,2026-08-01
ARBE,Arbe Robotics Ltd.,,False,True,False,0.7358999848365784,122649743.0,90257944.0,-0.41,,2026-08-01
ARCB,ArcBest Corporation,,False,True,False,144.3300018310547,22351354.0,3225970964.0,0.7,206.186,2026-08-01
ARCC,Ares Capital Corporation,,False,True,False,19.575000762939453,718022845.0,14055297739.0,1.63,12.009,2026-08-01
ARCI,Archimedes Tech SPAC Partners III Co.,,False,True,False,10.149999618530273,35262000.0,357909287.0,,,2026-08-01
ARCL,ARC Group Acquisition I Corp,,False,True,False,9.949999809265137,,,,,2026-07-01
ARCT,Arcturus Therapeutics Holdings Inc.,,False,True,False,6.090000152587891,28423069.0,173096495.0,-2.83,,2026-08-01
ARDX,"Ardelyx, Inc.",,False,True,False,4.965000152587891,247029387.0,1226500944.0,-0.24,,2026-08-01
ARE,Alexandria Real Estate Equities,Real Estate,True,False,False,49.790000915527344,174247570.0,8675786670.0,-6.06,,2026-08-01
AREC,American Resources Corporation,,False,True,False,2.0450000762939453,106971272.0,218756259.0,-0.36,,2026-08-01
ARES,Ares Management,Financials,True,False,False,142.5399932861328,103332418.0,14729002168.0,,,2026-08-01
ARHS,"Arhaus, Inc.",,False,True,False,8.295000076293945,136946392.0,1135970332.0,0.47,17.649,2026-08-01
ARKO,ARKO Corp.,,False,True,True,7.565000057220459,112185721.0,848684986.0,0.2,37.825,2026-08-01
ARKR,Ark Restaurants Corp.,,False,True,False,5.650000095367432,3606157.0,20374787.0,-1.74,,2026-08-01
ARLP,"Alliance Resource Partners, L.P.",,False,True,False,26.149999618530273,128658801.0,3364427597.0,,,2026-08-01
ARMK,Aramark,,False,False,True,56.130001068115234,262953564.0,14759583828.0,1.34,41.888,2026-08-01
AROW,Arrow Financial Corporation,,False,True,False,40.97999954223633,16529019.0,677359191.0,3.09,13.262,2026-08-01
ARQ,"Arq, Inc.",,False,True,False,2.055000066757202,42926258.0,88213463.0,-1.29,,2026-08-01
ARQQ,Arqit Quantum Inc.,,False,True,False,21.610000610351562,11545354.0,249495107.0,,,2026-08-01
ARQT,"Arcutis Biotherapeutics, Inc.",,False,True,False,26.170000076293945,125083374.0,3273431907.0,-0.02,,2026-08-01
ARRY,"Array Technologies, Inc.",,False,True,False,5.909999847412109,153826378.0,909113871.0,-0.84,,2026-08-01
ARTC,Art Technology Acquisition Corp.,,False,True,False,9.970000267028809,,,,,2026-07-01
ARTL,"Artelo Biosciences, Inc.",,False,True,False,0.7694000005722046,2333540.0,1795426.0,-3.97,,2026-08-01
ARTNA,Artesian Resources Corporation,,False,True,False,33.9900016784668,7761699.0,263820162.0,2.25,15.107,2026-08-01
ARTV,"Artiva Biotherapeutics, Inc.",,False,True,False,11.164999961853027,24716672.0,275961642.0,-3.55,,2026-08-01
ARTW,"Art's-Way Manufacturing Co., Inc.",,False,True,False,2.319999933242798,5201386.0,12067215.0,0.25,9.28,2026-08-01
ARVN,"Arvinas, Inc.",,False,True,False,8.890000343322754,64521198.0,573593472.0,-3.18,,2026-08-01
ARW,"ARROW ELECTRONICS, INC.",,False,False,True,227.90499877929688,51133946.0,11653681901.0,13.97,16.314,2026-08-01
ARWR,"Arrowhead Pharmaceuticals, Inc.",,False,True,False,89.37000274658203,140857021.0,12588392354.0,-2.08,,2026-08-01
ARXS,"Arxis, Inc.",,False,True,False,57.400001525878906,,,,,2026-08-01
ASBP,"Aspire Biopharma Holdings, Inc.",,False,True,False,7.215000152587891,1295234.0,9345114.0,-525.5,,2026-08-01
ASLE,AerSale Corporation,,False,True,False,6.465000152587891,52990947.0,342586480.0,0.21,30.786,2026-08-01
ASMB,"Assembly Biosciences, Inc.",,False,True,False,26.163799285888672,,,0.08,327.047,2026-08-01
ASML,ASML Holding N.V.,,False,True,False,1704.3599853515625,385417665.0,656890445874.0,,,2026-08-01
ASND,Ascendis Pharma A/S,,False,True,False,245.52000427246094,61977408.0,15216693477.0,,,2026-08-01
ASO,"Academy Sports and Outdoors, Inc.",,False,True,False,48.599998474121094,62018371.0,3014092736.0,5.66,8.587,2026-08-01
ASPC,A SPAC III Acquisition Corp.,,False,True,False,10.550100326538086,,,,,2026-08-01
ASPI,ASP Isotopes Inc.,,False,True,False,4.244999885559082,125903447.0,534460118.0,-2.05,,2026-08-01
ASPS,Altisource Portfolio Solutions S.A.,,False,True,False,5.25,11420206.0,59956082.0,-0.7,,2026-08-01
ASPSW,Altisource Portfolio Solutions S.A.,,False,True,False,0.32010000944137573,,,-0.7,,2026-08-04
ASPSZ,Altisource Portfolio Solutions S.A.,,False,True,False,0.23000000417232513,11420206.0,2626647.0,-0.7,,2026-08-04
ASRV,AmeriServ Financial Inc.,,False,True,False,4.590000152587891,,,0.33,13.909,2026-08-01
ASST,"Strive, Inc.",,False,True,False,12.390000343322754,,,-15.39,,2026-08-01
ASTC,Astrotech Corporation,,False,True,False,7.329999923706055,,,,,2026-08-01
ASTE,"Astec Industries, Inc.",,False,True,False,52.29999923706055,,,1.12,46.696,2026-08-01
ASTH,Astrana Health Inc.,,False,True,False,35.79999923706055,,,0.61,58.689,2026-08-01
ASTI,"Ascent Solar Technologies, Inc",,False,True,False,3.569999933242798,,,-2.23,,2026-08-01
ASTL,Algoma Steel Group Inc.,,False,True,False,4.170000076293945,,,,,2026-08-01
ASTS,"AST SpaceMobile, Inc.",,False,True,False,70.68499755859375,,,-0.56,,2026-08-01
ASUR,Asure Software Inc,,False,True,False,8.789999961853027,,,-0.3,,2026-08-01
ASYS,"Amtech Systems, Inc.",,False,True,False,17.200000762939453,,,0.18,95.556,2026-08-01
ATAI,AtaiBeckley Inc.,,False,True,False,7.159999847412109,,,,,2026-08-01
ATCX,Atlas Critical Minerals Corporation,,False,True,False,2.740000009536743,,,,,2026-08-01
ATEC,"Alphatec Holdings, Inc.",,False,True,False,10.0600004196167,,,-0.83,,2026-08-01
ATER,"Aterian, Inc.",,False,True,False,0.4700999855995178,,,-2.7,,2026-08-01
ATEX,Anterix Inc.,,False,True,False,105.0,,,4.83,21.739,2026-08-01
ATGL,Alpha Technology Group Limited,,False,True,False,8.0,,,,,2026-08-01
ATHR,"Aether Holdings, Inc.",,False,True,False,3.6600000858306885,,,-0.41,,2026-08-01
ATII,Archimedes Tech SPAC Partners II Co.,,False,True,False,10.739999771118164,,,,,2026-08-01
ATLC,Atlanticus Holdings Corporation,,False,True,False,108.9800033569336,,,6.7,16.266,2026-08-01
ATLO,Ames National Corporation,,False,True,False,31.05500030517578,,,,,2026-08-01
ATLX,Atlas Lithium Corporation,,False,True,False,2.9549999237060547,,,-1.49,,2026-08-01
ATNI,"ATN International, Inc.",,False,True,False,24.719999313354492,,,-0.98,,2026-08-01
ATO,Atmos Energy,Utilities,True,False,False,172.97000122070312,,,8.11,21.328,2026-08-01
ATOM,Atomera Incorporated,,False,True,False,5.710000038146973,,,-0.65,,2026-08-01
ATOS,"Atossa Therapeutics, Inc.",,False,True,False,2.3157999515533447,,,-4.37,,2026-08-01
ATPC,Agape ATP Corporation,,False,True,False,2.3299999237060547,,,0.45,5.178,2026-08-01
ATRA,"Atara Biotherapeutics, Inc.",,False,True,False,8.819999694824219,,,-1.22,,2026-08-01
ATRC,"AtriCure, Inc.",,False,True,False,39.0,,,0.21,185.714,2026-08-01
ATRO,Astronics Corporation,,False,True,False,75.91999816894531,32282681.0,2450901082.0,1.18,64.339,2026-08-01
ATXG,Addentax Group Corp.,,False,True,False,3.0000998973846436,,,-0.9,,2026-08-01
ATYR,"aTyr Pharma, Inc.",,False,True,False,0.5342000126838684,,,-0.74,,2026-08-01
AUBN,"Auburn National Bancorporation, Inc.",,False,True,False,25.79010009765625,,,2.21,11.67,2026-08-01
AUC,ATIF Holdings Limited,,False,True,False,6.5,,,-0.41,,2026-08-01
AUDC,AudioCodes Ltd.,,False,True,False,10.3100004196167,,,,,2026-08-01
AUGO,Aura Minerals Inc.,,False,True,False,58.220001220703125,,,,,2026-08-01
AUID,authID Inc.,,False,True,False,0.7591000199317932,,,-1.26,,2026-08-01
AUPH,Aurinia Pharmaceuticals Inc,,False,True,False,14.994999885559082,,,2.17,6.91,2026-08-01
AUR,"Aurora Innovation, Inc.",,False,True,False,7.050000190734863,,,-0.46,,2026-08-01
AURA,"Aura Biosciences, Inc.",,False,True,False,7.195000171661377,,,-1.71,,2026-08-01
AURE,Aurelion Inc.,,False,True,False,1.8490999937057495,,,,,2026-08-01
AUUD,Auddia Inc.,,False,True,False,1.0700000524520874,,,19.0,0.056,2026-08-01
AVAH,Aveanna Healthcare Holdings Inc.,,False,True,False,9.460000038146973,,,1.21,7.818,2026-08-01
AVAT,Avalanche Treasury Corporation,,False,True,False,0.35019999742507935,,,,,2026-08-01
AVAV,"AeroVironment, Inc.",,False,True,False,169.47999572753906,,,-5.4,,2026-08-01
AVB,AvalonBay Communities,Real Estate,True,False,False,188.1999969482422,,,7.3,25.781,2026-08-01
AVBH,"Avidbank Holdings, Inc.",,False,True,False,32.900001525878906,,,-2.12,,2026-08-01
AVBP,"ArriVent BioPharma, Inc.",,False,True,False,31.18000030517578,46574928.0,1452206269.0,-3.38,,2026-08-01
AVGO,Broadcom,Information Technology,True,True,True,421.3999938964844,4757580198.0,2004844266399.0,6.01,70.116,2026-08-01
AVIR,"Atea Pharmaceuticals, Inc.",,False,True,False,4.646299839019775,,,-2.11,,2026-08-01
AVLN,Avalyn Pharma Inc.,,False,True,False,30.90999984741211,44333095.0,1370335960.0,,,2026-08-01
AVNW,"Aviat Networks, Inc.",,False,True,False,21.709999084472656,12939463.0,280915730.0,0.71,30.577,2026-08-01
AVO,"Mission Produce, Inc.",,False,True,False,12.699999809265137,88319807.0,1121661532.0,0.33,38.485,2026-08-01
AVPT,"AvePoint, Inc.",,False,True,False,13.520000457763672,212017196.0,2866472587.0,0.2,67.6,2026-08-01
AVR,Anteris Technologies Global Corp.,,False,True,False,8.279999732971191,97342203.0,805993415.0,-2.22,,2026-08-01
AVT,"Avnet, Inc.",,False,True,True,93.48999786376953,82024081.0,7668431157.0,2.59,36.097,2026-08-01
AVTR,"Avantor, Inc.",,False,False,True,13.675000190734863,682755402.0,9336680253.0,-0.81,,2026-08-01
AVTX,"Avalo Therapeutics, Inc.",,False,True,False,18.020000457763672,52565572.0,947231632.0,-5.57,,2026-08-01
AVX,Avax One Technology Ltd.,,False,True,False,3.0899999141693115,92441312.0,285643646.0,7.94,0.389,2026-08-01
AVXL,Anavex Life Sciences Corp.,,False,True,False,3.25,92671758.0,301183214.0,-0.46,,2026-08-01
AVY,Avery Dennison,Materials,True,False,True,173.25999450683594,76490385.0,13252723685.0,8.88,19.511,2026-08-01
AWK,American Water Works,Utilities,True,False,False,133.4600067138672,198728989.0,26522372206.0,5.77,23.13,2026-08-01
AWRE,"Aware, Inc.",,False,True,False,1.2799999713897705,21812637.0,27920175.0,-0.4,,2026-08-01
AXG,Solowin Holdings,,False,True,False,2.9700000286102295,15500000.0,46035000.0,,,2026-08-01
AXGN,"Axogen, Inc.",,False,True,False,45.79999923706055,53761513.0,2462277254.0,-0.68,,2026-08-01
AXIN,Axiom Intelligence Acquisition Corp 1,,False,True,False,10.274999618530273,,,,,2026-08-01
AXON,Axon Enterprise,Industrials,True,True,False,600.0150146484375,80602077.0,48362456412.0,2.48,241.942,2026-08-01
AXP,American Express,Financials,True,False,True,347.3800048828125,675309833.0,234589133085.0,16.47,21.092,2026-08-01
AXSM,"Axsome Therapeutics, Inc.",,False,True,False,212.0,51459766.0,10909470392.0,-3.72,,2026-08-01
AXTI,AXT Inc,,False,True,False,66.33000183105469,65423184.0,4339519915.0,-0.32,,2026-08-01
AYA,Aya Gold & Silver Inc.,,False,True,False,22.90999984741211,,,,,2026-08-01
AYTU,"Aytu BioPharma, Inc.",,False,True,False,2.2300000190734863,10733208.0,23935054.0,-1.45,,2026-08-01
AZ,A2Z Cust2Mate Solutions Corp.,,False,True,False,6.100800037384033,43888042.0,267752168.0,,,2026-08-01
AZI,Autozi Internet Technology (Global) Ltd.,,False,True,False,1.1399999856948853,,,,,2026-08-01
AZIO,"Azio AI Holdings, Inc.",,False,True,False,1.475000023841858,12930719.0,19072811.0,-0.18,,2026-08-01
AZO,AutoZone,Consumer Discretionary,True,False,True,3023.139892578125,16325355.0,49353831961.0,145.44,20.786,2026-08-01
AZTA,"Azenta, Inc.",,False,True,False,30.020000457763672,46092804.0,1383705997.0,-3.77,,2026-08-01
BA,Boeing,Industrials,True,False,True,236.61000061035156,790370020.0,187009450915.0,2.78,85.112,2026-08-01
BAC,Bank of America,Financials,True,False,False,63.20500183105469,6992748365.0,441976673214.0,4.34,14.563,2026-08-01
BACC,Blue Acquisition Corp.,,False,True,False,10.479999542236328,,,,,2026-08-01
BAER,"Bridger Aerospace Group Holdings, Inc.",,False,True,False,1.7961000204086304,57637641.0,103522968.0,-0.7,,2026-08-01
BAFN,BayFirst Financial Corp.,,False,True,False,6.300000190734863,4108072.0,25880854.0,-7.24,,2026-08-01
BAH,Booz Allen Hamilton Holding Corp,,False,False,True,72.78500366210938,120284973.0,8754942200.0,6.37,11.426,2026-08-01
BALL,Ball Corporation,Materials,True,False,True,63.2400016784668,264703357.0,16739840741.0,3.51,18.017,2026-08-01
BAND,Bandwidth Inc.,,False,True,False,45.68000030517578,,,-0.38,,2026-08-01
BANF,BancFirst Corporation,,False,True,False,114.94499969482422,33586387.0,3860587243.0,7.3,15.746,2026-08-01
BANFP,BancFirst Corporation,,False,True,False,27.450000762939453,33586387.0,921946349.0,7.3,3.76,2026-08-01
BANL,CBL International Limited,,False,True,False,4.300899982452393,27500000.0,118274750.0,,,2026-08-01
BANR,Banner Corporation,,False,True,False,72.3550033569336,33967943.0,2457750630.0,5.94,12.181,2026-08-01
BANX,ArrowMark Financial Corp.,,False,True,False,20.469999313354492,,,,,2026-08-01
BAOS,Baosheng Media Group Holdings Limited,,False,True,False,0.5849999785423279,1534487.0,897675.0,,,2026-08-01
BATRA,"Atlanta Braves Holdings, Inc.",,False,True,False,54.7599983215332,,,-0.34,,2026-08-01
BATRK,"Atlanta Braves Holdings, Inc.",,False,True,False,51.2599983215332,,,-0.34,,2026-08-01
BAX,Baxter International,Health Care,True,False,True,27.665000915527344,516995999.0,14302694786.0,-2.09,,2026-08-01
BBBY,"BED BATH & BEYOND, INC.",,False,False,True,5.59499979019165,73938495.0,413685864.0,-0.91,,2026-08-01
BBCP,"Concrete Pumping Holdings, Inc.",,False,True,False,9.829999923706055,50393420.0,495367315.0,0.14,70.214,2026-08-01
BBCQ,Bleichroeder Acquisition Corp. II,,False,True,False,10.229900360107422,,,,,2026-08-01
BBGI,"Beasley Broadcast Group, Inc.",,False,True,False,24.889999389648438,,,-106.0,,2026-08-01
BBIO,"BridgeBio Pharma, Inc.",,False,True,False,82.01499938964844,195861242.0,16063559643.0,-3.74,,2026-08-01
BBLG,Bone Biologics Corp,,False,True,False,0.9700000286102295,1795260.0,1741402.0,-1.16,,2026-08-01
BBNX,"Beta Bionics, Inc.",,False,True,False,13.819999694824219,44989688.0,621757474.0,-1.51,,2026-08-01
BBOT,"BridgeBio Oncology Therapeutics, Inc.",,False,True,False,8.71500015258789,80107104.0,698133424.0,-2143.55,,2026-08-01
BBSI,"Barrett Business Services, Inc.",,False,True,False,39.70000076293945,24559649.0,975018084.0,1.53,25.948,2026-08-01
BBWI,"Bath & Body Works, Inc.",,False,False,True,20.854999542236328,201561812.0,4203571497.0,3.52,5.925,2026-08-01
BBY,Best Buy,Consumer Discretionary,True,False,True,86.58000183105469,210767126.0,18248218155.0,5.4,16.033,2026-08-01
BCAB,"BioAtla, Inc.",,False,True,False,3.4000000953674316,32315301.0,109872026.0,7.93,0.429,2026-08-01
BCAL,California BanCorp,,False,True,False,21.649999618530273,32164824.0,696368427.0,1.83,11.831,2026-08-01
BCAR,D. Boral ARC Acquisition I Corp.,,False,True,False,4.420000076293945,,,,,2026-08-01
BCAX,Bicara Therapeutics Inc.,,False,True,False,26.329999923706055,65703866.0,1729982787.0,-2.77,,2026-08-01
BCBP,"BCB Bancorp, Inc. (NJ)",,False,True,False,9.164999961853027,17363157.0,159133333.0,-0.07,,2026-08-01
BCC,BOISE CASCADE Co,,False,False,True,87.69000244140625,34891351.0,3059622654.0,2.96,29.625,2026-08-01
BCCQ,Bleichroeder Acquisition Corp. III,,False,True,False,9.930000305175781,,,,,2026-08-03
BCDA,"BioCardia, Inc.",,False,True,False,0.8901000022888184,11374724.0,10124642.0,,,2026-08-01
BCG,"Binah Capital Group, Inc.",,False,True,False,1.5099999904632568,16810131.0,25383298.0,0.09,16.778,2026-08-01
BCIC,BCP Investment Corporation,,False,True,False,7.329999923706055,12377481.0,90726935.0,0.23,31.87,2026-08-01
BCML,BayCom Corp,,False,True,False,30.90999984741211,10909317.0,337206987.0,2.42,12.773,2026-08-01
BCPC,Balchem Corporation,,False,True,False,176.1824951171875,31878021.0,5616349279.0,5.09,34.613,2026-08-01
BCRX,"BioCryst Pharmaceuticals, Inc.",,False,True,False,8.930000305175781,254162660.0,2269672631.0,-1.77,,2026-08-01
BCTX,BriaCell Therapeutics Corp.,,False,True,False,3.3350000381469727,8699787.0,29013790.0,2.29,1.456,2026-08-01
BDCI,BTC Development Corp.,,False,True,False,10.09000015258789,,,,,2026-08-01
BDMD,Baird Medical Investment Holdings Ltd,,False,True,False,1.0800000429153442,40979382.0,44257734.0,,,2026-08-01
BDSX,"Biodesix, Inc.",,False,True,False,22.489999771118164,10108580.0,227341962.0,-3.96,,2026-08-01
BDTX,"Black Diamond Therapeutics, Inc.",,False,True,False,1.7799999713897705,57301774.0,101997156.0,-0.75,,2026-08-01
BDX,Becton Dickinson,Health Care,True,False,True,169.03500366210938,275540427.0,46575977087.0,3.94,42.902,2026-08-01
BEAG,Bold Eagle Acquisition Corp.,,False,True,False,10.670000076293945,,,,,2026-08-01
BEAM,Beam Therapeutics Inc.,,False,True,False,27.809999465942383,103287665.0,2872429908.0,-0.67,,2026-08-01
BEAT,"Heartbeam, Inc.",,False,True,False,0.4999000132083893,55506835.0,27747868.0,-0.56,,2026-08-01
BEEM,Beam Global,,False,True,False,1.1549999713897705,22201586.0,25642831.0,-1.91,,2026-08-01
BEEP,Mobile Infrastructure Corporation,,False,True,False,1.7799999713897705,41200000.0,73335999.0,,,2026-08-01
BELFA,Bel Fuse Inc.,,False,True,False,244.75,2174912.0,532309712.0,,,2026-08-01
BELFB,Bel Fuse Inc.,,False,True,False,303.0299987792969,2174912.0,659063581.0,,,2026-08-01
BEN,Franklin Resources,Financials,True,False,True,35.78499984741211,508076910.0,18181532147.0,1.47,24.344,2026-08-01
BENF,Beneficient,,False,True,False,3.2799999713897705,,,,,2026-08-01
BETR,Better Home & Finance Holding Company,,False,True,False,16.3799991607666,,,-11.76,,2026-08-01
BF-B,Brown–Forman,Consumer Staples,True,False,False,28.295000076293945,,,1.53,18.493,2026-08-01
BFC,Bank First Corporation,,False,True,False,156.55499267578125,11163169.0,1747649841.0,7.19,21.774,2026-08-01
BFRG,"Bullfrog AI Holdings, Inc.",,False,True,False,0.6176999807357788,18541651.0,11453177.0,-0.54,,2026-08-01
BFRI,Biofrontera Inc.,,False,True,False,1.2300000190734863,12803344.0,15748113.0,-0.98,,2026-08-01
BFST,"Business First Bancshares, Inc.",,False,True,False,32.20000076293945,32549883.0,1048106257.0,2.82,11.418,2026-08-01
BG,Bunge Global,Consumer Staples,True,False,False,107.94999694824219,194018115.0,20944254922.0,4.29,25.163,2026-08-01
BGC,"BGC Group, Inc.",,False,True,False,11.324999809265137,,,0.37,30.608,2026-08-01
BGDE,"Big Digital Energy, Inc.",,False,True,False,6.324999809265137,5521252.0,34921918.0,-19.66,,2026-08-01
BGIN,Bgin Blockchain Limited,,False,True,False,1.8107999563217163,113135941.0,204866557.0,,,2026-08-01
BGL,Blue Gold Limited,,False,True,False,0.19609999656677246,,,,,2026-08-01
BGLC,BioNexus Gene Lab Corp,,False,True,False,1.5,2417314.0,3625971.0,-1.31,,2026-08-01
BGM,BGM Group Ltd.,,False,True,False,0.298799991607666,35750000.0,10682100.0,,,2026-08-01
BGMS,"Bio Green Med Solution, Inc.",,False,True,False,0.9700000286102295,5519456.0,5353872.0,-6.49,,2026-08-01
BHAV,BHAV Acquisition Corp,,False,True,False,9.989999771118164,,,,,2026-08-01
BHF,"Brighthouse Financial, Inc.",,False,True,True,62.625,57445785.0,3597542286.0,-3.07,,2026-08-01
BHRB,Burke & Herbert Financial Services Corp.,,False,True,False,74.9000015258789,20149806.0,1509220500.0,7.71,9.715,2026-08-01
BHST,BioHarvest Sciences Inc.,,False,True,False,2.2049999237060547,22666842.0,49980385.0,,,2026-08-01
BIAF,"bioAffinity Technologies, Inc.",,False,True,False,0.5570999979972839,4534906.0,2526396.0,-4.67,,2026-08-01
BID,Tribeca Strategic Acquisition Corp.,,False,True,False,9.84000015258789,,,,,2026-08-04
BIIB,Biogen,Health Care,True,True,True,207.55999755859375,147637117.0,30643559644.0,9.3,22.318,2026-08-01
BIOA,"BioAge Labs, Inc.",,False,True,False,11.270000457763672,44452734.0,500982333.0,-2.4,,2026-08-01
BIOT,Instinct Bio Technical Company Holdings Inc.,,False,True,False,0.41780000925064087,,,,,2026-08-04
BIOX,Bioceres Crop Solutions Corp.,,False,True,False,0.36469998955726624,63228239.0,23059338.0,,,2026-08-01
BIRD,"Smartbird, Inc.",,False,True,False,2.2699999809265137,,,-9.11,,2026-08-01
BIVI,BioVie Inc.,,False,True,False,1.8200000524520874,7541839.0,13726147.0,-1.51,,2026-08-01
BIXI,Bitcoin Infrastructure Acquisition Corp Ltd.,,False,True,False,10.029999732971191,,,,,2026-08-01
BIYA,Baiya International Group Inc.,,False,True,False,2.881200075149536,1185835.0,3416628.0,,,2026-08-01
BJ,"BJ's Wholesale Club Holdings, Inc.",,False,False,True,97.19499969482422,127693987.0,12411217027.0,4.35,22.344,2026-08-01
BJDX,"Bluejay Diagnostics, Inc.",,False,True,False,0.9993000030517578,1034715.0,1033991.0,-3.74,,2026-08-01
BJRI,"BJ's Restaurants, Inc.",,False,True,False,67.58000183105469,21273765.0,1437681078.0,1.88,35.947,2026-08-01
BKHA,Black Hawk Acquisition Corporation,,False,True,False,11.779999732971191,4153577.0,48929136.0,,,2026-07-01
BKNG,Booking Holdings,Consumer Discretionary,True,True,True,193.125,774878436.0,149648397952.0,166.53,1.16,2026-08-01
BKR,Baker Hughes,Energy,True,True,True,61.529998779296875,992674071.0,61079234377.0,-0.61,,2026-08-01
BKYI,"BIO-key International, Inc.",,False,True,False,3.9649999141693115,1085360.0,4303452.0,,,2026-08-01
BL,"BlackLine, Inc.",,False,True,False,32.810001373291016,58660917.0,1924664767.0,0.42,78.119,2026-08-01
BLBD,Blue Bird Corporation,,False,True,False,77.19999694824219,31646589.0,2443116574.0,4.07,18.968,2026-08-01
BLDP,"Ballard Power Systems, Inc.",,False,True,False,2.7750000953674316,300784816.0,834677893.0,,,2026-08-01
BLDR,Builders FirstSource,Industrials,True,False,True,74.21499633789062,107596457.0,7985270662.0,0.92,80.668,2026-08-01
BLFS,"BioLife Solutions, Inc.",,False,True,False,32.209999084472656,48857415.0,1573697292.0,-0.08,,2026-08-01
BLIN,"Bridgeline Digital, Inc.",,False,True,False,1.190000057220459,12599879.0,14993857.0,-0.14,,2026-08-01
BLIV,BeLive Holdings,,False,True,False,2.359999895095825,10864802.0,25640932.0,,,2026-08-01
BLK,BlackRock,Financials,True,False,True,1137.0150146484375,,,39.73,28.619,2026-08-01
BLKB,"Blackbaud, Inc.",,False,True,False,44.869998931884766,45390097.0,2036653604.0,3.19,14.066,2026-08-01
BLLN,"BillionToOne, Inc.",,False,True,False,143.35000610351562,,,-1.42,,2026-08-01
BLMN,"Bloomin' Brands, Inc.",,False,True,False,8.789999961853027,85614287.0,752549579.0,0.25,35.16,2026-08-01
BLNE,"Beeline Holdings, Inc.",,False,True,False,1.0111000537872314,31178713.0,31524798.0,3.73,0.271,2026-08-01
BLNK,Blink Charging Co.,,False,True,False,0.5609999895095825,143682259.0,80605746.0,-0.64,,2026-08-01
BLRK,Bluerock Acquisition Corp.,,False,True,False,10.0600004196167,,,,,2026-08-01
BLUW,Blue Water Acquisition Corp. III,,False,True,False,10.350000381469727,,,,,2026-08-01
BLUWU,Blue Water Acquisition Corp. III,,False,True,False,10.5,,,,,2026-08-01
BLUWW,Blue Water Acquisition Corp. III,,False,True,False,0.3449999988079071,,,,,2026-08-03
BLZE,"Backblaze, Inc.",,False,True,False,20.655000686645508,61900000.0,1278544543.0,-0.34,,2026-08-01
BLZR,Trailblazer Acquisition Corp.,,False,True,False,10.15999984741211,,,,,2026-08-01
BMBL,Bumble Inc.,,False,True,False,3.184999942779541,119799036.0,381559923.0,-5.74,,2026-08-01
BMEA,"Biomea Fusion, Inc.",,False,True,False,1.2450000047683716,72299440.0,90012803.0,-0.55,,2026-08-01
BMGL,Basel Medical Group Ltd,,False,True,False,5.670100212097168,18785750.0,106517085.0,,,2026-08-01
BMHL,Bluemount Holdings Limited,,False,True,False,5.590000152587891,25000000.0,139750004.0,,,2026-08-01
BMM,Blue Moon Metals Inc.,,False,True,False,5.590000152587891,,,,,2026-08-01
BMR,Beamr Imaging Ltd.,,False,True,False,1.350000023841858,15529854.0,20965303.0,,,2026-08-01
BMRA,"Biomerica, Inc.",,False,True,False,1.5199999809265137,3090269.0,4697209.0,-1.88,,2026-08-01
BMRC,Bank of Marin Bancorp,,False,True,False,29.610000610351562,16189707.0,479377234.0,-2.02,,2026-08-01
BMRN,BioMarin Pharmaceutical Inc.,,False,True,False,60.48500061035156,193284438.0,11690809350.0,1.39,43.514,2026-08-01
BMY,Bristol Myers Squibb,Health Care,True,False,True,65.95999908447266,2042714656.0,134737456840.0,4.55,14.497,2026-08-01
BNAI,Brand Engagement Network Inc.,,False,True,False,13.300100326538086,,,-1.58,,2026-08-01
BNC,CEA Industries Inc.,,False,True,False,2.490000009536743,41263850.0,102746987.0,406.1,0.006,2026-08-01
BNGO,"Bionano Genomics, Inc.",,False,True,False,1.125,11475000.0,12909375.0,-4.46,,2026-08-01
BNKK,"Bonk, Inc.",,False,True,False,1.0499999523162842,,,-0.41,,2026-08-01
BNRG,Brenmiller Energy Ltd,,False,True,False,0.4219000041484833,,,,,2026-08-01
BNTC,Benitec Biopharma Inc.,,False,True,False,12.489999771118164,,,-0.93,,2026-08-01
BNY,BNY Mellon,Financials,True,False,True,157.99000549316406,,,8.58,18.414,2026-08-01
BNZI,"Banzai International, Inc.",,False,True,False,1.940000057220459,,,12.73,0.152,2026-08-01
BODI,"The Beachbody Company, Inc.",,False,True,False,10.710000038146973,,,0.73,14.671,2026-08-01
BOF,BranchOut Food Inc.,,False,True,False,4.224999904632568,,,-0.58,,2026-08-01
BOKF,BOK Financial Corporation,,False,True,False,145.0500030517578,60766867.0,8814234244.0,10.62,13.658,2026-08-01
BOLD,"Boundless Bio, Inc.",,False,True,False,2.6700000762939453,,,-2.49,,2026-08-01
BOLT,"Bolt Biotherapeutics, Inc.",,False,True,False,4.099999904632568,,,-16.4,,2026-08-01
BON,Bon Natural Life Limited,,False,True,False,1.100000023841858,,,,,2026-08-01
BOOM,DMC Global Inc.,,False,True,False,7.275000095367432,,,-0.94,,2026-08-01
BOSC,B.O.S. Better Online Solutions,,False,True,False,4.599999904632568,,,,,2026-08-01
BOT,"RoboStrategy, Inc.",,False,True,False,28.200000762939453,,,,,2026-08-01
BOTJ,"Bank of the James Financial Group, Inc.",,False,True,False,26.969999313354492,,,2.41,11.191,2026-08-01
BOXL,Boxlight Corporation,,False,True,False,3.4000000953674316,4001707.0,13605804.0,-33.54,,2026-08-01
BPAC,Blueport Acquisition Ltd,,False,True,False,10.149999618530273,,,,,2026-08-01
BPOP,"Popular, Inc.",,False,True,False,176.47999572753906,64537709.0,11389614609.0,13.52,13.053,2026-08-01
BPOPM,"Popular, Inc.",,False,True,False,25.165000915527344,,,13.52,1.861,2026-08-01
BPRN,"Princeton Bancorp, Inc.",,False,True,False,42.6150016784668,,,2.85,14.953,2026-08-01
BPYPM,Brookfield Property Partners L.P.,,False,True,False,16.0,435979195.0,6975667120.0,,,2026-08-01
BPYPN,Brookfield Property Partners L.P.,,False,True,False,13.914999961853027,,,,,2026-08-01
BPYPO,Brookfield Property Partners L.P.,,False,True,False,15.250100135803223,435979195.0,6648726381.0,,,2026-08-01
BPYPP,Brookfield Property Partners L.P.,,False,True,False,16.020000457763672,435979195.0,6984386903.0,,,2026-08-01
BR,Broadridge Financial Solutions,Industrials,True,False,False,168.51499938964844,114021798.0,19214383220.0,9.6,17.554,2026-08-01
BRAG,Bragg Gaming Group Inc.,,False,True,False,1.7050000429153442,25553293.0,43568366.0,,,2026-08-01
BRAI,Braiin Limited,,False,True,False,5.650000095367432,,,,,2026-08-01
BRBI,BRBI BR Partners S.A.,,False,True,False,11.449999809265137,200546184.0,2296253769.0,,,2026-07-01
BRCB,"Black Rock Coffee Bar, Inc.",,False,True,False,7.920000076293945,,,,,2026-08-01
BREZ,Breeze Acquisition Corp. II,,False,True,False,9.960000038146973,,,,,2026-07-01
BRFH,Barfresh Food Group Inc.,,False,True,False,1.75,16143501.0,28251127.0,-0.16,,2026-08-01
BRID,Bridgford Foods Corporation,,False,True,False,6.400000095367432,9076832.0,58091726.0,,,2026-08-01
BRK-B,Berkshire Hathaway,Financials,True,False,True,516.1099853515625,941481.0,485907745.0,,,2026-08-01
BRKH,Burtech Acquisition Corp II,,False,True,False,9.9399995803833,,,,,2026-08-03
BRKR,Bruker Corporation,,False,True,False,51.2400016784668,151719365.0,7774100517.0,-0.24,,2026-08-01
BRLS,Borealis Foods Inc.,,False,True,False,0.9409999847412109,21463306.0,20196971.0,-0.85,,2026-08-01
BRLT,"Brilliant Earth Group, Inc.",,False,True,False,1.059999942779541,9583332.0,10158331.0,-0.32,,2026-08-01
BRO,Brown & Brown,Financials,True,False,False,70.93499755859375,334610357.0,23735584857.0,3.13,22.663,2026-08-01
BRR,"ProCap Financial, Inc.",,False,True,False,1.7949999570846558,90573524.0,162579472.0,,,2026-08-01
BRRWW,"ProCap Financial, Inc.",,False,True,False,0.20100000500679016,90573524.0,18205279.0,,,2026-08-01
BRTX,"BioRestorative Therapies, Inc.",,False,True,False,0.2160000056028366,25478170.0,5503285.0,-1.06,,2026-08-01
BRUN,Boost Run Inc.,,False,True,False,22.200000762939453,,,,,2026-08-01
BRZE,"Braze, Inc.",,False,True,False,26.274999618530273,112631669.0,2959397060.0,-1.12,,2026-08-01
BSAA,BEST SPAC I Acquisition Corp.,,False,True,False,11.75,,,,,2026-08-01
BSBK,Bogota Financial Corp.,,False,True,False,9.147700309753418,12854400.0,117588199.0,0.17,53.81,2026-08-01
BSET,"Bassett Furniture Industries, Incorporated",,False,True,False,19.889999389648438,8658269.0,172212965.0,0.64,31.078,2026-08-01
BSIN,Big Sky Industrial Inc.,,False,True,False,1.179900050163269,52320429.0,61732877.0,-0.77,,2026-08-01
BSP,Bending Spoons S.p.A.,,False,True,False,36.650001525878906,,,,,2026-08-01
BSRR,Sierra Bancorp,,False,True,False,40.66749954223633,12963397.0,527188942.0,3.41,11.926,2026-08-01
BSVN,Bank7 Corp.,,False,True,False,50.75,9519335.0,483106251.0,4.67,10.867,2026-08-01
BSX,Boston Scientific,Health Care,True,False,True,48.68000030517578,1449229526.0,70548493768.0,2.47,19.709,2026-08-01
BSY,"Bentley Systems, Incorporated",,False,True,False,35.93000030517578,,,0.87,41.299,2026-08-01
BTAI,"BioXcel Therapeutics, Inc.",,False,True,False,0.879800021648407,30877605.0,27166118.0,-4.77,,2026-08-01
BTBD,"BT Brands, Inc.",,False,True,False,1.2300000190734863,6184724.0,7607211.0,-0.06,,2026-08-01
BTBT,"Bit Digital, Inc.",,False,True,False,1.3949999809265137,349190420.0,487120629.0,-0.44,,2026-08-01
BTCS,BTCS Inc.,,False,True,False,1.065000057220459,49775371.0,53010773.0,-1.57,,2026-08-01
BTCT,BTC Digital Ltd.,,False,True,False,0.5663999915122986,9516975.0,5390415.0,-0.66,,2026-08-01
BTDR,Bitdeer Technologies Group,,False,True,False,11.835000038146973,235552084.0,2787758923.0,,,2026-08-01
BTMD,Biote Corp.,,False,True,False,2.2899999618530273,,,0.43,5.326,2026-08-01
BTOC,Armlogi Holding Corp.,,False,True,False,0.2752000093460083,45443079.0,12505936.0,-0.47,,2026-08-01
BTOG,Bit Origin Limited,,False,True,False,0.7777000069618225,58211111.0,45270781.0,,,2026-08-01
BTQ,BTQ Technologies Corp.,,False,True,False,3.990000009536743,,,,,2026-08-01
BTSG,"BrightSpring Health Services, Inc.",,False,True,False,63.14500045776367,197864241.0,12494137589.0,1.65,38.27,2026-08-01
BTSGU,"BrightSpring Health Services, Inc.",,False,True,False,209.08999633789062,197864241.0,41371433426.0,1.65,126.721,2026-08-01
BTTC,Black Titan Corp,,False,True,False,0.7639999985694885,7723620.0,5900846.0,,,2026-08-01
BULL,Webull Corporation,,False,True,False,7.46999979019165,,,,,2026-08-01
BURL,"Burlington Stores, Inc.",,False,False,True,368.4599914550781,62942206.0,23191684685.0,9.72,37.907,2026-08-01
BUSE,First Busey Corporation,,False,True,False,31.625,84577160.0,2674752685.0,2.43,13.014,2026-08-01
BUUU,BUUU Group Limited,,False,True,False,22.59000015258789,,,,,2026-08-01
BVC,BitVentures Limited,,False,True,False,11.199999809265137,159750000.0,1789199970.0,,,2026-08-01
BVFL,"BV Financial, Inc.",,False,True,False,21.424999237060547,8658965.0,185518319.0,1.35,15.87,2026-08-01
BVS,Bioventus Inc.,,False,True,False,13.330400466918945,,,0.41,32.513,2026-08-01
BWA,BORGWARNER INC,,False,False,True,62.98099899291992,205114941.0,12918343893.0,1.72,36.617,2026-08-01
BWB,"Bridgewater Bancshares, Inc.",,False,True,False,21.135000228881836,27883823.0,589324605.0,1.83,11.549,2026-08-01
BWEN,"Broadwind, Inc.",,False,True,False,5.105000019073486,23404116.0,119478013.0,0.23,22.196,2026-08-01
BWFG,"Bankwell Financial Group, Inc.",,False,True,False,67.62000274658203,7973180.0,539146453.0,4.99,13.551,2026-08-01
BWIN,"The Baldwin Insurance Group, Inc.",,False,True,False,28.049999237060547,33988164.0,953367974.0,-1.05,,2026-08-01
BWMN,Bowman Consulting Group Ltd.,,False,True,False,27.59000015258789,17507734.0,483038384.0,0.62,44.5,2026-08-01
BX,Blackstone Inc.,Financials,True,False,True,137.02999877929688,742879807.0,101796819046.0,3.9,35.136,2026-08-01
BXBL,"BOXABL, Inc.",,False,True,False,4.563199996948242,10295800.0,46981795.0,,,2026-08-01
BXP,"BXP, Inc.",Real Estate,True,False,False,70.41000366210938,159477391.0,11228803684.0,1.99,35.382,2026-08-01
BYAH,"Park Ha Biological Technology Co., Ltd.",,False,True,False,0.33570000529289246,25000000.0,8392500.0,,,2026-08-01
BYFC,Broadway Financial Corporation,,False,True,False,10.890000343322754,6145451.0,66923963.0,-2.79,,2026-08-01
BYND,"Beyond Meat, Inc.",,False,True,False,0.6301000118255615,515342392.0,324717247.0,-1.09,,2026-08-01
BYRN,"Byrna Technologies, Inc.",,False,True,False,4.835000038146973,22693356.0,109722377.0,-0.18,,2026-08-01
BYSI,"BeyondSpring, Inc.",,False,True,False,1.0,41119820.0,41119820.0,,,2026-08-01
BZ,KANZHUN LIMITED,,False,True,False,16.434999465942383,,,,,2026-08-01
BZAI,"Blaize Holdings, Inc.",,False,True,False,0.9799000024795532,142299461.0,139439242.0,-0.56,,2026-08-01
BZFD,"BuzzFeed, Inc.",,False,True,False,1.225000023841858,,,-1.6,,2026-08-01
C,Citigroup,Financials,True,False,True,136.97000122070312,1749319009.0,239604226798.0,6.99,19.595,2026-08-01
CAAS,"China Automotive Systems, Inc.",,False,True,False,4.359399795532227,30170702.0,131526152.0,,,2026-08-01
CABA,"Cabaletta Bio, Inc.",,False,True,False,2.7750000953674316,163054796.0,452477074.0,-1.78,,2026-08-01
CABR,"Caring Brands, Inc.",,False,True,False,1.5700000524520874,9091506.0,14273665.0,-0.46,,2026-08-01
CAC,Camden National Corporation,,False,True,False,59.814998626708984,16914680.0,1011751561.0,4.7,12.727,2026-08-01
CACC,Credit Acceptance Corporation,,False,True,False,584.8900146484375,10460071.0,6117991080.0,40.12,14.579,2026-08-01
CADL,"Candel Therapeutics, Inc.",,False,True,False,10.399999618530273,73270239.0,762010458.0,-0.99,,2026-08-01
CAE,CAE Inc,,False,True,False,26.729999542236328,320265108.0,8560686190.0,,,2026-08-01
CAES,"Cantor Equity Partners VII, Inc.",,False,True,False,10.085000038146973,,,,,2026-08-01
CAG,CONAGRA BRANDS INC.,,False,False,True,14.9350004196167,478565642.0,7147378064.0,-4.0,,2026-08-01
CAH,Cardinal Health,Health Care,True,False,True,233.35000610351562,235316016.0,54910993770.0,7.6,30.704,2026-08-01
CAI,"Caris Life Sciences, Inc.",,False,True,False,16.280000686645508,282680695.0,4602041909.0,0.35,46.514,2026-08-01
CAII,Collective Acquisition Corp. II,,False,True,False,9.949999809265137,,,,,2026-08-01
CAKE,The Cheesecake Factory Incorporated,,False,True,False,104.33000183105469,49760634.0,5191527036.0,3.68,28.351,2026-08-01
CALC,"CalciMedica, Inc.",,False,True,False,0.7919999957084656,15798031.0,12512040.0,-1.31,,2026-08-01
CALM,"Cal-Maine Foods, Inc.",,False,True,False,85.0199966430664,46917080.0,3988889984.0,6.63,12.824,2026-08-01
CAMP,CAMP4 Therapeutics Corporation,,False,True,False,4.099999904632568,51925800.0,212895775.0,-2.35,,2026-08-01
CAMT,Camtek Ltd.,,False,True,False,150.19000244140625,45828133.0,6882927407.0,,,2026-08-01
CAPN,Cayson Acquisition Corp,,False,True,False,11.100000381469727,5288092.0,58697823.0,,,2026-07-01
CAPR,"Capricor Therapeutics, Inc.",,False,True,False,4.195000171661377,57911893.0,242940401.0,-2.32,,2026-08-01
CAPS,Capstone Holding Corp.,,False,True,False,0.25540000200271606,12625905.0,3224656.0,-8.15,,2026-08-01
CAQ,Cambridge Acquisition Corp.,,False,True,False,9.920000076293945,,,,,2026-07-01
CAR,"Avis Budget Group, Inc.",,False,True,True,140.1649932861328,35324986.0,4951326426.0,-18.91,,2026-08-01
CARE,"Carter Bankshares, Inc.",,False,True,False,36.029300689697266,22222010.0,800643480.0,4.87,7.398,2026-08-01
CARG,"CarGurus, Inc.",,False,True,False,37.08000183105469,,,1.52,24.395,2026-08-01
CARL,"Carlsmed, Inc.",,False,True,False,13.289999961853027,27184933.0,361287759.0,-0.97,,2026-08-01
CARR,Carrier Global,Industrials,True,False,True,65.66000366210938,830580423.0,54535913616.0,1.53,42.915,2026-08-01
CART,Maplebear Inc.,,False,True,False,45.83000183105469,235029814.0,10771416806.0,1.8,25.461,2026-08-01
CASH,"Pathward Financial, Inc.",,False,True,False,90.03500366210938,21110034.0,1900641988.0,8.42,10.693,2026-08-01
CASS,"Cass Information Systems, Inc",,False,True,False,56.974998474121094,12871149.0,733333695.0,2.62,21.746,2026-08-01
CAST,"FreeCast, Inc.",,False,True,False,1.215000033378601,,,-0.37,,2026-08-01
CASY,Casey's,Consumer Staples,True,True,False,862.04248046875,37004914.0,31899807854.0,19.16,44.992,2026-08-01
CAT,Caterpillar Inc.,Industrials,True,False,True,884.9000244140625,460637026.0,407617715553.0,20.08,44.069,2026-08-01
CATY,Cathay General Bancorp,,False,True,False,64.79000091552734,67035475.0,4343228487.0,4.85,13.359,2026-08-01
CB,Chubb Limited,Financials,True,False,False,347.6700134277344,387860106.0,134847328261.0,28.27,12.298,2026-08-01
CBAT,CBAK Energy Technology Limited,,False,True,False,0.49619999527931213,,,,,2026-08-01
CBC,"Central Bancompany, Inc.",,False,True,False,33.43000030517578,239768162.0,8015449729.0,,,2026-08-01
CBFV,"CB Financial Services, Inc.",,False,True,False,37.349998474121094,5072611.0,189462013.0,1.3,28.731,2026-08-01
CBIO,"Crescent Biopharma, Inc.",,False,True,False,15.84000015258789,37143940.0,588360015.0,-0.59,,2026-08-01
CBK,"Commercial Bancgroup, Inc.",,False,True,False,35.150001525878906,13701269.0,481599626.0,2.93,11.997,2026-08-01
CBLL,"CeriBell, Inc.",,False,True,False,18.25,37942700.0,692454275.0,-1.62,,2026-08-01
CBNK,"Capital Bancorp, Inc.",,False,True,False,38.17499923706055,16288055.0,621796487.0,3.32,11.498,2026-08-01
CBOE,Cboe Global Markets,Financials,True,False,False,291.989990234375,104431019.0,30492812218.0,12.83,22.758,2026-08-01
CBRE,CBRE Group,Real Estate,True,False,True,150.47000122070312,289575298.0,43572395444.0,4.35,34.591,2026-08-01
CBRL,"Cracker Barrel Old Country Store, Inc.",,False,True,False,56.36000061035156,22351460.0,1259728299.0,1.15,49.009,2026-08-01
CBRS,Cerebras Systems Inc.,,False,True,False,223.25999450683594,,,,,2026-08-01
CBSH,"Commerce Bancshares, Inc.",,False,True,False,60.33000183105469,145777158.0,8794736209.0,4.07,14.823,2026-08-01
CBUS,"Cibus, Inc.",,False,True,False,1.9800000190734863,4973687.0,9847900.0,-1.77,,2026-08-01
CCAP,"Crescent Capital BDC, Inc.",,False,True,False,11.53499984741211,36845952.0,425018051.0,1.78,6.48,2026-08-01
CCAQ,Collective Acquisition Corp.,,False,True,False,10.430000305175781,,,,,2026-08-01
CCB,Coastal Financial Corporation,,False,True,False,44.650001525878906,15248808.0,680859300.0,3.21,13.91,2026-08-01
CCBG,Capital City Bank Group,,False,True,False,52.959999084472656,17101409.0,905690605.0,3.53,15.003,2026-08-01
CCC,CCC Intelligent Solutions Holdings Inc.,,False,True,False,6.224999904632568,588994704.0,3666491976.0,0.07,88.929,2026-08-01
CCCC,"C4 Therapeutics, Inc.",,False,True,False,3.5899999141693115,110567222.0,396936317.0,-1.1,,2026-08-01
CCCT,Columbus Circle Capital Corp III,,False,True,False,9.800000190734863,,,,,2026-08-03
CCD,Calamos Dynamic Convertible & Income Fund,,False,True,False,25.780000686645508,,,,,2026-08-01
CCEC,Capital Clean Energy Carriers Corp.,,False,True,False,22.770000457763672,59487853.0,1354538440.0,,,2026-08-01
CCEP,Coca-Cola Europacific Partners plc,,False,True,False,105.94999694824219,449086551.0,47580718708.0,,,2026-08-01
CCG,Cheche Group Inc.,,False,True,False,14.130000114440918,,,,,2026-08-01
CCHH,CCH Holdings Ltd,,False,True,False,1.3300000429153442,,,,,2026-08-01
CCI,Crown Castle,Real Estate,True,False,False,77.77999877929688,436451983.0,33947234705.0,2.42,32.14,2026-08-01
CCII,Cohen Circle Acquisition Corp. II,,False,True,False,10.329999923706055,,,,,2026-08-01
CCK,"CROWN HOLDINGS, INC.",,False,False,True,121.05000305175781,108760511.0,13165460188.0,6.96,17.392,2026-08-01
CCL,Carnival Corporation,Consumer Discretionary,True,False,False,29.604999542236328,1369649119.0,40548461541.0,2.24,13.217,2026-08-01
CCLD,"CareCloud, Inc.",,False,True,False,2.598900079727173,42492949.0,110434929.0,0.13,19.992,2026-08-01
CCNE,CNB Financial Corporation,,False,True,False,35.900001525878906,29629013.0,1063681612.0,2.84,12.641,2026-08-01
CCOI,"Cogent Communications Holdings, Inc.",,False,True,False,13.420000076293945,50077663.0,672042241.0,-3.54,,2026-08-01
CCSI,"Consensus Cloud Solutions, Inc.",,False,True,False,38.38679885864258,18397950.0,706238406.0,4.58,8.381,2026-08-01
CCTG,CCSC Technology International Holdings Limited,,False,True,False,0.6700999736785889,11581250.0,7760595.0,,,2026-08-01
CCXI,Churchill Capital Corp XI,,False,True,False,15.600000381469727,,,,,2026-08-01
CD,Chaince Digital Holdings Inc.,,False,True,False,3.059999942779541,79443800.0,243098023.0,,,2026-08-01
CDIO,Cardio Diagnostics Holdings Inc.,,False,True,False,1.7117999792099,2959469.0,5066019.0,-3.37,,2026-08-01
CDLX,"Cardlytics, Inc.",,False,True,False,4.105000019073486,57605677.0,236471305.0,-1.94,,2026-08-01
CDNA,"CareDx, Inc.",,False,True,False,47.869998931884766,,,2.07,23.126,2026-08-01
CDNL,Cardinal Infrastructure Group Inc.,,False,True,False,64.90499877929688,,,,,2026-08-01
CDNS,Cadence Design Systems,Information Technology,True,True,False,341.739990234375,,,4.29,79.66,2026-08-01
CDRO,"Codere Online Luxembourg, S.A.",,False,True,False,9.15999984741211,45249812.0,414488271.0,,,2026-08-01
CDT,CDT Equity Inc.,,False,True,False,3.130000114440918,6310778.0,19752736.0,2486.82,0.001,2026-08-01
CDTG,CDT Environmental Technology Investment Holdings Limited,,False,True,False,1.100000023841858,13525000.0,14877500.0,,,2026-08-01
CDW,CDW Corporation,Information Technology,True,True,True,150.95750427246094,,,8.21,18.387,2026-08-01
CDXS,"Codexis, Inc.",,False,True,False,1.465000033378601,,,-0.35,,2026-08-01
CDZI,"Cadiz, Inc.",,False,True,False,3.0999999046325684,84086286.0,260667479.0,,,2026-08-01
CE,Celanese Corp,,False,False,True,45.06999969482422,,,-10.02,,2026-08-01
CECO,CECO Environmental Corp.,,False,True,False,70.49500274658203,,,0.38,185.513,2026-08-01
CEG,Constellation Energy,Utilities,True,True,True,265.82000732421875,,,11.51,23.095,2026-08-01
CELC,Celcuity Inc.,,False,True,False,92.80999755859375,,,-3.9,,2026-08-01
CELH,"Celsius Holdings, Inc.",,False,True,False,29.420000076293945,,,0.43,68.419,2026-08-01
CELU,Celularity Inc.,,False,True,False,0.7300000190734863,,,-3.59,,2026-08-01
CELZ,"Creative Medical Technology Holdings, Inc.",,False,True,False,0.6552000045776367,,,-2.07,,2026-08-01
CENN,Cenntro Inc.,,False,True,False,3.4191999435424805,,,-14.35,,2026-08-01
CENT,Central Garden & Pet Company,,False,True,False,44.084999084472656,,,2.75,16.031,2026-08-01
CENTA,Central Garden & Pet Company,,False,True,False,38.68000030517578,,,2.75,14.065,2026-08-01
CENX,Century Aluminum Company,,False,True,False,47.32500076293945,,,3.36,14.085,2026-08-01
CEPF,"Cantor Equity Partners IV, Inc.",,False,True,False,10.40999984741211,,,,,2026-08-01
CEPL,"Capstone Energy Plus, Inc.",,False,True,False,8.390000343322754,,,-3.21,,2026-08-04
CEPO,"Cantor Equity Partners I, Inc.",,False,True,False,10.65999984741211,,,,,2026-08-01
CEPS,"Cantor Equity Partners VI, Inc.",,False,True,False,10.399999618530273,,,,,2026-07-01
CEPV,"Cantor Equity Partners V, Inc.",,False,True,False,10.369999885559082,,,,,2026-08-01
CERS,Cerus Corporation,,False,True,False,2.1050000190734863,201524898.0,424209914.0,-0.03,,2026-08-01
CERT,"Certara, Inc.",,False,True,False,7.704999923706055,,,-0.45,,2026-08-01
CETX,Cemtrex Inc.,,False,True,False,2.759999990463257,11121834.0,30696262.0,145.68,0.019,2026-08-01
CETY,"Clean Energy Technologies, Inc.",,False,True,False,0.9100000262260437,12166106.0,11071157.0,-1.39,,2026-08-01
CEVA,"CEVA, Inc.",,False,True,False,36.279998779296875,27859369.0,1010737873.0,-1.14,,2026-08-01
CF,CF Industries,Materials,True,False,True,117.98500061035156,153629274.0,18125949987.0,11.1,10.629,2026-08-01
CFBK,CF Bankshares Inc.,,False,True,False,35.779998779296875,5316573.0,190226975.0,2.78,12.871,2026-08-01
CFFI,C&F Financial Corporation,,False,True,False,83.75,3254362.0,272552818.0,8.71,9.615,2026-08-01
CFFN,"Capitol Federal Financial, Inc.",,False,True,False,9.229999542236328,126769827.0,1170085445.0,0.6,15.383,2026-08-01
CFG,Citizens Financial Group,Financials,True,False,False,74.02999877929688,421176788.0,31179717102.0,4.6,16.093,2026-08-01
CG,The Carlyle Group Inc.,,False,True,False,50.58000183105469,359974427.0,18207507177.0,1.46,34.644,2026-08-01
CGBD,"Carlyle Secured Lending, Inc.",,False,True,False,10.520000457763672,69497128.0,731109818.0,0.7,15.029,2026-08-01
CGC,Canopy Growth Corporation,,False,True,False,0.9305999875068665,422154892.0,392857337.0,-0.88,,2026-08-01
CGEM,"Cullinan Therapeutics, Inc.",,False,True,False,17.450000762939453,61458046.0,1072442950.0,-2.84,,2026-08-01
CGEN,Compugen Ltd.,,False,True,False,2.3299999237060547,94553191.0,220308928.0,,,2026-08-01
CGNT,Cognyte Software Ltd.,,False,True,False,9.3149995803833,73078376.0,680725042.0,,,2026-08-01
CGNX,Cognex Corporation,,False,True,False,71.67500305175781,166419451.0,11928114658.0,0.85,84.324,2026-08-01
CGO,Calamos Global Total Return Fund,,False,True,False,13.026100158691406,,,,,2026-08-01
CGON,"CG Oncology, Inc.",,False,True,False,71.58000183105469,88202473.0,6313533179.0,-2.34,,2026-08-01
CGTL,Creative Global Technology Holdings Limited,,False,True,False,4.090000152587891,21437500.0,87679378.0,,,2026-08-01
CGTX,"Cognition Therapeutics, Inc.",,False,True,False,0.9848999977111816,89498015.0,88146595.0,-0.23,,2026-08-01
CHAI,"Core AI Holdings, Inc.",,False,True,False,0.3691999912261963,19922402.0,7355351.0,,,2026-08-01
CHAR,Charlton Aria Acquisition Corporation,,False,True,False,10.899999618530273,,,,,2026-07-01
CHCI,"Comstock Holding Companies, Inc.",,False,True,False,15.100000381469727,8296212.0,125272804.0,1.67,9.042,2026-08-01
CHCO,City Holding Company,,False,True,False,146.3300018310547,14111166.0,2064886947.0,9.07,16.133,2026-08-01
CHD,Church & Dwight,Consumer Staples,True,False,False,102.66000366210938,237203907.0,24351353961.0,3.11,33.01,2026-08-01
CHDN,"Churchill Downs, Incorporated",,False,True,False,86.72000122070312,69700243.0,6044405158.0,5.86,14.799,2026-08-01
CHEC,Chenghe Acquisition III Co.,,False,True,False,10.199999809265137,,,,,2026-08-01
CHEF,"The Chefs' Warehouse, Inc.",,False,True,False,109.41500091552734,40777629.0,4461684314.0,1.83,59.79,2026-08-01
CHGA,Change Agents Corporation,,False,True,False,0.21140000224113464,12047651.0,2546873.0,-4.71,,2026-08-01
CHI,Calamos Convertible Opportunities and Income Fund,,False,True,False,13.0,,,,,2026-08-01
CHKP,Check Point Software Technologies Ltd.,,False,True,False,123.70999908447266,105596035.0,13063285393.0,,,2026-08-01
CHMG,Chemung Financial Corp,,False,True,False,83.19000244140625,4819820.0,400960838.0,3.79,21.95,2026-08-01
CHNR,"China Natural Resources, Inc.",,False,True,False,3.6698999404907227,1256388.0,4610818.0,,,2026-08-01
CHPG,ChampionsGate Acquisition Corporation,,False,True,False,10.420000076293945,,,,,2026-07-01
CHR,"Cheer Holding, Inc.",,False,True,False,1.993299961090088,10070012.0,20072555.0,,,2026-08-01
CHRD,Chord Energy Corporation,,False,True,False,137.1699981689453,56299183.0,7722558829.0,-1.02,,2026-08-01
CHRN,ChronoScale Holdings Corporation,,False,True,False,24.700000762939453,3563381.0,88015513.0,-5.11,,2026-08-01
CHRS,"Coherus Oncology, Inc.",,False,True,False,1.4900000095367432,154249900.0,229832352.0,1.64,0.909,2026-08-01
CHRW,C.H. Robinson,Industrials,True,True,True,153.77999877929688,116851258.0,17969386313.0,5.24,29.347,2026-08-01
CHSCP,CHS INC,,False,False,True,26.79010009765625,,,,,2026-08-01
CHSN,Chanson International Holding,,False,True,False,1.0700000524520874,,,,,2026-08-01
CHTR,Charter Communications,Communication Services,True,True,False,150.88499450683594,270927828.0,40878943840.0,38.44,3.925,2026-08-01
CHW,Calamos Global Dynamic Income Fund,,False,True,False,8.4399995803833,,,,,2026-08-01
CHWY,"Chewy, Inc.",,False,False,True,23.924999237060547,,,0.6,39.875,2026-08-01
CHY,Calamos Convertible and High Income Fund,,False,True,False,12.90999984741211,,,,,2026-08-01
CHYM,"Chime Financial, Inc.",,False,True,False,24.739999771118164,,,-4.14,,2026-08-01
CI,Cigna,Health Care,True,False,True,273.4100036621094,264240486.0,72245992245.0,24.17,11.312,2026-08-01
CIEN,Ciena,Information Technology,True,False,False,415.0299987792969,141552922.0,58748709045.0,3.0,138.343,2026-08-01
CIFR,Cipher Digital Inc.,,False,True,False,21.7549991607666,415030722.0,9028993009.0,-2.85,,2026-08-01
CIGI,Colliers International Group Inc.,,False,True,False,98.58999633789062,30070104.0,2964611443.0,,,2026-08-01
CIGL,Concorde International Group Ltd,,False,True,False,0.628000020980835,,,,,2026-08-01
CIIT,"Tianci International, Inc.",,False,True,False,3.742300033569336,9673907.0,36202662.0,-0.06,,2026-08-01
CINF,Cincinnati Financial,Financials,True,True,False,179.3300018310547,153478045.0,27523218091.0,21.2,8.459,2026-08-01
CING,Cingulate Inc.,,False,True,False,4.994999885559082,13276022.0,66313728.0,-4.33,,2026-08-01
CIRC,"Circle8 Group, Inc.",,False,True,False,0.6898999810218811,81293032.0,56084061.0,-1.32,,2026-08-01
CISO,"CISO Global, Inc.",,False,True,False,0.26019999384880066,45313337.0,11790530.0,-0.08,,2026-08-01
CISS,C3is Inc.,,False,True,False,0.08659999817609787,,,,,2026-08-01
CIVB,"Civista Bancshares, Inc.",,False,True,False,29.229999542236328,20783348.0,607497253.0,2.7,10.826,2026-08-01
CJMB,Callan JMB Inc.,,False,True,False,1.4550000429153442,5646118.0,8215102.0,-1.55,,2026-08-01
CL,Colgate-Palmolive,Consumer Staples,True,False,True,92.0,797172829.0,73339900268.0,2.53,36.364,2026-08-01
CLAR,Clarus Corporation,,False,True,False,3.319999933242798,38441486.0,127625731.0,-1.16,,2026-08-01
CLBK,"Columbia Financial, Inc.",,False,True,False,10.739999771118164,100.0,1074.0,,,2026-08-01
CLBT,Cellebrite DI Ltd.,,False,True,False,15.710000038146973,249439817.0,3918699535.0,,,2026-08-01
CLDX,"Celldex Therapeutics, Inc.",,False,True,False,39.0099983215332,78492072.0,3061975597.0,-4.27,,2026-08-01
CLF,CLEVELAND-CLIFFS INC.,,False,False,True,12.062899589538574,570540047.0,6882367299.0,-1.59,,2026-08-01
CLFD,"Clearfield, Inc.",,False,True,False,33.970001220703125,13589460.0,461633973.0,-0.62,,2026-08-01
CLGN,CollPlant Biotechnologies Ltd.,,False,True,False,0.30000001192092896,12803006.0,3840902.0,0.75,0.4,2026-08-01
CLIK,Click Holdings Limited,,False,True,False,1.409999966621399,,,,,2026-08-01
CLIR,ClearSign Technologies Corporation,,False,True,False,4.0,5412633.0,21650532.0,-1.01,,2026-08-01
CLMB,"Climb Global Solutions, Inc.",,False,True,False,26.969999313354492,18660639.0,503277421.0,4.59,5.876,2026-08-01
CLMT,"Calumet, Inc",,False,True,False,41.7599983215332,87147147.0,3639264712.0,-2.16,,2026-08-01
CLNE,Clean Energy Fuels Corp.,,False,True,False,1.8700000047683716,220224634.0,411820067.0,-0.47,,2026-08-01
CLNN,Clene Inc.,,False,True,False,5.269700050354004,12778307.0,67337845.0,0.13,40.536,2026-08-01
CLOV,"Clover Health Investments, Corp.",,False,True,False,4.315000057220459,,,-0.12,,2026-08-01
CLPS,CLPS Incorporation,,False,True,False,0.8543999791145325,29743452.0,25412805.0,,,2026-08-01
CLPT,ClearPoint Neuro Inc.,,False,True,False,12.949999809265137,30504227.0,395029734.0,-1.17,,2026-08-01
CLRB,"Cellectar Biosciences, Inc.",,False,True,False,2.5999999046325684,7991812.0,20778710.0,-5.38,,2026-08-01
CLRO,"ClearOne, Inc.",,False,True,False,3.990000009536743,2675412.0,10674894.0,-13.24,,2026-08-01
CLSK,"CleanSpark, Inc.",,False,True,False,14.479999542236328,256608606.0,3715692497.0,-2.09,,2026-08-01
CLST,"Catalyst Bancorp, Inc.",,False,True,False,17.489999771118164,4051896.0,70867660.0,0.55,31.8,2026-08-01
CLWT,Euro Tech Holdings Company Limited,,False,True,False,1.4700000286102295,7447012.0,10947108.0,,,2026-08-01
CLX,Clorox,Consumer Staples,True,False,False,103.48999786376953,120921351.0,12514150357.0,6.16,16.8,2026-08-01
CLYM,"Climb Bio, Inc.",,False,True,False,12.5600004196167,57260523.0,719192193.0,-0.77,,2026-08-01
CMC,COMMERCIAL METALS Co,,False,False,True,72.70999908447266,110624335.0,8043495297.0,5.29,13.745,2026-08-01
CMCO,Columbus McKinnon Corporation,,False,True,False,21.520000457763672,28864244.0,621158544.0,-9.38,,2026-08-01
CMCSA,Comcast,Communication Services,True,True,True,24.739999771118164,2063073161.0,51040429531.0,3.11,7.955,2026-08-01
CMCT,Creative Media,,False,True,False,4.369999885559082,2639158.0,11533120.0,1845.4,0.002,2026-08-01
CME,CME Group,Financials,True,True,False,262.8399963378906,66643583.0,17516599112.0,11.79,22.293,2026-08-01
CMG,Chipotle Mexican Grill,Consumer Discretionary,True,False,True,34.095001220703125,1265418000.0,43144428255.0,1.09,31.28,2026-08-01
CMI,Cummins,Industrials,True,False,True,630.3699951171875,137664487.0,86779561998.0,19.55,32.244,2026-08-01
CMII,Columbus Circle Capital Corp II,,False,True,False,10.020000457763672,,,,,2026-08-01
CMND,Clearmind Medicine Inc.,,False,True,False,1.75600004196167,158076.0,277581.0,,,2026-08-01
CMPR,Cimpress plc,,False,True,False,102.5,24232090.0,2483789225.0,1.85,55.405,2026-08-01
CMPS,COMPASS Pathways Plc,,False,True,False,11.699999809265137,134949320.0,1578907018.0,-3.14,,2026-08-01
CMPX,"Compass Therapeutics, Inc.",,False,True,False,1.9800000190734863,180087915.0,356574075.0,,,2026-08-01
CMRC,"Commerce.com, Inc.",,False,True,False,3.244999885559082,82512244.0,267752222.0,-0.19,,2026-08-01
CMS,CMS Energy,Utilities,True,False,True,71.62999725341797,313577136.0,22461529390.0,3.33,21.511,2026-08-01
CMTL,Comtech Telecommunications Corp.,,False,True,False,1.6950000524520874,29961431.0,50784627.0,-2.23,,2026-08-01
CMTV,Community Bancorp.,,False,True,False,40.40999984741211,5591253.0,225942533.0,3.17,12.748,2026-08-01
CNC,Centene Corporation,Health Care,True,False,True,64.38999938964844,493995000.0,31808337748.0,-10.35,,2026-08-01
CNCK,Coincheck Group N.V.,,False,True,False,2.1500000953674316,162983725.0,350415024.0,,,2026-08-01
CNDT,Conduent Incorporated,,False,True,False,1.7450000047683716,155096814.0,270643941.0,-1.04,,2026-08-01
CNET,ZW Data Action Technologies Inc.,,False,True,False,1.4800000190734863,3668429.0,5429275.0,,,2026-08-01
CNEY,CN Energy Group Inc.,,False,True,False,0.6004999876022339,4988337.0,2995496.0,,,2026-08-01
CNOB,"ConnectOne Bancorp, Inc.",,False,True,False,33.97999954223633,50288494.0,1708803003.0,1.73,19.642,2026-08-01
CNP,CenterPoint Energy,Utilities,True,False,True,41.54499816894531,654169480.0,27177469849.0,1.63,25.488,2026-08-01
CNSP,"CNS Pharmaceuticals, Inc.",,False,True,False,5.349999904632568,1461449.0,7818752.0,-24.12,,2026-08-01
CNSY,"Cerenome, Inc.",,False,True,False,3.994999885559082,,,,,2026-08-04
CNTB,Connect Biopharma Holdings Limited,,False,True,False,2.115000009536743,62963853.0,133168550.0,-1.15,,2026-08-01
CNTN,"Canton Strategic Holdings, Inc.",,False,True,False,1.8949999809265137,69804880.0,132280246.0,-0.36,,2026-08-01
CNTX,Context Therapeutics Inc.,,False,True,False,0.6305999755859375,91879177.0,57939007.0,-0.42,,2026-08-01
CNTY,"Century Casinos, Inc.",,False,True,False,1.2450000047683716,28171856.0,35073961.0,-1.95,,2026-08-01
CNVS,Cineverse Corp.,,False,True,False,2.630000114440918,23417021.0,61586768.0,-0.49,,2026-08-01
CNXC,Concentrix Corporation,,False,True,False,25.31999969482422,61018350.0,1544984603.0,-20.84,,2026-08-01
CNXN,"PC Connection, Inc.",,False,True,False,87.8759994506836,25238099.0,2217823174.0,3.78,23.248,2026-08-01
CNXU,Conexeu Sciences Inc.,,False,True,False,8.9399995803833,26758330.0,239219459.0,,,2026-08-01
COAG,"Hemab Therapeutics Holdings, Inc.",,False,True,False,46.88999938964844,46705410.0,2190016646.0,,,2026-08-01
COCH,"Envoy Medical, Inc.",,False,True,False,0.7063999772071838,76881110.0,54308814.0,-1.02,,2026-08-01
COCO,"The Vita Coco Company, Inc.",,False,True,False,65.37999725341797,57397082.0,3752621064.0,1.82,35.923,2026-08-01
COCP,"Cocrystal Pharma, Inc.",,False,True,False,1.0099999904632568,13787453.0,13925327.0,-0.72,,2026-08-01
CODA,"Coda Octopus Group, Inc.",,False,True,False,10.449999809265137,11280754.0,117883877.0,0.44,23.75,2026-08-01
CODX,"Co-Diagnostics, Inc.",,False,True,False,1.5449999570846558,3602465.0,5565808.0,-32.26,,2026-08-01
COF,Capital One,Financials,True,False,True,222.17999267578125,622292783.0,138261005969.0,3.92,56.679,2026-08-01
COFS,"ChoiceOne Financial Services, Inc.",,False,True,False,34.529998779296875,14975035.0,517087940.0,4.21,8.202,2026-08-01
COGT,"Cogent Biosciences, Inc.",,False,True,False,42.68000030517578,170868004.0,7292646463.0,-2.17,,2026-08-01
COHR,Coherent Corp.,Information Technology,True,False,False,332.5450134277344,195639321.0,65058880629.0,2.11,157.604,2026-08-01
COHU,"Cohu, Inc.",,False,True,False,52.665000915527344,47338433.0,2493078617.0,-0.83,,2026-08-01
COIN,Coinbase,Financials,True,True,False,151.4499969482422,,,-3.78,,2026-08-01
COKE,"Coca-Cola Consolidated, Inc.",,False,True,False,177.64999389648438,7141447.0,1268678016.0,,,2026-08-01
COLA,Columbus Acquisition Corp,,False,True,False,10.675000190734863,4494439.0,47978137.0,,,2026-08-01
COLB,"Columbia Banking System, Inc.",,False,True,False,32.05500030517578,289490366.0,9279613770.0,2.55,12.571,2026-08-01
COLL,"Collegium Pharmaceutical, Inc.",,False,True,False,35.529998779296875,32433779.0,1152372128.0,2.04,17.417,2026-08-01
COLM,Columbia Sportswear Company,,False,True,False,57.540000915527344,51140792.0,2942641219.0,3.14,18.325,2026-08-01
COO,Cooper Companies (The),Health Care,True,True,False,74.38999938964844,195030630.0,14508328447.0,1.17,63.581,2026-08-01
COOT,Australian Oilseeds Holdings Limited,,False,True,False,0.4000999927520752,27898538.0,11162205.0,,,2026-08-01
COP,ConocoPhillips,Energy,True,False,True,118.26000213623047,1218294007.0,144075451870.0,5.9,20.044,2026-08-01
COR,Cencora,Health Care,True,False,True,305.09100341796875,194561060.0,59358829021.0,13.05,23.379,2026-08-01
CORT,Corcept Therapeutics Incorporated,,False,True,False,111.01000213623047,108098397.0,12000003282.0,0.42,264.31,2026-08-01
CORZ,"Core Scientific, Inc.",,False,True,False,23.139999389648438,321340441.0,7435817609.0,-6.46,,2026-08-01
CORZW,"Core Scientific, Inc.",,False,True,False,16.360000610351562,321340441.0,5257129811.0,-6.46,,2026-08-04
CORZZ,"Core Scientific, Inc.",,False,True,False,22.68000030517578,321340441.0,7288001300.0,-6.46,,2026-08-03
COSM,Cosmos Health Inc.,,False,True,False,0.2231999933719635,54428491.0,12148439.0,-0.66,,2026-08-01
COST,Costco,Consumer Staples,True,True,False,945.9299926757812,443478804.0,419499901820.0,19.88,47.582,2026-08-01
COYA,"Coya Therapeutics, Inc.",,False,True,False,4.610000133514404,23457183.0,108137617.0,-1.15,,2026-08-01
CPAY,Corpay,Financials,True,False,False,394.69000244140625,65361919.0,25797695970.0,16.7,23.634,2026-08-01
CPB,The Campbell's Company,,False,True,False,22.764999389648438,298206243.0,6788664940.0,2.03,11.214,2026-08-01
CPBI,"Central Plains Bancshares, Inc.",,False,True,False,20.450000762939453,4182777.0,85537793.0,1.05,19.476,2026-08-01
CPHC,Canterbury Park Holding Corporation,,False,True,False,15.274999618530273,5150334.0,78671350.0,-0.01,,2026-08-01
CPIX,Cumberland Pharmaceuticals Inc.,,False,True,False,7.514999866485596,14983107.0,112598047.0,-0.49,,2026-08-01
CPNG,"Coupang, Inc.",,False,False,True,16.684999465942383,,,-0.1,,2026-08-01
CPOP,"Pop Culture Group Co., Ltd",,False,True,False,0.3474000096321106,,,,,2026-08-01
CPRT,Copart,Industrials,True,True,False,29.209999084472656,925811482.0,27042952542.0,1.6,18.256,2026-08-01
CPSH,CPS Technologies Corp.,,False,True,False,4.239999771118164,18006963.0,76349519.0,,,2026-08-01
CPSS,"Consumer Portfolio Services, Inc.",,False,True,False,9.220000267028809,21698565.0,200060775.0,0.85,10.847,2026-08-01
CPT,Camden Property Trust,Real Estate,True,False,False,110.58499908447266,100539350.0,11118143928.0,3.02,36.618,2026-08-01
CPZ,Calamos Long/Short Equity & Dynamic Income Trust,,False,True,False,13.470000267028809,,,,,2026-08-01
CRAC,Crown Reserve Acquisition Corp. I,,False,True,False,10.15149974822998,,,,,2026-08-01
CRAI,"CRA International,Inc.",,False,True,False,181.22500610351562,6463038.0,1171264101.0,7.83,23.145,2026-08-01
CRAN,Crane Harbor Acquisition Corp. II,,False,True,False,10.140000343322754,,,,,2026-08-01
CRAQ,Cal Redwood Acquisition Corp.,,False,True,False,10.350000381469727,,,,,2026-07-01
CRBP,"Corbus Pharmaceuticals Holdings, Inc.",,False,True,False,9.399999618530273,18527795.0,174161266.0,-5.74,,2026-08-01
CRBU,"Caribou Biosciences, Inc.",,False,True,False,1.559999942779541,99180575.0,154721691.0,-1.42,,2026-08-01
CRCT,"Cricut, Inc.",,False,True,False,4.894999980926514,,,0.34,14.397,2026-08-01
CRDF,"Cardiff Oncology, Inc.",,False,True,False,0.9294000267982483,68369896.0,63542983.0,-0.67,,2026-08-01
CRDL,Cardiol Therapeutics Inc.,,False,True,False,1.3598999977111816,100257009.0,136339506.0,,,2026-08-01
CRDO,Credo Technology Group Holding Ltd,,False,True,False,240.64999389648438,186477898.0,44875905016.0,2.51,95.876,2026-08-01
CRE,Cre8 Enterprise Limited,,False,True,False,2.690000057220459,,,,,2026-08-01
CREX,"Creative Realities, Inc.",,False,True,False,3.180000066757202,10567268.0,33603913.0,-0.88,,2026-08-01
CRGO,Freightos Limited,,False,True,False,1.340000033378601,51376890.0,68845034.0,,,2026-08-01
CRH,CRH plc,Materials,True,False,False,98.87000274658203,665284511.0,65776681430.0,5.66,17.468,2026-08-01
CRIS,"Curis, Inc.",,False,True,False,4.626399993896484,38978693.0,180331025.0,-0.58,,2026-08-01
CRL,Charles River Laboratories,Health Care,True,False,False,235.3300018310547,48167730.0,11335311989.0,-3.71,,2026-08-01
CRM,Salesforce,Information Technology,True,False,True,189.8300018310547,819000000.0,155470771500.0,8.63,21.997,2026-08-01
CRMD,CorMedix Inc.,,False,True,False,7.519999980926514,78451891.0,589958219.0,2.17,3.465,2026-08-01
CRML,Critical Metals Corp.,,False,True,False,6.839900016784668,104912853.0,717593425.0,,,2026-08-01
CRMT,"America's Car-Mart, Inc.",,False,True,False,3.3299999237060547,8327329.0,27730005.0,-16.79,,2026-08-01
CRNC,Cerence Inc.,,False,True,False,9.350000381469727,45187809.0,422506031.0,-0.4,,2026-08-01
CRNT,Ceragon Networks Ltd.,,False,True,False,2.2750000953674316,88392925.0,201093913.0,,,2026-08-01
CRNX,"Crinetics Pharmaceuticals, Inc.",,False,True,False,83.91500091552734,106065229.0,8900463789.0,-5.05,,2026-08-01
CRON,Cronos Group Inc.,,False,True,False,2.809999942779541,373662039.0,1049990308.0,0.0,4.049636702468178e+17,2026-08-01
CROX,"Crocs, Inc.",,False,True,False,139.78500366210938,47945075.0,6702002484.0,11.33,12.338,2026-08-01
CRSP,CRISPR Therapeutics AG,,False,True,False,52.45000076293945,96692653.0,5071529724.0,-4.71,,2026-08-01
CRSR,"Corsair Gaming, Inc.",,False,True,False,11.295000076293945,106882211.0,1207234581.0,0.09,125.5,2026-08-01
CRTO,Criteo S.A.,,False,True,False,22.540000915527344,50244527.0,1132511685.0,2.41,9.353,2026-08-01
CRUS,"Cirrus Logic, Inc.",,False,True,False,133.58999633789062,50582893.0,6757368491.0,7.85,17.018,2026-08-01
CRVL,CorVel Corp.,,False,True,False,59.73500061035156,50691185.0,3028037967.0,2.14,27.914,2026-08-01
CRVO,CervoMed Inc.,,False,True,False,2.799799919128418,9258719.0,25922561.0,-189601396.95,,2026-08-01
CRVS,"Corvus Pharmaceuticals, Inc.",,False,True,False,13.960000038146973,84090424.0,1173902322.0,-0.55,,2026-08-01
CRWD,CrowdStrike,Information Technology,True,True,False,210.0800018310547,254564820.0,53478977852.0,-0.12,,2026-08-01
CRWS,"Crown Crafts, Inc.",,False,True,False,2.9800000190734863,10760287.0,32065655.0,,,2026-08-01
CRWV,"CoreWeave, Inc.",,False,True,False,93.52999877929688,,,-2.72,,2026-08-01
CSAI,"Cloudastructure, Inc.",,False,True,False,3.8896000385284424,,,,,2026-08-01
CSBR,"Champions Oncology, Inc.",,False,True,False,5.460000038146973,13893569.0,75858887.0,-0.08,,2026-08-01
CSCO,Cisco,Information Technology,True,True,True,121.2300033569336,3941434665.0,477820137669.0,3.01,40.276,2026-08-01
CSGP,CoStar Group,Real Estate,True,True,False,29.905000686645508,405197588.0,12117434147.0,0.2,149.525,2026-08-01
CSHR,CoinShares PLC,,False,True,False,5.244999885559082,131780209.0,691187181.0,,,2026-08-01
CSIQ,Canadian Solar Inc.,,False,True,False,15.880000114440918,67810136.0,1076824967.0,,,2026-08-01
CSPI,CSP Inc.,,False,True,False,8.3149995803833,10071847.0,83747404.0,-0.01,,2026-08-01
CSQ,Calamos Strategic Total Return Fund,,False,True,False,20.79010009765625,,,,,2026-08-01
CSTE,Caesarstone Ltd.,,False,True,False,2.2799999713897705,34573899.0,78828489.0,,,2026-08-01
CSTL,"Castle Biosciences, Inc.",,False,True,False,31.700000762939453,30549507.0,968419395.0,-0.64,,2026-08-01
CSWC,Capital Southwest Corporation,,False,True,False,24.65999984741211,63733867.0,1571677150.0,1.81,13.624,2026-08-01
CSX,CSX Corporation,Industrials,True,True,True,50.71500015258789,1852474917.0,93948265698.0,1.73,29.315,2026-08-01
CTAA,ClearThink 1 Acquisition Corp.,,False,True,False,9.920000076293945,12515000.0,124148801.0,,,2026-07-01
CTAS,Cintas,Industrials,True,True,True,203.5850067138672,400087119.0,81451738808.0,4.73,43.041,2026-08-01
CTBI,"Community Trust Bancorp, Inc.",,False,True,False,79.55500030517578,18163721.0,1445014830.0,5.71,13.933,2026-08-01
CTKB,"Cytek Biosciences, Inc.",,False,True,False,4.255000114440918,129142587.0,549501722.0,-0.58,,2026-08-01
CTMX,"CytomX Therapeutics, Inc.",,False,True,False,3.2950000762939453,217702919.0,717331135.0,-0.52,,2026-08-01
CTNM,"Contineum Therapeutics, Inc.",,False,True,False,15.380000114440918,23099173.0,355265283.0,-2.03,,2026-08-01
CTNT,Cheetah Net Supply Chain Service Inc.,,False,True,False,1.899999976158142,36177712.0,68737652.0,41.19,0.046,2026-08-01
CTOR,"Citius Oncology, Inc.",,False,True,False,0.6773999929428101,92981204.0,62985467.0,-0.47,,2026-08-01
CTRM,Castor Maritime Inc.,,False,True,False,2.081199884414673,9662354.0,20109290.0,,,2026-08-01
CTRN,"Citi Trends, Inc.",,False,True,False,72.75,8329848.0,605996442.0,1.43,50.874,2026-08-01
CTSH,Cognizant,Information Technology,True,True,True,54.95000076293945,473869469.0,26039127683.0,4.61,11.92,2026-08-01
CTSO,Cytosorbents Corporation,,False,True,False,0.38999998569488525,62794748.0,24489951.0,-0.19,,2026-08-01
CTVA,Corteva,Materials,True,False,True,77.30010223388672,667196000.0,51574319010.0,1.53,50.523,2026-08-01
CTW,CTW,,False,True,False,2.390000104904175,,,,,2026-08-01
CTXR,"Citius Pharmaceuticals, Inc.",,False,True,False,0.6266999840736389,27452570.0,17204525.0,-2.14,,2026-08-01
CUB,Lionheart Holdings,,False,True,False,10.848799705505371,,,,,2026-08-01
CUE,"Cue Biopharma, Inc.",,False,True,False,26.770000457763672,4045701.0,108303418.0,3.59,7.457,2026-08-01
CULP,"Culp, Inc.",,False,True,False,3.5,12662784.0,44319744.0,-0.81,,2026-08-01
CUPR,Cuprina Holdings (Cayman) Limited,,False,True,False,2.953900098800659,7365000.0,21755474.0,,,2026-08-01
CURI,CuriosityStream Inc.,,False,True,False,2.5350000858306885,59287600.0,150294071.0,-0.14,,2026-08-01
CURR,Currenc Group Inc.,,False,True,False,3.2200000286102295,76611444.0,246688852.0,-0.46,,2026-08-01
CURX,Curanex Pharmaceuticals Inc,,False,True,False,0.20170000195503235,28364812.0,5721183.0,-0.27,,2026-08-01
CV,"CapsoVision, Inc.",,False,True,False,6.90500020980835,49963586.0,344998572.0,1.31,5.271,2026-08-01
CVBF,CVB Financial Corporation,,False,True,False,23.225000381469727,176455196.0,4098171994.0,1.54,15.081,2026-08-01
CVCO,"Cavco Industries, Inc.",,False,True,False,563.1599731445312,7689402.0,4330363424.0,22.99,24.496,2026-08-01
CVGI,"Commercial Vehicle Group, Inc.",,False,True,False,3.994999885559082,40632682.0,162327560.0,-0.62,,2026-08-01
CVKD,"Cadrenal Therapeutics, Inc.",,False,True,False,2.0999999046325684,2868247.0,6023318.0,-5.59,,2026-08-01
CVLT,"Commvault Systems, Inc.",,False,True,False,131.33999633789062,41250627.0,5417857199.0,1.58,83.127,2026-08-01
CVNA,Carvana,Consumer Discretionary,True,False,True,68.16000366210938,,,2.5,27.264,2026-08-01
CVRX,"CVRx, Inc.",,False,True,False,5.525000095367432,26535944.0,146611093.0,-2.01,,2026-08-01
CVS,CVS Health,Health Care,True,False,True,104.125,1275927307.0,132855930841.0,2.28,45.669,2026-08-01
CVV,CVD Equipment Corporation,,False,True,False,7.909999847412109,6940509.0,54899425.0,-0.52,,2026-08-01
CVX,Chevron Corporation,Energy,True,False,True,190.91000366210938,1991597732.0,380215930310.0,5.74,33.26,2026-08-01
CWBC,Community West Bancshares,,False,True,False,25.81999969482422,27134206.0,700605191.0,2.16,11.954,2026-08-01
CWCO,Consolidated Water Co. Ltd.,,False,True,False,29.790000915527344,16000190.0,476645675.0,1.07,27.841,2026-08-01
CWD,CaliberCos Inc.,,False,True,False,0.48399999737739563,,,-4.37,,2026-08-01
CWST,"Casella Waste Systems, Inc.",,False,True,False,91.45899963378906,,,0.11,831.445,2026-08-01
CXAI,CXApp Inc.,,False,True,False,0.14480000734329224,70089277.0,10148928.0,,,2026-08-01
CXDO,"Crexendo, Inc.",,False,True,False,7.5,32415373.0,243115298.0,0.15,50.0,2026-08-01
CXII,Churchill Capital Corp XII,,False,True,False,10.720000267028809,,,,,2026-08-01
CYAB,"Cyabra, Inc.",,False,True,False,0.3124000132083893,14064191.0,4393653.0,,,2026-08-01
CYCN,"Cyclerion Therapeutics, Inc.",,False,True,False,3.555799961090088,4330314.0,15397730.0,-1.31,,2026-08-01
CYCU,"Cycurion, Inc.",,False,True,False,0.817799985408783,10709032.0,8757846.0,-6.46,,2026-08-01
CYH,COMMUNITY HEALTH SYSTEMS INC,,False,False,True,2.924999952316284,141009357.0,412452363.0,1.86,1.573,2026-08-01
CYN,Cyngn Inc.,,False,True,False,1.1950000524520874,14423281.0,17235822.0,-2.36,,2026-08-01
CYPH,Cypherpunk Technologies Inc.,,False,True,False,0.6951000094413757,106464482.0,74003462.0,-0.02,,2026-08-01
CYRX,"CryoPort, Inc.",,False,True,False,15.369999885559082,50402313.0,774683545.0,1.43,10.748,2026-08-01
CYTK,"Cytokinetics, Incorporated",,False,True,False,79.3949966430664,124432565.0,9879323080.0,-6.85,,2026-08-01
CZFS,"Citizens Financial Services, Inc.",,False,True,False,81.05000305175781,4804936.0,389440077.0,8.19,9.896,2026-08-01
CZNC,Citizens & Northern Corp,,False,True,False,25.415000915527344,17916586.0,455350050.0,1.25,20.332,2026-08-01
CZR,"Caesars Entertainment, Inc.",,False,True,True,30.030000686645508,203676930.0,6116418348.0,-2.36,,2026-08-01
CZWI,"Citizens Community Bancorp, Inc.",,False,True,False,21.979999542236328,9644112.0,211977577.0,1.53,14.366,2026-08-01
D,Dominion Energy,Utilities,True,False,True,69.0,879455403.0,60682422807.0,3.38,20.414,2026-08-01
DAAQ,Digital Asset Acquisition Corp.,,False,True,False,9.0600004196167,,,,,2026-08-01
DAIC,"CID HoldCo, Inc.",,False,True,False,0.7476000189781189,30259579.0,22622062.0,-1.82,,2026-08-01
DAIO,Data I/O Corporation,,False,True,False,3.0799999237060547,9394422.0,28934819.0,-0.86,,2026-08-01
DAKT,"Daktronics, Inc.",,False,True,False,21.639999389648438,48284844.0,1044883995.0,0.92,23.522,2026-08-01
DAL,Delta Air Lines,Industrials,True,False,True,92.86499786376953,657623030.0,61070161276.0,6.02,15.426,2026-08-01
DAN,DANA Inc,,False,False,True,27.645000457763672,108235699.0,2992175948.0,10.29,2.687,2026-08-01
DARE,"Dare Bioscience, Inc.",,False,True,False,1.340000033378601,14979502.0,20072533.0,-0.91,,2026-08-01
DASH,DoorDash,Consumer Discretionary,True,True,False,200.68499755859375,,,2.11,95.111,2026-08-01
DAVE,Dave Inc.,,False,True,False,430.32000732421875,,,15.58,27.62,2026-08-01
DBCA,D. Boral Acquisition I Corp.,,False,True,False,9.979999542236328,,,,,2026-08-01
DBGI,"Digital Brands Group, Inc.",,False,True,False,21.200000762939453,22985558.0,487293847.0,-2.32,,2026-08-01
DBX,"Dropbox, Inc.",,False,True,False,34.19499969482422,,,1.83,18.686,2026-08-01
DCBO,Docebo Inc.,,False,True,False,20.489999771118164,28747289.0,589031945.0,,,2026-08-01
DCGO,DocGo Inc.,,False,True,False,0.6449999809265137,98778413.0,63712075.0,-1.9,,2026-08-01
DCOY,Decoy Therapeutics Inc.,,False,True,False,4.10099983215332,531968.0,2181601.0,106.79,0.038,2026-08-01
DCTH,"Delcath Systems, Inc.",,False,True,False,13.180000305175781,34521647.0,454995318.0,0.01,1318.0,2026-08-01
DCX,Digital Currency X Technology Inc.,,False,True,False,1.0,19560823.0,19560823.0,,,2026-08-01
DD,DuPont,Materials,True,False,False,140.02000427246094,135042975.0,18908717936.0,0.85,164.729,2026-08-01
DDI,"DoubleDown Interactive Co., Ltd.",,False,True,False,11.970000267028809,2477672.0,29657735.0,46.2,0.259,2026-08-01
DDOG,Datadog,Information Technology,True,True,False,288.5350036621094,,,0.39,739.833,2026-08-01
DE,Deere & Company,Industrials,True,False,True,617.3499755859375,269937425.0,166645862733.0,17.64,34.997,2026-08-01
DECK,Deckers Brands,Consumer Discretionary,True,False,False,99.83999633789062,136414227.0,13619595924.0,7.03,14.202,2026-08-01
DEFT,"Defi Technologies, Inc.",,False,True,False,0.48190000653266907,385827975.0,185930504.0,,,2026-08-01
DELL,Dell Technologies,Information Technology,True,False,True,470.7749938964844,,,12.55,37.512,2026-08-01
DERM,Journey Medical Corporation,,False,True,False,6.48799991607666,,,-0.37,,2026-08-01
DETX,"Liberty Defense Holdings, Ltd.",,False,True,False,3.2732999324798584,,,,,2026-08-01
DFDV,DeFi Development Corp.,,False,True,False,2.690000057220459,30118205.0,81017973.0,-7.1,,2026-08-01
DFLI,Dragonfly Energy Holdings Corp,,False,True,False,1.208799958229065,12815340.0,15491182.0,-6.16,,2026-08-01
DFNS,T3 Defense Inc.,,False,True,False,44.313201904296875,60270525.0,2670779943.0,-11.33,,2026-08-01
DFSC,DEFSEC Technologies Inc.,,False,True,False,1.3899999856948853,1579174.0,2195052.0,,,2026-08-01
DFTX,"Definium Therapeutics, Inc.",,False,True,False,42.689998626708984,109066783.0,4656060816.0,-2.42,,2026-08-01
DG,Dollar General,Consumer Staples,True,False,True,127.62999725341797,220586647.0,28153473151.0,7.07,18.052,2026-08-01
DGICA,"Donegal Group, Inc.",,False,True,False,19.309999465942383,,,,,2026-08-01
DGICB,"Donegal Group, Inc.",,False,True,False,23.0,,,,,2026-08-01
DGII,Digi International Inc.,,False,True,False,73.8949966430664,37702199.0,2786003869.0,1.13,65.394,2026-08-01
DGNX,Diginex Limited,,False,True,False,1.4149999618530273,22993763.0,32536174.0,,,2026-08-01
DGX,Quest Diagnostics,Health Care,True,False,True,234.25999450683594,110373360.0,25856062707.0,9.42,24.868,2026-08-01
DGXX,Digi Power X Inc.,,False,True,False,4.03000020980835,,,,,2026-08-01
DH,Definitive Healthcare Corp.,,False,True,False,0.6804999709129333,105524238.0,71809241.0,-1.67,,2026-08-01
DHC,Diversified Healthcare Trust,,False,True,False,8.875,242128988.0,2148894768.0,-1.11,,2026-08-01
DHI,D. R. Horton,Consumer Discretionary,True,False,False,149.0399932861328,,,10.49,14.208,2026-08-01
DHR,Danaher Corporation,Health Care,True,False,False,197.07000732421875,702986054.0,138537466811.0,5.64,34.941,2026-08-01
DIBS,"1stdibs.com, Inc.",,False,True,False,4.329999923706055,35333511.0,152994100.0,-0.3,,2026-08-01
DINO,HF Sinclair Corp,,False,False,True,88.2750015258789,,,10.49,8.415,2026-08-01
DIOD,Diodes Incorporated,,False,True,False,88.05999755859375,45944734.0,4045893164.0,1.85,47.6,2026-08-01
DIS,Walt Disney Company (The),Communication Services,True,False,True,98.5199966430664,1736511424.0,171081099663.0,6.25,15.763,2026-08-01
DJCO,Daily Journal Corp. (S.C.),,False,True,False,584.9500122070312,,,9.41,62.163,2026-08-01
DJT,Trump Media & Technology Group Corp.,,False,True,False,10.04010009765625,,,-4.13,,2026-08-01
DK,"Delek US Holdings, Inc.",,False,False,True,65.31999969482422,,,-0.89,,2026-08-01
DKI,DarkIris Inc.,,False,True,False,3.73009991645813,,,,,2026-08-01
DKNG,DraftKings Inc.,,False,True,False,23.3700008392334,,,0.09,259.667,2026-08-01
DKS,"DICK'S SPORTING GOODS, INC.",,False,False,True,198.92250061035156,,,10.27,19.369,2026-08-01
DLHC,DLH Holdings Corp.,,False,True,False,4.909999847412109,,,-1.48,,2026-08-01
DLO,DLocal Limited,,False,True,False,15.331000328063965,,,,,2026-08-01
DLPN,"Dolphin Entertainment, Inc.",,False,True,False,1.190000057220459,,,-0.28,,2026-08-01
DLR,Digital Realty,Real Estate,True,False,False,193.64999389648438,,,3.77,51.366,2026-08-01
DLTH,Duluth Holdings Inc.,,False,True,False,4.21999979019165,,,-0.31,,2026-08-01
DLTR,Dollar Tree,Consumer Staples,True,True,True,130.6699981689453,,,6.37,20.513,2026-08-01
DLXY,Delixy Holdings Limited,,False,True,False,0.3939000070095062,,,,,2026-08-01
DMAA,Drugs Made In America Acquisition Corp.,,False,True,False,10.710000038146973,,,,,2026-07-01
DMAC,DiaMedica Therapeutics Inc.,,False,True,False,6.53000020980835,,,,,2026-08-01
DMII,Drugs Made In America Acquisition II Corp.,,False,True,False,10.109999656677246,,,,,2026-07-01
DMLP,"Dorchester Minerals, L.P.",,False,True,False,25.440000534057617,,,,,2026-08-01
DMRA,"Damora Therapeutics, Inc.",,False,True,False,29.93000030517578,,,5.28,5.669,2026-08-01
DMRC,Digimarc Corporation,,False,True,False,7.414999961853027,,,,,2026-08-01
DNLI,Denali Therapeutics Inc.,,False,True,False,24.170000076293945,,,-2.88,,2026-08-01
DNMX,Dynamix Corporation III,,False,True,False,10.024999618530273,,,,,2026-08-01
DNTH,"Dianthus Therapeutics, Inc.",,False,True,False,110.1500015258789,,,-4.23,,2026-08-01
DNUT,"Krispy Kreme, Inc.",,False,True,False,3.05049991607666,,,-2.98,,2026-08-01
DOC,Healthpeak Properties,Real Estate,True,False,False,21.565000534057617,,,0.32,67.391,2026-08-01
DOCU,"DocuSign, Inc.",,False,True,False,57.15999984741211,,,1.54,37.117,2026-08-01
DOGZ,Dogness (International) Corporation,,False,True,False,0.9399999976158142,,,,,2026-08-01
DOMH,Dominari Holdings Inc.,,False,True,False,2.569999933242798,,,-1.72,,2026-08-01
DOMO,"Domo, Inc.",,False,True,False,3.897700071334839,,,-1.33,,2026-08-01
DOO,BRP Inc.,,False,True,False,63.13999938964844,,,,,2026-08-01
DORM,"Dorman Products, Inc.",,False,True,False,147.5500030517578,,,7.22,20.436,2026-08-01
DOV,Dover Corporation,Industrials,True,False,True,209.69000244140625,,,8.3,25.264,2026-08-01
DOW,Dow Inc.,Materials,True,False,True,30.145000457763672,720741438.0,21726750978.0,-4.0,,2026-08-01
DOX,Amdocs Limited,,False,True,False,56.244998931884766,,,4.24,13.265,2026-08-01
DPRO,Draganfly Inc.,,False,True,False,4.389999866485596,,,,,2026-08-01
DPU,Top KingWin Ltd,,False,True,False,1.715000033378601,,,,,2026-08-01
DPZ,Domino's,Consumer Discretionary,True,True,False,366.010009765625,,,17.63,20.761,2026-08-01
DRCT,"Direct Digital Holdings, Inc.",,False,True,False,2.690000057220459,,,-8.9,,2026-08-01
DRDB,Roman DBDR Acquisition Corp. II,,False,True,False,10.649999618530273,,,,,2026-08-01
DRH,Diamondrock Hospitality Company,,False,True,False,13.408900260925293,,,0.73,18.368,2026-08-01
DRI,Darden Restaurants,Consumer Discretionary,True,False,True,202.73500061035156,,,10.38,19.531,2026-08-01
DRIO,DarioHealth Corp.,,False,True,False,7.269899845123291,7312398.0,53160401.0,8.5,0.855,2026-08-01
DRMA,"Dermata Therapeutics, Inc.",,False,True,False,1.1150000095367432,,,-4.17,,2026-08-01
DRS,"Leonardo DRS, Inc.",,False,True,False,45.279998779296875,,,1.19,38.05,2026-08-01
DRTS,Alpha Tau Medical Ltd.,,False,True,False,13.020000457763672,,,,,2026-08-01
DRUG,Bright Minds Biosciences Inc.,,False,True,False,78.2249984741211,,,,,2026-08-01
DRVN,Driven Brands Holdings Inc.,,False,True,False,14.71500015258789,,,1.12,13.138,2026-08-01
DSAC,Daedalus Special Acquisition Corp.,,False,True,False,10.15999984741211,,,,,2026-08-01
DSGN,"Design Therapeutics, Inc.",,False,True,False,13.149999618530273,62581651.0,822948687.0,-1.18,,2026-08-01
DSGR,"Distribution Solutions Group, Inc.",,False,True,False,34.72999954223633,46195165.0,1604358059.0,0.12,289.417,2026-08-01
DSGX,The Descartes Systems Group Inc.,,False,True,False,76.26000213623047,86024747.0,6560247390.0,1.42,53.704,2026-08-01
DSP,Viant Technology Inc.,,False,True,False,12.670000076293945,,,0.4,31.675,2026-08-01
DSWL,"Deswell Industries, Inc.",,False,True,False,3.259999990463257,15885239.0,51785879.0,,,2026-08-01
DSY,Big Tree Cloud Holdings Limited,,False,True,False,3.575000047683716,86972928.0,310928222.0,,,2026-08-01
DTCX,"Datacentrex, Inc.",,False,True,False,1.9900000095367432,38873626.0,77358516.0,-1.31,,2026-08-01
DTE,DTE Energy,Utilities,True,False,True,141.2100067138672,208028313.0,29375679475.0,6.08,23.225,2026-08-01
DTI,Drilling Tools International Corporation,,False,True,False,2.369999885559082,35139094.0,83279649.0,-0.1,,2026-08-01
DTIL,"Precision BioSciences, Inc.",,False,True,False,7.25,25802247.0,187066291.0,-2.1,,2026-08-01
DTSQ,DT Cloud Star Acquisition Corporation,,False,True,False,11.319999694824219,3653409.0,41356589.0,,,2026-07-01
DTSS,Datasea Intelligent Technology Ltd.,,False,True,False,0.8133000135421753,,,,,2026-08-01
DTST,Data Storage Corporation,,False,True,False,2.9776999950408936,2167138.0,6453087.0,2.44,1.22,2026-08-01
DUK,Duke Energy,Utilities,True,False,True,124.56999969482422,779596217.0,97114300514.0,6.52,19.106,2026-08-01
DUKR,DUKE Robotics Corp.,,False,True,False,5.119999885559082,3407977.0,17448842.0,-0.85,,2026-08-01
DUO,Fangdd Network Group Ltd.,,False,True,False,0.5849999785423279,,,,,2026-08-01
DUOL,"Duolingo, Inc.",,False,True,False,134.39500427246094,,,8.74,15.377,2026-08-01
DUOT,"Duos Technologies Group, Inc.",,False,True,False,9.225000381469727,29323469.0,270509013.0,-0.61,,2026-08-01
DVA,DaVita,Health Care,True,False,True,230.52999877929688,64200000.0,14800025922.0,10.71,21.525,2026-08-01
DVLT,Datavault AI Inc.,,False,True,False,0.3659999966621399,855561995.0,313135687.0,-0.43,,2026-08-01
DVN,Devon Energy,Energy,True,False,False,44.060001373291016,621400000.0,27378884853.0,3.59,12.273,2026-08-01
DWSN,Dawson Geophysical Company,,False,True,False,4.78000020980835,31052840.0,148432582.0,0.16,29.875,2026-08-01
DWTX,"Dogwood Therapeutics, Inc.",,False,True,False,1.8200000524520874,33629553.0,61205788.0,1.17,1.556,2026-08-01
DXC,DXC Technology Co,,False,False,True,10.960000038146973,159778689.0,1751174438.0,0.74,14.811,2026-08-01
DXCM,Dexcom,Health Care,True,True,False,87.33000183105469,377360765.0,32954916298.0,2.52,34.655,2026-08-01
DXLG,"Destination XL Group, Inc.",,False,True,False,0.5981000065803528,55273092.0,33058837.0,-0.73,,2026-08-01
DXPE,"DXP Enterprises, Inc.",,False,True,False,171.6999969482422,15505312.0,2662262023.0,5.34,32.154,2026-08-01
DXR,Daxor Corporation,,False,True,False,10.5,4196182.0,44059911.0,,,2026-08-01
DXST,Decent Holding Inc.,,False,True,False,2.8187999725341797,15000000.0,42282000.0,,,2026-08-01
DYAI,"Dyadic International, Inc.",,False,True,False,1.125,36438703.0,40993541.0,-0.21,,2026-08-01
DYN,"Dyne Therapeutics, Inc.",,False,True,False,25.940000534057617,186746431.0,4844202520.0,-3.26,,2026-08-01
DYNC,Dynamix Corporation,,False,True,False,10.845000267028809,,,,,2026-08-01
DYOR,Insight Digital Partners II,,False,True,False,10.069999694824219,,,,,2026-07-01
EA,Electronic Arts,Communication Services,True,True,False,209.94000244140625,252387410.0,52986213472.0,4.28,49.051,2026-08-01
EBAY,eBay Inc.,Consumer Discretionary,True,True,True,108.9749984741211,444000000.0,48384899323.0,4.41,24.711,2026-08-01
EBC,"Eastern Bankshares, Inc.",,False,True,False,23.514999389648438,231143099.0,5435329832.0,1.8,13.064,2026-08-01
EBMT,"Eagle Bancorp Montana, Inc.",,False,True,False,23.860000610351562,7965431.0,190055189.0,2.0,11.93,2026-08-01
EBON,Ebang International Holdings Inc.,,False,True,False,1.867400050163269,,,,,2026-08-01
ECBK,"ECB Bancorp, Inc.",,False,True,False,20.559999465942383,8753970.0,179981619.0,1.16,17.724,2026-08-01
ECHO,EchoStar,Communication Services,True,True,False,90.125,,,-25.03,,2026-08-01
ECL,Ecolab,Materials,True,False,True,280.9100036621094,281437502.0,79058609717.0,7.39,38.012,2026-08-01
ECOR,"electroCore, Inc.",,False,True,False,6.329999923706055,8295707.0,52511825.0,-1.77,,2026-08-01
ECPG,Encore Capital Group Inc,,False,True,False,94.9000015258789,21440412.0,2034695132.0,12.84,7.391,2026-08-01
ECX,ECARX Holdings Inc.,,False,True,False,1.0800000429153442,,,,,2026-08-01
ED,Consolidated Edison,Utilities,True,False,True,108.30000305175781,368529705.0,39911768176.0,5.93,18.263,2026-08-01
EDBL,Edible Garden AG Incorporated,,False,True,False,1.8849999904632568,5469314.0,10309657.0,-98.15,,2026-08-01
EDHL,Everbright Digital Holding Limited,,False,True,False,4.019999980926514,26660000.0,107173199.0,,,2026-08-01
EDIT,"Editas Medicine, Inc.",,False,True,False,2.734999895095825,97906282.0,267773671.0,-1.14,,2026-08-01
EDRY,EuroDry Ltd.,,False,True,False,26.84000015258789,2890547.0,77582282.0,,,2026-08-01
EDSA,"Edesa Biotech, Inc.",,False,True,False,5.409999847412109,8891951.0,48105454.0,,,2026-08-01
EDTK,Skillful Craftsman Education Technology Limited,,False,True,False,1.0799000263214111,15929451.0,17202215.0,,,2026-08-01
EDUC,Educational Development Corporation,,False,True,False,1.3899999856948853,8524964.0,11849700.0,0.23,6.043,2026-08-01
EEFT,"Euronet Worldwide, Inc.",,False,True,False,75.88500213623047,38075094.0,2889328590.0,6.82,11.127,2026-08-01
EEIQ,EpicQuest Education Group International Limited,,False,True,False,2.1050000190734863,23396667.0,49249984.0,,,2026-08-01
EFOI,"Energy Focus, Inc.",,False,True,False,3.240000009536743,6303433.0,20423123.0,-0.14,,2026-08-01
EFSC,Enterprise Financial Services Corporation,,False,True,False,67.86499786376953,36192520.0,2456205292.0,5.03,13.492,2026-08-01
EFSI,Eagle Financial Services Inc,,False,True,False,40.4900016784668,5412376.0,219147113.0,3.52,11.503,2026-08-01
EFTY,"Etoiles Capital Group Co., Ltd.",,False,True,False,15.020000457763672,,,,,2026-07-01
EFX,Equifax,Industrials,True,False,False,175.50999450683594,117484896.0,20619773452.0,5.69,30.845,2026-08-01
EG,Everest Group,Financials,True,False,False,369.3949890136719,38342734.0,14163613805.0,47.23,7.821,2026-08-01
EGAN,eGain Corporation,,False,True,False,7.260000228881836,27450081.0,199287594.0,1.36,5.338,2026-08-01
EGBN,"Eagle Bancorp, Inc.",,False,True,False,28.70009994506836,30495616.0,875227227.0,-4.13,,2026-08-01
EGHA,EGH Acquisition Corp.,,False,True,False,10.335000038146973,,,,,2026-07-01
EGHT,8x8 Inc,,False,True,False,2.194999933242798,141189769.0,309911534.0,0.01,219.5,2026-08-01
EH,EHang Holdings Limited,,False,True,False,5.480000019073486,,,,,2026-08-01
EHGO,Eshallgo Inc.,,False,True,False,1.9800000190734863,,,,,2026-08-01
EHLD,Euroholdings Ltd.,,False,True,False,8.149999618530273,2816615.0,22955411.0,,,2026-08-01
EHTH,"eHealth, Inc.",,False,True,False,1.4500000476837158,31741018.0,46024478.0,-0.59,,2026-08-01
EIKN,"Eikon Therapeutics, Inc.",,False,True,False,9.324999809265137,54138628.0,504842696.0,,,2026-08-01
EIX,Edison International,Utilities,True,False,True,71.80500030517578,384793941.0,27630129051.0,9.2,7.805,2026-08-01
EJH,E-Home Household Service Holdings Limited,,False,True,False,1.2300000190734863,4003859.0,4924747.0,,,2026-08-01
EL,Estée Lauder Companies (The),Consumer Staples,True,False,False,86.08999633789062,,,-0.71,,2026-08-01
ELAB,PMGC Holdings Inc.,,False,True,False,0.9424999952316284,4543751.0,4282485.0,-149.756,,2026-08-01
ELBM,Electra Battery Materials Corporation,,False,True,False,0.5263000130653381,103738330.0,54597484.0,,,2026-08-01
ELDN,"Eledon Pharmaceuticals, Inc.",,False,True,False,3.5250000953674316,77187823.0,272087083.0,-0.77,,2026-08-01
ELE,Elemental Royalty Corporation,,False,True,False,16.63479995727539,,,,,2026-08-01
ELMT,The Elmet Group Co.,,False,True,False,15.8100004196167,29979863.0,473981647.0,,,2026-08-01
ELOG,Eastern International Ltd.,,False,True,False,0.8295999765396118,12832000.0,10645427.0,,,2026-08-01
ELOX,"Eloxx Pharmaceuticals, Inc.",,False,True,False,18.104999542236328,7573935.0,137126090.0,-2.32,,2026-08-01
ELPW,Elong Power Holding Limited,,False,True,False,0.15870000422000885,58056099.0,9213503.0,,,2026-08-01
ELTK,Eltek Ltd.,,False,True,False,9.119999885559082,6719827.0,61284821.0,0.51,17.882,2026-08-01
ELTX,"Elicio Therapeutics, Inc.",,False,True,False,3.0799999237060547,19086081.0,58785128.0,-2.36,,2026-08-01
ELUT,"Elutia, Inc.",,False,True,False,0.8873000144958496,,,0.91,0.975,2026-08-01
ELV,Elevance Health,Health Care,True,False,True,379.18499755859375,216869290.0,82233581199.0,22.59,16.786,2026-08-01
ELVA,Electrovaya Inc.,,False,True,False,9.34000015258789,34137665.0,318845796.0,,,2026-08-01
ELVN,"Enliven Therapeutics, Inc.",,False,True,False,60.38999938964844,60904946.0,3678049652.0,-1.64,,2026-08-01
ELVR,Elevra Lithium Limited,,False,True,False,54.27000045776367,11543296014.0,626454679964.0,,,2026-08-01
ELWT,"Elauwit Connection, Inc.",,False,True,False,9.21500015258789,6619796.0,61001421.0,-1.04,,2026-08-01
EMAT,Evolution Metals & Technologies Corp.,,False,True,False,2.9089999198913574,593349852.0,1726054672.0,,,2026-08-01
EMBC,Embecta Corp.,,False,True,False,3.825000047683716,59327677.0,226928367.0,1.89,2.024,2026-08-01
EME,Emcor,Industrials,True,False,True,827.614990234375,44109901.0,36506015285.0,32.11,25.774,2026-08-01
EMIS,Emmis Acquisition Corp.,,False,True,False,10.220000267028809,,,,,2026-08-01
EML,Eastern Company (The),,False,True,False,24.860000610351562,6030914.0,149928526.0,1.09,22.807,2026-08-01
EMN,EASTMAN CHEMICAL CO,,False,False,True,73.43000030517578,114377421.0,8398734059.0,3.85,19.073,2026-08-01
EMPD,Empery Digital Inc.,,False,True,False,3.0,28110111.0,84330333.0,-3.44,,2026-08-01
EMR,Emerson Electric,Industrials,True,False,True,154.9774932861328,560100000.0,86802893990.0,4.33,35.792,2026-08-01
ENGN,enGene Therapeutics Inc.,,False,True,False,1.8049999475479126,66989466.0,120915983.0,2.33,0.775,2026-08-01
ENGS,Energys Group Limited,,False,True,False,2.740000009536743,14250000.0,39045000.0,,,2026-08-01
ENLT,Enlight Renewable Energy Ltd.,,False,True,False,91.1050033569336,132133899.0,12038059312.0,,,2026-08-01
ENLV,Enlivex Ltd.,,False,True,False,2.109999895095825,237381498.0,500874936.0,-1.15,,2026-08-01
ENPH,"Enphase Energy, Inc.",,False,True,False,41.43000030517578,131798220.0,5460400295.0,1.01,41.02,2026-08-01
ENSC,"Ensysce Biosciences, Inc.",,False,True,False,0.3955000042915344,14694492.0,5811672.0,-3.11,,2026-08-01
ENSG,"The Ensign Group, Inc.",,False,True,False,175.7100067138672,58282434.0,10240806869.0,6.38,27.541,2026-08-01
ENTA,"Enanta Pharmaceuticals, Inc.",,False,True,False,13.25,29078380.0,385288535.0,-2.6,,2026-08-01
ENTG,"Entegris, Inc.",,False,True,False,142.6300048828125,152500000.0,21751075745.0,1.74,81.971,2026-08-01
ENTX,Entera Bio Ltd.,,False,True,False,2.9549999237060547,49225321.0,145460820.0,0.26,11.365,2026-08-01
ENVB,"Enveric Biosciences, Inc.",,False,True,False,1.690000057220459,3681884.0,6222384.0,-22.74,,2026-08-01
ENVX,Enovix Corporation,,False,True,False,4.40500020980835,218153440.0,960965949.0,-0.81,,2026-08-01
EOG,EOG Resources,Energy,True,False,True,143.92999267578125,532628530.0,76661220422.0,10.17,14.152,2026-08-01
EOLS,"Evolus, Inc.",,False,True,False,6.039999961853027,65854751.0,397762694.0,-0.66,,2026-08-01
EOSE,"Eos Energy Enterprises, Inc.",,False,True,False,4.324999809265137,339514027.0,1468398102.0,-6.37,,2026-08-01
EPOW,E-Power Inc.,,False,True,False,0.42750000953674316,25361550.0,10842063.0,,,2026-08-01
EPRX,Eupraxia Pharmaceuticals Inc.,,False,True,False,6.449999809265137,35641603.0,229888333.0,,,2026-08-01
EPSM,Epsium Enterprise Limited,,False,True,False,1.3949999809265137,12000534.0,16740745.0,,,2026-08-01
EPSN,Epsilon Energy Ltd.,,False,True,False,5.579999923706055,30248617.0,168787281.0,-0.41,,2026-08-01
EQ,"Equillium, Inc.",,False,True,False,2.2899999618530273,63226556.0,144788811.0,-0.21,,2026-08-01
EQH,"Equitable Holdings, Inc.",,False,False,True,48.459999084472656,281519390.0,13642429382.0,-2.85,,2026-08-01
EQIX,Equinix,Real Estate,True,True,True,1047.6400146484375,98671686.0,103372406566.0,15.54,67.416,2026-08-01
EQPT,EquipmentShare.com Inc,,False,True,False,19.94499969482422,,,,,2026-08-01
EQR,Equity Residential,Real Estate,True,False,False,67.3499984741211,374944409.0,25252505374.0,2.31,29.156,2026-08-01
EQT,EQT Corporation,Energy,True,False,True,52.97999954223633,625516000.0,33139837394.0,4.31,12.292,2026-08-01
ERAS,"Erasca, Inc.",,False,True,False,18.75,310984542.0,5830960162.0,-0.93,,2026-08-01
ERIE,Erie Indemnity,Financials,True,True,False,238.22000122070312,,,,,2026-08-01
ERII,"Energy Recovery, Inc.",,False,True,False,9.111000061035156,51545259.0,469628858.0,0.37,24.624,2026-08-01
ERNA,Ernexa Therapeutics Inc.,,False,True,False,4.204800128936768,1166333.0,4904197.0,48.57,0.087,2026-08-01
ES,Eversource Energy,Utilities,True,False,True,72.643798828125,376674754.0,27363085053.0,3.85,18.869,2026-08-01
ESCA,"Escalade, Incorporated",,False,True,False,21.549999237060547,13766074.0,296658884.0,1.67,12.904,2026-08-01
ESEA,Euroseas Ltd.,,False,True,False,77.5,7055881.0,546830778.0,,,2026-08-01
ESLA,"Estrella Immunopharma, Inc.",,False,True,False,0.7222999930381775,43034228.0,31083623.0,-0.34,,2026-08-01
ESLT,Elbit Systems Ltd.,,False,True,False,848.7999877929688,46442352.0,39420267811.0,,,2026-08-01
ESOA,Energy Services of America Corporation,,False,True,False,15.630000114440918,18659679.0,291650785.0,0.55,28.418,2026-08-01
ESQ,"Esquire Financial Holdings, Inc.",,False,True,False,129.85499572753906,8639431.0,1121873276.0,5.94,21.861,2026-08-01
ESS,Essex Property Trust,Real Estate,True,False,False,285.42999267578125,64268439.0,18344140073.0,6.42,44.46,2026-08-01
ESTA,Establishment Labs Holdings Inc.,,False,True,False,94.27999877929688,29430390.0,2774697133.0,-1.47,,2026-08-01
ET,Energy Transfer LP,,False,False,True,20.489999771118164,3441159277.0,70509352798.0,,,2026-08-01
ETN,Eaton Corporation,Industrials,True,False,False,443.55499267578125,388400000.0,172276759155.0,9.82,45.169,2026-08-01
ETON,"Eton Pharmaceuticals, Inc.",,False,True,False,45.69279861450195,27392358.0,1251633498.0,-0.06,,2026-08-01
ETOR,eToro Group Ltd.,,False,True,False,37.11000061035156,,,,,2026-08-01
ETR,Entergy,Utilities,True,False,False,108.81999969482422,457832070.0,49821285718.0,3.92,27.76,2026-08-01
ETS,Elite Express Holding Inc.,,False,True,False,1.0954999923706055,48716672.0,53369114.0,-0.29,,2026-08-01
EU,enCore Energy Corp.,,False,True,False,1.1699999570846558,194233004.0,227252606.0,-0.14,,2026-08-01
EUDA,Euda Health Holdings Limited,,False,True,False,16.56999969482422,1890375.0,31323513.0,,,2026-08-01
EURK,Eureka Acquisition Corp,,False,True,False,12.414999961853027,,,,,2026-08-01
EVCM,EverCommerce Inc.,,False,True,False,11.670000076293945,176950701.0,2065014694.0,0.18,64.833,2026-08-01
EVER,"EverQuote, Inc.",,False,True,False,23.719999313354492,,,2.93,8.096,2026-08-01
EVGN,Evogene Ltd.,,False,True,False,0.649399995803833,8718193.0,5661594.0,,,2026-08-01
EVGO,EVgo Inc.,,False,True,False,1.73989999294281,,,-0.34,,2026-08-01
EVLV,"Evolv Technologies Holdings, Inc.",,False,True,False,5.985000133514404,179871410.0,1076530413.0,-0.22,,2026-08-01
EVOX,Evolution Global Acquisition Corp,,False,True,False,10.069999694824219,,,,,2026-08-01
EVRG,Evergy,Utilities,True,True,False,83.55000305175781,230513025.0,19259363942.0,3.76,22.221,2026-08-01
EW,Edwards Lifesciences,Health Care,True,False,False,88.94999694824219,575800000.0,51217408243.0,1.88,47.314,2026-08-01
EWBC,"East West Bancorp, Inc.",,False,True,False,134.1199951171875,136996262.0,18373937991.0,10.01,13.399,2026-08-01
EWTX,"Edgewise Therapeutics, Inc.",,False,True,False,44.1349983215332,107593006.0,4748617139.0,-1.66,,2026-08-01
EXC,Exelon,Utilities,True,True,True,45.790000915527344,1023208142.0,46852701759.0,3.05,15.013,2026-08-01
EXE,Expand Energy,Energy,True,True,False,93.66500091552734,239228849.0,22407370361.0,13.44,6.969,2026-08-01
EXEL,"Exelixis, Inc.",,False,True,False,56.13999938964844,251355083.0,14111074206.0,3.02,18.589,2026-08-01
EXFY,"Expensify, Inc.",,False,True,False,1.9299999475479126,,,-0.22,,2026-08-01
EXLS,"ExlService Holdings, Inc.",,False,True,False,34.15999984741211,152782931.0,5219064900.0,1.57,21.758,2026-08-01
EXOZ,eXoZymes Inc.,,False,True,False,4.550000190734863,8478992.0,38579415.0,-1.15,,2026-08-01
EXPD,Expeditors International,Industrials,True,False,True,177.88999938964844,130791133.0,23266434570.0,6.19,28.738,2026-08-01
EXPE,Expedia Group,Consumer Discretionary,True,True,True,308.5199890136719,,,11.32,27.254,2026-08-01
EXPO,"Exponent, Inc.",,False,True,False,67.55999755859375,48511629.0,3277445537.0,2.14,31.57,2026-08-01
EXR,Extra Space Storage,Real Estate,True,False,False,148.78500366210938,211269558.0,31433741961.0,4.52,32.917,2026-08-01
EXTR,"Extreme Networks, Inc.",,False,True,False,32.02000045776367,130778088.0,4187514438.0,0.11,291.091,2026-08-01
EXYN,"Exyn Technologies, Inc.",,False,True,False,2.049999952316284,7953957.0,16305611.0,,,2026-08-01
EYE,"National Vision Holdings, Inc.",,False,True,False,23.09000015258789,80116665.0,1849893807.0,0.57,40.509,2026-08-01
EYPT,"EyePoint, Inc.",,False,True,False,11.65999984741211,83841298.0,977589522.0,-3.51,,2026-08-01
EZGO,EZGO Technologies Ltd.,,False,True,False,0.9110000133514404,5675172.0,5170082.0,,,2026-08-01
EZPW,"EZCORP, Inc.",,False,True,False,31.100000381469727,,,1.85,16.811,2026-08-01
EZRA,"Reliance Global Group, Inc.",,False,True,False,2.1500000953674316,1002998.0,2156446.0,29.93,0.072,2026-08-01
F,Ford Motor Company,Consumer Discretionary,True,False,True,14.244999885559082,3727332952.0,53095857475.0,-1.55,,2026-08-01
FA,First Advantage Corporation,,False,True,False,20.3799991607666,171537047.0,3495924874.0,0.05,407.6,2026-08-01
FABC,"Fabric.AI, Inc.",,False,True,False,2.950000047683716,4856079.0,14325433.0,-34.46,,2026-08-01
FAC,Factorial Energy Inc.,,False,True,False,5.919899940490723,,,,,2026-08-01
FACT,FACT II Acquisition Corp.,,False,True,False,10.660699844360352,,,,,2026-08-01
FAF,First American Financial Corp,,False,False,True,75.94000244140625,102100000.0,7753474249.0,7.21,10.533,2026-08-01
FAMI,"Farmmi, Inc.",,False,True,False,0.1589999943971634,5481874.0,871618.0,,,2026-08-01
FANG,Diamondback Energy,Energy,True,True,True,192.97000122070312,281313297.0,54285027265.0,0.98,196.908,2026-08-01
FAST,Fastenal,Industrials,True,True,False,49.38999938964844,1147497573.0,56674904430.0,1.17,42.214,2026-08-01
FATE,"Fate Therapeutics, Inc.",,False,True,False,2.5250000953674316,116559186.0,294311956.0,-1.09,,2026-08-01
FATN,"FatPipe, Inc.",,False,True,False,6.699999809265137,14128468.0,94660733.0,0.39,17.179,2026-08-01
FBGL,FBS Global Limited,,False,True,False,0.5600000023841858,13500000.0,7560000.0,,,2026-08-01
FBIN,"Fortune Brands Innovations, Inc.",,False,False,True,53.369998931884766,119293417.0,6366689538.0,2.25,23.72,2026-08-01
FBIO,"Fortress Biotech, Inc.",,False,True,False,2.7300000190734863,82474127.0,225154368.0,3.23,0.845,2026-08-01
FBIZ,"First Business Financial Services, Inc.",,False,True,False,71.91000366210938,8368320.0,601765922.0,6.56,10.962,2026-08-01
FBLA,"FB Bancorp, Inc.",,False,True,False,15.779999732971191,161489.0,2548296.0,0.04,394.5,2026-08-01
FBLG,"FibroBiologics, Inc.",,False,True,False,0.8245999813079834,6658193.0,5490346.0,2.71,0.304,2026-08-01
FBNC,First Bancorp,,False,True,False,65.91999816894531,41375413.0,2727467149.0,2.93,22.498,2026-08-01
FBRX,"Forte Biosciences, Inc.",,False,True,False,76.55999755859375,13885668.0,1063086708.0,-4.58,,2026-08-01
FBYD,"Falcon's Beyond Global, Inc.",,False,True,False,10.119999885559082,,,0.21,48.19,2026-08-01
FCAP,"First Capital, Inc.",,False,True,False,65.19999694824219,3345531.0,218128611.0,5.23,12.467,2026-08-01
FCBC,"First Community Bankshares, Inc.",,False,True,False,48.79999923706055,18866729.0,920696361.0,2.65,18.415,2026-08-01
FCCO,First Community Corporation,,False,True,False,34.60499954223633,9397960.0,325216401.0,2.55,13.571,2026-08-01
FCEL,"FuelCell Energy, Inc.",,False,True,False,22.889999389648438,67608173.0,1547551039.0,-6.15,,2026-08-01
FCFS,"FirstCash Holdings, Inc.",,False,True,False,214.11000061035156,43371800.0,9286336124.0,8.76,24.442,2026-08-01
FCHL,Fitness Champs Holdings Limited,,False,True,False,1.1608999967575073,17000000.0,19735300.0,,,2026-08-01
FCNCA,"First Citizens BancShares, Inc.",,False,True,False,2245.485107421875,,,173.4,12.95,2026-08-01
FCUV,Focus Universal Inc.,,False,True,False,10.579999923706055,2069781.0,21898283.0,-3.42,,2026-08-01
FCX,Freeport-McMoRan,Materials,True,False,True,67.30999755859375,1437559865.0,96762151003.0,1.84,36.582,2026-08-01
FDBC,"Fidelity D & D Bancorp, Inc.",,False,True,False,53.68000030517578,5805180.0,311622064.0,5.11,10.505,2026-08-01
FDMM,Freedom Metals Acquisition Corp.,,False,True,False,9.850000381469727,,,,,2026-08-04
FDMT,"4D Molecular Therapeutics, Inc.",,False,True,False,10.239999771118164,49778127.0,509728009.0,-2.57,,2026-08-01
FDS,FactSet,Financials,True,False,False,273.7149963378906,35565543.0,9734822472.0,15.18,18.031,2026-08-01
FDSB,"Fifth District Bancorp, Inc.",,False,True,False,17.850000381469727,5264856.0,93977682.0,0.86,20.756,2026-08-01
FDUS,Fidus Investment Corporation,,False,True,False,20.479999542236328,37954364.0,777305357.0,2.2,9.309,2026-08-01
FDX,FedEx,Industrials,True,False,True,313.43499755859375,236581188.0,74152824083.0,18.55,16.897,2026-08-01
FDXF,FedEx Freight,Industrials,True,False,False,143.58999633789062,,,,,2026-08-01
FE,FirstEnergy,Utilities,True,False,True,48.36000061035156,578431175.0,27972931976.0,1.84,26.283,2026-08-01
FEAM,"5E Advanced Materials, Inc.",,False,True,False,1.274999976158142,41515223.0,52931908.0,4.96,0.257,2026-08-01
FEBO,Fenbo Holdings Limited,,False,True,False,0.8528000116348267,11062500.0,9434100.0,,,2026-08-01
FEED,"ENvue Medical, Inc.",,False,True,False,0.3797000050544739,6091840.0,2313072.0,-3.67,,2026-08-01
FEIM,"Frequency Electronics, Inc.",,False,True,False,69.94999694824219,9870077.0,690411856.0,-0.09,,2026-08-01
FELE,"Franklin Electric Co., Inc.",,False,True,False,109.63999938964844,44182232.0,4844139890.0,3.32,33.024,2026-08-01
FEMY,Femasys Inc.,,False,True,False,3.0299999713897705,60390686.0,182983777.0,-0.24,,2026-08-01
FENC,Fennec Pharmaceuticals Inc.,,False,True,False,10.055000305175781,34737030.0,349280847.0,-0.29,,2026-08-01
FER,Ferrovial N.V.,,False,True,False,66.4209976196289,720626181.0,47864709853.0,,,2026-08-01
FERA,Fifth Era Acquisition Corp I,,False,True,False,10.440099716186523,,,,,2026-08-01
FFAI,Faraday Future Intelligent Electric Inc.,,False,True,False,5.050000190734863,29516511.0,149058386.0,,,2026-08-01
FFBC,First Financial Bancorp.,,False,True,False,34.6349983215332,104929374.0,3634228692.0,2.83,12.239,2026-08-01
FFIN,"First Financial Bankshares, Inc.",,False,True,False,35.599998474121094,143281930.0,5100836489.0,1.84,19.348,2026-08-01
FFIV,"F5, Inc.",Information Technology,True,True,False,415.0400085449219,56419247.0,23416244757.0,12.18,34.076,2026-08-01
FGBI,"First Guaranty Bancshares, Inc.",,False,True,False,9.720000267028809,16464248.0,160032495.0,,,2026-08-01
FGI,FGI Industries Ltd.,,False,True,False,4.579899787902832,1931271.0,8845028.0,-3.37,,2026-08-01
FGII,FG Imperii Acquisition Corp.,,False,True,False,9.960000038146973,28940000.0,288242401.0,,,2026-08-01
FGL,Founder Group Limited,,False,True,False,0.8669999837875366,17665289.0,15315805.0,,,2026-08-01
FGNX,FG Nexus Inc.,,False,True,False,7.650000095367432,6261082.0,47897278.0,8.6,0.89,2026-08-01
FHB,"First Hawaiian, Inc.",,False,True,False,28.329999923706055,121680634.0,3447212352.0,2.3,12.317,2026-08-01
FHTX,Foghorn Therapeutics Inc.,,False,True,False,4.784999847412109,58713922.0,280946108.0,-1.17,,2026-08-01
FIBK,"First Interstate BancSystem, Inc.",,False,True,False,38.54999923706055,95304607.0,3673992527.0,3.24,11.898,2026-08-01
FICO,Fair Isaac,Information Technology,True,False,False,1053.300048828125,21597635.0,22748790000.0,34.61,30.433,2026-08-01
FIEE,"FiEE, Inc",,False,True,False,2.906599998474121,8328598.0,24207903.0,0.22,13.212,2026-08-01
FIGR,"Figure Technology Solutions, Inc.",,False,True,False,27.979999542236328,,,0.6,46.633,2026-08-01
FIGX,FIGX Capital Acquisition Corp.,,False,True,False,10.270000457763672,,,,,2026-08-01
FIGXW,FIGX Capital Acquisition Corp.,,False,True,False,0.11010000109672546,,,,,2026-08-04
FINW,FinWise Bancorp,,False,True,False,14.170000076293945,13706039.0,194214574.0,1.1,12.882,2026-08-01
FIP,FTAI Infrastructure Inc.,,False,True,False,3.484999895095825,118163555.0,411799977.0,-4.47,,2026-08-01
FIS,Fidelity National Information Services,Financials,True,False,True,43.029998779296875,516879151.0,22241309237.0,5.16,8.339,2026-08-01
FISI,"Financial Institutions, Inc.",,False,True,False,42.810001373291016,19706360.0,843629299.0,4.03,10.623,2026-08-01
FISN,"Deep Fission, Inc.",,False,True,False,9.21500015258789,58905938.0,542818228.0,-3.16,,2026-08-01
FISV,Fiserv,Financials,True,True,True,54.970001220703125,533253986.0,29312972261.0,5.9,9.317,2026-08-01
FITB,Fifth Third Bancorp,Financials,True,False,True,58.20000076293945,906311548.0,52747332785.0,2.97,19.596,2026-08-01
FIVE,"Five Below, Inc.",,False,True,False,220.1999969482422,55295351.0,12176036121.0,7.93,27.768,2026-08-01
FIVN,"Five9, Inc.",,False,True,False,29.780000686645508,76563988.0,2280075615.0,0.66,45.121,2026-08-01
FIX,Comfort Systems USA,Industrials,True,False,False,1791.550048828125,35194329.0,63052401838.0,40.64,44.083,2026-08-01
FIZZ,National Beverage Corp.,,False,True,False,31.665000915527344,93612102.0,2964227296.0,1.96,16.156,2026-08-01
FKWL,Franklin Wireless Corp.,,False,True,False,2.2899999618530273,11784280.0,26986001.0,-0.06,,2026-08-01
FLD,"Fold Holdings, Inc.",,False,True,False,0.45879998803138733,50783350.0,23299400.0,-0.32,,2026-08-01
FLEX,Flex Ltd.,Information Technology,True,True,False,127.61000061035156,369402978.0,47139514248.0,2.59,49.27,2026-08-01
FLGT,"Fulgent Genetics, Inc.",,False,True,False,18.700000762939453,27515293.0,514536000.0,-2.83,,2026-08-01
FLL,"Full House Resorts, Inc.",,False,True,False,2.2850000858306885,36265183.0,82865946.0,-1.08,,2026-08-01
FLNA,"Filana Therapeutics, Inc.",,False,True,False,0.9850000143051147,48307896.0,47583278.0,-1.88,,2026-08-01
FLNC,"Fluence Energy, Inc.",,False,True,False,15.600000381469727,,,-0.31,,2026-08-01
FLNT,"Fluent, Inc.",,False,True,False,3.5671000480651855,29815712.0,106355628.0,-0.83,,2026-08-01
FLR,FLUOR CORP,,False,False,True,51.505001068115234,139669896.0,7193698143.0,2.19,23.518,2026-08-01
FLUX,"Flux Power Holdings, Inc.",,False,True,False,0.5702000260353088,21361383.0,12180261.0,-0.34,,2026-08-01
FLWS,"1-800-FLOWERS.COM, Inc.",,False,True,False,4.135000228881836,,,-2.09,,2026-08-01
FLXS,"Flexsteel Industries, Inc.",,False,True,False,77.45500183105469,5355531.0,414812663.0,5.52,14.032,2026-08-01
FLY,Firefly Aerospace Inc.,,False,True,False,23.020000457763672,160235217.0,3688614769.0,-0.06,,2026-08-01
FLYE,"Fly-E Group, Inc.",,False,True,False,1.7007999420166016,1632386.0,2776362.0,,,2026-08-01
FLYW,Flywire Corporation,,False,True,False,17.200000762939453,,,0.24,71.667,2026-08-01
FLZH,"Flash Sports & Media Holdings, Inc.",,False,True,False,1.2300000190734863,1317228.0,1620190.0,-18.46,,2026-08-01
FMAC,Future Money Acquisition Corporation,,False,True,False,10.029999732971191,15780276.0,158276164.0,,,2026-08-01
FMAO,"Farmers & Merchants Bancorp, Inc.",,False,True,False,34.65999984741211,13773162.0,477377793.0,2.91,11.911,2026-08-01
FMBH,"First Mid Bancshares, Inc.",,False,True,False,52.84000015258789,26615796.0,1406378665.0,3.96,13.343,2026-08-01
FMFC,Kandal M Venture Limited,,False,True,False,0.28600001335144043,,,,,2026-08-01
FMNB,Farmers National Banc Corp.,,False,True,False,16.100000381469727,59215021.0,953361861.0,1.45,11.103,2026-08-01
FMST,Foremost Clean Energy Ltd.,,False,True,False,1.4199999570846558,16280580.0,23118423.0,,,2026-08-01
FNF,"Fidelity National Financial, Inc.",,False,False,True,51.349998474121094,269157540.0,13821239268.0,2.81,18.274,2026-08-01
FNGR,"FingerMotion, Inc.",,False,True,False,0.2542000114917755,61310361.0,15585094.0,-0.11,,2026-08-01
FNKO,"Funko, Inc.",,False,True,False,5.760000228881836,,,-1.05,,2026-08-01
FNLC,"First Bancorp, Inc (ME)",,False,True,False,35.61000061035156,11275758.0,401529749.0,3.24,10.991,2026-08-01
FNRN,First Northern Community Bancorp,,False,True,False,18.399999618530273,16407006.0,301888904.0,1.41,13.05,2026-08-01
FNUC,Frontier Nuclear and Minerals Inc.,,False,True,False,1.6699999570846558,8748167.0,14609439.0,,,2026-08-01
FNWB,First Northwest Bancorp,,False,True,False,11.350000381469727,9499300.0,107817059.0,0.55,20.636,2026-08-01
FNWD,Finward Bancorp,,False,True,False,45.599998474121094,4329971.0,197446671.0,2.29,19.913,2026-08-01
FOFO,"Hang Feng Technology Innovation Co., Ltd.",,False,True,False,2.5,7571078.0,18927695.0,,,2026-08-01
FORM,"FormFactor, Inc.",,False,True,False,120.31500244140625,77954772.0,9379128583.0,0.87,138.293,2026-08-01
FORR,"Forrester Research, Inc.",,False,True,False,11.739999771118164,19412000.0,227896876.0,-2.8,,2026-08-01
FOSL,"Fossil Group, Inc.",,False,True,False,5.949999809265137,59101598.0,351654497.0,-1.13,,2026-08-01
FOX,Fox Corporation (Class B),Communication Services,True,True,False,52.470001220703125,1.0,52.0,3.79,13.844,2026-08-01
FOXA,Fox Corporation (Class A),Communication Services,True,True,True,58.560001373291016,1.0,59.0,3.79,15.451,2026-08-01
FOXF,Fox Factory Holding Corp.,,False,True,False,19.420000076293945,41936133.0,814399706.0,-7.16,,2026-08-01
FOXX,Foxx Development Holdings Inc.,,False,True,False,2.54010009765625,7041192.0,17885332.0,-6.67,,2026-08-01
FRAF,Franklin Financial Services Corporation,,False,True,False,63.26499938964844,4493032.0,284251667.0,5.34,11.847,2026-08-01
FRBA,First Bank,,False,True,False,18.704999923706055,,,,,2026-08-01
FRBT,"Forbright, Inc.",,False,True,False,19.3799991607666,,,,,2026-08-01
FRD,Friedman Industries Inc.,,False,True,False,35.20000076293945,7112182.0,250348812.0,2.23,15.785,2026-08-01
FRGT,"Freight Technologies, Inc.",,False,True,False,3.362799882888794,1660627.0,5584356.0,-36.13,,2026-08-01
FRHC,Freedom Holding Corp.,,False,True,False,155.47999572753906,61292581.0,9529770232.0,2.51,61.944,2026-08-01
FRME,First Merchants Corporation,,False,True,False,43.9900016784668,63022741.0,2772370482.0,3.39,12.976,2026-08-01
FRMI,Fermi Inc.,,False,True,False,6.215000152587891,637574239.0,3962523993.0,,,2026-08-01
FRMM,"Forum Markets, Incorporated",,False,True,False,5.635000228881836,14542979.0,81949690.0,-52.42,,2026-08-01
FRNM,"Freenome, Inc.",,False,True,False,11.050000190734863,8911250.0,98469314.0,,,2026-08-01
FROG,JFrog Ltd.,,False,True,False,86.53500366210938,121119724.0,10481095760.0,-0.53,,2026-08-01
FRPH,"FRP Holdings, Inc.",,False,True,False,22.375,19170275.0,428934903.0,0.05,447.5,2026-08-01
FRPT,"Freshpet, Inc.",,False,True,False,61.939998626708984,49142791.0,3043904407.0,3.81,16.257,2026-08-01
FRSH,Freshworks Inc.,,False,True,False,12.02810001373291,,,0.61,19.718,2026-08-01
FRST,Primis Financial Corp.,,False,True,False,16.469999313354492,24772072.0,407996009.0,1.87,8.807,2026-08-01
FRT,Federal Realty Investment Trust,Real Estate,True,False,False,122.69000244140625,,,5.77,21.263,2026-08-01
FRTT,Fort Technology Inc.,,False,True,False,0.9599000215530396,,,,,2026-08-01
FRVO,Fervo Energy Company,,False,True,False,22.920000076293945,,,,,2026-08-01
FSBC,Five Star Bancorp,,False,True,False,47.3849983215332,,,3.15,15.043,2026-08-01
FSBW,"FS Bancorp, Inc.",,False,True,False,42.619998931884766,,,4.3,9.912,2026-08-01
FSEA,"First Seacoast Bancorp, Inc.",,False,True,False,17.010000228881836,,,-0.21,,2026-08-01
FSHP,Flag Ship Acquisition Corp.,,False,True,False,11.1850004196167,,,,,2026-07-01
FSLR,First Solar,Information Technology,True,True,False,242.44000244140625,,,16.22,14.947,2026-08-01
FSLY,"Fastly, Inc.",,False,True,False,24.725000381469727,,,-0.69,,2026-08-01
FSTR,L.B. Foster Company,,False,True,False,42.24660110473633,,,1.03,41.016,2026-08-01
FSUN,FirstSun Capital Bancorp,,False,True,False,40.060001373291016,,,3.4,11.782,2026-08-01
FSV,FirstService Corporation,,False,True,False,142.60499572753906,,,,,2026-08-01
FTAI,FTAI Aviation Ltd.,,False,True,False,222.38999938964844,,,4.58,48.557,2026-08-01
FTAIM,FTAI Aviation Ltd.,,False,True,False,27.517900466918945,,,4.58,6.008,2026-08-01
FTCI,"FTC Solar, Inc.",,False,True,False,3.109999895095825,,,-5.82,,2026-08-01
FTDR,"Frontdoor, Inc.",,False,True,False,76.47000122070312,,,3.5,21.849,2026-08-01
FTEK,"Fuel Tech, Inc.",,False,True,False,1.5299999713897705,,,-0.1,,2026-08-01
FTFT,Future FinTech Group Inc.,,False,True,False,0.9624000191688538,,,4.99,0.193,2026-08-01
FTH,"Faeth Therapeutics, Inc.",,False,True,False,23.825000762939453,,,-141.65,,2026-08-01
FTHA,Forefront Tech Holdings Acquisition Corp,,False,True,False,9.899999618530273,,,,,2026-07-01
FTHM,Fathom Holdings Inc.,,False,True,False,0.8799999952316284,,,-0.73,,2026-08-01
FTLF,"FitLife Brands, Inc.",,False,True,False,9.835000038146973,,,0.6,16.392,2026-08-01
FTNT,Fortinet,Information Technology,True,True,False,168.11000061035156,,,2.83,59.403,2026-08-01
FTRE,Fortrea Holdings Inc.,,False,True,False,18.079999923706055,,,-0.81,,2026-08-01
FTRK,FAST TRACK GROUP,,False,True,False,0.3564999997615814,,,,,2026-08-01
FTV,Fortive,Industrials,True,False,False,60.09000015258789,,,1.67,35.982,2026-08-01
FUFU,BitFuFu Inc.,,False,True,False,1.340000033378601,,,,,2026-08-01
FULC,"Fulcrum Therapeutics, Inc.",,False,True,False,3.819999933242798,,,-1.21,,2026-08-01
FULT,Fulton Financial Corporation,,False,True,False,24.989999771118164,,,2.1,11.9,2026-08-01
FUNC,First United Corporation,,False,True,False,44.91999816894531,,,3.91,11.488,2026-08-01
FUND,"Sprott Focus Trust, Inc.",,False,True,False,10.09000015258789,,,,,2026-08-01
FUSB,"First US Bancshares, Inc.",,False,True,False,16.450000762939453,,,1.04,15.817,2026-08-01
FUSE,Fusemachines Inc.,,False,True,False,1.198799967765808,,,,,2026-08-01
FVAV,Fortress Value Acquisition Corp. V,,False,True,False,10.15999984741211,,,,,2026-08-01
FVCB,"FVCBankcorp, Inc.",,False,True,False,19.030000686645508,,,1.28,14.867,2026-08-01
FVN,Future Vision II Acquisition Corporation,,False,True,False,11.220000267028809,,,,,2026-08-01
FWAC,Futurewave Acquisition Corporation,,False,True,False,9.890000343322754,,,,,2026-08-03
FWDI,"Forward Industries, Inc.",,False,True,False,4.179999828338623,,,-31.52,,2026-08-01
FWONA,Liberty Media Corporation,,False,True,True,88.92500305175781,,,,,2026-08-01
FWONK,Liberty Media Corporation,,False,True,False,96.83999633789062,,,,,2026-08-01
FWRD,Forward Air Corporation,,False,True,False,15.069999694824219,,,-2.92,,2026-08-01
FWRG,"First Watch Restaurant Group, Inc.",,False,True,False,12.4399995803833,,,0.29,42.897,2026-08-01
FXAC,FortuneX Acquisition Corporation,,False,True,False,10.029999732971191,,,,,2026-08-03
FXHO,UTime Limited,,False,True,False,10.079899787902832,,,,,2026-08-01
FXNC,First National Corporation,,False,True,False,32.02000045776367,9040967.0,289491767.0,2.32,13.802,2026-08-01
GABC,"German American Bancorp, Inc.",,False,True,False,51.43000030517578,,,3.64,14.129,2026-08-01
GAIA,"Gaia, Inc.",,False,True,False,1.934999942779541,,,-0.19,,2026-08-01
GAIN,Gladstone Investment Corporation,,False,True,False,16.809999465942383,39821967.0,669407244.0,4.77,3.524,2026-08-01
GALT,Galectin Therapeutics Inc.,,False,True,False,2.9291000366210938,65856898.0,192901442.0,-0.41,,2026-08-01
GAME,"GameSquare Holdings, Inc.",,False,True,False,0.36500000953674316,93696723.0,34199305.0,-0.65,,2026-08-01
GANX,"Gain Therapeutics, Inc.",,False,True,False,1.7549999952316284,42654038.0,74857836.0,-0.58,,2026-08-01
GAP,GAP INC,,False,False,True,20.649999618530273,359978933.0,7433564829.0,2.52,8.194,2026-08-01
GASS,"StealthGas, Inc.",,False,True,False,8.630000114440918,37185686.0,320912474.0,,,2026-08-01
GAUZ,Gauzy Ltd.,,False,True,False,0.2757999897003174,18720287.0,5163055.0,,,2026-08-01
GBDC,"Golub Capital BDC, Inc.",,False,True,False,13.145000457763672,259651589.0,3413120256.0,0.65,20.223,2026-08-01
GBFH,GBank Financial Holdings Inc.,,False,True,False,21.1299991607666,14470352.0,305758526.0,1.22,17.32,2026-08-01
GBLI,"Global Indemnity Group, LLC",,False,True,False,27.3799991607666,,,2.34,11.701,2026-08-01
GCBC,"Greene County Bancorp, Inc.",,False,True,False,34.40999984741211,17025485.0,585846936.0,2.29,15.026,2026-08-01
GCGR,General Catalyst Global Resilience Merger Corp.,,False,True,False,10.180000305175781,,,,,2026-08-01
GCL,GCL Global Holdings Ltd,,False,True,False,0.48510000109672546,128008703.0,62097022.0,,,2026-08-01
GCMG,GCM Grosvenor Inc.,,False,True,False,13.520000457763672,42259797.0,571352475.0,0.5,27.04,2026-08-01
GCT,GigaCloud Technology Inc,,False,True,False,46.18000030517578,,,3.95,11.691,2026-08-01
GCTK,"GlucoTrack, Inc.",,False,True,False,0.5024999976158142,6259279.0,3145288.0,-6.27,,2026-08-01
GD,General Dynamics,Industrials,True,False,True,387.30999755859375,270430187.0,104740315067.0,15.38,25.183,2026-08-01
GDC,GD Culture Group Limited,,False,True,False,1.7000000476837158,60759711.0,103291512.0,-8.61,,2026-08-01
GDDY,GoDaddy,Information Technology,True,False,False,89.34500122070312,126647704.0,11315339268.0,6.73,13.276,2026-08-01
GDEV,GDEV Inc.,,False,True,False,12.6899995803833,18150489.0,230329698.0,,,2026-08-01
GDHG,Golden Heaven Group Holdings Ltd.,,False,True,False,1.340000033378601,,,,,2026-08-01
GDRX,"GoodRx Holdings, Inc.",,False,True,False,3.174999952316284,,,0.06,52.917,2026-08-01
GDTC,CytoMed Therapeutics Limited,,False,True,False,0.888700008392334,11828435.0,10511930.0,,,2026-08-01
GDYN,"Grid Dynamics Holdings, Inc.",,False,True,False,7.105000019073486,81126881.0,576406491.0,0.03,236.833,2026-08-01
GE,GE Aerospace,Industrials,True,False,True,377.9800109863281,1037562513.0,392177890063.0,8.49,44.521,2026-08-01
GECC,Great Elm Capital Corp.,,False,True,False,5.25,13892045.0,72933236.0,-2.66,,2026-08-01
GEG,"Great Elm Group, Inc.",,False,True,False,2.3499999046325684,31357008.0,73688966.0,-0.76,,2026-08-01
GEHC,GE HealthCare,Health Care,True,True,False,70.25,454891786.0,31956147966.0,4.17,16.847,2026-08-01
GELS,Gelteq Limited,,False,True,False,0.5626999735832214,9438075.0,5310805.0,,,2026-08-01
GEMI,"Gemini Space Station, Inc.",,False,True,False,4.125,,,-56.27,,2026-08-01
GEN,Gen Digital,Information Technology,True,True,False,28.19499969482422,602433854.0,16985622330.0,1.57,17.959,2026-08-01
GENB,"Generate Biomedicines, Inc.",,False,True,False,14.34000015258789,128192484.0,1838280240.0,,,2026-08-01
GENK,"GEN Restaurant Group, Inc.",,False,True,False,2.0,,,-0.75,,2026-08-01
GENVR,Gen Digital Inc.,,False,True,False,2.505000114440918,602433854.0,1509096873.0,1.57,1.596,2026-08-01
GEOS,Geospace Technologies Corporation,,False,True,False,7.340000152587891,12935603.0,94947328.0,-2.26,,2026-08-01
GERN,Geron Corporation,,False,True,False,1.3600000143051147,641520974.0,872468534.0,-0.11,,2026-08-01
GEV,GE Vernova,Industrials,True,False,False,1016.9099731445312,266333581.0,270837274702.0,34.83,29.196,2026-08-01
GEVO,"Gevo, Inc.",,False,True,False,1.534999966621399,243411329.0,373636382.0,-0.14,,2026-08-01
GFAI,"Guardforce AI Co., Limited",,False,True,False,0.34599998593330383,24353539.0,8426324.0,,,2026-08-01
GFS,GlobalFoundries Inc.,,False,True,False,52.595001220703125,555888455.0,29236953969.0,,,2026-08-01
GFUZ,General Fusion Group Ltd.,,False,True,False,8.448399543762207,52988419.0,447667335.0,,,2026-08-01
GGR,Gogoro Inc.,,False,True,False,2.9649999141693115,14773488.0,43803391.0,,,2026-08-01
GGRP,"The Glimpse Group, Inc.",,False,True,False,0.8862000107765198,21076506.0,18678000.0,-0.71,,2026-08-01
GH,"Guardant Health, Inc.",,False,True,False,159.6699981689453,134196170.0,21427102218.0,-3.5,,2026-08-01
GHRS,GH Research PLC,,False,True,False,29.290000915527344,62029395.0,1816841036.0,,,2026-08-01
GIBO,GIBO Holdings Limited,,False,True,False,29.540000915527344,,,,,2026-08-01
GIFT,"Giftify, Inc.",,False,True,False,1.0,35425176.0,35425176.0,-0.27,,2026-08-01
GIGM,GigaMedia Limited,,False,True,False,1.3899999856948853,11052235.0,15362606.0,,,2026-08-01
GIII,"G-III Apparel Group, LTD.",,False,True,False,36.22999954223633,42190573.0,1528564440.0,2.84,12.757,2026-08-01
GILD,Gilead Sciences,Health Care,True,True,True,132.14500427246094,1241569874.0,164067256304.0,7.35,17.979,2026-08-01
GILT,Gilat Satellite Networks Ltd.,,False,True,False,11.925000190734863,73831318.0,880438481.0,,,2026-08-01
GIPR,Generation Income Properties Inc.,,False,True,False,0.7404999732971191,6558373.0,4856475.0,-1.81,,2026-08-01
GIS,General Mills,Consumer Staples,True,False,True,36.19499969482422,533708396.0,19317575230.0,-0.18,,2026-08-01
GITS,"Global Interactive Technologies, Inc. Common Stock",,False,True,False,2.0237998962402344,3674208.0,7435862.0,-1.38,,2026-08-01
GIW,GigCapital8 Corp.,,False,True,False,10.109999656677246,,,,,2026-07-01
GIX,GigCapital9 Corp.,,False,True,False,9.954999923706055,,,,,2026-08-01
GL,Globe Life,Financials,True,False,False,183.7949981689453,77644761.0,14270718706.0,14.45,12.719,2026-08-01
GLAD,Gladstone Capital Corporation,,False,True,False,19.146099090576172,22593069.0,432569138.0,1.82,10.52,2026-08-01
GLBE,Global-E Online Ltd.,,False,True,False,41.349998474121094,169049616.0,6990201364.0,,,2026-08-01
GLBS,Globus Maritime Limited,,False,True,False,3.1050000190734863,21582301.0,67013045.0,,,2026-08-01
GLE,Global Engine Group Holding Limited,,False,True,False,0.3497999906539917,16000000.0,5596800.0,,,2026-08-01
GLIBA,Liberty Capital Corporation,,False,True,False,24.53499984741211,,,-11.04,,2026-08-01
GLIBK,Liberty Capital Corporation,,False,True,False,23.93000030517578,,,-11.04,,2026-08-01
GLMD,Galmed Pharmaceuticals Ltd.,,False,True,False,0.5705999732017517,6581390.0,3755341.0,4.92,0.116,2026-08-01
GLND,Greenland Energy Company,,False,True,False,2.321000099182129,43730194.0,101497785.0,,,2026-08-01
GLNG,Golar LNG Limited,,False,True,False,49.46900177001953,101319440.0,5012171557.0,,,2026-08-01
GLOO,"Gloo Holdings, Inc.",,False,True,False,3.549999952316284,,,-12.57,,2026-08-01
GLP,GLOBAL PARTNERS LP,,False,False,True,49.25,33995563.0,1674281478.0,,,2026-08-01
GLPI,"Gaming and Leisure Properties, Inc.",,False,True,False,44.44499969482422,290920043.0,12929941222.0,3.43,12.958,2026-08-01
GLRE,"Greenlight Reinsurance, Ltd.",,False,True,False,16.5,33166448.0,547246392.0,2.36,6.992,2026-08-01
GLSI,"Greenwich LifeSciences, Inc.",,False,True,False,13.850000381469727,14678208.0,203293186.0,-1.61,,2026-08-01
GLUE,"Monte Rosa Therapeutics, Inc.",,False,True,False,16.18000030517578,84479418.0,1366877009.0,-1.48,,2026-08-01
GLW,Corning Inc.,Information Technology,True,False,False,160.9499969482422,860637825.0,138519655307.0,2.08,77.38,2026-08-01
GLXG,Galaxy Payroll Group Limited,,False,True,False,0.9599999785423279,16000000.0,15360000.0,,,2026-08-01
GLXY,Galaxy Digital Inc.,,False,True,False,22.419300079345703,,,,,2026-08-01
GM,General Motors,Consumer Discretionary,True,False,True,88.22989654541016,877451541.0,77417458686.0,2.24,39.388,2026-08-01
GMEX,GMEX ROBOTICS CORPORATION,,False,True,False,1.3480000495910645,21020597.0,28335766.0,,,2026-08-01
GMHS,Gamehaus Holdings Inc.,,False,True,False,0.8051000237464905,,,,,2026-08-01
GMM,Global Mofy AI Limited,,False,True,False,2.8299999237060547,25926155.0,73371017.0,,,2026-08-01
GNLN,"Greenlane Holdings, Inc.",,False,True,False,1.9199999570846558,631459.0,1212401.0,-13.37,,2026-08-01
GNLX,Genelux Corporation,,False,True,False,2.8399999141693115,44840416.0,127346778.0,-0.85,,2026-08-01
GNPX,"Genprex, Inc.",,False,True,False,4.248700141906738,10586402.0,44978448.0,,,2026-08-01
GNRC,Generac,Industrials,True,False,False,218.39999389648438,58868681.0,12856919571.0,3.2,68.25,2026-08-01
GNSS,Genasys Inc.,,False,True,False,1.774999976158142,45542009.0,80837065.0,-0.17,,2026-08-01
GNTX,Gentex Corporation,,False,True,False,23.94499969482422,212951848.0,5099131935.0,1.78,13.452,2026-08-01
GNW,GENWORTH FINANCIAL INC,,False,False,True,9.819999694824219,383009256.0,3761150777.0,0.53,18.528,2026-08-01
GO,Grocery Outlet Holding Corp.,,False,True,False,9.944999694824219,98922672.0,983785943.0,-3.89,,2026-08-01
GOAI,Eva Live Inc.,,False,True,False,1.8049999475479126,39252186.0,70850194.0,-0.17,,2026-08-01
GOGO,Gogo Inc.,,False,True,False,4.679999828338623,135238523.0,632916264.0,0.1,46.8,2026-08-01
GOOD,Gladstone Commercial Corporation,,False,True,False,12.470000267028809,48406993.0,603635216.0,0.18,69.278,2026-08-01
GOOG,Alphabet Inc. (Class C),Communication Services,True,True,False,377.29998779296875,,,19.91,18.95,2026-08-01
GOOGL,Alphabet Inc. (Class A),Communication Services,True,True,True,380.1400146484375,,,19.91,19.093,2026-08-01
GOSS,"Gossamer Bio, Inc.",,False,True,False,0.17870000004768372,234696281.0,41940225.0,-0.79,,2026-08-01
GOVX,"GeoVax Labs, Inc.",,False,True,False,0.7712000012397766,7369243.0,5683160.0,,,2026-08-01
GP,GreenPower Motor Company Inc.,,False,True,False,1.4700000286102295,24991162.0,36737009.0,,,2026-08-01
GPAC,General Purpose Acquisition Corp.,,False,True,False,10.020000457763672,,,,,2026-08-01
GPAT,GP-Act III Acquisition Corp.,,False,True,False,11.149999618530273,,,,,2026-08-01
GPC,Genuine Parts Company,Consumer Discretionary,True,False,True,131.5800018310547,137859758.0,18139587210.0,0.26,506.077,2026-08-01
GPI,GROUP 1 AUTOMOTIVE INC,,False,False,True,289.55999755859375,11922225.0,3452199442.0,24.24,11.946,2026-08-01
GPK,GRAPHIC PACKAGING HOLDING CO,,False,False,True,11.805000305175781,295887387.0,3492950694.0,0.92,12.832,2026-08-01
GPN,Global Payments,Financials,True,False,True,87.6449966430664,273543507.0,23974719753.0,-2.05,,2026-08-01
GPRE,"Green Plains, Inc.",,False,True,False,17.020000457763672,70030174.0,1191913594.0,-0.24,,2026-08-01
GPRO,"GoPro, Inc.",,False,True,False,0.7594000101089478,,,-0.79,,2026-08-01
GRAB,Grab Holdings Limited,,False,True,False,3.7100000381469727,,,,,2026-08-01
GRAL,"GRAIL, Inc.",,False,True,False,72.52999877929688,42916593.0,3112740438.0,-10.3,,2026-08-01
GRAN,Grande Group Limited,,False,True,False,1.5,,,,,2026-07-01
GRCE,"Grace Therapeutics, Inc.",,False,True,False,2.092600107192993,16274026.0,34055029.0,-0.47,,2026-08-01
GRDX,GridAI Technologies Corp.,,False,True,False,2.75,6653140.0,18296135.0,-4.14,,2026-08-01
GRI,"GRI Bio, Inc.",,False,True,False,1.600000023841858,1770838.0,2833341.0,38.89,0.041,2026-08-01
GRML,Greenland Mines Ltd,,False,True,False,0.19280000030994415,121238660.0,23374814.0,-0.29,,2026-08-01
GRMN,Garmin,Consumer Discretionary,True,False,False,309.010009765625,192856206.0,59594498099.0,8.96,34.488,2026-08-01
GRNQ,Greenpro Capital Corp.,,False,True,False,1.267199993133545,18033123.0,22851573.0,-0.39,,2026-08-01
GROW,"U.S. Global Investors, Inc.",,False,True,False,3.005000114440918,10484211.0,31505055.0,0.25,12.02,2026-08-01
GRPN,"Groupon, Inc.",,False,True,False,28.280000686645508,37983980.0,1074186980.0,-2.57,,2026-08-01
GRRR,Gorilla Technology Group Inc.,,False,True,False,12.324999809265137,26188972.0,322779075.0,,,2026-08-01
GRSD,Grandstand Limited,,False,True,False,2.0,,,,,2026-08-01
GRWG,GrowGeneration Corp.,,False,True,False,1.4950000047683716,60090905.0,89835903.0,-0.32,,2026-08-01
GS,Goldman Sachs,Financials,True,False,True,1058.0283203125,291171408.0,308067595729.0,64.82,16.323,2026-08-01
GSAT,"Globalstar, Inc.",,False,True,False,83.68000030517578,,,-0.15,,2026-08-01
GSBC,"Great Southern Bancorp, Inc.",,False,True,False,81.79000091552734,10893203.0,890955083.0,6.3,12.983,2026-08-01
GSHD,"Goosehead Insurance, Inc.",,False,True,False,66.83999633789062,21147289.0,1413484719.0,1.04,64.269,2026-08-01
GSHR,Gesher Acquisition Corp. II,,False,True,False,10.520000457763672,,,,,2026-08-01
GSIT,"GSI Technology, Inc.",,False,True,False,6.827199935913086,38246573.0,261117001.0,-0.42,,2026-08-01
GSIW,Garden Stage Limited,,False,True,False,19.649999618530273,15625000.0,307031244.0,,,2026-08-01
GSM,Ferroglobe PLC,,False,True,False,3.4149999618530273,186860517.0,638128658.0,,,2026-08-01
GSRF,GSR IV Acquisition Corp.,,False,True,False,10.170000076293945,,,,,2026-07-01
GSRV,GSR V Acquisition Corp.,,False,True,False,9.850000381469727,,,,,2026-08-03
GSUN,Golden Sun Technology Group Limited,,False,True,False,0.5393000245094299,,,,,2026-08-01
GT,The Goodyear Tire & Rubber Company,,False,True,False,7.114999771118164,287438631.0,2045125794.0,-7.25,,2026-08-01
GTBP,"GT Biopharma, Inc.",,False,True,False,0.3260999917984009,36062904.0,11760113.0,-6.46,,2026-08-01
GTEC,Greenland Technologies Holding Corporation,,False,True,False,0.5394999980926514,20532482.0,11077274.0,0.25,2.158,2026-08-01
GTEN,"Gores Holdings X, Inc.",,False,True,False,10.479999542236328,,,,,2026-08-01
GTERA,Globa Terra Acquisition Corporation,,False,True,False,10.369999885559082,,,,,2026-08-01
GTIM,Good Times Restaurants Inc.,,False,True,False,1.4041999578475952,10557896.0,14825397.0,0.17,8.26,2026-08-01
GTLB,GitLab Inc.,,False,True,False,36.57099914550781,,,-0.15,,2026-08-01
GTM,ZoomInfo Technologies Inc.,,False,True,False,3.590100049972534,294718034.0,1058067229.0,0.4,8.975,2026-08-01
GTX,Garrett Motion Inc.,,False,True,False,31.415000915527344,187188503.0,5880526993.0,1.71,18.371,2026-08-01
GUAC,Berto Acquisition Corp. II,,False,True,False,9.970000267028809,,,,,2026-08-04
GURE,"Gulf Resources, Inc.",,False,True,False,3.140000104904175,1382114.0,4339838.0,,,2026-08-01
GUTS,"Fractyl Health, Inc.",,False,True,False,0.6944000124931335,158648963.0,110165842.0,-1.31,,2026-08-01
GVH,Globavend Holdings Limited,,False,True,False,1.0002000331878662,1526113.0,1526418.0,,,2026-08-01
GWAV,"Greenwave Technology Solutions, Inc.",,False,True,False,4.659999847412109,829631.0,3866080.0,-41.21,,2026-08-01
GWRS,"Global Water Resources, Inc.",,False,True,False,7.304999828338623,28763634.0,210118341.0,0.08,91.312,2026-08-01
GWW,W. W. Grainger,Industrials,True,False,True,1303.760009765625,47213119.0,61554576489.0,37.19,35.057,2026-08-01
GXAI,Gaxos.ai Inc.,,False,True,False,0.8999999761581421,7123453.0,6411108.0,-0.63,,2026-08-01
GXO,"GXO Logistics, Inc.",,False,False,True,51.58000183105469,115048589.0,5934206431.0,1.12,46.054,2026-08-01
GYGY,"Game Your Game, Inc.",,False,True,False,4.000100135803223,,,,,2026-08-04
GYRE,"Gyre Therapeutics, Inc.",,False,True,False,6.119999885559082,97028322.0,593813320.0,-0.08,,2026-08-01
GYRO,"Gyrodyne , LLC",,False,True,False,5.46999979019165,2199308.0,12030214.0,,,2026-08-01
HACQ,HCM IV Acquisition Corp.,,False,True,False,10.0600004196167,,,,,2026-07-01
HAFC,Hanmi Financial Corporation,,False,True,False,32.619998931884766,29766435.0,970981078.0,2.68,12.172,2026-08-01
HAIN,"The Hain Celestial Group, Inc.",,False,True,False,0.5284000039100647,90253483.0,47689941.0,-5.71,,2026-08-01
HAL,Halliburton,Energy,True,False,True,32.31010055541992,833130367.0,26918525934.0,1.76,18.358,2026-08-01
HALO,"Halozyme Therapeutics, Inc.",,False,True,False,83.51000213623047,118613000.0,9905371883.0,2.85,29.302,2026-08-01
HAO,Haoxi Health Technology Limited,,False,True,False,0.15809999406337738,,,,,2026-08-01
HAPN,"Happen, Inc.",,False,True,False,21.079999923706055,115407464.0,2432789332.0,1.67,12.623,2026-08-01
HAS,Hasbro,Consumer Discretionary,True,True,False,91.2699966430664,141044467.0,12873128030.0,5.61,16.269,2026-08-01
HAVA,Harvard Ave Acquisition Corporation,,False,True,False,10.170000076293945,,,,,2026-07-01
HAVAR,Harvard Ave Acquisition Corporation,,False,True,False,0.15360000729560852,,,,,2026-08-04
HBAN,Huntington Bancshares,Financials,True,True,False,17.614999771118164,2027130587.0,35707904826.0,1.3,13.55,2026-08-01
HBCP,"Home Bancorp, Inc.",,False,True,False,72.62999725341797,7870750.0,571652551.0,5.98,12.145,2026-08-01
HBIO,"Harvard Bioscience, Inc.",,False,True,False,6.304999828338623,4510182.0,28436697.0,9.37,0.673,2026-08-01
HBNB,Hotel101 Global Holdings Corp.,,False,True,False,5.210000038146973,234032386.0,1219308740.0,,,2026-08-01
HBNC,"Horizon Bancorp, Inc.",,False,True,False,20.915000915527344,51329764.0,1073562061.0,-3.27,,2026-08-01
HBT,"HBT Financial, Inc.",,False,True,False,36.26499938964844,36381078.0,1319359771.0,2.18,16.635,2026-08-01
HCA,HCA Healthcare,Health Care,True,False,True,398.67999267578125,221839800.0,88443089839.0,29.03,13.733,2026-08-01
HCAC,Hall Chadwick Acquisition Corp.,,False,True,False,10.079999923706055,,,,,2026-08-01
HCAI,"Huachen AI Parking Management Technology Holding Co., Ltd.",,False,True,False,4.550000190734863,30000000.0,136500006.0,,,2026-08-01
HCAT,"Health Catalyst, Inc",,False,True,False,2.234999895095825,73894020.0,165153127.0,-3.73,,2026-08-01
HCHL,Happy City Holdings Limited,,False,True,False,3.9600000381469727,,,,,2026-07-01
HCIC,Hennessy Capital Investment Corp. VIII,,False,True,False,9.979999542236328,,,,,2026-08-01
HCICR,Hennessy Capital Investment Corp. VIII,,False,True,False,0.1599999964237213,,,,,2026-07-29
HCKT,"The Hackett Group, Inc.",,False,True,False,11.300000190734863,25188887.0,284634428.0,0.53,21.321,2026-08-01
HCMA,HCM III Acquisition Corp.,,False,True,False,10.270000457763672,,,,,2026-08-01
HCSG,"Healthcare Services Group, Inc.",,False,True,False,23.280000686645508,68632202.0,1597757710.0,1.71,13.614,2026-08-01
HCTI,"Healthcare Triangle, Inc.",,False,True,False,1.0597000122070312,2027783.0,2148842.0,-158.94,,2026-08-01
HCWB,HCW Biologics Inc.,,False,True,False,3.630000114440918,6734104.0,24444798.0,-8.29,,2026-08-01
HD,Home Depot (The),Consumer Discretionary,True,False,True,349.3800048828125,997116682.0,348372631226.0,14.08,24.814,2026-08-01
HDRN,"Hadron Energy, Inc.",,False,True,False,1.5800000429153442,20000000.0,31600001.0,,,2026-08-01
HDSN,"Hudson Technologies, Inc.",,False,True,False,6.210000038146973,42068788.0,261247175.0,0.32,19.406,2026-08-01
HELE,Helen of Troy Limited,,False,True,False,28.155000686645508,23292061.0,655787993.0,-17.92,,2026-08-01
HELP,Cybin Inc.,,False,True,False,9.207300186157227,21601208.0,198888806.0,,,2026-08-01
HERZ,"Herzfeld Credit Income Fund, Inc.",,False,True,False,16.149999618530273,,,,,2026-08-01
HFBL,"Home Federal Bancorp, Inc. of Louisiana",,False,True,False,23.28499984741211,3053889.0,71109805.0,1.92,12.128,2026-08-01
HFFG,HF Foods Group Inc.,,False,True,False,1.5299999713897705,53475417.0,81817386.0,-0.68,,2026-08-01
HFWA,Heritage Financial Corporation,,False,True,False,30.59000015258789,41218817.0,1260883618.0,2.04,14.995,2026-08-01
HGBL,Heritage Global Inc.,,False,True,False,1.024999976158142,34734754.0,35603122.0,0.09,11.389,2026-08-01
HHS,"Harte Hanks, Inc.",,False,True,False,2.2200000286102295,7419470.0,16471224.0,-0.14,,2026-08-01
HIFS,Hingham Institution for Savings,,False,True,False,301.79998779296875,,,,,2026-08-01
HIG,Hartford (The),Financials,True,False,False,141.9199981689453,270872002.0,38442154028.0,15.45,9.186,2026-08-01
HIHO,Highway Holdings Limited,,False,True,False,1.0750000476837158,4626676.0,4973677.0,,,2026-08-01
HII,Huntington Ingalls Industries,Industrials,True,False,True,323.6300048828125,39404598.0,12752510243.0,16.8,19.264,2026-08-01
HIND,"Vyome Holdings, Inc.",,False,True,False,2.156599998474121,7018528.0,15136157.0,756.58,0.003,2026-08-01
HIT,"Health In Tech, Inc.",,False,True,False,1.159999966621399,,,-0.02,,2026-08-01
HITI,High Tide Inc.,,False,True,False,2.25,87235986.0,196280968.0,,,2026-08-01
HIVE,HIVE Digital Technologies Ltd,,False,True,False,2.940999984741211,273638546.0,804770960.0,-0.66,,2026-08-01
HKIT,Hitek Global Inc.,,False,True,False,2.819999933242798,10987679.0,30985254.0,,,2026-08-01
HKPD,"Cellyan Biotechnology Co., Ltd",,False,True,False,0.41990000009536743,11000000.0,4618900.0,,,2026-08-01
HLIT,Harmonic Inc.,,False,True,False,12.489999771118164,108496436.0,1355120461.0,-0.36,,2026-08-01
HLMN,Hillman Solutions Corp.,,False,True,False,9.46500015258789,194544999.0,1841368445.0,0.21,45.071,2026-08-01
HLNE,Hamilton Lane Incorporated,,False,True,False,102.87000274658203,,,,,2026-08-01
HLP,Hongli Group Inc.,,False,True,False,1.2400000095367432,73438750.0,91064051.0,,,2026-08-01
HLT,Hilton Worldwide,Consumer Discretionary,True,False,True,312.2101135253906,225064910.0,70267541102.0,6.81,45.846,2026-08-01
HLXC,Helix Acquisition Corp. III,,False,True,False,10.569999694824219,,,,,2026-08-01
HMH,HMH Holding Inc.,,False,True,False,20.389999389648438,,,,,2026-08-01
HMR,Heidmar Maritime Holdings Corp.,,False,True,False,1.2100000381469727,58409823.0,70675888.0,,,2026-08-01
HNNA,"Hennessy Advisors, Inc.",,False,True,False,9.895000457763672,7902394.0,78194192.0,1.06,9.335,2026-08-01
HNRG,Hallador Energy Company,,False,True,False,15.149999618530273,47130392.0,714025421.0,0.53,28.585,2026-08-01
HNST,"The Honest Company, Inc.",,False,True,False,3.825000047683716,110078615.0,421050708.0,-0.17,,2026-08-01
HNVR,"Hanover Bancorp, Inc.",,False,True,False,26.860000610351562,7156661.0,192227919.0,1.05,25.581,2026-08-01
HODO,House of Doge Inc.,,False,True,False,0.6305999755859375,24069563.0,15178266.0,-1.24,,2026-08-01
HOFT,Hooker Furnishings Corporation,,False,True,False,15.539999961853027,10741650.0,166925241.0,-2.49,,2026-08-01
HOLO,MicroCloud Hologram Inc.,,False,True,False,1.5850000381469727,22512360.0,35682091.0,,,2026-08-01
HON,Honeywell Technologies,Industrials,True,True,True,248.71499633789062,316940010.0,78827733426.0,21.8,11.409,2026-08-01
HONA,Honeywell Aerospace,Industrials,True,True,False,213.39500427246094,,,,,2026-08-01
HOOD,Robinhood Markets,Financials,True,True,False,92.58000183105469,,,2.26,40.965,2026-08-01
HOPE,"Hope Bancorp, Inc.",,False,True,False,14.454999923706055,127838883.0,1847911044.0,0.55,26.282,2026-08-01
HOUR,"Hour Loop, Inc.",,False,True,False,1.850000023841858,35191890.0,65104997.0,0.05,37.0,2026-08-01
HOVR,New Horizon Aircraft Ltd.,,False,True,False,1.784999966621399,66825837.0,119284117.0,,,2026-08-01
HOWL,"Werewolf Therapeutics, Inc.",,False,True,False,0.40130001306533813,48599066.0,19502806.0,-0.73,,2026-08-01
HPAI,Helport AI Limited,,False,True,False,0.5,,,,,2026-08-01
HPE,Hewlett Packard Enterprise,Information Technology,True,False,True,52.939998626708984,1324203521.0,70103332583.0,1.09,48.569,2026-08-01
HPK,"HighPeak Energy, Inc.",,False,True,False,6.940000057220459,126358104.0,876925249.0,-1.14,,2026-08-01
HPQ,HP Inc.,Information Technology,True,False,True,28.78499984741211,914522690.0,26324535492.0,2.71,10.622,2026-08-01
HQ,Horizon Quantum Holdings Ltd.,,False,True,False,15.625,1.0,16.0,,,2026-08-01
HQI,"HireQuest, Inc.",,False,True,False,13.979999542236328,13900000.0,194321994.0,0.46,30.391,2026-08-01
HQY,"HealthEquity, Inc.",,False,True,False,104.44499969482422,83602157.0,8731827262.0,2.67,39.118,2026-08-01
HRL,Hormel Foods,Consumer Staples,True,False,False,25.280000686645508,,,0.85,29.741,2026-08-01
HRMY,"Harmony Biosciences Holdings, Inc.",,False,True,False,39.040000915527344,58236393.0,2273548836.0,3.08,12.675,2026-08-01
HROW,"Harrow, Inc.",,False,True,False,39.28499984741211,37275107.0,1464352573.0,-0.38,,2026-08-01
HRTX,"Heron Therapeutics, Inc.",,False,True,False,0.5327000021934509,189279369.0,100829120.0,-0.17,,2026-08-01
HRZN,Horizon Technology Finance Corporation,,False,True,False,4.545000076293945,68261111.0,310246755.0,0.53,8.575,2026-08-01
HSCS,HeartSciences Inc.,,False,True,False,2.0299999713897705,3899491.0,7915967.0,-6.86,,2026-08-01
HSDT,Solana Company,,False,True,False,1.659999966621399,58386675.0,96921879.0,379.14,0.004,2026-08-01
HSIC,Henry Schein,Health Care,True,True,True,88.37000274658203,111446542.0,9848531223.0,3.43,25.764,2026-08-01
HST,Host Hotels & Resorts,Real Estate,True,True,False,25.104999542236328,684879281.0,17193894036.0,1.47,17.078,2026-08-01
HSTM,"HealthStream, Inc.",,False,True,False,30.665000915527344,29215188.0,895883767.0,0.67,45.769,2026-08-01
HSY,Hershey Company (The),Consumer Staples,True,False,True,178.3000030517578,223805223.0,39904471944.0,,,2026-08-01
HTCO,High-Trend International Group,,False,True,False,3.5,6632441.0,23213544.0,,,2026-08-01
HTCR,"Heartcore Enterprises, Inc.",,False,True,False,2.640000104904175,1441565.0,3805732.0,1.53,1.725,2026-08-01
HTFL,"Heartflow, Inc.",,False,True,False,27.19499969482422,86240828.0,2345319291.0,1.76,15.452,2026-08-01
HTLD,"Heartland Express, Inc.",,False,True,False,12.579999923706055,77489696.0,974820370.0,-0.55,,2026-08-01
HTLM,HomesToLife Ltd,,False,True,False,1.899999976158142,89687500.0,170406248.0,,,2026-07-01
HTO,H2O America,,False,True,False,61.53499984741211,41840247.0,2574639593.0,2.92,21.074,2026-08-01
HTOO,Fusion Fuel Green PLC,,False,True,False,2.6050000190734863,2288291.0,5960998.0,,,2026-08-01
HTZ,"Hertz Global Holdings, Inc",,False,True,True,1.5454000234603882,315764523.0,487982501.0,-2.05,,2026-08-01
HUBB,Hubbell Incorporated,Industrials,True,False,False,502.20001220703125,52841777.0,26537141054.0,16.93,29.663,2026-08-01
HUBC,Hub Cyber Security Ltd.,,False,True,False,0.9344000220298767,36241405.0,33863970.0,,,2026-08-01
HUBCW,Hub Cyber Security Ltd.,,False,True,False,0.010999999940395355,36241405.0,398655.0,,,2026-08-04
HUBG,"Hub Group, Inc.",,False,True,False,47.5,37315154.0,1772469815.0,1.73,27.457,2026-08-01
HUDI,"Huadi International Group Co., Ltd.",,False,True,False,0.7099999785423279,14299182.0,10152419.0,,,2026-08-01
HUHU,HUHUTECH International Group Inc.,,False,True,False,5.599999904632568,24103749.0,134980992.0,,,2026-08-01
HUM,Humana,Health Care,True,False,True,363.29998779296875,120061500.0,43618341484.0,9.37,38.773,2026-08-01
HUMA,"Humacyte, Inc.",,False,True,False,0.7153000235557556,222019108.0,158810273.0,-0.63,,2026-08-01
HUN,Huntsman CORP,,False,False,True,10.295000076293945,175349112.0,1805219121.0,-1.93,,2026-08-01
HURA,"TuHURA Biosciences, Inc.",,False,True,False,2.125,63682528.0,135325372.0,-0.61,,2026-08-01
HURC,"Hurco Companies, Inc.",,False,True,False,21.415000915527344,6476322.0,138690442.0,-1.96,,2026-08-01
HURN,Huron Consulting Group Inc.,,False,True,False,151.00999450683594,16211829.0,2448148208.0,5.85,25.814,2026-08-01
HUT,Hut 8 Corp.,,False,True,False,104.38999938964844,123259468.0,12867055789.0,-5.27,,2026-08-01
HVII,Hennessy Capital Investment Corp. VII,,False,True,False,10.520000457763672,,,,,2026-08-01
HVMC,Highview Merger Corp.,,False,True,False,10.199999809265137,,,,,2026-07-01
HWBK,"Hawthorn Bancshares, Inc.",,False,True,False,39.67499923706055,6896585.0,273622005.0,3.49,11.368,2026-08-01
HWC,Hancock Whitney Corporation,,False,True,False,78.79000091552734,81157968.0,6394436373.0,4.86,16.212,2026-08-01
HWH,HWH International Inc.,,False,True,False,1.4600000381469727,7726400.0,11280544.0,-0.13,,2026-08-01
HWKN,"Hawkins, Inc.",,False,True,False,134.14999389648438,20875117.0,2800396818.0,3.86,34.754,2026-08-01
HWM,Howmet Aerospace,Industrials,True,False,False,290.614990234375,400107483.0,116277232265.0,4.31,67.428,2026-08-01
HXHX,Haoxin Holdings Limited,,False,True,False,0.4699999988079071,,,,,2026-08-01
HYFM,"Hydrofarm Holdings Group, Inc.",,False,True,False,1.7050000429153442,4764612.0,8123664.0,-62.3,,2026-08-01
HYFT,MindWalk Holdings Corp.,,False,True,False,1.3300000429153442,46711866.0,62126784.0,,,2026-08-01
HYMC,Hycroft Mining Holding Corporation,,False,True,False,22.170000076293945,93181681.0,2065837875.0,-0.81,,2026-08-01
HYNE,"Hoyne Bancorp, Inc.",,False,True,False,16.31999969482422,8096938.0,132142026.0,,,2026-08-01
HYPD,"Hyperion DeFi, Inc.",,False,True,False,2.759999990463257,15157747.0,41835382.0,-7.55,,2026-08-01
HYPR,"Hyperfine, Inc.",,False,True,False,1.0299999713897705,,,-0.4,,2026-08-01
IACO,Idea Acquisition Corp.,,False,True,False,9.930000305175781,43750000.0,434437513.0,,,2026-07-01
IACQ,Irenic Acquisition Corp.,,False,True,False,9.930000305175781,,,,,2026-07-01
IART,Integra LifeSciences Holdings Corporation,,False,True,False,17.770000457763672,77772506.0,1382017467.0,-0.1,,2026-08-01
IBAC,IB Acquisition Corp.,,False,True,False,10.819999694824219,5008229.0,54189036.0,,,2026-08-01
IBCP,Independent Bank Corporation,,False,True,False,38.630001068115234,20606157.0,796015867.0,3.35,11.531,2026-08-01
IBEX,IBEX Limited,,False,True,False,36.369998931884766,13389116.0,486962135.0,3.17,11.473,2026-08-01
IBG,Innovation Beverage Group Limited,,False,True,False,0.9261000156402588,8673857.0,8032859.0,,,2026-08-01
IBIO,"iBio, Inc.",,False,True,False,1.4800000190734863,49678561.0,73524271.0,-0.58,,2026-08-01
IBKR,Interactive Brokers,Financials,True,True,False,88.91999816894531,42231651.0,3755238330.0,2.33,38.163,2026-08-01
IBM,IBM,Information Technology,True,False,True,233.02890014648438,942134390.0,219544540692.0,11.29,20.64,2026-08-01
IBOC,International Bancshares Corporation,,False,True,False,76.66000366210938,62181244.0,4766814393.0,6.7,11.442,2026-08-01
IBRX,"ImmunityBio, Inc.",,False,True,False,6.965000152587891,1059836273.0,7381759803.0,-0.97,,2026-08-01
ICCC,ImmuCell Corporation,,False,True,False,11.0649995803833,9046799.0,100102827.0,-0.07,,2026-08-01
ICCM,IceCure Medical Ltd.,,False,True,False,3.130000114440918,73122293.0,228872785.0,,,2026-08-01
ICE,Intercontinental Exchange,Financials,True,False,True,149.0500030517578,561394487.0,83675850001.0,7.08,21.052,2026-08-01
ICFI,"ICF International, Inc.",,False,True,False,85.4000015258789,18104180.0,1546097000.0,4.63,18.445,2026-08-01
ICHR,Ichor Holdings,,False,True,False,71.0999984741211,37454229.0,2662995625.0,-1.17,,2026-08-01
ICLR,ICON plc,,False,True,False,157.1199951171875,76567325.0,12030257730.0,0.65,241.723,2026-08-01
ICMB,"Investcorp Credit Management BDC, Inc.",,False,True,False,0.8256999850273132,14432472.0,11916892.0,-1.36,,2026-08-01
ICON,Icon Energy Corp.,,False,True,False,1.0360000133514404,,,,,2026-08-01
ICU,SeaStar Medical Holding Corporation,,False,True,False,3.1700000762939453,3997002.0,12670497.0,-1.49,,2026-08-01
ICUI,"ICU Medical, Inc.",,False,True,False,171.3800048828125,24993585.0,4283400719.0,1.86,92.14,2026-08-01
IDAC,Iron Dome Acquisition I Corp.,,False,True,False,9.98009967803955,,,,,2026-07-30
IDAI,T Stamp Inc.,,False,True,False,3.200000047683716,5599964.0,17919885.0,-2.2,,2026-08-01
IDCC,"InterDigital, Inc.",,False,True,False,321.0899963378906,,,8.54,37.598,2026-08-01
IDN,"Intellicheck, Inc.",,False,True,False,3.8891000747680664,20251221.0,78759025.0,0.11,35.355,2026-08-01
IDXX,Idexx Laboratories,Health Care,True,True,False,594.9400024414062,78882997.0,46930650428.0,13.59,43.778,2026-08-01
IDYA,"IDEAYA Biosciences, Inc.",,False,True,False,36.59000015258789,,,-1.57,,2026-08-01
IEAG,Infinite Eagle Acquisition Corp.,,False,True,False,10.210000038146973,,,,,2026-08-01
IESC,"IES Holdings, Inc.",,False,True,False,764.3699951171875,,,22.51,33.957,2026-08-01
IEX,IDEX Corporation,Industrials,True,False,False,237.2100067138672,,,6.95,34.131,2026-08-01
IFBD,"Infobird Co., Ltd",,False,True,False,1.0399999618530273,,,,,2026-08-01
IFF,International Flavors & Fragrances,Materials,True,False,True,80.58499908447266,,,3.23,24.949,2026-08-01
IFRX,InflaRx N.V.,,False,True,False,1.774999976158142,,,,,2026-08-01
IGAC,Invest Green Acquisition Corporation,,False,True,False,10.020000457763672,,,,,2026-08-01
IGIC,International General Insurance Holdings Ltd.,,False,True,False,27.77680015563965,,,,,2026-08-01
IHRT,"iHeartMedia, Inc.",,False,True,False,3.940000057220459,,,-1.83,,2026-08-01
III,"Information Services Group, Inc.",,False,True,False,4.335000038146973,,,0.21,20.643,2026-08-01
IIIV,"i3 Verticals, Inc.",,False,True,False,21.829999923706055,,,0.63,34.651,2026-08-01
IKT,"Inhibikase Therapeutics, Inc.",,False,True,False,2.359999895095825,,,-0.44,,2026-08-01
ILAG,Intelligent Living Application Group Inc.,,False,True,False,3.450000047683716,,,,,2026-08-01
ILLR,Triller Group Inc.,,False,True,False,1.1799999475479126,,,-0.81,,2026-08-01
ILLU,Illumination Acquisition Corp I,,False,True,False,9.920000076293945,,,,,2026-08-01
ILMN,"Illumina, Inc.",,False,True,False,201.22000122070312,,,5.36,37.541,2026-08-01
ILPT,Industrial Logistics Properties Trust,,False,True,False,8.710000038146973,,,-0.71,,2026-08-01
IMA,"ImageneBio, Inc.",,False,True,False,5.735000133514404,,,-6.79,,2026-08-01
IMCC,IM Cannabis Corp.,,False,True,False,0.13109999895095825,,,,,2026-08-01
IMDX,Insight Molecular Diagnostics Inc.,,False,True,False,5.230000019073486,,,-1.51,,2026-08-01
IMKTA,"Ingles Markets, Incorporated",,False,True,False,91.88999938964844,,,,,2026-08-01
IMMR,Immersion Corporation,,False,True,False,7.639999866485596,,,0.14,54.571,2026-08-01
IMMX,"Immix Biopharma, Inc.",,False,True,False,9.279999732971191,,,-0.92,,2026-08-01
IMNM,"Immunome, Inc.",,False,True,False,24.940000534057617,,,-2.39,,2026-08-01
IMNN,"Imunon, Inc.",,False,True,False,1.6950000524520874,,,-4.52,,2026-08-01
IMPP,Imperial Petroleum Inc.,,False,True,False,4.639999866485596,,,,,2026-08-01
IMPPP,Imperial Petroleum Inc.,,False,True,False,25.860000610351562,,,,,2026-08-01
IMRX,Immuneering Corporation,,False,True,False,4.355000019073486,,,-1.06,,2026-08-01
IMSR,Terrestrial Energy Inc.,,False,True,False,5.429999828338623,,,,,2026-08-01
IMTE,Integrated Media Technology Limited,,False,True,False,0.4819999933242798,,,,,2026-08-01
IMTX,Immatics N.V.,,False,True,False,9.34000015258789,,,,,2026-08-01
IMUX,"Immunic, Inc.",,False,True,False,14.220000267028809,,,0.81,17.556,2026-08-01
IMVT,"Immunovant, Inc.",,False,True,False,39.65999984741211,,,-2.77,,2026-08-01
IMXI,"International Money Express, Inc.",,False,True,False,12.170000076293945,,,0.85,14.318,2026-08-01
INAB,"IN8bio, Inc.",,False,True,False,0.9502000212669373,,,-2.54,,2026-08-01
INAC,Indigo Acquisition Corp.,,False,True,False,10.300000190734863,,,,,2026-08-01
INBK,First Internet Bancorp,,False,True,False,29.225000381469727,8716662.0,254744450.0,-3.85,,2026-08-01
INBS,Intelligent Bio Solutions Inc.,,False,True,False,1.75,,,3.1,0.565,2026-08-01
INBX,"Inhibrx Biosciences, Inc.",,False,True,False,85.11000061035156,,,-8.39,,2026-08-01
INCR,Intercure Ltd.,,False,True,False,0.9200000166893005,,,,,2026-08-01
INCY,Incyte,Health Care,True,True,False,120.09750366210938,,,7.08,16.963,2026-08-01
INDB,Independent Bank Corp.,,False,True,False,86.24500274658203,,,5.03,17.146,2026-08-01
INDI,"indie Semiconductor, Inc.",,False,True,False,3.674999952316284,,,-0.76,,2026-08-01
INDP,"Indaptus Therapeutics, Inc.",,False,True,False,1.3300000429153442,,,-12.7,,2026-08-01
INDV,"Indivior Pharmaceuticals, Inc.",,False,True,False,36.375,,,2.79,13.038,2026-08-01
INEO,INNEOVA Holdings Limited,,False,True,False,0.6208999752998352,,,,,2026-08-01
INGM,Ingram Micro Holding Corp,,False,False,True,29.514999389648438,,,1.84,16.041,2026-08-01
INGN,"Inogen, Inc",,False,True,False,6.880000114440918,27074516.0,186272673.0,-0.91,,2026-08-01
INGR,Ingredion Inc,,False,False,True,102.95999908447266,63059061.0,6492560863.0,10.38,9.919,2026-08-01
INHD,Inno Holdings Inc.,,False,True,False,9.0,50413224.0,453719016.0,23.62,0.381,2026-08-01
INIO,INNIO N.V.,,False,True,False,26.799999237060547,750000000.0,20099999428.0,,,2026-08-01
INKT,"MiNK Therapeutics, Inc.",,False,True,False,10.999500274658203,4981899.0,54798399.0,-2.8,,2026-08-01
INLF,INLIF LIMITED,,False,True,False,3.2049999237060547,6400000.0,20512000.0,,,2026-08-01
INM,InMed Pharmaceuticals Inc.,,False,True,False,1.50600004196167,3314063.0,4990979.0,-1.75,,2026-08-01
INMB,INmune Bio Inc.,,False,True,False,1.899999976158142,26585258.0,50511990.0,-1.63,,2026-08-01
INMD,InMode Ltd.,,False,True,False,15.270000457763672,63358750.0,967488142.0,,,2026-08-01
INNV,InnovAge Holding Corp.,,False,True,False,10.859999656677246,135736393.0,1474097181.0,-0.08,,2026-08-01
INO,"Inovio Pharmaceuticals, Inc.",,False,True,False,0.6772000193595886,82273237.0,55715438.0,-1.58,,2026-08-01
INOD,Innodata Inc.,,False,True,False,70.8499984741211,32655358.0,2313632064.0,1.12,63.259,2026-08-01
INSE,"Inspired Entertainment, Inc.",,False,True,False,6.960000038146973,26675355.0,185660472.0,-0.6,,2026-08-01
INSG,Inseego Corp.,,False,True,False,7.75,16276707.0,126144479.0,0.63,12.302,2026-08-01
INSM,Insmed Incorporated,,False,True,False,98.9800033569336,216752451.0,21454158328.0,-5.76,,2026-08-01
INTA,"Intapp, Inc.",,False,True,False,33.03499984741211,77061595.0,2545729779.0,-0.45,,2026-08-01
INTC,Intel,Information Technology,True,True,True,100.30999755859375,5044000000.0,505963627686.0,-2.09,,2026-08-01
INTG,The Intergroup Corporation,,False,True,False,31.360000610351562,2148812.0,67386746.0,0.4,78.4,2026-08-01
INTJ,Intelligent Group Limited,,False,True,False,2.7300000190734863,11250000.0,30712500.0,,,2026-08-01
INTR,Inter & Co. Inc.,,False,True,False,5.639999866485596,228521790.0,1288862865.0,,,2026-08-01
INTS,"Intensity Therapeutics, Inc.",,False,True,False,4.159999847412109,2702820.0,11243731.0,-4.01,,2026-08-01
INTU,Intuit,Information Technology,True,True,True,320.9849853515625,273537000.0,87801269938.0,16.44,19.525,2026-08-01
INTZ,Intrusion Inc.,,False,True,False,0.7703999876976013,20369066.0,15692328.0,-0.53,,2026-08-01
INV,"Innventure, Inc.",,False,True,False,3.5899999141693115,84044748.0,301720638.0,-2.56,,2026-08-01
INVA,"Innoviva, Inc.",,False,True,False,20.7450008392334,73808749.0,1531162560.0,6.26,3.314,2026-08-01
INVE,"Identiv, Inc.",,False,True,False,2.7100000381469727,24006212.0,65056835.0,-0.73,,2026-08-01
INVH,Invitation Homes,Real Estate,True,False,False,30.40999984741211,590623226.0,17960852213.0,1.09,27.899,2026-08-01
INVZ,Innoviz Technologies Ltd.,,False,True,False,0.4104999899864197,214090980.0,87884345.0,,,2026-08-01
IOND,Ionic Digital Inc.,,False,True,False,62.095001220703125,,,,,2026-08-04
IONS,"Ionis Pharmaceuticals, Inc.",,False,True,False,54.9900016784668,166184322.0,9138476146.0,-3.46,,2026-08-01
IOSP,Innospec Inc.,,False,True,False,86.38999938964844,24631047.0,2127876135.0,4.58,18.862,2026-08-01
IOTR,iOThree Limited,,False,True,False,2.924499988555908,24000000.0,70188000.0,,,2026-08-01
IOVA,"Iovance Biotherapeutics, Inc.",,False,True,False,4.445000171661377,446502396.0,1984703227.0,-1.12,,2026-08-01
IP,International Paper,Materials,True,False,False,42.314998626708984,529516974.0,22406510028.0,-6.36,,2026-08-01
IPAR,"Interparfums, Inc.",,False,True,False,127.1500015258789,32025781.0,4072078103.0,5.27,24.127,2026-08-01
IPCX,Inflection Point Acquisition Corp. III,,False,True,False,4.879899978637695,,,,,2026-08-01
IPDN,"Professional Diversity Network, Inc.",,False,True,False,0.43810001015663147,10524032.0,4610579.0,,,2026-08-01
IPEX,Inflection Point Acquisition Corp.,,False,True,False,10.539999961853027,,,,,2026-08-01
IPFX,Inflection Point Acquisition Corp. VI,,False,True,False,10.109999656677246,,,,,2026-08-01
IPGP,IPG Photonics Corporation,,False,True,False,94.17630004882812,42443616.0,3997182716.0,0.68,138.495,2026-08-01
IPM,Intelligent Protection Management Corp.,,False,True,False,1.8350000381469727,9035729.0,16580563.0,-0.26,,2026-08-01
IPSC,"Century Therapeutics, Inc.",,False,True,False,2.0350000858306885,180354809.0,367022052.0,-1.14,,2026-08-01
IPST,"IP Strategy Holdings, Inc.",,False,True,False,2.0950000286102295,686080.0,1437338.0,-15.39,,2026-08-01
IPVV,"InterPrivate Investment Partners V, Inc.",,False,True,False,9.8100004196167,,,,,2026-08-04
IPW,iPower Inc.,,False,True,False,0.5328999757766724,5289919.0,2818998.0,-2.07,,2026-08-01
IPWR,Ideal Power Inc.,,False,True,False,4.058300018310547,12155901.0,49332293.0,-1.37,,2026-08-01
IQST,iQSTEL Inc.,,False,True,False,1.1050000190734863,6735946.0,7443220.0,-2.71,,2026-08-01
IQV,IQVIA,Health Care,True,False,True,228.24000549316406,166900000.0,38093256917.0,8.05,28.353,2026-08-01
IR,Ingersoll Rand,Industrials,True,False,False,89.04000091552734,387999429.0,34547469513.0,2.43,36.642,2026-08-01
IRD,"Opus Genetics, Inc.",,False,True,False,3.684999942779541,81395539.0,299942557.0,-1.31,,2026-08-01
IRDM,Iridium Communications Inc,,False,True,False,49.709999084472656,105960383.0,5267290542.0,0.88,56.489,2026-08-01
IREN,IREN Limited,,False,True,False,41.20000076293945,357378674.0,14724001641.0,0.65,63.385,2026-08-01
IRHO,Iron Horse Acquisitions II Corp.,,False,True,False,10.010000228881836,29320000.0,293493207.0,,,2026-08-01
IRIX,IRIDEX Corporation,,False,True,False,0.8500000238418579,17406518.0,14795541.0,-0.19,,2026-08-01
IRM,Iron Mountain,Real Estate,True,False,False,125.56999969482422,297524681.0,37360174102.0,0.92,136.489,2026-08-01
IRMD,iRadimed Corporation,,False,True,False,94.66999816894531,12786991.0,1210544415.0,1.79,52.888,2026-08-01
IRON,"Disc Medicine, Inc.",,False,True,False,78.4800033569336,38392844.0,3013070526.0,-6.6,,2026-08-01
IRTC,"iRhythm Holdings, Inc.",,False,True,False,126.57499694824219,32862408.0,4159559192.0,-0.85,,2026-08-01
IRWD,"Ironwood Pharmaceuticals, Inc.",,False,True,False,4.385000228881836,164613406.0,721829823.0,0.6,7.308,2026-08-01
ISBA,Isabella Bank Corporation,,False,True,False,40.439998626708984,7332561.0,296528757.0,2.71,14.923,2026-08-01
ISNR,Snow Rothschild Acquisition Corp.,,False,True,False,9.8100004196167,,,,,2026-07-31
ISPC,iSpecimen Inc.,,False,True,False,2.0799999237060547,1437157.0,2989286.0,19.61,0.106,2026-08-01
ISPR,Ispire Technology Inc.,,False,True,False,1.5549999475479126,57399396.0,89256058.0,-0.61,,2026-08-01
ISRG,Intuitive Surgical,Health Care,True,True,False,365.3500061035156,353278038.0,129070133340.0,8.71,41.946,2026-08-01
ISSC,"Innovative Solutions and Support, Inc.",,False,True,False,20.350000381469727,17892747.0,364117408.0,0.95,21.421,2026-08-01
ISTR,Investar Holding Corporation,,False,True,False,30.729999542236328,13793585.0,423876861.0,2.27,13.537,2026-08-01
IT,Gartner,Information Technology,True,False,False,185.6999969482422,63148976.0,11726764650.0,11.15,16.655,2026-08-01
ITG,"ITG, Inc.",,False,True,False,13.130000114440918,,,,,2026-08-01
ITHA,ITHAX Acquisition Corp III,,False,True,False,10.0,,,,,2026-08-01
ITIC,Investors Title Company,,False,True,False,291.94500732421875,1887996.0,551191006.0,20.1,14.525,2026-08-01
ITOC,iTonic Holdings Ltd,,False,True,False,0.28200000524520874,,,,,2026-08-01
ITRI,"Itron, Inc.",,False,True,False,104.26000213623047,43786753.0,4565206961.0,5.98,17.435,2026-08-01
ITRN,Ituran Location and Control Ltd.,,False,True,False,56.560001373291016,19808642.0,1120376819.0,,,2026-08-01
ITW,Illinois Tool Works,Industrials,True,False,True,294.5325012207031,287700000.0,84737000601.0,10.77,27.347,2026-08-01
IVA,Inventiva S.A.,,False,True,False,4.5,193236978.0,869566401.0,,,2026-08-01
IVDA,"Iveda Solutions, Inc.",,False,True,False,0.27390000224113464,11594027.0,3175604.0,-0.66,,2026-08-01
IVF,"INVO Fertility, Inc.",,False,True,False,1.0099999904632568,1786035.0,1803895.0,3255.91,0.0,2026-08-01
IVVD,"Invivyd, Inc.",,False,True,False,0.5666000247001648,294607452.0,166924590.0,-0.29,,2026-08-01
IVZ,Invesco,Financials,True,False,False,31.895000457763672,443296629.0,14138946185.0,-1.47,,2026-08-01
IXHL,Incannex Healthcare Inc.,,False,True,False,2.940000057220459,11964554.0,35175789.0,5.07,0.58,2026-08-01
IZEA,"IZEA Worldwide, Inc.",,False,True,False,3.569999933242798,17513351.0,62522662.0,-0.03,,2026-08-01
IZM,ICZOOM Group Inc.,,False,True,False,0.26600000262260437,,,,,2026-08-01
J,Jacobs Solutions,Industrials,True,False,True,142.94500732421875,118080879.0,16879072114.0,3.21,44.531,2026-08-01
JACK,Jack In The Box Inc.,,False,True,False,17.020000457763672,19073616.0,324632953.0,1.88,9.053,2026-08-01
JAGX,"Jaguar Health, Inc.",,False,True,False,1.0099999904632568,171350166.0,173063666.0,547.88,0.002,2026-08-01
JAKK,"JAKKS Pacific, Inc.",,False,True,False,26.059999465942383,11445012.0,298257007.0,1.4,18.614,2026-08-01
JANX,"Janux Therapeutics, Inc.",,False,True,False,15.890000343322754,60984354.0,969041406.0,-1.84,,2026-08-01
JATT,JATT II Acquisition Corp,,False,True,False,12.0600004196167,8025000.0,96781503.0,,,2026-07-01
JAZZ,Jazz Pharmaceuticals plc,,False,True,False,260.7200012207031,64914577.0,16924528595.0,14.63,17.821,2026-08-01
JBDI,JBDI Holdings Limited,,False,True,False,1.4098000526428223,19254471.0,27144954.0,,,2026-08-01
JBHT,J.B. Hunt,Industrials,True,True,False,272.8800048828125,93914939.0,25627509013.0,7.04,38.761,2026-08-01
JBIO,"Jade Biosciences, Inc.",,False,True,False,21.3700008392334,49359875.0,1054820570.0,8.34,2.562,2026-08-01
JBL,Jabil,Information Technology,True,False,True,342.70001220703125,104787089.0,35910536679.0,7.97,42.999,2026-08-01
JBLU,JetBlue Airways Corporation,,False,True,True,6.447299957275391,377312181.0,2432644808.0,-2.38,,2026-08-01
JBSS,"John B. Sanfilippo & Son, Inc.",,False,True,False,84.91000366210938,8121180.0,689569424.0,5.7,14.896,2026-08-01
JCAP,"Jefferson Capital, Inc.",,False,True,False,20.670000076293945,55418467.0,1145499717.0,,,2026-08-01
JCI,Johnson Controls,Industrials,True,False,False,153.30999755859375,610115603.0,93536821606.0,5.53,27.723,2026-08-01
JCSE,JE Cleantech Holdings Limited,,False,True,False,1.409999966621399,5306666.0,7482399.0,,,2026-08-01
JCTC,Jewett-Cameron Trading Company,,False,True,False,2.7200000286102295,3520113.0,9574707.0,-2.35,,2026-08-01
JDZG,JIADE LIMITED,,False,True,False,3.440000057220459,24535471.0,84402022.0,,,2026-08-01
JEM,707 Cayman Holdings Limited,,False,True,False,5.260000228881836,26340000.0,138548406.0,,,2026-08-01
JFB,JFB Construction Holdings,,False,True,False,4.324999809265137,17521630.0,75781046.0,-0.56,,2026-08-01
JJSF,J & J Snack Foods Corp.,,False,True,False,78.63009643554688,18753416.0,1474582909.0,2.99,26.298,2026-08-01
JKHY,Jack Henry & Associates,Financials,True,True,False,155.46499633789062,71050780.0,11045909253.0,7.15,21.743,2026-08-01
JL,J-Long Group Limited,,False,True,False,5.78000020980835,3761701.0,21742633.0,,,2026-08-01
JLHL,Julong Holding Limited,,False,True,False,6.140100002288818,21448632.0,131696745.0,,,2026-08-01
JLL,JONES LANG LASALLE INC,,False,False,True,366.6300048828125,46007703.0,16867804376.0,20.86,17.576,2026-08-01
JMSB,"John Marshall Bancorp, Inc.",,False,True,False,23.860000610351562,14112223.0,336717649.0,1.58,15.101,2026-08-01
JNJ,Johnson & Johnson,Health Care,True,False,True,253.80999755859375,2409898597.0,611656357021.0,8.61,29.479,2026-08-01
JOUT,Johnson Outdoors Inc.,,False,True,False,48.119998931884766,,,,,2026-08-01
JPM,JPMorgan Chase,Financials,True,False,True,359.25,2679511418.0,962614476916.0,20.89,17.197,2026-08-01
JRSH,"Jerash Holdings (US), Inc.",,False,True,False,4.8628997802734375,12699940.0,61758535.0,0.27,18.011,2026-08-01
JRVR,"James River Group Holdings, Inc.",,False,True,False,4.630000114440918,46236856.0,214076649.0,0.4,11.575,2026-08-01
JSPR,"Jasper Therapeutics, Inc.",,False,True,False,0.6297000050544739,27996819.0,17629597.0,-2.58,,2026-08-01
JTAI,Jet.AI Inc.,,False,True,False,2.2200000286102295,1421721.0,3156221.0,364.08,0.006,2026-08-01
JUNS,"Jupiter Neurosciences, Inc.",,False,True,False,0.10300000011920929,36281252.0,3736969.0,-0.26,,2026-08-01
JVA,"Coffee Holding Co., Inc.",,False,True,False,3.420099973678589,5708599.0,19523979.0,0.28,12.215,2026-08-01
JWEL,Jowell Global Ltd.,,False,True,False,1.7300000190734863,2376131.0,4110707.0,,,2026-08-01
JXG,JX Luxventure Group Inc.,,False,True,False,6.989999771118164,1426522.0,9971388.0,,,2026-07-01
JXN,Jackson Financial Inc.,,False,False,True,133.80999755859375,67728744.0,9062783069.0,0.82,163.183,2026-08-01
JYD,Jayud Global Logistics Limited,,False,True,False,0.8901000022888184,,,,,2026-08-01
JYNT,The Joint Corp.,,False,True,False,8.28499984741211,14255396.0,118105954.0,0.23,36.022,2026-08-01
JZXN,"Jiuzi Holdings, Inc.",,False,True,False,1.6399999856948853,1255785.0,2059487.0,,,2026-08-01
KALA,"KALA BIO, Inc.",,False,True,False,0.7418000102043152,18589832.0,13789938.0,67.04,0.011,2026-08-01
KALU,Kaiser Aluminum Corporation,,False,True,False,174.42100524902344,16349092.0,2851625062.0,13.48,12.939,2026-08-01
KARD,"Kardigan, Inc.",,False,True,False,20.490299224853516,,,,,2026-08-01
KARO,Karooooo Ltd.,,False,True,False,64.45999908447266,30893300.0,1991382090.0,,,2026-08-01
KAZR,Skyline Builders Group Holding Limited,,False,True,False,2.140000104904175,,,,,2026-08-01
KBON,Karbon Capital Partners Corp.,,False,True,False,10.079999923706055,,,,,2026-08-01
KBSX,FST Corp.,,False,True,False,1.0190000534057617,44766003.0,45616559.0,,,2026-08-01
KCHV,Kochav Defense Acquisition Corp.,,False,True,False,10.399999618530273,,,,,2026-08-01
KD,"Kyndryl Holdings, Inc.",,False,False,True,14.545000076293945,219918196.0,3198710178.0,0.85,17.112,2026-08-01
KDK,"Kodiak AI, Inc.",,False,True,False,4.570000171661377,183850415.0,840196428.0,-6.28,,2026-08-01
KDP,Keurig Dr Pepper,Consumer Staples,True,True,True,31.094999313354492,1360559471.0,42306595817.0,1.35,23.033,2026-08-01
KE,"Kimball Electronics, Inc.",,False,True,False,27.260000228881836,24048925.0,655573701.0,1.05,25.962,2026-08-01
KEEL,Keel Infrastructure Corp.,,False,True,False,4.215000152587891,603828651.0,2545137856.0,,,2026-08-01
KELYA,"Kelly Services, Inc.",,False,True,False,15.100000381469727,,,-7.57,,2026-08-01
KELYB,"Kelly Services, Inc.",,False,True,False,22.079999923706055,,,-7.57,,2026-07-01
KEQU,Kewaunee Scientific Corporation,,False,True,False,36.43000030517578,2870410.0,104569037.0,3.22,11.314,2026-08-01
KEY,KeyCorp,Financials,True,False,False,23.184999465942383,1084225688.0,25137771997.0,1.63,14.224,2026-08-01
KEYS,Keysight Technologies,Information Technology,True,False,False,342.81500244140625,170895368.0,58585495998.0,6.1,56.199,2026-08-01
KEYY,Keystone Acquisition Corp.,,False,True,False,9.864999771118164,,,,,2026-08-01
KFFB,Kentucky First Federal Bancorp,,False,True,False,5.564700126647949,8086715.0,45000144.0,0.17,32.734,2026-08-01
KFII,K&F Growth Acquisition Corp. II,,False,True,False,10.600000381469727,,,,,2026-08-01
KG,"Kestrel Group, Ltd.",,False,True,False,9.369999885559082,7824030.0,73311160.0,7.26,1.291,2026-08-01
KGEI,Kolibri Global Energy Inc.,,False,True,False,5.119999885559082,35471833.0,181615781.0,,,2026-08-01
KHC,Kraft Heinz,Consumer Staples,True,True,True,26.385000228881836,1185777638.0,31286743250.0,-4.85,,2026-08-01
KIDS,OrthoPediatrics Corp.,,False,True,False,20.979999542236328,25684994.0,538871162.0,-1.68,,2026-08-01
KIDZ,KIDZ AI Inc.,,False,True,False,0.4747999906539917,1174718.0,557756.0,,,2026-08-01
KIM,Kimco Realty,Real Estate,True,False,False,25.25,670789373.0,16937431668.0,0.86,29.36,2026-08-01
KINS,"Kingstone Companies, Inc",,False,True,False,20.299999237060547,14484841.0,294042261.0,2.21,9.186,2026-08-01
KITT,"Nauticus Robotics, Inc.",,False,True,False,1.0462000370025635,5002925.0,5234060.0,6.94,0.151,2026-08-01
KKR,KKR & Co.,Financials,True,False,True,107.70500183105469,897872941.0,96705406754.0,,,2026-08-01
KLAC,KLA Corporation,Information Technology,True,True,True,194.83999633789062,130627521.0,25451465713.0,35.31,5.518,2026-08-01
KLIC,"Kulicke and Soffa Industries, Inc.",,False,True,False,94.02999877929688,52332877.0,4920860360.0,1.064,88.374,2026-08-01
KLRA,"Kailera Therapeutics, Inc.",,False,True,False,17.8799991607666,129565608.0,2316632962.0,,,2026-08-01
KLRS,"Kalaris Therapeutics, Inc.",,False,True,False,4.230000019073486,23792278.0,100641336.0,-0.79,,2026-08-01
KLTR,"Kaltura, Inc.",,False,True,False,1.4249999523162842,150374742.0,214284000.0,-0.1,,2026-08-01
KLXE,"KLX Energy Services Holdings, Inc.",,False,True,False,2.1549999713897705,19911759.0,42909840.0,-3.73,,2026-08-01
KMB,Kimberly-Clark,Consumer Staples,True,True,True,111.08999633789062,332579038.0,36946204113.0,5.88,18.893,2026-08-01
KMDA,Kamada Ltd.,,False,True,False,7.25,57686056.0,418223906.0,,,2026-08-01
KMI,Kinder Morgan,Energy,True,False,True,31.479999542236328,2226802089.0,70099728742.0,1.56,20.179,2026-08-01
KMRK,K-Tech Solutions Company Limited,,False,True,False,1.149999976158142,19500000.0,22425000.0,,,2026-08-01
KMTS,"Kestra Medical Technologies, Ltd.",,False,True,False,24.399999618530273,58602497.0,1429900904.0,-2.43,,2026-08-01
KMX,CARMAX INC,,False,False,True,58.11000061035156,141911096.0,8246453875.0,1.61,36.093,2026-08-01
KNDI,"Kandi Technologies Group, Inc.",,False,True,False,0.6973999738693237,82705365.0,57678719.0,,,2026-08-01
KNSA,"Kiniksa Pharmaceuticals International, plc",,False,True,False,76.0999984741211,,,0.91,83.626,2026-08-01
KNX,Knight-Swift Transportation Holdings Inc.,,False,False,True,70.9800033569336,162494000.0,11533824665.0,0.21,338.0,2026-08-01
KO,Coca-Cola Company (The),Consumer Staples,True,False,True,86.43009948730469,4302482418.0,371863983430.0,3.18,27.179,2026-08-01
KOD,Kodiak Sciences Inc,,False,True,False,42.31999969482422,62578441.0,2648319604.0,-4.17,,2026-08-01
KOPN,Kopin Corporation,,False,True,False,4.235000133514404,182920310.0,774667537.0,0.01,423.5,2026-08-01
KOSS,Koss Corporation,,False,True,False,3.7395999431610107,9466438.0,35400691.0,-0.11,,2026-08-01
KOYN,CSLM Digital Asset Acquisition Corp III,,False,True,False,10.180000305175781,,,,,2026-08-01
KPLT,"Katapult Holdings, Inc.",,False,True,False,6.570000171661377,4972405.0,32668702.0,1.41,4.66,2026-08-01
KPRX,"Kiora Pharmaceuticals, Inc.",,False,True,False,2.450000047683716,4431940.0,10858253.0,-2.7,,2026-08-01
KPTI,Karyopharm Therapeutics Inc.,,False,True,False,2.0350000858306885,22662943.0,46119091.0,-16.4,,2026-08-01
KR,Kroger,Consumer Staples,True,False,True,57.970001220703125,612647282.0,35515163685.0,1.71,33.901,2026-08-01
KRAQ,KRAKacquisition Corp,,False,True,False,9.984999656677246,43125000.0,430603110.0,,,2026-08-01
KRMD,"KORU Medical Systems, Inc.",,False,True,False,4.289899826049805,45933000.0,197047969.0,-0.05,,2026-08-01
KRNT,Kornit Digital Ltd.,,False,True,False,17.084999084472656,46290822.0,790878651.0,,,2026-08-01
KRNY,Kearny Financial,,False,True,False,9.800000190734863,64739151.0,634443692.0,0.57,17.193,2026-08-01
KROS,"Keros Therapeutics, Inc.",,False,True,False,10.180000305175781,19827188.0,201840780.0,-3.22,,2026-08-01
KRRO,"Korro Bio, Inc.",,False,True,False,11.0600004196167,14422571.0,159513641.0,-11.68,,2026-08-01
KRT,Karat Packaging Inc.,,False,True,False,41.13999938964844,19963731.0,821307881.0,1.58,26.038,2026-08-01
KRUS,"Kura Sushi USA, Inc.",,False,True,False,48.005001068115234,,,-0.18,,2026-08-01
KRYS,"Krystal Biotech, Inc.",,False,True,False,328.20001220703125,29598836.0,9714338337.0,7.97,41.179,2026-08-01
KSCP,"Knightscope, Inc.",,False,True,False,1.6229000091552734,75377489.0,122330128.0,-3.46,,2026-08-01
KSPI,Joint Stock Company Kaspi.kz,,False,True,False,92.40160369873047,190227932.0,17577365985.0,,,2026-08-01
KTCC,Key Tronic Corporation,,False,True,False,4.090000152587891,10859269.0,44414412.0,-1.59,,2026-08-01
KTOS,"Kratos Defense & Security Solutions, Inc.",,False,True,False,52.099998474121094,187519984.0,9769790880.0,0.17,306.471,2026-08-01
KTTA,Pasithea Therapeutics Corp.,,False,True,False,0.4675000011920929,33414448.0,15621254.0,-1.42,,2026-08-01
KTWO,K2 Capital Acquisition Corporation,,False,True,False,10.029999732971191,,,,,2026-08-01
KURA,"Kura Oncology, Inc.",,False,True,False,9.585000038146973,88774365.0,850902292.0,-3.35,,2026-08-01
KUST,"Kustom Entertainment, Inc.",,False,True,False,1.409999966621399,626860.0,883873.0,-2140.2,,2026-08-01
KVHI,"KVH Industries, Inc.",,False,True,False,9.380000114440918,19497751.0,182888907.0,-0.26,,2026-08-01
KVUE,Kenvue,Consumer Staples,True,False,False,19.43000030517578,1920008668.0,37305769005.0,0.84,23.131,2026-08-01
KWM,"K Wave Media, Ltd.",,False,True,False,2.2290000915527344,64221193.0,143149045.0,,,2026-08-01
KXIN,Kaixin Holdings,,False,True,False,5.099899768829346,5489162.0,27994176.0,,,2026-08-01
KYIV,Kyivstar Group Ltd.,,False,True,False,13.680000305175781,230863624.0,3158214447.0,,,2026-08-01
KYMR,"Kymera Therapeutics, Inc.",,False,True,False,104.55000305175781,82257588.0,8600031076.0,-3.58,,2026-08-01
KYNB,"Kyntra Bio, Inc.",,False,True,False,6.989999771118164,4048112.0,28296302.0,40.46,0.173,2026-08-01
KYTX,"Kyverna Therapeutics, Inc.",,False,True,False,7.789999961853027,60795212.0,473594699.0,-3.27,,2026-08-01
L,Loews Corporation,Financials,True,False,True,115.95999908447266,204427720.0,23705438224.0,8.15,14.228,2026-08-01
LAB,Standard BioTools Inc.,,False,True,False,0.8465999960899353,390071506.0,330234535.0,0.2,4.233,2026-08-01
LABT,Lakewood-Amedex Biotherapeutics Inc.,,False,True,False,2.265000104904175,6995469.0,15844738.0,,,2026-08-01
LAD,LITHIA MOTORS INC,,False,False,True,370.989990234375,21983116.0,8155515990.0,30.33,12.232,2026-08-01
LAES,SEALSQ Corp,,False,True,False,2.565000057220459,191525129.0,491261967.0,,,2026-08-01
LAFA,LaFayette Acquisition Corp.,,False,True,False,10.130000114440918,15713333.0,159176065.0,,,2026-08-01
LAKE,"Lakeland Industries, Inc.",,False,True,False,11.850000381469727,9869164.0,116949597.0,-2.18,,2026-08-01
LAMR,Lamar Advertising Company,,False,True,False,159.88999938964844,,,5.42,29.5,2026-08-01
LAND,Gladstone Land Corporation,,False,True,False,8.114999771118164,43136573.0,350053280.0,-0.78,,2026-08-01
LARK,Landmark Bancorp Inc.,,False,True,False,31.625,6097552.0,192835082.0,3.13,10.104,2026-08-01
LASE,Laser Photonics Corporation,,False,True,False,1.0700000524520874,38319788.0,41002175.0,-1.06,,2026-08-01
LASR,"nLIGHT, Inc.",,False,True,False,78.30999755859375,56408709.0,4417365864.0,-0.3,,2026-08-01
LATA,Galata Acquisition Corp. II,,False,True,False,10.140000343322754,,,,,2026-08-01
LAUR,"Laureate Education, Inc.",,False,True,False,37.58000183105469,137749360.0,5176621201.0,2.2,17.082,2026-08-01
LAWR,"Robot Consulting Co., Ltd.",,False,True,False,3.75,45960000.0,172350000.0,,,2026-07-01
LBGJ,Li Bang International Corporation Inc.,,False,True,False,3.2300000190734863,18748000.0,60556040.0,,,2026-08-01
LBRDA,Liberty Broadband Corporation,,False,True,False,35.43000030517578,,,-33.89,,2026-08-01
LBRDK,Liberty Broadband Corporation,,False,True,False,35.54999923706055,,,-33.89,,2026-08-01
LBRX,LB Pharmaceuticals Inc,,False,True,False,45.25,28676652.0,1297618503.0,-55.56,,2026-08-01
LBTYA,Liberty Global Ltd.,,False,True,False,10.885000228881836,,,-16.06,,2026-08-01
LBTYB,Liberty Global Ltd.,,False,True,False,12.199999809265137,,,-16.06,,2026-07-01
LBTYK,Liberty Global Ltd.,,False,True,False,10.505000114440918,,,-16.06,,2026-08-01
LCCC,Lakeshore Acquisition III Corp.,,False,True,False,10.479999542236328,8905000.0,93324396.0,0.39,26.872,2026-08-01
LCFY,Locafy Limited,,False,True,False,2.383699893951416,1799055.0,4288407.0,,,2026-08-01
LCID,"Lucid Group, Inc.",,False,True,False,7.605000019073486,390256808.0,2967903032.0,-13.14,,2026-08-01
LCNB,LCNB Corporation,,False,True,False,19.770000457763672,14246007.0,281643565.0,1.61,12.28,2026-08-01
LCUT,"Lifetime Brands, Inc.",,False,True,False,8.520000457763672,22855008.0,194724679.0,-1.27,,2026-08-01
LDOS,Leidos,Industrials,True,False,True,129.7899932861328,125492209.0,16287632964.0,10.73,12.096,2026-08-01
LE,"Lands' End, Inc.",,False,True,False,12.890000343322754,30740867.0,396249786.0,11.01,1.171,2026-08-01
LEA,LEAR CORP,,False,False,True,124.66000366210938,49324764.0,6148825261.0,10.73,11.618,2026-08-01
LECO,"Lincoln Electric Holdings, Inc.",,False,True,False,277.0,54505757.0,15098094689.0,10.01,27.672,2026-08-01
LEDS,SemiLEDS Corporation,,False,True,False,2.115000009536743,8273403.0,17498247.0,-0.13,,2026-08-01
LEE,"Lee Enterprises, Incorporated",,False,True,False,8.140000343322754,22229936.0,180951687.0,-2.41,,2026-08-01
LEGH,Legacy Housing Corporation,,False,True,False,27.270000457763672,23781601.0,648524270.0,1.79,15.235,2026-08-01
LEN,Lennar,Consumer Discretionary,True,False,False,86.69000244140625,,,6.27,13.826,2026-08-01
LENZ,"LENZ Therapeutics, Inc.",,False,True,False,4.986199855804443,31354394.0,156339275.0,-3.64,,2026-08-01
LESL,"Leslie's, Inc.",,False,True,False,1.2899999618530273,9359448.0,12073688.0,-29.76,,2026-08-01
LEXX,Lexaria Bioscience Corp.,,False,True,False,5.316500186920166,24787446.0,131782461.0,-0.35,,2026-08-01
LFAC,Leapfrog Acquisition Corporation,,False,True,False,10.050000190734863,,,,,2026-08-01
LFCR,"Lifecore Biomedical, Inc.",,False,True,False,4.389999866485596,37509407.0,164666292.0,-1.21,,2026-08-01
LFMD,"LifeMD, Inc.",,False,True,False,3.815000057220459,48362510.0,184502978.0,-0.43,,2026-08-01
LFST,"LifeStance Health Group, Inc.",,False,True,False,10.371399879455566,387834432.0,4022385981.0,0.06,172.857,2026-08-01
LFTO,"Liftoff Mobile, Inc.",,False,True,False,25.670000076293945,,,,,2026-08-01
LFUS,"Littelfuse, Inc.",,False,True,False,464.760009765625,25288904.0,11753271270.0,-1.68,,2026-08-01
LFVN,Lifevantage Corporation,,False,True,False,6.639999866485596,12615822.0,83769056.0,0.46,14.435,2026-08-01
LFWD,Lifeward Ltd.,,False,True,False,7.210000038146973,2814409.0,20291889.0,-18.33,,2026-08-01
LGCL,Lucas GC Limited,,False,True,False,1.3200000524520874,2790404.0,3683333.0,,,2026-08-01
LGIH,"LGI Homes, Inc.",,False,True,False,60.560001373291016,23232279.0,1406946848.0,3.04,19.921,2026-08-01
LGN,Legence Corp.,,False,True,False,67.5199966430664,,,,,2026-08-01
LGND,Ligand Pharmaceuticals Incorporated,,False,True,False,299.80999755859375,20041061.0,6008510449.0,7.67,39.089,2026-08-01
LGO,Largo Inc.,,False,True,False,0.6636000275611877,83673905.0,55526006.0,,,2026-08-01
LGVN,Longeveron Inc.,,False,True,False,0.7990999817848206,,,-1.14,,2026-08-01
LH,Labcorp,Health Care,True,False,False,312.3800048828125,82000000.0,25615160400.0,11.29,27.669,2026-08-01
LHAI,Linkhome Holdings Inc.,,False,True,False,0.8300999999046326,16230000.0,13472523.0,,,2026-08-01
LHSW,Lianhe Sowell International Group Ltd,,False,True,False,2.6579999923706055,52000000.0,138216000.0,,,2026-08-01
LHX,L3Harris,Industrials,True,False,False,286.0799865722656,186214616.0,53272274845.0,9.9,28.897,2026-08-01
LICN,Lichen International Limited,,False,True,False,1.149999976158142,,,,,2026-08-01
LIDR,"AEye, Inc.",,False,True,False,1.2549999952316284,46314820.0,58125099.0,-11.81,,2026-08-01
LIEN,"Chicago Atlantic BDC, Inc.",,False,True,False,9.329999923706055,22820590.0,212916103.0,1.5,6.22,2026-08-01
LIF,"Life360, Inc.",,False,True,False,62.70000076293945,81031691.0,5080687088.0,1.75,35.829,2026-08-01
LIFE,Ethos Technologies Inc.,,False,True,False,28.834999084472656,,,,,2026-08-01
LII,Lennox International,Industrials,True,False,False,444.7900085449219,34799968.0,15478678064.0,22.51,19.76,2026-08-01
LILA,Liberty Latin America Ltd.,,False,True,False,8.40999984741211,,,-2.48,,2026-08-01
LILAK,Liberty Latin America Ltd.,,False,True,False,8.28499984741211,,,-2.48,,2026-08-01
LILAP,Liberty Latin America Ltd.,,False,True,False,20.290000915527344,,,-2.48,,2026-08-01
LIME,"Neutron Holdings, Inc.",,False,True,False,31.450000762939453,,,,,2026-08-01
LIMN,"Liminatus Pharma, Inc.",,False,True,False,0.11810000240802765,44877633.0,5300049.0,-0.44,,2026-08-01
LIN,Linde plc,Materials,True,True,False,482.2300109863281,460980163.0,222298469068.0,15.5,31.112,2026-08-01
LINC,Lincoln Educational Services Corporation,,False,True,False,43.25,31720728.0,1371921486.0,0.72,60.069,2026-08-01
LIND,Lindblad Expeditions Holdings Inc.,,False,True,False,33.84000015258789,65619689.0,2220570286.0,-0.38,,2026-08-01
LINE,"Lineage, Inc.",,False,True,False,41.560001373291016,227674365.0,9462146922.0,-0.62,,2026-08-01
LINK,"Interlink Electronics, Inc.",,False,True,False,4.670000076293945,15750007.0,73552534.0,-0.18,,2026-08-01
LIQT,"LiqTech International, Inc.",,False,True,False,0.6700000166893005,9947841.0,6665054.0,,,2026-08-01
LITE,Lumentum,Information Technology,True,True,False,861.7000122070312,77800000.0,67040260950.0,5.54,155.542,2026-08-01
LITS,"Lite Strategy, Inc.",,False,True,False,0.9555000066757202,34025200.0,32511079.0,-2.0,,2026-08-01
LIVE,Live Ventures Incorporated,,False,True,False,9.819999694824219,3071656.0,30163661.0,-1.1,,2026-08-01
LIVN,LivaNova PLC,,False,True,False,84.75,54933538.0,4655617346.0,1.96,43.24,2026-08-01
LKFN,Lakeland Financial Corporation,,False,True,False,63.709999084472656,24913586.0,1587244541.0,4.27,14.92,2026-08-01
LKQ,LKQ Corporation,,False,True,True,23.989999771118164,253002086.0,6069519985.0,1.78,13.478,2026-08-01
LKSP,Lake Superior Acquisition Corp.,,False,True,False,10.170000076293945,15693333.0,159601198.0,,,2026-08-01
LLY,Lilly (Eli),Health Care,True,False,True,1113.5999755859375,941741406.0,1048723206730.0,28.15,39.56,2026-08-01
LLYVA,"Liberty Live Holdings, Inc.",,False,True,False,100.6240005493164,,,,,2026-08-01
LLYVK,"Liberty Live Holdings, Inc.",,False,True,False,104.26000213623047,,,,,2026-08-01
LMAT,"LeMaitre Vascular, Inc.",,False,True,False,105.0999984741211,22850739.0,2401612634.0,2.72,38.64,2026-08-01
LMB,"Limbach Holdings, Inc.",,False,True,False,76.13999938964844,11921067.0,907670034.0,2.74,27.788,2026-08-01
LMNR,Limoneira Co,,False,True,False,13.359999656677246,18132007.0,242243607.0,-2.28,,2026-08-01
LMRI,"Lumexa Imaging Holdings, Inc.",,False,True,False,11.319999694824219,96080735.0,1087633891.0,,,2026-08-01
LMT,Lockheed Martin,Industrials,True,False,True,591.0599975585938,230790753.0,136411181905.0,27.13,21.786,2026-08-01
LNAI,Lunai Bioworks Inc.,,False,True,False,2.490000009536743,36271119.0,90315087.0,2.08,1.197,2026-08-01
LNC,LINCOLN NATIONAL CORP,,False,False,True,46.779998779296875,191447336.0,8955906144.0,12.06,3.879,2026-08-01
LNG,"Cheniere Energy, Inc.",,False,False,True,258.489990234375,209551868.0,54167060313.0,5.91,43.738,2026-08-01
LNKS,Linkers Industries Limited,,False,True,False,0.9998000264167786,,,,,2026-08-01
LNSR,"LENSAR, Inc.",,False,True,False,5.480000019073486,12104328.0,66331718.0,-0.55,,2026-08-01
LNT,Alliant Energy,Utilities,True,True,False,70.62000274658203,258277037.0,18239525062.0,3.18,22.208,2026-08-01
LNTH,"Lantheus Holdings, Inc.",,False,True,False,101.08999633789062,,,4.19,24.126,2026-08-01
LNZA,"LanzaTech Global, Inc.",,False,True,False,6.260000228881836,10089163.0,63158163.0,-14.25,,2026-08-01
LOAN,"Manhattan Bridge Capital, Inc",,False,True,False,4.190000057220459,,,0.42,9.976,2026-08-01
LOBO,LOBO TECHNOLOGIES LTD.,,False,True,False,0.7281000018119812,12568514.0,9151135.0,,,2026-08-01
LOCO,"El Pollo Loco Holdings, Inc.",,False,True,False,16.489999771118164,30455298.0,502207857.0,0.98,16.827,2026-08-01
LOGI,Logitech International S.A.,,False,True,False,109.07659912109375,,,5.45,20.014,2026-08-01
LONA,"LeonaBio, Inc.",,False,True,False,7.599999904632568,,,-24.09,,2026-08-01
LOOP,"Loop Industries, Inc.",,False,True,False,0.7947999835014343,,,-0.52,,2026-08-01
LOPE,"Grand Canyon Education, Inc.",,False,True,False,149.55499267578125,,,8.26,18.106,2026-08-01
LOVE,The Lovesac Company,,False,True,False,18.18000030517578,,,0.25,72.72,2026-08-01
LOW,Lowe's,Consumer Discretionary,True,False,False,217.5,,,11.83,18.385,2026-08-01
LPAA,Launch One Acquisition Corp.,,False,True,False,10.739999771118164,,,,,2026-08-01
LPBB,Launch Two Acquisition Corp.,,False,True,False,10.760000228881836,,,,,2026-08-01
LPCN,Lipocine Inc.,,False,True,False,2.0799999237060547,,,-1.79,,2026-08-01
LPCV,Launchpad Cadenza Acquisition Corp I,,False,True,False,10.0,,,,,2026-08-01
LPLA,LPL Financial Holdings Inc.,,False,True,True,356.3399963378906,,,12.45,28.622,2026-08-01
LPSN,"LivePerson, Inc.",,False,True,False,2.180000066757202,,,-9.51,,2026-08-01
LPTH,"LightPath Technologies, Inc.",,False,True,False,12.649999618530273,,,-0.5,,2026-08-01
LQDA,Liquidia Corporation,,False,True,False,89.0,,,0.17,523.529,2026-08-01
LQDT,"Liquidity Services, Inc.",,False,True,False,38.810001373291016,,,0.93,41.731,2026-08-01
LRCX,Lam Research,Information Technology,True,True,True,315.739990234375,,,5.29,59.686,2026-08-01
LRHC,La Rosa Holdings Corp.,,False,True,False,0.8985000252723694,,,-3531.0,,2026-08-01
LRMR,"Larimar Therapeutics, Inc.",,False,True,False,4.085000038146973,,,-1.95,,2026-08-01
LSAK,"Lesaka Technologies, Inc.",,False,True,False,4.840000152587891,,,-0.39,,2026-08-01
LSBK,"Lake Shore Bancorp, Inc.",,False,True,False,17.100000381469727,,,1.09,15.688,2026-08-01
LSCC,Lattice Semiconductor Corporation,,False,True,False,137.6300048828125,,,0.14,983.071,2026-08-01
LSE,"Leishen Energy Holding Co., Ltd.",,False,True,False,4.599999904632568,,,,,2026-08-01
LSTA,"Lisata Therapeutics, Inc.",,False,True,False,1.1699999570846558,,,-1.86,,2026-08-01
LSTR,"Landstar System, Inc.",,False,True,True,181.6699981689453,,,3.62,50.185,2026-08-01
LTBR,Lightbridge Corporation,,False,True,False,9.0649995803833,,,-0.76,,2026-08-01
LTGR,Long Table Growth Corp.,,False,True,False,9.899999618530273,,,,,2026-08-04
LTRN,Lantern Pharma Inc.,,False,True,False,2.7899999618530273,,,-1.45,,2026-08-01
LTRX,"Lantronix, Inc.",,False,True,False,6.025000095367432,,,-0.16,,2026-08-01
LUCD,Lucid Diagnostics Inc.,,False,True,False,0.9538000226020813,,,-0.87,,2026-08-01
LUCY,"Innovative Eyewear, Inc.",,False,True,False,0.699999988079071,,,-1.55,,2026-08-01
LULU,Lululemon Athletica,Consumer Discretionary,True,True,True,122.36000061035156,,,12.35,9.908,2026-08-01
LUMN,"Lumen Technologies, Inc.",,False,False,True,6.804999828338623,,,-1.75,,2026-08-01
LUNG,Pulmonx Corporation,,False,True,False,2.01990008354187,,,-1.3,,2026-08-01
LUNR,"Intuitive Machines, Inc.",,False,True,False,14.02970027923584,,,-0.87,,2026-08-01
LUV,Southwest Airlines,Industrials,True,False,True,48.65999984741211,,,1.58,30.797,2026-08-01
LVLU,"Lulu's Fashion Lounge Holdings, Inc.",,False,True,False,19.020000457763672,2864405.0,54480984.0,-3.48,,2026-08-01
LVO,"LiveOne, Inc.",,False,True,False,4.489999771118164,,,-0.15,,2026-08-01
LVS,Las Vegas Sands,Consumer Discretionary,True,False,False,45.90999984741211,,,2.57,17.864,2026-08-01
LWAC,LightWave Acquisition Corp.,,False,True,False,10.289999961853027,,,,,2026-07-01
LWAY,"Lifeway Foods, Inc.",,False,True,False,29.34000015258789,,,0.96,30.563,2026-08-01
LWLG,"Lightwave Logic, Inc.",,False,True,False,7.920000076293945,,,-0.16,,2026-08-01
LXEO,"Lexeo Therapeutics, Inc.",,False,True,False,4.40500020980835,78521634.0,345887814.0,-1.12,,2026-08-01
LXRX,"Lexicon Pharmaceuticals, Inc.",,False,True,False,2.4149999618530273,444196390.0,1072734265.0,-0.07,,2026-08-01
LYB,LyondellBasell,Materials,True,False,False,60.790000915527344,323037952.0,19637477398.0,-1.13,,2026-08-01
LYEL,"Lyell Immunopharma, Inc.",,False,True,False,13.65999984741211,,,-13.62,,2026-08-01
LYFT,"Lyft, Inc.",,False,True,False,16.635000228881836,379682532.0,6316019007.0,6.84,2.432,2026-08-01
LYTS,LSI Industries Inc.,,False,True,False,24.674999237060547,36712404.0,905878541.0,0.75,32.9,2026-08-01
LYV,Live Nation Entertainment,Communication Services,True,False,True,184.17999267578125,235633860.0,43399042609.0,-1.13,,2026-08-01
LZ,"LegalZoom.com, Inc.",,False,True,False,8.300000190734863,171647764.0,1424676474.0,0.06,138.333,2026-08-01
LZMH,LZ Technology Holdings Limited,,False,True,False,1.149999976158142,,,,,2026-08-01
M,"Macy's, Inc.",,False,False,True,26.395000457763672,263037954.0,6942886916.0,2.42,10.907,2026-08-01
MA,Mastercard,Financials,True,False,True,571.5800170898438,122530193.0,70035809809.0,18.18,31.44,2026-08-01
MAA,Mid-America Apartment Communities,Real Estate,True,False,False,132.8699951171875,116384802.0,15464048073.0,3.3,40.264,2026-08-01
MAAS,Maase Inc.,,False,True,False,19.8700008392334,15917241.0,316275592.0,,,2026-08-01
MACI,Melar Acquisition Corp. I,,False,True,False,10.954999923706055,,,,,2026-08-01
MAGH,Magnitude International Ltd,,False,True,False,6.760000228881836,33350000.0,225446008.0,,,2026-07-01
MAKO,Mako Mining Corp,,False,True,False,7.559999942779541,,,,,2026-08-01
MAMA,"Mama's Creations, Inc.",,False,True,False,19.079999923706055,40706667.0,776683203.0,0.15,127.2,2026-08-01
MAMK,MaxsMaking Inc.,,False,True,False,13.0,,,,,2026-07-01
MAMO,Massimo Group,,False,True,False,1.0399999618530273,41640950.0,43306586.0,0.07,14.857,2026-08-01
MAN,ManpowerGroup Inc.,,False,False,True,54.0,46507342.0,2511396468.0,-0.36,,2026-08-01
MANH,"Manhattan Associates, Inc.",,False,True,False,190.5800018310547,58304972.0,11111761671.0,3.49,54.607,2026-08-01
MAR,Marriott International,Consumer Discretionary,True,True,False,344.54998779296875,260766288.0,89847021347.0,9.67,35.631,2026-08-01
MARA,"MARA Holdings, Inc.",,False,True,False,11.744999885559082,381270503.0,4478022014.0,-5.45,,2026-08-01
MARPS,Marine Petroleum Trust,,False,True,False,4.690000057220459,,,,,2026-08-01
MAS,Masco,Industrials,True,False,False,76.69000244140625,201734437.0,15471014466.0,4.04,18.983,2026-08-01
MASK,3 E Network Technology Group Ltd,,False,True,False,1.4074000120162964,,,,,2026-08-01
MASS,908 Devices Inc.,,False,True,False,8.449999809265137,37813621.0,319525090.0,-1.01,,2026-08-01
MAT,"Mattel, Inc.",,False,True,False,14.704999923706055,290600000.0,4273272978.0,1.56,9.426,2026-08-01
MATH,Metalpha Technology Holding Limited,,False,True,False,0.9505000114440918,39498371.0,37543202.0,,,2026-08-01
MATW,Matthews International Corporation,,False,True,False,28.219999313354492,31202438.0,880532779.0,0.31,91.032,2026-08-01
MAYS,"J. W. Mays, Inc.",,False,True,False,38.5,2015780.0,77607530.0,-0.57,,2026-08-01
MAZE,"Maze Therapeutics, Inc.",,False,True,False,27.815000534057617,55345261.0,1539428464.0,-2.35,,2026-08-01
MB,MasterBeef Group,,False,True,False,4.090000152587891,17155000.0,70163953.0,,,2026-08-01
MBAI,Check-Cap Ltd.,,False,True,False,1.1238000392913818,7020502.0,7889640.0,,,2026-08-01
MBBC,"Marathon Bancorp, Inc.",,False,True,False,15.256999969482422,2950746.0,45019532.0,0.43,35.481,2026-08-01
MBIN,Merchants Bancorp,,False,True,False,55.540000915527344,45935408.0,2551252602.0,4.1,13.546,2026-08-01
MBIO,"Mustang Bio, Inc.",,False,True,False,0.5935999751091003,24976289.0,14825925.0,-0.48,,2026-08-01
MBLY,Mobileye Global Inc.,,False,True,False,8.70009994506836,252419583.0,2196075600.0,-4.98,,2026-08-01
MBOT,Microbot Medical Inc.,,False,True,False,1.784999966621399,67164801.0,119889168.0,-0.26,,2026-08-01
MBRX,"Moleculin Biotech, Inc.",,False,True,False,0.4002000093460083,5336350.0,2135607.0,,,2026-08-01
MBUU,"Malibu Boats, Inc.",,False,True,False,28.899999618530273,,,-0.07,,2026-08-01
MBVI,M3-Brigade Acquisition VI Corp.,,False,True,False,10.199999809265137,,,,,2026-08-01
MBWM,Mercantile Bank Corporation,,False,True,False,61.625,17285929.0,1065245375.0,5.69,10.83,2026-08-01
MBX,"MBX Biosciences, Inc.",,False,True,False,69.75,47597536.0,3319928136.0,-2.17,,2026-08-01
MCAH,Mountain Crest Acquisition 6 Corp.,,False,True,False,9.96500015258789,9047143.0,90154781.0,,,2026-08-01
MCBS,"MetroCity Bankshares, Inc.",,False,True,False,35.93000030517578,28660042.0,1029755318.0,2.78,12.924,2026-08-01
MCD,McDonald's,Consumer Discretionary,True,False,False,265.32000732421875,710505859.0,188511419714.0,12.13,21.873,2026-08-01
MCFT,"MasterCraft Boat Holdings, Inc.",,False,True,False,25.040000915527344,16279890.0,407648461.0,0.68,36.824,2026-08-01
MCGA,Yorkville Acquisition Corp.,,False,True,False,10.234999656677246,,,,,2026-08-01
MCHB,Mechanics Bancorp,,False,True,False,16.875,18920808.0,319288635.0,1.25,13.5,2026-08-01
MCHP,Microchip Technology,Information Technology,True,True,False,80.31999969482422,542079281.0,43539807684.0,0.22,365.091,2026-08-01
MCHX,"Marchex, Inc.",,False,True,False,1.899999976158142,,,-0.11,,2026-08-01
MCK,McKesson Corporation,Health Care,True,False,True,830.4299926757812,120204051.0,99821049192.0,38.38,21.637,2026-08-01
MCO,Moody's Corporation,Financials,True,False,False,483.67999267578125,173200000.0,83773374731.0,15.76,30.69,2026-08-01
MCRB,"Seres Therapeutics, Inc.",,False,True,False,5.289999961853027,9586298.0,50711516.0,-5.19,,2026-08-01
MCRI,"Monarch Casino & Resort, Inc.",,False,True,False,124.625,17749516.0,2212033432.0,5.9,21.123,2026-08-01
MCTA,Charming Medical Limited,,False,True,False,29.354999542236328,,,,,2026-07-01
MDAI,"Spectral AI, Inc.",,False,True,False,1.649999976158142,31823985.0,52509574.0,-0.51,,2026-08-01
MDB,"MongoDB, Inc.",,False,True,False,378.3399963378906,80431927.0,30430614967.0,,,2026-08-01
MDBH,"MDB Capital Holdings, LLC",,False,True,False,3.1050000190734863,5438632.0,16886952.0,,,2026-08-01
MDCX,Medicus Pharma Ltd.,,False,True,False,0.3070000112056732,56658164.0,17394057.0,-2.63,,2026-08-01
MDGL,"Madrigal Pharmaceuticals, Inc.",,False,True,False,510.989990234375,23104126.0,11805977119.0,-13.98,,2026-08-01
MDIA,Mediaco Holding Inc.,,False,True,False,1.0,,,-0.83,,2026-08-01
MDLN,Medline Inc.,,False,True,False,41.494998931884766,,,,,2026-08-01
MDLZ,Mondelez International,Consumer Staples,True,True,True,61.849998474121094,1283649766.0,79393736068.0,2.02,30.619,2026-08-01
MDRR,"Medalist Diversified, Inc.",,False,True,False,11.399999618530273,1628500.0,18564899.0,3.69,3.089,2026-08-01
MDT,Medtronic,Health Care,True,False,False,86.05000305175781,1280045190.0,110147892506.0,3.73,23.07,2026-08-01
MDWD,MediWound Ltd.,,False,True,False,14.151399612426758,12835148.0,181635308.0,,,2026-08-01
MDXG,"MiMedx Group, Inc",,False,True,False,4.184999942779541,145760468.0,610007550.0,0.04,104.625,2026-08-01
MDXH,MDxHealth SA,,False,True,False,0.4489000141620636,51364520.0,23057534.0,,,2026-08-01
MEDP,"Medpace Holdings, Inc.",,False,True,False,576.739990234375,27911655.0,16097767632.0,17.04,33.846,2026-08-01
MEDS,"DataMeds AI, Inc.",,False,True,False,3.1500000953674316,125671251.0,395864453.0,-0.88,,2026-08-01
MEGL,Magic Empire Global Limited,,False,True,False,1.190000057220459,20256099.0,24104759.0,,,2026-08-01
MELI,"MercadoLibre, Inc.",,False,True,False,1871.530029296875,50697182.0,94881298514.0,37.89,49.394,2026-08-01
MENS,Jyong Biotech Ltd.,,False,True,False,2.0,76027667.0,152055334.0,,,2026-08-01
MEOH,Methanex Corporation,,False,True,False,54.16999816894531,77339520.0,4189481657.0,,,2026-08-01
MERC,Mercer International Inc.,,False,True,False,0.7296000123023987,66982506.0,48870437.0,-7.89,,2026-08-01
MESH,Meshflow Acquisition Corp.,,False,True,False,10.013799667358398,,,,,2026-08-01
MET,MetLife,Financials,True,False,True,95.80999755859375,643436779.0,61647676225.0,5.17,18.532,2026-08-01
META,Meta Platforms,Communication Services,True,True,True,589.3900146484375,,,27.5,21.432,2026-08-01
METC,"Ramaco Resources, Inc.",,False,True,False,9.425000190734863,44414085.0,418602760.0,0.11,85.682,2026-08-01
METCB,"Ramaco Resources, Inc.",,False,True,False,6.349999904632568,44414085.0,282029436.0,0.11,57.727,2026-08-01
MEVO,M Evo Global Acquisition Corp II,,False,True,False,9.960000038146973,,,,,2026-07-01
MF,MindForge Inc.,,False,True,False,9.6899995803833,20784142.0,201398327.0,,,2026-08-01
MFI,mF International Limited,,False,True,False,8.071499824523926,49045623.0,395871737.0,,,2026-08-01
MFIC,MidCap Financial Investment Corporation,,False,True,False,9.770000457763672,82372628.0,804780613.0,,,2026-08-01
MFIN,Medallion Financial Corp.,,False,True,False,10.84000015258789,23849967.0,258533646.0,1.48,7.324,2026-08-01
MFP,"Midera Food Processing, Inc.",,False,True,False,46.724998474121094,,,,,2026-08-01
MGEE,MGE Energy Inc.,,False,True,False,79.96499633789062,36756422.0,2939227151.0,3.9,20.504,2026-08-01
MGIH,Millennium Group International Holdings Limited,,False,True,False,1.5499999523162842,11250000.0,17437499.0,,,2026-08-01
MGM,MGM Resorts,Consumer Discretionary,True,False,True,45.42499923706055,251592756.0,11428600749.0,1.66,27.364,2026-08-01
MGN,Megan Holdings Limited,,False,True,False,0.14059999585151672,16250000.0,2284750.0,,,2026-08-01
MGNI,"Magnite, Inc.",,False,True,False,20.450000762939453,143215003.0,2928746921.0,1.05,19.476,2026-08-01
MGNX,"MacroGenics, Inc.",,False,True,False,3.815000057220459,63563123.0,242493318.0,-1.11,,2026-08-01
MGPI,"MGP Ingredients, Inc.",,False,True,False,17.010000228881836,21371237.0,363524746.0,-11.15,,2026-08-01
MGRC,McGrath RentCorp,,False,True,False,120.62999725341797,24425663.0,2946467661.0,6.21,19.425,2026-08-01
MGRT,Mega Fortune Company Limited,,False,True,False,95.5,13750000.0,1313125000.0,,,2026-08-01
MGRX,"Mangoceuticals, Inc.",,False,True,False,0.4675000011920929,17167422.0,8025770.0,-1.27,,2026-08-01
MGTX,MeiraGTx Holdings plc,,False,True,False,12.270000457763672,92609516.0,1136318804.0,-1.48,,2026-08-01
MGX,"Metagenomi Therapeutics, Inc.",,False,True,False,1.215000033378601,37646858.0,45740934.0,-2.29,,2026-08-01
MGYR,"Magyar Bancorp, Inc.",,False,True,False,19.226600646972656,6462729.0,124256310.0,1.78,10.801,2026-08-01
MHK,MOHAWK INDUSTRIES INC,,False,False,True,136.05999755859375,67738145.0,9216451843.0,7.56,17.997,2026-08-01
MIDD,The Middleby Corporation,,False,True,False,137.6999969482422,45214496.0,6226035961.0,-8.41,,2026-08-01
MIMI,Mint Incorporation Limited,,False,True,False,1.6729999780654907,18012500.0,30134912.0,,,2026-08-01
MIND,"MIND Technology, Inc.",,False,True,False,5.230000019073486,9089055.0,47535758.0,-0.92,,2026-08-01
MIRA,"MIRA Pharmaceuticals, Inc.",,False,True,False,0.6801000237464905,42022087.0,28579222.0,-1.27,,2026-08-01
MIRM,"Mirum Pharmaceuticals, Inc.",,False,True,False,104.83499908447266,60981227.0,6392966877.0,-13.6,,2026-08-01
MIST,Milestone Pharmaceuticals Inc.,,False,True,False,1.1888999938964844,124497980.0,148015648.0,-0.64,,2026-08-01
MITK,"Mitek Systems, Inc.",,False,True,False,17.739999771118164,45158851.0,801118006.0,0.35,50.686,2026-08-01
MKC,McCormick & Company,Consumer Staples,True,False,False,51.89500045776367,,,6.01,8.635,2026-08-01
MKDW,MKDWELL Tech Inc.,,False,True,False,11.631999969482422,141039933.0,1640576496.0,,,2026-08-01
MKL,MARKEL GROUP INC.,,False,False,True,1882.2149658203125,12389958.0,23320564373.0,181.33,10.38,2026-08-01
MKLY,McKinley Acquisition Corporation,,False,True,False,10.225000381469727,,,,,2026-08-01
MKSI,MKS Inc.,,False,True,False,323.69500732421875,67544129.0,21863697331.0,4.78,67.719,2026-08-01
MKTW,"MarketWise, Inc.",,False,True,False,22.18000030517578,,,1.67,13.281,2026-08-01
MKTX,"MarketAxess Holdings, Inc.",,False,True,False,162.3000030517578,35539453.0,5768053330.0,8.44,19.23,2026-08-01
MKZR,"MacKenzie Realty Capital, Inc.",,False,True,False,1.350000023841858,2255114.0,3044404.0,-10.1,,2026-08-01
MLAA,Mountain Lake Acquisition Corp. II,,False,True,False,9.96500015258789,,,,,2026-08-01
MLAB,"Mesa Laboratories, Inc.",,False,True,False,102.29499816894531,5524931.0,565172807.0,1.21,84.541,2026-08-01
MLCI,Mount Logan Capital Inc.,,False,True,False,2.9779000282287598,11188768.0,33319033.0,-3.57,,2026-08-01
MLEC,Moolec Science SA,,False,True,False,7.203400135040283,38440602.0,276903038.0,,,2026-08-01
MLGO,"MicroAlgo, Inc.",,False,True,False,4.050000190734863,51606706.0,209007169.0,,,2026-08-01
MLKN,"MillerKnoll, Inc.",,False,True,False,24.40999984741211,68123238.0,1662888229.0,1.32,18.492,2026-08-01
MLM,Martin Marietta Materials,Materials,True,False,False,551.385009765625,60065839.0,33119403224.0,40.67,13.558,2026-08-01
MLTX,MoonLake Immunotherapeutics,,False,True,False,17.81999969482422,73615396.0,1311826334.0,-3.88,,2026-08-01
MLYS,"Mineralys Therapeutics, Inc.",,False,True,False,26.399999618530273,82498101.0,2177949835.0,-1.97,,2026-08-01
MMED,"MiniMed Group, Inc.",,False,True,False,18.899999618530273,280842845.0,5307929663.0,,,2026-08-01
MMLP,Martin Midstream Partners L.P.,,False,True,False,2.359999895095825,39124686.0,92334255.0,,,2026-08-01
MMM,3M,Industrials,True,False,True,179.64999389648438,515722417.0,92649529066.0,5.63,31.909,2026-08-01
MMSI,"Merit Medical Systems, Inc.",,False,True,False,85.82499694824219,59710420.0,5124646614.0,2.43,35.319,2026-08-01
MMTX,Miluna Acquisition Corp,,False,True,False,10.100000381469727,8828100.0,89163813.0,,,2026-08-01
MMYT,MakeMyTrip Limited,,False,True,False,63.9900016784668,,,,,2026-08-01
MNDO,MIND C.T.I. Ltd.,,False,True,False,1.034999966621399,20372828.0,21085876.0,,,2026-08-01
MNDR,Mobile-health Network Solutions,,False,True,False,1.6799999475479126,885796.0,1488137.0,,,2026-08-01
MNDY,monday.com Ltd.,,False,True,False,92.80999755859375,51160822.0,4748235765.0,,,2026-08-01
MNKD,MannKind Corporation,,False,True,False,3.9700000286102295,308950166.0,1226532168.0,-0.07,,2026-08-01
MNOV,"MediciNova, Inc.",,False,True,False,1.3300000429153442,49221246.0,65464259.0,-0.23,,2026-08-01
MNPR,Monopar Therapeutics Inc.,,False,True,False,119.82499694824219,6699062.0,802715084.0,,,2026-08-01
MNRO,"Monro, Inc.",,False,True,False,12.75,30025266.0,382822142.0,0.03,425.0,2026-08-01
MNSB,"MainStreet Bancshares, Inc.",,False,True,False,23.290000915527344,7117438.0,165765138.0,1.99,11.704,2026-08-01
MNST,Monster Beverage,Consumer Staples,True,True,False,93.7699966430664,978008110.0,91707817192.0,2.07,45.3,2026-08-01
MNTK,"Montauk Renewables, Inc.",,False,True,False,1.7050000429153442,142341139.0,242691648.0,0.01,170.5,2026-08-01
MNTS,Momentus Inc.,,False,True,False,4.599899768829346,9992398.0,45964029.0,-21.96,,2026-08-01
MNY,MoneyHero Limited,,False,True,False,0.9200000166893005,,,,,2026-08-01
MO,Altria,Consumer Staples,True,False,True,67.87000274658203,1669743926.0,113325524844.0,4.75,14.288,2026-08-01
MOB,Mobilicom Limited,,False,True,False,5.599999904632568,12213935.0,68398035.0,,,2026-08-01
MOBI,"Mobia Medical, Inc.",,False,True,False,12.050000190734863,33249006.0,400650529.0,,,2026-08-01
MOBX,"Mobix Labs, Inc.",,False,True,False,1.809999942779541,2778912.0,5029831.0,-0.67,,2026-08-01
MODD,"Modular Medical, Inc.",,False,True,False,2.2249999046325684,5413160000.0,12044280484.0,-12.36,,2026-08-01
MOH,"MOLINA HEALTHCARE, INC.",,False,False,True,192.19749450683594,52200000.0,10032709213.0,0.18,1067.764,2026-08-01
MORN,"Morningstar, Inc.",,False,True,False,199.6999969482422,37513571.0,7491460014.0,10.52,18.983,2026-08-01
MOS,Mosaic Company (The),Materials,True,False,True,22.55500030517578,317846644.0,7169031152.0,0.14,161.107,2026-08-01
MOVE,"Corvex, Inc.",,False,True,False,14.579999923706055,1981047.0,28883665.0,-19.57,,2026-08-01
MPAA,"Motorcar Parts of America, Inc.",,False,True,False,13.489999771118164,18924818.0,255295790.0,0.62,21.758,2026-08-01
MPB,Mid Penn Bancorp,,False,True,False,38.560001373291016,25344942.0,977300998.0,2.2,17.527,2026-08-01
MPC,Marathon Petroleum,Energy,True,False,True,312.4200134277344,291936635.0,91206847427.0,15.19,20.567,2026-08-01
MPLT,"MapLight Therapeutics, Inc.",,False,True,False,12.845000267028809,42436326.0,545094619.0,-92.93,,2026-08-01
MPWR,Monolithic Power Systems,Information Technology,True,True,False,1355.4200439453125,49130000.0,66591786759.0,13.97,97.024,2026-08-01
MQ,"Marqeta, Inc.",,False,True,False,17.594999313354492,,,0.01,1759.5,2026-08-01
MRAM,"Everspin Technologies, Inc.",,False,True,False,17.364999771118164,23447577.0,407167169.0,0.01,1736.5,2026-08-01
MRBK,Meridian Corporation,,False,True,False,19.850000381469727,11890278.0,236022023.0,1.85,10.73,2026-08-01
MRCY,Mercury Systems Inc,,False,True,False,112.59500122070312,60043283.0,6760573523.0,-0.23,,2026-08-01
MRDN,Meridian Holdings Inc.,,False,True,False,14.744999885559082,12669479.0,186811466.0,-7.56,,2026-08-01
MRK,Merck & Co.,Health Care,True,False,True,128.7100067138672,2469824415.0,317891117037.0,3.55,36.256,2026-08-01
MRKR,"Marker Therapeutics, Inc.",,False,True,False,1.2537000179290771,16673127.0,20903100.0,-0.55,,2026-08-01
MRLN,"Merlin, Inc.",,False,True,False,4.380000114440918,96524052.0,422775359.0,,,2026-08-01
MRNA,Moderna,Health Care,True,True,True,57.275001525878906,399235889.0,22866236152.0,-7.98,,2026-08-01
MRNO,Murano Global Investments PLC,,False,True,False,0.22349999845027924,79718832.0,17817159.0,,,2026-08-01
MRSH,Marsh McLennan,Financials,True,False,True,190.19500732421875,477211268.0,90763200612.0,8.18,23.251,2026-08-01
MRTN,"Marten Transport, Ltd.",,False,True,False,14.920000076293945,81589135.0,1217309900.0,0.18,82.889,2026-08-01
MRVI,"Maravai LifeSciences Holdings, Inc.",,False,True,False,6.485000133514404,,,-0.71,,2026-08-01
MRVL,Marvell Technology,Information Technology,True,True,False,221.1199951171875,874800000.0,193435771729.0,2.91,75.986,2026-08-01
MRX,Marex Group Limited,,False,True,False,64.8949966430664,72937470.0,4733276871.0,,,2026-08-01
MS,Morgan Stanley,Financials,True,False,True,218.08999633789062,1577284817.0,343990039963.0,11.04,19.755,2026-08-01
MSAI,"MultiSensor AI Holdings, Inc.",,False,True,False,5.610000133514404,2019434.0,11329025.0,3.88,1.446,2026-08-01
MSBI,"Midland States Bancorp, Inc.",,False,True,False,34.779998779296875,20752112.0,721758430.0,1.58,22.013,2026-08-01
MSCI,MSCI Inc.,Financials,True,False,False,573.3099975585938,72700000.0,41679636823.0,18.28,31.363,2026-08-01
MSEX,Middlesex Water Company,,False,True,False,57.108001708984375,18843946.0,1076140100.0,2.59,22.049,2026-08-01
MSFT,Microsoft,Information Technology,True,True,True,496.94000244140625,7425545491.0,3690050594426.0,17.95,27.685,2026-08-01
MSGM,Motorsport Games Inc.,,False,True,False,4.119999885559082,,,1.16,3.552,2026-08-01
MSGY,Masonglory Limited,,False,True,False,0.26910001039505005,16957000.0,4563129.0,,,2026-08-01
MSI,Motorola Solutions,Information Technology,True,False,True,444.4150085449219,165995582.0,73770927993.0,12.4,35.84,2026-08-01
MSLE,Satellos Bioscience Inc.,,False,True,False,9.994999885559082,15458903.0,154511734.0,,,2026-08-01
MSS,Maison Solutions Inc.,,False,True,False,1.4900000095367432,17450476.0,26001209.0,-0.54,,2026-08-01
MSTR,Strategy Inc,,False,True,False,96.80000305175781,,,-94.04,,2026-08-01
MTB,M&T Bank,Financials,True,False,True,253.7050018310547,144416262.0,36639128015.0,18.89,13.431,2026-08-01
MTC,"MMTec, Inc.",,False,True,False,3.4800000190734863,99587811.0,346565584.0,,,2026-08-01
MTCH,"Match Group, Inc.",,False,True,False,41.130001068115234,233266526.0,9594252464.0,2.62,15.698,2026-08-01
MTD,Mettler Toledo,Health Care,True,False,False,1435.844970703125,20036559.0,28769392470.0,44.36,32.368,2026-08-01
MTEK,Maris-Tech Ltd.,,False,True,False,1.1898000240325928,8073591.0,9605959.0,,,2026-08-01
MTEN,Mingteng International Corporation Inc.,,False,True,False,1.0198999643325806,20255054.0,20658129.0,,,2026-08-01
MTEX,"Mannatech, Incorporated",,False,True,False,4.911300182342529,1929670.0,9477189.0,1.89,2.599,2026-08-01
MTRX,Matrix Service Company,,False,True,False,12.149999618530273,28133850.0,341826267.0,-0.54,,2026-08-01
MTSI,"MACOM Technology Solutions Holdings, Inc.",,False,True,False,274.6700134277344,76295774.0,20956161269.0,2.39,114.925,2026-08-01
MTVA,MetaVia Inc.,,False,True,False,1.4900000095367432,5164370.0,7694911.0,-4.21,,2026-08-01
MTZ,MASTEC INC,,False,False,True,274.0050048828125,80304948.0,22003957669.0,6.27,43.701,2026-08-01
MU,Micron Technology,Information Technology,True,True,True,895.0399780273438,1129393151.0,1010852021055.0,44.17,20.264,2026-08-01
MUSA,Murphy USA Inc.,,False,False,True,588.2999877929688,18470685.0,10866303760.0,28.75,20.463,2026-08-01
MUZE,Muzero Acquisition Corp,,False,True,False,9.949999809265137,,,,,2026-07-01
MVBF,MVB Financial Corp.,,False,True,False,30.977500915527344,12849901.0,398057820.0,2.18,14.21,2026-08-01
MVIS,"MicroVision, Inc.",,False,True,False,3.674999952316284,331615285.0,1218686157.0,-0.31,,2026-08-01
MVST,"Microvast Holdings, Inc.",,False,True,False,0.8659999966621399,333157384.0,288514293.0,-0.18,,2026-08-01
MWH,"SOLV Energy, Inc.",,False,True,False,29.415000915527344,,,,,2026-08-01
MWYN,"Marwynn Holdings, Inc.",,False,True,False,0.6800000071525574,20194804.0,13732467.0,-0.21,,2026-08-01
MXCT,"MaxCyte, Inc.",,False,True,False,1.100000023841858,107121672.0,117833842.0,-0.36,,2026-08-01
MXL,"MaxLinear, Inc",,False,True,False,73.31999969482422,90693191.0,6649624736.0,-1.19,,2026-08-01
MYFW,"First Western Financial, Inc.",,False,True,False,31.875,9765129.0,311263487.0,1.85,17.23,2026-08-01
MYGN,"Myriad Genetics, Inc.",,False,True,False,3.184999942779541,95649645.0,304644114.0,-1.2,,2026-08-01
MYPS,"PLAYSTUDIOS, Inc.",,False,True,False,0.6804999709129333,,,-0.29,,2026-08-01
MYRG,"MYR Group, Inc.",,False,True,False,343.4100036621094,15569250.0,5346636200.0,10.54,32.582,2026-08-01
MYSE,"Myseum.AI, Inc.",,False,True,False,2.319999933242798,5074329.0,11772443.0,-0.93,,2026-08-01
MYSEW,"Myseum.AI, Inc.",,False,True,False,0.03400000184774399,5074329.0,172527.0,-0.93,,2026-08-01
MYSZ,"My Size, Inc.",,False,True,False,0.37059998512268066,4818164.0,1785612.0,-1.67,,2026-08-01
MYX,Maywood Acquisition Corp. 2,,False,True,False,9.960000038146973,,,,,2026-07-01
MZTI,The Marzetti Company,,False,True,False,110.06999969482422,27422000.0,3018339532.0,6.39,17.225,2026-08-01
NAGE,"Niagen Bioscience, Inc.",,False,True,False,3.565000057220459,79644327.0,283932030.0,0.21,16.976,2026-08-01
NAII,"Natural Alternatives International, Inc.",,False,True,False,2.3499999046325684,6275229.0,14746788.0,-2.4,,2026-08-01
NAKA,Nakamoto Inc.,,False,True,False,5.043799877166748,696085586.0,3510916393.0,-0.47,,2026-08-01
NAMM,Namib Minerals,,False,True,False,1.3250000476837158,54084183.0,71661545.0,,,2026-08-01
NAMS,NewAmsterdam Pharma Company N.V.,,False,True,False,27.329999923706055,116903979.0,3194985737.0,-1.78,,2026-08-01
NATH,"Nathan's Famous, Inc.",,False,True,False,98.2699966430664,4097661.0,402677133.0,4.85,20.262,2026-08-01
NATR,"Nature's Sunshine Products, Inc.",,False,True,False,20.56999969482422,17584871.0,361720791.0,1.1,18.7,2026-08-01
NAUT,"Nautilus Biotechnology, Inc.",,False,True,False,1.0099999904632568,127078855.0,128349642.0,-0.46,,2026-08-01
NAVI,Navient Corporation,,False,True,False,9.34000015258789,93979984.0,877773065.0,-0.62,,2026-08-01
NAVN,"Navan, Inc.",,False,True,False,27.899999618530273,,,-6.91,,2026-08-01
NB,NioCorp Developments Ltd.,,False,True,False,5.079999923706055,145587048.0,739582193.0,-0.11,,2026-08-01
NBBK,"NB Bancorp, Inc.",,False,True,False,23.354999542236328,44706163.0,1044112416.0,1.37,17.047,2026-08-01
NBIS,Nebius Group N.V.,,False,True,False,227.9250030517578,,,,,2026-08-01
NBIX,"Neurocrine Biosciences, Inc.",,False,True,False,167.35000610351562,101649181.0,17010991061.0,6.83,24.502,2026-08-01
NBN,Northeast Bank,,False,True,False,135.17999267578125,,,,,2026-08-01
NBRG,Newbridge Acquisition Limited,,False,True,False,9.970000267028809,1437500.0,14331875.0,,,2026-08-01
NBTB,NBT Bancorp Inc.,,False,True,False,54.220001220703125,52010232.0,2819994843.0,3.54,15.316,2026-08-01
NBTX,Nanobiotix S.A.,,False,True,False,39.67499923706055,48410068.0,1920669411.0,,,2026-08-01
NCEL,NewcelX Ltd.,,False,True,False,3.5,4797505.0,16791268.0,,,2026-08-01
NCEW,New Century Logistics (BVI) Limited,,False,True,False,15.600000381469727,25600000.0,399360010.0,,,2026-08-01
NCI,Neo-Concept International Group Holdings Limited,,False,True,False,11.779999732971191,20320000.0,239369595.0,,,2026-08-01
NCLH,Norwegian Cruise Line Holdings,Consumer Discretionary,True,False,False,20.010000228881836,459187846.0,9188348904.0,1.65,12.127,2026-08-01
NCMI,"National CineMedia, Inc.",,False,True,False,4.144999980926514,93780289.0,388719296.0,-0.1,,2026-08-01
NCNO,"nCino, Inc.",,False,True,False,19.350000381469727,109552950.0,2119849624.0,0.12,161.25,2026-08-01
NCO,Southern Cross Acquisition I Corp.,,False,True,False,9.850000381469727,,,,,2026-08-04
NCPL,Netcapital Inc.,,False,True,False,0.42100000381469727,7847899.0,3303966.0,-13.41,,2026-08-01
NCRA,"Nocera, Inc.",,False,True,False,1.9081000089645386,15300113.0,29194146.0,-0.2759,,2026-08-01
NCSM,"NCS Multistage Holdings, Inc.",,False,True,False,47.369998931884766,2624523.0,124323652.0,4.95,9.57,2026-08-01
NCT,Intercont (Cayman) Limited,,False,True,False,3.529400110244751,26675001.0,94146751.0,,,2026-08-01
NCTY,The9 Limited,,False,True,False,4.650000095367432,4567660012.0,21239619491.0,,,2026-08-01
NDAQ,"Nasdaq, Inc.",Financials,True,True,False,93.94499969482422,558977372.0,52513129042.0,3.43,27.389,2026-08-01
NDLS,Noodles & Company,,False,True,False,18.2450008392334,5966660.0,108861717.0,-3.99,,2026-08-01
NDRA,ENDRA Life Sciences Inc.,,False,True,False,4.260000228881836,1270077.0,5410528.0,-14.59,,2026-08-01
NDSN,Nordson Corporation,Industrials,True,True,False,308.94000244140625,55717948.0,17213502991.0,9.36,33.006,2026-08-01
NECB,"NorthEast Community Bancorp, Inc.",,False,True,False,27.1200008392334,13815407.0,374673849.0,3.21,8.449,2026-08-01
NEE,NextEra Energy,Utilities,True,False,True,86.8949966430664,2085341456.0,181205738819.0,3.94,22.055,2026-08-01
NEGG,"Newegg Commerce, Inc.",,False,True,False,15.520000457763672,20972505.0,325493287.0,,,2026-08-01
NEM,Newmont,Materials,True,False,False,97.93000030517578,1053692271.0,103188084421.0,7.92,12.365,2026-08-01
NEO,"NeoGenomics, Inc.",,False,True,False,16.065000534057617,130211780.0,2091852315.0,-0.77,,2026-08-01
NEOG,Neogen Corporation,,False,True,False,11.960000038146973,218056016.0,2607949960.0,-0.04,,2026-08-01
NEON,Neonode Inc.,,False,True,False,0.9296000003814697,16782922.0,15601404.0,-0.37,,2026-08-01
NEOV,NeoVolta Inc.,,False,True,False,2.549999952316284,42711301.0,108913816.0,-0.33,,2026-08-01
NEPH,"Nephros, Inc.",,False,True,False,3.615000009536743,10856546.0,39246414.0,0.07,51.643,2026-08-01
NERV,"Minerva Neurosciences, Inc",,False,True,False,4.099999904632568,46588709.0,191013702.0,-37.03,,2026-08-01
NESR,National Energy Services Reunited Corp,,False,True,False,28.959999084472656,100847255.0,2920536412.0,0.64,45.25,2026-08-01
NEUP,Neuphoria Therapeutics Inc.,,False,True,False,3.930000066757202,5404551.0,21239886.0,-9.64,,2026-08-01
NEWT,"NewtekOne, Inc.",,False,True,False,15.3149995803833,28858921.0,441974363.0,2.26,6.777,2026-08-01
NEXM,NexMetals Mining Corp.,,False,True,False,2.2100000381469727,35648164.0,78782444.0,1.8,1.228,2026-08-01
NEXN,Nexxen International Ltd.,,False,True,False,10.430000305175781,56284083.0,587043003.0,,,2026-08-01
NEXR,Nexera Technologies Ltd,,False,True,False,2.9200000762939453,250727.0,732123.0,,,2026-08-01
NEXT,NextDecade Corporation,,False,True,False,6.669000148773193,266185433.0,1775190692.0,-1.36,,2026-08-01
NFE,New Fortress Energy Inc.,,False,True,False,0.34360000491142273,285634650.0,98144067.0,-7.38,,2026-08-01
NFLX,Netflix,Communication Services,True,True,True,73.05500030517578,4163939676.0,304196614301.0,3.18,22.973,2026-08-01
NGEN,NervGen Pharma Corp.,,False,True,False,1.7050000429153442,79649257.0,135801987.0,,,2026-08-01
NGL,NGL Energy Partners LP,,False,False,True,15.795000076293945,124814289.0,1971441704.0,,,2026-08-01
NGNE,Neurogene Inc.,,False,True,False,34.439998626708984,15801901.0,544217449.0,-4.55,,2026-08-01
NHIC,NewHold Investment Corp III,,False,True,False,10.749899864196777,,,,,2026-08-01
NHIV,NewHold Investment Corp IV,,False,True,False,10.15999984741211,,,,,2026-08-01
NHP,"National Healthcare Properties, Inc.",,False,True,False,15.489999771118164,28412183.0,440104708.0,-2.6,,2026-08-01
NHTC,Natural Health Trends Corp.,,False,True,False,1.8000999689102173,8577848.0,15440984.0,-0.11,,2026-08-01
NI,NiSource,Utilities,True,False,False,44.415000915527344,479439245.0,21294294506.0,2.01,22.097,2026-08-01
NIKI,"Niki BioSolutions, Inc.",,False,True,False,9.627400398254395,,,,,2026-08-01
NIVF,NewGenIvf Group Limited,,False,True,False,0.63919997215271,,,,,2026-08-01
NIXX,"Nixxy, Inc.",,False,True,False,0.578000009059906,26892429.0,15543824.0,-0.42,,2026-08-01
NKE,"Nike, Inc.",Consumer Discretionary,True,False,True,41.53499984741211,855351589.0,35527028119.0,2.1,19.779,2026-08-01
NKLR,Terra Innovatum Global N.V.,,False,True,False,5.980000019073486,110500908.0,660795432.0,,,2026-08-01
NKSH,"National Bankshares, Inc.",,False,True,False,41.04499816894531,6368410.0,261391377.0,2.76,14.871,2026-08-01
NKTR,Nektar Therapeutics,,False,True,False,72.82599639892578,33786032.0,2460501445.0,-7.93,,2026-08-01
NKTX,"Nkarta, Inc.",,False,True,False,2.315000057220459,71545358.0,165627508.0,-1.35,,2026-08-01
NMAD,"Nomad Power Solutions, Inc.",,False,True,False,3.549999952316284,12382944.0,43959451.0,-1.15,,2026-08-01
NMFC,New Mountain Finance Corporation,,False,True,False,7.434999942779541,94452390.0,702253514.0,-0.46,,2026-08-01
NMIH,NMI Holdings Inc,,False,True,False,44.654998779296875,75217851.0,3358853045.0,5.09,8.773,2026-08-01
NMP,NMP Acquisition Corp.,,False,True,False,10.300000190734863,,,,,2026-07-01
NMRA,"Neumora Therapeutics, Inc.",,False,True,False,1.6349999904632568,185284244.0,302939737.0,-1.33,,2026-08-01
NMRK,"Newmark Group, Inc.",,False,True,False,15.694999694824219,,,0.81,19.377,2026-08-01
NMTC,NeuroOne Medical Technologies Corporation,,False,True,False,1.690000057220459,8702982.0,14708040.0,-0.02,,2026-08-01
NN,NextNav Inc.,,False,True,False,14.043800354003906,136436939.0,1916093132.0,-1.09,,2026-08-01
NNBR,"NN, Inc.",,False,True,False,3.7750000953674316,52773512.0,199220013.0,-1.09,,2026-08-01
NNE,Nano Nuclear Energy Inc.,,False,True,False,18.219999313354492,52083294.0,948957581.0,-0.71,,2026-08-01
NNNN,Anbio Biotechnology,,False,True,False,10.40999984741211,,,,,2026-08-01
NNOX,NANO-X IMAGING LTD,,False,True,False,1.0850000381469727,69590228.0,75505400.0,,,2026-08-01
NOC,Northrop Grumman,Industrials,True,False,False,554.0499877929688,,,31.43,17.628,2026-08-01
NODK,"NI Holdings, Inc.",,False,True,False,15.604999542236328,20481437.0,319612815.0,-0.21,,2026-08-01
NOEM,CO2 Energy Transition Corp.,,False,True,False,11.800000190734863,9585750.0,113111852.0,,,2026-07-01
NOMA,NOMADAR Corp.,,False,True,False,3.0499000549316406,14881433.0,45386883.0,-0.19,,2026-08-01
NOVT,Novanta Inc.,,False,True,False,158.80999755859375,,,1.39,114.252,2026-08-01
NOVTU,Novanta Inc.,,False,True,False,66.76000213623047,35611858.0,2377447716.0,1.39,48.029,2026-08-01
NOW,ServiceNow,Information Technology,True,False,True,116.56999969482422,,,1.6,72.856,2026-08-01
NPAC,New Providence Acquisition Corp. III,,False,True,False,10.420100212097168,,,,,2026-08-01
NPCE,"Neuropace, Inc.",,False,True,False,13.954999923706055,,,-0.65,,2026-08-01
NPT,Texxon Holding Limited,,False,True,False,3.180000066757202,,,,,2026-08-01
NRC,NRC Health,,False,True,False,19.579999923706055,,,49.89,0.392,2026-08-01
NRDS,"NerdWallet, Inc.",,False,True,False,9.244999885559082,,,0.93,9.941,2026-08-01
NRG,NRG Energy,Utilities,True,False,True,113.49500274658203,,,0.92,123.364,2026-08-01
NRIM,Northrim BanCorp Inc,,False,True,False,27.229999542236328,,,3.04,8.957,2026-08-01
NRIX,"Nurix Therapeutics, Inc.",,False,True,False,24.600000381469727,,,-3.46,,2026-08-01
NRSN,NeuroSense Therapeutics Ltd.,,False,True,False,0.4959999918937683,,,,,2026-08-01
NRXP,"NRX Pharmaceuticals, Inc.",,False,True,False,3.0399999618530273,,,-2.59,,2026-08-01
NSC,Norfolk Southern,Industrials,True,False,True,339.7799987792969,,,11.72,28.991,2026-08-01
NSIT,"Insight Enterprises, Inc.",,False,True,True,137.4499969482422,,,5.61,24.501,2026-08-01
NSLR,Neostellar Capital Corp.,,False,True,False,11.119999885559082,,,6.89,1.614,2026-08-01
NSPR,InspireMD Inc.,,False,True,False,0.6890000104904175,,,-1.14,,2026-08-01
NSSC,"NAPCO Security Technologies, Inc.",,False,True,False,39.720001220703125,,,1.04,38.192,2026-08-01
NSTS,"NSTS Bancorp, Inc.",,False,True,False,13.800000190734863,,,,,2026-08-01
NSYS,Nortech Systems Incorporated,,False,True,False,14.618800163269043,,,0.38,38.471,2026-08-01
NTAP,NetApp,Information Technology,True,True,False,194.875,,,6.35,30.689,2026-08-01
NTCL,NETCLASS TECHNOLOGY INC,,False,True,False,2.6449999809265137,,,,,2026-08-01
NTCT,"NetScout Systems, Inc.",,False,True,False,42.43000030517578,,,1.3,32.638,2026-08-01
NTGR,"NETGEAR, Inc.",,False,True,False,24.5049991607666,,,-0.89,,2026-08-01
NTHI,"NeOnc Technologies Holdings, Inc.",,False,True,False,3.5199999809265137,,,-1.8,,2026-08-01
NTIC,Northern Technologies International Corporation,,False,True,False,8.40999984741211,,,-0.11,,2026-08-01
NTLA,"Intellia Therapeutics, Inc.",,False,True,False,11.170000076293945,,,-3.52,,2026-08-01
NTNX,"Nutanix, Inc.",,False,True,False,61.709999084472656,,,0.96,64.281,2026-08-01
NTRA,"Natera, Inc.",,False,True,False,276.3900146484375,,,-1.62,,2026-08-01
NTRB,Nutriband Inc.,,False,True,False,2.8942999839782715,,,-2.56,,2026-08-01
NTRP,"NextTrip, Inc.",,False,True,False,1.7400000095367432,,,-1.36,,2026-08-01
NTRS,Northern Trust,Financials,True,True,True,183.07000732421875,,,9.55,19.17,2026-08-01
NTSK,"Netskope, Inc.",,False,True,False,13.845000267028809,,,-3.62,,2026-08-01
NTWK,NETSOL Technologies Inc.,,False,True,False,4.394999980926514,,,0.154,28.539,2026-08-01
NTWO,Newbury Street II Acquisition Corp,,False,True,False,10.710000038146973,,,,,2026-08-01
NUAI,"New Era Energy & Digital, Inc.",,False,True,False,5.09499979019165,,,-0.96,,2026-08-01
NUCL,Eagle Nuclear Energy Corp.,,False,True,False,6.75,,,-1.05,,2026-08-01
NUE,Nucor,Materials,True,False,True,272.3450012207031,,,10.08,27.018,2026-08-01
NUTR,Nusatrip Incorporated,,False,True,False,9.0,,,-0.29,,2026-07-01
NUTX,Nutex Health Inc.,,False,True,False,159.77000427246094,6881339.0,1099431561.0,13.67,11.688,2026-08-01
NUWE,"Nuwellis, Inc.",,False,True,False,1.9149999618530273,,,1.35,1.419,2026-08-01
NVAX,"Novavax, Inc.",,False,True,False,7.65500020980835,,,-0.41,,2026-08-01
NVCR,NovoCure Limited,,False,True,False,15.979999542236328,116445840.0,1860804470.0,-1.3,,2026-08-01
NVCT,"Nuvectis Pharma, Inc.",,False,True,False,19.989999771118164,,,-1.31,,2026-08-01
NVDA,Nvidia,Information Technology,True,True,True,212.89990234375,,,6.53,32.603,2026-08-01
NVEC,NVE Corporation,,False,True,False,127.79000091552734,,,3.72,34.352,2026-08-01
NVMI,Nova Ltd.,,False,True,False,412.4700012207031,,,,,2026-08-01
NVNI,Nvni Group Limited,,False,True,False,1.2549999952316284,10032710.0,12591051.0,,,2026-08-01
NVNO,enVVeno Medical Corporation,,False,True,False,11.444299697875977,,,-25.05,,2026-08-01
NVR,"NVR, Inc.",Consumer Discretionary,True,False,True,6259.89990234375,2699292.0,16897297727.0,409.48,15.287,2026-08-01
NVTS,Navitas Semiconductor Corporation,,False,True,False,12.711400032043457,183457686.0,2332004036.0,-1.33,,2026-08-01
NVX,NOVONIX Limited,,False,True,False,0.39890000224113464,840073798.0,335105440.0,,,2026-08-01
NWBI,"Northwest Bancshares, Inc.",,False,True,False,16.06999969482422,146314651.0,2351276397.0,0.92,17.467,2026-08-01
NWE,"NorthWestern Energy Group, Inc.",,False,True,False,69.61000061035156,61517850.0,4282257576.0,2.77,25.13,2026-08-01
NWFL,Norwood Financial Corp.,,False,True,False,33.90999984741211,10890699.0,369303601.0,2.73,12.421,2026-08-01
NWL,Newell Brands Inc.,,False,True,True,6.09499979019165,425900000.0,2595860411.0,-0.53,,2026-08-01
NWPX,"NWPX Infrastructure, Inc.",,False,True,False,129.61000061035156,9637202.0,1249077757.0,4.96,26.131,2026-08-01
NWS,News Corp (Class B),Communication Services,True,True,False,32.40999984741211,,,2.01,16.124,2026-08-01
NWSA,News Corp (Class A),Communication Services,True,True,True,28.44499969482422,,,2.01,14.152,2026-08-01
NWTG,"Newton Golf Company, Inc.",,False,True,False,1.090000033378601,4592063.0,5005349.0,-1.66,,2026-08-01
NXGL,"NexGel, Inc",,False,True,False,0.43050000071525574,9131055.0,3930919.0,-0.4,,2026-08-01
NXL,"Nexalin Technology, Inc.",,False,True,False,0.37880000472068787,20581646.0,7796328.0,-0.46,,2026-08-01
NXPI,NXP Semiconductors,Information Technology,True,True,False,236.11500549316406,252471079.0,59612210205.0,10.46,22.573,2026-08-01
NXPL,NextPlat Corp,,False,True,False,6.139999866485596,2708507.0,16630233.0,-0.42,,2026-08-01
NXST,"Nexstar Media Group, Inc.",,False,True,False,194.76609802246094,30538965.0,5947955051.0,4.72,41.264,2026-08-01
NXT,Nextpower Inc.,,False,True,False,97.04000091552734,136542423.0,13250076853.0,3.87,25.075,2026-08-01
NXTC,"NextCure, Inc.",,False,True,False,5.70959997177124,3612096.0,20623623.0,-16.82,,2026-08-01
NXTS,Nexentis Technologies Inc.,,False,True,False,1.9600000381469727,730459.0,1431700.0,65.9,0.03,2026-08-01
NXTT,Next Technology Holding Inc.,,False,True,False,0.10010000318288803,147296192.0,14744349.0,47.46,0.002,2026-08-01
NXXT,"NextNRG, Inc.",,False,True,False,0.29760000109672546,157258958.0,46800266.0,0.8,0.372,2026-08-01
NYAX,Nayax Ltd.,,False,True,False,67.22000122070312,37301367.0,2507397935.0,,,2026-08-01
NYXH,Nyxoah SA,,False,True,False,1.4149999618530273,43026460.0,60882439.0,,,2026-08-01
O,Realty Income,Real Estate,True,False,False,62.994998931884766,932492530.0,58742365931.0,1.22,51.635,2026-08-01
OABI,"OmniAb, Inc.",,False,True,False,2.015000104904175,144972579.0,292119762.0,-0.46,,2026-08-01
OACC,Oaktree Acquisition Corp. III Life Sciences,,False,True,False,10.739999771118164,,,,,2026-07-01
OBA,Oxley Bridge Acquisition Limited,,False,True,False,10.260000228881836,,,,,2026-07-01
OBAI,"Our Bond, Inc.",,False,True,False,0.510699987411499,24462071.0,12492779.0,,,2026-08-01
OBIO,"Orchestra BioMed Holdings, Inc.",,False,True,False,4.1930999755859375,59880715.0,251085825.0,-0.95,,2026-08-01
OBT,"Orange County Bancorp, Inc.",,False,True,False,38.65999984741211,13407904.0,518349567.0,3.41,11.337,2026-08-01
OBX,"Obsidian Therapeutics, Inc.",,False,True,False,32.5,,,,,2026-08-04
OC,Owens Corning,,False,False,True,144.97000122070312,80528319.0,11674190504.0,-6.43,,2026-08-01
OCC,Optical Cable Corporation,,False,True,False,16.600000381469727,8827092.0,146529731.0,,,2026-08-01
OCCI,"OFS Credit Company, Inc.",,False,True,False,2.490000009536743,,,,,2026-08-01
OCFC,OceanFirst Financial Corp.,,False,True,False,19.899999618530273,57600069.0,1146241351.0,1.18,16.864,2026-08-01
OCG,Oriental Culture Holding LTD,,False,True,False,1.7300000190734863,98313864.0,170082987.0,,,2026-08-01
OCGN,"Ocugen, Inc.",,False,True,False,1.274999976158142,338521856.0,431615358.0,-0.2,,2026-08-01
OCS,Oculis Holding AG,,False,True,False,12.0,,,,,2026-08-01
OCSL,Oaktree Specialty Lending Corporation,,False,True,False,12.149999618530273,88085523.0,1070239071.0,0.57,21.316,2026-08-01
OCTV,Octave Intelligence plc,,False,True,False,19.489999771118164,,,,,2026-08-01
OCUL,"Ocular Therapeutix, Inc.",,False,True,False,8.635000228881836,219615868.0,1896383070.0,-1.4,,2026-08-01
ODD,ODDITY Tech Ltd.,,False,True,False,14.920000076293945,,,,,2026-08-01
ODFL,Old Dominion,Industrials,True,True,False,218.1999969482422,207968283.0,45378678716.0,4.79,45.553,2026-08-01
ODTX,"Odyssey Therapeutics, Inc.",,False,True,False,19.454999923706055,48031320.0,934449327.0,,,2026-08-01
ODYS,Odysight.ai Inc.,,False,True,False,4.480000019073486,16777322.0,75162403.0,-1.1,,2026-08-01
OESX,"Orion Energy Systems, Inc.",,False,True,False,10.755000114440918,3530870.0,37974507.0,-0.89,,2026-08-01
OFAL,OFA Group,,False,True,False,0.9617000222206116,26370521.0,25360531.0,,,2026-08-01
OFIX,Orthofix Medical Inc.,,False,True,False,12.220000267028809,40421652.0,493952598.0,-1.5,,2026-08-01
OFLX,"Omega Flex, Inc.",,False,True,False,30.639999389648438,10094322.0,309290020.0,1.33,23.038,2026-08-01
OFS,OFS Capital Corporation,,False,True,False,3.6700000762939453,13398078.0,49170947.0,-1.65,,2026-08-01
OGI,Organigram Global Inc.,,False,True,False,0.9690999984741211,108585492.0,105230200.0,,,2026-08-01
OHAC,Oceanhawk Acquisition Corp.,,False,True,False,9.920000076293945,,,,,2026-08-01
OIM,OneIM Acquisition Corp.,,False,True,False,10.109999656677246,,,,,2026-07-01
OIO,OIO Group,,False,True,False,1.8600000143051147,348022108.0,647321126.0,,,2026-08-01
OKE,Oneok,Energy,True,False,False,87.12000274658203,630032852.0,54888463797.0,5.61,15.529,2026-08-01
OKTA,"Okta, Inc.",,False,True,False,147.5,,,1.38,106.884,2026-08-01
OKUR,"OnKure Therapeutics, Inc.",,False,True,False,4.199999809265137,40395480.0,169661008.0,-4.32,,2026-08-01
OKYO,OKYO Pharma Limited,,False,True,False,1.6799999475479126,52479527.0,88165603.0,,,2026-08-01
OLB,"The OLB Group, Inc.",,False,True,False,0.32820001244544983,14664930.0,4813030.0,-1.35,,2026-08-01
OLED,Universal Display Corporation,,False,True,False,85.375,45966835.0,3924418538.0,4.14,20.622,2026-08-01
OLLI,"Ollie's Bargain Outlet Holdings, Inc.",,False,True,False,75.94000244140625,60453292.0,4590823142.0,4.04,18.797,2026-08-01
OLMA,"Olema Pharmaceuticals, Inc.",,False,True,False,11.745800018310547,87347471.0,1025965926.0,-2.03,,2026-08-01
OLN,OLIN Corp,,False,False,True,18.959999084472656,113982490.0,2161107906.0,-1.73,,2026-08-01
OLOX,Olenox Industries Inc.,,False,True,False,4.829999923706055,1413901.0,6829142.0,117.23,0.041,2026-08-01
OM,"Outset Medical, Inc.",,False,True,False,5.144999980926514,18537241.0,95374105.0,-2.74,,2026-08-01
OMC,Omnicom Group,Communication Services,True,False,True,81.11000061035156,285006196.0,23116852732.0,-0.37,,2026-08-01
OMCL,"Omnicell, Inc.",,False,True,False,37.16999816894531,45478909.0,1690450964.0,0.44,84.477,2026-08-01
OMDA,"Omada Health, Inc.",,False,True,False,20.329999923706055,59448507.0,1208588143.0,0.75,27.107,2026-08-01
OMER,Omeros Corporation,,False,True,False,12.970000267028809,72375355.0,938708374.0,1.15,11.278,2026-08-01
OMEX,"Odyssey Marine Exploration, Inc.",,False,True,False,0.7117999792098999,58574115.0,41693054.0,-1.15,,2026-08-01
OMH,Ohmyhome Limited,,False,True,False,0.11259999871253967,22259591.0,2506430.0,,,2026-08-01
OMSE,OMS Energy Technologies Inc.,,False,True,False,4.278500080108643,42448704.0,181616783.0,,,2026-08-01
ON,ON Semiconductor,Information Technology,True,True,True,81.45999908447266,389311721.0,31713332436.0,1.51,53.947,2026-08-01
ONB,Old National Bancorp,,False,True,False,27.204999923706055,386373000.0,10511277436.0,1.94,14.023,2026-08-01
ONCH,1RT Acquisition Corp.,,False,True,False,10.270000457763672,,,,,2026-07-01
ONCO,"Onconetix, Inc.",,False,True,False,0.8198999762535095,11464572.0,9399802.0,203.98,0.004,2026-08-01
ONCY,Oncolytics Biotech Inc.,,False,True,False,0.8104000091552734,119354067.0,96724537.0,,,2026-08-01
ONDS,Ondas Inc,,False,True,False,8.904999732971191,495762650.0,4414766266.0,0.09,98.944,2026-08-01
ONEG,OneConstruction Group Limited,,False,True,False,1.0299999713897705,16000000.0,16480000.0,,,2026-08-01
ONEW,OneWater Marine Inc.,,False,True,False,12.880000114440918,,,,,2026-08-01
ONFO,Onfolio Holdings Inc.,,False,True,False,0.07909999787807465,6662508.0,527004.0,-0.85,,2026-08-01
ONMD,OneMedNet Corp,,False,True,False,0.7461000084877014,54433407.0,40612765.0,-0.04,,2026-08-01
OPAL,OPAL Fuels Inc.,,False,True,False,2.390000104904175,25171390.0,60159625.0,0.07,34.143,2026-08-01
OPBK,OP Bancorp,,False,True,False,15.829999923706055,14894239.0,235775802.0,1.83,8.65,2026-08-01
OPCH,"Option Care Health, Inc.",,False,True,False,23.575000762939453,157027504.0,3701923527.0,1.28,18.418,2026-08-01
OPEN,Opendoor Technologies Inc,,False,True,True,4.1605000495910645,964736632.0,4013786805.0,-1.76,,2026-08-01
OPENL,Opendoor Technologies Inc,,False,True,False,0.20000000298023224,964736632.0,192947329.0,-1.76,,2026-08-01
OPENW,Opendoor Technologies Inc,,False,True,False,0.4205999970436096,964736632.0,405768225.0,-1.76,,2026-08-01
OPENZ,Opendoor Technologies Inc,,False,True,False,0.1860000044107437,964736632.0,179441018.0,-1.76,,2026-08-01
OPI,Office Properties Income Trust,,False,True,False,18.690000534057617,73941128.0,1381959722.0,-4.39,,2026-08-01
OPK,"Opko Health, Inc.",,False,True,False,1.2999999523162842,746328225.0,970226657.0,-0.09,,2026-08-01
OPRT,Oportun Financial Corporation,,False,True,False,5.934999942779541,45738543.0,271458250.0,0.37,16.041,2026-08-01
OPRX,OptimizeRx Corporation,,False,True,False,6.855000019073486,18765075.0,128634589.0,0.36,19.042,2026-08-01
OPTH,Optimi Health Corp.,,False,True,False,4.78000020980835,,,,,2026-08-01
OPTX,"Syntec Optics Holdings, Inc.",,False,True,False,8.039999961853027,40279878.0,323850218.0,-0.08,,2026-08-01
OPXS,"Optex Systems Holdings, Inc.",,False,True,False,11.250100135803223,6959873.0,78299268.0,0.58,19.397,2026-08-01
ORBS,Eightco Holdings Inc.,,False,True,False,0.6869999766349792,388011544.0,266563922.0,-3.62,,2026-08-01
ORCL,Oracle Corporation,Information Technology,True,False,True,147.0102996826172,2880471000.0,423458904937.0,5.83,25.216,2026-08-01
ORGO,Organogenesis Holdings Inc.,,False,True,False,2.3949999809265137,128674548.0,308175540.0,-0.12,,2026-08-01
ORI,OLD REPUBLIC INTERNATIONAL CORP,,False,False,True,43.470001220703125,241432922.0,10495089414.0,4.56,9.533,2026-08-01
ORIC,"Oric Pharmaceuticals, Inc.",,False,True,False,13.4399995803833,103652656.0,1393091653.0,-1.3,,2026-08-01
ORIO,Orion Digital Corp.,,False,True,False,0.6705999970436096,24472377.0,16411176.0,,,2026-08-01
ORIQ,Origin Investment Corp I,,False,True,False,10.34000015258789,8625000.0,89182501.0,,,2026-07-01
ORIQW,Origin Investment Corp I,,False,True,False,0.14300000667572021,8625000.0,1233375.0,,,2026-07-30
ORKA,"Oruka Therapeutics, Inc.",,False,True,False,97.72000122070312,60312101.0,5893698583.0,-9.28,,2026-08-01
ORKT,Orangekloud Technology Inc.,,False,True,False,0.9700999855995178,5839770.0,5665161.0,,,2026-08-01
ORLY,O’Reilly Automotive,Consumer Discretionary,True,True,True,91.48999786376953,828715079.0,75819140807.0,3.07,29.801,2026-08-01
ORMP,Oramed Pharmaceuticals Inc.,,False,True,False,4.364999771118164,40926081.0,178642334.0,2.6,1.679,2026-08-01
ORRF,"Orrstown Financial Services, Inc.",,False,True,False,43.41999816894531,19647812.0,853107961.0,4.37,9.936,2026-08-01
OSBC,"Old Second Bancorp, Inc.",,False,True,False,25.959999084472656,51432372.0,1335184330.0,1.67,15.545,2026-08-01
OSIS,"OSI Systems, Inc.",,False,True,False,236.65499877929688,16482890.0,3900758313.0,8.76,27.015,2026-08-01
OSK,OSHKOSH CORP,,False,False,True,155.5399932861328,62351309.0,9698122183.0,8.98,17.321,2026-08-01
OSPN,OneSpan Inc.,,False,True,False,16.19499969482422,37072850.0,600394794.0,1.81,8.948,2026-08-01
OSRH,"OSR Health, Inc.",,False,True,False,0.45750001072883606,35104995.0,16060536.0,-1.63,,2026-08-01
OSS,"One Stop Systems, Inc.",,False,True,False,14.398099899291992,24769017.0,356626781.0,0.29,49.649,2026-08-01
OST,"Ostin Technology Group Co., Ltd.",,False,True,False,1.6950000524520874,14006250.0,23740594.0,,,2026-07-01
OSUR,"OraSure Technologies, Inc.",,False,True,False,4.125,68848553.0,284000281.0,-1.05,,2026-08-01
OSW,OneSpaWorld Holdings Limited,,False,True,False,26.479000091552734,101498712.0,2687584404.0,0.79,33.518,2026-08-01
OTEX,Open Text Corporation,,False,True,False,26.06999969482422,242662360.0,6326207651.0,2.05,12.717,2026-08-01
OTGA,OTG Acquisition Corp. I,,False,True,False,10.1899995803833,,,,,2026-08-01
OTIS,Otis Worldwide,Industrials,True,False,True,73.44999694824219,380669339.0,27960161788.0,3.89,18.882,2026-08-01
OTLK,"Outlook Therapeutics, Inc.",,False,True,False,0.9699000120162964,120863252.0,117225270.0,-1.44,,2026-08-01
OTTR,Otter Tail Corporation,,False,True,False,93.08779907226562,41984150.0,3908212119.0,6.66,13.977,2026-08-01
OUST,"Ouster, Inc.",,False,True,False,47.17409896850586,63672949.0,3003713998.0,-0.93,,2026-08-01
OVBC,Ohio Valley Banc Corp.,,False,True,False,42.60499954223633,4711001.0,200712195.0,,,2026-08-01
OVID,Ovid Therapeutics Inc.,,False,True,False,2.5,186640102.0,466600255.0,-0.46,,2026-08-01
OVLY,Oak Valley Bancorp (CA),,False,True,False,33.650001525878906,8413458.0,283112875.0,2.88,11.684,2026-08-01
OVV,Ovintiv Inc.,,False,False,True,60.915000915527344,275503580.0,16782300828.0,3.48,17.504,2026-08-01
OWLS,OBOOK Holdings Inc.,,False,True,False,5.4766998291015625,,,,,2026-08-01
OXBR,Oxbridge Re Holdings Limited,,False,True,False,1.5199999809265137,8101374.0,12314088.0,-0.28,,2026-08-01
OXLC,Oxford Lane Capital Corp.,,False,True,False,9.194999694824219,,,,,2026-08-01
OXSQ,Oxford Square Capital Corp.,,False,True,False,1.5,93527087.0,140290630.0,0.26,5.769,2026-08-01
OXY,Occidental Petroleum,Energy,True,False,False,55.154998779296875,994634701.0,54859075720.0,3.97,13.893,2026-08-01
OYSE,Oyster Enterprises II Acquisition Corp,,False,True,False,10.319999694824219,,,,,2026-07-01
OZK,Bank OZK,,False,True,False,52.45000076293945,,,,,2026-08-01
PAA,"Plains All American Pipeline, L.P.",,False,True,False,23.584999084472656,705531683.0,16639964098.0,,,2026-08-01
PAAC,Proem Acquisition Corp I,,False,True,False,9.960000038146973,17723333.0,176524397.0,,,2026-07-01
PACB,"Pacific Biosciences of California, Inc.",,False,True,False,1.4450000524520874,310601688.0,448819455.0,-0.41,,2026-08-01
PACH,Pioneer Acquisition I Corp,,False,True,False,10.289999961853027,,,,,2026-08-01
PAG,"PENSKE AUTOMOTIVE GROUP, INC.",,False,False,True,218.42999267578125,65662873.0,14342740868.0,13.76,15.874,2026-08-01
PAGP,"Plains GP Holdings, L.P.",,False,True,True,25.475000381469727,197904124.0,5041607634.0,,,2026-08-01
PAHC,Phibro Animal Health Corporation,,False,True,False,36.59000015258789,,,2.34,15.637,2026-08-01
PAL,"Proficient Auto Logistics, Inc.",,False,True,False,7.039999961853027,27770074.0,195501320.0,-0.51,,2026-08-01
PALI,"Palisade Bio, Inc.",,False,True,False,2.0250000953674316,173579670.0,351498848.0,0.12,16.875,2026-08-01
PALO,Paloma Acquisition Corp I,,False,True,False,9.925999641418457,,,,,2026-08-01
PAMT,PAMT CORP,,False,True,False,17.5,20943237.0,366506648.0,-2.11,,2026-08-01
PANL,Pangaea Logistics Solutions Ltd.,,False,True,False,7.474999904632568,65414923.0,488976543.0,0.54,13.843,2026-08-01
PANW,Palo Alto Networks,Information Technology,True,True,False,361.0199890136719,815000000.0,294231291046.0,1.22,295.918,2026-08-01
PARK,"Park Dental Partners, Inc.",,False,True,False,19.17799949645996,4515054.0,86589703.0,,,2026-08-01
PARR,"PAR PACIFIC HOLDINGS, INC.",,False,False,True,83.30999755859375,50144277.0,4177519594.0,8.83,9.435,2026-08-01
PASG,"Passage Bio, Inc.",,False,True,False,4.730000019073486,3207810.0,15172941.0,-11.84,,2026-08-01
PASW,"Ping An Biomedical Co., Ltd.",,False,True,False,0.1315000057220459,20500000.0,2695750.0,,,2026-08-01
PATK,"Patrick Industries, Inc.",,False,True,False,85.7249984741211,32893223.0,2819771491.0,3.89,22.037,2026-08-01
PAVM,PAVmed Inc.,,False,True,False,5.240099906921387,7272739.0,38109879.0,-20.15,,2026-08-01
PAVS,Paranovus Entertainment Technology Ltd.,,False,True,False,4.860000133514404,66724675.0,324281929.0,,,2026-08-01
PAX,Patria Investments Limited,,False,True,False,11.5,,,,,2026-08-01
PAYO,Payoneer Global Inc.,,False,True,False,7.119999885559082,334778664.0,2383624049.0,0.2,35.6,2026-08-01
PAYP,PayPay Corporation,,False,True,False,16.420000076293945,676955535.0,11115609936.0,,,2026-08-01
PAYS,"Paysign, Inc.",,False,True,False,9.359999656677246,55905773.0,523278016.0,0.17,55.059,2026-08-01
PAYX,Paychex,Industrials,True,True,False,117.80999755859375,355682860.0,41902996868.0,4.89,24.092,2026-08-01
PBAM,"Private Bancorp of America, Inc.",,False,True,False,85.74500274658203,,,,,2026-08-01
PBF,PBF Energy Inc.,,False,False,True,66.36000061035156,,,11.38,5.831,2026-08-01
PBFS,"Pioneer Bancorp, Inc.",,False,True,False,17.545000076293945,25076801.0,439972475.0,0.82,21.396,2026-08-01
PBHC,"Pathfinder Bancorp, Inc.",,False,True,False,15.690099716186523,4553886.0,71450925.0,1.76,8.915,2026-08-01
PBK,PowerBank Corporation,,False,True,False,0.5600000023841858,27191075.0,15227002.0,,,2026-08-01
PBLS,"Parabilis Medicines, Inc.",,False,True,False,36.15999984741211,,,,,2026-08-01
PBM,Psyence Biomedical Ltd.,,False,True,False,3.1449999809265137,2293277.0,7212356.0,,,2026-08-01
PBYI,Puma Biotechnology Inc,,False,True,False,7.815000057220459,50899456.0,397779252.0,0.48,16.281,2026-08-01
PC,Premium Catering (Holdings) Limited,,False,True,False,9.399999618530273,16000000.0,150399994.0,,,2026-07-01
PCAP,ProCap Acquisition Corp,,False,True,False,10.319999694824219,,,,,2026-08-01
PCAR,Paccar,Industrials,True,True,True,134.77999877929688,526364953.0,70943467723.0,4.76,28.315,2026-08-01
PCB,PCB Bancorp,,False,True,False,28.010000228881836,14234723.0,398714594.0,2.79,10.039,2026-08-01
PCG,PG&E Corporation,Utilities,True,False,True,17.5,2680110496.0,46901933680.0,1.38,12.681,2026-08-01
PCRX,"Pacira BioSciences, Inc.",,False,True,False,26.969999313354492,39347924.0,1061213483.0,0.13,207.462,2026-08-01
PCSA,"Processa Pharmaceuticals, Inc.",,False,True,False,2.1600000858306885,2750173.0,5940374.0,-4.07,,2026-08-01
PCT,"PureCycle Technologies, Inc.",,False,True,False,7.269999980926514,180863550.0,1314878005.0,-1.47,,2026-08-01
PCTY,Paylocity Holding Corporation,,False,True,False,141.4499969482422,53544058.0,7573806841.0,4.7,30.096,2026-08-01
PCVX,"Vaxcyte, Inc.",,False,True,False,55.0,144397682.0,7941872510.0,-6.89,,2026-08-01
PCYO,Pure Cycle Corporation,,False,True,False,10.654999732971191,24097370.0,256757471.0,0.62,17.185,2026-08-01
PDEX,"Pro-Dex, Inc.",,False,True,False,67.87000274658203,3192759.0,216692562.0,3.59,18.905,2026-08-01
PDFS,"PDF Solutions, Inc.",,False,True,False,51.650001525878906,39921090.0,2061924359.0,0.18,286.944,2026-08-01
PDLB,"Ponce Financial Group, Inc.",,False,True,False,20.565000534057617,24187901.0,497424197.0,1.31,15.698,2026-08-01
PDSB,PDS Biotechnology Corporation,,False,True,False,0.7257000207901001,55815653.0,40505421.0,-0.66,,2026-08-01
PDYN,Palladyne AI Corp.,,False,True,False,6.019999980926514,47244225.0,284410234.0,-0.59,,2026-08-01
PEBK,"Peoples Bancorp of North Carolina, Inc.",,False,True,False,43.630001068115234,5461490.0,238284815.0,3.64,11.986,2026-08-01
PEBO,Peoples Bancorp Inc.,,False,True,False,41.90999984741211,35942315.0,1506342416.0,3.31,12.662,2026-08-01
PECE,Peace Acquisition Corp,,False,True,False,9.9399995803833,8737500.0,86850746.0,,,2026-07-01
PECO,"Phillips Edison & Company, Inc.",,False,True,False,41.86000061035156,128700000.0,5387382079.0,1.15,36.4,2026-08-01
PEG,Public Service Enterprise Group,Utilities,True,False,True,76.12000274658203,498321402.0,37932226489.0,4.52,16.841,2026-08-01
PEGA,Pegasystems Inc.,,False,True,False,31.549999237060547,164404945.0,5186975889.0,1.76,17.926,2026-08-01
PENG,"Penguin Solutions, Inc.",,False,True,False,58.323001861572266,51242699.0,2988628029.0,1.4,41.659,2026-08-01
PENN,"PENN Entertainment, Inc.",,False,True,False,19.899999618530273,133843371.0,2663483032.0,-6.53,,2026-08-01
PEP,PepsiCo,Consumer Staples,True,True,True,138.67999267578125,1364891558.0,189283151267.0,7.63,18.176,2026-08-01
PEPG,PepGen Inc.,,False,True,False,1.909999966621399,69169215.0,132113198.0,-1.46,,2026-08-01
PERI,Perion Network Ltd,,False,True,False,9.800000190734863,39024964.0,382444655.0,,,2026-08-01
PESI,"Perma-Fix Environmental Services, Inc.",,False,True,False,17.334999084472656,18564581.0,321816995.0,-0.96,,2026-08-01
PETS,"PetMed Express, Inc.",,False,True,False,1.9950000047683716,21365782.0,42624735.0,-2.74,,2026-08-01
PETZ,"TDH Holdings, Inc.",,False,True,False,1.1799999475479126,10323268.0,12181456.0,,,2026-08-01
PFAI,Pinnacle Food Group Limited,,False,True,False,2.190000057220459,,,,,2026-08-01
PFBC,Preferred Bank,,False,True,False,107.11499786376953,,,,,2026-08-01
PFE,Pfizer,Health Care,True,False,True,25.434999465942383,5699673589.0,144971194692.0,0.76,33.467,2026-08-01
PFG,Principal Financial Group,Financials,True,True,True,114.52999877929688,216012384.0,24739898076.0,6.97,16.432,2026-08-01
PFGC,Performance Food Group Co,,False,False,True,112.66000366210938,157089851.0,17697743189.0,2.11,53.393,2026-08-01
PFIS,Peoples Financial Services Corp.,,False,True,False,72.60009765625,10010881.0,726790938.0,5.86,12.389,2026-08-01
PFSA,"Profusa, Inc.",,False,True,False,0.9700999855995178,4660268.0,4520926.0,-3.97,,2026-08-01
PFX,PhenixFIN Corporation,,False,True,False,43.0099983215332,1932600.0,83121123.0,-0.53,,2026-07-01
PG,Procter & Gamble,Consumer Staples,True,False,True,147.56210327148438,2328598978.0,343612962870.0,6.84,21.573,2026-08-01
PGAC,Pantages Capital Acquisition Corporation,,False,True,False,10.680000305175781,,,,,2026-07-01
PGC,Peapack-Gladstone Financial Corporation,,False,True,False,46.84000015258789,17718378.0,829928828.0,2.48,18.887,2026-08-01
PGEN,"Precigen, Inc.",,False,True,False,6.724999904632568,356510980.0,2397536307.0,-1.21,,2026-08-01
PGNY,"Progyny, Inc.",,False,True,False,31.549999237060547,78332370.0,2471386214.0,0.77,40.974,2026-08-01
PGR,Progressive Corporation,Financials,True,False,False,210.02999877929688,581371770.0,122105512143.0,19.93,10.538,2026-08-01
PGY,Pagaya Technologies Ltd.,,False,True,False,22.09000015258789,,,1.4,15.779,2026-08-01
PH,Parker Hannifin,Industrials,True,False,True,997.0399780273438,126086389.0,125713170518.0,27.11,36.778,2026-08-01
PHAR,Pharming Group N.V.,,False,True,False,10.010000228881836,701680440.0,7023821365.0,,,2026-08-01
PHAT,"Phathom Pharmaceuticals, Inc.",,False,True,False,8.484999656677246,80900934.0,686444397.0,-1.25,,2026-08-01
PHIO,Phio Pharmaceuticals Corp.,,False,True,False,1.1050000190734863,11617250.0,12837061.0,-5.85,,2026-08-01
PHM,PulteGroup,Consumer Discretionary,True,False,False,131.47000122070312,187452540.0,24644385663.0,9.79,13.429,2026-08-01
PHOE,Phoenix Asia Holdings Limited,,False,True,False,23.559999465942383,20000000.0,471199989.0,,,2026-08-01
PHUN,"Phunware, Inc.",,False,True,False,2.194999933242798,20447419.0,44882083.0,-0.55,,2026-08-01
PHVS,Pharvaris N.V.,,False,True,False,33.63999938964844,65210590.0,2193684208.0,,,2026-08-01
PI,"Impinj, Inc.",,False,True,False,168.72000122070312,30554413.0,5155140599.0,-0.9,,2026-08-01
PICS,PicS N.V.,,False,True,False,13.050000190734863,,,,,2026-08-01
PII,Polaris Inc.,,False,False,True,72.98999786376953,56886167.0,4152121208.0,-7.84,,2026-08-01
PIII,P3 Health Partners Inc.,,False,True,False,10.300000190734863,,,-38.66,,2026-08-01
PKBK,"Parke Bancorp, Inc.",,False,True,False,34.369998931884766,11730950.0,403192739.0,3.5,9.82,2026-08-01
PKG,Packaging Corporation of America,Materials,True,False,True,254.8000030517578,89098647.0,22702335528.0,8.23,30.96,2026-08-01
PKOH,Park-Ohio Holdings Corp.,,False,True,False,41.279998779296875,14398169.0,594356399.0,1.67,24.719,2026-08-01
PLAB,"Photronics, Inc.",,False,True,False,32.47999954223633,58963698.0,1915140884.0,2.73,11.897,2026-08-01
PLAY,"Dave & Buster's Entertainment, Inc.",,False,True,False,10.640000343322754,34788694.0,370151716.0,-1.86,,2026-08-01
PLBC,Plumas Bancorp,,False,True,False,60.83000183105469,6968136.0,423871726.0,4.72,12.888,2026-08-01
PLBL,Polibeli Group Ltd,,False,True,False,6.284999847412109,,,,,2026-08-01
PLBY,"Playboy, Inc.",,False,True,False,1.2200000286102295,115967061.0,141479818.0,-0.06,,2026-08-01
PLCE,"Children's Place, Inc. (The)",,False,True,False,2.5999999046325684,22237067.0,57816372.0,-4.84,,2026-08-01
PLD,Prologis,Real Estate,True,False,False,140.50999450683594,932338000.0,131002807259.0,3.97,35.393,2026-08-01
PLMK,Plum Acquisition Corp. IV,,False,True,False,10.579999923706055,,,,,2026-08-01
PLMR,"Palomar Holdings, Inc.",,False,True,False,136.72999572753906,26503871.0,3623874169.0,7.17,19.07,2026-08-01
PLPC,Preformed Line Products Company,,False,True,False,388.864990234375,4888701.0,1901044667.0,8.88,43.791,2026-08-01
PLRX,"Pliant Therapeutics, Inc.",,False,True,False,1.059999942779541,61920249.0,65635460.0,-1.83,,2026-08-01
PLRZ,Polyrizon Ltd.,,False,True,False,9.832300186157227,1608266.0,15812954.0,,,2026-08-01
PLSE,"Pulse Biosciences, Inc",,False,True,False,38.060001373291016,69209712.0,2634121734.0,-1.99,,2026-08-01
PLSM,Pulsenmore Ltd.,,False,True,False,3.634999990463257,6502844.0,23637838.0,,,2026-08-01
PLTK,Playtika Holding Corp.,,False,True,False,4.045000076293945,380379545.0,1538635289.0,-0.78,,2026-08-01
PLTR,Palantir Technologies,Information Technology,True,True,False,162.52999877929688,,,1.17,138.915,2026-08-01
PLTS,Platinum Analytics Cayman Limited,,False,True,False,17.5,,,,,2026-07-01
PLUG,"Plug Power, Inc.",,False,True,False,2.174999952316284,1395069082.0,3034275187.0,-1.39,,2026-08-01
PLUR,Pluri Inc.,,False,True,False,1.5736000537872314,10789546.0,16978430.0,-2.92,,2026-08-01
PLUS,ePlus inc.,,False,True,False,97.71499633789062,26151583.0,2555401837.0,5.03,19.426,2026-08-01
PLUT,Plutus Financial Group Limited,,False,True,False,2.990000009536743,15350000.0,45896500.0,,,2026-07-01
PLXS,Plexus Corp.,,False,True,False,277.19000244140625,26756421.0,7416612402.0,6.84,40.525,2026-08-01
PLYX,"Polaryx Therapeutics, Inc.",,False,True,False,2.227299928665161,47343297.0,105447722.0,,,2026-08-01
PM,Philip Morris International,Consumer Staples,True,False,True,185.7899932861328,1558613439.0,289574780367.0,6.95,26.732,2026-08-01
PMA,Ming Shing Group Holdings Limited,,False,True,False,1.2994999885559082,12975000.0,16861012.0,,,2026-08-01
PMAX,Powell Max Limited,,False,True,False,1.6050000190734863,,,,,2026-08-01
PMCB,"PharmaCyte  Biotech, Inc.",,False,True,False,0.5928000211715698,10735649.0,6364093.0,-2.77,,2026-08-01
PMEC,Primech Holdings Ltd.,,False,True,False,0.4302000105381012,38417987.0,16527418.0,,,2026-08-01
PMN,ProMIS Neurosciences Inc.,,False,True,False,13.779999732971191,8967693.0,123574807.0,-18.6,,2026-08-01
PMTR,Perimeter Acquisition Corp. I,,False,True,False,10.40999984741211,,,,,2026-08-01
PMTS,CPI Card Group Inc.,,False,True,False,22.559999465942383,11475608.0,258889710.0,1.02,22.118,2026-08-01
PMVP,"PMV Pharmaceuticals, Inc.",,False,True,False,1.149999976158142,53331766.0,61331530.0,-1.48,,2026-08-01
PN,PN Smart Energy Limited,,False,True,False,6.960000038146973,,,,,2026-08-01
PNBK,Patriot National Bancorp Inc.,,False,True,False,1.125,117669652.0,132378358.0,0.02,56.25,2026-08-01
PNC,PNC Financial Services,Financials,True,False,True,255.25,401564632.0,102499372318.0,17.21,14.831,2026-08-01
PNR,Pentair,Industrials,True,False,False,68.26000213623047,161605541.0,11031194574.0,4.08,16.73,2026-08-01
PNRG,PrimeEnergy Resources Corporation,,False,True,False,186.5,1618000.0,301757000.0,8.96,20.815,2026-08-01
PNTG,"The Pennant Group, Inc.",,False,True,False,38.95500183105469,34767557.0,1354370247.0,0.86,45.297,2026-08-01
PNW,Pinnacle West Capital,Utilities,True,False,False,101.3499984741211,121197234.0,12283339481.0,5.21,19.453,2026-08-01
POCI,"Precision Optics Corporation, Inc.",,False,True,False,4.210000038146973,10944869.0,46077899.0,-0.64,,2026-08-01
PODC,"PodcastOne, Inc.",,False,True,False,3.5999999046325684,30065514.0,108235848.0,,,2026-08-01
PODD,Insulet Corporation,Health Care,True,True,False,165.10000610351562,69264674.0,11435598100.0,4.28,38.575,2026-08-01
POET,POET Technologies Inc.,,False,True,False,8.529999732971191,132290739.0,1128439968.0,,,2026-08-01
POLA,"Polar Power, Inc.",,False,True,False,1.8899999856948853,3640159.0,6879900.0,-3.14,,2026-08-01
POLE,Andretti Acquisition Corp. II,,False,True,False,10.8100004196167,,,,,2026-08-01
PONO,"Pono Capital Four, Inc.",,False,True,False,9.970000267028809,,,,,2026-07-01
POOL,Pool Corporation,,False,True,False,200.64999389648438,36443003.0,7312288330.0,10.88,18.442,2026-08-01
POWI,"Power Integrations, Inc.",,False,True,False,63.970001220703125,55719984.0,3564407444.0,0.3,213.233,2026-08-01
POWL,"Powell Industries, Inc.",,False,True,False,211.67999267578125,36432564.0,7712044881.0,10.29,20.571,2026-08-01
POWW,Outdoor Holding Company,,False,True,False,2.184999942779541,116163494.0,253817228.0,-0.05,,2026-08-01
PPC,Pilgrim's Pride Corporation,,False,True,False,27.0,238108524.0,6428930148.0,2.3,11.739,2026-08-01
PPCB,"Propanc Biopharma, Inc.",,False,True,False,1.0399999618530273,56959280.0,59237649.0,64.88,0.016,2026-08-01
PPG,PPG Industries,Materials,True,False,True,117.58999633789062,222900000.0,26210810184.0,7.01,16.775,2026-08-01
PPHC,"Public Policy Holding Company, Inc.",,False,True,False,11.404999732971191,29350077.0,334737620.0,,,2026-08-01
PPIH,"Perma-Pipe International Holdings, Inc.",,False,True,False,25.31999969482422,8125713.0,205743051.0,1.7,14.894,2026-08-01
PPL,PPL Corporation,Utilities,True,False,True,35.27000045776367,752350362.0,26535397612.0,1.59,22.182,2026-08-01
PPLI,People Incorporated,,False,True,False,45.599998474121094,,,4.51,10.111,2026-08-01
PPSI,"Pioneer Power Solutions, Inc.",,False,True,False,3.1519999504089355,11096266.0,34975430.0,-0.68,,2026-08-01
PPTA,Perpetua Resources Corp.,,False,True,False,20.899999618530273,125094503.0,2614475065.0,-1.35,,2026-08-01
PRAA,"PRA Group, Inc.",,False,True,False,17.59000015258789,38140888.0,670898226.0,-7.15,,2026-08-01
PRAX,"Praxis Precision Medicines, Inc.",,False,True,False,311.9700012207031,27878774.0,8697341159.0,-13.39,,2026-08-01
PRCH,"Porch Group, Inc.",,False,True,False,16.809999465942383,131832044.0,2216096589.0,-0.09,,2026-08-01
PRCT,PROCEPT BioRobotics Corporation,,False,True,False,18.079999923706055,56918844.0,1029092695.0,-1.83,,2026-08-01
PRDO,Perdoceo Education Corporation,,False,True,False,32.63999938964844,62703133.0,2046630223.0,2.62,12.458,2026-08-01
PRE,Prenetics Global Limited,,False,True,False,18.510000228881836,16874089.0,312339391.0,,,2026-08-01
PRFX,PRF Technologies Ltd.,,False,True,False,1.059999942779541,830613.0,880450.0,,,2026-08-01
PRGS,Progress Software Corporation,,False,True,False,41.685001373291016,,,2.06,20.235,2026-08-01
PRHI,"Presurance Holdings, Inc.",,False,True,False,5.349999904632568,,,-1.4,,2026-08-01
PRLD,Prelude Therapeutics Incorporated,,False,True,False,4.489999771118164,79645307.0,357607410.0,-1.0,,2026-08-01
PRME,"Prime Medicine, Inc.",,False,True,False,2.9149999618530273,180617451.0,526499863.0,-1.23,,2026-08-01
PROF,Profound Medical Corp.,,False,True,False,8.425000190734863,36337637.0,306144599.0,1.24,6.794,2026-08-01
PROK,ProKidney Corp.,,False,True,False,1.625,,,,,2026-08-01
PROP,Prairie Operating Co.,,False,True,False,0.7631999850273132,,,-0.02,,2026-08-01
PROV,"Provident Financial Holdings, Inc.",,False,True,False,18.010000228881836,,,0.92,19.576,2026-08-01
PRPL,"Purple Innovation, Inc.",,False,True,False,9.999500274658203,,,0.38,26.314,2026-08-01
PRPO,"Precipio, Inc.",,False,True,False,22.600000381469727,,,-0.45,,2026-08-01
PRQR,ProQR Therapeutics N.V.,,False,True,False,1.7799999713897705,,,,,2026-08-01
PRSO,Peraso Inc.,,False,True,False,0.713699996471405,,,-0.81,,2026-08-01
PRTA,Prothena Corporation plc,,False,True,False,8.515000343322754,,,-2.81,,2026-08-01
PRTH,"Priority Technology Holdings, Inc.",,False,True,False,6.635000228881836,,,0.7,9.479,2026-08-01
PRTS,"CarParts.com, Inc.",,False,True,False,5.664999961853027,,,-0.58,,2026-08-01
PRU,Prudential Financial,Financials,True,False,True,123.37000274658203,,,9.71,12.705,2026-08-01
PRVA,"Privia Health Group, Inc.",,False,True,False,23.979999542236328,,,0.17,141.059,2026-08-01
PRZO,ParaZero Technologies Ltd.,,False,True,False,0.5419999957084656,,,,,2026-08-01
PSA,Public Storage,Real Estate,True,False,False,325.5199890136719,,,10.47,31.091,2026-08-01
PSEC,Prospect Capital Corporation,,False,True,False,2.259999990463257,,,-0.39,,2026-08-01
PSHG,Performance Shipping Inc.,,False,True,False,1.7699999809265137,,,,,2026-08-01
PSIG,PS International Group Ltd.,,False,True,False,1.1699999570846558,,,,,2026-08-01
PSIX,"Power Solutions International, Inc.",,False,True,False,34.400001525878906,,,4.43,7.765,2026-08-01
PSKY,Paramount Skydance Corporation,Communication Services,True,True,False,8.494999885559082,,,0.02,424.75,2026-08-01
PSMT,"PriceSmart, Inc.",,False,True,False,195.61000061035156,,,5.21,37.545,2026-08-01
PSNL,"Personalis, Inc.",,False,True,False,13.479999542236328,,,-1.02,,2026-08-01
PSNY,Polestar Automotive Holding UK Limited,,False,True,False,14.6899995803833,,,,,2026-08-01
PSNYW,Polestar Automotive Holding UK Limited,,False,True,False,2.4798998832702637,,,,,2026-08-01
PSX,Phillips 66,Energy,True,False,True,206.09500122070312,,,10.12,20.365,2026-08-01
PTAC,Patriot Acquisition Corp.,,False,True,False,9.930000305175781,,,,,2026-08-04
PTC,PTC Inc.,Information Technology,True,True,False,140.52999877929688,,,10.28,13.67,2026-08-01
PTCT,"PTC Therapeutics, Inc.",,False,True,False,69.72000122070312,,,-0.54,,2026-08-01
PTEN,"Patterson-UTI Energy, Inc.",,False,True,False,10.085000038146973,,,-0.3,,2026-08-01
PTGX,"Protagonist Therapeutics, Inc.",,False,True,False,136.75999450683594,,,-1.81,,2026-08-01
PTLE,PTL LTD,,False,True,False,10.420000076293945,,,,,2026-08-01
PTLO,Portillo's Inc.,,False,True,False,4.458099842071533,,,0.21,21.229,2026-08-01
PTN,"Palatin Technologies, Inc.",,False,True,False,7.909999847412109,,,3.64,2.173,2026-08-01
PTON,"Peloton Interactive, Inc.",,False,True,False,6.605000019073486,,,0.06,110.083,2026-08-01
PTOR,Praetorian Acquisition Corp.,,False,True,False,9.930100440979004,,,,,2026-08-01
PTRN,Pattern Group Inc.,,False,True,False,23.829999923706055,,,-1.77,,2026-08-01
PUBM,"PubMatic, Inc.",,False,True,False,13.430000305175781,,,-0.38,,2026-08-01
PULM,"Pulmatrix, Inc.",,False,True,False,1.684999942779541,,,-1.23,,2026-08-01
PURR,Hyperliquid Strategies Inc,,False,True,False,6.815000057220459,,,,,2026-08-01
PUSA,Aureus Greenway Holdings Inc.,,False,True,False,3.100100040435791,21604682.0,66976676.0,-0.32,,2026-08-01
PVLA,"Palvella Therapeutics, Inc.",,False,True,False,150.07000732421875,14408407.0,2162269744.0,-4.83,,2026-08-01
PWCM,"PowerCompute, Inc.",,False,True,False,1.6101000308990479,,,-2.7,,2026-08-01
PWP,Perella Weinberg Partners,,False,True,False,17.344999313354492,,,0.27,64.241,2026-08-01
PWR,Quanta Services,Industrials,True,False,True,702.7449951171875,150343393.0,105653066980.0,8.73,80.498,2026-08-01
PWRL,Powerlaw Corp.,,False,True,False,11.645000457763672,,,,,2026-08-01
PXLW,"Pixelworks, Inc.",,False,True,False,6.268599987030029,6363258.0,39888719.0,9.92,0.632,2026-08-01
PXS,Pyxis Tankers Inc.,,False,True,False,4.789999961853027,,,,,2026-08-01
PYPD,PolyPid Ltd.,,False,True,False,4.483799934387207,,,6.59,0.68,2026-08-01
PYPL,PayPal,Financials,True,True,True,58.15999984741211,882105493.0,51303255338.0,5.33,10.912,2026-08-01
PYXS,"Pyxis Oncology, Inc.",,False,True,False,3.2139999866485596,63355482.0,203624518.0,-1.3,,2026-08-01
PZZA,"Papa John's International, Inc.",,False,True,False,30.27989959716797,32902014.0,996269680.0,0.84,36.047,2026-08-01
Q,Qnity Electronics,Information Technology,True,False,False,131.17999267578125,209208543.0,27443975138.0,2.79,47.018,2026-07-01
QADR,QDRO Acquisition Corp.,,False,True,False,9.930000305175781,,,,,2026-08-01
QBTS,D-Wave Quantum Inc.,,False,True,False,21.780000686645508,366737601.0,7987545202.0,-1.14,,2026-08-01
QCLS,"Q/C Technologies, Inc.",,False,True,False,2.9809000492095947,7853429.0,23410287.0,-8.49,,2026-08-01
QCOM,Qualcomm,Information Technology,True,True,False,161.77000427246094,1050000000.0,169858504486.0,8.76,18.467,2026-08-01
QCRH,"QCR Holdings, Inc.",,False,True,False,105.33999633789062,16509789.0,1739141113.0,7.96,13.234,2026-08-01
QDEL,QuidelOrtho Corporation,,False,True,False,17.329999923706055,68190989.0,1181749834.0,-17.85,,2026-08-01
QETA,Quetta Acquisition Corporation,,False,True,False,11.739999771118164,3747748.0,43998561.0,,,2026-07-01
QH,Quhuo Limited,,False,True,False,4.449999809265137,,,,,2026-08-01
QLYS,"Qualys, Inc.",,False,True,False,158.0500030517578,35217007.0,5566048064.0,5.57,28.375,2026-08-01
QMCO,Quantum Corporation,,False,True,False,11.529999732971191,39374500.0,453987974.0,-7.97,,2026-08-01
QMLS,"QumulusAI, Inc.",,False,True,False,7.400000095367432,,,,,2026-08-04
QMMM,QMMM Holdings Limited,,False,True,False,119.4000015258789,17206342.0,2054437261.0,,,2026-07-01
QNCX,"Quince Therapeutics, Inc.",,False,True,False,25.4950008392334,16300740.0,415587380.0,4.62,5.518,2026-08-01
QNME,"Quanome Technologies, Inc.",,False,True,False,0.6890000104904175,,,,,2026-08-04
QNST,"QuinStreet, Inc.",,False,True,False,15.550000190734863,57445370.0,893275514.0,1.16,13.405,2026-08-01
QNT,Quantinuum Inc.,,False,True,False,58.25,,,,,2026-08-01
QNTM,Quantum Biopharma Ltd.,,False,True,False,2.809999942779541,12.0,34.0,,,2026-08-01
QQQX,Nuveen NASDAQ 100 Dynamic Overwrite Fund,,False,True,False,30.799999237060547,,,,,2026-08-01
QRHC,Quest Resource Holding Corporation,,False,True,False,1.2899999618530273,21013620.0,27107569.0,-0.34,,2026-08-01
QRVO,"Qorvo, Inc.",,False,True,False,94.83999633789062,88013673.0,8347216425.0,3.62,26.199,2026-08-01
QS,QuantumScape Corporation,,False,True,False,5.695000171661377,95449946.0,543587459.0,-0.67,,2026-08-01
QSEA,Quartzsea Acquisition Corporation,,False,True,False,10.619999885559082,10134518.0,107628580.0,,,2026-08-01
QSI,Quantum-Si Incorporated,,False,True,False,0.7872999906539917,,,-0.5,,2026-08-01
QTEX,QTREX Quantum Ltd.,,False,True,False,1.059999942779541,35949247.0,38106200.0,,,2026-08-01
QTI,"QT Imaging Holdings, Inc.",,False,True,False,2.8450000286102295,12042500.0,34260913.0,-2.01,,2026-08-01
QTRX,Quanterix Corporation,,False,True,False,3.680000066757202,47105981.0,173350013.0,-2.35,,2026-08-01
QTTB,Q32 Bio Inc.,,False,True,False,15.850000381469727,16956415.0,268759184.0,2.78,5.701,2026-08-01
QUBT,Quantum Computing Inc.,,False,True,False,9.29010009765625,225534987.0,2095242605.0,-0.24,,2026-08-01
QUCY,Quantum Cyber N.V.,,False,True,False,1.5,14661169.0,21991754.0,,,2026-08-01
QUIK,QuickLogic Corporation,,False,True,False,14.614999771118164,18224806.0,266355536.0,-0.9,,2026-08-01
QUMS,Quantumsphere Acquisition Corp.,,False,True,False,10.279999732971191,10936105.0,112423156.0,,,2026-07-01
QURE,uniQure N.V.,,False,True,False,44.20000076293945,63067485.0,2787582885.0,-3.49,,2026-08-01
QXL,Quantum X Labs Inc.,,False,True,False,4.809999942779541,13336392.0,64148045.0,1.65,2.915,2026-08-01
R,RYDER SYSTEM INC,,False,False,True,267.5299987792969,38346868.0,10258937549.0,12.26,21.821,2026-08-01
RACC,Research Alliance Corporation III,,False,True,False,24.0,,,,,2026-08-01
RACD,Research Alliance Corporation IV,,False,True,False,11.180000305175781,,,,,2026-08-03
RAIL,"Freightcar America, Inc.",,False,True,False,8.40999984741211,32791280.0,275774660.0,-0.56,,2026-08-01
RAIN,"Rain Enhancement Technologies Holdco, Inc.",,False,True,False,1.2699999809265137,,,,,2026-08-01
RAND,Rand Capital Corporation,,False,True,False,10.380000114440918,2969814.0,30826670.0,-3.1,,2026-08-01
RANG,Range Capital Acquisition Corp.,,False,True,False,10.729999542236328,16037500.0,172082368.0,,,2026-08-01
RANI,"Rani Therapeutics Holdings, Inc.",,False,True,False,0.8507000207901001,,,-0.27,,2026-08-01
RAPP,"Rapport Therapeutics, Inc.",,False,True,False,41.779998779296875,47826929.0,1998209035.0,-2.6,,2026-08-01
RARE,Ultragenyx Pharmaceutical Inc.,,False,True,False,25.81999969482422,98489224.0,2542991734.0,-6.1,,2026-08-01
RAVE,"Rave Restaurant Group, Inc.",,False,True,False,3.3350000381469727,14211566.0,47395573.0,0.21,15.881,2026-08-01
RAY,Raytech Holding Limited,,False,True,False,3.0,5874743.0,17624229.0,,,2026-08-01
RAYA,Erayak Power Solution Group Inc.,,False,True,False,2.4800000190734863,,,,,2026-08-01
RBB,RBB Bancorp,,False,True,False,26.834999084472656,16935888.0,454474539.0,2.36,11.371,2026-08-01
RBBN,Ribbon Communications Inc.,,False,True,False,2.2049999237060547,178823352.0,394305478.0,0.08,27.562,2026-08-01
RBCAA,"Republic Bancorp, Inc.",,False,True,False,101.18000030517578,,,,,2026-08-01
RBKB,"Rhinebeck Bancorp, Inc.",,False,True,False,12.0600004196167,11169981.0,134709976.0,0.91,13.253,2026-08-01
RBNE,Robin Energy Ltd.,,False,True,False,2.5399999618530273,2774865.0,7048157.0,,,2026-08-01
RCAT,"Red Cat Holdings, Inc.",,False,True,False,8.930100440979004,122742361.0,1096101612.0,-0.68,,2026-08-01
RCEL,"Avita Medical, Inc.",,False,True,False,4.730000019073486,30776689.0,145573740.0,-1.56,,2026-08-01
RCKT,"Rocket Pharmaceuticals, Inc.",,False,True,False,3.4600000381469727,109193549.0,377809684.0,-1.87,,2026-08-01
RCKY,"Rocky Brands, Inc.",,False,True,False,50.25,7541363.0,378953491.0,2.47,20.344,2026-08-01
RCL,Royal Caribbean Group,Consumer Discretionary,True,False,False,325.965087890625,268194978.0,87422199576.0,16.39,19.888,2026-08-01
RCMT,"RCM Technologies, Inc.",,False,True,False,28.375,7087614.0,201111047.0,2.12,13.384,2026-08-01
RCON,"Recon Technology, Ltd.",,False,True,False,0.43639999628067017,10627426.0,4637809.0,,,2026-08-01
RCT,RedCloud Holdings plc,,False,True,False,0.21490000188350677,68380615.0,14694994.0,,,2026-08-01
RDAC,Rising Dragon Acquisition Corp.,,False,True,False,6.119999885559082,5951030.0,36420303.0,,,2026-08-01
RDAG,Republic Digital Acquisition Company,,False,True,False,10.369999885559082,,,,,2026-08-01
RDCM,Radcom Ltd.,,False,True,False,10.520000457763672,16592725.0,174555475.0,,,2026-08-01
RDGT,"Ridgetech, Inc.",,False,True,False,0.7350000143051147,133090838.0,97821768.0,,,2026-08-01
RDI,Reading International Inc,,False,True,False,1.440000057220459,,,-0.77,,2026-08-01
RDIB,Reading International Inc,,False,True,False,8.010000228881836,,,-0.77,,2026-08-01
RDNT,"RadNet, Inc.",,False,True,False,68.82499694824219,78634236.0,5412001053.0,-0.17,,2026-08-01
RDNW,"RideNow Group, Inc.",,False,True,False,6.824999809265137,2191633.0,14957895.0,-1.23,,2026-08-01
RDVT,"Red Violet, Inc.",,False,True,False,69.93499755859375,14108921.0,986707356.0,0.97,72.098,2026-08-01
RDWR,Radware Ltd.,,False,True,False,28.780000686645508,43145971.0,1241741075.0,,,2026-08-01
RDZN,"Roadzen, Inc.",,False,True,False,1.2200000286102295,84562603.0,103166378.0,-0.29,,2026-08-01
REAL,"The RealReal, Inc.",,False,True,False,12.779999732971191,120487728.0,1539833132.0,-0.63,,2026-08-01
REAX,"The Real Brokerage, Inc.",,False,True,False,1.690000057220459,210478399.0,355708506.0,-0.04,,2026-08-01
REBN,"Reborn Coffee, Inc.",,False,True,False,1.4478000402450562,8213455.0,11891440.0,-1.73,,2026-08-01
RECT,Rectitude Holdings Ltd,,False,True,False,1.2200000286102295,14500000.0,17690000.0,,,2026-08-01
REFI,"Chicago Atlantic Real Estate Finance, Inc.",,False,True,False,9.9399995803833,21207228.0,210799837.0,1.44,6.903,2026-08-01
REFR,Research Frontiers Incorporated,,False,True,False,0.4894999861717224,34867786.0,17067781.0,-0.07,,2026-08-01
REG,Regency Centers,Real Estate,True,True,False,79.87000274658203,183096790.0,14623941120.0,2.92,27.353,2026-08-01
REGN,Regeneron Pharmaceuticals,Health Care,True,True,True,762.5399780273438,93955110.0,71644527515.0,40.38,18.884,2026-08-01
REKR,"Rekor Systems, Inc.",,False,True,False,0.6984000205993652,137608115.0,96105510.0,,,2026-08-01
RELL,"Richardson Electronics, Ltd.",,False,True,False,21.21500015258789,10796094.0,229039136.0,,,2026-08-01
RELY,"Remitly Global, Inc.",,False,True,False,24.825000762939453,210561079.0,5227178947.0,0.49,50.663,2026-08-01
RENT,"Rent the Runway, Inc.",,False,True,False,3.5850000381469727,,,7.57,0.474,2026-08-01
RENX,RenX Enterprises Corp.,,False,True,False,2.0309998989105225,2613877.0,5308784.0,-67.18,,2026-08-01
REPL,"Replimune Group, Inc.",,False,True,False,12.010000228881836,83945161.0,1008181403.0,-3.38,,2026-08-01
RETO,"ReTo Eco-Solutions, Inc.",,False,True,False,2.9000000953674316,43398885.0,125856771.0,,,2026-08-01
REVB,"Revelation Biosciences, Inc.",,False,True,False,1.1399999856948853,3908420.0,4455599.0,-1.32,,2026-08-01
REYN,Reynolds Consumer Products Inc.,,False,True,False,26.155000686645508,210767377.0,5512620890.0,1.56,16.766,2026-08-01
RF,Regions Financial Corporation,Financials,True,False,True,31.950000762939453,853379538.0,27265476890.0,2.41,13.257,2026-08-01
RFAI,RF Acquisition Corp II,,False,True,False,11.080100059509277,3512500.0,38918851.0,,,2026-08-01
RFAM,RF Acquisition Corp III,,False,True,False,9.890000343322754,13933333.0,137800668.0,,,2026-07-01
RFIL,"RF Industries, Ltd.",,False,True,False,13.319999694824219,10851265.0,144538846.0,0.13,102.462,2026-08-01
RGA,REINSURANCE GROUP OF AMERICA INC,,False,False,True,236.31500244140625,65513163.0,15481743274.0,18.46,12.801,2026-08-01
RGC,Regencell Bioscience Holdings Limited,,False,True,False,6.066999912261963,494488908.0,3000064161.0,,,2026-08-01
RGCO,RGC Resources Inc.,,False,True,False,21.635000228881836,10407156.0,225158822.0,1.35,16.026,2026-08-01
RGEN,Repligen Corporation,,False,True,False,147.80999755859375,56435621.0,8341749002.0,0.74,199.743,2026-08-01
RGLD,"Royal Gold, Inc.",,False,True,False,206.34249877929688,84866602.0,17511586720.0,8.27,24.951,2026-08-01
RGNX,REGENXBIO Inc.,,False,True,False,10.3100004196167,51697621.0,533002494.0,-5.6,,2026-08-01
RGP,"Resources Connection, Inc.",,False,True,False,4.554999828338623,34443626.0,156890711.0,-1.21,,2026-08-01
RGS,Regis Corporation,,False,True,False,26.510000228881836,2498778.0,66242605.0,44.58,0.595,2026-08-01
RGTI,"Rigetti Computing, Inc.",,False,True,False,17.629499435424805,332398807.0,5860024580.0,-0.89,,2026-08-01
RGTIW,"Rigetti Computing, Inc.",,False,True,False,7.320000171661377,332398807.0,2433159324.0,-0.89,,2026-08-04
RHI,ROBERT HALF INC.,,False,False,True,40.13999938964844,102361828.0,4108803713.0,1.15,34.904,2026-08-01
RIBB,Ribbon Acquisition Corp,,False,True,False,10.819999694824219,4793446.0,51865084.0,,,2026-07-01
RICK,"RCI Hospitality Holdings, Inc.",,False,True,False,25.46500015258789,7644500.0,194667194.0,-0.78,,2026-08-01
RIGL,"Rigel Pharmaceuticals, Inc.",,False,True,False,39.369998931884766,18502080.0,728426870.0,19.29,2.041,2026-08-01
RILY,"BRC Group Holdings, Inc.",,False,True,False,7.550000190734863,37130592.0,280335977.0,16.76,0.45,2026-08-01
RIME,"Algorhythm Holdings, Inc.",,False,True,False,0.41200000047683716,14651665.0,6036486.0,-2.27,,2026-08-01
RIOT,"Riot Platforms, Inc.",,False,True,False,21.674999237060547,378151230.0,8196427622.0,-2.49,,2026-08-01
RITR,Reitar Logtech Holdings Limited,,False,True,False,0.15320000052452087,,,,,2026-08-01
RIVN,"Rivian Automotive, Inc.",,False,True,False,15.729999542236328,,,-2.58,,2026-08-01
RJET,Republic Airways Holdings Inc.,,False,True,False,21.8799991607666,46819500.0,1024410621.0,1.51,14.49,2026-08-01
RJF,Raymond James Financial,Financials,True,False,True,179.0800018310547,194883034.0,34899654086.0,10.59,16.91,2026-08-01
RKDA,"Arcadia Biosciences, Inc.",,False,True,False,0.6301000118255615,2056884.0,1296043.0,-5.72,,2026-08-01
RKLB,Rocket Lab Corporation,,False,True,False,74.73989868164062,578750990.0,43255790354.0,-0.32,,2026-08-01
RKTO,Rocket One Inc.,,False,True,False,0.8252000212669373,19127643.0,15784131.0,-0.8,,2026-08-01
RL,Ralph Lauren Corporation,Consumer Discretionary,True,False,False,378.5299987792969,,,15.11,25.052,2026-08-01
RLAY,"Relay Therapeutics, Inc.",,False,True,False,19.520000457763672,191586165.0,3739762029.0,-1.56,,2026-08-01
RLMD,"Relmada Therapeutics, Inc.",,False,True,False,5.460000038146973,104890223.0,572700622.0,-1.09,,2026-08-01
RLYB,Rallybio Corporation,,False,True,False,15.970000267028809,5298137.0,84611249.0,-1.36,,2026-08-01
RMBI,"Richmond Mutual Bancorporation, Inc.",,False,True,False,15.604999542236328,10501260.0,163872157.0,1.25,12.484,2026-08-01
RMBS,"Rambus, Inc.",,False,True,False,100.41999816894531,108136967.0,10859114028.0,2.1,47.819,2026-08-01
RMCF,"Rocky Mountain Chocolate Factory, Inc.",,False,True,False,0.8798999786376953,9439587.0,8305892.0,-0.64,,2026-08-01
RMCO,Royalty Management Holding Corporation,,False,True,False,2.463200092315674,15159557.0,37341022.0,-0.09,,2026-08-01
RMD,ResMed,Health Care,True,False,False,221.7100067138672,145056384.0,32160451871.0,10.37,21.38,2026-08-01
RMIX,"Suncrete, Inc.",,False,True,False,18.68000030517578,,,,,2026-08-01
RMNI,"Rimini Street, Inc.",,False,True,False,4.829999923706055,93356000.0,450909473.0,0.07,69.0,2026-08-01
RMR,The RMR Group Inc.,,False,True,False,19.0,,,1.2,15.833,2026-08-01
RMSG,Real Messenger Corporation,,False,True,False,0.3749000132083893,4821281.0,1807498.0,,,2026-08-01
RMTI,"Rockwell Medical, Inc.",,False,True,False,7.309999942779541,39470299.0,288527883.0,-0.15,,2026-08-01
RNA,"Atrium Therapeutics, Inc.",,False,True,False,11.569999694824219,17105643.0,197912284.0,,,2026-08-01
RNAC,"Cartesian Therapeutics, Inc.",,False,True,False,8.170000076293945,29381514.0,240046972.0,-5.8,,2026-08-01
RNAZ,"TransCode Therapeutics, Inc.",,False,True,False,4.659900188446045,950302.0,4428312.0,-3.71,,2026-08-01
RNGT,Range Capital Acquisition Corp II,,False,True,False,10.12559986114502,,,,,2026-08-01
RNTX,"Rein Therapeutics, Inc.",,False,True,False,0.7789999842643738,85539032.0,66634905.0,-1.9,,2026-08-01
RNW,ReNew Energy Global plc,,False,True,False,6.295000076293945,,,,,2026-08-01
RNXT,"RenovoRx, Inc.",,False,True,False,1.0499999523162842,45099133.0,47354087.0,-0.33,,2026-08-01
ROAD,"Construction Partners, Inc.",,False,True,False,107.44000244140625,,,2.29,46.917,2026-08-01
ROC,Rank One Computing Corporation,,False,True,False,4.860000133514404,19080127.0,92729420.0,,,2026-08-01
ROCK,"Gibraltar Industries, Inc.",,False,True,False,47.59000015258789,29661919.0,1411610730.0,-4.43,,2026-08-01
ROIV,Roivant Sciences Ltd.,,False,True,False,34.619998931884766,719270385.0,24901139960.0,-0.54,,2026-08-01
ROK,Rockwell Automation,Industrials,True,False,True,444.385009765625,111048676.0,49348366969.0,10.68,41.609,2026-08-01
ROKU,"Roku, Inc.",,False,True,False,146.83999633789062,,,1.35,108.77,2026-08-01
ROL,"Rollins, Inc.",Industrials,True,False,False,37.845001220703125,481145404.0,18208948402.0,1.1,34.405,2026-08-01
ROMA,Roma Green Finance Limited,,False,True,False,8.8100004196167,15564571.0,137123877.0,,,2026-08-01
ROOT,"Root, Inc.",,False,True,False,59.4900016784668,,,3.38,17.601,2026-08-01
ROP,Roper Technologies,Information Technology,True,True,False,389.1199951171875,98900874.0,38484307608.0,24.14,16.119,2026-08-01
ROST,Ross Stores,Consumer Discretionary,True,True,True,252.16000366210938,320781076.0,80888157299.0,7.16,35.218,2026-08-01
RPAY,Repay Holdings Corporation,,False,True,False,4.125,,,-3.03,,2026-08-01
RPD,"Rapid7, Inc.",,False,True,False,10.475000381469727,66830618.0,700050749.0,0.35,29.929,2026-08-01
RPGL,Republic Power Group Limited,,False,True,False,1.815000057220459,,,,,2026-08-01
RPID,"Rapid Micro Biosystems, Inc.",,False,True,False,2.075000047683716,,,-1.1,,2026-08-01
RPRX,Royalty Pharma plc,,False,True,False,57.474998474121094,388132400.0,22307909098.0,1.9,30.25,2026-08-01
RR,Richtech Robotics Inc.,,False,True,False,1.6349999904632568,21288410.0,34806550.0,-0.16,,2026-08-01
RRBI,"Red River Bancshares, Inc.",,False,True,False,102.43499755859375,6584696.0,674503319.0,6.68,15.335,2026-08-01
RREV,RRE Ventures Acquisition Corp.,,False,True,False,9.899999618530273,,,,,2026-08-01
RRGB,"Red Robin Gourmet Burgers, Inc.",,False,True,False,8.130000114440918,18499651.0,150402165.0,-1.5,,2026-08-01
RRR,"Red Rock Resorts, Inc.",,False,True,False,64.73999786376953,,,3.1,20.884,2026-08-01
RSG,Republic Services,Industrials,True,False,True,208.44000244140625,307664087.0,64129503045.0,6.97,29.905,2026-08-01
RSSS,"Research Solutions, Inc",,False,True,False,2.259999990463257,33447532.0,75591422.0,0.15,15.067,2026-08-01
RSVR,"Reservoir Media, Inc..",,False,True,False,10.154999732971191,65661714.0,666794688.0,0.13,78.115,2026-08-01
RTAC,Renatus Tactical Acquisition Corp I,,False,True,False,10.520000457763672,,,,,2026-08-01
RTB,"RTB Digital, Inc.",,False,True,False,16.100000381469727,1281009.0,20624245.0,-20.33,,2026-08-01
RTX,RTX Corporation,Industrials,True,False,True,218.47000122070312,1347758144.0,294444723365.0,5.68,38.463,2026-08-01
RUBI,Rubico Inc.,,False,True,False,2.359999895095825,385501.0,909782.0,,,2026-08-01
RUM,RUM Group Inc.,,False,True,False,6.465000152587891,,,-0.43,,2026-08-01
RUN,Sunrun Inc.,,False,True,False,10.850000381469727,238549287.0,2588259855.0,2.13,5.094,2026-08-01
RUSHA,"Rush Enterprises, Inc.",,False,True,False,82.53500366210938,,,3.31,24.935,2026-08-01
RUSHB,"Rush Enterprises, Inc.",,False,True,False,80.81500244140625,,,3.31,24.415,2026-08-01
RVMD,"Revolution Medicines, Inc.",,False,True,False,193.5500030517578,212596462.0,41148045869.0,-7.11,,2026-08-01
RVSB,Riverview Bancorp Inc,,False,True,False,5.519999980926514,20284946.0,111972902.0,-0.21,,2026-08-01
RVSN,Rail Vision Ltd.,,False,True,False,4.179999828338623,2192186.0,9163337.0,,,2026-08-01
RVTY,Revvity,Health Care,True,False,False,111.7300033569336,111559773.0,12464573812.0,2.08,53.716,2026-08-01
RWAY,Runway Growth Finance Corp.,,False,True,False,5.71999979019165,42464546.0,242897194.0,-0.08,,2026-08-01
RXRX,"Recursion Pharmaceuticals, Inc.",,False,True,False,3.3329999446868896,168320745.0,561013034.0,-1.16,,2026-08-01
RXST,"RxSight, Inc.",,False,True,False,6.255000114440918,41396609.0,258935794.0,-1.13,,2026-08-01
RXT,"Rackspace Technology, Inc.",,False,True,False,5.090099811553955,249222499.0,1268567395.0,-0.61,,2026-08-01
RYET,Ruanyun Edai Technology Inc.,,False,True,False,1.059999942779541,35550004.0,37683002.0,,,2026-08-01
RYM,"RYTHM, Inc.",,False,True,False,24.81999969482422,2179128.0,54085956.0,-10.69,,2026-08-01
RYOJ,"rYojbaba Co., Ltd.",,False,True,False,5.276700019836426,11550000.0,60945885.0,,,2026-08-01
RYTM,"Rhythm Pharmaceuticals, Inc.",,False,True,False,107.73999786376953,68532607.0,7383702932.0,-3.13,,2026-08-01
RZLT,"Rezolute, Inc.",,False,True,False,5.150000095367432,96292331.0,495905514.0,-0.83,,2026-08-01
RZLV,Rezolve AI PLC,,False,True,False,2.690000057220459,336327587.0,904721228.0,,,2026-08-01
SAAQ,Space Asset Acquisition Corp.,,False,True,False,10.199999809265137,,,,,2026-08-01
SABR,Sabre Corporation,,False,True,False,2.125,395313273.0,840040705.0,1.27,1.673,2026-08-01
SABS,"SAB Biotherapeutics, Inc.",,False,True,False,3.9149999618530273,76464094.0,299356925.0,-0.58,,2026-08-01
SAFT,"Safety Insurance Group, Inc.",,False,True,False,103.19000244140625,14683434.0,1515183590.0,4.23,24.395,2026-08-01
SAFX,"XCF Global, Inc.",,False,True,False,0.3700999915599823,332563485.0,123081743.0,0.5,0.74,2026-08-01
SAGT,SAGTEC GLOBAL LIMITED,,False,True,False,0.7950999736785889,12550000.0,9978505.0,,,2026-08-01
SAH,SONIC AUTOMOTIVE INC,,False,False,True,87.28500366210938,,,6.3,13.855,2026-08-01
SAIA,"Saia, Inc.",,False,True,False,370.0950012207031,26674650.0,9872154624.0,10.36,35.723,2026-08-01
SAIC,Science Applications International Corporation,,False,True,True,119.7699966430664,42276819.0,5063494470.0,8.89,13.472,2026-08-01
SAIH,SAIHEAT Limited,,False,True,False,19.0,14413299.0,273852681.0,,,2026-08-01
SAIL,"SailPoint, Inc.",,False,True,False,17.200000762939453,567182997.0,9755547981.0,-0.25,,2026-08-01
SAMG,Silvercrest Asset Management Group Inc.,,False,True,False,10.479999542236328,,,0.11,95.273,2026-08-01
SANA,"Sana Biotechnology, Inc.",,False,True,False,3.359999895095825,278291590.0,935059713.0,-0.92,,2026-08-01
SANG,Sangoma Technologies Corporation,,False,True,False,3.7699999809265137,33262910.0,125401170.0,,,2026-08-01
SANM,Sanmina Corporation,,False,True,True,208.66000366210938,53597356.0,11183624499.0,5.59,37.327,2026-08-01
SATL,Satellogic Inc.,,False,True,False,4.46999979019165,27297969.0,122021916.0,-0.68,,2026-08-01
SBAC,SBA Communications,Real Estate,True,True,False,186.08999633789062,106063017.0,19737266445.0,9.5,19.588,2026-08-01
SBC,SBC Medical Group Holdings Incorporated,,False,True,False,3.1600000858306885,102846943.0,324996349.0,0.4,7.9,2026-08-01
SBCF,Seacoast Banking Corporation of Florida,,False,True,False,35.525001525878906,97246772.0,3454691724.0,1.49,23.842,2026-08-01
SBET,"Sharplink, Inc.",,False,True,False,6.261099815368652,197211412.0,1234760335.0,-8.78,,2026-08-01
SBFG,"SB Financial Group, Inc.",,False,True,False,26.200000762939453,6275117.0,164408070.0,2.55,10.275,2026-08-01
SBFM,Sunshine Biopharma Inc.,,False,True,False,1.340000033378601,5005945.0,6707966.0,-46.74,,2026-08-01
SBGI,"Sinclair, Inc.",,False,True,False,14.074999809265137,,,0.97,14.51,2026-08-01
SBLK,Star Bulk Carriers Corp.,,False,True,False,28.290000915527344,113424507.0,3208779407.0,,,2026-08-01
SBRA,"Sabra Health Care REIT, Inc.",,False,True,False,20.440000534057617,255462756.0,5221658869.0,0.26,78.615,2026-08-01
SBUX,Starbucks,Consumer Discretionary,True,True,True,104.69999694824219,1140000000.0,119357996521.0,1.73,60.52,2026-08-01
SCHL,Scholastic Corporation,,False,True,False,42.77000045776367,30975371.0,1324816632.0,2.34,18.278,2026-08-01
SCHW,Charles Schwab Corporation,Financials,True,False,False,106.30999755859375,1739135507.0,184887491503.0,5.03,21.135,2026-08-01
SCII,SC II Acquisition Corp.,,False,True,False,10.109999656677246,,,,,2026-07-01
SCKT,"Socket Mobile, Inc.",,False,True,False,0.41449999809265137,8240958.0,3415877.0,-1.79,,2026-08-01
SCLX,Scilex Holding Company,,False,True,False,6.449999809265137,8491267.0,54768671.0,-40.5,,2026-08-01
SCNX,"Scienture Holdings, Inc.",,False,True,False,0.3790000081062317,40630815.0,15399079.0,-2.45,,2026-08-01
SCOR,"comScore, Inc.",,False,True,False,7.7241997718811035,15093696.0,116586723.0,5.5,1.404,2026-08-01
SCPQ,Social Commerce Partners Corporation,,False,True,False,10.0,,,,,2026-07-01
SCSC,"ScanSource, Inc.",,False,True,False,58.810001373291016,20324529.0,1195285578.0,3.29,17.875,2026-08-01
SCTX,Scribe Therapeutics Inc.,,False,True,False,22.1299991607666,,,,,2026-08-04
SCWO,374Water Inc.,,False,True,False,2.2699999809265137,17495504.0,39714794.0,-1.38,,2026-08-01
SCYX,"SCYNEXIS, Inc.",,False,True,False,5.239999771118164,79442633.0,416279379.0,-0.48,,2026-08-01
SCZM,Santacruz Silver Mining Ltd.,,False,True,False,7.253699779510498,,,,,2026-08-01
SDA,SunCar Technology Group Inc.,,False,True,False,0.7663999795913696,,,,,2026-08-01
SDGR,"Schrodinger, Inc.",,False,True,False,15.6899995803833,,,-1.4,,2026-08-01
SDHI,Siddhi Acquisition Corp,,False,True,False,10.479999542236328,,,,,2026-08-01
SDOT,Sadot Group Inc.,,False,True,False,13.600000381469727,13395632.0,182180600.0,-117.27,,2026-08-01
SDST,Stardust Power Inc.,,False,True,False,0.6700999736785889,10579727.0,7089475.0,-1.94,,2026-08-01
SEAT,Vivid Seats Inc.,,False,True,False,8.779999732971191,11241195.0,98697689.0,-2.08,,2026-08-01
SEDG,"SolarEdge Technologies, Inc.",,False,True,False,48.76499938964844,60818202.0,2965799583.0,-6.13,,2026-08-01
SEED,Origin Agritech Limited,,False,True,False,1.0199999809265137,11924349.0,12162836.0,,,2026-08-01
SEER,"Seer, Inc.",,False,True,False,2.2100000381469727,54981551.0,121509230.0,-1.29,,2026-08-01
SEGG,Sports Entertainment Gaming Global Corporation,,False,True,False,2.8350000381469727,22816406.0,64684512.0,-5.78,,2026-08-01
SEIC,SEI Investments Company,,False,True,False,105.30999755859375,120019182.0,12639219763.0,5.67,18.573,2026-08-01
SELF,"Global Self Storage, Inc.",,False,True,False,5.164999961853027,11421732.0,58993245.0,0.17,30.382,2026-08-01
SENEA,Seneca Foods Corp.,,False,True,False,173.33999633789062,11735631.0,2034254235.0,13.01,13.324,2026-08-01
SENEB,Seneca Foods Corp.,,False,True,False,170.91000366210938,11735631.0,2005736737.0,13.01,13.137,2026-07-01
SENS,"Senseonics Holdings, Inc.",,False,True,False,5.360000133514404,41802965.0,224063898.0,-1.97,,2026-08-01
SEPN,"Septerna, Inc.",,False,True,False,37.56999969482422,45075533.0,1693487761.0,-0.8,,2026-08-01
SERA,"Sera Prognostics, Inc.",,False,True,False,2.0399999618530273,29293831.0,59759414.0,-0.64,,2026-08-01
SERV,Serve Robotics Inc.,,False,True,False,5.710000038146973,77373296.0,441801523.0,-2.05,,2026-08-01
SEV,Aptera Motors Corp.,,False,True,False,1.9700000286102295,24627694.0,48516558.0,-1.36,,2026-08-01
SEVN,Seven Hills Realty Trust,,False,True,False,7.670000076293945,22596077.0,173311912.0,0.89,8.618,2026-08-01
SEZL,Sezzle Inc.,,False,True,False,177.08999633789062,33627019.0,5955008672.0,4.19,42.265,2026-08-01
SFBC,"Sound Financial Bancorp, Inc.",,False,True,False,47.220001220703125,2566069.0,121169781.0,2.93,16.116,2026-08-01
SFD,"Smithfield Foods, Inc.",,False,True,False,25.600000381469727,393477263.0,10073018083.0,2.56,10.0,2026-08-01
SFHG,Samfine Creation Holdings Group Limited,,False,True,False,2.4649999141693115,18000000.0,44369998.0,,,2026-08-01
SFIX,"Stitch Fix, Inc.",,False,True,False,4.25,,,-0.14,,2026-08-01
SFM,"Sprouts Farmers Market, Inc.",,False,True,False,87.2300033569336,93247625.0,8133990642.0,5.23,16.679,2026-08-01
SFNC,Simmons First National Corporation,,False,True,False,24.190000534057617,145064209.0,3509103293.0,-2.74,,2026-08-01
SFST,"Southern First Bancshares, Inc.",,False,True,False,64.61000061035156,9471755.0,611970096.0,4.65,13.895,2026-08-01
SFWL,Shengfeng Development Limited,,False,True,False,0.8999999761581421,,,,,2026-08-01
SGA,"Saga Communications, Inc.",,False,True,False,9.319999694824219,6363968.0,59312180.0,-1.35,,2026-08-01
SGC,"Superior Group of Companies, Inc.",,False,True,False,13.979900360107422,15945201.0,222912321.0,0.55,25.418,2026-08-01
SGHT,"Sight Sciences, Inc.",,False,True,False,5.639999866485596,54409942.0,306872066.0,-0.7,,2026-08-01
SGLY,Singularity Future Technology Ltd.,,False,True,False,5.730000019073486,7293492.0,41791709.0,-1.78,,2026-08-01
SGML,Sigma Lithium Corporation,,False,True,False,11.0649995803833,111402979.0,1232673916.0,,,2026-08-01
SGMT,Sagimet Biosciences Inc.,,False,True,False,7.90500020980835,30674855.0,242484735.0,-1.35,,2026-08-01
SGP,"SpyGlass Pharma, Inc.",,False,True,False,23.920000076293945,33433355.0,799725854.0,,,2026-08-01
SGRY,"Surgery Partners, Inc.",,False,True,False,15.649999618530273,130788162.0,2046834685.0,-0.59,,2026-08-01
SHAZ,"SharonAI Holdings, Inc.",,False,True,False,57.72999954223633,,,,,2026-08-01
SHBI,"Shore Bancshares, Inc.",,False,True,False,24.809999465942383,33372276.0,827966150.0,1.98,12.53,2026-08-01
SHC,Sotera Health Company,,False,True,False,17.9950008392334,285166994.0,5131580296.0,0.41,43.89,2026-08-01
SHEN,Shenandoah Telecommunications Co,,False,True,False,12.989999771118164,55322001.0,718632780.0,-0.83,,2026-08-01
SHFS,"SHF Holdings, Inc.",,False,True,False,0.20000000298023224,6455796.0,1291159.0,-0.95,,2026-08-01
SHIM,Shimmick Corporation,,False,True,False,4.190000057220459,36696660.0,153759007.0,-0.59,,2026-08-01
SHIP,Seanergy Maritime Holdings Corp.,,False,True,False,17.299999237060547,68314985.0,1181849188.0,,,2026-08-01
SHLS,"Shoals Technologies Group, Inc.",,False,True,False,9.289999961853027,,,0.19,48.895,2026-08-01
SHMD,SCHMID Group N.V.,,False,True,False,4.570499897003174,43062427.0,196816818.0,,,2026-08-01
SHOE,"Shoe Station Group, Inc.",,False,True,False,15.489999771118164,27151308.0,420573755.0,1.35,11.474,2026-08-01
SHOO,"Steven Madden, Ltd.",,False,True,False,48.64500045776367,73177095.0,3559699820.0,2.0,24.323,2026-08-01
SHOP,Shopify Inc.,,False,True,False,120.94000244140625,,,1.02,118.569,2026-08-01
SHOT,RMG ML Sports Holdings,,False,True,False,9.800000190734863,,,,,2026-07-29
SHPH,"Shuttle Pharmaceuticals Holdings, Inc.",,False,True,False,3.5799999237060547,5851290.0,20947618.0,0.01,358.0,2026-08-01
SHW,Sherwin-Williams,Materials,True,False,True,360.5849914550781,242758151.0,87534945804.0,10.84,33.264,2026-08-01
SIBN,"SI-BONE, Inc.",,False,True,False,18.40999984741211,44349283.0,816470293.0,-0.39,,2026-08-01
SIDU,"Sidus Space, Inc.",,False,True,False,2.1600000858306885,17992952.0,38864778.0,-0.92,,2026-08-01
SIEB,Siebert Financial Corp.,,False,True,False,1.6301000118255615,40940936.0,66737820.0,-0.14,,2026-08-01
SIFY,Sify Technologies Limited,,False,True,False,15.664999961853027,434607689.0,6808129432.0,,,2026-08-01
SIGA,SIGA Technologies Inc.,,False,True,False,3.2750000953674316,71724097.0,234896425.0,0.28,11.696,2026-08-01
SIGI,"Selective Insurance Group, Inc.",,False,True,False,96.97000122070312,59569119.0,5776417542.0,8.06,12.031,2026-08-01
SILC,Silicom Ltd,,False,True,False,46.38999938964844,5706142.0,264707924.0,,,2026-08-01
SILO,"Silo Pharma, Inc.",,False,True,False,4.650000095367432,16266593.0,75639659.0,-0.39,,2026-08-01
SIMA,SIM Acquisition Corp. I,,False,True,False,10.9399995803833,,,,,2026-08-01
SINT,"SiNtx Technologies, Inc.",,False,True,False,1.6979999542236328,4319279.0,7334136.0,-5.57,,2026-08-01
SION,"Sionna Therapeutics, Inc.",,False,True,False,51.26499938964844,45150330.0,2314631640.0,-1.86,,2026-08-01
SIRI,SiriusXM Holdings Inc.,,False,True,False,30.639999389648438,337066891.0,10327729335.0,2.49,12.305,2026-08-01
SITM,SiTime Corporation,,False,True,False,586.1500244140625,26396828.0,15472501377.0,-0.91,,2026-08-01
SJ,Scienjoy Holding Corporation,,False,True,False,1.0299999713897705,27037302.0,27848420.0,,,2026-08-01
SJM,J.M. Smucker Company (The),Consumer Staples,True,False,True,118.63999938964844,106662133.0,12654395394.0,-1.3,,2026-08-01
SKIN,SkinHealth Systems Inc.,,False,True,False,0.7297000288963318,,,-0.13,,2026-08-01
SKK,SKK Holdings Limited,,False,True,False,4.875,18750000.0,91406250.0,,,2026-08-01
SKWD,"Skyward Specialty Insurance Group, Inc.",,False,True,False,61.415000915527344,40543065.0,2489952374.0,4.15,14.799,2026-08-01
SKYA,"SkyAI, Inc.",,False,True,False,1.350000023841858,42322168.0,57134928.0,-50.98,,2026-08-01
SKYE,"Skye Bioscience, Inc.",,False,True,False,0.5799999833106995,,,-1.45,,2026-08-01
SKYQ,Sky Quarry Inc.,,False,True,False,4.08489990234375,,,,,2026-08-01
SKYW,"SkyWest, Inc.",,False,True,False,114.65499877929688,38828325.0,4451861555.0,10.06,11.397,2026-08-01
SKYX,SKYX Platforms Corp.,,False,True,False,1.1349999904632568,,,-0.3,,2026-08-01
SLAB,"Silicon Laboratories, Inc.",,False,True,False,218.32000732421875,,,-1.52,,2026-08-01
SLB,Schlumberger,Energy,True,False,False,50.724998474121094,,,2.27,22.346,2026-08-01
SLBT,SL Science Holding Limited,,False,True,False,3.130000114440918,,,,,2026-08-01
SLDB,Solid Biosciences Inc.,,False,True,False,8.654999732971191,,,-1.92,,2026-08-01
SLDE,"Slide Insurance Holdings, Inc.",,False,True,False,20.635000228881836,,,4.13,4.996,2026-08-01
SLDP,"Solid Power, Inc.",,False,True,False,2.2850000858306885,,,-0.49,,2026-08-01
SLE,"Super League Enterprise, Inc.",,False,True,False,2.7799999713897705,,,,,2026-08-01
SLGB,Smart Logistics Global Limited,,False,True,False,0.507099986076355,,,,,2026-08-01
SLGL,Sol-Gel Technologies Ltd.,,False,True,False,83.5,,,4.67,17.88,2026-08-01
SLM,SLM Corporation,,False,True,False,27.655000686645508,,,3.57,7.746,2026-08-01
SLMT,Brera Holdings PLC,,False,True,False,4.170000076293945,,,,,2026-08-01
SLN,Silence Therapeutics Plc,,False,True,False,11.239999771118164,,,-0.54,,2026-08-01
SLNG,"Stabilis Solutions, Inc.",,False,True,False,4.820000171661377,,,0.06,80.333,2026-08-01
SLNH,"Soluna Holdings, Inc.",,False,True,False,1.225000023841858,,,-1.41,,2026-08-01
SLP,"Simulations Plus, Inc.",,False,True,False,18.344999313354492,,,0.4,45.862,2026-08-01
SLRC,SLR Investment Corp.,,False,True,False,13.135000228881836,,,1.64,8.009,2026-08-01
SLS,"SELLAS Life Sciences Group, Inc.",,False,True,False,11.550000190734863,,,-0.23,,2026-08-01
SLSN,"Solesence, Inc.",,False,True,False,1.0,,,0.01,100.0,2026-08-01
SLXN,Silexion Therapeutics Corp,,False,True,False,1.74399995803833,,,5.97,0.292,2026-08-01
SMBC,"Southern Missouri Bancorp, Inc.",,False,True,False,79.77999877929688,,,5.99,13.319,2026-08-01
SMCI,Supermicro,Information Technology,True,True,False,31.479999542236328,,,1.91,16.482,2026-08-01
SMID,Smith-Midland Corporation,,False,True,False,27.899999618530273,,,1.99,14.02,2026-08-01
SMMT,Summit Therapeutics Inc.,,False,True,False,13.920000076293945,,,-1.11,,2026-08-01
SMPL,The Simply Good Foods Company,,False,True,False,11.470000267028809,,,-2.17,,2026-08-01
SMSI,"Smith Micro Software, Inc.",,False,True,False,2.7950000762939453,,,-1.33,,2026-08-01
SMTC,Semtech Corporation,,False,True,False,129.88999938964844,,,-0.41,,2026-08-01
SMTI,Sanara MedTech Inc.,,False,True,False,34.040000915527344,,,-3.9,,2026-08-01
SMTK,"SmartKem, Inc.",,False,True,False,0.16670000553131104,,,-2.31,,2026-08-01
SMX,SMX (Security Matters) Public Limited Company,,False,True,False,16.885000228881836,,,,,2026-08-01
SMXT,Solarmax Technology Inc.,,False,True,False,0.3785000145435333,,,-0.11,,2026-08-01
SNA,Snap-on,Industrials,True,False,False,418.5299987792969,,,19.61,21.343,2026-08-01
SNAL,"Snail, Inc.",,False,True,False,3.890000104904175,,,-0.46,,2026-08-01
SND,"Smart Sand, Inc.",,False,True,False,4.394999980926514,,,0.55,7.991,2026-08-01
SNDK,Sandisk,Information Technology,True,True,False,1426.699951171875,,,28.76,49.607,2026-08-01
SNDL,SNDL Inc.,,False,True,False,1.215000033378601,,,,,2026-08-01
SNDX,"Syndax Pharmaceuticals, Inc.",,False,True,False,19.770000457763672,,,-2.79,,2026-08-01
SNES,"SenesTech, Inc.",,False,True,False,1.6549999713897705,,,-1.06,,2026-08-01
SNEX,StoneX Group Inc.,,False,True,True,75.34500122070312,,,7.83,9.623,2026-08-01
SNFCA,Security National Financial Corporation,,False,True,False,9.779999732971191,,,1.28,7.641,2026-08-01
SNGX,"Soligenix, Inc.",,False,True,False,0.37950000166893005,14824174.0,5625774.0,-1.45,,2026-08-01
SNOA,"Sonoma Pharmaceuticals, Inc.",,False,True,False,1.2200000286102295,4785801.0,5838677.0,-1.89,,2026-08-01
SNPS,Synopsys,Information Technology,True,True,False,402.0899963378906,191479325.0,76991921088.0,4.37,92.011,2026-08-01
SNT,Senstar Technologies Corporation,,False,True,False,1.8300000429153442,,,,,2026-08-01
SNTG,Sentage Holdings Inc.,,False,True,False,1.690000057220459,,,,,2026-08-01
SNTI,"Senti Biosciences Holdings, Inc.",,False,True,False,0.398499995470047,,,-1.46,,2026-08-01
SNWV,"SANUWAVE Health, Inc.",,False,True,False,6.0,8598976.0,51593856.0,0.96,6.25,2026-08-01
SNX,TD SYNNEX CORP,,False,False,True,265.6600036621094,79958752.0,21241842349.0,13.95,19.044,2026-08-01
SNYR,Synergy CHC Corp.,,False,True,False,0.17640000581741333,14899883.0,2628339.0,-1.6,,2026-08-01
SO,Southern Company,Utilities,True,False,True,92.88999938964844,1127301098.0,104714998305.0,3.91,23.757,2026-08-01
SOBR,"SOBR Safe, Inc.",,False,True,False,0.5748999714851379,2806579.0,1613502.0,6.66,0.086,2026-08-01
SOCA,Solarius Capital Acquisition Corp.,,False,True,False,10.305000305175781,,,,,2026-07-01
SOFI,"SoFi Technologies, Inc.",,False,True,False,18.518600463867188,1282741200.0,23754571781.0,0.45,41.152,2026-08-01
SOLS,Solstice Advanced Materials Inc.,,False,True,False,63.90999984741211,158847369.0,10151935329.0,2.74,23.325,2026-08-01
SOLV,Solventum,Health Care,True,False,False,87.41000366210938,173174712.0,15137202210.0,8.17,10.699,2026-08-01
SON,SONOCO PRODUCTS CO,,False,False,True,58.349998474121094,98868689.0,5768987852.0,10.2,5.721,2026-08-01
SONM,"DNA X, Inc.",,False,True,False,3.8399999141693115,1488268.0,5714949.0,-24.98,,2026-08-01
SONO,"Sonos, Inc.",,False,True,False,16.3799991607666,118293979.0,1937655277.0,0.46,35.609,2026-08-01
SOPH,SOPHiA GENETICS SA,,False,True,False,6.699999809265137,68486338.0,458858452.0,,,2026-08-01
SORA,AsiaStrategy,,False,True,False,1.9600000381469727,24864000.0,48733441.0,,,2026-08-01
SORN,Soren Acquisition Corp.,,False,True,False,9.960000038146973,,,,,2026-07-01
SOTK,Sono-Tek Corporation,,False,True,False,5.320000171661377,15716723.0,83612969.0,0.13,40.923,2026-08-01
SOUN,"SoundHound AI, Inc.",,False,True,False,6.46999979019165,17461000.0,112972666.0,-0.7,,2026-08-01
SOWG,Sow Good Inc.,,False,True,False,3.259700059890747,20120117.0,65585547.0,-0.17,,2026-08-01
SPAI,Safe Pro Group Inc.,,False,True,False,4.550099849700928,20618817.0,93817676.0,-0.72,,2026-08-01
SPCB,"SuperCom, Ltd.",,False,True,False,11.0649995803833,5369367.0,59412044.0,,,2026-08-01
SPCX,Space Exploration Technologies Corp.,,False,True,False,108.37000274658203,,,,,2026-07-01
SPEG,Silver Pegasus Acquisition Corp,,False,True,False,10.34000015258789,,,,,2026-08-01
SPFI,"South Plains Financial, Inc.",,False,True,False,45.349998474121094,19145754.0,868259915.0,3.57,12.703,2026-08-01
SPG,Simon Property Group,Real Estate,True,False,False,226.4600067138672,283301181.0,64156387351.0,14.39,15.737,2026-08-01
SPGI,S&P Global,Financials,True,False,True,414.0450134277344,296000000.0,122557323975.0,15.81,26.189,2026-08-01
SPHL,Springview Holdings Ltd,,False,True,False,2.659899950027466,11500000.0,30588849.0,,,2026-08-01
SPKL,Spark I Acquisition Corp.,,False,True,False,11.6899995803833,,,-0.11,,2026-08-01
SPOK,"Spok Holdings, Inc.",,False,True,False,11.140000343322754,20918137.0,233028053.0,0.57,19.544,2026-08-01
SPPL,SIMPPLE LTD.,,False,True,False,3.490000009536743,5786184.0,20193782.0,,,2026-08-01
SPRB,"Spruce Biosciences, Inc.",,False,True,False,44.584999084472656,2752278.0,122710312.0,-35.82,,2026-08-01
SPRC,SciSparc Ltd.,,False,True,False,7.03000020980835,365444.0,2569071.0,,,2026-08-01
SPRO,"Spero Therapeutics, Inc.",,False,True,False,1.2050000429153442,57901493.0,69771302.0,0.27,4.463,2026-08-01
SPRY,"ARS Pharmaceuticals, Inc.",,False,True,False,5.28000020980835,99303262.0,524321244.0,-2.0,,2026-08-01
SPSC,"SPS Commerce, Inc.",,False,True,False,74.11000061035156,36000174.0,2667972917.0,2.08,35.63,2026-08-01
SPT,"Sprout Social, Inc",,False,True,False,8.739999771118164,,,-0.66,,2026-08-01
SPTX,"Seaport Therapeutics, Inc.",,False,True,False,21.290000915527344,53530550.0,1139665459.0,-24.17,,2026-08-01
SPWH,"Sportsman's Warehouse Holdings, Inc.",,False,True,False,1.1549999713897705,39019795.0,45067862.0,-1.3,,2026-08-01
SPWR,SunPower Inc.,,False,True,False,0.304500013589859,146296979.0,44547432.0,-0.47,,2026-08-01
SQFT,"Presidio Property Trust, Inc.",,False,True,False,2.380199909210205,1437030.0,3420419.0,,,2026-08-01
SQFTW,"Presidio Property Trust, Inc.",,False,True,False,0.0142000000923872,1437030.0,20406.0,,,2026-08-04
SRAD,Sportradar Group AG,,False,True,False,12.78950023651123,,,,,2026-08-01
SRBK,"SR Bancorp, Inc.",,False,True,False,19.790000915527344,8100214.0,160303242.0,0.59,33.542,2026-08-01
SRCE,1st Source Corporation,,False,True,False,91.21499633789062,24081826.0,2196623670.0,6.96,13.106,2026-08-01
SRE,Sempra,Utilities,True,False,True,86.91999816894531,653690046.0,56818737601.0,2.94,29.565,2026-08-01
SRPT,"Sarepta Therapeutics, Inc.",,False,True,False,16.399999618530273,105576222.0,1731450001.0,0.34,48.235,2026-08-01
SRRK,Scholar Rock Holding Corporation,,False,True,False,48.0,119828338.0,5751760224.0,-3.45,,2026-08-01
SRTA,"Strata Critical Medical, Inc.",,False,True,False,5.679999828338623,88466806.0,502491443.0,0.5,11.36,2026-08-01
SRTS,"Sensus Healthcare, Inc.",,False,True,False,2.9800000190734863,16462059.0,49056936.0,-0.47,,2026-08-01
SRZN,"Surrozen, Inc.",,False,True,False,21.790000915527344,11610371.0,252989995.0,-36.59,,2026-08-01
SSAC,SPACSphere Acquisition Corp.,,False,True,False,10.039999961853027,18200849.0,182736523.0,,,2026-08-01
SSBI,Summit State Bank,,False,True,False,13.220000267028809,,,,,2026-08-01
SSEA,Starry Sea Acquisition Corp,,False,True,False,10.319999694824219,7635871.0,78802186.0,,,2026-08-01
SSII,SS Innovations International Inc.,,False,True,False,3.768199920654297,200131535.0,754135634.0,-0.05,,2026-08-01
SSM,Sono Group N.V.,,False,True,False,3.6013998985290527,1424834.0,5131397.0,,,2026-08-01
SSNC,"SS&C Technologies Holdings, Inc.",,False,True,False,80.23999786376953,234654996.0,18828716378.0,3.47,23.124,2026-08-01
SSP,E.W. Scripps Company (The),,False,True,False,2.8450000286102295,,,-1.85,,2026-08-01
SSRM,SSR Mining Inc.,,False,True,False,27.229999542236328,207491071.0,5649981768.0,1.05,25.933,2026-08-01
SSTI,"SoundThinking, Inc.",,False,True,False,8.145000457763672,12953937.0,105509823.0,-1.16,,2026-08-01
SSYS,"Stratasys, Ltd.",,False,True,False,8.888999938964844,86109936.0,765431216.0,-1.6,,2026-08-01
STAA,STAAR Surgical Company,,False,True,False,24.219999313354492,49512749.0,1199198747.0,-0.42,,2026-08-01
STAK,STAK Inc.,,False,True,False,1.7999999523162842,13210349.0,23778628.0,,,2026-08-01
STBA,"S&T Bancorp, Inc.",,False,True,False,52.93000030517578,35976886.0,1904256587.0,3.56,14.868,2026-08-01
STE,Steris,Health Care,True,False,False,231.9199981689453,97602485.0,22635968142.0,7.93,29.246,2026-08-01
STEP,StepStone Group Inc.,,False,True,False,49.5,,,-6.78,,2026-08-01
STEX,Streamex Corp.,,False,True,False,0.7771000266075134,104274817.0,81031963.0,-9.78,,2026-08-01
STFS,Star Fashion Culture Holdings Limited,,False,True,False,3.799999952316284,12650000.0,48069999.0,,,2026-08-01
STGW,Stagwell Inc.,,False,True,False,8.710000038146973,244475451.0,2129381188.0,0.06,145.167,2026-08-01
STHO,Star Holdings,,False,True,False,9.26099967956543,12081333.0,111885221.0,-5.18,,2026-08-01
STI,"Solidion Technology, Inc.",,False,True,False,6.877500057220459,7745683.0,53270935.0,-10.27,,2026-08-01
STIM,"Neuronetics, Inc.",,False,True,False,2.2200000286102295,69587840.0,154485007.0,-0.54,,2026-08-01
STKE,Sol Strategies Inc.,,False,True,False,1.0400999784469604,,,,,2026-08-01
STKS,"The ONE Group Hospitality, Inc.",,False,True,False,1.8200000524520874,31564301.0,57447029.0,-4.04,,2026-08-01
STLD,Steel Dynamics,Materials,True,True,True,264.8900146484375,143328088.0,37966179330.0,11.01,24.059,2026-08-01
STLN,"Starling Oncology Institute, Inc.",,False,True,False,5.199999809265137,,,,,2026-08-04
STNE,StoneCo Ltd.,,False,True,False,11.220100402832031,,,,,2026-08-01
STOK,"Stoke Therapeutics, Inc.",,False,True,False,31.899999618530273,64526242.0,2058387095.0,-3.34,,2026-08-01
STRA,"Strategic Education, Inc.",,False,True,False,83.12999725341797,22207559.0,1846114319.0,5.99,13.878,2026-08-01
STRL,"Sterling Infrastructure, Inc.",,False,True,False,552.7188110351562,30588518.0,16906849300.0,13.88,39.821,2026-08-01
STRO,"Sutro Biopharma, Inc.",,False,True,False,25.700000762939453,16570439.0,425860295.0,-16.35,,2026-08-01
STRR,"Star Equity Holdings, Inc.",,False,True,False,11.34000015258789,3695890.0,41911393.0,-2.27,,2026-08-01
STRS,Stratus Properties Inc.,,False,True,False,19.815000534057617,7982723.0,158177661.0,2.65,7.477,2026-08-01
STRT,STRATTEC SECURITY CORPORATION,,False,True,False,88.79000091552734,4178799.0,371035567.0,6.07,14.628,2026-08-01
STRZ,Starz Entertainment Corp.,,False,True,False,26.75,16789365.0,449115514.0,-24.67,,2026-08-01
STT,State Street Corporation,Financials,True,False,True,185.94000244140625,274701765.0,51078046855.0,11.33,16.411,2026-08-01
STTK,"Shattuck Labs, Inc.",,False,True,False,7.510000228881836,76680517.0,575870700.0,-0.56,,2026-08-01
STX,Seagate Technology,Information Technology,True,True,False,869.9099731445312,224228992.0,195059036409.0,10.54,82.534,2026-08-01
STZ,Constellation Brands,Consumer Staples,True,False,True,131.16000366210938,,,,,2026-08-01
SUGP,SU Group Holdings Limited,,False,True,False,0.37389999628067017,1464772.0,547678.0,,,2026-08-01
SUIG,Sui Group Holdings Limited,,False,True,False,0.8901000022888184,76802872.0,68362237.0,-1.46,,2026-08-01
SUJA,"Suja Life, Inc.",,False,True,False,11.755000114440918,,,,,2026-08-01
SUMA,SUMA Acquisition Corporation,,False,True,False,9.880000114440918,,,,,2026-08-01
SUNE,"SUNation Energy, Inc.",,False,True,False,2.5,4123106.0,10307765.0,101.13,0.025,2026-08-01
SUNS,"Sunrise Realty Trust, Inc.",,False,True,False,7.769999980926514,13518205.0,105036453.0,0.98,7.929,2026-08-01
SUPN,"Supernus Pharmaceuticals, Inc.",,False,True,False,43.060001373291016,58127013.0,2502949260.0,-1.92,,2026-08-01
SUPX,SuperX AI Technology Limited,,False,True,False,7.059999942779541,22169854.0,156519168.0,,,2026-08-01
SURG,"SurgePays, Inc.",,False,True,False,0.21729999780654907,25121895.0,5458988.0,-1.93,,2026-08-01
SVA,"Sinovac Biotech, Ltd.",,False,True,False,6.46999979019165,71860702.0,464938727.0,,,2026-07-07
SVAQ,Silicon Valley Acquisition Corp.,,False,True,False,10.020000457763672,,,,,2026-08-01
SVC,Service Properties Trust,,False,True,False,7.739999771118164,647206961.0,5009381730.0,-1.43,,2026-08-01
SVCC,Stellar V Capital Corp.,,False,True,False,10.640000343322754,,,,,2026-08-01
SVCO,"Silvaco Group, Inc.",,False,True,False,8.739999771118164,32681239.0,285634021.0,-0.91,,2026-08-01
SVIV,Spring Valley Acquisition Corp. IV,,False,True,False,10.194999694824219,,,,,2026-08-01
SVRA,"Savara, Inc.",,False,True,False,5.454999923706055,204927212.0,1117877926.0,-0.56,,2026-08-01
SVRN,OceanPal Inc.,,False,True,False,5.900000095367432,7504982.0,44279395.0,,,2026-08-01
SW,Smurfit Westrock,Materials,True,False,False,48.45000076293945,524522908.0,25413135293.0,0.94,51.543,2026-08-01
SWAG,"Stran & Company, Inc.",,False,True,False,1.9850000143051147,18770157.0,37258762.0,0.02,99.25,2026-08-01
SWBI,"Smith & Wesson Brands, Inc.",,False,True,False,14.84000015258789,44727068.0,663749696.0,0.41,36.195,2026-08-01
SWIM,"Latham Group, Inc.",,False,True,False,5.775000095367432,117411589.0,678051938.0,0.07,82.5,2026-08-01
SWK,Stanley Black & Decker,Industrials,True,False,True,102.12000274658203,151016641.0,15421819794.0,4.1,24.907,2026-08-01
SWKS,Skyworks Solutions,Information Technology,True,True,False,66.54000091552734,150472782.0,10012459052.0,1.94,34.299,2026-08-01
SWMR,"Swarmer, Inc",,False,True,False,37.64500045776367,11210256.0,422010092.0,,,2026-08-01
SWVL,Swvl Holdings Corp,,False,True,False,1.371999979019165,,,,,2026-08-01
SXTC,"China SXT Pharmaceuticals, Inc.",,False,True,False,0.06769999861717224,958077.0,64862.0,,,2026-08-01
SXTP,"60 Degrees Pharmaceuticals, Inc.",,False,True,False,1.1800999641418457,2659288.0,3138226.0,-6.76,,2026-08-01
SY,So-Young International Inc.,,False,True,False,1.975000023841858,,,,,2026-08-01
SYBT,"Stock Yards Bancorp, Inc.",,False,True,False,85.8499984741211,31066643.0,2667071254.0,5.02,17.102,2026-08-01
SYF,Synchrony Financial,Financials,True,False,True,79.12999725341797,325370840.0,25746593676.0,9.75,8.116,2026-08-01
SYK,Stryker Corporation,Health Care,True,False,True,335.8450012207031,383573046.0,128821090102.0,9.65,34.803,2026-08-01
SYM,Symbotic Inc.,,False,True,False,47.599998474121094,,,-0.08,,2026-08-01
SYNA,Synaptics Incorporated,,False,True,False,107.05000305175781,38637685.0,4136164297.0,-1.25,,2026-08-01
SYPR,"Sypris Solutions, Inc.",,False,True,False,2.009999990463257,23011130.0,46252371.0,-0.42,,2026-08-01
SYRE,"Spyre Therapeutics, Inc.",,False,True,False,103.1500015258789,86841253.0,8957675379.0,1.63,63.282,2026-08-01
SYY,Sysco,Consumer Staples,True,False,True,83.04000091552734,478182608.0,39708284206.0,3.61,23.003,2026-08-01
SZZL,Sizzle Acquisition Corp. II,,False,True,False,10.380000114440918,,,,,2026-08-01
T,AT&T,Communication Services,True,False,True,23.405000686645508,6852385650.0,160380090843.0,3.01,7.776,2026-08-01
TACH,Titan Acquisition Corp.,,False,True,False,10.442399978637695,,,,,2026-08-01
TACO,Berto Acquisition Corp.,,False,True,False,10.4399995803833,37518750.0,391695734.0,,,2026-08-01
TACT,TransAct Technologies Incorporated,,False,True,False,5.610499858856201,10276279.0,57655062.0,-0.05,,2026-08-01
TALK,"Talkspace, Inc.",,False,True,False,5.199999809265137,167512566.0,871065311.0,0.0,4.683743440666624e+16,2026-08-01
TANH,Tantech Holdings Ltd.,,False,True,False,0.4399999976158142,6214872.0,2734544.0,,,2026-08-01
TAOP,Taoping Inc.,,False,True,False,0.8100000023841858,9552783.0,7737754.0,,,2026-08-01
TAOX,Tao Synergies Inc.,,False,True,False,3.7699999809265137,7471931.0,28169180.0,-8.42,,2026-08-01
TAP,Molson Coors Beverage Company,Consumer Staples,True,False,False,42.03499984741211,,,-10.75,,2026-08-01
TAP-A,MOLSON COORS BEVERAGE CO,,False,False,True,41.75,,,-10.75,,2026-08-01
TARA,"Protara Therapeutics, Inc.",,False,True,False,4.034999847412109,56204237.0,226784088.0,-1.36,,2026-08-01
TARS,"Tarsus Pharmaceuticals, Inc.",,False,True,False,61.22249984741211,43023959.0,2634034323.0,-1.11,,2026-08-01
TASK,"TaskUs, Inc.",,False,True,False,6.474999904632568,,,1.13,5.73,2026-08-01
TATT,TAT Technologies Ltd.,,False,True,False,40.880001068115234,12983137.0,530750654.0,1.18,34.644,2026-08-01
TAVI,Tavia Acquisition Corp.,,False,True,False,10.699999809265137,15920833.0,170352910.0,,,2026-08-01
TAYD,"Taylor Devices, Inc.",,False,True,False,53.71500015258789,3153117.0,169369680.0,,,2026-08-01
TBBK,"The Bancorp, Inc.",,False,True,False,72.49500274658203,41634439.0,3018288770.0,5.14,14.104,2026-08-01
TBCH,Turtle Beach Corporation,,False,True,False,13.6850004196167,19847421.0,271611965.0,0.02,684.25,2026-08-01
TBLA,Taboola.com Ltd.,,False,True,False,5.355000019073486,336208207.0,1800394955.0,0.36,14.875,2026-08-01
TBLD,Thornburg Income Builder Opportunities Trust,,False,True,False,22.225000381469727,,,,,2026-08-01
TBPH,"Theravance Biopharma, Inc.",,False,True,False,16.875,51553005.0,869956959.0,2.2,7.67,2026-08-01
TCBI,"Texas Capital Bancshares, Inc.",,False,True,False,102.31999969482422,43474369.0,4448297423.0,7.68,13.323,2026-08-01
TCBK,TriCo Bancshares,,False,True,False,58.75,31910590.0,1874747162.0,3.94,14.911,2026-08-01
TCBS,"Texas Community Bancshares, Inc.",,False,True,False,17.93000030517578,2885392.0,51735079.0,1.09,16.45,2026-08-01
TCMD,"Tactile Systems Technology, Inc.",,False,True,False,30.09000015258789,22556260.0,678717867.0,0.87,34.586,2026-08-01
TCPC,BlackRock TCP Capital Corp.,,False,True,False,3.505000114440918,83902775.0,294079236.0,-1.49,,2026-08-01
TCRT,"Alaunos Therapeutics, Inc.",,False,True,False,1.909999966621399,24422146.0,46646298.0,-2.12,,2026-08-01
TCRX,"TScan Therapeutics, Inc.",,False,True,False,0.75,23976942.0,17982706.0,-0.96,,2026-08-01
TCX,Tucows Inc.,,False,True,False,14.850000381469727,11149173.0,165565223.0,-4.05,,2026-08-01
TDAC,Translational Development Acquisition Corp.,,False,True,False,10.84000015258789,,,,,2026-08-01
TDG,TransDigm Group,Industrials,True,False,False,1264.9100341796875,55933583.0,70750950384.0,32.04,39.479,2026-08-01
TDIC,Dreamland Limited,,False,True,False,2.839900016784668,28660000.0,81391534.0,,,2026-08-01
TDTH,Trident Digital Tech Holdings Ltd,,False,True,False,2.6050000190734863,,,,,2026-08-01
TDUP,ThredUp Inc.,,False,True,False,6.193600177764893,,,-0.18,,2026-08-01
TDWD,Tailwind 2.0 Acquisition Corp.,,False,True,False,10.069999694824219,,,,,2026-08-01
TDY,Teledyne Technologies,Information Technology,True,False,False,683.6300048828125,46355673.0,31690128959.0,20.68,33.058,2026-08-01
TEAD,Teads Holding Co.,,False,True,False,0.8324000239372253,96991430.0,80735669.0,-5.39,,2026-08-01
TEAM,Atlassian Corporation,,False,True,False,109.86499786376953,,,-0.82,,2026-08-01
TECH,Bio-Techne,Health Care,True,True,False,72.11499786376953,156568751.0,11290955144.0,0.69,104.514,2026-08-01
TECX,"Tectonic Therapeutic, Inc.",,False,True,False,29.100000381469727,18869186.0,549093320.0,-4.46,,2026-08-01
TEL,TE Connectivity,Information Technology,True,False,False,216.16000366210938,289513228.0,62581180425.0,10.21,21.171,2026-08-01
TELA,"TELA Bio, Inc.",,False,True,False,0.9100000262260437,44766146.0,40737194.0,-0.79,,2026-08-01
TELO,"Telomir Pharmaceuticals, Inc.",,False,True,False,1.2050000429153442,68774956.0,82873825.0,-0.29,,2026-08-01
TEM,"Tempus AI, Inc.",,False,True,False,47.40999984741211,,,-1.44,,2026-08-01
TENB,"Tenable Holdings, Inc.",,False,True,False,35.57500076293945,110271973.0,3922925524.0,-0.1,,2026-08-01
TENX,"Tenax Therapeutics, Inc.",,False,True,False,13.664999961853027,37423917.0,511397824.0,-1.49,,2026-08-01
TER,Teradyne,Information Technology,True,True,False,404.1000061035156,156340750.0,63177298029.0,7.28,55.508,2026-08-01
TFC,Truist Financial,Financials,True,False,True,52.79499816894531,1221626188.0,64495752359.0,4.37,12.081,2026-08-01
TFSL,TFS Financial Corporation,,False,True,False,18.774999618530273,280432141.0,5265113340.0,0.33,56.894,2026-08-01
TGHL,The GrowHub Limited,,False,True,False,0.9120000004768372,,,,,2026-08-01
TGL,Treasure Global Inc.,,False,True,False,2.8371999263763428,1675725.0,4754367.0,-17.96,,2026-08-01
TGT,Target Corporation,Consumer Staples,True,False,True,149.16000366210938,454191112.0,67747147929.0,7.57,19.704,2026-08-01
TGTX,"TG Therapeutics, Inc.",,False,True,False,47.939998626708984,153083580.0,7338826615.0,2.86,16.762,2026-08-01
TH,Target Hospitality Corp.,,False,True,False,16.1200008392334,100163841.0,1614641201.0,-0.43,,2026-08-01
THC,TENET HEALTHCARE CORP,,False,False,True,253.47999572753906,80519000.0,20409955776.0,25.93,9.776,2026-08-01
THCH,TH International Limited,,False,True,False,1.590000033378601,33243582.0,52857296.0,,,2026-08-01
THFF,First Financial Corporation,,False,True,False,83.24430084228516,11891896.0,989932568.0,6.8,12.242,2026-08-01
THH,TryHard Holdings Limited,,False,True,False,0.2549000084400177,,,,,2026-08-01
THO,THOR INDUSTRIES INC,,False,False,True,79.08000183105469,52057373.0,4116697152.0,4.96,15.944,2026-08-01
THRM,Gentherm Inc,,False,True,False,42.42499923706055,30705208.0,1302668426.0,0.85,49.912,2026-08-01
THRY,"Thryv Holdings, Inc.",,False,True,False,2.7799999713897705,44439111.0,123540727.0,-0.36,,2026-08-01
TIGO,Millicom International Cellular S.A.,,False,True,False,92.70999908447266,169000000.0,15667989845.0,,,2026-08-01
TIL,"Instil Bio, Inc.",,False,True,False,7.308000087738037,6781976.0,49562681.0,-7.0,,2026-08-01
TILE,"Interface, Inc.",,False,True,False,35.209999084472656,58056192.0,2044158467.0,2.14,16.453,2026-08-01
TIPT,Tiptree Inc.,,False,True,False,17.7450008392334,37570075.0,666681012.0,0.97,18.294,2026-08-01
TITN,Titan Machinery Inc.,,False,True,False,19.299999237060547,23302180.0,449732056.0,-2.35,,2026-08-01
TJGC,TJGC Group Limited,,False,True,False,5.369999885559082,15300000.0,82160998.0,,,2026-08-01
TJX,TJX Companies,Consumer Discretionary,True,False,False,157.77000427246094,1104704446.0,174289225165.0,5.14,30.695,2026-08-01
TKNO,"Alpha Teknova, Inc.",,False,True,False,5.519999980926514,53614028.0,295949434.0,-0.31,,2026-08-01
TKO,TKO Group Holdings,Communication Services,True,False,False,186.11000061035156,,,2.85,65.302,2026-08-01
TLF,"Tandy Leather Factory, Inc.",,False,True,False,2.4151999950408936,8143569.0,19668348.0,-0.22,,2026-08-01
TLIH,Ten-League International Holdings Limited,,False,True,False,5.699999809265137,29404342.0,167604744.0,,,2026-08-01
TLN,Talen Energy Corporation,,False,True,False,339.125,45395007.0,15394581749.0,-0.52,,2026-08-01
TLNC,Talon Capital Corp.,,False,True,False,10.25,,,,,2026-08-01
TLPH,"Talphera, Inc.",,False,True,False,1.3617000579833984,51899648.0,70671754.0,-0.74,,2026-08-01
TLRY,"Tilray Brands, Inc.",,False,True,False,4.605000019073486,136203579.0,627217484.0,-1.09,,2026-08-01
TLS,Telos Corporation,,False,True,False,4.864999771118164,74819175.0,363995269.0,-0.35,,2026-08-01
TLSA,Tiziana Life Sciences Ltd,,False,True,False,0.9652000069618225,120507401.0,116313744.0,,,2026-08-01
TLSI,"TriSalus Life Sciences, Inc.",,False,True,False,4.679999828338623,61416535.0,287429373.0,-1.42,,2026-08-01
TMC,TMC the metals company Inc.,,False,True,False,3.9800000190734863,433221138.0,1724220138.0,0.82,4.854,2026-08-01
TMCI,"Treace Medical Concepts, Inc.",,False,True,False,4.760000228881836,64872976.0,308795381.0,-0.96,,2026-08-01
TMCR,The Metals Royalty Company Inc.,,False,True,False,5.940000057220459,50926632.0,302504197.0,,,2026-08-01
TMDX,"TransMedics Group, Inc.",,False,True,False,81.3499984741211,34560911.0,2811530057.0,4.37,18.616,2026-08-01
TMHC,Taylor Morrison Home Corp,,False,False,True,72.44999694824219,93427654.0,6768833247.0,6.71,10.797,2026-07-23
TMO,Thermo Fisher Scientific,Health Care,True,False,True,567.7999877929688,369747286.0,209942504477.0,18.59,30.543,2026-08-01
TMS,Teamshares Inc.,,False,True,False,7.40500020980835,,,,,2026-08-01
TMTS,Spartacus Acquisition Corp. II,,False,True,False,10.0600004196167,,,,,2026-08-01
TMUS,T-Mobile US,Communication Services,True,True,False,176.2949981689453,1072671613.0,189106640050.0,9.56,18.441,2026-08-01
TNDM,"Tandem Diabetes Care, Inc.",,False,True,False,19.815000534057617,68529089.0,1357903935.0,-1.4,,2026-08-01
TNGX,"Tango Therapeutics, Inc.",,False,True,False,29.149999618530273,144647982.0,4216488620.0,-0.83,,2026-08-01
TNMG,TNL Mediagene,,False,True,False,0.519599974155426,2556405.0,1328308.0,,,2026-08-01
TNON,"Tenon Medical, Inc.",,False,True,False,0.1988999992609024,11573428.0,2301955.0,-2.4,,2026-08-01
TNXP,Tonix Pharmaceuticals Holding Corp.,,False,True,False,11.170000076293945,15940801.0,178058748.0,-14.66,,2026-08-01
TNYA,"Tenaya Therapeutics, Inc.",,False,True,False,0.7626000046730042,216998876.0,165483344.0,-0.44,,2026-08-01
TOL,"Toll Brothers, Inc.",,False,False,True,153.18460083007812,93471000.0,14318317824.0,13.22,11.587,2026-08-01
TOMZ,"TOMI Environmental Solutions, Inc.",,False,True,False,1.9266999959945679,21700465.0,41810286.0,-0.22,,2026-08-01
TONX,TON Strategy Company,,False,True,False,2.9600000381469727,56530617.0,167330628.0,-5.01,,2026-08-01
TOP,TOP Financial Group Limited,,False,True,False,11.449999809265137,37044475.0,424159232.0,,,2026-08-01
TORO,Toro Corp.,,False,True,False,5.182400226593018,21473509.0,111284318.0,,,2026-08-01
TOWN,Towne Bank,,False,True,False,38.619998931884766,,,,,2026-08-01
TOYO,"TOYO Co., Ltd",,False,True,False,5.5,37758997.0,207674484.0,,,2026-08-01
TPCS,TechPrecision Corporation,,False,True,False,4.703000068664551,10024469.0,47145078.0,-0.17,,2026-08-01
TPG,TPG Inc.,,False,True,False,49.09000015258789,,,0.23,213.435,2026-08-01
TPL,Texas Pacific Land Corporation,Energy,True,False,False,398.5299987792969,68974429.0,27488379105.0,7.29,54.668,2026-08-01
TPR,"Tapestry, Inc.",Consumer Discretionary,True,False,False,156.27000427246094,202044714.0,31573528320.0,3.31,47.211,2026-08-01
TPST,"Tempest Therapeutics, Inc.",,False,True,False,0.8924999833106995,14806997.0,13215245.0,-5.7,,2026-08-01
TRAW,"Traws Pharma, Inc.",,False,True,False,0.548799991607666,15150669.0,8314687.0,-1.8,,2026-08-01
TRAX,"First Tracks Biotherapeutics, Inc.",,False,True,False,47.720001220703125,34892381.0,1665064464.0,,,2026-08-01
TRDA,"Entrada Therapeutics, Inc.",,False,True,False,7.090000152587891,38820616.0,275238173.0,-4.0,,2026-08-01
TREE,"LendingTree, Inc.",,False,True,False,33.2599983215332,14039561.0,466955775.0,12.95,2.568,2026-08-01
TRGP,Targa Resources,Energy,True,False,True,263.92999267578125,214643903.0,56650963747.0,9.79,26.959,2026-08-01
TRGS,TRG Latin America Acquisitions Corp.,,False,True,False,9.920000076293945,,,,,2026-08-01
TRI,Thomson Reuters Corp,,False,True,False,106.43000030517578,486092864.0,51734863664.0,,,2026-08-01
TRIP,"TripAdvisor, Inc.",,False,True,False,14.345000267028809,116361169.0,1669201000.0,0.11,130.409,2026-08-01
TRMB,Trimble Inc.,Information Technology,True,True,False,59.220001220703125,233111519.0,13804864440.0,1.91,31.005,2026-08-01
TRMD,TORM plc,,False,True,False,29.530000686645508,101332707.0,2992354907.0,,,2026-08-01
TRMK,Trustmark Corporation,,False,True,False,48.810001373291016,58605547.0,2860536830.0,3.77,12.947,2026-08-01
TRNR,Interactive Strength Inc.,,False,True,False,3.4700000286102295,2330936.0,8088348.0,-8.43,,2026-08-01
TRNS,"Transcat, Inc.",,False,True,False,91.56999969482422,9340698.0,855327713.0,0.57,160.649,2026-08-01
TRON,Tron Inc.,,False,True,False,1.4900000095367432,474382064.0,706829280.0,-0.07,,2026-08-01
TROO,"TROOPS, Inc.",,False,True,False,1.9800000190734863,122160166.0,241877131.0,,,2026-08-01
TROW,T. Rowe Price,Financials,True,True,False,113.83000183105469,213315850.0,24281743596.0,9.96,11.429,2026-08-01
TRS,TriMas Corporation,,False,True,False,40.400001525878906,35873873.0,1449304524.0,24.03,1.681,2026-08-01
TRSG,Tungray Technologies Inc,,False,True,False,1.5299999713897705,,,,,2026-08-01
TRST,TrustCo Bank Corp NY,,False,True,False,58.290000915527344,17474811.0,1018606749.0,3.41,17.094,2026-08-01
TRUG,"TruGolf Holdings, Inc.",,False,True,False,0.8349999785423279,1394771.0,1164634.0,-52.28,,2026-08-01
TRUP,"Trupanion, Inc.",,False,True,False,24.420000076293945,43620472.0,1065211930.0,0.59,41.39,2026-08-01
TRV,Travelers Companies (The),Financials,True,False,True,377.6300048828125,208575022.0,78764186576.0,37.24,10.14,2026-08-01
TRVI,"Trevi Therapeutics, Inc.",,False,True,False,18.704999923706055,141979708.0,2655730427.0,-0.32,,2026-08-01
TSAT,Telesat Corporation,,False,True,False,54.0,,,,,2026-08-01
TSBK,"Timberland Bancorp, Inc.",,False,True,False,45.119998931884766,7827953.0,353197231.0,3.91,11.54,2026-08-01
TSCO,Tractor Supply,Consumer Discretionary,True,True,False,32.845001220703125,524449616.0,17225548278.0,2.03,16.18,2026-08-01
TSEM,Tower Semiconductor Ltd.,,False,True,False,246.30999755859375,112534404.0,27718348774.0,1.75,140.749,2026-08-01
TSHA,"Taysha Gene Therapies, Inc.",,False,True,False,6.125,287361020.0,1760086248.0,-0.38,,2026-08-01
TSLA,"Tesla, Inc.",Consumer Discretionary,True,True,True,326.93499755859375,3949547394.0,1291245267615.0,1.08,302.718,2026-08-01
TSN,Tyson Foods,Consumer Staples,True,False,True,58.290000915527344,,,1.62,35.981,2026-08-01
TSSI,"TSS, Inc.",,False,True,False,11.319999694824219,28073956.0,317797173.0,0.52,21.769,2026-08-01
TT,Trane Technologies,Industrials,True,False,False,472.54998779296875,220023177.0,103971949606.0,13.2,35.799,2026-08-01
TTAN,"ServiceTitan, Inc.",,False,True,False,85.05999755859375,,,-1.46,,2026-08-01
TTD,Trade Desk (The),Communication Services,True,True,False,18.96500015258789,,,0.88,21.551,2026-08-01
TTEC,"TTEC Holdings, Inc.",,False,True,False,2.7300000190734863,48658381.0,132837381.0,-4.18,,2026-08-01
TTEK,"Tetra Tech, Inc.",,False,True,False,34.93000030517578,256044428.0,8943631948.0,1.66,21.042,2026-08-01
TTGT,"TechTarget, Inc.",,False,True,False,4.300000190734863,72299443.0,310887619.0,-7.72,,2026-08-01
TTMI,"TTM Technologies, Inc.",,False,True,False,133.76499938964844,103850059.0,13891503079.0,1.84,72.698,2026-08-01
TTRX,Turn Therapeutics Inc.,,False,True,False,9.649999618530273,29788040.0,287454575.0,-0.14,,2026-08-01
TTWO,Take-Two Interactive,Communication Services,True,True,False,240.8800048828125,185666663.0,44723386690.0,-1.62,,2026-08-01
TULP,"Bloomia Holdings, Inc.",,False,True,False,3.5899999141693115,4772557.0,17133479.0,-3.08,,2026-08-01
TUSK,"Mammoth Energy Services, Inc.",,False,True,False,2.799999952316284,48170647.0,134877809.0,0.22,12.727,2026-08-01
TVA,Texas Ventures Acquisition III Corp,,False,True,False,10.520000457763672,,,,,2026-08-01
TVAI,Thayer Ventures Acquisition Corporation II,,False,True,False,10.369999885559082,,,,,2026-07-01
TVGN,Tevogen Inc.,,False,True,False,6.748600006103516,4187505.0,28259796.0,-6.44,,2026-08-01
TVIV,Texas Ventures Acquisition IV Corp,,False,True,False,9.920000076293945,,,,,2026-08-03
TVRD,"Tvardi Therapeutics, Inc.",,False,True,False,2.009999990463257,9381344.0,18856501.0,-0.27,,2026-08-01
TVTX,"Travere Therapeutics, Inc.",,False,True,False,56.0,92992905.0,5207602680.0,-0.22,,2026-08-01
TW,Tradeweb Markets Inc.,,False,True,False,101.79000091552734,,,4.19,24.294,2026-08-01
TWAV,"TaoWeave, Inc.",,False,True,False,1.4149999618530273,3456149.0,4890451.0,0.47,3.011,2026-08-01
TWFG,"TWFG, Inc.",,False,True,False,27.1200008392334,,,0.56,48.429,2026-08-01
TWG,Top Wealth Group Holding Limited,,False,True,False,1.4500000476837158,56000000.0,81200003.0,,,2026-08-01
TWIN,"Twin Disc, Incorporated",,False,True,False,24.0,14422827.0,346147848.0,1.84,13.043,2026-08-01
TWLV,Twelve Seas Investment Company III,,False,True,False,10.020000457763672,,,,,2026-08-01
TWST,Twist Bioscience Corporation,,False,True,False,101.73999786376953,62707424.0,6379853184.0,-2.21,,2026-08-01
TXG,"10x Genomics, Inc.",,False,True,False,47.060001373291016,,,-0.17,,2026-08-01
TXMD,"TherapeuticsMD, Inc.",,False,True,False,2.035099983215332,11574362.0,23554984.0,0.02,101.755,2026-08-01
TXN,Texas Instruments,Information Technology,True,True,True,282.722412109375,913247686.0,258195588639.0,6.58,42.967,2026-08-01
TXRH,"Texas Roadhouse, Inc.",,False,True,False,207.77999877929688,65729615.0,13657299324.0,6.27,33.139,2026-08-01
TXT,Textron,Industrials,True,False,True,88.9800033569336,171986917.0,15303396452.0,5.33,16.694,2026-08-01
TYGO,"Tigo Energy, Inc.",,False,True,False,2.0199999809265137,75910794.0,153339802.0,0.06,33.667,2026-08-01
TYL,Tyler Technologies,Information Technology,True,False,False,311.5950012207031,40952274.0,12760523867.0,7.54,41.326,2026-08-01
TYRA,"Tyra Biosciences, Inc.",,False,True,False,32.650001525878906,59470381.0,1941708030.0,-2.18,,2026-08-01
TZOO,Travelzoo,,False,True,False,7.579999923706055,10279709.0,77920193.0,0.38,19.947,2026-08-01
UAL,United Airlines Holdings,Industrials,True,True,True,132.83999633789062,324583772.0,43117707084.0,10.67,12.45,2026-08-01
UBCP,"United Bancorp, Inc.",,False,True,False,15.680000305175781,5781030.0,90646552.0,1.35,11.615,2026-08-01
UBER,Uber,Industrials,True,False,True,71.95999908447266,,,4.03,17.856,2026-08-01
UBSI,"United Bankshares, Inc.",,False,True,False,49.470001220703125,137798590.0,6816896416.0,3.57,13.857,2026-08-01
UCAR,U Power Limited,,False,True,False,0.9326000213623047,1243140.0,1159352.0,,,2026-08-01
UCFI,CN Healthy Food Tech Group Corp.,,False,True,False,5.510000228881836,52234983.0,287814768.0,0.1203,45.802,2026-07-01
UCTT,"Ultra Clean Holdings, Inc.",,False,True,False,85.30560302734375,,,-4.29,,2026-08-01
UDR,"UDR, Inc.",Real Estate,True,False,False,38.439998626708984,324915653.0,12489757255.0,1.47,26.15,2026-08-01
UEIC,Universal Electronics Inc.,,False,True,False,4.809999942779541,,,-1.51,,2026-08-01
UFCS,"United Fire Group, Inc",,False,True,False,54.86000061035156,,,5.38,10.197,2026-08-01
UFG,Uni-Fuels Holdings Limited,,False,True,False,0.6201000213623047,,,,,2026-08-01
UFPI,"UFP Industries, Inc.",,False,True,True,93.01000213623047,,,4.58,20.308,2026-08-01
UFPT,"UFP Technologies, Inc.",,False,True,False,333.3399963378906,,,8.81,37.837,2026-08-01
UG,"United-Guardian, Inc.",,False,True,False,7.130000114440918,,,,,2026-08-01
UHS,Universal Health Services,Health Care,True,False,True,166.05999755859375,,,23.95,6.934,2026-08-01
UK,Ucommune International Ltd,,False,True,False,2.1050000190734863,,,,,2026-08-01
ULBI,Ultralife Corporation,,False,True,False,5.489999771118164,,,-49.0,,2026-08-01
ULCC,"Frontier Group Holdings, Inc.",,False,True,False,8.055000305175781,,,-1.59,,2026-08-01
ULH,"Universal Logistics Holdings, Inc.",,False,True,False,18.19499969482422,,,-4.15,,2026-08-01
ULTA,Ulta Beauty,Consumer Discretionary,True,True,True,543.3699951171875,,,26.68,20.366,2026-08-01
UMBF,UMB Financial Corporation,,False,True,False,149.30799865722656,,,12.17,12.269,2026-08-01
UNB,"Union Bankshares, Inc.",,False,True,False,23.75,,,2.51,9.462,2026-08-01
UNCY,"Unicycive Therapeutics, Inc.",,False,True,False,5.144999980926514,,,-1.71,,2026-08-01
UNFI,UNITED NATURAL FOODS INC,,False,False,True,48.435001373291016,,,-0.66,,2026-08-01
UNH,UnitedHealth Group,Health Care,True,False,True,410.30999755859375,,,13.28,30.897,2026-08-01
UNIT,Uniti Group Inc.,,False,True,False,9.975000381469727,,,3.84,2.598,2026-08-01
UNM,Unum Group,,False,False,True,90.54000091552734,,,4.31,21.007,2026-08-01
UNP,Union Pacific Corporation,Industrials,True,False,True,294.8800048828125,,,12.36,23.858,2026-08-01
UNTY,"Unity Bancorp, Inc.",,False,True,False,60.060001373291016,,,5.94,10.111,2026-08-01
UONE,"Urban One, Inc.",,False,True,False,5.231900215148926,,,-30.99,,2026-08-01
UONEK,"Urban One, Inc.",,False,True,False,5.289999961853027,,,-30.99,,2026-08-01
UPB,"Upstream Bio, Inc.",,False,True,False,6.78000020980835,,,-2.9,,2026-08-01
UPBD,"Upbound Group, Inc.",,False,True,False,20.520000457763672,,,1.55,13.239,2026-08-01
UPC,Universe Pharmaceuticals Inc,,False,True,False,6.690999984741211,,,,,2026-08-01
UPLD,"Upland Software, Inc.",,False,True,False,4.885000228881836,,,-0.68,,2026-08-01
UPS,United Parcel Service,Industrials,True,False,True,108.7249984741211,,,6.18,17.593,2026-08-01
UPST,"Upstart Holdings, Inc.",,False,True,False,30.514699935913086,,,0.41,74.426,2026-08-01
UPWK,Upwork Inc.,,False,True,False,9.425000190734863,,,0.81,11.636,2026-08-01
UPXI,"Upexi, Inc.",,False,True,False,0.839900016784668,,,-3.02,,2026-08-01
URBN,"Urban Outfitters, Inc.",,False,True,False,78.05999755859375,,,5.2,15.012,2026-08-01
URGN,UroGen Pharma Ltd.,,False,True,False,40.25,,,,,2026-08-01
URI,United Rentals,Industrials,True,False,True,1143.7750244140625,,,39.2,29.178,2026-08-01
UROY,Uranium Royalty Corp.,,False,True,False,3.369999885559082,,,,,2026-08-01
USAR,"USA Rare Earth, Inc.",,False,True,False,17.364999771118164,,,-4.23,,2026-08-01
USAU,U.S. Gold Corp.,,False,True,False,14.510000228881836,,,-1.15,,2026-08-01
USB,U.S. Bancorp,Financials,True,False,False,64.53500366210938,,,4.77,13.529,2026-08-01
USCB,"USCB Financial Holdings, Inc.",,False,True,False,22.450000762939453,18263900.0,410024569.0,1.69,13.284,2026-08-01
USDE,StablecoinX Inc.,,False,True,False,2.009999990463257,,,,,2026-08-01
USEA,United Maritime Corporation,,False,True,False,2.619999885559082,,,,,2026-08-01
USFD,US Foods Holding Corp.,,False,False,True,99.01000213623047,,,2.97,33.337,2026-08-01
USGO,U.S. GoldMining Inc.,,False,True,False,7.559999942779541,,,-0.59,,2026-08-01
USIO,"Usio, Inc.",,False,True,False,2.25,,,-0.08,,2026-08-01
USLM,"United States Lime & Minerals, Inc.",,False,True,False,116.94999694824219,28688363.0,3355103965.0,4.67,25.043,2026-08-01
UTHR,United Therapeutics Corporation,,False,True,False,518.1900024414062,42446733.0,21995472677.0,27.05,19.157,2026-08-01
UTMD,"Utah Medical Products, Inc.",,False,True,False,72.29000091552734,3184025.0,230173170.0,3.38,21.388,2026-08-01
UTSI,UTStarcom Holdings Corp,,False,True,False,2.444999933242798,9186976.0,22462156.0,,,2026-08-01
UVSP,Univest Financial Corporation,,False,True,False,44.90999984741211,27580768.0,1238652287.0,3.45,13.017,2026-08-01
UYSC,UY Scuti Acquisition Corp.,,False,True,False,10.779999732971191,5221060.0,56283025.0,,,2026-07-01
UZX,Linkage Global Inc,,False,True,False,0.2540000081062317,21500000.0,5461000.0,,,2026-08-01
V,Visa Inc.,Financials,True,False,True,370.1299133300781,469280842.0,173694877377.0,,,2026-08-01
VABK,Virginia National Bankshares Corporation,,False,True,False,46.2599983215332,5422513.0,250845442.0,3.69,12.537,2026-08-01
VALU,"Value Line, Inc.",,False,True,False,35.25,9387238.0,330900140.0,,,2026-08-01
VANI,"Vivani Medical, Inc.",,False,True,False,1.3977999687194824,86235104.0,120539426.0,-0.4,,2026-08-01
VBIO,"Valion Bio, Inc.",,False,True,False,0.3553999960422516,3200824.0,1137573.0,-1.87,,2026-08-01
VBNK,VersaBank,,False,True,False,19.76129913330078,26002577.0,513844702.0,,,2026-08-01
VC,Visteon Corporation,,False,True,False,104.37000274658203,26695429.0,2786201998.0,5.21,20.033,2026-08-01
VCEL,Vericel Corporation,,False,True,False,46.290000915527344,51206614.0,2370354209.0,0.48,96.438,2026-08-01
VCIG,VCI Global Limited,,False,True,False,0.3100999891757965,26310352.0,8158840.0,,,2026-08-01
VCTR,"Victory Capital Holdings, Inc.",,False,True,False,102.66000366210938,62531106.0,6419443571.0,4.45,23.07,2026-08-01
VCYT,"Veracyte, Inc.",,False,True,False,46.22999954223633,80390731.0,3716463457.0,1.4,33.021,2026-08-01
VECO,Veeco Instruments Inc.,,False,True,False,54.21500015258789,61033485.0,3308930399.0,0.38,142.671,2026-08-01
VEEA,Veea Inc.,,False,True,False,0.17010000348091125,50407567.0,8574327.0,-0.37,,2026-08-01
VEEE,Twin Vee PowerCats Co.,,False,True,False,10.800100326538086,529330.0,5716817.0,22.75,0.475,2026-08-01
VEEV,Veeva Systems,Health Care,True,False,False,211.01499938964844,162443291.0,34277970951.0,5.64,37.414,2026-08-01
VELO,"Velo3D, Inc.",,False,True,False,13.140000343322754,29801002.0,391585177.0,-2.74,,2026-08-01
VERA,"Vera Therapeutics, Inc.",,False,True,False,30.829999923706055,71782904.0,2213066925.0,-5.54,,2026-08-01
VERI,"Veritone, Inc.",,False,True,False,1.190000057220459,92958965.0,110621174.0,-0.3,,2026-08-01
VERU,Veru Inc.,,False,True,False,2.3499999046325684,16050320.0,37718250.0,-0.35,,2026-08-01
VERX,"Vertex, Inc.",,False,True,False,11.704999923706055,26359623.0,308539385.0,,,2026-08-01
VFF,"Village Farms International, Inc.",,False,True,False,1.9800000190734863,114288686.0,226291600.0,0.35,5.657,2026-08-01
VFS,VinFast Auto Ltd.,,False,True,False,3.325000047683716,,,,,2026-08-01
VGAS,"Verde Clean Fuels, Inc.",,False,True,False,1.2799999713897705,,,-0.37,,2026-08-01
VHC,VirnetX Holding Corp,,False,True,False,13.710000038146973,4185852.0,57388031.0,-5.15,,2026-08-01
VHCP,Vine Hill Capital Investment Corp. II,,False,True,False,10.0,,,,,2026-07-01
VHUB,"VenHub Global, Inc.",,False,True,False,0.699999988079071,85057857.0,59540499.0,-1.16,,2026-08-01
VIAV,Viavi Solutions Inc.,,False,True,False,41.04999923706055,233907870.0,9601917885.0,-0.25,,2026-08-01
VICI,Vici Properties,Real Estate,True,False,False,26.540000915527344,1101077562.0,29222599504.0,2.58,10.287,2026-08-01
VICR,Vicor Corporation,,False,True,False,228.27000427246094,26978949.0,6158484803.0,2.99,76.344,2026-08-01
VINP,Vinci Compass Investments Ltd.,,False,True,False,9.850000381469727,,,,,2026-08-01
VIP,Vulcan Infrastructure and Power Inc.,,False,True,False,2.2100000381469727,,,0.45,4.911,2026-08-01
VIR,"Vir Biotechnology, Inc.",,False,True,False,9.210000038146973,168651974.0,1553284687.0,-3.13,,2026-08-01
VIRC,Virco Manufacturing Corporation,,False,True,False,6.210000038146973,15729543.0,97680463.0,-0.07,,2026-08-01
VISN,"Vistance Networks, Inc.",,False,True,False,12.395000457763672,225569631.0,2795935680.0,23.29,0.532,2026-08-01
VITL,"Vital Farms, Inc.",,False,True,False,12.170000076293945,42848454.0,521465688.0,1.04,11.702,2026-08-01
VIVK,"Vivakor, Inc.",,False,True,False,1.6799999475479126,4295647.0,7216687.0,-278.01,,2026-08-01
VIVO,VivoPower PLC,,False,True,False,3.9100000858306885,12527212.0,48981400.0,,,2026-08-01
VIVS,"VivoSim Labs, Inc.",,False,True,False,0.34369999170303345,3494071.0,1200912.0,-5.35,,2026-08-01
VKTX,"Viking Therapeutics, Inc.",,False,True,False,33.130001068115234,116652937.0,3864711927.0,-4.67,,2026-08-01
VLGEA,"Village Super Market, Inc.",,False,True,False,44.5,13845449.0,616122480.0,,,2026-08-01
VLO,Valero Energy,Energy,True,False,False,307.80999755859375,287927461.0,88626951067.0,24.03,12.809,2026-08-01
VLOS,Velos Acquisition I Corp.,,False,True,False,10.800000190734863,,,,,2026-08-01
VLTO,Veralto,Industrials,True,False,False,96.05000305175781,245599266.0,23589810249.0,3.88,24.755,2026-08-01
VLY,Valley National Bancorp,,False,True,False,14.925000190734863,554131478.0,8270412415.0,1.11,13.446,2026-08-01
VMAR,Vision Marine Technologies Inc.,,False,True,False,0.6531999707221985,4907137.0,3205342.0,,,2026-08-01
VMC,Vulcan Materials Company,Materials,True,False,True,283.3599853515625,129754885.0,36767342313.0,8.4,33.733,2026-08-01
VMD,"Viemed Healthcare, Inc.",,False,True,False,9.694999694824219,38088228.0,369265359.0,0.36,26.931,2026-08-01
VMET,Versamet Royalties Corporation,,False,True,False,9.600000381469727,93411746.0,896752797.0,,,2026-08-01
VNCE,Vince Holding Corp.,,False,True,False,6.815999984741211,12847294.0,87567156.0,0.7,9.737,2026-08-01
VNDA,Vanda Pharmaceuticals Inc.,,False,True,False,5.375,60135562.0,323228646.0,-4.06,,2026-08-01
VNME,Vendome Acquisition Corporation I,,False,True,False,10.25,,,,,2026-07-01
VNOM,"Viper Energy, Inc.",,False,True,False,42.65999984741211,,,1.15,37.096,2026-08-01
VOR,Vor Biopharma Inc.,,False,True,False,22.270000457763672,54185877.0,1206719506.0,-70.4,,2026-08-01
VOXR,Vox Royalty Corp.,,False,True,False,4.59499979019165,68364945.0,314136908.0,,,2026-08-01
VRA,"Vera Bradley, Inc.",,False,True,False,3.5,28438252.0,99533882.0,-0.69,,2026-08-01
VRAX,Virax Biolabs Group Limited,,False,True,False,2.990000009536743,579218.0,1731862.0,,,2026-08-01
VRCA,Verrica Pharmaceuticals Inc.,,False,True,False,5.340000152587891,17178786.0,91734720.0,-1.1,,2026-08-01
VRDN,"Viridian Therapeutics, Inc.",,False,True,False,20.489999771118164,103074740.0,2112001399.0,-4.3,,2026-08-01
VREX,Varex Imaging Corporation,,False,True,False,12.289999961853027,42100000.0,517408998.0,-2.0,,2026-08-01
VRM,"Vroom, Inc.",,False,True,False,7.019999980926514,5207627.0,36557541.0,-30.2,,2026-08-01
VRME,"VerifyMe, Inc.",,False,True,False,0.7200000286102295,13119065.0,9445727.0,-0.39,,2026-08-01
VRNS,"Varonis Systems, Inc.",,False,True,False,43.005001068115234,114860485.0,4939575280.0,-1.22,,2026-08-01
VRRM,Verra Mobility Corporation,,False,True,False,5.539999961853027,151906653.0,841562852.0,0.82,6.756,2026-08-01
VRSK,Verisk Analytics,Industrials,True,True,False,192.00999450683594,131021840.0,25157502779.0,6.56,29.27,2026-08-01
VRSN,Verisign,Information Technology,True,True,False,298.5799865722656,90300000.0,26961772787.0,9.22,32.384,2026-08-01
VRT,Vertiv,Industrials,True,False,False,272.6449890136719,384988173.0,104965096198.0,4.42,61.684,2026-08-01
VRTX,Vertex Pharmaceuticals,Health Care,True,True,False,477.5249938964844,253805417.0,121198430204.0,16.85,28.34,2026-08-01
VRXA,Veraxa Biotech AG,,False,True,False,1.8250000476837158,,,,,2026-08-01
VS,Versus Systems Inc.,,False,True,False,1.3519999980926514,4901677.0,6627067.0,-0.47,,2026-08-01
VSAT,"ViaSat, Inc.",,False,True,False,85.87999725341797,136568953.0,11728541309.0,-0.25,,2026-08-01
VSEC,VSE Corporation,,False,True,False,214.1300048828125,28057152.0,6007878095.0,2.03,105.483,2026-08-01
VSECU,VSE Corporation,,False,True,False,54.3583984375,28057152.0,1525141847.0,2.03,26.778,2026-08-01
VSEE,"VSee Health, Inc.",,False,True,False,0.08799999952316284,48599421.0,4276749.0,-0.54,,2026-08-01
VSME,VS Media Holdings Limited,,False,True,False,1.2400000095367432,55013689.0,68216975.0,,,2026-08-01
VSNT,"Versant Media Group, Inc.",,False,True,False,36.48529815673828,,,,,2026-08-01
VST,Vistra Corp.,Utilities,True,False,True,143.4499969482422,337182468.0,48368824006.0,5.98,23.988,2026-08-01
VSTM,"Verastem, Inc.",,False,True,False,5.840000152587891,87873639.0,513182065.0,-2.52,,2026-08-01
VTGN,"Vistagen Therapeutics, Inc.",,False,True,False,0.29499998688697815,41032453.0,12104573.0,-1.83,,2026-08-01
VTIX,Virtuix Holdings Inc.,,False,True,False,1.6200000047683716,,,,,2026-08-01
VTR,Ventas,Real Estate,True,False,False,90.70999908447266,512946359.0,46529363755.0,0.54,167.981,2026-08-01
VTRS,Viatris,Health Care,True,True,True,17.649999618530273,1164552654.0,20554353899.0,-0.3,,2026-08-01
VTSI,"VirTra, Inc.",,False,True,False,3.069999933242798,11306885.0,34712136.0,-0.21,,2026-08-01
VTVT,vTv Therapeutics Inc.,,False,True,False,32.560001373291016,,,,,2026-08-01
VUZI,Vuzix Corporation,,False,True,False,2.5950000286102295,83158258.0,215795682.0,-0.4,,2026-08-01
VVOS,"Vivos Therapeutics, Inc.",,False,True,False,0.43549999594688416,13894600.0,6051098.0,-2.14,,2026-08-01
VWAV,"VisionWave Holdings, Inc.",,False,True,False,1.4701000452041626,25387727.0,37322499.0,-0.87,,2026-08-01
VYGR,"Voyager Therapeutics, Inc.",,False,True,False,3.0850000381469727,60421287.0,186399673.0,-1.98,,2026-08-01
VZ,Verizon,Communication Services,True,False,True,46.834999084472656,4154775202.0,194588892782.0,3.85,12.165,2026-08-01
W,Wayfair Inc.,,False,False,True,116.41000366210938,,,-2.35,,2026-08-01
WAB,Wabtec,Industrials,True,False,True,299.1199951171875,168910851.0,50524612926.0,7.44,40.204,2026-08-01
WABC,Westamerica Bancorporation,,False,True,False,60.97999954223633,23487955.0,1432295485.0,4.49,13.581,2026-08-01
WAFD,"WaFd, Inc.",,False,True,False,37.77000045776367,73995238.0,2794800173.0,3.16,11.953,2026-08-01
WAFU,Wah Fu Education Group Limited,,False,True,False,1.5199999809265137,2922559.0,4442290.0,,,2026-08-01
WALD,Waldencast plc,,False,True,False,1.524999976158142,,,,,2026-08-01
WASH,"Washington Trust Bancorp, Inc.",,False,True,False,40.04999923706055,19065593.0,763576985.0,2.74,14.617,2026-08-01
WAT,Waters Corporation,Health Care,True,False,False,395.0950012207031,98185855.0,38792740501.0,7.87,50.203,2026-08-01
WATT,Energous Corporation,,False,True,False,17.850000381469727,5501101.0,98194655.0,-3.34,,2026-08-01
WAY,Waystar Holding Corp.,,False,True,False,23.40999984741211,191748416.0,4488830389.0,0.7,33.443,2026-08-01
WBD,Warner Bros. Discovery,Communication Services,True,True,True,26.135000228881836,2507136702.0,65524018281.0,-0.7,,2026-08-01
WBTN,WEBTOON Entertainment Inc.,,False,True,False,9.489999771118164,135234730.0,1283377557.0,-2.56,,2026-08-01
WBUY,WEBUY GLOBAL LTD.,,False,True,False,0.9103000164031982,,,,,2026-08-01
WCC,WESCO INTERNATIONAL INC,,False,False,True,372.82000732421875,48732854.0,18168582985.0,14.46,25.783,2026-08-01
WCT,Wellchange Holdings Company Limited,,False,True,False,0.8700000047683716,46265000.0,40250550.0,,,2026-08-01
WDAY,"Workday, Inc.",Information Technology,True,True,False,169.5399932861328,220000000.0,37298798523.0,3.21,52.816,2026-08-01
WDC,Western Digital,Information Technology,True,True,True,553.5800170898438,344682131.0,190809139970.0,16.75,33.05,2026-08-01
WDFC,WD-40 Company,,False,True,False,232.2899932861328,13421096.0,3117586300.0,6.59,35.249,2026-08-01
WEC,WEC Energy Group,Utilities,True,False,True,108.76000213623047,325849383.0,35439379591.0,4.95,21.972,2026-08-01
WELL,Welltower,Real Estate,True,False,False,230.7949981689453,705914450.0,162921524195.0,2.01,114.823,2026-08-01
WEN,Wendy's Company (The),,False,True,False,7.625,190480640.0,1452414880.0,0.78,9.776,2026-08-01
WENN,Wen Acquisition Corp,,False,True,False,10.34000015258789,,,,,2026-08-01
WERN,"Werner Enterprises, Inc.",,False,True,False,37.97999954223633,59950115.0,2276905340.0,-0.15,,2026-08-01
WEST,Westrock Coffee Company,,False,True,False,8.130000114440918,97557962.0,793146242.0,-0.74,,2026-08-01
WETH,Wetouch Technology Inc.,,False,True,False,0.9671000242233276,11931534.0,11538987.0,0.71,1.362,2026-08-01
WETO,Wetour Robotics Limited,,False,True,False,5.349999904632568,22000000.0,117699998.0,,,2026-08-01
WEYS,"Weyco Group, Inc.",,False,True,False,40.630001068115234,9532202.0,387293377.0,2.48,16.383,2026-08-01
WFC,Wells Fargo,Financials,True,False,False,88.27999877929688,3060189494.0,270153524795.0,6.47,13.645,2026-08-01
WFCF,"Where Food Comes From, Inc.",,False,True,False,12.579999923706055,5039276.0,63394092.0,0.31,40.581,2026-08-01
WFF,WF Holding Limited,,False,True,False,2.4600000381469727,5038018.0,12393524.0,,,2026-08-01
WFRD,Weatherford International plc,,False,True,False,89.50499725341797,71685443.0,6416205379.0,5.07,17.654,2026-08-01
WGS,GeneDx Holdings Corp.,,False,True,False,72.5999984741211,29822541.0,2165116431.0,-3.62,,2026-08-01
WHF,"WhiteHorse Finance, Inc.",,False,True,False,6.610000133514404,21611392.0,142851304.0,0.41,16.122,2026-08-01
WHLR,"Wheeler Real Estate Investment Trust, Inc.",,False,True,False,0.5,1042613.0,521306.0,14165.21,0.0,2026-08-01
WHWK,"Whitehawk Therapeutics, Inc.",,False,True,False,4.130000114440918,49452463.0,204238678.0,-2.48,,2026-08-01
WILC,"G. Willi-Food International,  Ltd.",,False,True,False,29.950000762939453,13930310.0,417212795.0,,,2026-08-01
WIMI,WiMi Hologram Cloud Inc.,,False,True,False,1.2699999809265137,,,,,2026-08-01
WINA,Winmark Corporation,,False,True,False,353.42999267578125,3592169.0,1269580263.0,11.01,32.101,2026-08-01
WING,Wingstop Inc.,,False,True,False,121.31999969482422,27242546.0,3305065672.0,4.24,28.613,2026-08-01
WIX,Wix.com Ltd.,,False,True,False,66.33000183105469,54989523.0,3647455161.0,,,2026-08-01
WKHS,"Workhorse Group, Inc.",,False,True,False,3.4149999618530273,10893400.0,37200961.0,-7.39,,2026-08-01
WKSP,"Worksport, Ltd.",,False,True,False,0.7049999833106995,12531540.0,8834735.0,-2.65,,2026-08-01
WLDN,"Willdan Group, Inc.",,False,True,False,76.70500183105469,15110606.0,1159059061.0,3.71,20.675,2026-08-01
WLDS,Wearable Devices Ltd.,,False,True,False,3.1500000953674316,2882802.0,9080827.0,,,2026-08-01
WLFC,Willis Lease Finance Corporation,,False,True,False,73.37999725341797,7043713.0,516867641.0,16.44,4.464,2026-08-01
WLII,Willow Lane Acquisition Corp. II,,False,True,False,10.240099906921387,,,,,2026-08-01
WLK,WESTLAKE CORP,,False,False,True,79.13999938964844,128122944.0,10139649710.0,-12.7,,2026-08-01
WLTH,Wealthfront Corporation,,False,True,False,9.795000076293945,149361216.0,1462993122.0,0.68,14.404,2026-08-01
WM,Waste Management,Industrials,True,False,True,225.25,399715184.0,90035845196.0,7.06,31.905,2026-08-01
WMB,Williams Companies,Energy,True,False,True,71.87000274658203,1223167472.0,87909049572.0,2.51,28.633,2026-08-01
WMG,Warner Music Group Corp.,,False,True,False,25.59000015258789,1069.0,27356.0,,,2026-08-01
WMT,Walmart,Consumer Staples,True,True,True,110.92500305175781,7958079155.0,882749954555.0,2.84,39.058,2026-08-01
WNEB,"Western New England Bancorp, Inc.",,False,True,False,13.600000381469727,20125203.0,273702768.0,0.89,15.281,2026-08-01
WNW,Meiwu Technology Company Limited,,False,True,False,2.5399999618530273,15643353.0,39734116.0,,,2026-08-01
WOK,WORK Medical Technology Group LTD,,False,True,False,2.180000066757202,14591942.0,31810435.0,,,2026-08-01
WOOF,"Petco Health and Wellness Company, Inc.",,False,True,False,2.8949999809265137,,,0.02,144.75,2026-08-01
WPRT,Westport Fuel Systems Inc,,False,True,False,1.7899999618530273,17375213.0,31101631.0,,,2026-08-01
WRAP,"Wrap Technologies, Inc.",,False,True,False,1.9850000143051147,55738250.0,110640427.0,-0.31,,2026-08-01
WRB,W. R. Berkley Corporation,Financials,True,False,False,71.58999633789062,371227529.0,26576177442.0,4.87,14.7,2026-08-01
WRLD,World Acceptance Corporation,,False,True,False,193.6649932861328,4640323.0,898668123.0,7.28,26.602,2026-08-01
WSBC,"WesBanco, Inc.",,False,True,False,42.380001068115234,95905889.0,4064491678.0,3.6,11.772,2026-08-01
WSBF,"Waterstone Financial, Inc.",,False,True,False,20.969999313354492,18053082.0,378573117.0,1.65,12.709,2026-08-01
WSBK,"Winchester Bancorp, Inc.",,False,True,False,13.010000228881836,9295376.0,120932844.0,,,2026-08-01
WSC,WillScot Holdings Corporation,,False,True,False,26.454999923706055,180994679.0,4788214219.0,-0.37,,2026-08-01
WSE,Wise Group plc,,False,True,False,12.380000114440918,,,,,2026-08-01
WSFS,WSFS Financial Corporation,,False,True,False,82.30999755859375,52044046.0,4283745299.0,5.61,14.672,2026-08-01
WSHP,WeShop Holdings Limited,,False,True,False,5.130000114440918,,,,,2026-08-01
WSM,"Williams-Sonoma, Inc.",Consumer Discretionary,True,False,True,248.49000549316406,117746611.0,29258856014.0,8.92,27.858,2026-08-01
WSO,WATSCO INC,,False,False,True,333.6549987792969,,,12.19,27.371,2026-08-01
WST,West Pharmaceutical Services,Health Care,True,False,False,348.05499267578125,70375762.0,24494635327.0,7.81,44.565,2026-08-01
WSTN,Westin Acquisition Corp,,False,True,False,10.140000343322754,8055000.0,81677703.0,,,2026-07-01
WTBA,West Bancorporation,,False,True,False,28.524999618530273,17043743.0,486172763.0,2.24,12.734,2026-08-01
WTF,Waton Financial Limited,,False,True,False,2.990000009536743,48237472.0,144230042.0,,,2026-08-01
WTFC,Wintrust Financial Corporation,,False,True,False,163.7100067138672,67447756.0,11041872588.0,11.93,13.723,2026-08-01
WTG,Wintergreen Acquisition Corp.,,False,True,False,10.470000267028809,1708575.0,17888781.0,,,2026-08-01
WTW,Willis Towers Watson,Financials,True,True,False,336.9849853515625,92871937.0,31296448330.0,16.14,20.879,2026-08-01
WULF,TeraWulf Inc.,,False,True,False,18.979999542236328,495532645.0,9405209375.0,-2.51,,2026-08-01
WVE,Wave Life Sciences Ltd.,,False,True,False,5.954999923706055,197048175.0,1173421867.0,-1.08,,2026-08-01
WVVI,"Willamette Valley Vineyards, Inc.",,False,True,False,2.619999885559082,4979529.0,13046365.0,,,2026-08-01
WW,"WW International, Inc.",,False,True,False,16.100000381469727,9998760.0,160980040.0,2.8,5.75,2026-08-01
WWD,"Woodward, Inc.",,False,True,False,374.8999938964844,59045820.0,22136277558.0,8.99,41.702,2026-08-01
WXM,WF International Limited,,False,True,False,3.370500087738037,6900000.0,23256451.0,,,2026-08-01
WY,Weyerhaeuser,Real Estate,True,False,True,25.674999237060547,720736000.0,18504896250.0,0.67,38.321,2026-08-01
WYFI,"WhiteFiber, Inc.",,False,True,False,26.895000457763672,38614216.0,1038529357.0,-0.74,,2026-08-01
WYNN,Wynn Resorts,Consumer Discretionary,True,True,False,97.30500030517578,103786729.0,10098967697.0,3.49,27.881,2026-08-01
XAIR,"Beyond Air, Inc.",,False,True,False,6.534999847412109,14410621.0,94173406.0,-4.01,,2026-08-01
XBIO,"Xenetic Biosciences, Inc.",,False,True,False,2.765000104904175,2291056.0,6334770.0,-1.19,,2026-08-01
XBIT,XBiotech Inc.,,False,True,False,2.259999990463257,30487731.0,68902272.0,,,2026-08-01
XBP,"XBP Global Holdings, Inc.",,False,True,False,2.907099962234497,11768050.0,34210898.0,-1.88,,2026-08-01
XCBE,X3 Acquisition Corp. Ltd.,,False,True,False,9.960000038146973,,,,,2026-08-01
XCH,XCHG Limited,,False,True,False,0.47749999165534973,,,,,2026-08-01
XCUR,"Exicure, Inc.",,False,True,False,1.6299999952316284,6373937.0,10389517.0,-1.57,,2026-08-01
XE,"X-Energy, Inc.",,False,True,False,18.479999542236328,,,,,2026-08-01
XEL,Xcel Energy,Utilities,True,True,True,77.69000244140625,624634306.0,48527840758.0,3.65,21.285,2026-08-01
XELB,"Xcel Brands, Inc",,False,True,False,1.149999976158142,6048621.0,6955914.0,-4.32,,2026-08-01
XENE,Xenon Pharmaceuticals Inc.,,False,True,False,64.1500015258789,96665550.0,6201095180.0,-4.7,,2026-08-01
XERS,"Xeris Biopharma Holdings, Inc.",,False,True,False,8.180000305175781,172642055.0,1412212063.0,0.07,116.857,2026-08-01
XFOR,"X4 Pharmaceuticals, Inc.",,False,True,False,4.324999809265137,94319696.0,407932667.0,-2.07,,2026-08-01
XGN,Exagen Inc.,,False,True,False,6.480000019073486,24225339.0,156980197.0,-0.82,,2026-08-01
XHLD,"TEN Holdings, Inc.",,False,True,False,0.925000011920929,3977443.0,3679135.0,-6.63,,2026-08-01
XLO,"Xilio Therapeutics, Inc.",,False,True,False,9.199999809265137,5782511.0,53199100.0,-2.28,,2026-08-01
XMAX,"XMAX, Inc.",,False,True,False,9.079999923706055,63602326.0,577509115.0,-0.14,,2026-08-01
XMTR,"Xometry, Inc.",,False,True,False,92.24500274658203,46123556.0,4254667550.0,-1.56,,2026-08-01
XNCR,"Xencor, Inc.",,False,True,False,20.010000228881836,74141596.0,1483573353.0,-2.29,,2026-08-01
XNDU,Xanadu Quantum Technologies Limited,,False,True,False,11.663700103759766,,,,,2026-08-01
XOM,ExxonMobil,Energy,True,False,False,154.6750030517578,4111911960.0,636009994962.0,7.78,19.881,2026-08-01
XOS,"Xos, Inc.",,False,True,False,2.5833001136779785,12122736.0,31316665.0,-1.88,,2026-08-01
XP,XP Inc.,,False,True,False,17.155000686645508,,,,,2026-08-01
XPEL,"XPEL, Inc.",,False,True,False,45.8650016784668,27560985.0,1264084623.0,1.91,24.013,2026-08-01
XPO,"XPO, Inc.",,False,False,True,201.89500427246094,117086465.0,23639172351.0,3.38,59.732,2026-08-01
XPON,Expion360 Inc.,,False,True,False,3.3299999237060547,11438298.0,38089531.0,-0.93,,2026-08-01
XRAY,DENTSPLY SIRONA Inc.,,False,True,False,14.170000076293945,200326683.0,2838629113.0,-3.15,,2026-08-01
XRPN,Armada Acquisition Corp. II,,False,True,False,10.454999923706055,,,,,2026-08-01
XRTX,XORTX Therapeutics Inc.,,False,True,False,2.119999885559082,12989678.0,27538116.0,,,2026-08-01
XRX,Xerox Holdings Corporation,,False,True,False,3.180000066757202,130779611.0,415879172.0,-8.34,,2026-08-01
XSLL,Xsolla SPAC 1,,False,True,False,9.90999984741211,,,,,2026-07-01
XTIA,"XTI Aerospace, Inc. Common Stock",,False,True,False,1.5388000011444092,38477789.0,59209622.0,-1.44,,2026-08-01
XWEL,"XWELL, Inc.",,False,True,False,1.0499999523162842,8444266.0,8866479.0,-5.59,,2026-08-01
XXII,"22nd Century Group, Inc",,False,True,False,4.219600200653076,4455649.0,18801057.0,767.48,0.005,2026-08-01
XYL,Xylem Inc.,Industrials,True,False,False,120.98999786376953,233486812.0,28249568885.0,4.2,28.807,2026-08-01
XYZ,"Block, Inc.",Financials,True,False,True,84.23999786376953,,,1.28,65.812,2026-08-01
YAAS,Youxin Technology Ltd,,False,True,False,2.259999990463257,2325550.0,5255743.0,,,2026-08-01
YARW,"Yarrow Bioscience, Inc.",,False,True,False,37.98099899291992,,,,,2026-08-01
YDDL,One and One Green Technologies. INC,,False,True,False,1.7999999523162842,,,,,2026-08-01
YDES,YD Bio Limited,,False,True,False,2.309999942779541,70789261.0,163523189.0,,,2026-08-01
YDKG,Yueda Digital Holding,,False,True,False,1.0700000524520874,5529189.0,5916233.0,,,2026-08-01
YHC,LQR House Inc.,,False,True,False,1.8600000143051147,21371656.0,39751280.0,0.3,6.2,2026-08-01
YHGJ,Yunhong Green CTI Ltd.,,False,True,False,2.7200000286102295,2609244.0,7097144.0,-0.98,,2026-08-01
YHNA,YHN Acquisition I Limited,,False,True,False,10.9399995803833,4285821.0,46886880.0,,,2026-08-01
YIBO,Planet Image International Limited,,False,True,False,1.1699999570846558,,,,,2026-08-01
YICC,Yorkville International Capital Corp.,,False,True,False,9.9399995803833,,,,,2026-07-30
YJ,Yunji Inc.,,False,True,False,1.230299949645996,,,,,2026-08-01
YMAT,"J-Star Holding Co., Ltd.",,False,True,False,2.0000998973846436,13953333.0,27908060.0,,,2026-08-01
YORW,The York Water Company,,False,True,False,30.770000457763672,16209339.0,498761368.0,1.47,20.932,2026-08-01
YSWY,"Yesway, Inc.",,False,True,False,21.969999313354492,,,,,2026-08-01
YSXT,"YSX Tech. Co., Ltd",,False,True,False,0.9050999879837036,,,,,2026-08-01
YTRA,"Yatra Online, Inc.",,False,True,False,0.8550000190734863,,,,,2026-08-01
YUM,Yum! Brands,Consumer Discretionary,True,False,False,147.90499877929688,275621202.0,40765753545.0,6.2,23.856,2026-08-01
YUMC,"Yum China Holdings, Inc.",,False,False,True,47.77000045776367,349147371.0,16678770072.0,2.61,18.303,2026-08-01
YXT,YXT.COM GROUP HOLDING LIMITED,,False,True,False,2.5999999046325684,178456987.0,463988149.0,,,2026-08-01
YYAI,AiRWA Inc.,,False,True,False,0.11540000140666962,42095538.0,4857825.0,4.92,0.023,2026-08-01
YYGH,YY Group Holding Limited,,False,True,False,1.2300000190734863,33300000.0,40959001.0,,,2026-08-01
Z,"Zillow Group, Inc.",,False,True,False,35.939998626708984,,,0.25,143.76,2026-08-01
ZBAO,Zhibao Technology Inc.,,False,True,False,0.258899986743927,,,,,2026-08-01
ZBH,Zimmer Biomet,Health Care,True,False,False,96.3949966430664,193462482.0,18648815303.0,3.86,24.973,2026-08-01
ZBIO,"Zenas BioPharma, Inc.",,False,True,False,31.239999771118164,63133377.0,1972286683.0,-9.1,,2026-08-01
ZBRA,Zebra Technologies,Information Technology,True,True,False,361.739990234375,47633392.0,17230902757.0,8.28,43.688,2026-08-01
ZCMD,Zhongchao Inc.,,False,True,False,1.0600999593734741,,,,,2026-08-01
ZD,"Ziff Davis, Inc.",,False,True,False,54.814998626708984,36835400.0,2019132400.0,1.17,46.85,2026-08-01
ZDAI,"DirectBooking Technology Co., Ltd.",,False,True,False,1.6699999570846558,26400000.0,44087999.0,,,2026-08-01
ZENA,"ZenaTech, Inc.",,False,True,False,1.3300000429153442,48020885.0,63867779.0,,,2026-08-01
ZEO,Zeo Energy Corporation,,False,True,False,0.5612000226974487,,,0.58,0.968,2026-08-01
ZG,"Zillow Group, Inc.",,False,True,False,36.650001525878906,,,0.25,146.6,2026-08-01
ZION,Zions Bancorporation N.A.,,False,True,False,72.23999786376953,147091817.0,10625912546.0,6.43,11.235,2026-08-01
ZJK,"ZJK Industrial Co., Ltd.",,False,True,False,1.6100000143051147,63822249.0,102753822.0,,,2026-08-01
ZJYL,JIN MEDICAL INTERNATIONAL LTD.,,False,True,False,1.940000057220459,156547100.0,303701383.0,,,2026-08-01
ZKIN,"ZK International Group Co., Ltd",,False,True,False,1.159999966621399,6612308.0,7670277.0,,,2026-08-01
ZKP,Lafayette Digital Acquisition Corp. I,,False,True,False,9.98009967803955,,,,,2026-08-01
ZM,"Zoom Communications, Inc.",,False,True,False,101.8499984741211,,,6.79,15.0,2026-08-01
ZNB,Zeta Network Group,,False,True,False,2.7100000381469727,16191012.0,43877643.0,,,2026-08-01
ZNTL,"Zentalis Pharmaceuticals, Inc.",,False,True,False,4.835000038146973,71186348.0,344185995.0,-1.74,,2026-08-01
ZOOZ,ZOOZ Strategy Ltd.,,False,True,False,5.244999885559082,161995282.0,849665236.0,,,2026-08-01
ZS,"Zscaler, Inc.",,False,True,False,162.52999877929688,161709525.0,26282648901.0,-0.48,,2026-08-01
ZSQR,Z Squared Inc.,,False,True,False,4.369200229644775,51431493.0,224714491.0,-2.36,,2026-08-01
ZSTK,ZeroStack Corp.,,False,True,False,1.940000057220459,17489828.0,33930267.0,-43.83,,2026-08-01
ZTEK,Zentek Ltd.,,False,True,False,0.6310999989509583,104390928.0,65881115.0,,,2026-08-01
ZTG,Zenta Group Company Limited,,False,True,False,5.519999980926514,11583839.0,63942791.0,,,2026-08-01
ZTS,Zoetis,Health Care,True,False,True,75.94999694824219,419228118.0,31840374283.0,6.1,12.451,2026-08-01
ZUMZ,Zumiez Inc.,,False,True,False,20.219999313354492,16872215.0,341156176.0,0.75,26.96,2026-08-01
ZURA,Zura Bio Limited,,False,True,False,5.710000038146973,94997710.0,542436928.0,-1.09,,2026-08-01
ZVRA,"Zevra Therapeutics, Inc.",,False,True,False,10.3100004196167,59115084.0,609476541.0,2.01,5.129,2026-08-01
ZYBT,Zhengye Biotechnology Holding Limited,,False,True,False,1.225000023841858,47391376.0,58054437.0,,,2026-08-01
ZYME,Zymeworks Inc.,,False,True,False,22.614999771118164,73023061.0,1651416508.0,-1.37,,2026-08-01
