ticker,company,period_end,fiscal_quarter,currency,revenue,gross_profit,ebit,ebitda,net_income,eps_diluted,gross_margin_pct,ebit_margin_pct,ebitda_margin_pct,net_margin_pct,period_start,period_type,q4_derived,source
AAPL,Apple Inc.,2020-09-26,FY2020-Q4,USD,64698000000.0,24689000000.0,14775000000.0,17477000000.0,12673000000.0,0.73,38.16,22.837,27.013,19.588,2020-06-28,Q,True,SEC XBRL
AAPL,Apple Inc.,2020-12-26,FY2021-Q1,USD,111439000000.0,44328000000.0,33534000000.0,36200000000.0,28755000000.0,1.68,39.778,30.092,32.484,25.803,2020-09-27,Q,False,SEC XBRL
AAPL,Apple Inc.,2021-03-27,FY2021-Q2,USD,89584000000.0,38079000000.0,27503000000.0,30300000000.0,23630000000.0,1.4,42.506,30.701,33.823,26.377,2020-12-27,Q,False,SEC XBRL
AAPL,Apple Inc.,2021-06-26,FY2021-Q3,USD,81434000000.0,35255000000.0,24126000000.0,26958000000.0,21744000000.0,1.3,43.293,29.626,33.104,26.701,2021-03-28,Q,False,SEC XBRL
AAPL,Apple Inc.,2021-09-25,FY2021-Q4,USD,83360000000.0,35174000000.0,23786000000.0,26775000000.0,20551000000.0,1.2300000000000004,42.195,28.534,32.12,24.653,2021-06-26,Q,True,SEC XBRL
AAPL,Apple Inc.,2021-12-25,FY2022-Q1,USD,123945000000.0,54243000000.0,41488000000.0,44185000000.0,34630000000.0,2.1,43.764,33.473,35.649,27.94,2021-09-26,Q,False,SEC XBRL
AAPL,Apple Inc.,2022-03-26,FY2022-Q2,USD,97278000000.0,42559000000.0,29979000000.0,32716000000.0,25010000000.0,1.52,43.75,30.818,33.631,25.71,2021-12-26,Q,False,SEC XBRL
AAPL,Apple Inc.,2022-06-25,FY2022-Q3,USD,82959000000.0,35885000000.0,23076000000.0,25881000000.0,19442000000.0,1.2,43.256,27.816,31.197,23.436,2022-03-27,Q,False,SEC XBRL
AAPL,Apple Inc.,2022-09-24,FY2022-Q4,USD,90146000000.0,38095000000.0,24894000000.0,27759000000.0,20721000000.0,1.29,42.259,27.615,30.793,22.986,2022-06-25,Q,True,SEC XBRL
AAPL,Apple Inc.,2022-12-31,FY2023-Q1,USD,117154000000.0,50332000000.0,36016000000.0,38932000000.0,29998000000.0,1.88,42.962,30.742,33.231,25.606,2022-09-25,Q,False,SEC XBRL
AAPL,Apple Inc.,2023-04-01,FY2023-Q2,USD,94836000000.0,41976000000.0,28318000000.0,31216000000.0,24160000000.0,1.52,44.262,29.86,32.916,25.476,2023-01-01,Q,False,SEC XBRL
AAPL,Apple Inc.,2023-07-01,FY2023-Q3,USD,81797000000.0,36413000000.0,22998000000.0,26050000000.0,19881000000.0,1.26,44.516,28.116,31.847,24.305,2023-04-02,Q,False,SEC XBRL
AAPL,Apple Inc.,2023-09-30,FY2023-Q4,USD,89498000000.0,40427000000.0,26969000000.0,29622000000.0,22956000000.0,1.4699999999999998,45.171,30.134,33.098,25.65,2023-07-01,Q,True,SEC XBRL
AAPL,Apple Inc.,2023-12-30,FY2024-Q1,USD,119575000000.0,54855000000.0,40373000000.0,43221000000.0,33916000000.0,2.18,45.875,33.764,36.146,28.364,2023-10-01,Q,False,SEC XBRL
AAPL,Apple Inc.,2024-03-30,FY2024-Q2,USD,90753000000.0,42271000000.0,27900000000.0,30736000000.0,23636000000.0,1.53,46.578,30.743,33.868,26.044,2023-12-31,Q,False,SEC XBRL
AAPL,Apple Inc.,2024-06-29,FY2024-Q3,USD,85777000000.0,39678000000.0,25352000000.0,28202000000.0,21448000000.0,1.4,46.257,29.556,32.878,25.004,2024-03-31,Q,False,SEC XBRL
AAPL,Apple Inc.,2024-09-28,FY2024-Q4,USD,94930000000.0,43879000000.0,29591000000.0,32502000000.0,14736000000.0,0.9700000000000006,46.222,31.171,34.238,15.523,2024-06-29,Q,True,SEC XBRL
AAPL,Apple Inc.,2024-12-28,FY2025-Q1,USD,124300000000.0,58275000000.0,42832000000.0,45912000000.0,36330000000.0,2.4,46.883,34.459,36.936,29.228,2024-09-29,Q,False,SEC XBRL
AAPL,Apple Inc.,2025-03-29,FY2025-Q2,USD,95359000000.0,44867000000.0,29589000000.0,32250000000.0,24780000000.0,1.65,47.051,31.029,33.82,25.986,2024-12-29,Q,False,SEC XBRL
AAPL,Apple Inc.,2025-06-28,FY2025-Q3,USD,94036000000.0,43718000000.0,28202000000.0,31032000000.0,23434000000.0,1.57,46.491,29.991,33.0,24.92,2025-03-30,Q,False,SEC XBRL
AAPL,Apple Inc.,2025-09-27,FY2025-Q4,USD,102466000000.0,48341000000.0,32427000000.0,35554000000.0,27466000000.0,1.84,47.178,31.647,34.698,26.805,2025-06-28,Q,True,SEC XBRL
AAPL,Apple Inc.,2025-12-27,FY2026-Q1,USD,143756000000.0,69231000000.0,50852000000.0,54066000000.0,42097000000.0,2.84,48.159,35.374,37.61,29.284,2025-09-28,Q,False,SEC XBRL
AAPL,Apple Inc.,2026-03-28,FY2026-Q2,USD,111184000000.0,54781000000.0,35885000000.0,39324000000.0,29578000000.0,2.01,49.271,32.275,35.368,26.603,2025-12-28,Q,False,SEC XBRL
AAPL,Apple Inc.,2026-06-27,FY2026-Q3,USD,109417000000.0,54770000000.0,35695000000.0,39015000000.0,29789000000.0,2.02,50.056,32.623,35.657,27.225,2026-03-29,Q,False,SEC XBRL
ABEO,Abeona Therapeutics Inc.,2020-09-30,FY2020-Q3,USD,7000000.0,,-6248000.0,-5401000.0,-7237000.0,,,-89.257,-77.157,-103.386,2020-07-01,Q,False,SEC XBRL
ABEO,Abeona Therapeutics Inc.,2020-12-31,FY2020-Q4,USD,,,-14480000.0,-13640000.0,-15828000.0,,,,,,2020-09-30,Q,True,SEC XBRL
ABEO,Abeona Therapeutics Inc.,2021-03-31,FY2021-Q1,USD,,,-14597000.0,-13780000.0,-16002000.0,,,,,,2021-01-01,Q,False,SEC XBRL
ABEO,Abeona Therapeutics Inc.,2021-06-30,FY2021-Q2,USD,,,-13715000.0,-12891000.0,-15207000.0,,,,,,2021-04-01,Q,False,SEC XBRL
ABEO,Abeona Therapeutics Inc.,2021-09-30,FY2021-Q3,USD,,,-14872000.0,-14070000.0,-7044000.0,,,,,,2021-07-01,Q,False,SEC XBRL
ABEO,Abeona Therapeutics Inc.,2021-12-31,FY2021-Q4,USD,,,-46652000.0,-45845000.0,-46683000.0,,,,,,2021-09-30,Q,True,SEC XBRL
ABEO,Abeona Therapeutics Inc.,2022-03-31,FY2022-Q1,USD,346000.0,,-20591000.0,-19780000.0,-22044000.0,,,-5951.156,-5716.763,-6371.098,2022-01-01,Q,False,SEC XBRL
ABEO,Abeona Therapeutics Inc.,2022-06-30,FY2022-Q2,USD,1000000.0,,-8008000.0,-7235000.0,-4097000.0,1.36,,-800.8,-723.5,-409.7,2022-04-01,Q,False,SEC XBRL
ABEO,Abeona Therapeutics Inc.,2022-09-30,FY2022-Q3,USD,,,-9380000.0,-8580000.0,-6434000.0,-1.0,,,,,2022-07-01,Q,False,SEC XBRL
ABEO,Abeona Therapeutics Inc.,2022-12-31,FY2022-Q4,USD,,,-12936000.0,-12207000.0,-7121000.0,,,,,,2022-09-30,Q,True,SEC XBRL
ABEO,Abeona Therapeutics Inc.,2023-03-31,FY2023-Q1,USD,,,-12038000.0,-11377000.0,-9107000.0,-0.54,,,,,2023-01-01,Q,False,SEC XBRL
ABEO,Abeona Therapeutics Inc.,2023-06-30,FY2023-Q2,USD,3500000.0,,-10554000.0,-9939000.0,-16654000.0,-0.92,,-301.543,-283.971,-475.829,2023-04-01,Q,False,SEC XBRL
ABEO,Abeona Therapeutics Inc.,2023-09-30,FY2023-Q3,USD,,,-11334000.0,-10834000.0,-11836000.0,-0.48,,,,,2023-07-01,Q,False,SEC XBRL
ABEO,Abeona Therapeutics Inc.,2023-12-31,FY2023-Q4,USD,,,-13209000.0,-12718000.0,-16591000.0,-0.5899999999999999,,,,,2023-09-30,Q,True,SEC XBRL
ABEO,Abeona Therapeutics Inc.,2024-03-31,FY2024-Q1,USD,,,-14330000.0,-13839000.0,-31578000.0,-1.16,,,,,2024-01-01,Q,False,SEC XBRL
ABEO,Abeona Therapeutics Inc.,2024-06-30,FY2024-Q2,USD,,,-17864000.0,-17377000.0,7406000.0,-0.26,,,,,2024-04-01,Q,False,SEC XBRL
ABEO,Abeona Therapeutics Inc.,2024-09-30,FY2024-Q3,USD,,,-15345000.0,-14845000.0,-30269000.0,-0.63,,,,,2024-07-01,Q,False,SEC XBRL
ABEO,Abeona Therapeutics Inc.,2024-12-31,FY2024-Q4,USD,,,-16672000.0,-16133000.0,-9293000.0,0.4999999999999998,,,,,2024-09-30,Q,True,SEC XBRL
ABEO,Abeona Therapeutics Inc.,2025-03-31,FY2025-Q1,USD,,,-19727000.0,-19193000.0,-12029000.0,-0.24,,,,,2025-01-01,Q,False,SEC XBRL
ABEO,Abeona Therapeutics Inc.,2025-06-30,FY2025-Q2,USD,400000.0,,-22792000.0,-22248000.0,108833000.0,1.71,,-5698.0,-5562.0,27208.25,2025-04-01,Q,False,SEC XBRL
ABEO,Abeona Therapeutics Inc.,2025-09-30,FY2025-Q3,USD,,,-24018000.0,-23418000.0,-5161000.0,-0.1,,,,,2025-07-01,Q,False,SEC XBRL
ABEO,Abeona Therapeutics Inc.,2025-12-31,FY2025-Q4,USD,,,-22911000.0,-22048000.0,-20460000.0,-0.3599999999999999,,,,,2025-09-30,Q,True,SEC XBRL
ABEO,Abeona Therapeutics Inc.,2026-03-31,FY2026-Q1,USD,8720000.0,,-23033000.0,-22343000.0,-17075000.0,-0.3,,-264.14,-256.227,-195.814,2026-01-01,Q,False,SEC XBRL
ACNT,Ascent Industries Co.,2020-09-30,FY2020-Q3,USD,59266000.0,4995000.0,-12574000.0,,-10539000.0,-1.16,8.428,-21.216,,-17.783,2020-07-01,Q,False,SEC XBRL
ACNT,Ascent Industries Co.,2020-12-31,FY2020-Q4,USD,55901000.0,6145000.0,-6892000.0,,-8593000.0,-0.92,10.993,-12.329,,-15.372,2020-09-30,Q,True,SEC XBRL
ACNT,Ascent Industries Co.,2021-03-31,FY2021-Q1,USD,69778000.0,8735000.0,2105000.0,,1094000.0,0.12,12.518,3.017,,1.568,2021-01-01,Q,False,SEC XBRL
ACNT,Ascent Industries Co.,2021-06-30,FY2021-Q2,USD,83087000.0,14087000.0,4054000.0,,2886000.0,0.31,16.955,4.879,,3.473,2021-04-01,Q,False,SEC XBRL
ACNT,Ascent Industries Co.,2021-09-30,FY2021-Q3,USD,86182000.0,18006000.0,10697000.0,,8199000.0,0.87,20.893,12.412,,9.514,2021-07-01,Q,False,SEC XBRL
ACNT,Ascent Industries Co.,2021-12-31,FY2021-Q4,USD,95668000.0,19938000.0,10492000.0,,8066000.0,0.8400000000000001,20.841,10.967,,8.431,2021-09-30,Q,True,SEC XBRL
ACNT,Ascent Industries Co.,2022-03-31,FY2022-Q1,USD,71238000.0,15791000.0,13217000.0,,10258000.0,0.99,22.167,18.553,,14.4,2022-01-01,Q,False,SEC XBRL
ACNT,Ascent Industries Co.,2022-06-30,FY2022-Q2,USD,72443000.0,14350000.0,11905000.0,,11057000.0,1.06,19.809,16.434,,15.263,2022-04-01,Q,False,SEC XBRL
ACNT,Ascent Industries Co.,2022-09-30,FY2022-Q3,USD,64132000.0,8257000.0,4685000.0,,624000.0,0.06,12.875,7.305,,0.973,2022-07-01,Q,False,SEC XBRL
ACNT,Ascent Industries Co.,2022-12-31,FY2022-Q4,USD,54180000.0,4889000.0,-15264000.0,,127000.0,0.01,9.024,-28.173,,0.234,2022-10-01,Q,True,SEC XBRL
ACNT,Ascent Industries Co.,2023-03-31,FY2023-Q1,USD,54860000.0,1466000.0,-6383000.0,,-5199000.0,-0.51,2.672,-11.635,,-9.477,2023-01-01,Q,False,SEC XBRL
ACNT,Ascent Industries Co.,2023-06-30,FY2023-Q2,USD,50355000.0,-777000.0,-6949000.0,,-14636000.0,-1.44,-1.543,-13.8,,-29.066,2023-04-01,Q,False,SEC XBRL
ACNT,Ascent Industries Co.,2023-09-30,FY2023-Q3,USD,46747000.0,2984000.0,-15092000.0,,-17932000.0,-1.77,6.383,-32.284,,-38.36,2023-07-01,Q,False,SEC XBRL
ACNT,Ascent Industries Co.,2023-12-31,FY2023-Q4,USD,41216000.0,-2148000.0,-9006000.0,,11139000.0,1.07,-5.212,-21.851,,27.026,2023-10-01,Q,True,SEC XBRL
ACNT,Ascent Industries Co.,2024-03-31,FY2024-Q1,USD,27952000.0,2325000.0,-4343000.0,,-5493000.0,-0.54,8.318,-15.537,,-19.652,2024-01-01,Q,False,SEC XBRL
ACNT,Ascent Industries Co.,2024-06-30,FY2024-Q2,USD,21468000.0,2813000.0,-1843000.0,,-926000.0,-0.09,13.103,-8.585,,-4.313,2024-04-01,Q,False,SEC XBRL
ACNT,Ascent Industries Co.,2024-09-30,FY2024-Q3,USD,20878000.0,3008000.0,-1961000.0,,-6152000.0,-0.61,14.408,-9.393,,-29.466,2024-07-01,Q,False,SEC XBRL
ACNT,Ascent Industries Co.,2024-12-31,FY2024-Q4,USD,10465000.0,2546000.0,-2655000.0,,-1027000.0,-0.1100000000000001,24.329,-25.37,,-9.814,2024-09-30,Q,True,SEC XBRL
ACNT,Ascent Industries Co.,2025-03-31,FY2025-Q1,USD,17835000.0,3068000.0,-2040000.0,-1804000.0,-2293000.0,-0.23,17.202,-11.438,-10.115,-12.857,2025-01-01,Q,False,SEC XBRL
ACNT,Ascent Industries Co.,2025-06-30,FY2025-Q2,USD,18652000.0,4866000.0,-2687000.0,,6286000.0,0.65,26.088,-14.406,,33.701,2025-04-01,Q,False,SEC XBRL
ACNT,Ascent Industries Co.,2025-09-30,FY2025-Q3,USD,19697000.0,5841000.0,-810000.0,,-2087000.0,-0.22,29.654,-4.112,,-10.596,2025-07-01,Q,False,SEC XBRL
ACNT,Ascent Industries Co.,2025-12-31,FY2025-Q4,USD,18758000.0,3437000.0,-1490000.0,,-1039000.0,-0.11,18.323,-7.943,,-5.539,2025-09-30,Q,True,SEC XBRL
ACNT,Ascent Industries Co.,2026-03-31,FY2026-Q1,USD,19415000.0,2811000.0,-2376000.0,-2126000.0,-1980000.0,-0.21,14.478,-12.238,-10.95,-10.198,2026-01-01,Q,False,SEC XBRL
ALLO,"Allogene Therapeutics, Inc.",2020-09-30,FY2020-Q3,USD,0.0,,-68040000.0,,-66197000.0,-0.52,,,,,2020-07-01,Q,False,SEC XBRL
ALLO,"Allogene Therapeutics, Inc.",2020-12-31,FY2020-Q4,USD,0.0,,-69362000.0,,-134730000.0,,,,,,2020-09-30,Q,True,SEC XBRL
ALLO,"Allogene Therapeutics, Inc.",2021-03-31,FY2021-Q1,USD,38345000.0,,-33201000.0,,-33015000.0,-0.25,,-86.585,,-86.1,2021-01-01,Q,False,SEC XBRL
ALLO,"Allogene Therapeutics, Inc.",2021-06-30,FY2021-Q2,USD,44000.0,,-71029000.0,,-70936000.0,-0.53,,-161429.545,,-161218.182,2021-04-01,Q,False,SEC XBRL
ALLO,"Allogene Therapeutics, Inc.",2021-09-30,FY2021-Q3,USD,49000.0,,-77670000.0,,-78186000.0,-0.57,,-158510.204,,-159563.265,2021-07-01,Q,False,SEC XBRL
ALLO,"Allogene Therapeutics, Inc.",2021-12-31,FY2021-Q4,USD,75651000.0,,1708000.0,,86000.0,0.01,,2.258,,0.114,2021-09-30,Q,True,SEC XBRL
ALLO,"Allogene Therapeutics, Inc.",2022-03-31,FY2022-Q1,USD,39000.0,,-80014000.0,,-78607000.0,-0.56,,-205164.103,,-201556.41,2022-01-01,Q,False,SEC XBRL
ALLO,"Allogene Therapeutics, Inc.",2022-06-30,FY2022-Q2,USD,64000.0,,-76616000.0,,-80290000.0,-0.56,,-119712.5,,-125453.125,2022-04-01,Q,False,SEC XBRL
ALLO,"Allogene Therapeutics, Inc.",2022-09-30,FY2022-Q3,USD,27000.0,,-82511000.0,,-84242000.0,-0.59,,-305596.296,,-312007.407,2022-07-01,Q,False,SEC XBRL
ALLO,"Allogene Therapeutics, Inc.",2022-12-31,FY2022-Q4,USD,26000.0,,-96395000.0,,-97275000.0,-0.6699999999999999,,-370750.0,,-374134.615,2022-09-30,Q,True,SEC XBRL
ALLO,"Allogene Therapeutics, Inc.",2023-03-31,FY2023-Q1,USD,30000.0,,-99092000.0,,-99968000.0,-0.69,,-330306.667,,-333226.667,2023-01-01,Q,False,SEC XBRL
ALLO,"Allogene Therapeutics, Inc.",2023-06-30,FY2023-Q2,USD,22000.0,,-80540000.0,,-79232000.0,-0.54,,-366090.909,,-360145.455,2023-04-01,Q,False,SEC XBRL
ALLO,"Allogene Therapeutics, Inc.",2023-09-30,FY2023-Q3,USD,22000.0,,-62996000.0,-59424000.0,-62287000.0,-0.37,,-286345.455,-270109.091,-283122.727,2023-07-01,Q,False,SEC XBRL
ALLO,"Allogene Therapeutics, Inc.",2023-12-31,FY2023-Q4,USD,21000.0,,-85109000.0,-81632000.0,-85778000.0,-0.4899999999999997,,-405280.952,-388723.81,-408466.667,2023-09-30,Q,True,SEC XBRL
ALLO,"Allogene Therapeutics, Inc.",2024-03-31,FY2024-Q1,USD,22000.0,,-69504000.0,-65949000.0,-65000000.0,-0.38,,-315927.273,-299768.182,-295454.545,2024-01-01,Q,False,SEC XBRL
ALLO,"Allogene Therapeutics, Inc.",2024-06-30,FY2024-Q2,USD,0.0,,-71431000.0,-67787000.0,-66358000.0,-0.35,,,,,2024-04-01,Q,False,SEC XBRL
ALLO,"Allogene Therapeutics, Inc.",2024-09-30,FY2024-Q3,USD,0.0,,-71774000.0,-68567000.0,-66293000.0,-0.32,,,,,2024-07-01,Q,False,SEC XBRL
ALLO,"Allogene Therapeutics, Inc.",2024-12-31,FY2024-Q4,USD,0.0,,-60490000.0,-57257000.0,-59939000.0,-0.27,,,,,2024-09-30,Q,True,SEC XBRL
ALLO,"Allogene Therapeutics, Inc.",2025-03-31,FY2025-Q1,USD,0.0,,-65191000.0,-62092000.0,-59733000.0,-0.28,,,,,2025-01-01,Q,False,SEC XBRL
ALLO,"Allogene Therapeutics, Inc.",2025-06-30,FY2025-Q2,USD,0.0,,-56819000.0,-53713000.0,-50943000.0,-0.23,,,,,2025-04-01,Q,False,SEC XBRL
ALLO,"Allogene Therapeutics, Inc.",2025-09-30,FY2025-Q3,USD,0.0,,-44901000.0,-41804000.0,-41400000.0,-0.19,,,,,2025-07-01,Q,False,SEC XBRL
ALLO,"Allogene Therapeutics, Inc.",2025-12-31,FY2025-Q4,USD,0.0,,-42404000.0,-39347000.0,-38810000.0,-0.17,,,,,2025-09-30,Q,True,SEC XBRL
ALLO,"Allogene Therapeutics, Inc.",2026-03-31,FY2026-Q1,USD,,,-46092000.0,-43223000.0,-42607000.0,-0.18,,,,,2026-01-01,Q,False,SEC XBRL
AMT,American Tower,2020-09-30,FY2020-Q3,USD,2012900000.0,,785100000.0,1259000000.0,464400000.0,1.04,,39.003,62.547,23.071,2020-07-01,Q,False,SEC XBRL
AMT,American Tower,2020-12-31,FY2020-Q4,USD,2122500000.0,,674300000.0,1155500000.0,365100000.0,0.8199999999999998,,31.769,54.441,17.201,2020-09-30,Q,True,SEC XBRL
AMT,American Tower,2021-03-31,FY2021-Q1,USD,2158500000.0,,828700000.0,1351200000.0,645000000.0,1.45,,38.392,62.599,29.882,2021-01-01,Q,False,SEC XBRL
AMT,American Tower,2021-06-30,FY2021-Q2,USD,2298900000.0,,849200000.0,1404000000.0,746300000.0,1.65,,36.939,61.073,32.463,2021-04-01,Q,False,SEC XBRL
AMT,American Tower,2021-09-30,FY2021-Q3,USD,2454300000.0,,827500000.0,1438900000.0,723000000.0,1.58,,33.716,58.628,29.459,2021-07-01,Q,False,SEC XBRL
AMT,American Tower,2021-12-31,FY2021-Q4,USD,2445200000.0,,626600000.0,1270500000.0,441200000.0,0.9800000000000004,,25.626,51.959,18.044,2021-09-30,Q,True,SEC XBRL
AMT,American Tower,2022-03-31,FY2022-Q1,USD,2660300000.0,,725100000.0,1540900000.0,711700000.0,1.56,,27.256,57.922,26.753,2022-01-01,Q,False,SEC XBRL
AMT,American Tower,2022-06-30,FY2022-Q2,USD,2674300000.0,,782300000.0,1608800000.0,898200000.0,1.95,,29.253,60.158,33.586,2022-04-01,Q,False,SEC XBRL
AMT,American Tower,2022-09-30,FY2022-Q3,USD,2671500000.0,,652900000.0,1551000000.0,839700000.0,1.8,,24.439,58.057,31.432,2022-07-01,Q,False,SEC XBRL
AMT,American Tower,2022-12-31,FY2022-Q4,USD,1639300000.0,,578300000.0,1202800000.0,-716600000.0,-1.4899999999999998,,35.277,73.373,-43.714,2022-09-30,Q,True,SEC XBRL
AMT,American Tower,2023-03-31,FY2023-Q1,USD,2520400000.0,,747000000.0,1541100000.0,315000000.0,0.72,,29.638,61.145,12.498,2023-01-01,Q,False,SEC XBRL
AMT,American Tower,2023-06-30,FY2023-Q2,USD,2514600000.0,,852700000.0,1617300000.0,461500000.0,1.02,,33.91,64.316,18.353,2023-04-01,Q,False,SEC XBRL
AMT,American Tower,2023-09-30,FY2023-Q3,USD,2521100000.0,,913000000.0,1636200000.0,577300000.0,1.26,,36.214,64.9,22.899,2023-07-01,Q,False,SEC XBRL
AMT,American Tower,2023-12-31,FY2023-Q4,USD,2456100000.0,,612800000.0,1337700000.0,84900000.0,0.18,,24.95,54.464,3.457,2023-10-01,Q,True,SEC XBRL
AMT,American Tower,2024-03-31,FY2024-Q1,USD,2512600000.0,,1141000000.0,1649800000.0,921700000.0,1.96,,45.411,65.661,36.683,2024-01-01,Q,False,SEC XBRL
AMT,American Tower,2024-06-30,FY2024-Q2,USD,2544700000.0,,1156200000.0,1676800000.0,908400000.0,1.92,,45.436,65.894,35.698,2024-04-01,Q,False,SEC XBRL
AMT,American Tower,2024-09-30,FY2024-Q3,USD,2522300000.0,,1139200000.0,1637700000.0,-780400000.0,-1.69,,45.165,64.929,-30.94,2024-07-01,Q,False,SEC XBRL
AMT,American Tower,2024-12-31,FY2024-Q4,USD,2547600000.0,,1080100000.0,1581000000.0,1229600000.0,2.62,,42.397,62.058,48.265,2024-10-01,Q,True,SEC XBRL
AMT,American Tower,2025-03-31,FY2025-Q1,USD,2562800000.0,,1254100000.0,1746600000.0,498600000.0,1.04,,48.935,68.152,19.455,2025-01-01,Q,False,SEC XBRL
AMT,American Tower,2025-06-30,FY2025-Q2,USD,2626900000.0,,1197700000.0,1708000000.0,380500000.0,0.78,,45.594,65.02,14.485,2025-04-01,Q,False,SEC XBRL
AMT,American Tower,2025-09-30,FY2025-Q3,USD,2717400000.0,,1233300000.0,1756200000.0,912600000.0,1.82,,45.385,64.628,33.584,2025-07-01,Q,False,SEC XBRL
AMT,American Tower,2025-12-31,FY2025-Q4,USD,2737500000.0,,1160700000.0,1676600000.0,836800000.0,1.7600000000000002,,42.4,61.246,30.568,2025-09-30,Q,True,SEC XBRL
AMT,American Tower,2026-03-31,FY2026-Q1,USD,2737500000.0,,1239200000.0,1757400000.0,878500000.0,1.84,,45.268,64.197,32.091,2026-01-01,Q,False,SEC XBRL
AMZN,Amazon,2020-09-30,FY2020-Q3,USD,96145000000.0,,6194000000.0,12717000000.0,6331000000.0,12.37,,6.442,13.227,6.585,2020-07-01,Q,False,SEC XBRL
AMZN,Amazon,2020-12-31,FY2020-Q4,USD,125555000000.0,,6873000000.0,14420000000.0,7222000000.0,14.09,,5.474,11.485,5.752,2020-10-01,Q,False,SEC XBRL
AMZN,Amazon,2021-03-31,FY2021-Q1,USD,108518000000.0,,8865000000.0,16373000000.0,8107000000.0,15.79,,8.169,15.088,7.471,2021-01-01,Q,False,SEC XBRL
AMZN,Amazon,2021-06-30,FY2021-Q2,USD,113080000000.0,,7702000000.0,15740000000.0,7778000000.0,0.76,,6.811,13.919,6.878,2021-04-01,Q,False,SEC XBRL
AMZN,Amazon,2021-09-30,FY2021-Q3,USD,110812000000.0,,4852000000.0,13800000000.0,3156000000.0,0.31,,4.379,12.454,2.848,2021-07-01,Q,False,SEC XBRL
AMZN,Amazon,2021-12-31,FY2021-Q4,USD,137412000000.0,,3460000000.0,13399000000.0,14323000000.0,-13.62,,2.518,9.751,10.423,2021-09-30,Q,True,SEC XBRL
AMZN,Amazon,2022-03-31,FY2022-Q1,USD,116444000000.0,,3669000000.0,12862000000.0,-3844000000.0,-0.38,,3.151,11.046,-3.301,2022-01-01,Q,False,SEC XBRL
AMZN,Amazon,2022-06-30,FY2022-Q2,USD,121234000000.0,,3317000000.0,13033000000.0,-2028000000.0,-0.2,,2.736,10.75,-1.673,2022-04-01,Q,False,SEC XBRL
AMZN,Amazon,2022-09-30,FY2022-Q3,USD,127101000000.0,,2525000000.0,12852000000.0,2872000000.0,0.28,,1.987,10.112,2.26,2022-07-01,Q,False,SEC XBRL
AMZN,Amazon,2022-12-31,FY2022-Q4,USD,149204000000.0,,2737000000.0,15422000000.0,278000000.0,0.03,,1.834,10.336,0.186,2022-09-30,Q,True,SEC XBRL
AMZN,Amazon,2023-03-31,FY2023-Q1,USD,127358000000.0,,4774000000.0,15897000000.0,3172000000.0,0.31,,3.748,12.482,2.491,2023-01-01,Q,False,SEC XBRL
AMZN,Amazon,2023-06-30,FY2023-Q2,USD,134383000000.0,,7681000000.0,19270000000.0,6750000000.0,0.65,,5.716,14.34,5.023,2023-04-01,Q,False,SEC XBRL
AMZN,Amazon,2023-09-30,FY2023-Q3,USD,143083000000.0,,11188000000.0,23319000000.0,9879000000.0,0.94,,7.819,16.298,6.904,2023-07-01,Q,False,SEC XBRL
AMZN,Amazon,2023-12-31,FY2023-Q4,USD,169961000000.0,,13209000000.0,27029000000.0,10624000000.0,1.0,,7.772,15.903,6.251,2023-09-30,Q,True,SEC XBRL
AMZN,Amazon,2024-03-31,FY2024-Q1,USD,143313000000.0,,15307000000.0,26991000000.0,10431000000.0,0.98,,10.681,18.834,7.278,2024-01-01,Q,False,SEC XBRL
AMZN,Amazon,2024-06-30,FY2024-Q2,USD,147977000000.0,,14672000000.0,26710000000.0,13485000000.0,1.26,,9.915,18.05,9.113,2024-04-01,Q,False,SEC XBRL
AMZN,Amazon,2024-09-30,FY2024-Q3,USD,158877000000.0,,17411000000.0,30853000000.0,15328000000.0,1.43,,10.959,19.419,9.648,2024-07-01,Q,False,SEC XBRL
AMZN,Amazon,2024-12-31,FY2024-Q4,USD,187792000000.0,,21203000000.0,36834000000.0,20004000000.0,1.8600000000000003,,11.291,19.614,10.652,2024-09-30,Q,True,SEC XBRL
AMZN,Amazon,2025-03-31,FY2025-Q1,USD,155667000000.0,,18405000000.0,32667000000.0,17127000000.0,1.59,,11.823,20.985,11.002,2025-01-01,Q,False,SEC XBRL
AMZN,Amazon,2025-06-30,FY2025-Q2,USD,167702000000.0,,19171000000.0,34398000000.0,18164000000.0,1.68,,11.432,20.511,10.831,2025-04-01,Q,False,SEC XBRL
AMZN,Amazon,2025-09-30,FY2025-Q3,USD,180169000000.0,,17422000000.0,34218000000.0,21187000000.0,1.95,,9.67,18.992,11.76,2025-07-01,Q,False,SEC XBRL
AMZN,Amazon,2025-12-31,FY2025-Q4,USD,213386000000.0,,24977000000.0,44448000000.0,21192000000.0,1.95,,11.705,20.83,9.931,2025-09-30,Q,True,SEC XBRL
AMZN,Amazon,2026-03-31,FY2026-Q1,USD,181519000000.0,,23852000000.0,42797000000.0,30255000000.0,2.78,,13.14,23.577,16.668,2026-01-01,Q,False,SEC XBRL
AMZN,Amazon,2026-06-30,FY2026-Q2,USD,200606000000.0,,27461000000.0,47449000000.0,62647000000.0,5.75,,13.689,23.653,31.229,2026-04-01,Q,False,SEC XBRL
AVB,AvalonBay Communities,2020-09-30,FY2020-Q3,USD,567404000.0,,363712000.0,,147717000.0,1.05,,64.101,,26.034,2020-07-01,Q,False,SEC XBRL
AVB,AvalonBay Communities,2020-12-31,FY2020-Q4,USD,555185000.0,,305068000.0,,341114000.0,2.4399999999999995,,54.949,,61.442,2020-09-30,Q,True,SEC XBRL
AVB,AvalonBay Communities,2021-03-31,FY2021-Q1,USD,551135000.0,,354898000.0,,142234000.0,1.02,,64.394,,25.807,2021-01-01,Q,False,SEC XBRL
AVB,AvalonBay Communities,2021-06-30,FY2021-Q2,USD,561743000.0,,359770000.0,,447977000.0,3.21,,64.045,,79.748,2021-04-01,Q,False,SEC XBRL
AVB,AvalonBay Communities,2021-09-30,FY2021-Q3,USD,580774000.0,,371913000.0,,78847000.0,0.56,,64.037,,13.576,2021-07-01,Q,False,SEC XBRL
AVB,AvalonBay Communities,2021-12-31,FY2021-Q4,USD,601198000.0,,370294000.0,,335298000.0,2.3999999999999995,,61.593,,55.772,2021-09-30,Q,True,SEC XBRL
AVB,AvalonBay Communities,2022-03-31,FY2022-Q1,USD,613927000.0,,409713000.0,,262076000.0,1.87,,66.736,,42.688,2022-01-01,Q,False,SEC XBRL
AVB,AvalonBay Communities,2022-06-30,FY2022-Q2,USD,644559000.0,,435685000.0,,138566000.0,0.99,,67.594,,21.498,2022-04-01,Q,False,SEC XBRL
AVB,AvalonBay Communities,2022-09-30,FY2022-Q3,USD,665288000.0,,442997000.0,,494632000.0,3.53,,66.587,,74.349,2022-07-01,Q,False,SEC XBRL
AVB,AvalonBay Communities,2022-12-31,FY2022-Q4,USD,669672000.0,,413021000.0,,241164000.0,1.7299999999999986,,61.675,,36.012,2022-09-30,Q,True,SEC XBRL
AVB,AvalonBay Communities,2023-03-31,FY2023-Q1,USD,674708000.0,,462367000.0,,146775000.0,1.05,,68.528,,21.754,2023-01-01,Q,False,SEC XBRL
AVB,AvalonBay Communities,2023-06-30,FY2023-Q2,USD,690860000.0,,465673000.0,,367807000.0,2.59,,67.405,,53.239,2023-04-01,Q,False,SEC XBRL
AVB,AvalonBay Communities,2023-09-30,FY2023-Q3,USD,697635000.0,,467062000.0,,171790000.0,1.21,,66.949,,24.625,2023-07-01,Q,False,SEC XBRL
AVB,AvalonBay Communities,2023-12-31,FY2023-Q4,USD,704706000.0,,395684000.0,,242066000.0,1.71,,56.149,,34.35,2023-09-30,Q,True,SEC XBRL
AVB,AvalonBay Communities,2024-03-31,FY2024-Q1,USD,712859000.0,,479121000.0,,173449000.0,1.22,,67.211,,24.331,2024-01-01,Q,False,SEC XBRL
AVB,AvalonBay Communities,2024-06-30,FY2024-Q2,USD,726041000.0,,483259000.0,,253934000.0,1.78,,66.561,,34.975,2024-04-01,Q,False,SEC XBRL
AVB,AvalonBay Communities,2024-09-30,FY2024-Q3,USD,734307000.0,,480591000.0,,372519000.0,2.61,,65.448,,50.731,2024-07-01,Q,False,SEC XBRL
AVB,AvalonBay Communities,2024-12-31,FY2024-Q4,USD,740550000.0,,467109000.0,,282092000.0,1.99,,63.076,,38.092,2024-09-30,Q,True,SEC XBRL
AVB,AvalonBay Communities,2025-03-31,FY2025-Q1,USD,745880000.0,,496395000.0,,236597000.0,1.66,,66.552,,31.721,2025-01-01,Q,False,SEC XBRL
AVB,AvalonBay Communities,2025-06-30,FY2025-Q2,USD,760195000.0,,505746000.0,,268665000.0,1.88,,66.528,,35.342,2025-04-01,Q,False,SEC XBRL
AVB,AvalonBay Communities,2025-09-30,FY2025-Q3,USD,766796000.0,,503776000.0,,381306000.0,2.68,,65.699,,49.727,2025-07-01,Q,False,SEC XBRL
AVB,AvalonBay Communities,2025-12-31,FY2025-Q4,USD,767854000.0,,515032000.0,,165985000.0,1.1799999999999995,,67.074,,21.617,2025-09-30,Q,True,SEC XBRL
AVB,AvalonBay Communities,2026-03-31,FY2026-Q1,USD,770279000.0,,517493000.0,,325730000.0,2.33,,67.183,,42.287,2026-01-01,Q,False,SEC XBRL
AVB,AvalonBay Communities,2026-06-30,FY2026-Q2,USD,777768000.0,,529244000.0,,155720000.0,1.11,,68.047,,20.021,2026-04-01,Q,False,SEC XBRL
AVT,"Avnet, Inc.",2020-10-03,FY2021-Q1,USD,4723059000.0,516080000.0,18502000.0,,-18889000.0,-0.19,10.927,0.392,,-0.4,2020-06-28,Q,False,SEC XBRL
AVT,"Avnet, Inc.",2021-01-02,FY2021-Q2,USD,4668172000.0,511253000.0,57221000.0,,19163000.0,0.19,10.952,1.226,,0.411,2020-10-04,Q,False,SEC XBRL
AVT,"Avnet, Inc.",2021-04-03,FY2021-Q3,USD,4916714000.0,568350000.0,87684000.0,,107484000.0,1.07,11.56,1.783,,2.186,2021-01-03,Q,False,SEC XBRL
AVT,"Avnet, Inc.",2021-07-03,FY2021-Q4,USD,5226734000.0,644947000.0,118001000.0,,85356000.0,0.8599999999999999,12.339,2.258,,1.633,2021-04-03,Q,True,SEC XBRL
AVT,"Avnet, Inc.",2021-10-02,FY2022-Q1,USD,5584695000.0,659693000.0,168243000.0,,111318000.0,1.1,11.813,3.013,,1.993,2021-07-04,Q,False,SEC XBRL
AVT,"Avnet, Inc.",2022-01-01,FY2022-Q2,USD,5865217000.0,713035000.0,211672000.0,,150821000.0,1.5,12.157,3.609,,2.571,2021-10-03,Q,False,SEC XBRL
AVT,"Avnet, Inc.",2022-04-02,FY2022-Q3,USD,6488143000.0,813033000.0,274408000.0,,183417000.0,1.84,12.531,4.229,,2.827,2022-01-02,Q,False,SEC XBRL
AVT,"Avnet, Inc.",2022-07-02,FY2022-Q4,USD,6372653000.0,779630000.0,284688000.0,,246823000.0,2.5,12.234,4.467,,3.873,2022-04-02,Q,True,SEC XBRL
AVT,"Avnet, Inc.",2022-10-01,FY2023-Q1,USD,6750133000.0,768173000.0,290537000.0,,184261000.0,1.93,11.38,4.304,,2.73,2022-07-03,Q,False,SEC XBRL
AVT,"Avnet, Inc.",2022-12-31,FY2023-Q2,USD,6717521000.0,784100000.0,298973000.0,,243886000.0,2.63,11.672,4.451,,3.631,2022-10-02,Q,False,SEC XBRL
AVT,"Avnet, Inc.",2023-04-01,FY2023-Q3,USD,6514619000.0,811848000.0,313629000.0,334963000.0,187426000.0,2.03,12.462,4.814,5.142,2.877,2023-01-01,Q,False,SEC XBRL
AVT,"Avnet, Inc.",2023-07-01,FY2023-Q4,USD,6554608000.0,818022000.0,283661000.0,307235000.0,155255000.0,1.67,12.48,4.328,4.687,2.369,2023-04-01,Q,True,SEC XBRL
AVT,"Avnet, Inc.",2023-09-30,FY2024-Q1,USD,6335648000.0,748106000.0,253769000.0,275286000.0,209268000.0,2.25,11.808,4.005,4.345,3.303,2023-07-02,Q,False,SEC XBRL
AVT,"Avnet, Inc.",2023-12-30,FY2024-Q2,USD,6204914000.0,706184000.0,236257000.0,257467000.0,117931000.0,1.28,11.381,3.808,4.149,1.901,2023-10-01,Q,False,SEC XBRL
AVT,"Avnet, Inc.",2024-03-30,FY2024-Q3,USD,5653591000.0,669273000.0,190151000.0,211575000.0,88834000.0,0.97,11.838,3.363,3.742,1.571,2023-12-31,Q,False,SEC XBRL
AVT,"Avnet, Inc.",2024-06-29,FY2024-Q4,USD,5562976000.0,642879000.0,164190000.0,186747000.0,82666000.0,0.9299999999999996,11.556,2.951,3.357,1.486,2024-03-30,Q,True,SEC XBRL
AVT,"Avnet, Inc.",2024-09-28,FY2025-Q1,USD,5604152000.0,607367000.0,142225000.0,162108000.0,58956000.0,0.66,10.838,2.538,2.893,1.052,2024-06-30,Q,False,SEC XBRL
AVT,"Avnet, Inc.",2024-12-28,FY2025-Q2,USD,5663384000.0,596052000.0,155327000.0,172356000.0,87253000.0,0.99,10.525,2.743,3.043,1.541,2024-09-29,Q,False,SEC XBRL
AVT,"Avnet, Inc.",2025-03-29,FY2025-Q3,USD,5315423000.0,587853000.0,143251000.0,159646000.0,87919000.0,1.01,11.059,2.695,3.003,1.654,2024-12-29,Q,False,SEC XBRL
AVT,"Avnet, Inc.",2025-06-28,FY2025-Q4,USD,5617795000.0,593684000.0,73451000.0,91760000.0,6089000.0,0.0899999999999998,10.568,1.307,1.633,0.108,2025-03-29,Q,True,SEC XBRL
AVT,"Avnet, Inc.",2025-09-27,FY2026-Q1,USD,5898572000.0,614765000.0,142032000.0,158871000.0,51745000.0,0.61,10.422,2.408,2.693,0.877,2025-06-29,Q,False,SEC XBRL
AVT,"Avnet, Inc.",2025-12-27,FY2026-Q2,USD,6318955000.0,663038000.0,146196000.0,164832000.0,61733000.0,0.75,10.493,2.314,2.609,0.977,2025-09-28,Q,False,SEC XBRL
AVT,"Avnet, Inc.",2026-03-28,FY2026-Q3,USD,7119779000.0,739061000.0,205535000.0,224289000.0,94332000.0,1.14,10.38,2.887,3.15,1.325,2025-12-28,Q,False,SEC XBRL
AWK,American Water Works,2020-09-30,FY2020-Q3,USD,1074000000.0,,433000000.0,587000000.0,264000000.0,1.46,,40.317,54.655,24.581,2020-07-01,Q,False,SEC XBRL
AWK,American Water Works,2020-12-31,FY2020-Q4,USD,,,263000000.0,416000000.0,145000000.0,0.8,,,,,2020-10-01,Q,False,SEC XBRL
AWK,American Water Works,2021-03-31,FY2021-Q1,USD,878000000.0,,229000000.0,386000000.0,133000000.0,0.73,,26.082,43.964,15.148,2021-01-01,Q,False,SEC XBRL
AWK,American Water Works,2021-06-30,FY2021-Q2,USD,990000000.0,,330000000.0,488000000.0,207000000.0,1.14,,33.333,49.293,20.909,2021-04-01,Q,False,SEC XBRL
AWK,American Water Works,2021-09-30,FY2021-Q3,USD,1094000000.0,,417000000.0,578000000.0,278000000.0,1.53,,38.117,52.834,25.411,2021-07-01,Q,False,SEC XBRL
AWK,American Water Works,2021-12-31,FY2021-Q4,USD,,,220000000.0,380000000.0,645000000.0,3.55,,,,,2021-10-01,Q,True,SEC XBRL
AWK,American Water Works,2022-03-31,FY2022-Q1,USD,838000000.0,,246000000.0,404000000.0,158000000.0,0.87,,29.356,48.21,18.854,2022-01-01,Q,False,SEC XBRL
AWK,American Water Works,2022-06-30,FY2022-Q2,USD,930000000.0,,327000000.0,490000000.0,218000000.0,1.2,,35.161,52.688,23.441,2022-04-01,Q,False,SEC XBRL
AWK,American Water Works,2022-09-30,FY2022-Q3,USD,1076000000.0,,439000000.0,603000000.0,297000000.0,1.63,,40.799,56.041,27.602,2022-07-01,Q,False,SEC XBRL
AWK,American Water Works,2022-12-31,FY2022-Q4,USD,,,261000000.0,425000000.0,147000000.0,0.81,,,,,2022-10-01,Q,True,SEC XBRL
AWK,American Water Works,2023-03-31,FY2023-Q1,USD,925000000.0,,295000000.0,467000000.0,170000000.0,0.91,,31.892,50.486,18.378,2023-01-01,Q,False,SEC XBRL
AWK,American Water Works,2023-06-30,FY2023-Q2,USD,1088000000.0,,432000000.0,606000000.0,280000000.0,1.44,,39.706,55.699,25.735,2023-04-01,Q,False,SEC XBRL
AWK,American Water Works,2023-09-30,FY2023-Q3,USD,1170000000.0,,478000000.0,655000000.0,323000000.0,1.66,,40.855,55.983,27.607,2023-07-01,Q,False,SEC XBRL
AWK,American Water Works,2023-12-31,FY2023-Q4,USD,,,299000000.0,480000000.0,171000000.0,0.88,,,,,2023-10-01,Q,True,SEC XBRL
AWK,American Water Works,2024-03-31,FY2024-Q1,USD,1003000000.0,,326000000.0,514000000.0,185000000.0,0.95,,32.502,51.246,18.445,2024-01-01,Q,False,SEC XBRL
AWK,American Water Works,2024-06-30,FY2024-Q2,USD,1140000000.0,,449000000.0,642000000.0,277000000.0,1.42,,39.386,56.316,24.298,2024-04-01,Q,False,SEC XBRL
AWK,American Water Works,2024-09-30,FY2024-Q3,USD,1328000000.0,,543000000.0,743000000.0,350000000.0,1.8,,40.889,55.949,26.355,2024-07-01,Q,False,SEC XBRL
AWK,American Water Works,2024-12-31,FY2024-Q4,USD,,,400000000.0,607000000.0,239000000.0,1.22,,,,,2024-10-01,Q,True,SEC XBRL
AWK,American Water Works,2025-03-31,FY2025-Q1,USD,1134000000.0,,371000000.0,587000000.0,205000000.0,1.05,,32.716,51.764,18.078,2025-01-01,Q,False,SEC XBRL
AWK,American Water Works,2025-06-30,FY2025-Q2,USD,1272000000.0,,489000000.0,710000000.0,289000000.0,1.48,,38.443,55.818,22.72,2025-04-01,Q,False,SEC XBRL
AWK,American Water Works,2025-09-30,FY2025-Q3,USD,1454000000.0,,614000000.0,840000000.0,379000000.0,1.94,,42.228,57.772,26.066,2025-07-01,Q,False,SEC XBRL
AWK,American Water Works,2025-12-31,FY2025-Q4,USD,1261000000.0,,405000000.0,636000000.0,238000000.0,1.2199999999999998,,32.117,50.436,18.874,2025-09-30,Q,True,SEC XBRL
AWK,American Water Works,2026-03-31,FY2026-Q1,USD,1203000000.0,,391000000.0,628000000.0,196000000.0,1.0,,32.502,52.203,16.293,2026-01-01,Q,False,SEC XBRL
AWK,American Water Works,2026-06-30,FY2026-Q2,USD,1350000000.0,,542000000.0,782000000.0,315000000.0,1.61,,40.148,57.926,23.333,2026-04-01,Q,False,SEC XBRL
BAC,Bank of America,2020-09-30,FY2020-Q3,USD,20336000000.0,,,,4881000000.0,0.51,,,,24.002,2020-07-01,Q,False,SEC XBRL
BAC,Bank of America,2020-12-31,FY2020-Q4,USD,20099000000.0,,,,5470000000.0,0.5900000000000001,,,,27.215,2020-09-30,Q,True,SEC XBRL
BAC,Bank of America,2021-03-31,FY2021-Q1,USD,22821000000.0,,,,8050000000.0,0.86,,,,35.275,2021-01-01,Q,False,SEC XBRL
BAC,Bank of America,2021-06-30,FY2021-Q2,USD,21466000000.0,,,,9224000000.0,1.03,,,,42.97,2021-04-01,Q,False,SEC XBRL
BAC,Bank of America,2021-09-30,FY2021-Q3,USD,22766000000.0,,,,7691000000.0,0.85,,,,33.783,2021-07-01,Q,False,SEC XBRL
BAC,Bank of America,2021-12-31,FY2021-Q4,USD,22060000000.0,,,,7013000000.0,0.8299999999999996,,,,31.791,2021-09-30,Q,True,SEC XBRL
BAC,Bank of America,2022-03-31,FY2022-Q1,USD,23228000000.0,,,,7067000000.0,0.8,,,,30.424,2022-01-01,Q,False,SEC XBRL
BAC,Bank of America,2022-06-30,FY2022-Q2,USD,22688000000.0,,,,6247000000.0,0.73,,,,27.534,2022-04-01,Q,False,SEC XBRL
BAC,Bank of America,2022-09-30,FY2022-Q3,USD,24502000000.0,,,,7082000000.0,0.81,,,,28.904,2022-07-01,Q,False,SEC XBRL
BAC,Bank of America,2022-12-31,FY2022-Q4,USD,24532000000.0,,,,7132000000.0,0.8500000000000001,,,,29.072,2022-09-30,Q,True,SEC XBRL
BAC,Bank of America,2023-03-31,FY2023-Q1,USD,26258000000.0,,,,8161000000.0,0.94,,,,31.08,2023-01-01,Q,False,SEC XBRL
BAC,Bank of America,2023-06-30,FY2023-Q2,USD,25197000000.0,,,,7408000000.0,0.88,,,,29.4,2023-04-01,Q,False,SEC XBRL
BAC,Bank of America,2023-09-30,FY2023-Q3,USD,25167000000.0,,,,7802000000.0,0.9,,,,31.001,2023-07-01,Q,False,SEC XBRL
BAC,Bank of America,2023-12-31,FY2023-Q4,USD,26147000000.0,,,,2934000000.0,0.33,,,,11.221,2023-09-30,Q,True,SEC XBRL
BAC,Bank of America,2024-03-31,FY2024-Q1,USD,25818000000.0,,,,6674000000.0,0.76,,,,25.85,2024-01-01,Q,False,SEC XBRL
BAC,Bank of America,2024-06-30,FY2024-Q2,USD,25377000000.0,,,,6897000000.0,0.83,,,,27.178,2024-04-01,Q,False,SEC XBRL
BAC,Bank of America,2024-09-30,FY2024-Q3,USD,25345000000.0,,,,6896000000.0,0.81,,,,27.209,2024-07-01,Q,False,SEC XBRL
BAC,Bank of America,2024-12-31,FY2024-Q4,USD,29316000000.0,,,,6506000000.0,0.79,,,,22.193,2024-09-30,Q,True,SEC XBRL
BAC,Bank of America,2025-03-31,FY2025-Q1,USD,28247000000.0,,,,7360000000.0,0.89,,,,26.056,2025-01-01,Q,False,SEC XBRL
BAC,Bank of America,2025-06-30,FY2025-Q2,USD,27443000000.0,,,,7170000000.0,0.9,,,,26.127,2025-04-01,Q,False,SEC XBRL
BAC,Bank of America,2025-09-30,FY2025-Q3,USD,28088000000.0,,,,8469000000.0,1.06,,,,30.152,2025-07-01,Q,False,SEC XBRL
BAC,Bank of America,2025-12-31,FY2025-Q4,USD,29319000000.0,,,,7510000000.0,0.96,,,,25.615,2025-09-30,Q,True,SEC XBRL
BAC,Bank of America,2026-03-31,FY2026-Q1,USD,30272000000.0,,,,8584000000.0,1.11,,,,28.356,2026-01-01,Q,False,SEC XBRL
BAC,Bank of America,2026-06-30,FY2026-Q2,USD,31558000000.0,,,,9074000000.0,1.21,,,,28.753,2026-04-01,Q,False,SEC XBRL
BLK,BlackRock,2020-09-30,FY2020-Q3,USD,4369000000.0,,1757000000.0,1844000000.0,1364000000.0,8.87,,40.215,42.206,31.22,2020-07-01,Q,False,SEC XBRL
BLK,BlackRock,2020-12-31,FY2020-Q4,USD,4478000000.0,,1848000000.0,1951000000.0,1548000000.0,9.980000000000004,,41.268,43.569,34.569,2020-09-30,Q,True,SEC XBRL
BLK,BlackRock,2021-03-31,FY2021-Q1,USD,4398000000.0,,1545000000.0,1642000000.0,1199000000.0,7.77,,35.13,37.335,27.262,2021-01-01,Q,False,SEC XBRL
BLK,BlackRock,2021-06-30,FY2021-Q2,USD,4820000000.0,,1931000000.0,2032000000.0,1378000000.0,8.92,,40.062,42.158,28.589,2021-04-01,Q,False,SEC XBRL
BLK,BlackRock,2021-09-30,FY2021-Q3,USD,5050000000.0,,1935000000.0,2042000000.0,1681000000.0,10.89,,38.317,40.436,33.287,2021-07-01,Q,False,SEC XBRL
BLK,BlackRock,2021-12-31,FY2021-Q4,USD,5106000000.0,,2039000000.0,2149000000.0,1643000000.0,10.64,,39.933,42.088,32.178,2021-09-30,Q,True,SEC XBRL
BLK,BlackRock,2022-03-31,FY2022-Q1,USD,4699000000.0,,1764000000.0,1864000000.0,1436000000.0,9.35,,37.54,39.668,30.56,2022-01-01,Q,False,SEC XBRL
BLK,BlackRock,2022-06-30,FY2022-Q2,USD,4526000000.0,,1668000000.0,1767000000.0,1077000000.0,7.06,,36.854,39.041,23.796,2022-04-01,Q,False,SEC XBRL
BLK,BlackRock,2022-09-30,FY2022-Q3,USD,4311000000.0,,1526000000.0,1635000000.0,1406000000.0,9.25,,35.398,37.926,32.614,2022-07-01,Q,False,SEC XBRL
BLK,BlackRock,2022-12-31,FY2022,USD,17873000000.0,,6385000000.0,6803000000.0,5178000000.0,33.97,,35.724,38.063,28.971,2022-01-01,FY,False,SEC XBRL
BLK,BlackRock,2023-03-31,FY2023-Q1,USD,4243000000.0,,1438000000.0,1544000000.0,1157000000.0,7.64,,33.891,36.389,27.268,2023-01-01,Q,False,SEC XBRL
BLK,BlackRock,2023-06-30,FY2023-Q2,USD,4463000000.0,,1615000000.0,1717000000.0,1366000000.0,9.06,,36.186,38.472,30.607,2023-04-01,Q,False,SEC XBRL
BLK,BlackRock,2023-09-30,FY2023-Q3,USD,4522000000.0,,1637000000.0,,1604000000.0,10.66,,36.201,,35.471,2023-07-01,Q,False,SEC XBRL
BLK,BlackRock,2023-12-31,FY2023-Q4,USD,4631000000.0,,1585000000.0,1696000000.0,1375000000.0,9.15,,34.226,36.623,29.691,2023-09-30,Q,True,SEC XBRL
BLK,BlackRock,2024-03-31,FY2024-Q1,USD,4728000000.0,,1693000000.0,1804000000.0,1573000000.0,10.48,,35.808,38.156,33.27,2024-01-01,Q,False,SEC XBRL
BLK,BlackRock,2024-06-30,FY2024-Q2,USD,4805000000.0,,1800000000.0,1908000000.0,1495000000.0,9.99,,37.461,39.709,31.113,2024-04-01,Q,False,SEC XBRL
BLK,BlackRock,2024-09-30,FY2024-Q3,USD,5197000000.0,,2006000000.0,2116000000.0,1631000000.0,10.9,,38.599,40.716,31.383,2024-07-01,Q,False,SEC XBRL
BLK,BlackRock,2024-12-31,FY2024-Q4,USD,5677000000.0,,2075000000.0,2275000000.0,1670000000.0,10.64,,36.551,40.074,29.417,2024-09-30,Q,True,SEC XBRL
BLK,BlackRock,2025-03-31,FY2025-Q1,USD,5276000000.0,,1698000000.0,1892000000.0,1510000000.0,9.64,,32.183,35.861,28.62,2025-01-01,Q,False,SEC XBRL
BLK,BlackRock,2025-06-30,FY2025-Q2,USD,5423000000.0,,1731000000.0,1948000000.0,1593000000.0,10.19,,31.92,35.921,29.375,2025-04-01,Q,False,SEC XBRL
BLK,BlackRock,2025-09-30,FY2025-Q3,USD,6509000000.0,,1955000000.0,2301000000.0,1323000000.0,8.43,,30.035,35.351,20.326,2025-07-01,Q,False,SEC XBRL
BLK,BlackRock,2025-12-31,FY2025-Q4,USD,7008000000.0,,1661000000.0,2030000000.0,1127000000.0,7.050000000000004,,23.701,28.967,16.082,2025-09-30,Q,True,SEC XBRL
BLK,BlackRock,2026-03-31,FY2026-Q1,USD,6698000000.0,,2814000000.0,3194000000.0,2212000000.0,14.06,,42.013,47.686,33.025,2026-01-01,Q,False,SEC XBRL
BRK-B,Berkshire Hathaway,2020-09-30,FY2020-Q3,USD,63024000000.0,,,,30137000000.0,,,,,47.818,2020-07-01,Q,False,SEC XBRL
BRK-B,Berkshire Hathaway,2020-12-31,FY2020-Q4,USD,64381000000.0,,,,35835000000.0,,,,,55.661,2020-10-01,Q,True,SEC XBRL
BRK-B,Berkshire Hathaway,2021-03-31,FY2021-Q1,USD,64599000000.0,,,,11711000000.0,,,,,18.129,2021-01-01,Q,False,SEC XBRL
BRK-B,Berkshire Hathaway,2021-06-30,FY2021-Q2,USD,69114000000.0,,,,28094000000.0,,,,,40.649,2021-04-01,Q,False,SEC XBRL
BRK-B,Berkshire Hathaway,2021-09-30,FY2021-Q3,USD,70583000000.0,,,,10344000000.0,,,,,14.655,2021-07-01,Q,False,SEC XBRL
BRK-B,Berkshire Hathaway,2021-12-31,FY2021-Q4,USD,71889000000.0,,,,39788000000.0,,,,,55.346,2021-09-30,Q,True,SEC XBRL
BRK-B,Berkshire Hathaway,2022-03-31,FY2022-Q1,USD,70843000000.0,,,,5580000000.0,,,,,7.877,2022-01-01,Q,False,SEC XBRL
BRK-B,Berkshire Hathaway,2022-06-30,FY2022-Q2,USD,76201000000.0,,,,-43621000000.0,,,,,-57.245,2022-04-01,Q,False,SEC XBRL
BRK-B,Berkshire Hathaway,2022-09-30,FY2022-Q3,USD,76904000000.0,,,,-2798000000.0,,,,,-3.638,2022-07-01,Q,False,SEC XBRL
BRK-B,Berkshire Hathaway,2022-12-31,FY2022-Q4,USD,78072000000.0,,,,18080000000.0,,,,,23.158,2022-09-30,Q,True,SEC XBRL
BRK-B,Berkshire Hathaway,2023-03-31,FY2023-Q1,USD,85393000000.0,,,,35504000000.0,,,,,41.577,2023-01-01,Q,False,SEC XBRL
BRK-B,Berkshire Hathaway,2023-06-30,FY2023-Q2,USD,92503000000.0,,,,35912000000.0,,,,,38.823,2023-04-01,Q,False,SEC XBRL
BRK-B,Berkshire Hathaway,2023-09-30,FY2023-Q3,USD,93210000000.0,,,,-12767000000.0,,,,,-13.697,2023-07-01,Q,False,SEC XBRL
BRK-B,Berkshire Hathaway,2023-12-31,FY2023-Q4,USD,93376000000.0,,,,37574000000.0,,,,,40.239,2023-09-30,Q,True,SEC XBRL
BRK-B,Berkshire Hathaway,2024-03-31,FY2024-Q1,USD,89869000000.0,,,,12702000000.0,,,,,14.134,2024-01-01,Q,False,SEC XBRL
BRK-B,Berkshire Hathaway,2024-06-30,FY2024-Q2,USD,93653000000.0,,,,30348000000.0,,,,,32.405,2024-04-01,Q,False,SEC XBRL
BRK-B,Berkshire Hathaway,2024-09-30,FY2024-Q3,USD,92995000000.0,,,,26251000000.0,,,,,28.228,2024-07-01,Q,False,SEC XBRL
BRK-B,Berkshire Hathaway,2024-12-31,FY2024-Q4,USD,94916000000.0,,,,19694000000.0,,,,,20.749,2024-09-30,Q,True,SEC XBRL
BRK-B,Berkshire Hathaway,2025-03-31,FY2025-Q1,USD,89725000000.0,,,,4603000000.0,,,,,5.13,2025-01-01,Q,False,SEC XBRL
BRK-B,Berkshire Hathaway,2025-06-30,FY2025-Q2,USD,92515000000.0,,,,12370000000.0,,,,,13.371,2025-04-01,Q,False,SEC XBRL
BRK-B,Berkshire Hathaway,2025-09-30,FY2025-Q3,USD,94972000000.0,,,,30796000000.0,,,,,32.426,2025-07-01,Q,False,SEC XBRL
BRK-B,Berkshire Hathaway,2025-12-31,FY2025-Q4,USD,94232000000.0,,,,19199000000.0,,,,,20.374,2025-09-30,Q,True,SEC XBRL
BRK-B,Berkshire Hathaway,2026-03-31,FY2026-Q1,USD,93675000000.0,,,,10106000000.0,,,,,10.788,2026-01-01,Q,False,SEC XBRL
BVFL,"BV Financial, Inc.",2022-03-31,FY2022-Q1,USD,8030000.0,,,,2417000.0,0.33,,,,30.1,2022-01-01,Q,False,SEC XBRL
BVFL,"BV Financial, Inc.",2022-06-30,FY2022-Q2,USD,8347000.0,,,,2765000.0,0.37,,,,33.126,2022-04-01,Q,False,SEC XBRL
BVFL,"BV Financial, Inc.",2022-09-30,FY2022-Q3,USD,8435000.0,,,,2612000.0,0.33,,,,30.966,2022-07-01,Q,False,SEC XBRL
BVFL,"BV Financial, Inc.",2022-12-31,FY2022-Q4,USD,10773000.0,,,,2730000.0,0.29,,,,25.341,2022-09-30,Q,True,SEC XBRL
BVFL,"BV Financial, Inc.",2023-03-31,FY2023-Q1,USD,9007000.0,,,,3115000.0,0.39,,,,34.584,2023-01-01,Q,False,SEC XBRL
BVFL,"BV Financial, Inc.",2023-06-30,FY2023-Q2,USD,9607000.0,,,,3899000.0,0.49,,,,40.585,2023-04-01,Q,False,SEC XBRL
BVFL,"BV Financial, Inc.",2023-09-30,FY2023-Q3,USD,9758000.0,,,,3684000.0,0.35,,,,37.754,2023-07-01,Q,False,SEC XBRL
BVFL,"BV Financial, Inc.",2023-12-31,FY2023-Q4,USD,9614000.0,,,,3009000.0,0.24,,,,31.298,2023-09-30,Q,True,SEC XBRL
BVFL,"BV Financial, Inc.",2024-03-31,FY2024-Q1,USD,8541000.0,,,,2574000.0,0.24,,,,30.137,2024-01-01,Q,False,SEC XBRL
BVFL,"BV Financial, Inc.",2024-06-30,FY2024-Q2,USD,9505000.0,,,,3399000.0,0.32,,,,35.76,2024-04-01,Q,False,SEC XBRL
BVFL,"BV Financial, Inc.",2024-09-30,FY2024-Q3,USD,9999000.0,,,,3798000.0,0.35,,,,37.984,2024-07-01,Q,False,SEC XBRL
BVFL,"BV Financial, Inc.",2024-12-31,FY2024-Q4,USD,9656000.0,,,,1952000.0,0.18,,,,20.215,2024-09-30,Q,True,SEC XBRL
BVFL,"BV Financial, Inc.",2025-03-31,FY2025-Q1,USD,9173000.0,,,,2099000.0,0.21,,,,22.882,2025-01-01,Q,False,SEC XBRL
BVFL,"BV Financial, Inc.",2025-06-30,FY2025-Q2,USD,9870000.0,,,,2861000.0,0.29,,,,28.987,2025-04-01,Q,False,SEC XBRL
BVFL,"BV Financial, Inc.",2025-09-30,FY2025-Q3,USD,10034000.0,,,,3730000.0,0.41,,,,37.174,2025-07-01,Q,False,SEC XBRL
BVFL,"BV Financial, Inc.",2025-12-31,FY2025-Q4,USD,10544000.0,,,,4805000.0,0.52,,,,45.571,2025-09-30,Q,True,SEC XBRL
BVFL,"BV Financial, Inc.",2026-03-31,FY2026-Q1,USD,9639000.0,,,,1091000.0,0.13,,,,11.319,2026-01-01,Q,False,SEC XBRL
CBRE,CBRE Group,2020-09-30,FY2020-Q3,USD,5645142000.0,,211408000.0,339133000.0,184132000.0,0.55,,3.745,6.008,3.262,2020-07-01,Q,False,SEC XBRL
CBRE,CBRE Group,2020-12-31,FY2020-Q4,USD,6910501000.0,,443896000.0,587721000.0,313765000.0,0.93,,6.423,8.505,4.54,2020-10-01,Q,True,SEC XBRL
CBRE,CBRE Group,2021-03-31,FY2021-Q1,USD,5938879000.0,,269084000.0,391162000.0,266202000.0,0.78,,4.531,6.586,4.482,2021-01-01,Q,False,SEC XBRL
CBRE,CBRE Group,2021-06-30,FY2021-Q2,USD,6458613000.0,,366482000.0,485567000.0,442637000.0,1.3,,5.674,7.518,6.853,2021-04-01,Q,False,SEC XBRL
CBRE,CBRE Group,2021-09-30,FY2021-Q3,USD,6798327000.0,,409665000.0,532229000.0,435743000.0,1.28,,6.026,7.829,6.41,2021-07-01,Q,False,SEC XBRL
CBRE,CBRE Group,2021-12-31,FY2021-Q4,USD,8550181000.0,,591769000.0,754042000.0,692418000.0,2.05,,6.921,8.819,8.098,2021-09-30,Q,True,SEC XBRL
CBRE,CBRE Group,2022-03-31,FY2022-Q1,USD,7332933000.0,,376952000.0,525984000.0,392297000.0,1.16,,5.141,7.173,5.35,2022-01-01,Q,False,SEC XBRL
CBRE,CBRE Group,2022-06-30,FY2022-Q2,USD,7771278000.0,,516937000.0,679296000.0,487322000.0,1.48,,6.652,8.741,6.271,2022-04-01,Q,False,SEC XBRL
CBRE,CBRE Group,2022-09-30,FY2022-Q3,USD,7529546000.0,,374350000.0,516486000.0,446639000.0,1.38,,4.972,6.859,5.932,2022-07-01,Q,False,SEC XBRL
CBRE,CBRE Group,2022-12-31,FY2022-Q4,USD,8194243000.0,,243761000.0,403234000.0,80742000.0,0.2700000000000004,,2.975,4.921,0.985,2022-09-30,Q,True,SEC XBRL
CBRE,CBRE Group,2023-03-31,FY2023-Q1,USD,7411000000.0,,37000000.0,199000000.0,117000000.0,0.37,,0.499,2.685,1.579,2023-01-01,Q,False,SEC XBRL
CBRE,CBRE Group,2023-06-30,FY2023-Q2,USD,7720000000.0,,306000000.0,460000000.0,201000000.0,0.64,,3.964,5.959,2.604,2023-04-01,Q,False,SEC XBRL
CBRE,CBRE Group,2023-09-30,FY2023-Q3,USD,7868000000.0,,269000000.0,418000000.0,191000000.0,0.61,,3.419,5.313,2.428,2023-07-01,Q,False,SEC XBRL
CBRE,CBRE Group,2023-12-31,FY2023-Q4,USD,8950000000.0,,505000000.0,662000000.0,477000000.0,1.5299999999999998,,5.642,7.397,5.33,2023-09-30,Q,True,SEC XBRL
CBRE,CBRE Group,2024-03-31,FY2024-Q1,USD,7935000000.0,,204000000.0,362000000.0,126000000.0,0.41,,2.571,4.562,1.588,2024-01-01,Q,False,SEC XBRL
CBRE,CBRE Group,2024-06-30,FY2024-Q2,USD,8391000000.0,,246000000.0,407000000.0,130000000.0,0.42,,2.932,4.85,1.549,2024-04-01,Q,False,SEC XBRL
CBRE,CBRE Group,2024-09-30,FY2024-Q3,USD,9036000000.0,,368000000.0,546000000.0,225000000.0,0.73,,4.073,6.042,2.49,2024-07-01,Q,False,SEC XBRL
CBRE,CBRE Group,2024-12-31,FY2024-Q4,USD,10405000000.0,,595000000.0,772000000.0,487000000.0,1.58,,5.718,7.42,4.68,2024-09-30,Q,True,SEC XBRL
CBRE,CBRE Group,2025-03-31,FY2025-Q1,USD,8875000000.0,,276000000.0,418000000.0,163000000.0,0.54,,3.11,4.71,1.837,2025-01-01,Q,False,SEC XBRL
CBRE,CBRE Group,2025-06-30,FY2025-Q2,USD,9717000000.0,,374000000.0,519000000.0,215000000.0,0.72,,3.849,5.341,2.213,2025-04-01,Q,False,SEC XBRL
CBRE,CBRE Group,2025-09-30,FY2025-Q3,USD,10258000000.0,,481000000.0,662000000.0,363000000.0,1.21,,4.689,6.453,3.539,2025-07-01,Q,False,SEC XBRL
CBRE,CBRE Group,2025-12-31,FY2025-Q4,USD,11700000000.0,,622000000.0,811000000.0,416000000.0,1.3800000000000003,,5.316,6.932,3.556,2025-09-30,Q,True,SEC XBRL
CBRE,CBRE Group,2026-03-31,FY2026-Q1,USD,10527000000.0,,511000000.0,693000000.0,318000000.0,1.07,,4.854,6.583,3.021,2026-01-01,Q,False,SEC XBRL
CBRE,CBRE Group,2026-06-30,FY2026-Q2,USD,11226000000.0,,365000000.0,555000000.0,204000000.0,0.69,,3.251,4.944,1.817,2026-04-01,Q,False,SEC XBRL
CETX,Cemtrex Inc.,2020-09-30,FY2020-Q4,USD,10743587.0,3646761.0,-2050599.0,-1528080.0,-4619686.0,-0.35,33.944,-19.087,-14.223,-42.999,2020-06-30,Q,True,SEC XBRL
CETX,Cemtrex Inc.,2020-12-31,FY2021-Q1,USD,8836076.0,4005470.0,-2045951.0,-1685373.0,-1692611.0,-0.09,45.331,-23.155,-19.074,-19.156,2020-10-01,Q,False,SEC XBRL
CETX,Cemtrex Inc.,2021-03-31,FY2021-Q2,USD,9260385.0,3928884.0,-1962598.0,-1643172.0,2454132.0,0.13,42.427,-21.193,-17.744,26.501,2021-01-01,Q,False,SEC XBRL
CETX,Cemtrex Inc.,2021-06-30,FY2021-Q3,USD,10326431.0,4127716.0,-2300269.0,-2008087.0,1098013.0,0.06,39.972,-22.276,-19.446,10.633,2021-04-01,Q,False,SEC XBRL
CETX,Cemtrex Inc.,2021-09-30,FY2021-Q4,USD,14708042.0,4906282.0,-2433002.0,-2069999.0,-9667529.0,-0.08,33.358,-16.542,-14.074,-65.73,2021-06-30,Q,True,SEC XBRL
CETX,Cemtrex Inc.,2021-12-31,FY2022-Q1,USD,9413395.0,3222250.0,-3298599.0,-3050895.0,-4477951.0,-0.19,34.23,-35.042,-32.41,-47.57,2021-10-01,Q,False,SEC XBRL
CETX,Cemtrex Inc.,2022-03-31,FY2022-Q2,USD,11746017.0,3769781.0,-2894222.0,-2531599.0,-4721247.0,-0.2,32.094,-24.64,-21.553,-40.194,2022-01-01,Q,False,SEC XBRL
CETX,Cemtrex Inc.,2022-06-30,FY2022-Q3,USD,12108904.0,5040107.0,-1531297.0,-1103486.0,-680793.0,-0.03,41.623,-12.646,-9.113,-5.622,2022-04-01,Q,False,SEC XBRL
CETX,Cemtrex Inc.,2022-09-30,FY2022-Q4,USD,11758464.0,4533790.0,-6404997.0,-5691037.0,-3140967.0,,38.558,-54.471,-48.399,-26.712,2022-06-30,Q,True,SEC XBRL
CETX,Cemtrex Inc.,2022-12-31,FY2023-Q1,USD,11970242.0,5042615.0,-1951436.0,-1420606.0,-6277211.0,-3.99,42.126,-16.302,-11.868,-52.44,2022-10-01,Q,False,SEC XBRL
CETX,Cemtrex Inc.,2023-03-31,FY2023-Q2,USD,16073397.0,7338481.0,404873.0,322431.0,-594794.0,-0.82,45.656,2.519,2.006,-3.7,2023-01-01,Q,False,SEC XBRL
CETX,Cemtrex Inc.,2023-06-30,FY2023-Q3,USD,14730140.0,6480643.0,53774.0,303655.0,-1146524.0,-1.36,43.996,0.365,2.061,-7.784,2023-04-01,Q,False,SEC XBRL
CETX,Cemtrex Inc.,2023-09-30,FY2023-Q4,USD,16594783.0,6824087.0,-18719.0,309087.0,-1178346.0,-15754.47,41.122,-0.113,1.863,-7.101,2023-06-30,Q,True,SEC XBRL
CETX,Cemtrex Inc.,2023-12-31,FY2024-Q1,USD,16878166.0,7082399.0,-738372.0,-370071.0,-1207494.0,-2440.85,41.962,-4.375,-2.193,-7.154,2023-10-01,Q,False,SEC XBRL
CETX,Cemtrex Inc.,2024-03-31,FY2024-Q2,USD,17159595.0,6939416.0,-1032141.0,-727252.0,-1473211.0,-3054.05,40.44,-6.015,-4.238,-8.585,2024-01-01,Q,False,SEC XBRL
CETX,Cemtrex Inc.,2024-06-30,FY2024-Q3,USD,14686398.0,5877147.0,-3179516.0,-2854065.0,-8981026.0,-605.49,40.018,-21.649,-19.433,-61.152,2024-04-01,Q,False,SEC XBRL
CETX,Cemtrex Inc.,2024-09-30,FY2024-Q4,USD,18139725.0,7579242.0,-319716.0,10384.0,4432240.0,5830.919999999999,41.783,-1.763,0.057,24.434,2024-06-30,Q,True,SEC XBRL
CETX,Cemtrex Inc.,2024-12-31,FY2025-Q1,USD,13739899.0,5701936.0,-2281436.0,-1944177.0,-28754367.0,-383.87,41.499,-16.604,-14.15,-209.276,2024-10-01,Q,False,SEC XBRL
CETX,Cemtrex Inc.,2025-03-31,FY2025-Q2,USD,27250269.0,12165455.0,4616824.0,4927590.0,8637479.0,19.51,44.643,16.942,18.083,31.697,2025-01-01,Q,False,SEC XBRL
CETX,Cemtrex Inc.,2025-06-30,FY2025-Q3,USD,16965658.0,7370506.0,-642401.0,-329496.0,-4543335.0,-1.78,43.444,-3.786,-1.942,-26.78,2025-04-01,Q,False,SEC XBRL
CETX,Cemtrex Inc.,2025-09-30,FY2025-Q4,USD,18532262.0,7050629.0,-1183161.0,-788553.0,-3452145.0,155.26,38.045,-6.384,-4.255,-18.628,2025-06-30,Q,True,SEC XBRL
CETX,Cemtrex Inc.,2025-12-31,FY2026-Q1,USD,16133311.0,5621866.0,-2806160.0,-2393765.0,-20556147.0,-7.91,34.846,-17.394,-14.837,-127.414,2025-10-01,Q,False,SEC XBRL
CETX,Cemtrex Inc.,2026-03-31,FY2026-Q2,USD,18061367.0,6847204.0,-2172037.0,-1568525.0,907048.0,0.11,37.911,-12.026,-8.684,5.022,2026-01-01,Q,False,SEC XBRL
CF,CF Industries,2020-09-30,FY2020-Q3,USD,847000000.0,83000000.0,40000000.0,252000000.0,4000000.0,-0.13,9.799,4.723,29.752,0.472,2020-07-01,Q,False,SEC XBRL
CF,CF Industries,2020-12-31,FY2020-Q4,USD,1102000000.0,180000000.0,156000000.0,386000000.0,119000000.0,0.4000000000000001,16.334,14.156,35.027,10.799,2020-09-30,Q,True,SEC XBRL
CF,CF Industries,2021-03-31,FY2021-Q1,USD,1048000000.0,289000000.0,247000000.0,451000000.0,175000000.0,0.7,27.576,23.569,43.034,16.698,2021-01-01,Q,False,SEC XBRL
CF,CF Industries,2021-06-30,FY2021-Q2,USD,1588000000.0,503000000.0,450000000.0,693000000.0,317000000.0,1.14,31.675,28.338,43.64,19.962,2021-04-01,Q,False,SEC XBRL
CF,CF Industries,2021-09-30,FY2021-Q3,USD,1362000000.0,440000000.0,-97000000.0,106000000.0,-91000000.0,-0.86,32.305,-7.122,7.783,-6.681,2021-07-01,Q,False,SEC XBRL
CF,CF Industries,2021-12-31,FY2021-Q4,USD,2540000000.0,1155000000.0,1129000000.0,1367000000.0,859000000.0,3.26,45.472,44.449,53.819,33.819,2021-09-30,Q,True,SEC XBRL
CF,CF Industries,2022-03-31,FY2022-Q1,USD,2868000000.0,1698000000.0,1658000000.0,1866000000.0,1051000000.0,4.21,59.205,57.81,65.063,36.646,2022-01-01,Q,False,SEC XBRL
CF,CF Industries,2022-06-30,FY2022-Q2,USD,3389000000.0,1991000000.0,1778000000.0,2001000000.0,1339000000.0,5.58,58.749,52.464,59.044,39.51,2022-04-01,Q,False,SEC XBRL
CF,CF Industries,2022-09-30,FY2022-Q3,USD,2321000000.0,916000000.0,750000000.0,971000000.0,538000000.0,2.18,39.466,32.314,41.835,23.18,2022-07-01,Q,False,SEC XBRL
CF,CF Industries,2022-12-31,FY2022-Q4,USD,2608000000.0,1256000000.0,1211000000.0,1409000000.0,1009000000.0,4.41,48.16,46.434,54.026,38.689,2022-09-30,Q,True,SEC XBRL
CF,CF Industries,2023-03-31,FY2023-Q1,USD,2012000000.0,863000000.0,826000000.0,1032000000.0,650000000.0,2.85,42.893,41.054,51.292,32.306,2023-01-01,Q,False,SEC XBRL
CF,CF Industries,2023-06-30,FY2023-Q2,USD,1775000000.0,804000000.0,734000000.0,955000000.0,606000000.0,2.7,45.296,41.352,53.803,34.141,2023-04-01,Q,False,SEC XBRL
CF,CF Industries,2023-09-30,FY2023-Q3,USD,1273000000.0,377000000.0,244000000.0,457000000.0,230000000.0,0.85,29.615,19.167,35.899,18.068,2023-07-01,Q,False,SEC XBRL
CF,CF Industries,2023-12-31,FY2023-Q4,USD,1571000000.0,501000000.0,426000000.0,655000000.0,352000000.0,1.4699999999999998,31.891,27.116,41.693,22.406,2023-09-30,Q,True,SEC XBRL
CF,CF Industries,2024-03-31,FY2024-Q1,USD,1470000000.0,409000000.0,303000000.0,556000000.0,238000000.0,1.03,27.823,20.612,37.823,16.19,2024-01-01,Q,False,SEC XBRL
CF,CF Industries,2024-06-30,FY2024-Q2,USD,1572000000.0,679000000.0,638000000.0,860000000.0,506000000.0,2.3,43.193,40.585,54.707,32.188,2024-04-01,Q,False,SEC XBRL
CF,CF Industries,2024-09-30,FY2024-Q3,USD,1370000000.0,444000000.0,364000000.0,593000000.0,341000000.0,1.55,32.409,26.569,43.285,24.891,2024-07-01,Q,False,SEC XBRL
CF,CF Industries,2024-12-31,FY2024-Q4,USD,1524000000.0,524000000.0,441000000.0,662000000.0,392000000.0,1.8600000000000003,34.383,28.937,43.438,25.722,2024-09-30,Q,True,SEC XBRL
CF,CF Industries,2025-03-31,FY2025-Q1,USD,1663000000.0,572000000.0,455000000.0,676000000.0,351000000.0,1.85,34.396,27.36,40.649,21.106,2025-01-01,Q,False,SEC XBRL
CF,CF Industries,2025-06-30,FY2025-Q2,USD,1890000000.0,755000000.0,648000000.0,880000000.0,492000000.0,2.37,39.947,34.286,46.561,26.032,2025-04-01,Q,False,SEC XBRL
CF,CF Industries,2025-09-30,FY2025-Q3,USD,1659000000.0,632000000.0,580000000.0,797000000.0,460000000.0,2.19,38.095,34.961,48.041,27.728,2025-07-01,Q,False,SEC XBRL
CF,CF Industries,2025-12-31,FY2025-Q4,USD,1872000000.0,765000000.0,617000000.0,845000000.0,495000000.0,2.5600000000000005,40.865,32.959,45.139,26.442,2025-09-30,Q,True,SEC XBRL
CF,CF Industries,2026-03-31,FY2026-Q1,USD,1986000000.0,746000000.0,863000000.0,1091000000.0,676000000.0,3.98,37.563,43.454,54.935,34.038,2026-01-01,Q,False,SEC XBRL
CHAI,"Core AI Holdings, Inc.",2020-12-31,FY2020,USD,5989772.0,1580117.0,,,,,26.38,,,,2020-01-01,FY,False,SEC XBRL
CHAI,"Core AI Holdings, Inc.",2024-12-31,FY2024,USD,34829376.0,1487521.0,-369152.0,,-372320.0,-0.02,4.271,-1.06,,-1.069,2024-01-01,FY,False,SEC XBRL
CHAI,"Core AI Holdings, Inc.",2025-12-31,FY2025,USD,55239839.0,-302662.0,-7117460.0,,-31591331.0,-0.31,-0.548,-12.885,,-57.189,2025-01-01,FY,False,SEC XBRL
CINF,Cincinnati Financial,2020-09-30,FY2020-Q3,USD,2227000000.0,,,,484000000.0,2.99,,,,21.733,2020-07-01,Q,False,SEC XBRL
CINF,Cincinnati Financial,2020-12-31,FY2020-Q4,USD,2694000000.0,,,,1049000000.0,6.47,,,,38.938,2020-10-01,Q,False,SEC XBRL
CINF,Cincinnati Financial,2021-03-31,FY2021-Q1,USD,2227000000.0,,,,620000000.0,3.82,,,,27.84,2021-01-01,Q,False,SEC XBRL
CINF,Cincinnati Financial,2021-06-30,FY2021-Q2,USD,2295000000.0,,,,703000000.0,4.31,,,,30.632,2021-04-01,Q,False,SEC XBRL
CINF,Cincinnati Financial,2021-09-30,FY2021-Q3,USD,1785000000.0,,,,153000000.0,0.94,,,,8.571,2021-07-01,Q,False,SEC XBRL
CINF,Cincinnati Financial,2021-12-31,FY2021-Q4,USD,3319000000.0,,,,1492000000.0,9.17,,,,44.953,2021-09-30,Q,True,SEC XBRL
CINF,Cincinnati Financial,2022-03-31,FY2022-Q1,USD,1218000000.0,,,,-266000000.0,-1.66,,,,-21.839,2022-01-01,Q,False,SEC XBRL
CINF,Cincinnati Financial,2022-06-30,FY2022-Q2,USD,820000000.0,,,,-818000000.0,-5.12,,,,-99.756,2022-04-01,Q,False,SEC XBRL
CINF,Cincinnati Financial,2022-09-30,FY2022-Q3,USD,1410000000.0,,,,-416000000.0,-2.63,,,,-29.504,2022-07-01,Q,False,SEC XBRL
CINF,Cincinnati Financial,2022-12-31,FY2022-Q4,USD,3115000000.0,,,,1013000000.0,6.35,,,,32.52,2022-09-30,Q,True,SEC XBRL
CINF,Cincinnati Financial,2023-03-31,FY2023-Q1,USD,2241000000.0,,,,225000000.0,1.42,,,,10.04,2023-01-01,Q,False,SEC XBRL
CINF,Cincinnati Financial,2023-06-30,FY2023-Q2,USD,2605000000.0,,,,534000000.0,3.38,,,,20.499,2023-04-01,Q,False,SEC XBRL
CINF,Cincinnati Financial,2023-09-30,FY2023-Q3,USD,1811000000.0,,,,-99000000.0,-0.63,,,,-5.467,2023-07-01,Q,False,SEC XBRL
CINF,Cincinnati Financial,2023-12-31,FY2023-Q4,USD,3356000000.0,,,,1183000000.0,7.49,,,,35.25,2023-09-30,Q,True,SEC XBRL
CINF,Cincinnati Financial,2024-03-31,FY2024-Q1,USD,2935000000.0,,,,755000000.0,4.78,,,,25.724,2024-01-01,Q,False,SEC XBRL
CINF,Cincinnati Financial,2024-06-30,FY2024-Q2,USD,2544000000.0,,,,312000000.0,1.98,,,,12.264,2024-04-01,Q,False,SEC XBRL
CINF,Cincinnati Financial,2024-09-30,FY2024-Q3,USD,3320000000.0,,,,820000000.0,5.2,,,,24.699,2024-07-01,Q,False,SEC XBRL
CINF,Cincinnati Financial,2024-12-31,FY2024-Q4,USD,2538000000.0,,,,405000000.0,2.5699999999999985,,,,15.957,2024-09-30,Q,True,SEC XBRL
CINF,Cincinnati Financial,2025-03-31,FY2025-Q1,USD,2566000000.0,,,,-90000000.0,-0.57,,,,-3.507,2025-01-01,Q,False,SEC XBRL
CINF,Cincinnati Financial,2025-06-30,FY2025-Q2,USD,3248000000.0,,,,685000000.0,4.34,,,,21.09,2025-04-01,Q,False,SEC XBRL
CINF,Cincinnati Financial,2025-09-30,FY2025-Q3,USD,3726000000.0,,,,1122000000.0,7.11,,,,30.113,2025-07-01,Q,False,SEC XBRL
CINF,Cincinnati Financial,2025-12-31,FY2025-Q4,USD,3091000000.0,,,,676000000.0,4.289999999999999,,,,21.87,2025-09-30,Q,True,SEC XBRL
CINF,Cincinnati Financial,2026-03-31,FY2026-Q1,USD,2863000000.0,,,,274000000.0,1.75,,,,9.57,2026-01-01,Q,False,SEC XBRL
CINF,Cincinnati Financial,2026-06-30,FY2026-Q2,USD,4274000000.0,,,,1255000000.0,8.05,,,,29.364,2026-04-01,Q,False,SEC XBRL
CME,CME Group,2020-09-30,FY2020-Q3,USD,1080700000.0,,525000000.0,,411700000.0,1.15,,48.58,,38.096,2020-07-01,Q,False,SEC XBRL
CME,CME Group,2020-12-31,FY2020-Q4,USD,1098500000.0,,515000000.0,,424000000.0,1.18,,46.882,,38.598,2020-10-01,Q,True,SEC XBRL
CME,CME Group,2021-03-31,FY2021-Q1,USD,1253300000.0,,725100000.0,,574400000.0,1.6,,57.855,,45.831,2021-01-01,Q,False,SEC XBRL
CME,CME Group,2021-06-30,FY2021-Q2,USD,1179200000.0,,674700000.0,,510300000.0,1.42,,57.217,,43.275,2021-04-01,Q,False,SEC XBRL
CME,CME Group,2021-09-30,FY2021-Q3,USD,1109900000.0,,613700000.0,,926500000.0,2.58,,55.293,,83.476,2021-07-01,Q,False,SEC XBRL
CME,CME Group,2021-12-31,FY2021-Q4,USD,1147300000.0,,631700000.0,,625800000.0,1.6900000000000004,,55.06,,54.545,2021-09-30,Q,True,SEC XBRL
CME,CME Group,2022-03-31,FY2022-Q1,USD,1346600000.0,,859100000.0,,711000000.0,1.95,,63.798,,52.8,2022-01-01,Q,False,SEC XBRL
CME,CME Group,2022-06-30,FY2022-Q2,USD,1237200000.0,,749700000.0,,662500000.0,1.82,,60.597,,53.548,2022-04-01,Q,False,SEC XBRL
CME,CME Group,2022-09-30,FY2022-Q3,USD,1227800000.0,,738800000.0,,679600000.0,1.87,,60.173,,55.351,2022-07-01,Q,False,SEC XBRL
CME,CME Group,2022-12-31,FY2022-Q4,USD,1207800000.0,,668300000.0,,637900000.0,1.7599999999999998,,55.332,,52.815,2022-09-30,Q,True,SEC XBRL
CME,CME Group,2023-03-31,FY2023-Q1,USD,1441600000.0,,913700000.0,,883800000.0,2.43,,63.381,,61.307,2023-01-01,Q,False,SEC XBRL
CME,CME Group,2023-06-30,FY2023-Q2,USD,1360200000.0,,838600000.0,,777600000.0,2.14,,61.653,,57.168,2023-04-01,Q,False,SEC XBRL
CME,CME Group,2023-09-30,FY2023-Q3,USD,1337800000.0,,820200000.0,,750200000.0,2.06,,61.31,,56.077,2023-07-01,Q,False,SEC XBRL
CME,CME Group,2023-12-31,FY2023-Q4,USD,1439300000.0,,863200000.0,,814600000.0,2.229999999999998,,59.974,,56.597,2023-09-30,Q,True,SEC XBRL
CME,CME Group,2024-03-31,FY2024-Q1,USD,1487900000.0,,959600000.0,,855200000.0,2.35,,64.494,,57.477,2024-01-01,Q,False,SEC XBRL
CME,CME Group,2024-06-30,FY2024-Q2,USD,1532500000.0,,1000600000.0,,883200000.0,2.42,,65.292,,57.631,2024-04-01,Q,False,SEC XBRL
CME,CME Group,2024-09-30,FY2024-Q3,USD,1584400000.0,,1024200000.0,,912800000.0,2.5,,64.643,,57.612,2024-07-01,Q,False,SEC XBRL
CME,CME Group,2024-12-31,FY2024-Q4,USD,1525300000.0,,947100000.0,,874600000.0,2.4000000000000004,,62.093,,57.34,2024-09-30,Q,True,SEC XBRL
CME,CME Group,2025-03-31,FY2025-Q1,USD,1642300000.0,,1108000000.0,,956200000.0,2.62,,67.466,,58.223,2025-01-01,Q,False,SEC XBRL
CME,CME Group,2025-06-30,FY2025-Q2,USD,1692000000.0,,1129300000.0,,1025100000.0,2.81,,66.743,,60.585,2025-04-01,Q,False,SEC XBRL
CME,CME Group,2025-09-30,FY2025-Q3,USD,1537600000.0,,972600000.0,,908000000.0,2.49,,63.254,,59.053,2025-07-01,Q,False,SEC XBRL
CME,CME Group,2025-12-31,FY2025-Q4,USD,1648700000.0,,1019600000.0,,1182900000.0,3.24,,61.843,,71.747,2025-09-30,Q,True,SEC XBRL
CME,CME Group,2026-03-31,FY2026-Q1,USD,1880100000.0,,1309700000.0,,1154300000.0,3.18,,69.661,,61.396,2026-01-01,Q,False,SEC XBRL
CME,CME Group,2026-06-30,FY2026-Q2,USD,1706200000.0,,1107100000.0,,1041800000.0,2.88,,64.887,,61.06,2026-04-01,Q,False,SEC XBRL
COO,Cooper Companies (The),2020-07-31,FY2020-Q3,USD,578200000.0,360800000.0,72000000.0,142600000.0,55200000.0,1.12,62.401,12.452,24.663,9.547,2020-05-01,Q,False,SEC XBRL
COO,Cooper Companies (The),2020-10-31,FY2020-Q4,USD,681600000.0,424000000.0,100100000.0,,81200000.0,1.64,62.207,14.686,,11.913,2020-08-01,Q,True,SEC XBRL
COO,Cooper Companies (The),2021-01-31,FY2021-Q1,USD,680500000.0,450700000.0,133400000.0,208900000.0,2101100000.0,42.31,66.231,19.603,30.698,308.758,2020-11-01,Q,False,SEC XBRL
COO,Cooper Companies (The),2021-04-30,FY2021-Q2,USD,719500000.0,487100000.0,143200000.0,220700000.0,117500000.0,2.36,67.7,19.903,30.674,16.331,2021-02-01,Q,False,SEC XBRL
COO,Cooper Companies (The),2021-07-31,FY2021-Q3,USD,763400000.0,516100000.0,100600000.0,179500000.0,615800000.0,12.37,67.605,13.178,23.513,80.665,2021-05-01,Q,False,SEC XBRL
COO,Cooper Companies (The),2021-10-31,FY2021-Q4,USD,759100000.0,501900000.0,128600000.0,206000000.0,110300000.0,2.119999999999997,66.118,16.941,27.137,14.53,2021-07-31,Q,True,SEC XBRL
COO,Cooper Companies (The),2022-01-31,FY2022-Q1,USD,787200000.0,518400000.0,130800000.0,212800000.0,95300000.0,1.91,65.854,16.616,27.033,12.106,2021-11-01,Q,False,SEC XBRL
COO,Cooper Companies (The),2022-04-30,FY2022-Q2,USD,829800000.0,532500000.0,132700000.0,226100000.0,126600000.0,2.55,64.172,15.992,27.248,15.257,2022-02-01,Q,False,SEC XBRL
COO,Cooper Companies (The),2022-07-31,FY2022-Q3,USD,843400000.0,552100000.0,140600000.0,222300000.0,98400000.0,1.98,65.461,16.671,26.358,11.667,2022-05-01,Q,False,SEC XBRL
COO,Cooper Companies (The),2022-10-31,FY2022-Q4,USD,848000000.0,536600000.0,103500000.0,192500000.0,65500000.0,-4.5,63.278,12.205,22.7,7.724,2022-07-31,Q,True,SEC XBRL
COO,Cooper Companies (The),2023-01-31,FY2023-Q1,USD,858500000.0,558500000.0,149500000.0,239200000.0,84600000.0,0.43,65.055,17.414,27.863,9.854,2022-11-01,Q,False,SEC XBRL
COO,Cooper Companies (The),2023-04-30,FY2023-Q2,USD,877400000.0,582900000.0,96300000.0,187100000.0,39800000.0,0.2,66.435,10.976,21.324,4.536,2023-02-01,Q,False,SEC XBRL
COO,Cooper Companies (The),2023-07-31,FY2023-Q3,USD,930200000.0,610000000.0,151600000.0,246100000.0,85300000.0,0.43,65.577,16.298,26.457,9.17,2023-05-01,Q,False,SEC XBRL
COO,Cooper Companies (The),2023-10-31,FY2023-Q4,USD,927100000.0,606500000.0,135700000.0,228400000.0,84500000.0,0.4199999999999999,65.419,14.637,24.636,9.114,2023-07-31,Q,True,SEC XBRL
COO,Cooper Companies (The),2024-01-31,FY2024-Q1,USD,931600000.0,623800000.0,153100000.0,249900000.0,81200000.0,0.41,66.96,16.434,26.825,8.716,2023-11-01,Q,False,SEC XBRL
COO,Cooper Companies (The),2024-04-30,FY2024-Q2,USD,942600000.0,631200000.0,161700000.0,260000000.0,88900000.0,0.44,66.964,17.155,27.583,9.431,2024-02-01,Q,False,SEC XBRL
COO,Cooper Companies (The),2024-07-31,FY2024-Q3,USD,1002800000.0,663000000.0,192500000.0,281500000.0,104700000.0,0.52,66.115,19.196,28.071,10.441,2024-05-01,Q,False,SEC XBRL
COO,Cooper Companies (The),2024-10-31,FY2024-Q4,USD,1018400000.0,677700000.0,198400000.0,289400000.0,117500000.0,0.5899999999999999,66.546,19.482,28.417,11.538,2024-07-31,Q,True,SEC XBRL
COO,Cooper Companies (The),2025-01-31,FY2025-Q1,USD,964700000.0,660200000.0,182000000.0,273000000.0,104300000.0,0.52,68.436,18.866,28.299,10.812,2024-11-01,Q,False,SEC XBRL
COO,Cooper Companies (The),2025-04-30,FY2025-Q2,USD,1002300000.0,679100000.0,184800000.0,277400000.0,87700000.0,0.44,67.754,18.438,27.676,8.75,2025-02-01,Q,False,SEC XBRL
COO,Cooper Companies (The),2025-07-31,FY2025-Q3,USD,1060300000.0,692000000.0,175700000.0,271100000.0,98300000.0,0.49,65.265,16.571,25.568,9.271,2025-05-01,Q,False,SEC XBRL
COO,Cooper Companies (The),2025-10-31,FY2025-Q4,USD,1065100000.0,650800000.0,140400000.0,238800000.0,84600000.0,0.4200000000000001,61.102,13.182,22.42,7.943,2025-07-31,Q,True,SEC XBRL
COO,Cooper Companies (The),2026-01-31,FY2026-Q1,USD,1024100000.0,695200000.0,212800000.0,308300000.0,130800000.0,0.66,67.884,20.779,30.104,12.772,2025-11-01,Q,False,SEC XBRL
COO,Cooper Companies (The),2026-04-30,FY2026-Q2,USD,1081500000.0,735400000.0,-31000000.0,64400000.0,-77900000.0,-0.4,67.998,-2.866,5.955,-7.203,2026-02-01,Q,False,SEC XBRL
COP,ConocoPhillips,2020-09-30,FY2020-Q3,USD,4386000000.0,,,,-450000000.0,-0.42,,,,-10.26,2020-07-01,Q,False,SEC XBRL
COP,ConocoPhillips,2020-12-31,FY2020-Q4,USD,5577000000.0,,,,-772000000.0,-0.7299999999999998,,,,-13.843,2020-09-30,Q,True,SEC XBRL
COP,ConocoPhillips,2021-03-31,FY2021-Q1,USD,9826000000.0,,,,982000000.0,0.75,,,,9.994,2021-01-01,Q,False,SEC XBRL
COP,ConocoPhillips,2021-06-30,FY2021-Q2,USD,9556000000.0,,,,2091000000.0,1.55,,,,21.882,2021-04-01,Q,False,SEC XBRL
COP,ConocoPhillips,2021-09-30,FY2021-Q3,USD,11326000000.0,,,,2379000000.0,1.78,,,,21.005,2021-07-01,Q,False,SEC XBRL
COP,ConocoPhillips,2021-12-31,FY2021-Q4,USD,15120000000.0,,,,2627000000.0,1.99,,,,17.374,2021-09-30,Q,True,SEC XBRL
COP,ConocoPhillips,2022-03-31,FY2022-Q1,USD,17762000000.0,,,,5759000000.0,4.39,,,,32.423,2022-01-01,Q,False,SEC XBRL
COP,ConocoPhillips,2022-06-30,FY2022-Q2,USD,21161000000.0,,,,5145000000.0,3.96,,,,24.314,2022-04-01,Q,False,SEC XBRL
COP,ConocoPhillips,2022-09-30,FY2022-Q3,USD,21013000000.0,,,,4527000000.0,3.55,,,,21.544,2022-07-01,Q,False,SEC XBRL
COP,ConocoPhillips,2022-12-31,FY2022-Q4,USD,18558000000.0,,,,3249000000.0,2.6700000000000017,,,,17.507,2022-09-30,Q,True,SEC XBRL
COP,ConocoPhillips,2023-03-31,FY2023-Q1,USD,14811000000.0,,,,2920000000.0,2.38,,,,19.715,2023-01-01,Q,False,SEC XBRL
COP,ConocoPhillips,2023-06-30,FY2023-Q2,USD,12351000000.0,,,,2232000000.0,1.84,,,,18.071,2023-04-01,Q,False,SEC XBRL
COP,ConocoPhillips,2023-09-30,FY2023-Q3,USD,14250000000.0,,,,2798000000.0,2.32,,,,19.635,2023-07-01,Q,False,SEC XBRL
COP,ConocoPhillips,2023-12-31,FY2023-Q4,USD,14729000000.0,,,,3007000000.0,2.5200000000000014,,,,20.416,2023-09-30,Q,True,SEC XBRL
COP,ConocoPhillips,2024-03-31,FY2024-Q1,USD,13848000000.0,,,,2551000000.0,2.15,,,,18.421,2024-01-01,Q,False,SEC XBRL
COP,ConocoPhillips,2024-06-30,FY2024-Q2,USD,13620000000.0,,,,2329000000.0,1.98,,,,17.1,2024-04-01,Q,False,SEC XBRL
COP,ConocoPhillips,2024-09-30,FY2024-Q3,USD,13041000000.0,,,,2059000000.0,1.76,,,,15.789,2024-07-01,Q,False,SEC XBRL
COP,ConocoPhillips,2024-12-31,FY2024-Q4,USD,14236000000.0,,,,2306000000.0,1.92,,,,16.198,2024-09-30,Q,True,SEC XBRL
COP,ConocoPhillips,2025-03-31,FY2025-Q1,USD,16517000000.0,,,,2849000000.0,2.23,,,,17.249,2025-01-01,Q,False,SEC XBRL
COP,ConocoPhillips,2025-06-30,FY2025-Q2,USD,14004000000.0,,,,1971000000.0,1.56,,,,14.075,2025-04-01,Q,False,SEC XBRL
COP,ConocoPhillips,2025-09-30,FY2025-Q3,USD,15031000000.0,,,,1726000000.0,1.38,,,,11.483,2025-07-01,Q,False,SEC XBRL
COP,ConocoPhillips,2025-12-31,FY2025-Q4,USD,13392000000.0,,,,1442000000.0,1.1799999999999995,,,,10.768,2025-09-30,Q,True,SEC XBRL
COP,ConocoPhillips,2026-03-31,FY2026-Q1,USD,15761000000.0,,,,2183000000.0,1.78,,,,13.851,2026-01-01,Q,False,SEC XBRL
COST,Costco,2020-08-30,FY2020-Q4,USD,53383000000.0,,1929000000.0,2434000000.0,1389000000.0,3.13,,3.614,4.56,2.602,2020-05-10,Q,True,SEC XBRL
COST,Costco,2020-11-22,FY2021-Q1,USD,43208000000.0,,1430000000.0,1834000000.0,1166000000.0,2.62,,3.31,4.245,2.699,2020-08-31,Q,False,SEC XBRL
COST,Costco,2021-02-14,FY2021-Q2,USD,44769000000.0,,1340000000.0,1756000000.0,951000000.0,2.14,,2.993,3.922,2.124,2020-11-23,Q,False,SEC XBRL
COST,Costco,2021-05-09,FY2021-Q3,USD,45277000000.0,,1663000000.0,2065000000.0,1220000000.0,2.75,,3.673,4.561,2.695,2021-02-15,Q,False,SEC XBRL
COST,Costco,2021-08-29,FY2021-Q4,USD,62675000000.0,,2275000000.0,2834000000.0,1670000000.0,3.76,,3.63,4.522,2.665,2021-05-09,Q,True,SEC XBRL
COST,Costco,2021-11-21,FY2022-Q1,USD,50363000000.0,,1693000000.0,2125000000.0,1324000000.0,2.98,,3.362,4.219,2.629,2021-08-30,Q,False,SEC XBRL
COST,Costco,2022-02-13,FY2022-Q2,USD,51904000000.0,,1812000000.0,2248000000.0,1299000000.0,2.92,,3.491,4.331,2.503,2021-11-22,Q,False,SEC XBRL
COST,Costco,2022-05-08,FY2022-Q3,USD,52596000000.0,,1791000000.0,2222000000.0,1353000000.0,3.04,,3.405,4.225,2.572,2022-02-14,Q,False,SEC XBRL
COST,Costco,2022-08-28,FY2022-Q4,USD,72091000000.0,,2497000000.0,3098000000.0,1868000000.0,4.199999999999999,,3.464,4.297,2.591,2022-05-08,Q,True,SEC XBRL
COST,Costco,2022-11-20,FY2023-Q1,USD,54437000000.0,,1751000000.0,2198000000.0,1364000000.0,3.07,,3.217,4.038,2.506,2022-08-29,Q,False,SEC XBRL
COST,Costco,2023-02-12,FY2023-Q2,USD,55266000000.0,,1903000000.0,2373000000.0,1466000000.0,3.3,,3.443,4.294,2.653,2022-11-21,Q,False,SEC XBRL
COST,Costco,2023-05-07,FY2023-Q3,USD,53648000000.0,,1679000000.0,2151000000.0,1302000000.0,2.93,,3.13,4.009,2.427,2023-02-13,Q,False,SEC XBRL
COST,Costco,2023-09-03,FY2023-Q4,USD,78939000000.0,,2781000000.0,3469000000.0,2160000000.0,4.860000000000001,,3.523,4.395,2.736,2023-05-07,Q,True,SEC XBRL
COST,Costco,2023-11-26,FY2024-Q1,USD,57799000000.0,,1984000000.0,2485000000.0,1589000000.0,3.58,,3.433,4.299,2.749,2023-09-04,Q,False,SEC XBRL
COST,Costco,2024-02-18,FY2024-Q2,USD,58442000000.0,,2062000000.0,2576000000.0,1743000000.0,3.92,,3.528,4.408,2.982,2023-11-27,Q,False,SEC XBRL
COST,Costco,2024-05-12,FY2024-Q3,USD,58515000000.0,,2197000000.0,2713000000.0,1681000000.0,3.78,,3.755,4.636,2.873,2024-02-19,Q,False,SEC XBRL
COST,Costco,2024-09-01,FY2024-Q4,USD,79697000000.0,,3042000000.0,3748000000.0,2354000000.0,5.279999999999999,,3.817,4.703,2.954,2024-05-12,Q,True,SEC XBRL
COST,Costco,2024-11-24,FY2025-Q1,USD,62151000000.0,,2196000000.0,2744000000.0,1798000000.0,4.04,,3.533,4.415,2.893,2024-09-02,Q,False,SEC XBRL
COST,Costco,2025-02-16,FY2025-Q2,USD,63723000000.0,,2316000000.0,2868000000.0,1788000000.0,4.02,,3.634,4.501,2.806,2024-11-25,Q,False,SEC XBRL
COST,Costco,2025-05-11,FY2025-Q3,USD,63205000000.0,,2530000000.0,3082000000.0,1903000000.0,4.28,,4.003,4.876,3.011,2025-02-17,Q,False,SEC XBRL
COST,Costco,2025-08-31,FY2025-Q4,USD,86156000000.0,,3341000000.0,,2610000000.0,5.870000000000001,,3.878,,3.029,2025-05-11,Q,True,SEC XBRL
COST,Costco,2025-11-23,FY2026-Q1,USD,67307000000.0,,2463000000.0,3060000000.0,2001000000.0,4.5,,3.659,4.546,2.973,2025-09-01,Q,False,SEC XBRL
COST,Costco,2026-02-15,FY2026-Q2,USD,69597000000.0,,2606000000.0,3203000000.0,2035000000.0,4.58,,3.744,4.602,2.924,2025-11-24,Q,False,SEC XBRL
COST,Costco,2026-05-10,FY2026-Q3,USD,70527000000.0,,2815000000.0,3412000000.0,2192000000.0,4.93,,3.991,4.838,3.108,2026-02-16,Q,False,SEC XBRL
CPAY,Corpay,2020-09-30,FY2020-Q3,USD,585283000.0,,264532000.0,328011000.0,188817000.0,2.19,,45.197,56.043,32.261,2020-07-01,Q,False,SEC XBRL
CPAY,Corpay,2020-12-31,FY2020-Q4,USD,617333000.0,,293939000.0,358624000.0,209851000.0,2.44,,47.614,58.092,33.993,2020-10-01,Q,False,SEC XBRL
CPAY,Corpay,2021-03-31,FY2021-Q1,USD,608623000.0,,265965000.0,331694000.0,217952000.0,2.15,,43.699,54.499,35.811,2021-01-01,Q,False,SEC XBRL
CPAY,Corpay,2021-06-30,FY2021-Q2,USD,667381000.0,,297612000.0,366830000.0,196247000.0,2.3,,44.594,54.966,29.406,2021-04-01,Q,False,SEC XBRL
CPAY,Corpay,2021-09-30,FY2021-Q3,USD,755477000.0,,338687000.0,412924000.0,234007000.0,2.8,,44.831,54.657,30.975,2021-07-01,Q,False,SEC XBRL
CPAY,Corpay,2021-12-31,FY2021-Q4,USD,802255000.0,,340292000.0,415305000.0,225004000.0,2.74,,42.417,51.767,28.046,2021-10-01,Q,False,SEC XBRL
CPAY,Corpay,2022-03-31,FY2022-Q1,USD,789241000.0,,317721000.0,394523000.0,217952000.0,2.75,,40.257,49.988,27.615,2022-01-01,Q,False,SEC XBRL
CPAY,Corpay,2022-06-30,FY2022-Q2,USD,861278000.0,,370480000.0,448954000.0,262171000.0,3.35,,43.015,52.126,30.44,2022-04-01,Q,False,SEC XBRL
CPAY,Corpay,2022-09-30,FY2022-Q3,USD,893000000.0,,389170000.0,466383000.0,248885000.0,3.29,,43.58,52.227,27.871,2022-07-01,Q,False,SEC XBRL
CPAY,Corpay,2022-12-31,FY2022-Q4,USD,883610000.0,,369270000.0,459063000.0,225319000.0,3.03,,41.791,51.953,25.5,2022-09-30,Q,True,SEC XBRL
CPAY,Corpay,2023-03-31,FY2023-Q1,USD,901333000.0,,375195000.0,459427000.0,214835000.0,2.88,,41.627,50.972,23.835,2023-01-01,Q,False,SEC XBRL
CPAY,Corpay,2023-06-30,FY2023-Q2,USD,948174000.0,,412650000.0,496326000.0,239702000.0,3.2,,43.52,52.345,25.28,2023-04-01,Q,False,SEC XBRL
CPAY,Corpay,2023-09-30,FY2023-Q3,USD,970892000.0,,444977000.0,529727000.0,271496000.0,3.64,,45.832,54.561,27.964,2023-07-01,Q,False,SEC XBRL
CPAY,Corpay,2023-12-31,FY2023-Q4,USD,937320000.0,,424051000.0,507997000.0,255857000.0,3.479999999999998,,45.241,54.197,27.297,2023-09-30,Q,True,SEC XBRL
CPAY,Corpay,2024-03-31,FY2024-Q1,USD,935251000.0,,397338000.0,482098000.0,229769000.0,3.12,,42.485,51.547,24.568,2024-01-01,Q,False,SEC XBRL
CPAY,Corpay,2024-06-30,FY2024-Q2,USD,975710000.0,,433339000.0,517681000.0,251625000.0,3.52,,44.413,53.057,25.789,2024-04-01,Q,False,SEC XBRL
CPAY,Corpay,2024-09-30,FY2024-Q3,USD,1029197000.0,,468132000.0,557678000.0,276397000.0,3.9,,45.485,54.186,26.856,2024-07-01,Q,False,SEC XBRL
CPAY,Corpay,2024-12-31,FY2024-Q4,USD,1034431000.0,,488348000.0,580788000.0,245955000.0,3.43,,47.209,56.146,23.777,2024-09-30,Q,True,SEC XBRL
CPAY,Corpay,2025-03-31,FY2025-Q1,USD,1005667000.0,,427124000.0,519312000.0,243233000.0,3.4,,42.472,51.639,24.186,2025-01-01,Q,False,SEC XBRL
CPAY,Corpay,2025-06-30,FY2025-Q2,USD,1102030000.0,,479390000.0,570740000.0,284168000.0,3.98,,43.501,51.79,25.786,2025-04-01,Q,False,SEC XBRL
CPAY,Corpay,2025-09-30,FY2025-Q3,USD,1172480000.0,,523120000.0,616283000.0,277941000.0,3.91,,44.617,52.562,23.705,2025-07-01,Q,False,SEC XBRL
CPAY,Corpay,2025-12-31,FY2025-Q4,USD,1248226000.0,,564474000.0,681076000.0,264484000.0,3.74,,45.222,54.564,21.189,2025-09-30,Q,True,SEC XBRL
CPAY,Corpay,2026-03-31,FY2026-Q1,USD,1260987000.0,,636165000.0,750991000.0,350066000.0,5.07,,50.45,59.556,27.761,2026-01-01,Q,False,SEC XBRL
CV,"CapsoVision, Inc.",2024-03-31,FY2024-Q1,USD,,,,,-4200000.0,,,,,,2024-01-01,Q,False,SEC XBRL
CV,"CapsoVision, Inc.",2024-06-30,FY2024-Q2,USD,2843000.0,1592000.0,-5271000.0,-5219000.0,-5266000.0,-2.58,55.997,-185.403,-183.574,-185.227,2024-04-01,Q,False,SEC XBRL
CV,"CapsoVision, Inc.",2024-09-30,FY2024-Q3,USD,2966000.0,1657000.0,-5803000.0,-5751000.0,-5794000.0,-2.79,55.866,-195.651,-193.898,-195.347,2024-07-01,Q,False,SEC XBRL
CV,"CapsoVision, Inc.",2024-12-31,FY2024-Q4,USD,,,,,-4638000.0,,,,,,2024-09-30,Q,True,SEC XBRL
CV,"CapsoVision, Inc.",2025-03-31,FY2025-Q1,USD,2783000.0,1494000.0,-5382000.0,-5330000.0,-5375000.0,-2.49,53.683,-193.388,-191.52,-193.137,2025-01-01,Q,False,SEC XBRL
CV,"CapsoVision, Inc.",2025-06-30,FY2025-Q2,USD,3315000.0,1811000.0,-4651000.0,-4596000.0,-4625000.0,-2.02,54.63,-140.302,-138.643,-139.517,2025-04-01,Q,False,SEC XBRL
CV,"CapsoVision, Inc.",2025-09-30,FY2025-Q3,USD,3538000.0,1914000.0,-8019000.0,-7965000.0,-7921000.0,-0.17,54.098,-226.653,-225.127,-223.884,2025-07-01,Q,False,SEC XBRL
CV,"CapsoVision, Inc.",2025-12-31,FY2025-Q4,USD,3918000.0,1954000.0,-7464000.0,-7409000.0,-7394000.0,3.65,49.872,-190.505,-189.102,-188.719,2025-09-30,Q,True,SEC XBRL
CV,"CapsoVision, Inc.",2026-03-31,FY2026-Q1,USD,2792000.0,1329000.0,-7093000.0,-7037000.0,-7033000.0,-0.15,47.6,-254.047,-252.042,-251.898,2026-01-01,Q,False,SEC XBRL
CVX,Chevron Corporation,2020-09-30,FY2020-Q3,USD,23997000000.0,,,,-207000000.0,-0.12,,,,-0.863,2020-07-01,Q,False,SEC XBRL
CVX,Chevron Corporation,2020-12-31,FY2020-Q4,USD,24843000000.0,,,,-665000000.0,-0.3299999999999992,,,,-2.677,2020-09-30,Q,True,SEC XBRL
CVX,Chevron Corporation,2021-03-31,FY2021-Q1,USD,31076000000.0,,,,1377000000.0,0.72,,,,4.431,2021-01-01,Q,False,SEC XBRL
CVX,Chevron Corporation,2021-06-30,FY2021-Q2,USD,36117000000.0,,,,3082000000.0,1.6,,,,8.533,2021-04-01,Q,False,SEC XBRL
CVX,Chevron Corporation,2021-09-30,FY2021-Q3,USD,42552000000.0,,,,6111000000.0,3.19,,,,14.361,2021-07-01,Q,False,SEC XBRL
CVX,Chevron Corporation,2021-12-31,FY2021-Q4,USD,45861000000.0,,,,5055000000.0,2.630000000000001,,,,11.022,2021-09-30,Q,True,SEC XBRL
CVX,Chevron Corporation,2022-03-31,FY2022-Q1,USD,52314000000.0,,,,6259000000.0,3.22,,,,11.964,2022-01-01,Q,False,SEC XBRL
CVX,Chevron Corporation,2022-06-30,FY2022-Q2,USD,65372000000.0,,,,11622000000.0,5.95,,,,17.778,2022-04-01,Q,False,SEC XBRL
CVX,Chevron Corporation,2022-09-30,FY2022-Q3,USD,63508000000.0,,,,11231000000.0,5.78,,,,17.684,2022-07-01,Q,False,SEC XBRL
CVX,Chevron Corporation,2022-12-31,FY2022-Q4,USD,54523000000.0,,,,6353000000.0,3.330000000000002,,,,11.652,2022-09-30,Q,True,SEC XBRL
CVX,Chevron Corporation,2023-03-31,FY2023-Q1,USD,48842000000.0,,,,6574000000.0,3.46,,,,13.46,2023-01-01,Q,False,SEC XBRL
CVX,Chevron Corporation,2023-06-30,FY2023-Q2,USD,47216000000.0,,,,6010000000.0,3.2,,,,12.729,2023-04-01,Q,False,SEC XBRL
CVX,Chevron Corporation,2023-09-30,FY2023-Q3,USD,51922000000.0,,,,6526000000.0,3.48,,,,12.569,2023-07-01,Q,False,SEC XBRL
CVX,Chevron Corporation,2023-12-31,FY2023-Q4,USD,48933000000.0,,,,2259000000.0,1.2199999999999989,,,,4.617,2023-09-30,Q,True,SEC XBRL
CVX,Chevron Corporation,2024-03-31,FY2024-Q1,USD,46580000000.0,,,,5501000000.0,2.97,,,,11.81,2024-01-01,Q,False,SEC XBRL
CVX,Chevron Corporation,2024-06-30,FY2024-Q2,USD,49574000000.0,,,,4434000000.0,2.43,,,,8.944,2024-04-01,Q,False,SEC XBRL
CVX,Chevron Corporation,2024-09-30,FY2024-Q3,USD,48926000000.0,,,,4487000000.0,2.48,,,,9.171,2024-07-01,Q,False,SEC XBRL
CVX,Chevron Corporation,2024-12-31,FY2024-Q4,USD,48334000000.0,,,,3239000000.0,1.84,,,,6.701,2024-09-30,Q,True,SEC XBRL
CVX,Chevron Corporation,2025-03-31,FY2025-Q1,USD,46101000000.0,,,,3500000000.0,2.0,,,,7.592,2025-01-01,Q,False,SEC XBRL
CVX,Chevron Corporation,2025-06-30,FY2025-Q2,USD,44375000000.0,,,,2490000000.0,1.45,,,,5.611,2025-04-01,Q,False,SEC XBRL
CVX,Chevron Corporation,2025-09-30,FY2025-Q3,USD,48169000000.0,,,,3539000000.0,1.82,,,,7.347,2025-07-01,Q,False,SEC XBRL
CVX,Chevron Corporation,2025-12-31,FY2025-Q4,USD,45787000000.0,,,,2770000000.0,1.3599999999999994,,,,6.05,2025-09-30,Q,True,SEC XBRL
CVX,Chevron Corporation,2026-03-31,FY2026-Q1,USD,47556000000.0,,,,2210000000.0,1.11,,,,4.647,2026-01-01,Q,False,SEC XBRL
DECK,Deckers Brands,2020-09-30,FY2021-Q2,USD,623525000.0,318977000.0,128604000.0,138827000.0,101554000.0,3.58,51.157,20.625,22.265,16.287,2020-07-01,Q,False,SEC XBRL
DECK,Deckers Brands,2020-12-31,FY2021-Q3,USD,1077759000.0,613897000.0,328655000.0,339793000.0,255536000.0,8.99,56.961,30.494,31.528,23.71,2020-10-01,Q,False,SEC XBRL
DECK,Deckers Brands,2021-03-31,FY2021-Q4,USD,561188000.0,298650000.0,54645000.0,64538000.0,33458000.0,1.18,53.217,9.737,11.5,5.962,2021-01-01,Q,False,SEC XBRL
DECK,Deckers Brands,2021-06-30,FY2022-Q1,USD,504678000.0,260503000.0,61832000.0,71803000.0,48124000.0,1.71,51.618,12.252,14.227,9.536,2021-04-01,Q,False,SEC XBRL
DECK,Deckers Brands,2021-09-30,FY2022-Q2,USD,721902000.0,367088000.0,128181000.0,138141000.0,102063000.0,3.66,50.85,17.756,19.136,14.138,2021-07-01,Q,False,SEC XBRL
DECK,Deckers Brands,2021-12-31,FY2022-Q3,USD,1187752000.0,621221000.0,293396000.0,304667000.0,232943000.0,8.42,52.302,24.702,25.651,19.612,2021-10-01,Q,False,SEC XBRL
DECK,Deckers Brands,2022-03-31,FY2022-Q4,USD,736007000.0,358739000.0,81298000.0,92974000.0,68819000.0,2.51,48.741,11.046,12.632,9.35,2022-01-01,Q,False,SEC XBRL
DECK,Deckers Brands,2022-06-30,FY2023-Q1,USD,614461000.0,294752000.0,56341000.0,68046000.0,44849000.0,1.66,47.969,9.169,11.074,7.299,2022-04-01,Q,False,SEC XBRL
DECK,Deckers Brands,2022-09-30,FY2023-Q2,USD,875614000.0,421921000.0,127831000.0,139144000.0,101524000.0,3.8,48.186,14.599,15.891,11.595,2022-07-01,Q,False,SEC XBRL
DECK,Deckers Brands,2022-12-31,FY2023-Q3,USD,1345640000.0,712529000.0,362660000.0,374731000.0,278662000.0,10.48,52.951,26.951,27.848,20.709,2022-10-01,Q,False,SEC XBRL
DECK,Deckers Brands,2023-03-31,FY2023-Q4,USD,791571000.0,396168000.0,105919000.0,118688000.0,91787000.0,3.46,50.048,13.381,14.994,11.596,2023-01-01,Q,False,SEC XBRL
DECK,Deckers Brands,2023-06-30,FY2024-Q1,USD,675791000.0,346424000.0,70736000.0,83089000.0,63552000.0,2.41,51.262,10.467,12.295,9.404,2023-04-01,Q,False,SEC XBRL
DECK,Deckers Brands,2023-09-30,FY2024-Q2,USD,1091907000.0,583019000.0,224617000.0,237402000.0,178547000.0,1.14,53.395,20.571,21.742,16.352,2023-07-01,Q,False,SEC XBRL
DECK,Deckers Brands,2023-12-31,FY2024-Q3,USD,1560307000.0,916569000.0,487899000.0,503662000.0,389919000.0,2.52,58.743,31.269,32.28,24.99,2023-10-01,Q,False,SEC XBRL
DECK,Deckers Brands,2024-03-31,FY2024-Q4,USD,959758000.0,539476000.0,144262000.0,160948000.0,127545000.0,4.95,56.21,15.031,16.77,13.289,2024-01-01,Q,False,SEC XBRL
DECK,Deckers Brands,2024-06-30,FY2025-Q1,USD,825347000.0,470000000.0,132807000.0,149868000.0,115625000.0,0.75,56.946,16.091,18.158,14.009,2024-04-01,Q,False,SEC XBRL
DECK,Deckers Brands,2024-09-30,FY2025-Q2,USD,1311320000.0,733272000.0,305086000.0,321775000.0,242321000.0,1.59,55.919,23.266,24.538,18.479,2024-07-01,Q,False,SEC XBRL
DECK,Deckers Brands,2024-12-31,FY2025-Q3,USD,1827165000.0,1102623000.0,567274000.0,584435000.0,456734000.0,3.0,60.346,31.047,31.986,24.997,2024-10-01,Q,False,SEC XBRL
DECK,Deckers Brands,2025-03-31,FY2025-Q4,USD,1021780000.0,579768000.0,173925000.0,192367000.0,151411000.0,0.9900000000000002,56.741,17.022,18.827,14.818,2024-12-31,Q,True,SEC XBRL
DECK,Deckers Brands,2025-06-30,FY2026-Q1,USD,964538000.0,537906000.0,165287000.0,184711000.0,139203000.0,0.93,55.768,17.136,19.15,14.432,2025-04-01,Q,False,SEC XBRL
DECK,Deckers Brands,2025-09-30,FY2026-Q2,USD,1430840000.0,803822000.0,326521000.0,346268000.0,268152000.0,1.82,56.178,22.82,24.2,18.741,2025-07-01,Q,False,SEC XBRL
DECK,Deckers Brands,2025-12-31,FY2026-Q3,USD,1957549000.0,1171360000.0,614366000.0,632336000.0,481145000.0,3.33,59.838,31.384,32.302,24.579,2025-10-01,Q,False,SEC XBRL
DECK,Deckers Brands,2026-03-31,FY2026-Q4,USD,1119369000.0,644638000.0,156729000.0,175361000.0,135571000.0,0.9399999999999996,57.589,14.002,15.666,12.111,2025-12-31,Q,True,SEC XBRL
DECK,Deckers Brands,2026-06-30,FY2027-Q1,USD,1019531000.0,575163000.0,155301000.0,173014000.0,129972000.0,0.94,56.414,15.233,16.97,12.748,2026-04-01,Q,False,SEC XBRL
DG,Dollar General,2020-07-31,FY2021-Q2,USD,8684241000.0,2818235000.0,1042627000.0,1183589000.0,787601000.0,3.12,32.452,12.006,13.629,9.069,2020-05-02,Q,False,SEC XBRL
DG,Dollar General,2020-10-30,FY2021-Q3,USD,8199625000.0,2568240000.0,773130000.0,918979000.0,574260000.0,2.31,31.321,9.429,11.208,7.003,2020-08-01,Q,False,SEC XBRL
DG,Dollar General,2021-01-29,FY2021-Q4,USD,8414524000.0,2736695000.0,872224000.0,1021995000.0,642743000.0,2.62,32.523,10.366,12.146,7.638,2020-10-31,Q,False,SEC XBRL
DG,Dollar General,2021-04-30,FY2022-Q1,USD,8400964000.0,2755668000.0,908850000.0,1062996000.0,677749000.0,2.82,32.802,10.818,12.653,8.068,2021-01-30,Q,False,SEC XBRL
DG,Dollar General,2021-07-30,FY2022-Q2,USD,8650198000.0,2737659000.0,849568000.0,1008104000.0,637019000.0,2.69,31.649,9.821,11.654,7.364,2021-05-01,Q,False,SEC XBRL
DG,Dollar General,2021-10-29,FY2022-Q3,USD,8517839000.0,2619439000.0,665588000.0,827851000.0,487031000.0,2.08,30.752,7.814,9.719,5.718,2021-07-31,Q,False,SEC XBRL
DG,Dollar General,2022-01-28,FY2022-Q4,USD,8651448000.0,2700240000.0,796669000.0,963040000.0,597433000.0,2.58,31.211,9.209,11.132,6.906,2021-10-29,Q,True,SEC XBRL
DG,Dollar General,2022-04-29,FY2023-Q1,USD,8751352000.0,2738363000.0,746157000.0,918720000.0,552657000.0,2.41,31.291,8.526,10.498,6.315,2022-01-29,Q,False,SEC XBRL
DG,Dollar General,2022-07-29,FY2023-Q2,USD,9425713000.0,3048223000.0,913426000.0,1090585000.0,678030000.0,2.98,32.339,9.691,11.57,7.193,2022-04-30,Q,False,SEC XBRL
DG,Dollar General,2022-10-28,FY2023-Q3,USD,9464891000.0,2885195000.0,735545000.0,918337000.0,526167000.0,2.33,30.483,7.771,9.703,5.559,2022-07-30,Q,False,SEC XBRL
DG,Dollar General,2023-02-03,FY2023-Q4,USD,10202907000.0,3148317000.0,933174000.0,1125537000.0,659135000.0,2.959999999999999,30.857,9.146,11.032,6.46,2022-10-28,Q,True,SEC XBRL
DG,Dollar General,2023-05-05,FY2024-Q1,USD,9342832000.0,2955474000.0,740858000.0,942765000.0,514380000.0,2.34,31.634,7.93,10.091,5.506,2023-02-04,Q,False,SEC XBRL
DG,Dollar General,2023-08-04,FY2024-Q2,USD,9796181000.0,3044686000.0,692314000.0,900694000.0,468835000.0,2.13,31.08,7.067,9.194,4.786,2023-05-06,Q,False,SEC XBRL
DG,Dollar General,2023-11-03,FY2024-Q3,USD,9694082000.0,2812528000.0,433474000.0,649004000.0,276246000.0,1.26,29.013,4.472,6.695,2.85,2023-08-05,Q,False,SEC XBRL
DG,Dollar General,2024-02-02,FY2024-Q4,USD,9858514000.0,2906336000.0,579654000.0,802630000.0,401813000.0,1.8200000000000005,29.48,5.88,8.141,4.076,2023-11-03,Q,True,SEC XBRL
DG,Dollar General,2024-05-03,FY2025-Q1,USD,9914021000.0,2992149000.0,546104000.0,778390000.0,363317000.0,1.65,30.181,5.508,7.851,3.665,2024-02-03,Q,False,SEC XBRL
DG,Dollar General,2024-08-02,FY2025-Q2,USD,10210361000.0,3059479000.0,549962000.0,788755000.0,374190000.0,1.7,29.964,5.386,7.725,3.665,2024-05-04,Q,False,SEC XBRL
DG,Dollar General,2024-11-01,FY2025-Q3,USD,10183428000.0,2936300000.0,323802000.0,570816000.0,196529000.0,0.89,28.834,3.18,5.605,1.93,2024-08-03,Q,False,SEC XBRL
DG,Dollar General,2025-01-31,FY2025-Q4,USD,10304498000.0,3029569000.0,294206000.0,547816000.0,191217000.0,0.870000000000001,29.4,2.855,5.316,1.856,2024-11-01,Q,True,SEC XBRL
DG,Dollar General,2025-05-02,FY2026-Q1,USD,10435979000.0,3231288000.0,576113000.0,828906000.0,391928000.0,1.78,30.963,5.52,7.943,3.756,2025-02-01,Q,False,SEC XBRL
DG,Dollar General,2025-08-01,FY2026-Q2,USD,10727737000.0,3361668000.0,595428000.0,852244000.0,411426000.0,1.86,31.336,5.55,7.944,3.835,2025-05-03,Q,False,SEC XBRL
DG,Dollar General,2025-10-31,FY2026-Q3,USD,10649450000.0,3184330000.0,425851000.0,692199000.0,282657000.0,1.28,29.901,3.999,6.5,2.654,2025-08-02,Q,False,SEC XBRL
DG,Dollar General,2026-01-30,FY2026-Q4,USD,10911203000.0,3322403000.0,606276000.0,876637000.0,426300000.0,1.93,30.449,5.556,8.034,3.907,2025-10-31,Q,True,SEC XBRL
DG,Dollar General,2026-05-01,FY2027-Q1,USD,10786965000.0,3410472000.0,638516000.0,909348000.0,444127000.0,2.0,31.617,5.919,8.43,4.117,2026-01-31,Q,False,SEC XBRL
DJCO,Daily Journal Corp. (S.C.),2020-09-30,FY2020-Q4,USD,13035000.0,,740000.0,880000.0,31883000.0,,,5.677,6.751,244.595,2020-06-30,Q,True,SEC XBRL
DJCO,Daily Journal Corp. (S.C.),2020-12-31,FY2021-Q1,USD,10420000.0,,-315000.0,-200000.0,59270000.0,,,-3.023,-1.919,568.81,2020-10-01,Q,False,SEC XBRL
DJCO,Daily Journal Corp. (S.C.),2021-03-31,FY2021-Q2,USD,13970000.0,,1305000.0,1420000.0,12476000.0,,,9.341,10.165,89.306,2021-01-01,Q,False,SEC XBRL
DJCO,Daily Journal Corp. (S.C.),2021-06-30,FY2021-Q3,USD,13562000.0,,1324000.0,1438000.0,42573000.0,,,9.763,10.603,313.914,2021-04-01,Q,False,SEC XBRL
DJCO,Daily Journal Corp. (S.C.),2021-09-30,FY2021-Q4,USD,11973000.0,,-162000.0,-26000.0,-1419000.0,,,-1.353,-0.217,-11.852,2021-06-30,Q,True,SEC XBRL
DJCO,Daily Journal Corp. (S.C.),2021-12-31,FY2022-Q1,USD,11736000.0,,56000.0,160000.0,6878000.0,,,0.477,1.363,58.606,2021-10-01,Q,False,SEC XBRL
DJCO,Daily Journal Corp. (S.C.),2022-03-31,FY2022-Q2,USD,10949000.0,,373000.0,496000.0,-27813000.0,,,3.407,4.53,-254.023,2022-01-01,Q,False,SEC XBRL
DJCO,Daily Journal Corp. (S.C.),2022-06-30,FY2022-Q3,USD,12817000.0,,-2103000.0,-2029000.0,-9862000.0,,,-16.408,-15.831,-76.945,2022-04-01,Q,False,SEC XBRL
DJCO,Daily Journal Corp. (S.C.),2022-09-30,FY2022-Q4,USD,18507000.0,,3663000.0,3741000.0,9345000.0,,,19.793,20.214,50.494,2022-06-30,Q,True,SEC XBRL
DJCO,Daily Journal Corp. (S.C.),2022-12-31,FY2023-Q1,USD,12301000.0,,-716000.0,-641000.0,17827000.0,,,-5.821,-5.211,144.923,2022-10-01,Q,False,SEC XBRL
DJCO,Daily Journal Corp. (S.C.),2023-03-31,FY2023-Q2,USD,16154000.0,,1625000.0,1695000.0,9433000.0,,,10.059,10.493,58.394,2023-01-01,Q,False,SEC XBRL
DJCO,Daily Journal Corp. (S.C.),2023-06-30,FY2023-Q3,USD,17704000.0,,2313000.0,2381000.0,677000.0,,,13.065,13.449,3.824,2023-04-01,Q,False,SEC XBRL
DJCO,Daily Journal Corp. (S.C.),2023-09-30,FY2023-Q4,USD,21550000.0,,3430000.0,3496000.0,-6485000.0,,,15.916,16.223,-30.093,2023-06-30,Q,True,SEC XBRL
DJCO,Daily Journal Corp. (S.C.),2023-12-31,FY2024-Q1,USD,15993000.0,,623000.0,689000.0,12615000.0,,,3.895,4.308,78.878,2023-10-01,Q,False,SEC XBRL
DJCO,Daily Journal Corp. (S.C.),2024-03-31,FY2024-Q2,USD,16571000.0,,633000.0,700000.0,15415000.0,,,3.82,4.224,93.024,2024-01-01,Q,False,SEC XBRL
DJCO,Daily Journal Corp. (S.C.),2024-06-30,FY2024-Q3,USD,17494000.0,,1090000.0,1157000.0,23355000.0,,,6.231,6.614,133.503,2024-04-01,Q,False,SEC XBRL
DJCO,Daily Journal Corp. (S.C.),2024-09-30,FY2024-Q4,USD,19873000.0,,1724000.0,1791000.0,26728000.0,,,8.675,9.012,134.494,2024-06-30,Q,True,SEC XBRL
DJCO,Daily Journal Corp. (S.C.),2024-12-31,FY2025-Q1,USD,17704000.0,,742000.0,809000.0,10895000.0,7.91,,4.191,4.57,61.54,2024-10-01,Q,False,SEC XBRL
DJCO,Daily Journal Corp. (S.C.),2025-03-31,FY2025-Q2,USD,18176000.0,,963000.0,1028000.0,44670000.0,32.43,,5.298,5.656,245.764,2025-01-01,Q,False,SEC XBRL
DJCO,Daily Journal Corp. (S.C.),2025-06-30,FY2025-Q3,USD,23406000.0,,3224000.0,3288000.0,14421000.0,,,13.774,14.048,61.612,2025-04-01,Q,False,SEC XBRL
DJCO,Daily Journal Corp. (S.C.),2025-09-30,FY2025-Q4,USD,28414000.0,,4599000.0,4660000.0,42151000.0,,,16.186,16.4,148.346,2025-06-30,Q,True,SEC XBRL
DJCO,Daily Journal Corp. (S.C.),2025-12-31,FY2026-Q1,USD,19538000.0,,477000.0,537000.0,-7977000.0,-5.79,,2.441,2.748,-40.828,2025-10-01,Q,False,SEC XBRL
DJCO,Daily Journal Corp. (S.C.),2026-03-31,FY2026-Q2,USD,22717000.0,,2989000.0,3027000.0,-34640000.0,-25.14,,13.158,13.325,-152.485,2026-01-01,Q,False,SEC XBRL
DMAA,Drugs Made In America Acquisition Corp.,2024-09-30,2024-Q3,USD,,,-144928.0,,-144928.0,,,,,,2024-07-01,Q,False,SEC XBRL
DMAA,Drugs Made In America Acquisition Corp.,2025-03-31,FY2025-Q1,USD,,,-330925.0,,1254543.0,,,,,,2025-01-01,Q,False,SEC XBRL
DMAA,Drugs Made In America Acquisition Corp.,2025-06-30,FY2025-Q2,USD,,,-131919.0,,2288579.0,,,,,,2025-04-01,Q,False,SEC XBRL
DMAA,Drugs Made In America Acquisition Corp.,2025-09-30,FY2025-Q3,USD,,,-263703.0,,2184563.0,,,,,,2025-07-01,Q,False,SEC XBRL
DMAA,Drugs Made In America Acquisition Corp.,2025-12-31,FY2025-Q4,USD,,,-2089466.0,,212958.0,,,,,,2025-09-30,Q,True,SEC XBRL
DMAA,Drugs Made In America Acquisition Corp.,2026-03-31,FY2026-Q1,USD,,,-143301.0,,1970459.0,,,,,,2026-01-01,Q,False,SEC XBRL
ECL,Ecolab,2020-09-30,FY2020-Q3,USD,3018600000.0,,411400000.0,,249300000.0,0.85,,13.629,,8.259,2020-07-01,Q,False,SEC XBRL
ECL,Ecolab,2020-12-31,FY2020-Q4,USD,3065300000.0,,416100000.0,,300300000.0,1.04,,13.575,,9.797,2020-10-01,Q,True,SEC XBRL
ECL,Ecolab,2021-03-31,FY2021-Q1,USD,2885000000.0,,297300000.0,,193600000.0,0.67,,10.305,,6.711,2021-01-01,Q,False,SEC XBRL
ECL,Ecolab,2021-06-30,FY2021-Q2,USD,3162700000.0,,447800000.0,,310800000.0,1.08,,14.159,,9.827,2021-04-01,Q,False,SEC XBRL
ECL,Ecolab,2021-09-30,FY2021-Q3,USD,3320800000.0,,465800000.0,,324500000.0,1.12,,14.027,,9.772,2021-07-01,Q,False,SEC XBRL
ECL,Ecolab,2021-12-31,FY2021-Q4,USD,3364600000.0,,387700000.0,,301000000.0,1.04,,11.523,,8.946,2021-10-01,Q,True,SEC XBRL
ECL,Ecolab,2022-03-31,FY2022-Q1,USD,3266700000.0,,254500000.0,,171900000.0,0.6,,7.791,,5.262,2022-01-01,Q,False,SEC XBRL
ECL,Ecolab,2022-06-30,FY2022-Q2,USD,3580600000.0,,425800000.0,,308300000.0,1.08,,11.892,,8.61,2022-04-01,Q,False,SEC XBRL
ECL,Ecolab,2022-09-30,FY2022-Q3,USD,3669300000.0,,483000000.0,,347100000.0,1.21,,13.163,,9.46,2022-07-01,Q,False,SEC XBRL
ECL,Ecolab,2022-12-31,FY2022-Q4,USD,3671200000.0,,399200000.0,,264400000.0,0.93,,10.874,,7.202,2022-10-01,Q,True,SEC XBRL
ECL,Ecolab,2023-03-31,FY2023-Q1,USD,3571600000.0,,351600000.0,,233400000.0,0.82,,9.844,,6.535,2023-01-01,Q,False,SEC XBRL
ECL,Ecolab,2023-06-30,FY2023-Q2,USD,3852100000.0,,484700000.0,,329700000.0,1.15,,12.583,,8.559,2023-04-01,Q,False,SEC XBRL
ECL,Ecolab,2023-09-30,FY2023-Q3,USD,3958100000.0,,566000000.0,,404000000.0,1.41,,14.3,,10.207,2023-07-01,Q,False,SEC XBRL
ECL,Ecolab,2023-12-31,FY2023-Q4,USD,3938400000.0,,590000000.0,,405200000.0,1.41,,14.981,,10.288,2023-10-01,Q,True,SEC XBRL
ECL,Ecolab,2024-03-31,FY2024-Q1,USD,3751900000.0,,517900000.0,,412100000.0,1.43,,13.804,,10.984,2024-01-01,Q,False,SEC XBRL
ECL,Ecolab,2024-06-30,FY2024-Q2,USD,3985800000.0,,656900000.0,,490900000.0,1.71,,16.481,,12.316,2024-04-01,Q,False,SEC XBRL
ECL,Ecolab,2024-09-30,FY2024-Q3,USD,3998500000.0,,1044800000.0,,736500000.0,2.58,,26.13,,18.419,2024-07-01,Q,False,SEC XBRL
ECL,Ecolab,2024-12-31,FY2024-Q4,USD,4005200000.0,,582800000.0,,472900000.0,1.66,,14.551,,11.807,2024-10-01,Q,True,SEC XBRL
ECL,Ecolab,2025-03-31,FY2025-Q1,USD,3695000000.0,,555300000.0,,402500000.0,1.41,,15.028,,10.893,2025-01-01,Q,False,SEC XBRL
ECL,Ecolab,2025-06-30,FY2025-Q2,USD,4025200000.0,,710100000.0,,524200000.0,1.84,,17.641,,13.023,2025-04-01,Q,False,SEC XBRL
ECL,Ecolab,2025-09-30,FY2025-Q3,USD,4165000000.0,,760200000.0,,585000000.0,2.05,,18.252,,14.046,2025-07-01,Q,False,SEC XBRL
ECL,Ecolab,2025-12-31,FY2025-Q4,USD,4196000000.0,,712000000.0,,563900000.0,1.9800000000000004,,16.969,,13.439,2025-09-30,Q,True,SEC XBRL
ECL,Ecolab,2026-03-31,FY2026-Q1,USD,4066100000.0,,622000000.0,,432600000.0,1.52,,15.297,,10.639,2026-01-01,Q,False,SEC XBRL
EVRG,Evergy,2020-09-30,FY2020-Q3,USD,1517600000.0,,521700000.0,739700000.0,364500000.0,1.6,,34.377,48.741,24.018,2020-07-01,Q,False,SEC XBRL
EVRG,Evergy,2020-12-31,FY2020-Q4,USD,1094400000.0,,153000000.0,375000000.0,51000000.0,0.2200000000000002,,13.98,34.265,4.66,2020-10-01,Q,True,SEC XBRL
EVRG,Evergy,2021-03-31,FY2021-Q1,USD,1611900000.0,,317700000.0,537000000.0,191600000.0,0.84,,19.71,33.315,11.887,2021-01-01,Q,False,SEC XBRL
EVRG,Evergy,2021-06-30,FY2021-Q2,USD,1236200000.0,,295300000.0,520500000.0,185300000.0,0.81,,23.888,42.105,14.989,2021-04-01,Q,False,SEC XBRL
EVRG,Evergy,2021-09-30,FY2021-Q3,USD,1616500000.0,,600700000.0,825700000.0,449400000.0,1.95,,37.161,51.079,27.801,2021-07-01,Q,False,SEC XBRL
EVRG,Evergy,2021-12-31,FY2021-Q4,USD,1122100000.0,,141200000.0,368100000.0,53400000.0,0.2300000000000004,,12.584,32.805,4.759,2021-09-30,Q,True,SEC XBRL
EVRG,Evergy,2022-03-31,FY2022-Q1,USD,1223900000.0,,253100000.0,482100000.0,122500000.0,0.53,,20.68,39.39,10.009,2022-01-01,Q,False,SEC XBRL
EVRG,Evergy,2022-06-30,FY2022-Q2,USD,1446500000.0,,335500000.0,567600000.0,194500000.0,0.84,,23.194,39.24,13.446,2022-04-01,Q,False,SEC XBRL
EVRG,Evergy,2022-09-30,FY2022-Q3,USD,1909100000.0,,578400000.0,811600000.0,428200000.0,1.86,,30.297,42.512,22.429,2022-07-01,Q,False,SEC XBRL
EVRG,Evergy,2022-12-31,FY2022-Q4,USD,1279600000.0,,100200000.0,335300000.0,7500000.0,0.0399999999999995,,7.831,26.204,0.586,2022-09-30,Q,True,SEC XBRL
EVRG,Evergy,2023-03-31,FY2023-Q1,USD,1296800000.0,,279300000.0,542700000.0,142600000.0,0.62,,21.538,41.849,10.996,2023-01-01,Q,False,SEC XBRL
EVRG,Evergy,2023-06-30,FY2023-Q2,USD,1354200000.0,,336600000.0,606000000.0,179100000.0,0.78,,24.856,44.75,13.226,2023-04-01,Q,False,SEC XBRL
EVRG,Evergy,2023-09-30,FY2023-Q3,USD,1669300000.0,,485900000.0,759200000.0,351600000.0,1.53,,29.108,45.48,21.063,2023-07-01,Q,False,SEC XBRL
EVRG,Evergy,2023-12-31,FY2023-Q4,USD,1187900000.0,,180600000.0,451000000.0,58000000.0,0.2400000000000002,,15.203,37.966,4.883,2023-09-30,Q,True,SEC XBRL
EVRG,Evergy,2024-03-31,FY2024-Q1,USD,1331000000.0,,260200000.0,536300000.0,122700000.0,0.53,,19.549,40.293,9.219,2024-01-01,Q,False,SEC XBRL
EVRG,Evergy,2024-06-30,FY2024-Q2,USD,1447500000.0,,358100000.0,638200000.0,207000000.0,0.9,,24.739,44.09,14.301,2024-04-01,Q,False,SEC XBRL
EVRG,Evergy,2024-09-30,FY2024-Q3,USD,1811400000.0,,627500000.0,909800000.0,465600000.0,2.02,,34.642,50.226,25.704,2024-07-01,Q,False,SEC XBRL
EVRG,Evergy,2024-12-31,FY2024-Q4,USD,1257400000.0,,222200000.0,497700000.0,78200000.0,0.3399999999999998,,17.671,39.582,6.219,2024-09-30,Q,True,SEC XBRL
EVRG,Evergy,2025-03-31,FY2025-Q1,USD,1374500000.0,,291600000.0,579700000.0,125000000.0,0.54,,21.215,42.175,9.094,2025-01-01,Q,False,SEC XBRL
EVRG,Evergy,2025-06-30,FY2025-Q2,USD,1437000000.0,,343800000.0,632200000.0,171300000.0,0.74,,23.925,43.994,11.921,2025-04-01,Q,False,SEC XBRL
EVRG,Evergy,2025-09-30,FY2025-Q3,USD,1809900000.0,,658500000.0,948800000.0,475000000.0,2.03,,36.383,52.423,26.245,2025-07-01,Q,False,SEC XBRL
EVRG,Evergy,2025-12-31,FY2025-Q4,USD,1340200000.0,,239000000.0,535100000.0,84300000.0,0.3500000000000005,,17.833,39.927,6.29,2025-09-30,Q,True,SEC XBRL
EVRG,Evergy,2026-03-31,FY2026-Q1,USD,1443700000.0,,318400000.0,623700000.0,151500000.0,0.64,,22.054,43.201,10.494,2026-01-01,Q,False,SEC XBRL
GABC,"German American Bancorp, Inc.",2020-09-30,FY2020-Q3,USD,51667000.0,,,,14593000.0,0.55,,,,28.244,2020-07-01,Q,False,SEC XBRL
GABC,"German American Bancorp, Inc.",2020-12-31,FY2020-Q4,USD,56831000.0,,,,20890000.0,0.79,,,,36.758,2020-10-01,Q,True,SEC XBRL
GABC,"German American Bancorp, Inc.",2021-03-31,FY2021-Q1,USD,53969000.0,,,,19557000.0,0.74,,,,36.237,2021-01-01,Q,False,SEC XBRL
GABC,"German American Bancorp, Inc.",2021-06-30,FY2021-Q2,USD,53782000.0,,,,23822000.0,0.9,,,,44.294,2021-04-01,Q,False,SEC XBRL
GABC,"German American Bancorp, Inc.",2021-09-30,FY2021-Q3,USD,56843000.0,,,,21486000.0,0.81,,,,37.799,2021-07-01,Q,False,SEC XBRL
GABC,"German American Bancorp, Inc.",2021-12-31,FY2021-Q4,USD,55698000.0,,,,19272000.0,0.7199999999999998,,,,34.601,2021-09-30,Q,True,SEC XBRL
GABC,"German American Bancorp, Inc.",2022-03-31,FY2022-Q1,USD,63096000.0,,,,9067000.0,0.31,,,,14.37,2022-01-01,Q,False,SEC XBRL
GABC,"German American Bancorp, Inc.",2022-06-30,FY2022-Q2,USD,64777000.0,,,,23747000.0,0.81,,,,36.66,2022-04-01,Q,False,SEC XBRL
GABC,"German American Bancorp, Inc.",2022-09-30,FY2022-Q3,USD,65795000.0,,,,24596000.0,0.83,,,,37.383,2022-07-01,Q,False,SEC XBRL
GABC,"German American Bancorp, Inc.",2022-12-31,FY2022-Q4,USD,66049000.0,,,,24415000.0,0.8299999999999996,,,,36.965,2022-09-30,Q,True,SEC XBRL
GABC,"German American Bancorp, Inc.",2023-03-31,FY2023-Q1,USD,63976000.0,,,,20807000.0,0.71,,,,32.523,2023-01-01,Q,False,SEC XBRL
GABC,"German American Bancorp, Inc.",2023-06-30,FY2023-Q2,USD,63154000.0,,,,22123000.0,0.75,,,,35.03,2023-04-01,Q,False,SEC XBRL
GABC,"German American Bancorp, Inc.",2023-09-30,FY2023-Q3,USD,62363000.0,,,,21451000.0,0.73,,,,34.397,2023-07-01,Q,False,SEC XBRL
GABC,"German American Bancorp, Inc.",2023-12-31,FY2023-Q4,USD,61201000.0,,,,21507000.0,0.7200000000000002,,,,35.142,2023-09-30,Q,True,SEC XBRL
GABC,"German American Bancorp, Inc.",2024-03-31,FY2024-Q1,USD,60816000.0,,,,19022000.0,0.64,,,,31.278,2024-01-01,Q,False,SEC XBRL
GABC,"German American Bancorp, Inc.",2024-06-30,FY2024-Q2,USD,64894000.0,,,,20530000.0,0.69,,,,31.636,2024-04-01,Q,False,SEC XBRL
GABC,"German American Bancorp, Inc.",2024-09-30,FY2024-Q3,USD,62395000.0,,,,21048000.0,0.71,,,,33.733,2024-07-01,Q,False,SEC XBRL
GABC,"German American Bancorp, Inc.",2024-12-31,FY2024-Q4,USD,65146000.0,,,,23211000.0,0.79,,,,35.629,2024-09-30,Q,True,SEC XBRL
GABC,"German American Bancorp, Inc.",2025-03-31,FY2025-Q1,USD,81412000.0,,,,10517000.0,0.3,,,,12.918,2025-01-01,Q,False,SEC XBRL
GABC,"German American Bancorp, Inc.",2025-06-30,FY2025-Q2,USD,89888000.0,,,,31361000.0,0.84,,,,34.889,2025-04-01,Q,False,SEC XBRL
GABC,"German American Bancorp, Inc.",2025-09-30,FY2025-Q3,USD,94154000.0,,,,35074000.0,0.94,,,,37.252,2025-07-01,Q,False,SEC XBRL
GABC,"German American Bancorp, Inc.",2025-12-31,FY2025-Q4,USD,95990000.0,,,,35683000.0,0.98,,,,37.174,2025-09-30,Q,True,SEC XBRL
GABC,"German American Bancorp, Inc.",2026-03-31,FY2026-Q1,USD,96077000.0,,,,33152000.0,0.88,,,,34.506,2026-01-01,Q,False,SEC XBRL
GEMI,"Gemini Space Station, Inc.",2023-12-31,FY2023,USD,98137000.0,,-311595000.0,-279374000.0,-319675000.0,-66.25,,-317.51,-284.678,-325.744,2023-01-01,FY,False,SEC XBRL
GEMI,"Gemini Space Station, Inc.",2024-09-30,FY2024-Q3,USD,24542000.0,,-52282000.0,,-90180000.0,-18.33,,-213.031,,-367.452,2024-07-01,Q,False,SEC XBRL
GEMI,"Gemini Space Station, Inc.",2025-03-31,FY2025-Q1,USD,35322000.0,,-48027000.0,-40172000.0,-149264000.0,-30.34,,-135.969,-113.731,-422.581,2025-01-01,Q,False,SEC XBRL
GEMI,"Gemini Space Station, Inc.",2025-09-30,FY2025-Q3,USD,50618000.0,,-120793000.0,,-159514000.0,-6.67,,-238.636,,-315.133,2025-07-01,Q,False,SEC XBRL
GEMI,"Gemini Space Station, Inc.",2026-03-31,FY2026-Q1,USD,50272000.0,,-94188000.0,-86706000.0,-108978000.0,-0.93,,-187.357,-172.474,-216.777,2026-01-01,Q,False,SEC XBRL
GILD,Gilead Sciences,2020-09-30,FY2020-Q3,USD,6577000000.0,5352000000.0,2001000000.0,,360000000.0,0.29,81.374,30.424,,5.474,2020-07-01,Q,False,SEC XBRL
GILD,Gilead Sciences,2020-12-31,FY2020-Q4,USD,7421000000.0,5930000000.0,2651000000.0,,1551000000.0,1.23,79.908,35.723,,20.9,2020-10-01,Q,True,SEC XBRL
GILD,Gilead Sciences,2021-03-31,FY2021-Q1,USD,6423000000.0,,2890000000.0,,1729000000.0,1.37,,44.995,,26.919,2021-01-01,Q,False,SEC XBRL
GILD,Gilead Sciences,2021-06-30,FY2021-Q2,USD,6217000000.0,,2246000000.0,,1522000000.0,1.21,,36.127,,24.481,2021-04-01,Q,False,SEC XBRL
GILD,Gilead Sciences,2021-09-30,FY2021-Q3,USD,7421000000.0,,3842000000.0,,2592000000.0,2.05,,51.772,,34.928,2021-07-01,Q,False,SEC XBRL
GILD,Gilead Sciences,2021-12-31,FY2021-Q4,USD,7244000000.0,,940000000.0,,382000000.0,0.2999999999999998,,12.976,,5.273,2021-09-30,Q,True,SEC XBRL
GILD,Gilead Sciences,2022-03-31,FY2022-Q1,USD,6590000000.0,,197000000.0,,19000000.0,0.02,,2.989,,0.288,2022-01-01,Q,False,SEC XBRL
GILD,Gilead Sciences,2022-06-30,FY2022-Q2,USD,6260000000.0,,2029000000.0,,1144000000.0,0.91,,32.412,,18.275,2022-04-01,Q,False,SEC XBRL
GILD,Gilead Sciences,2022-09-30,FY2022-Q3,USD,7042000000.0,,2837000000.0,,1789000000.0,1.42,,40.287,,25.405,2022-07-01,Q,False,SEC XBRL
GILD,Gilead Sciences,2022-12-31,FY2022-Q4,USD,7389000000.0,,2267000000.0,,1640000000.0,1.29,,30.681,,22.195,2022-09-30,Q,True,SEC XBRL
GILD,Gilead Sciences,2023-03-31,FY2023-Q1,USD,6352000000.0,,1705000000.0,,1010000000.0,0.8,,26.842,,15.901,2023-01-01,Q,False,SEC XBRL
GILD,Gilead Sciences,2023-06-30,FY2023-Q2,USD,6599000000.0,,1665000000.0,,1045000000.0,0.83,,25.231,,15.836,2023-04-01,Q,False,SEC XBRL
GILD,Gilead Sciences,2023-09-30,FY2023-Q3,USD,7051000000.0,,2623000000.0,,2180000000.0,1.73,,37.2,,30.918,2023-07-01,Q,False,SEC XBRL
GILD,Gilead Sciences,2023-12-31,FY2023-Q4,USD,7114000000.0,,1612000000.0,,1430000000.0,1.14,,22.66,,20.101,2023-09-30,Q,True,SEC XBRL
GILD,Gilead Sciences,2024-03-31,FY2024-Q1,USD,6686000000.0,,-4322000000.0,,-4170000000.0,-3.34,,-64.643,,-62.369,2024-01-01,Q,False,SEC XBRL
GILD,Gilead Sciences,2024-06-30,FY2024-Q2,USD,6954000000.0,,2644000000.0,,1614000000.0,1.29,,38.021,,23.21,2024-04-01,Q,False,SEC XBRL
GILD,Gilead Sciences,2024-09-30,FY2024-Q3,USD,7545000000.0,,888000000.0,,1253000000.0,1.0,,11.769,,16.607,2024-07-01,Q,False,SEC XBRL
GILD,Gilead Sciences,2024-12-31,FY2024-Q4,USD,7569000000.0,,2452000000.0,,1783000000.0,1.4299999999999995,,32.395,,23.557,2024-09-30,Q,True,SEC XBRL
GILD,Gilead Sciences,2025-03-31,FY2025-Q1,USD,6667000000.0,,2237000000.0,,1315000000.0,1.04,,33.553,,19.724,2025-01-01,Q,False,SEC XBRL
GILD,Gilead Sciences,2025-06-30,FY2025-Q2,USD,7082000000.0,,2474000000.0,,1960000000.0,1.56,,34.934,,27.676,2025-04-01,Q,False,SEC XBRL
GILD,Gilead Sciences,2025-09-30,FY2025-Q3,USD,7769000000.0,,3327000000.0,,3052000000.0,2.43,,42.824,,39.284,2025-07-01,Q,False,SEC XBRL
GILD,Gilead Sciences,2025-12-31,FY2025-Q4,USD,7925000000.0,,1984000000.0,,2183000000.0,1.75,,25.035,,27.546,2025-09-30,Q,True,SEC XBRL
GILD,Gilead Sciences,2026-03-31,FY2026-Q1,USD,6960000000.0,,2586000000.0,,2021000000.0,1.61,,37.155,,29.037,2026-01-01,Q,False,SEC XBRL
GOOGL,Alphabet Inc. (Class A),2020-09-30,FY2020-Q3,USD,46173000000.0,,11213000000.0,,11247000000.0,16.4,,24.285,,24.358,2020-07-01,Q,False,SEC XBRL
GOOGL,Alphabet Inc. (Class A),2020-12-31,FY2020-Q4,USD,56898000000.0,,15651000000.0,,15227000000.0,-33.47,,27.507,,26.762,2020-09-30,Q,True,SEC XBRL
GOOGL,Alphabet Inc. (Class A),2021-03-31,FY2021-Q1,USD,55314000000.0,,16437000000.0,,17930000000.0,26.29,,29.716,,32.415,2021-01-01,Q,False,SEC XBRL
GOOGL,Alphabet Inc. (Class A),2021-06-30,FY2021-Q2,USD,61880000000.0,,19361000000.0,,18525000000.0,1.36,,31.288,,29.937,2021-04-01,Q,False,SEC XBRL
GOOGL,Alphabet Inc. (Class A),2021-09-30,FY2021-Q3,USD,65118000000.0,,21031000000.0,,18936000000.0,1.4,,32.297,,29.08,2021-07-01,Q,False,SEC XBRL
GOOGL,Alphabet Inc. (Class A),2021-12-31,FY2021-Q4,USD,75325000000.0,,21885000000.0,,20642000000.0,-23.44,,29.054,,27.404,2021-09-30,Q,True,SEC XBRL
GOOGL,Alphabet Inc. (Class A),2022-03-31,FY2022-Q1,USD,68011000000.0,,20094000000.0,,16436000000.0,1.23,,29.545,,24.167,2022-01-01,Q,False,SEC XBRL
GOOGL,Alphabet Inc. (Class A),2022-06-30,FY2022-Q2,USD,69685000000.0,,19453000000.0,,16002000000.0,1.21,,27.916,,22.963,2022-04-01,Q,False,SEC XBRL
GOOGL,Alphabet Inc. (Class A),2022-09-30,FY2022-Q3,USD,69092000000.0,,17135000000.0,,13910000000.0,1.06,,24.8,,20.133,2022-07-01,Q,False,SEC XBRL
GOOGL,Alphabet Inc. (Class A),2022-12-31,FY2022-Q4,USD,76048000000.0,,18160000000.0,,13624000000.0,1.0599999999999996,,23.88,,17.915,2022-09-30,Q,True,SEC XBRL
GOOGL,Alphabet Inc. (Class A),2023-03-31,FY2023-Q1,USD,69787000000.0,,17415000000.0,,15051000000.0,1.17,,24.955,,21.567,2023-01-01,Q,False,SEC XBRL
GOOGL,Alphabet Inc. (Class A),2023-06-30,FY2023-Q2,USD,74604000000.0,,21838000000.0,,18368000000.0,1.44,,29.272,,24.621,2023-04-01,Q,False,SEC XBRL
GOOGL,Alphabet Inc. (Class A),2023-09-30,FY2023-Q3,USD,76693000000.0,,21343000000.0,,19689000000.0,1.55,,27.829,,25.672,2023-07-01,Q,False,SEC XBRL
GOOGL,Alphabet Inc. (Class A),2023-12-31,FY2023-Q4,USD,86310000000.0,,23697000000.0,,20687000000.0,1.6399999999999997,,27.456,,23.968,2023-09-30,Q,True,SEC XBRL
GOOGL,Alphabet Inc. (Class A),2024-03-31,FY2024-Q1,USD,80539000000.0,,25472000000.0,,23662000000.0,1.89,,31.627,,29.38,2024-01-01,Q,False,SEC XBRL
GOOGL,Alphabet Inc. (Class A),2024-06-30,FY2024-Q2,USD,84742000000.0,,27425000000.0,,23619000000.0,1.89,,32.363,,27.872,2024-04-01,Q,False,SEC XBRL
GOOGL,Alphabet Inc. (Class A),2024-09-30,FY2024-Q3,USD,88268000000.0,,28521000000.0,,26301000000.0,2.12,,32.312,,29.797,2024-07-01,Q,False,SEC XBRL
GOOGL,Alphabet Inc. (Class A),2024-12-31,FY2024-Q4,USD,96469000000.0,,30972000000.0,,26536000000.0,2.139999999999999,,32.106,,27.507,2024-09-30,Q,True,SEC XBRL
GOOGL,Alphabet Inc. (Class A),2025-03-31,FY2025-Q1,USD,90234000000.0,,30606000000.0,,34540000000.0,2.81,,33.918,,38.278,2025-01-01,Q,False,SEC XBRL
GOOGL,Alphabet Inc. (Class A),2025-06-30,FY2025-Q2,USD,96428000000.0,,31271000000.0,,28196000000.0,2.31,,32.429,,29.24,2025-04-01,Q,False,SEC XBRL
GOOGL,Alphabet Inc. (Class A),2025-09-30,FY2025-Q3,USD,102346000000.0,,31228000000.0,,34979000000.0,2.87,,30.512,,34.177,2025-07-01,Q,False,SEC XBRL
GOOGL,Alphabet Inc. (Class A),2025-12-31,FY2025-Q4,USD,113828000000.0,,35934000000.0,,34455000000.0,2.8200000000000003,,31.569,,30.269,2025-09-30,Q,True,SEC XBRL
GOOGL,Alphabet Inc. (Class A),2026-03-31,FY2026-Q1,USD,109896000000.0,,39696000000.0,,62578000000.0,5.11,,36.121,,56.943,2026-01-01,Q,False,SEC XBRL
GOOGL,Alphabet Inc. (Class A),2026-06-30,FY2026-Q2,USD,119796000000.0,,40770000000.0,,112193000000.0,9.11,,34.033,,93.653,2026-04-01,Q,False,SEC XBRL
GS,Goldman Sachs,2020-09-30,FY2020-Q3,USD,10781000000.0,,,,3367000000.0,8.98,,,,31.231,2020-07-01,Q,False,SEC XBRL
GS,Goldman Sachs,2020-12-31,FY2020-Q4,USD,11741000000.0,,,,4506000000.0,12.119999999999996,,,,38.378,2020-09-30,Q,True,SEC XBRL
GS,Goldman Sachs,2021-03-31,FY2021-Q1,USD,17704000000.0,,,,6836000000.0,18.6,,,,38.613,2021-01-01,Q,False,SEC XBRL
GS,Goldman Sachs,2021-06-30,FY2021-Q2,USD,15388000000.0,,,,5486000000.0,15.02,,,,35.651,2021-04-01,Q,False,SEC XBRL
GS,Goldman Sachs,2021-09-30,FY2021-Q3,USD,13608000000.0,,,,5378000000.0,14.93,,,,39.521,2021-07-01,Q,False,SEC XBRL
GS,Goldman Sachs,2021-12-31,FY2021-Q4,USD,12639000000.0,,,,3935000000.0,10.9,,,,31.134,2021-09-30,Q,True,SEC XBRL
GS,Goldman Sachs,2022-03-31,FY2022-Q1,USD,12933000000.0,,,,3939000000.0,10.76,,,,30.457,2022-01-01,Q,False,SEC XBRL
GS,Goldman Sachs,2022-06-30,FY2022-Q2,USD,11864000000.0,,,,2927000000.0,7.73,,,,24.671,2022-04-01,Q,False,SEC XBRL
GS,Goldman Sachs,2022-09-30,FY2022-Q3,USD,11975000000.0,,,,3069000000.0,8.25,,,,25.628,2022-07-01,Q,False,SEC XBRL
GS,Goldman Sachs,2022-12-31,FY2022-Q4,USD,10593000000.0,,,,1326000000.0,3.3199999999999967,,,,12.518,2022-09-30,Q,True,SEC XBRL
GS,Goldman Sachs,2023-03-31,FY2023-Q1,USD,12224000000.0,,,,3234000000.0,8.79,,,,26.456,2023-01-01,Q,False,SEC XBRL
GS,Goldman Sachs,2023-06-30,FY2023-Q2,USD,10895000000.0,,,,1216000000.0,3.08,,,,11.161,2023-04-01,Q,False,SEC XBRL
GS,Goldman Sachs,2023-09-30,FY2023-Q3,USD,11817000000.0,,,,2058000000.0,5.47,,,,17.416,2023-07-01,Q,False,SEC XBRL
GS,Goldman Sachs,2023-12-31,FY2023-Q4,USD,11318000000.0,,,,2008000000.0,5.530000000000001,,,,17.742,2023-09-30,Q,True,SEC XBRL
GS,Goldman Sachs,2024-03-31,FY2024-Q1,USD,14213000000.0,,,,4132000000.0,11.58,,,,29.072,2024-01-01,Q,False,SEC XBRL
GS,Goldman Sachs,2024-06-30,FY2024-Q2,USD,12731000000.0,,,,3043000000.0,8.62,,,,23.902,2024-04-01,Q,False,SEC XBRL
GS,Goldman Sachs,2024-09-30,FY2024-Q3,USD,12699000000.0,,,,2990000000.0,8.4,,,,23.545,2024-07-01,Q,False,SEC XBRL
GS,Goldman Sachs,2024-12-31,FY2024-Q4,USD,13869000000.0,,,,4111000000.0,11.939999999999998,,,,29.642,2024-09-30,Q,True,SEC XBRL
GS,Goldman Sachs,2025-03-31,FY2025-Q1,USD,15062000000.0,,,,4738000000.0,14.12,,,,31.457,2025-01-01,Q,False,SEC XBRL
GS,Goldman Sachs,2025-06-30,FY2025-Q2,USD,14583000000.0,,,,3723000000.0,10.91,,,,25.53,2025-04-01,Q,False,SEC XBRL
GS,Goldman Sachs,2025-09-30,FY2025-Q3,USD,15184000000.0,,,,4098000000.0,12.25,,,,26.989,2025-07-01,Q,False,SEC XBRL
GS,Goldman Sachs,2025-12-31,FY2025-Q4,USD,13454000000.0,,,,4617000000.0,14.04,,,,34.317,2025-09-30,Q,True,SEC XBRL
GS,Goldman Sachs,2026-03-31,FY2026-Q1,USD,17227000000.0,,,,5630000000.0,17.55,,,,32.681,2026-01-01,Q,False,SEC XBRL
GS,Goldman Sachs,2026-06-30,FY2026-Q2,USD,20338000000.0,,,,6628000000.0,20.98,,,,32.589,2026-04-01,Q,False,SEC XBRL
HD,Home Depot (The),2020-08-02,FY2021-Q2,USD,38053000000.0,12941000000.0,6067000000.0,6682000000.0,4332000000.0,4.02,34.008,15.944,17.56,11.384,2020-05-04,Q,False,SEC XBRL
HD,Home Depot (The),2020-11-01,FY2021-Q3,USD,33536000000.0,11456000000.0,4852000000.0,5483000000.0,3432000000.0,3.18,34.16,14.468,16.35,10.234,2020-08-03,Q,False,SEC XBRL
HD,Home Depot (The),2021-01-31,FY2021-Q4,USD,32261000000.0,10831000000.0,4083000000.0,4749000000.0,2857000000.0,2.66,33.573,12.656,14.721,8.856,2020-11-01,Q,True,SEC XBRL
HD,Home Depot (The),2021-05-02,FY2022-Q1,USD,37500000000.0,12742000000.0,5781000000.0,6484000000.0,4145000000.0,3.86,33.979,15.416,17.291,11.053,2021-02-01,Q,False,SEC XBRL
HD,Home Depot (The),2021-08-01,FY2022-Q2,USD,41118000000.0,13665000000.0,6639000000.0,7350000000.0,4807000000.0,4.53,33.234,16.146,17.875,11.691,2021-05-03,Q,False,SEC XBRL
HD,Home Depot (The),2021-10-31,FY2022-Q3,USD,36820000000.0,12563000000.0,5795000000.0,6509000000.0,4129000000.0,3.92,34.12,15.739,17.678,11.214,2021-08-02,Q,False,SEC XBRL
HD,Home Depot (The),2022-01-30,FY2022-Q4,USD,35719000000.0,11862000000.0,4825000000.0,5559000000.0,3352000000.0,3.219999999999999,33.209,13.508,15.563,9.384,2021-10-31,Q,True,SEC XBRL
HD,Home Depot (The),2022-05-01,FY2023-Q1,USD,38908000000.0,13145000000.0,5929000000.0,6656000000.0,4231000000.0,4.09,33.785,15.239,17.107,10.874,2022-01-31,Q,False,SEC XBRL
HD,Home Depot (The),2022-07-31,FY2023-Q2,USD,43792000000.0,14483000000.0,7210000000.0,7956000000.0,5173000000.0,5.05,33.072,16.464,18.168,11.813,2022-05-02,Q,False,SEC XBRL
HD,Home Depot (The),2022-10-30,FY2023-Q3,USD,38872000000.0,13224000000.0,6148000000.0,6891000000.0,4339000000.0,4.24,34.019,15.816,17.727,11.162,2022-08-01,Q,False,SEC XBRL
HD,Home Depot (The),2023-01-29,FY2023-Q4,USD,35831000000.0,11926000000.0,4752000000.0,5332000000.0,3362000000.0,3.3100000000000005,33.284,13.262,14.881,9.383,2022-10-30,Q,True,SEC XBRL
HD,Home Depot (The),2023-04-30,FY2024-Q1,USD,37257000000.0,12557000000.0,5551000000.0,6344000000.0,3873000000.0,3.82,33.704,14.899,17.028,10.395,2023-01-30,Q,False,SEC XBRL
HD,Home Depot (The),2023-07-30,FY2024-Q2,USD,42916000000.0,14157000000.0,6589000000.0,7296000000.0,4659000000.0,4.65,32.988,15.353,17.001,10.856,2023-05-01,Q,False,SEC XBRL
HD,Home Depot (The),2023-10-29,FY2024-Q3,USD,37710000000.0,12738000000.0,5406000000.0,6185000000.0,3810000000.0,3.81,33.779,14.336,16.401,10.103,2023-07-31,Q,False,SEC XBRL
HD,Home Depot (The),2024-01-28,FY2024-Q4,USD,34786000000.0,11508000000.0,4143000000.0,4925000000.0,2801000000.0,2.8299999999999983,33.082,11.91,14.158,8.052,2023-10-29,Q,True,SEC XBRL
HD,Home Depot (The),2024-04-28,FY2025-Q1,USD,36418000000.0,12433000000.0,5079000000.0,5864000000.0,3600000000.0,3.63,34.14,13.946,16.102,9.885,2024-01-29,Q,False,SEC XBRL
HD,Home Depot (The),2024-07-28,FY2025-Q2,USD,43175000000.0,14416000000.0,6534000000.0,7364000000.0,4561000000.0,4.6,33.39,15.134,17.056,10.564,2024-04-29,Q,False,SEC XBRL
HD,Home Depot (The),2024-10-27,FY2025-Q3,USD,40217000000.0,13425000000.0,5418000000.0,6275000000.0,3648000000.0,3.67,33.381,13.472,15.603,9.071,2024-07-29,Q,False,SEC XBRL
HD,Home Depot (The),2025-02-02,FY2025-Q4,USD,39704000000.0,13034000000.0,4495000000.0,5359000000.0,2997000000.0,3.01,32.828,11.321,13.497,7.548,2024-10-27,Q,True,SEC XBRL
HD,Home Depot (The),2025-05-04,FY2026-Q1,USD,39856000000.0,13459000000.0,5133000000.0,5988000000.0,3433000000.0,3.45,33.769,12.879,15.024,8.614,2025-02-03,Q,False,SEC XBRL
HD,Home Depot (The),2025-08-03,FY2026-Q2,USD,45277000000.0,15125000000.0,6555000000.0,7420000000.0,4551000000.0,4.58,33.405,14.478,16.388,10.051,2025-05-05,Q,False,SEC XBRL
HD,Home Depot (The),2025-11-02,FY2026-Q3,USD,41352000000.0,13815000000.0,5353000000.0,6239000000.0,3601000000.0,3.62,33.408,12.945,15.088,8.708,2025-08-04,Q,False,SEC XBRL
HD,Home Depot (The),2026-02-01,FY2026-Q4,USD,38198000000.0,12466000000.0,3849000000.0,4757000000.0,2571000000.0,2.5799999999999983,32.635,10.076,12.454,6.731,2025-11-02,Q,True,SEC XBRL
HD,Home Depot (The),2026-05-03,FY2027-Q1,USD,41765000000.0,13781000000.0,4981000000.0,5891000000.0,3289000000.0,3.3,32.997,11.926,14.105,7.875,2026-02-02,Q,False,SEC XBRL
IRM,Iron Mountain,2020-09-30,FY2020-Q3,USD,1036647000.0,,240264000.0,397516000.0,38562000.0,0.13,,23.177,38.346,3.72,2020-07-01,Q,False,SEC XBRL
IRM,Iron Mountain,2020-12-31,FY2020-Q4,USD,3116450000.0,,425293000.0,593676000.0,246755000.0,0.8599999999999999,,13.647,19.05,7.918,2020-09-30,Q,True,SEC XBRL
IRM,Iron Mountain,2021-03-31,FY2021-Q1,USD,1082040000.0,,170406000.0,336048000.0,46631000.0,0.16,,15.749,31.057,4.31,2021-01-01,Q,False,SEC XBRL
IRM,Iron Mountain,2021-06-30,FY2021-Q2,USD,1119756000.0,,305928000.0,472613000.0,276522000.0,0.95,,27.321,42.207,24.695,2021-04-01,Q,False,SEC XBRL
IRM,Iron Mountain,2021-09-30,FY2021-Q3,USD,1130148000.0,,181436000.0,356254000.0,68111000.0,0.23,,16.054,31.523,6.027,2021-07-01,Q,False,SEC XBRL
IRM,Iron Mountain,2021-12-31,FY2021-Q4,USD,3304529000.0,,196402000.0,369679000.0,61461000.0,0.2100000000000002,,5.943,11.187,1.86,2021-09-30,Q,True,SEC XBRL
IRM,Iron Mountain,2022-03-31,FY2022-Q1,USD,1248046000.0,,222130000.0,405745000.0,41707000.0,0.14,,17.798,32.51,3.342,2022-01-01,Q,False,SEC XBRL
IRM,Iron Mountain,2022-06-30,FY2022-Q2,USD,1289534000.0,,293781000.0,472035000.0,201858000.0,0.68,,22.782,36.605,15.654,2022-04-01,Q,False,SEC XBRL
IRM,Iron Mountain,2022-09-30,FY2022-Q3,USD,1286945000.0,,285762000.0,460839000.0,192931000.0,0.66,,22.205,35.809,14.991,2022-07-01,Q,False,SEC XBRL
IRM,Iron Mountain,2022-12-31,FY2022-Q4,USD,1279049000.0,,248198000.0,438847000.0,125653000.0,0.4199999999999999,,19.405,34.31,9.824,2022-09-30,Q,True,SEC XBRL
IRM,Iron Mountain,2023-03-31,FY2023-Q1,USD,1314349000.0,,240662000.0,422756000.0,65535000.0,0.22,,18.31,32.165,4.986,2023-01-01,Q,False,SEC XBRL
IRM,Iron Mountain,2023-06-30,FY2023-Q2,USD,1357936000.0,,212526000.0,407893000.0,1143000.0,0.0,,15.651,30.038,0.084,2023-04-01,Q,False,SEC XBRL
IRM,Iron Mountain,2023-09-30,FY2023-Q3,USD,1388175000.0,,237833000.0,436590000.0,91391000.0,0.31,,17.133,31.451,6.584,2023-07-01,Q,False,SEC XBRL
IRM,Iron Mountain,2023-12-31,FY2023-Q4,USD,1419829000.0,,230757000.0,430698000.0,29194000.0,0.0999999999999999,,16.252,30.334,2.056,2023-09-30,Q,True,SEC XBRL
IRM,Iron Mountain,2024-03-31,FY2024-Q1,USD,1476863000.0,,245623000.0,455178000.0,77025000.0,0.25,,16.631,30.821,5.215,2024-01-01,Q,False,SEC XBRL
IRM,Iron Mountain,2024-06-30,FY2024-Q2,USD,1534409000.0,,230294000.0,454795000.0,34621000.0,0.12,,15.009,29.64,2.256,2024-04-01,Q,False,SEC XBRL
IRM,Iron Mountain,2024-09-30,FY2024-Q3,USD,1557358000.0,,251164000.0,483404000.0,-33665000.0,-0.11,,16.128,31.04,-2.162,2024-07-01,Q,False,SEC XBRL
IRM,Iron Mountain,2024-12-31,FY2024-Q4,USD,1581279000.0,,282438000.0,517047000.0,105685000.0,0.35,,17.861,32.698,6.684,2024-09-30,Q,True,SEC XBRL
IRM,Iron Mountain,2025-03-31,FY2025-Q1,USD,1592529000.0,,254294000.0,486448000.0,16233000.0,0.05,,15.968,30.546,1.019,2025-01-01,Q,False,SEC XBRL
IRM,Iron Mountain,2025-06-30,FY2025-Q2,USD,1711948000.0,,259896000.0,512462000.0,-43340000.0,-0.15,,15.181,29.934,-2.532,2025-04-01,Q,False,SEC XBRL
IRM,Iron Mountain,2025-09-30,FY2025-Q3,USD,1754093000.0,,308589000.0,570792000.0,86241000.0,0.28,,17.593,32.541,4.917,2025-07-01,Q,False,SEC XBRL
IRM,Iron Mountain,2025-12-31,FY2025-Q4,USD,1843167000.0,,341043000.0,618555000.0,93120000.0,0.3099999999999999,,18.503,33.559,5.052,2025-09-30,Q,True,SEC XBRL
IRM,Iron Mountain,2026-03-31,FY2026-Q1,USD,1936149000.0,,395230000.0,663069000.0,148999000.0,0.48,,20.413,34.247,7.696,2026-01-01,Q,False,SEC XBRL
JBDI,JBDI Holdings Limited,2022-05-31,FY2022,USD,11894000.0,8543000.0,2617000.0,,2233000.0,0.24,71.826,22.003,,18.774,2021-06-01,FY,False,SEC XBRL
JBDI,JBDI Holdings Limited,2023-05-31,FY2023,USD,11122000.0,7598000.0,867000.0,,806000.0,0.04,68.315,7.795,,7.247,2022-06-01,FY,False,SEC XBRL
JBDI,JBDI Holdings Limited,2024-05-31,FY2024,USD,9394000.0,4275000.0,-1246000.0,,-977000.0,-0.05,45.508,-13.264,,-10.4,2023-06-01,FY,False,SEC XBRL
JBDI,JBDI Holdings Limited,2025-05-31,FY2025,USD,8445000.0,3356000.0,-2920000.0,,-2720000.0,-0.14,39.739,-34.577,,-32.208,2024-06-01,FY,False,SEC XBRL
JBHT,J.B. Hunt,2020-09-30,FY2020-Q3,USD,2472523000.0,,175503000.0,307895000.0,125496000.0,1.18,,7.098,12.453,5.076,2020-07-01,Q,False,SEC XBRL
JBHT,J.B. Hunt,2020-12-31,FY2020-Q4,USD,2737652000.0,,207691000.0,342280000.0,154007000.0,1.44,,7.586,12.503,5.626,2020-10-01,Q,False,SEC XBRL
JBHT,J.B. Hunt,2021-03-31,FY2021-Q1,USD,2618149000.0,,207652000.0,345197000.0,146606000.0,1.37,,7.931,13.185,5.6,2021-01-01,Q,False,SEC XBRL
JBHT,J.B. Hunt,2021-06-30,FY2021-Q2,USD,2908370000.0,,241546000.0,380917000.0,172162000.0,1.61,,8.305,13.097,5.92,2021-04-01,Q,False,SEC XBRL
JBHT,J.B. Hunt,2021-09-30,FY2021-Q3,USD,3144812000.0,,273829000.0,412752000.0,199829000.0,1.88,,8.707,13.125,6.354,2021-07-01,Q,False,SEC XBRL
JBHT,J.B. Hunt,2021-12-31,FY2021-Q4,USD,3496971000.0,,322503000.0,463757000.0,242209000.0,2.28,,9.222,13.262,6.926,2021-09-30,Q,True,SEC XBRL
JBHT,J.B. Hunt,2022-03-31,FY2022-Q1,USD,3488588000.0,,334294000.0,483057000.0,243325000.0,2.29,,9.583,13.847,6.975,2022-01-01,Q,False,SEC XBRL
JBHT,J.B. Hunt,2022-06-30,FY2022-Q2,USD,3837532000.0,,353083000.0,510654000.0,255342000.0,2.42,,9.201,13.307,6.654,2022-04-01,Q,False,SEC XBRL
JBHT,J.B. Hunt,2022-09-30,FY2022-Q3,USD,3838257000.0,,362228000.0,528808000.0,269382000.0,2.57,,9.437,13.777,7.018,2022-07-01,Q,False,SEC XBRL
JBHT,J.B. Hunt,2022-12-31,FY2022-Q4,USD,3649622000.0,,281948000.0,453554000.0,201302000.0,1.9300000000000013,,7.725,12.427,5.516,2022-09-30,Q,True,SEC XBRL
JBHT,J.B. Hunt,2023-03-31,FY2023-Q1,USD,3229588000.0,,277489000.0,453301000.0,197768000.0,1.89,,8.592,14.036,6.124,2023-01-01,Q,False,SEC XBRL
JBHT,J.B. Hunt,2023-06-30,FY2023-Q2,USD,3132623000.0,,270712000.0,450684000.0,189552000.0,1.81,,8.642,14.387,6.051,2023-04-01,Q,False,SEC XBRL
JBHT,J.B. Hunt,2023-09-30,FY2023-Q3,USD,3163753000.0,,241716000.0,429430000.0,187431000.0,1.8,,7.64,13.573,5.924,2023-07-01,Q,False,SEC XBRL
JBHT,J.B. Hunt,2023-12-31,FY2023-Q4,USD,3303701000.0,,203279000.0,397735000.0,153536000.0,1.4699999999999998,,6.153,12.039,4.647,2023-09-30,Q,True,SEC XBRL
JBHT,J.B. Hunt,2024-03-31,FY2024-Q1,USD,2944001000.0,,194369000.0,377365000.0,127493000.0,1.22,,6.602,12.818,4.331,2024-01-01,Q,False,SEC XBRL
JBHT,J.B. Hunt,2024-06-30,FY2024-Q2,USD,2928685000.0,,205709000.0,390368000.0,135873000.0,1.32,,7.024,13.329,4.639,2024-04-01,Q,False,SEC XBRL
JBHT,J.B. Hunt,2024-09-30,FY2024-Q3,USD,3068171000.0,,224108000.0,412090000.0,152066000.0,1.49,,7.304,13.431,4.956,2024-07-01,Q,False,SEC XBRL
JBHT,J.B. Hunt,2024-12-31,FY2024-Q4,USD,3146347000.0,,207039000.0,412543000.0,155454000.0,1.5299999999999994,,6.58,13.112,4.941,2024-09-30,Q,True,SEC XBRL
JBHT,J.B. Hunt,2025-03-31,FY2025-Q1,USD,2921392000.0,,178680000.0,358156000.0,117740000.0,1.17,,6.116,12.26,4.03,2025-01-01,Q,False,SEC XBRL
JBHT,J.B. Hunt,2025-06-30,FY2025-Q2,USD,2928181000.0,,197274000.0,374254000.0,128624000.0,1.31,,6.737,12.781,4.393,2025-04-01,Q,False,SEC XBRL
JBHT,J.B. Hunt,2025-09-30,FY2025-Q3,USD,3052897000.0,,242657000.0,421782000.0,170849000.0,1.76,,7.948,13.816,5.596,2025-07-01,Q,False,SEC XBRL
JBHT,J.B. Hunt,2025-12-31,FY2025-Q4,USD,3096626000.0,,246458000.0,425662000.0,181069000.0,1.88,,7.959,13.746,5.847,2025-09-30,Q,True,SEC XBRL
JBHT,J.B. Hunt,2026-03-31,FY2026-Q1,USD,3056491000.0,,207048000.0,386458000.0,141553000.0,1.49,,6.774,12.644,4.631,2026-01-01,Q,False,SEC XBRL
JBHT,J.B. Hunt,2026-06-30,FY2026-Q2,USD,3495296000.0,,259452000.0,440062000.0,181034000.0,1.91,,7.423,12.59,5.179,2026-04-01,Q,False,SEC XBRL
JPM,JPMorgan Chase,2020-09-30,FY2020-Q3,USD,29255000000.0,,,,9443000000.0,2.92,,,,32.278,2020-07-01,Q,False,SEC XBRL
JPM,JPMorgan Chase,2020-12-31,FY2020-Q4,USD,29335000000.0,,,,12136000000.0,3.8000000000000007,,,,41.37,2020-09-30,Q,True,SEC XBRL
JPM,JPMorgan Chase,2021-03-31,FY2021-Q1,USD,32266000000.0,,,,14300000000.0,4.5,,,,44.319,2021-01-01,Q,False,SEC XBRL
JPM,JPMorgan Chase,2021-06-30,FY2021-Q2,USD,30479000000.0,,,,11948000000.0,3.78,,,,39.201,2021-04-01,Q,False,SEC XBRL
JPM,JPMorgan Chase,2021-09-30,FY2021-Q3,USD,29647000000.0,,,,11687000000.0,3.74,,,,39.421,2021-07-01,Q,False,SEC XBRL
JPM,JPMorgan Chase,2021-12-31,FY2021-Q4,USD,29257000000.0,,,,10399000000.0,3.34,,,,35.544,2021-09-30,Q,True,SEC XBRL
JPM,JPMorgan Chase,2022-03-31,FY2022-Q1,USD,30717000000.0,,,,8282000000.0,2.63,,,,26.962,2022-01-01,Q,False,SEC XBRL
JPM,JPMorgan Chase,2022-06-30,FY2022-Q2,USD,30715000000.0,,,,8649000000.0,2.76,,,,28.159,2022-04-01,Q,False,SEC XBRL
JPM,JPMorgan Chase,2022-09-30,FY2022-Q3,USD,32716000000.0,,,,9737000000.0,3.12,,,,29.762,2022-07-01,Q,False,SEC XBRL
JPM,JPMorgan Chase,2022-12-31,FY2022-Q4,USD,34547000000.0,,,,11008000000.0,3.58,,,,31.864,2022-09-30,Q,True,SEC XBRL
JPM,JPMorgan Chase,2023-03-31,FY2023-Q1,USD,38349000000.0,,,,12622000000.0,4.1,,,,32.914,2023-01-01,Q,False,SEC XBRL
JPM,JPMorgan Chase,2023-06-30,FY2023-Q2,USD,41307000000.0,,,,14472000000.0,4.75,,,,35.035,2023-04-01,Q,False,SEC XBRL
JPM,JPMorgan Chase,2023-09-30,FY2023-Q3,USD,39874000000.0,,,,13151000000.0,4.33,,,,32.981,2023-07-01,Q,False,SEC XBRL
JPM,JPMorgan Chase,2023-12-31,FY2023-Q4,USD,38574000000.0,,,,9307000000.0,3.0500000000000007,,,,24.128,2023-09-30,Q,True,SEC XBRL
JPM,JPMorgan Chase,2024-03-31,FY2024-Q1,USD,41934000000.0,,,,13419000000.0,4.44,,,,32.0,2024-01-01,Q,False,SEC XBRL
JPM,JPMorgan Chase,2024-06-30,FY2024-Q2,USD,50200000000.0,,,,18149000000.0,6.12,,,,36.153,2024-04-01,Q,False,SEC XBRL
JPM,JPMorgan Chase,2024-09-30,FY2024-Q3,USD,42654000000.0,,,,12898000000.0,4.37,,,,30.239,2024-07-01,Q,False,SEC XBRL
JPM,JPMorgan Chase,2024-12-31,FY2024-Q4,USD,42768000000.0,,,,14005000000.0,4.82,,,,32.746,2024-09-30,Q,True,SEC XBRL
JPM,JPMorgan Chase,2025-03-31,FY2025-Q1,USD,45310000000.0,,,,14643000000.0,5.07,,,,32.317,2025-01-01,Q,False,SEC XBRL
JPM,JPMorgan Chase,2025-06-30,FY2025-Q2,USD,44912000000.0,,,,14987000000.0,5.24,,,,33.37,2025-04-01,Q,False,SEC XBRL
JPM,JPMorgan Chase,2025-09-30,FY2025-Q3,USD,46427000000.0,,,,14393000000.0,5.07,,,,31.001,2025-07-01,Q,False,SEC XBRL
JPM,JPMorgan Chase,2025-12-31,FY2025-Q4,USD,45798000000.0,,,,13025000000.0,4.639999999999999,,,,28.44,2025-09-30,Q,True,SEC XBRL
JPM,JPMorgan Chase,2026-03-31,FY2026-Q1,USD,49836000000.0,,,,16494000000.0,5.94,,,,33.097,2026-01-01,Q,False,SEC XBRL
JTAI,Jet.AI Inc.,2021-09-30,2021-Q3,USD,,,-32497.0,,60246.0,,,,,,2021-07-01,Q,False,SEC XBRL
JTAI,Jet.AI Inc.,2022-03-31,FY2022-Q1,USD,,,-56158.0,,3364702.0,,,,,,2022-01-01,Q,False,SEC XBRL
JTAI,Jet.AI Inc.,2022-06-30,FY2022-Q2,USD,,,-73811.0,,-501501.0,-0.035,,,,,2022-04-01,Q,False,SEC XBRL
JTAI,Jet.AI Inc.,2022-09-30,FY2022-Q3,USD,11909588.0,1003822.0,-1997129.0,,-1997129.0,-0.45,8.429,-16.769,,-16.769,2022-07-01,Q,False,SEC XBRL
JTAI,Jet.AI Inc.,2022-12-31,FY2022-Q4,USD,,,-5608708.0,-5575113.0,-8604275.0,,,,,,2022-09-30,Q,True,SEC XBRL
JTAI,Jet.AI Inc.,2023-03-31,FY2023-Q1,USD,1875508.0,-75018.0,-2719522.0,-2685926.0,-2719522.0,-0.7,-4.0,-145.002,-143.211,-145.002,2023-01-01,Q,False,SEC XBRL
JTAI,Jet.AI Inc.,2023-06-30,FY2023-Q2,USD,2792808.0,-200823.0,-2448704.0,-2415108.0,-2448704.0,-0.54,-7.191,-87.679,-86.476,-87.679,2023-04-01,Q,False,SEC XBRL
JTAI,Jet.AI Inc.,2023-09-30,FY2023-Q3,USD,3367189.0,170441.0,-4266515.0,-4232268.0,-4290559.0,-137.55,5.062,-126.709,-125.691,-127.423,2023-07-01,Q,False,SEC XBRL
JTAI,Jet.AI Inc.,2023-12-31,FY2023-Q4,USD,4179051.0,-73133.0,-3075704.0,-3041892.0,-3157623.0,-311.54999999999995,-1.75,-73.598,-72.789,-75.558,2023-09-30,Q,True,SEC XBRL
JTAI,Jet.AI Inc.,2024-03-31,FY2024-Q1,USD,3848598.0,-124356.0,-3149796.0,-3115983.0,-3229049.0,-64.08,-3.231,-81.843,-80.964,-83.902,2024-01-01,Q,False,SEC XBRL
JTAI,Jet.AI Inc.,2024-06-30,FY2024-Q2,USD,3083884.0,-416996.0,-3220615.0,-3186802.0,-3220556.0,-56.66,-13.522,-104.434,-103.337,-104.432,2024-04-01,Q,False,SEC XBRL
JTAI,Jet.AI Inc.,2024-09-30,FY2024-Q3,USD,3917393.0,-13886.0,-2881938.0,-2947644.0,-2881882.0,-43.82,-0.354,-73.568,-75.245,-73.566,2024-07-01,Q,False,SEC XBRL
JTAI,Jet.AI Inc.,2024-12-31,FY2024-Q4,USD,3172753.0,-409379.0,-3314253.0,-3313616.0,-3401948.0,116.63,-12.903,-104.46,-104.44,-107.224,2024-09-30,Q,True,SEC XBRL
JTAI,Jet.AI Inc.,2025-03-31,FY2025-Q1,USD,3474638.0,-115514.0,-3171273.0,-3170635.0,-3169804.0,-370.43,-3.324,-91.269,-91.251,-91.227,2025-01-01,Q,False,SEC XBRL
JTAI,Jet.AI Inc.,2025-06-30,FY2025-Q2,USD,2225900.0,-110300.0,-2479925.0,-2479288.0,-2385023.0,-0.92,-4.955,-111.412,-111.384,-107.149,2025-04-01,Q,False,SEC XBRL
JTAI,Jet.AI Inc.,2025-09-30,FY2025-Q3,USD,1710988.0,-288407.0,-2036197.0,-2035560.0,-1966049.0,-0.59,-16.856,-119.007,-118.97,-114.907,2025-07-01,Q,False,SEC XBRL
JTAI,Jet.AI Inc.,2025-12-31,FY2025-Q4,USD,1766241.0,214182.0,-2382325.0,-2381687.0,12110350.0,372.27,12.126,-134.881,-134.845,685.657,2025-09-30,Q,True,SEC XBRL
JTAI,Jet.AI Inc.,2026-03-31,FY2026-Q1,USD,1681236.0,-234223.0,-2865552.0,-2864915.0,-2681102.0,-6.68,-13.932,-170.443,-170.405,-159.472,2026-01-01,Q,False,SEC XBRL
KO,Coca-Cola Company (The),2020-09-25,FY2020-Q3,USD,8652000000.0,5181000000.0,2298000000.0,2656000000.0,1737000000.0,0.4,59.882,26.56,30.698,20.076,2020-06-27,Q,False,SEC XBRL
KO,Coca-Cola Company (The),2020-12-31,FY2020-Q4,USD,8611000000.0,5033000000.0,2338000000.0,2768000000.0,1456000000.0,0.3399999999999998,58.448,27.151,32.145,16.909,2020-09-25,Q,True,SEC XBRL
KO,Coca-Cola Company (The),2021-04-02,FY2021-Q1,USD,9020000000.0,5515000000.0,2722000000.0,3088000000.0,2245000000.0,0.52,61.142,30.177,34.235,24.889,2021-01-01,Q,False,SEC XBRL
KO,Coca-Cola Company (The),2021-07-02,FY2021-Q2,USD,10129000000.0,6342000000.0,3016000000.0,3399000000.0,2641000000.0,0.61,62.612,29.776,33.557,26.074,2021-04-03,Q,False,SEC XBRL
KO,Coca-Cola Company (The),2021-10-01,FY2021-Q3,USD,10042000000.0,6065000000.0,2898000000.0,3260000000.0,2471000000.0,0.57,60.396,28.859,32.464,24.607,2021-07-03,Q,False,SEC XBRL
KO,Coca-Cola Company (The),2021-12-31,FY2021-Q4,USD,9464000000.0,5376000000.0,1672000000.0,2013000000.0,2414000000.0,0.5500000000000003,56.805,17.667,21.27,25.507,2021-10-01,Q,True,SEC XBRL
KO,Coca-Cola Company (The),2022-04-01,FY2022-Q1,USD,10491000000.0,6400000000.0,3405000000.0,3729000000.0,2781000000.0,0.64,61.005,32.456,35.545,26.508,2022-01-01,Q,False,SEC XBRL
KO,Coca-Cola Company (The),2022-07-01,FY2022-Q2,USD,11325000000.0,6495000000.0,2341000000.0,2663000000.0,1905000000.0,0.44,57.351,20.671,23.514,16.821,2022-04-02,Q,False,SEC XBRL
KO,Coca-Cola Company (The),2022-09-30,FY2022-Q3,USD,11063000000.0,6497000000.0,3088000000.0,3395000000.0,2825000000.0,0.65,58.727,27.913,30.688,25.536,2022-07-02,Q,False,SEC XBRL
KO,Coca-Cola Company (The),2022-12-31,FY2022-Q4,USD,10125000000.0,5612000000.0,2075000000.0,2382000000.0,2031000000.0,0.4599999999999999,55.427,20.494,23.526,20.059,2022-09-30,Q,True,SEC XBRL
KO,Coca-Cola Company (The),2023-03-31,FY2023-Q1,USD,10980000000.0,6663000000.0,3367000000.0,3653000000.0,3107000000.0,0.72,60.683,30.665,33.27,28.297,2023-01-01,Q,False,SEC XBRL
KO,Coca-Cola Company (The),2023-06-30,FY2023-Q2,USD,11972000000.0,7060000000.0,2401000000.0,2682000000.0,2547000000.0,0.59,58.971,20.055,22.402,21.275,2023-04-01,Q,False,SEC XBRL
KO,Coca-Cola Company (The),2023-09-29,FY2023-Q3,USD,11953000000.0,7296000000.0,3270000000.0,3560000000.0,3087000000.0,0.71,61.039,27.357,29.783,25.826,2023-07-01,Q,False,SEC XBRL
KO,Coca-Cola Company (The),2023-12-31,FY2023-Q4,USD,10849000000.0,6215000000.0,2273000000.0,2544000000.0,1973000000.0,0.4500000000000002,57.286,20.951,23.449,18.186,2023-09-29,Q,True,SEC XBRL
KO,Coca-Cola Company (The),2024-03-29,FY2024-Q1,USD,11300000000.0,7065000000.0,2141000000.0,2403000000.0,3177000000.0,0.74,62.522,18.947,21.265,28.115,2024-01-01,Q,False,SEC XBRL
KO,Coca-Cola Company (The),2024-06-28,FY2024-Q2,USD,12363000000.0,7551000000.0,2632000000.0,2901000000.0,2411000000.0,0.56,61.077,21.289,23.465,19.502,2024-03-30,Q,False,SEC XBRL
KO,Coca-Cola Company (The),2024-09-27,FY2024-Q3,USD,11854000000.0,7190000000.0,2510000000.0,2778000000.0,2848000000.0,0.66,60.655,21.174,23.435,24.026,2024-06-29,Q,False,SEC XBRL
KO,Coca-Cola Company (The),2024-12-31,FY2024-Q4,USD,11544000000.0,6931000000.0,2709000000.0,2985000000.0,2195000000.0,0.5,60.04,23.467,25.858,19.014,2024-09-27,Q,True,SEC XBRL
KO,Coca-Cola Company (The),2025-03-28,FY2025-Q1,USD,11129000000.0,6966000000.0,3659000000.0,3926000000.0,3330000000.0,0.77,62.593,32.878,35.277,29.922,2025-01-01,Q,False,SEC XBRL
KO,Coca-Cola Company (The),2025-06-27,FY2025-Q2,USD,12535000000.0,7821000000.0,4280000000.0,4559000000.0,3810000000.0,0.88,62.393,34.144,36.37,30.395,2025-03-29,Q,False,SEC XBRL
KO,Coca-Cola Company (The),2025-09-26,FY2025-Q3,USD,12455000000.0,7658000000.0,3982000000.0,4250000000.0,3696000000.0,0.86,61.485,31.971,34.123,29.675,2025-06-28,Q,False,SEC XBRL
KO,Coca-Cola Company (The),2025-12-31,FY2025-Q4,USD,11822000000.0,7099000000.0,1841000000.0,2077000000.0,2271000000.0,0.5300000000000002,60.049,15.573,17.569,19.21,2025-09-26,Q,True,SEC XBRL
KO,Coca-Cola Company (The),2026-04-03,FY2026-Q1,USD,12472000000.0,7852000000.0,4359000000.0,4623000000.0,3924000000.0,0.91,62.957,34.95,37.067,31.462,2026-01-01,Q,False,SEC XBRL
KO,Coca-Cola Company (The),2026-06-30,FY2026-Q2,USD,13380000000.0,8415000000.0,5844000000.0,6110000000.0,4425000000.0,1.03,62.892,43.677,45.665,33.072,2026-03-31,Q,False,yfinance (SEC pending)
KRNT,Kornit Digital Ltd.,2020-12-31,FY2020,USD,193331000.0,87801000.0,-6729000.0,-2018000.0,-4783000.0,-0.11,45.415,-3.481,-1.044,-2.474,2020-01-01,FY,False,SEC XBRL
KRNT,Kornit Digital Ltd.,2021-12-31,FY2021,USD,322006000.0,151911000.0,12793000.0,19889000.0,15527000.0,0.32,47.176,3.973,6.177,4.822,2021-01-01,FY,False,SEC XBRL
KRNT,Kornit Digital Ltd.,2022-12-31,FY2022,USD,271518000.0,96500000.0,-69882000.0,-56317000.0,-79065000.0,-1.59,35.541,-25.738,-20.742,-29.12,2022-01-01,FY,False,SEC XBRL
KRNT,Kornit Digital Ltd.,2023-12-31,FY2023,USD,219786000.0,66957000.0,-87531000.0,-72831000.0,-64351000.0,-1.31,30.465,-39.826,-33.137,-29.279,2023-01-01,FY,False,SEC XBRL
KRNT,Kornit Digital Ltd.,2024-12-31,FY2024,USD,203825000.0,91762000.0,-37315000.0,-24268000.0,-16800000.0,-0.35,45.02,-18.307,-11.906,-8.242,2024-01-01,FY,False,SEC XBRL
KRNT,Kornit Digital Ltd.,2025-12-31,FY2025,USD,208200000.0,92266000.0,-34572000.0,-22675000.0,-13518000.0,-0.3,44.316,-16.605,-10.891,-6.493,2025-01-01,FY,False,SEC XBRL
LHX,L3Harris,2020-10-02,FY2020-Q3,USD,4463000000.0,,,,426000000.0,1.98,,,,9.545,2020-07-04,Q,False,SEC XBRL
LHX,L3Harris,2021-01-01,FY2020-Q4,USD,4660000000.0,,,,193000000.0,0.9200000000000008,,,,4.142,2020-10-02,Q,True,SEC XBRL
LHX,L3Harris,2021-04-02,FY2021-Q1,USD,4567000000.0,,,,468000000.0,2.25,,,,10.247,2021-01-02,Q,False,SEC XBRL
LHX,L3Harris,2021-07-02,FY2021-Q2,USD,4668000000.0,,,,413000000.0,2.01,,,,8.847,2021-04-03,Q,False,SEC XBRL
LHX,L3Harris,2021-10-01,FY2021-Q3,USD,4229000000.0,,,,481000000.0,2.39,,,,11.374,2021-07-03,Q,False,SEC XBRL
LHX,L3Harris,2021-12-31,FY2021-Q4,USD,4350000000.0,,,,484000000.0,2.4399999999999995,,,,11.126,2021-10-01,Q,True,SEC XBRL
LHX,L3Harris,2022-04-01,FY2022-Q1,USD,4103000000.0,,,,475000000.0,2.44,,,,11.577,2022-01-01,Q,False,SEC XBRL
LHX,L3Harris,2022-07-01,FY2022-Q2,USD,4135000000.0,,,,471000000.0,2.42,,,,11.391,2022-04-02,Q,False,SEC XBRL
LHX,L3Harris,2022-09-30,FY2022-Q3,USD,4246000000.0,,,,-300000000.0,-1.56,,,,-7.065,2022-07-02,Q,False,SEC XBRL
LHX,L3Harris,2022-12-30,FY2022-Q4,USD,4578000000.0,,,,416000000.0,2.190000000000001,,,,9.087,2022-09-30,Q,True,SEC XBRL
LHX,L3Harris,2023-03-31,FY2023-Q1,USD,4471000000.0,,393000000.0,478000000.0,337000000.0,1.76,,8.79,10.691,7.537,2022-12-31,Q,False,SEC XBRL
LHX,L3Harris,2023-06-30,FY2023-Q2,USD,4693000000.0,,400000000.0,821000000.0,349000000.0,1.83,,8.523,17.494,7.437,2023-04-01,Q,False,SEC XBRL
LHX,L3Harris,2023-09-29,FY2023-Q3,USD,4915000000.0,,479000000.0,789000000.0,383000000.0,2.02,,9.746,16.053,7.792,2023-07-01,Q,False,SEC XBRL
LHX,L3Harris,2023-12-29,FY2023-Q4,USD,5340000000.0,,154000000.0,504000000.0,158000000.0,0.830000000000001,,2.884,9.438,2.959,2023-09-29,Q,True,SEC XBRL
LHX,L3Harris,2024-03-29,FY2024-Q1,USD,5211000000.0,,378000000.0,698000000.0,283000000.0,1.48,,7.254,13.395,5.431,2023-12-30,Q,False,SEC XBRL
LHX,L3Harris,2024-06-28,FY2024-Q2,USD,5299000000.0,,476000000.0,795000000.0,366000000.0,1.92,,8.983,15.003,6.907,2024-03-30,Q,False,SEC XBRL
LHX,L3Harris,2024-09-27,FY2024-Q3,USD,5292000000.0,,495000000.0,819000000.0,400000000.0,2.1,,9.354,15.476,7.559,2024-06-29,Q,False,SEC XBRL
LHX,L3Harris,2025-01-03,FY2024-Q4,USD,21325000000.0,,1918000000.0,2244000000.0,453000000.0,2.37,,8.994,10.523,2.124,2024-09-28,Q,True,SEC XBRL
LHX,L3Harris,2025-03-28,FY2025-Q1,USD,5132000000.0,,525000000.0,826000000.0,386000000.0,2.04,,10.23,16.095,7.521,2025-01-04,Q,False,SEC XBRL
LHX,L3Harris,2025-06-27,FY2025-Q2,USD,5426000000.0,,571000000.0,874000000.0,458000000.0,2.44,,10.523,16.108,8.441,2025-03-29,Q,False,SEC XBRL
LHX,L3Harris,2025-10-03,FY2025-Q3,USD,5659000000.0,,621000000.0,930000000.0,462000000.0,2.46,,10.974,16.434,8.164,2025-06-28,Q,False,SEC XBRL
LHX,L3Harris,2026-01-02,FY2025-Q4,USD,21865000000.0,,2110000000.0,2421000000.0,300000000.0,1.589999999999999,,9.65,11.072,1.372,2025-10-04,Q,True,SEC XBRL
LHX,L3Harris,2026-04-03,FY2026-Q1,USD,5744000000.0,,652000000.0,934000000.0,512000000.0,2.72,,11.351,16.26,8.914,2026-01-03,Q,False,SEC XBRL
LHX,L3Harris,2026-07-03,FY2026-Q2,USD,5881000000.0,,654000000.0,942000000.0,600000000.0,3.13,,11.121,16.018,10.202,2026-04-04,Q,False,SEC XBRL
LII,Lennox International,2020-09-30,FY2020-Q3,USD,1055000000.0,323300000.0,167100000.0,184600000.0,131700000.0,3.42,30.645,15.839,17.498,12.483,2020-07-01,Q,False,SEC XBRL
LII,Lennox International,2020-12-31,FY2020-Q4,USD,914000000.0,275300000.0,139000000.0,156200000.0,111700000.0,2.89,30.12,15.208,17.09,12.221,2020-10-01,Q,True,SEC XBRL
LII,Lennox International,2021-03-31,FY2021-Q1,USD,930500000.0,256500000.0,114100000.0,131500000.0,84200000.0,2.2,27.566,12.262,14.132,9.049,2021-01-01,Q,False,SEC XBRL
LII,Lennox International,2021-06-30,FY2021-Q2,USD,1239000000.0,383200000.0,216000000.0,234200000.0,170000000.0,4.51,30.928,17.433,18.902,13.721,2021-04-01,Q,False,SEC XBRL
LII,Lennox International,2021-09-30,FY2021-Q3,USD,1059900000.0,295200000.0,162700000.0,180400000.0,126300000.0,3.41,27.852,15.351,17.02,11.916,2021-07-01,Q,False,SEC XBRL
LII,Lennox International,2021-12-31,FY2021-Q4,USD,964800000.0,253500000.0,97500000.0,116600000.0,83500000.0,2.27,26.275,10.106,12.085,8.655,2021-10-01,Q,True,SEC XBRL
LII,Lennox International,2022-03-31,FY2022-Q1,USD,1013400000.0,268200000.0,111900000.0,130700000.0,83600000.0,2.29,26.465,11.042,12.897,8.249,2022-01-01,Q,False,SEC XBRL
LII,Lennox International,2022-06-30,FY2022-Q2,USD,1366300000.0,397100000.0,226900000.0,245900000.0,177200000.0,4.96,29.064,16.607,17.998,12.969,2022-04-01,Q,False,SEC XBRL
LII,Lennox International,2022-09-30,FY2022-Q3,USD,1244900000.0,334200000.0,185800000.0,204200000.0,141900000.0,3.99,26.846,14.925,16.403,11.399,2022-07-01,Q,False,SEC XBRL
LII,Lennox International,2022-12-31,FY2022-Q4,USD,1093800000.0,285200000.0,131600000.0,153300000.0,94400000.0,2.640000000000001,26.074,12.031,14.015,8.63,2022-10-01,Q,True,SEC XBRL
LII,Lennox International,2023-03-31,FY2023-Q1,USD,1049400000.0,306600000.0,139500000.0,159100000.0,98000000.0,2.75,29.217,13.293,15.161,9.339,2023-01-01,Q,False,SEC XBRL
LII,Lennox International,2023-06-30,FY2023-Q2,USD,1411400000.0,457800000.0,278800000.0,299700000.0,217200000.0,6.1,32.436,19.753,21.234,15.389,2023-04-01,Q,False,SEC XBRL
LII,Lennox International,2023-09-30,FY2023-Q3,USD,1366300000.0,428500000.0,186800000.0,208300000.0,130400000.0,3.65,31.362,13.672,15.246,9.544,2023-07-01,Q,False,SEC XBRL
LII,Lennox International,2023-12-31,FY2023-Q4,USD,1154800000.0,356300000.0,186400000.0,210400000.0,145600000.0,4.079999999999998,30.854,16.141,18.22,12.608,2023-09-30,Q,True,SEC XBRL
LII,Lennox International,2024-03-31,FY2024-Q1,USD,1047100000.0,340000000.0,166800000.0,190800000.0,124300000.0,3.47,32.471,15.93,18.222,11.871,2024-01-01,Q,False,SEC XBRL
LII,Lennox International,2024-06-30,FY2024-Q2,USD,1451100000.0,488200000.0,320100000.0,345300000.0,245900000.0,6.87,33.643,22.059,23.796,16.946,2024-04-01,Q,False,SEC XBRL
LII,Lennox International,2024-09-30,FY2024-Q3,USD,1498100000.0,488400000.0,303300000.0,323700000.0,239000000.0,6.68,32.601,20.246,21.607,15.954,2024-07-01,Q,False,SEC XBRL
LII,Lennox International,2024-12-31,FY2024-Q4,USD,1345000000.0,460900000.0,250200000.0,275700000.0,201900000.0,5.640000000000001,34.268,18.602,20.498,15.011,2024-09-30,Q,True,SEC XBRL
LII,Lennox International,2025-03-31,FY2025-Q1,USD,1072600000.0,340900000.0,168000000.0,193600000.0,129600000.0,3.63,31.783,15.663,18.05,12.083,2025-01-01,Q,False,SEC XBRL
LII,Lennox International,2025-06-30,FY2025-Q2,USD,1500900000.0,517500000.0,349000000.0,375800000.0,273900000.0,7.71,34.479,23.253,25.038,18.249,2025-04-01,Q,False,SEC XBRL
LII,Lennox International,2025-09-30,FY2025-Q3,USD,1426800000.0,487200000.0,328800000.0,355800000.0,259900000.0,7.38,34.146,23.045,24.937,18.216,2025-07-01,Q,False,SEC XBRL
LII,Lennox International,2025-12-31,FY2025-Q4,USD,1195000000.0,389300000.0,195800000.0,228900000.0,142500000.0,4.07,32.577,16.385,19.155,11.925,2025-10-01,Q,False,SEC XBRL
LII,Lennox International,2026-03-31,FY2026-Q1,USD,1135100000.0,351300000.0,163500000.0,192700000.0,117200000.0,3.35,30.949,14.404,16.976,10.325,2026-01-01,Q,False,SEC XBRL
LII,Lennox International,2026-06-30,FY2026-Q2,USD,1545300000.0,539500000.0,354300000.0,386900000.0,269000000.0,7.72,34.912,22.928,25.037,17.408,2026-03-31,Q,False,yfinance (SEC pending)
LILA,Liberty Latin America Ltd.,2020-09-30,FY2020-Q3,USD,887500000.0,,86600000.0,318200000.0,-84600000.0,-0.46,,9.758,35.854,-9.532,2020-07-01,Q,False,SEC XBRL
LILA,Liberty Latin America Ltd.,2020-12-31,FY2020-Q4,USD,1097200000.0,,103300000.0,360500000.0,-28900000.0,0.0500000000000002,,9.415,32.856,-2.634,2020-10-01,Q,True,SEC XBRL
LILA,Liberty Latin America Ltd.,2021-03-31,FY2021-Q1,USD,1165200000.0,,181000000.0,424100000.0,89100000.0,0.38,,15.534,36.397,7.647,2021-01-01,Q,False,SEC XBRL
LILA,Liberty Latin America Ltd.,2021-06-30,FY2021-Q2,USD,1173200000.0,,173000000.0,414200000.0,12700000.0,0.05,,14.746,35.305,1.083,2021-04-01,Q,False,SEC XBRL
LILA,Liberty Latin America Ltd.,2021-09-30,FY2021-Q3,USD,1196300000.0,,136000000.0,388000000.0,76100000.0,0.32,,11.368,32.433,6.361,2021-07-01,Q,False,SEC XBRL
LILA,Liberty Latin America Ltd.,2021-12-31,FY2021-Q4,USD,1276600000.0,,-426200000.0,-197800000.0,-618500000.0,-2.64,,-33.386,-15.494,-48.449,2021-09-30,Q,True,SEC XBRL
LILA,Liberty Latin America Ltd.,2022-03-31,FY2022-Q1,USD,1215600000.0,,184000000.0,398100000.0,78500000.0,0.35,,15.137,32.749,6.458,2022-01-01,Q,False,SEC XBRL
LILA,Liberty Latin America Ltd.,2022-06-30,FY2022-Q2,USD,1213000000.0,,-356100000.0,-142800000.0,-463500000.0,-2.11,,-29.357,-11.772,-38.211,2022-04-01,Q,False,SEC XBRL
LILA,Liberty Latin America Ltd.,2022-09-30,FY2022-Q3,USD,1220800000.0,,151700000.0,386000000.0,75700000.0,0.34,,12.426,31.619,6.201,2022-07-01,Q,False,SEC XBRL
LILA,Liberty Latin America Ltd.,2022-12-31,FY2022-Q4,USD,1159200000.0,,106900000.0,355900000.0,138600000.0,0.6499999999999997,,9.222,30.702,11.957,2022-10-01,Q,True,SEC XBRL
LILA,Liberty Latin America Ltd.,2023-03-31,FY2023-Q1,USD,1101500000.0,,106600000.0,341200000.0,-65600000.0,-0.3,,9.678,30.976,-5.956,2023-01-01,Q,False,SEC XBRL
LILA,Liberty Latin America Ltd.,2023-06-30,FY2023-Q2,USD,1120200000.0,,135400000.0,375900000.0,35100000.0,0.16,,12.087,33.557,3.133,2023-04-01,Q,False,SEC XBRL
LILA,Liberty Latin America Ltd.,2023-09-30,FY2023-Q3,USD,1125800000.0,,162700000.0,393200000.0,59700000.0,0.29,,14.452,34.926,5.303,2023-07-01,Q,False,SEC XBRL
LILA,Liberty Latin America Ltd.,2023-12-31,FY2023-Q4,USD,1163600000.0,,113000000.0,415700000.0,-102800000.0,-0.5,,9.711,35.725,-8.835,2023-09-30,Q,True,SEC XBRL
LILA,Liberty Latin America Ltd.,2024-03-31,FY2024-Q1,USD,1099400000.0,,92800000.0,340600000.0,-500000.0,0.0,,8.441,30.981,-0.045,2024-01-01,Q,False,SEC XBRL
LILA,Liberty Latin America Ltd.,2024-06-30,FY2024-Q2,USD,1118000000.0,,110800000.0,347500000.0,-42700000.0,-0.22,,9.911,31.082,-3.819,2024-04-01,Q,False,SEC XBRL
LILA,Liberty Latin America Ltd.,2024-09-30,FY2024-Q3,USD,1089200000.0,,-379600000.0,-134200000.0,-435800000.0,-2.22,,-34.851,-12.321,-40.011,2024-07-01,Q,False,SEC XBRL
LILA,Liberty Latin America Ltd.,2024-12-31,FY2024-Q4,USD,1140200000.0,,99200000.0,337600000.0,-210400000.0,-1.0299999999999998,,8.7,29.609,-18.453,2024-09-30,Q,True,SEC XBRL
LILA,Liberty Latin America Ltd.,2025-03-31,FY2025-Q1,USD,1083500000.0,,128100000.0,356900000.0,-136400000.0,-0.69,,11.823,32.94,-12.589,2025-01-01,Q,False,SEC XBRL
LILA,Liberty Latin America Ltd.,2025-06-30,FY2025-Q2,USD,1086700000.0,,-333000000.0,-115500000.0,-423300000.0,-2.12,,-30.643,-10.629,-38.953,2025-04-01,Q,False,SEC XBRL
LILA,Liberty Latin America Ltd.,2025-09-30,FY2025-Q3,USD,1112500000.0,,187500000.0,401100000.0,3300000.0,0.02,,16.854,36.054,0.297,2025-07-01,Q,False,SEC XBRL
LILA,Liberty Latin America Ltd.,2025-12-31,FY2025-Q4,USD,1159500000.0,,125600000.0,370600000.0,-54800000.0,-0.27,,10.832,31.962,-4.726,2025-09-30,Q,True,SEC XBRL
LILA,Liberty Latin America Ltd.,2026-03-31,FY2026-Q1,USD,1082800000.0,,145200000.0,362300000.0,-22700000.0,-0.11,,13.41,33.46,-2.096,2026-01-01,Q,False,SEC XBRL
META,Meta Platforms,2020-09-30,FY2020-Q3,USD,21470000000.0,,8040000000.0,9738000000.0,7846000000.0,2.71,,37.448,45.356,36.544,2020-07-01,Q,False,SEC XBRL
META,Meta Platforms,2020-12-31,FY2020-Q4,USD,28071000000.0,,12775000000.0,14638000000.0,11220000000.0,3.87,,45.51,52.146,39.97,2020-09-30,Q,True,SEC XBRL
META,Meta Platforms,2021-03-31,FY2021-Q1,USD,26171000000.0,,11378000000.0,13350000000.0,9497000000.0,3.3,,43.476,51.011,36.288,2021-01-01,Q,False,SEC XBRL
META,Meta Platforms,2021-06-30,FY2021-Q2,USD,29077000000.0,,12367000000.0,14353000000.0,10394000000.0,3.61,,42.532,49.362,35.746,2021-04-01,Q,False,SEC XBRL
META,Meta Platforms,2021-09-30,FY2021-Q3,USD,29010000000.0,,10423000000.0,12418000000.0,9194000000.0,3.22,,35.929,42.806,31.693,2021-07-01,Q,False,SEC XBRL
META,Meta Platforms,2021-12-31,FY2021-Q4,USD,33671000000.0,,12585000000.0,14599000000.0,10285000000.0,3.639999999999999,,37.376,43.358,30.546,2021-09-30,Q,True,SEC XBRL
META,Meta Platforms,2022-03-31,FY2022-Q1,USD,27908000000.0,,8524000000.0,10680000000.0,7465000000.0,2.72,,30.543,38.269,26.749,2022-01-01,Q,False,SEC XBRL
META,Meta Platforms,2022-06-30,FY2022-Q2,USD,28822000000.0,,8358000000.0,10337000000.0,6687000000.0,2.46,,28.999,35.865,23.201,2022-04-01,Q,False,SEC XBRL
META,Meta Platforms,2022-09-30,FY2022-Q3,USD,27714000000.0,,5664000000.0,7839000000.0,4395000000.0,1.64,,20.437,28.285,15.858,2022-07-01,Q,False,SEC XBRL
META,Meta Platforms,2022-12-31,FY2022-Q4,USD,32165000000.0,,6398000000.0,8774000000.0,4653000000.0,1.7700000000000005,,19.891,27.278,14.466,2022-09-30,Q,True,SEC XBRL
META,Meta Platforms,2023-03-31,FY2023-Q1,USD,28645000000.0,,7227000000.0,9751000000.0,5709000000.0,2.2,,25.23,34.041,19.93,2023-01-01,Q,False,SEC XBRL
META,Meta Platforms,2023-06-30,FY2023-Q2,USD,31999000000.0,,9392000000.0,12015000000.0,7788000000.0,2.98,,29.351,37.548,24.338,2023-04-01,Q,False,SEC XBRL
META,Meta Platforms,2023-09-30,FY2023-Q3,USD,34146000000.0,,13748000000.0,16607000000.0,11583000000.0,4.39,,40.262,48.635,33.922,2023-07-01,Q,False,SEC XBRL
META,Meta Platforms,2023-12-31,FY2023-Q4,USD,40112000000.0,,16384000000.0,19556000000.0,14018000000.0,5.299999999999999,,40.846,48.753,34.947,2023-09-30,Q,True,SEC XBRL
META,Meta Platforms,2024-03-31,FY2024-Q1,USD,36455000000.0,,13818000000.0,17192000000.0,12369000000.0,4.71,,37.904,47.16,33.93,2024-01-01,Q,False,SEC XBRL
META,Meta Platforms,2024-06-30,FY2024-Q2,USD,39071000000.0,,14847000000.0,18484000000.0,13465000000.0,5.16,,38.0,47.309,34.463,2024-04-01,Q,False,SEC XBRL
META,Meta Platforms,2024-09-30,FY2024-Q3,USD,40589000000.0,,17350000000.0,21377000000.0,15688000000.0,6.03,,42.746,52.667,38.651,2024-07-01,Q,False,SEC XBRL
META,Meta Platforms,2024-12-31,FY2024-Q4,USD,48386000000.0,,23365000000.0,27825000000.0,20838000000.0,7.959999999999997,,48.289,57.506,43.066,2024-09-30,Q,True,SEC XBRL
META,Meta Platforms,2025-03-31,FY2025-Q1,USD,42314000000.0,,17555000000.0,21455000000.0,16644000000.0,6.43,,41.487,50.704,39.334,2025-01-01,Q,False,SEC XBRL
META,Meta Platforms,2025-06-30,FY2025-Q2,USD,47516000000.0,,20441000000.0,24783000000.0,18337000000.0,7.14,,43.019,52.157,38.591,2025-04-01,Q,False,SEC XBRL
META,Meta Platforms,2025-09-30,FY2025-Q3,USD,51242000000.0,,20535000000.0,25498000000.0,2709000000.0,1.05,,40.075,49.76,5.287,2025-07-01,Q,False,SEC XBRL
META,Meta Platforms,2025-12-31,FY2025-Q4,USD,59894000000.0,,24745000000.0,30156000000.0,22768000000.0,8.869999999999997,,41.315,50.349,38.014,2025-09-30,Q,True,SEC XBRL
META,Meta Platforms,2026-03-31,FY2026-Q1,USD,56311000000.0,,22872000000.0,28871000000.0,26773000000.0,10.44,,40.617,51.271,47.545,2026-01-01,Q,False,SEC XBRL
META,Meta Platforms,2026-06-30,FY2026-Q2,USD,60801000000.0,49471000000.0,19539000000.0,25895000000.0,15848000000.0,6.18,81.365,32.136,42.59,26.065,2026-03-31,Q,False,yfinance (SEC pending)
MRK,Merck & Co.,2020-09-30,FY2020-Q3,USD,10929000000.0,,,,2941000000.0,1.16,,,,26.91,2020-07-01,Q,False,SEC XBRL
MRK,Merck & Co.,2020-12-31,FY2020-Q4,USD,9179000000.0,,,,-2095000000.0,-0.8199999999999998,,,,-22.824,2020-09-30,Q,True,SEC XBRL
MRK,Merck & Co.,2021-03-31,FY2021-Q1,USD,10627000000.0,,,,3179000000.0,1.25,,,,29.914,2021-01-01,Q,False,SEC XBRL
MRK,Merck & Co.,2021-06-30,FY2021-Q2,USD,11402000000.0,,,,1545000000.0,0.61,,,,13.55,2021-04-01,Q,False,SEC XBRL
MRK,Merck & Co.,2021-09-30,FY2021-Q3,USD,13154000000.0,,,,4567000000.0,1.8,,,,34.719,2021-07-01,Q,False,SEC XBRL
MRK,Merck & Co.,2021-12-31,FY2021-Q4,USD,13521000000.0,,,,3758000000.0,1.4799999999999995,,,,27.794,2021-09-30,Q,True,SEC XBRL
MRK,Merck & Co.,2022-03-31,FY2022-Q1,USD,15901000000.0,,,,4310000000.0,1.7,,,,27.105,2022-01-01,Q,False,SEC XBRL
MRK,Merck & Co.,2022-06-30,FY2022-Q2,USD,14593000000.0,,,,3944000000.0,1.55,,,,27.027,2022-04-01,Q,False,SEC XBRL
MRK,Merck & Co.,2022-09-30,FY2022-Q3,USD,14959000000.0,,,,3248000000.0,1.28,,,,21.713,2022-07-01,Q,False,SEC XBRL
MRK,Merck & Co.,2022-12-31,FY2022-Q4,USD,13830000000.0,,,,3017000000.0,1.1799999999999995,,,,21.815,2022-09-30,Q,True,SEC XBRL
MRK,Merck & Co.,2023-03-31,FY2023-Q1,USD,14487000000.0,,,,2821000000.0,1.11,,,,19.473,2023-01-01,Q,False,SEC XBRL
MRK,Merck & Co.,2023-06-30,FY2023-Q2,USD,15035000000.0,,,,-5975000000.0,-2.35,,,,-39.741,2023-04-01,Q,False,SEC XBRL
MRK,Merck & Co.,2023-09-30,FY2023-Q3,USD,15962000000.0,,,,4745000000.0,1.86,,,,29.727,2023-07-01,Q,False,SEC XBRL
MRK,Merck & Co.,2023-12-31,FY2023-Q4,USD,14631000000.0,,,,-1226000000.0,-0.4800000000000001,,,,-8.379,2023-09-30,Q,True,SEC XBRL
MRK,Merck & Co.,2024-03-31,FY2024-Q1,USD,15775000000.0,,,,4762000000.0,1.87,,,,30.187,2024-01-01,Q,False,SEC XBRL
MRK,Merck & Co.,2024-06-30,FY2024-Q2,USD,16112000000.0,,,,5455000000.0,2.14,,,,33.857,2024-04-01,Q,False,SEC XBRL
MRK,Merck & Co.,2024-09-30,FY2024-Q3,USD,16657000000.0,,,,3157000000.0,1.24,,,,18.953,2024-07-01,Q,False,SEC XBRL
MRK,Merck & Co.,2024-12-31,FY2024-Q4,USD,15624000000.0,,,,3743000000.0,1.4900000000000002,,,,23.957,2024-09-30,Q,True,SEC XBRL
MRK,Merck & Co.,2025-03-31,FY2025-Q1,USD,15529000000.0,,,,5079000000.0,2.01,,,,32.707,2025-01-01,Q,False,SEC XBRL
MRK,Merck & Co.,2025-06-30,FY2025-Q2,USD,15806000000.0,,,,4427000000.0,1.76,,,,28.008,2025-04-01,Q,False,SEC XBRL
MRK,Merck & Co.,2025-09-30,FY2025-Q3,USD,17276000000.0,,,,5785000000.0,2.32,,,,33.486,2025-07-01,Q,False,SEC XBRL
MRK,Merck & Co.,2025-12-31,FY2025-Q4,USD,16400000000.0,,,,2963000000.0,1.1900000000000004,,,,18.067,2025-09-30,Q,True,SEC XBRL
MRK,Merck & Co.,2026-03-31,FY2026-Q1,USD,16286000000.0,,,,-4240000000.0,-1.72,,,,-26.035,2026-01-01,Q,False,SEC XBRL
MRVL,Marvell Technology,2020-08-01,FY2021-Q2,USD,727297000.0,359256000.0,-151267000.0,,-157893000.0,-0.24,49.396,-20.799,,-21.71,2020-05-03,Q,False,SEC XBRL
MRVL,Marvell Technology,2020-10-31,FY2021-Q3,USD,750143000.0,381060000.0,-9390000.0,,-22908000.0,-0.03,50.798,-1.252,,-3.054,2020-08-02,Q,False,SEC XBRL
MRVL,Marvell Technology,2021-01-30,FY2021-Q4,USD,797819000.0,421082000.0,-1747000.0,,16534000.0,0.03,52.779,-0.219,,2.072,2020-10-31,Q,True,SEC XBRL
MRVL,Marvell Technology,2021-05-01,FY2022-Q1,USD,832300000.0,418200000.0,-82300000.0,,-88200000.0,-0.13,50.246,-9.888,,-10.597,2021-01-31,Q,False,SEC XBRL
MRVL,Marvell Technology,2021-07-31,FY2022-Q2,USD,1075900000.0,371800000.0,-266700000.0,,-276400000.0,-0.34,34.557,-24.789,,-25.69,2021-05-02,Q,False,SEC XBRL
MRVL,Marvell Technology,2021-10-30,FY2022-Q3,USD,1211200000.0,587800000.0,-33400000.0,,-62600000.0,-0.08,48.53,-2.758,,-5.168,2021-08-01,Q,False,SEC XBRL
MRVL,Marvell Technology,2022-01-29,FY2022-Q4,USD,1343000000.0,686400000.0,34700000.0,,6200000.0,0.02,51.109,2.584,,0.462,2021-10-30,Q,True,SEC XBRL
MRVL,Marvell Technology,2022-04-30,FY2023-Q1,USD,1446900000.0,750900000.0,69800000.0,,-165700000.0,-0.2,51.897,4.824,,-11.452,2022-01-30,Q,False,SEC XBRL
MRVL,Marvell Technology,2022-07-30,FY2023-Q2,USD,1516900000.0,786000000.0,39100000.0,,4300000.0,0.01,51.816,2.578,,0.283,2022-05-01,Q,False,SEC XBRL
MRVL,Marvell Technology,2022-10-29,FY2023-Q3,USD,1537300000.0,777300000.0,105800000.0,,13300000.0,0.02,50.563,6.882,,0.865,2022-07-31,Q,False,SEC XBRL
MRVL,Marvell Technology,2023-01-28,FY2023-Q4,USD,1418500000.0,673300000.0,23300000.0,,-15400000.0,-0.0199999999999999,47.466,1.643,,-1.086,2022-10-29,Q,True,SEC XBRL
MRVL,Marvell Technology,2023-04-29,FY2024-Q1,USD,1321700000.0,557200000.0,-182400000.0,,-168900000.0,-0.2,42.158,-13.8,,-12.779,2023-01-29,Q,False,SEC XBRL
MRVL,Marvell Technology,2023-07-29,FY2024-Q2,USD,1340900000.0,521100000.0,-205700000.0,,-207500000.0,-0.24,38.862,-15.34,,-15.475,2023-04-30,Q,False,SEC XBRL
MRVL,Marvell Technology,2023-10-28,FY2024-Q3,USD,1418600000.0,551200000.0,-146300000.0,,-164300000.0,-0.19,38.855,-10.313,,-11.582,2023-07-30,Q,False,SEC XBRL
MRVL,Marvell Technology,2024-02-03,FY2024-Q4,USD,1426500000.0,664100000.0,-33300000.0,,-392700000.0,-0.45,46.555,-2.334,,-27.529,2023-10-28,Q,True,SEC XBRL
MRVL,Marvell Technology,2024-05-04,FY2025-Q1,USD,1160900000.0,527800000.0,-152300000.0,,-215600000.0,-0.25,45.465,-13.119,,-18.572,2024-02-04,Q,False,SEC XBRL
MRVL,Marvell Technology,2024-08-03,FY2025-Q2,USD,1272900000.0,587600000.0,-100400000.0,,-193300000.0,-0.22,46.162,-7.888,,-15.186,2024-05-05,Q,False,SEC XBRL
MRVL,Marvell Technology,2024-11-02,FY2025-Q3,USD,1516100000.0,349400000.0,-702800000.0,,-676300000.0,-0.78,23.046,-46.356,,-44.608,2024-08-04,Q,False,SEC XBRL
MRVL,Marvell Technology,2025-02-01,FY2025-Q4,USD,1817400000.0,917400000.0,235200000.0,,200200000.0,0.2299999999999999,50.479,12.942,,11.016,2024-11-02,Q,True,SEC XBRL
MRVL,Marvell Technology,2025-05-03,FY2026-Q1,USD,1895300000.0,952400000.0,270600000.0,,177900000.0,0.2,50.251,14.277,,9.386,2025-02-02,Q,False,SEC XBRL
MRVL,Marvell Technology,2025-08-02,FY2026-Q2,USD,2006100000.0,1010600000.0,290100000.0,,194800000.0,0.22,50.376,14.461,,9.71,2025-05-04,Q,False,SEC XBRL
MRVL,Marvell Technology,2025-11-01,FY2026-Q3,USD,2074500000.0,1069800000.0,357800000.0,,1901300000.0,2.2,51.569,17.248,,91.651,2025-08-03,Q,False,SEC XBRL
MRVL,Marvell Technology,2026-01-31,FY2026-Q4,USD,2218700000.0,1147900000.0,404400000.0,,396100000.0,0.4499999999999997,51.738,18.227,,17.853,2025-11-01,Q,True,SEC XBRL
MRVL,Marvell Technology,2026-05-02,FY2027-Q1,USD,2417800000.0,1260800000.0,339400000.0,,34500000.0,0.04,52.147,14.038,,1.427,2026-02-01,Q,False,SEC XBRL
MSFT,Microsoft,2020-09-30,FY2021-Q1,USD,37154000000.0,26152000000.0,15876000000.0,,13893000000.0,1.82,70.388,42.73,,37.393,2020-07-01,Q,False,SEC XBRL
MSFT,Microsoft,2020-12-31,FY2021-Q2,USD,43076000000.0,28882000000.0,17897000000.0,,15463000000.0,2.03,67.049,41.547,,35.897,2020-10-01,Q,False,SEC XBRL
MSFT,Microsoft,2021-03-31,FY2021-Q3,USD,41706000000.0,28661000000.0,17048000000.0,,15457000000.0,2.03,68.722,40.877,,37.062,2021-01-01,Q,False,SEC XBRL
MSFT,Microsoft,2021-06-30,FY2021-Q4,USD,46152000000.0,32161000000.0,19095000000.0,,16458000000.0,2.1700000000000017,69.685,41.374,,35.66,2021-03-31,Q,True,SEC XBRL
MSFT,Microsoft,2021-09-30,FY2022-Q1,USD,45317000000.0,31671000000.0,20238000000.0,,20505000000.0,2.71,69.888,44.659,,45.248,2021-07-01,Q,False,SEC XBRL
MSFT,Microsoft,2021-12-31,FY2022-Q2,USD,51728000000.0,34768000000.0,22247000000.0,,18765000000.0,2.48,67.213,43.008,,36.276,2021-10-01,Q,False,SEC XBRL
MSFT,Microsoft,2022-03-31,FY2022-Q3,USD,49360000000.0,33745000000.0,20364000000.0,,16728000000.0,2.22,68.365,41.256,,33.89,2022-01-01,Q,False,SEC XBRL
MSFT,Microsoft,2022-06-30,FY2022-Q4,USD,51865000000.0,35436000000.0,20534000000.0,,16740000000.0,2.24,68.324,39.591,,32.276,2022-03-31,Q,True,SEC XBRL
MSFT,Microsoft,2022-09-30,FY2023-Q1,USD,50122000000.0,34670000000.0,21518000000.0,,17556000000.0,2.35,69.171,42.931,,35.027,2022-07-01,Q,False,SEC XBRL
MSFT,Microsoft,2022-12-31,FY2023-Q2,USD,52747000000.0,35259000000.0,20399000000.0,,16425000000.0,2.2,66.846,38.673,,31.139,2022-10-01,Q,False,SEC XBRL
MSFT,Microsoft,2023-03-31,FY2023-Q3,USD,52857000000.0,36729000000.0,22352000000.0,,18299000000.0,2.45,69.487,42.288,,34.62,2023-01-01,Q,False,SEC XBRL
MSFT,Microsoft,2023-06-30,FY2023-Q4,USD,56189000000.0,39394000000.0,24254000000.0,,20081000000.0,2.679999999999999,70.11,43.165,,35.738,2023-03-31,Q,True,SEC XBRL
MSFT,Microsoft,2023-09-30,FY2024-Q1,USD,56517000000.0,40215000000.0,26895000000.0,,22291000000.0,2.99,71.156,47.587,,39.441,2023-07-01,Q,False,SEC XBRL
MSFT,Microsoft,2023-12-31,FY2024-Q2,USD,62020000000.0,42397000000.0,27032000000.0,,21870000000.0,2.93,68.36,43.586,,35.263,2023-10-01,Q,False,SEC XBRL
MSFT,Microsoft,2024-03-31,FY2024-Q3,USD,61858000000.0,43353000000.0,27581000000.0,,21939000000.0,2.94,70.085,44.588,,35.467,2024-01-01,Q,False,SEC XBRL
MSFT,Microsoft,2024-06-30,FY2024-Q4,USD,64727000000.0,45043000000.0,27925000000.0,,22036000000.0,2.9400000000000013,69.589,43.143,,34.045,2024-03-31,Q,True,SEC XBRL
MSFT,Microsoft,2024-09-30,FY2025-Q1,USD,65585000000.0,45486000000.0,30552000000.0,,24667000000.0,3.3,69.354,46.584,,37.611,2024-07-01,Q,False,SEC XBRL
MSFT,Microsoft,2024-12-31,FY2025-Q2,USD,69632000000.0,47833000000.0,31653000000.0,,24108000000.0,3.23,68.694,45.458,,34.622,2024-10-01,Q,False,SEC XBRL
MSFT,Microsoft,2025-03-31,FY2025-Q3,USD,70066000000.0,48147000000.0,32000000000.0,,25824000000.0,3.46,68.717,45.671,,36.857,2025-01-01,Q,False,SEC XBRL
MSFT,Microsoft,2025-06-30,FY2025-Q4,USD,76441000000.0,52427000000.0,34323000000.0,,27233000000.0,3.650000000000002,68.585,44.901,,35.626,2025-03-31,Q,True,SEC XBRL
MSFT,Microsoft,2025-09-30,FY2026-Q1,USD,77673000000.0,53630000000.0,37961000000.0,,27747000000.0,3.72,69.046,48.873,,35.723,2025-07-01,Q,False,SEC XBRL
MSFT,Microsoft,2025-12-31,FY2026-Q2,USD,81273000000.0,55295000000.0,38275000000.0,,38458000000.0,5.16,68.036,47.094,,47.32,2025-10-01,Q,False,SEC XBRL
MSFT,Microsoft,2026-03-31,FY2026-Q3,USD,82886000000.0,56058000000.0,38398000000.0,,31778000000.0,4.27,67.633,46.326,,38.339,2026-01-01,Q,False,SEC XBRL
MSFT,Microsoft,2026-06-30,FY2026-Q4,USD,90007000000.0,60482000000.0,40603000000.0,,35766000000.0,4.799999999999999,67.197,45.111,,39.737,2026-03-31,Q,True,SEC XBRL
NCEL,NewcelX Ltd.,2020-12-31,FY2020,USD,,,-2299370.0,,-2861435.0,-0.41,,,,,2020-01-01,FY,False,SEC XBRL
NCEL,NewcelX Ltd.,2021-12-31,FY2021,USD,,,-11860621.0,,-11946078.0,-1.0,,,,,2021-01-01,FY,False,SEC XBRL
NCEL,NewcelX Ltd.,2022-12-31,FY2022,USD,,,-15482364.0,,-16495680.0,-33.52,,,,,2022-01-01,FY,False,SEC XBRL
NCEL,NewcelX Ltd.,2023-12-31,FY2023,USD,,,-3015000.0,-2395000.0,-3332000.0,1.13,,,,,2023-01-01,FY,False,SEC XBRL
NCEL,NewcelX Ltd.,2024-12-31,FY2024,USD,,,-2066000.0,-1653000.0,-7197000.0,2.43,,,,,2024-01-01,FY,False,SEC XBRL
NCEL,NewcelX Ltd.,2025-12-31,FY2025,USD,,,-2562000.0,-2507000.0,-8300000.0,2.16,,,,,2025-01-01,FY,False,SEC XBRL
NMRK,"Newmark Group, Inc.",2020-09-30,FY2020-Q3,USD,435924000.0,,142329000.0,171956000.0,75349000.0,0.39,,32.65,39.446,17.285,2020-07-01,Q,False,SEC XBRL
NMRK,"Newmark Group, Inc.",2020-12-31,FY2020-Q4,USD,601426000.0,,2816000.0,39396000.0,25432000.0,-0.02,,0.468,6.55,4.229,2020-09-30,Q,True,SEC XBRL
NMRK,"Newmark Group, Inc.",2021-03-31,FY2021-Q1,USD,503980000.0,,63970000.0,85023000.0,33105000.0,0.16,,12.693,16.87,6.569,2021-01-01,Q,False,SEC XBRL
NMRK,"Newmark Group, Inc.",2021-06-30,FY2021-Q2,USD,629871000.0,,736096000.0,766964000.0,439744000.0,2.13,,116.865,121.765,69.815,2021-04-01,Q,False,SEC XBRL
NMRK,"Newmark Group, Inc.",2021-09-30,FY2021-Q3,USD,788125000.0,,225564000.0,254447000.0,128548000.0,0.63,,28.62,32.285,16.311,2021-07-01,Q,False,SEC XBRL
NMRK,"Newmark Group, Inc.",2021-12-31,FY2021-Q4,USD,984467000.0,,228935000.0,269860000.0,376737000.0,0.8799999999999999,,23.255,27.412,38.268,2021-09-30,Q,True,SEC XBRL
NMRK,"Newmark Group, Inc.",2022-03-31,FY2022-Q1,USD,678247000.0,,12588000.0,48063000.0,362000.0,0.0,,1.856,7.086,0.053,2022-01-01,Q,False,SEC XBRL
NMRK,"Newmark Group, Inc.",2022-06-30,FY2022-Q2,USD,755351000.0,,89141000.0,128066000.0,48519000.0,0.26,,11.801,16.955,6.423,2022-04-01,Q,False,SEC XBRL
NMRK,"Newmark Group, Inc.",2022-09-30,FY2022-Q3,USD,664646000.0,,58485000.0,102844000.0,27964000.0,0.15,,8.799,15.474,4.207,2022-07-01,Q,False,SEC XBRL
NMRK,"Newmark Group, Inc.",2022-12-31,FY2022-Q4,USD,607283000.0,,25355000.0,72413000.0,35700000.0,0.0399999999999999,,4.175,11.924,5.879,2022-09-30,Q,True,SEC XBRL
NMRK,"Newmark Group, Inc.",2023-03-31,FY2023-Q1,USD,520799000.0,,-11814000.0,27016000.0,-10350000.0,-0.06,,-2.268,5.187,-1.987,2023-01-01,Q,False,SEC XBRL
NMRK,"Newmark Group, Inc.",2023-06-30,FY2023-Q2,USD,585844000.0,,27543000.0,69577000.0,6429000.0,0.04,,4.701,11.876,1.097,2023-04-01,Q,False,SEC XBRL
NMRK,"Newmark Group, Inc.",2023-09-30,FY2023-Q3,USD,616283000.0,,30051000.0,71514000.0,9947000.0,0.06,,4.876,11.604,1.614,2023-07-01,Q,False,SEC XBRL
NMRK,"Newmark Group, Inc.",2023-12-31,FY2023-Q4,USD,747442000.0,,79435000.0,123329000.0,56349000.0,0.1999999999999999,,10.628,16.5,7.539,2023-09-30,Q,True,SEC XBRL
NMRK,"Newmark Group, Inc.",2024-03-31,FY2024-Q1,USD,546499000.0,,-22612000.0,21363000.0,-16254000.0,-0.09,,-4.138,3.909,-2.974,2024-01-01,Q,False,SEC XBRL
NMRK,"Newmark Group, Inc.",2024-06-30,FY2024-Q2,USD,633375000.0,,40719000.0,81598000.0,14280000.0,0.08,,6.429,12.883,2.255,2024-04-01,Q,False,SEC XBRL
NMRK,"Newmark Group, Inc.",2024-09-30,FY2024-Q3,USD,685912000.0,,41051000.0,85627000.0,17794000.0,0.1,,5.985,12.484,2.594,2024-07-01,Q,False,SEC XBRL
NMRK,"Newmark Group, Inc.",2024-12-31,FY2024-Q4,USD,872716000.0,,103884000.0,148753000.0,69671000.0,0.25,,11.904,17.045,7.983,2024-09-30,Q,True,SEC XBRL
NMRK,"Newmark Group, Inc.",2025-03-31,FY2025-Q1,USD,665494000.0,,-17519000.0,28839000.0,-8766000.0,-0.05,,-2.632,4.333,-1.317,2025-01-01,Q,False,SEC XBRL
NMRK,"Newmark Group, Inc.",2025-06-30,FY2025-Q2,USD,759112000.0,,42743000.0,85354000.0,20819000.0,0.11,,5.631,11.244,2.743,2025-04-01,Q,False,SEC XBRL
NMRK,"Newmark Group, Inc.",2025-09-30,FY2025-Q3,USD,863460000.0,,85159000.0,130619000.0,46154000.0,0.25,,9.863,15.127,5.345,2025-07-01,Q,False,SEC XBRL
NMRK,"Newmark Group, Inc.",2025-12-31,FY2025-Q4,USD,1005958000.0,,123619000.0,170493000.0,67979000.0,0.37,,12.289,16.948,6.758,2025-09-30,Q,True,SEC XBRL
NMRK,"Newmark Group, Inc.",2026-03-31,FY2026-Q1,USD,846519000.0,,26960000.0,73192000.0,14419000.0,0.08,,3.185,8.646,1.703,2026-01-01,Q,False,SEC XBRL
NTIC,Northern Technologies International Corporation,2020-08-31,FY2020-Q4,USD,10028685.0,3410898.0,23275.0,,-1764872.0,-0.19,34.011,0.232,,-17.598,2020-05-31,Q,True,SEC XBRL
NTIC,Northern Technologies International Corporation,2020-11-30,FY2021-Q1,USD,12779112.0,4465791.0,1716577.0,,1262399.0,0.13,34.946,13.433,,9.879,2020-09-01,Q,False,SEC XBRL
NTIC,Northern Technologies International Corporation,2021-02-28,FY2021-Q2,USD,12782882.0,4251203.0,1767737.0,,1312575.0,0.13,33.257,13.829,,10.268,2020-12-01,Q,False,SEC XBRL
NTIC,Northern Technologies International Corporation,2021-05-31,FY2021-Q3,USD,15418524.0,5265942.0,2578754.0,,2053916.0,0.21,34.153,16.725,,13.321,2021-03-01,Q,False,SEC XBRL
NTIC,Northern Technologies International Corporation,2021-08-31,FY2021-Q4,USD,15513301.0,5590069.0,2259785.0,,1652348.0,0.17,36.034,14.567,,10.651,2021-05-31,Q,True,SEC XBRL
NTIC,Northern Technologies International Corporation,2021-11-30,FY2022-Q1,USD,18193413.0,5702930.0,1266611.0,,4493759.0,0.46,31.346,6.962,,24.7,2021-09-01,Q,False,SEC XBRL
NTIC,Northern Technologies International Corporation,2022-02-28,FY2022-Q2,USD,16748639.0,4984335.0,445223.0,,182847.0,0.02,29.76,2.658,,1.092,2021-12-01,Q,False,SEC XBRL
NTIC,Northern Technologies International Corporation,2022-05-31,FY2022-Q3,USD,18964921.0,6242088.0,1822936.0,,1000167.0,0.11,32.914,9.612,,5.274,2022-03-01,Q,False,SEC XBRL
NTIC,Northern Technologies International Corporation,2022-08-31,FY2022-Q4,USD,20251917.0,6139239.0,1613305.0,,647927.0,0.0699999999999999,30.314,7.966,,3.199,2022-05-31,Q,True,SEC XBRL
NTIC,Northern Technologies International Corporation,2022-11-30,FY2023-Q1,USD,19952766.0,6353124.0,829576.0,,502242.0,0.05,31.841,4.158,,2.517,2022-09-01,Q,False,SEC XBRL
NTIC,Northern Technologies International Corporation,2023-02-28,FY2023-Q2,USD,18270825.0,6303068.0,813556.0,,411497.0,0.04,34.498,4.453,,2.252,2022-11-30,Q,False,SEC XBRL
NTIC,Northern Technologies International Corporation,2023-05-31,FY2023-Q3,USD,20969726.0,7579853.0,1906586.0,,1059590.0,0.11,36.147,9.092,,5.053,2023-03-01,Q,False,SEC XBRL
NTIC,Northern Technologies International Corporation,2023-11-30,FY2024-Q1,USD,20181675.0,7334274.0,1376433.0,,895521.0,0.09,36.341,6.82,,4.437,2023-09-01,Q,False,SEC XBRL
NTIC,Northern Technologies International Corporation,2024-02-29,FY2024-Q2,USD,20842538.0,8339164.0,2206271.0,,1701169.0,0.17,40.01,10.585,,8.162,2023-11-30,Q,False,SEC XBRL
NTIC,Northern Technologies International Corporation,2024-05-31,FY2024-Q3,USD,20686197.0,7893094.0,1523917.0,,976604.0,0.1,38.156,7.367,,4.721,2024-03-01,Q,False,SEC XBRL
NTIC,Northern Technologies International Corporation,2024-11-30,FY2025-Q1,USD,21338393.0,8162953.0,1106671.0,,561091.0,0.06,38.255,5.186,,2.629,2024-09-01,Q,False,SEC XBRL
NTIC,Northern Technologies International Corporation,2025-02-28,FY2025-Q2,USD,19072066.0,6795584.0,-332933.0,,434319.0,0.04,35.631,-1.746,,2.277,2024-12-01,Q,False,SEC XBRL
NTIC,Northern Technologies International Corporation,2025-05-31,FY2025-Q3,USD,21508563.0,8259440.0,867187.0,,121775.0,0.01,38.401,4.032,,0.566,2025-03-01,Q,False,SEC XBRL
NTIC,Northern Technologies International Corporation,2025-08-31,FY2025-Q4,USD,22315452.0,8458578.0,929372.0,,-1099566.0,-0.11,37.905,4.165,,-4.927,2025-05-31,Q,True,SEC XBRL
NTIC,Northern Technologies International Corporation,2025-11-30,FY2026-Q1,USD,23308881.0,8383626.0,933632.0,,237819.0,0.03,35.968,4.005,,1.02,2025-09-01,Q,False,SEC XBRL
NTIC,Northern Technologies International Corporation,2026-02-28,FY2026-Q2,USD,21996785.0,7857886.0,382774.0,,-35323.0,0.0,35.723,1.74,,-0.161,2025-12-01,Q,False,SEC XBRL
NTIC,Northern Technologies International Corporation,2026-05-31,FY2026-Q3,USD,24215662.0,8143164.0,515330.0,,-263291.0,-0.03,33.628,2.128,,-1.087,2026-03-01,Q,False,SEC XBRL
NVDA,Nvidia,2020-07-26,FY2021-Q2,USD,3866000000.0,2275000000.0,651000000.0,1055000000.0,622000000.0,0.25,58.846,16.839,27.289,16.089,2020-04-27,Q,False,SEC XBRL
NVDA,Nvidia,2020-10-25,FY2021-Q3,USD,4726000000.0,2960000000.0,1398000000.0,1697000000.0,1336000000.0,0.53,62.632,29.581,35.908,28.269,2020-07-27,Q,False,SEC XBRL
NVDA,Nvidia,2021-01-31,FY2021-Q4,USD,5003000000.0,3157000000.0,1507000000.0,1795000000.0,1457000000.0,-0.52,63.102,30.122,35.878,29.123,2020-10-25,Q,True,SEC XBRL
NVDA,Nvidia,2021-05-02,FY2022-Q1,USD,5661000000.0,3629000000.0,1956000000.0,2237000000.0,1912000000.0,0.76,64.105,34.552,39.516,33.775,2021-02-01,Q,False,SEC XBRL
NVDA,Nvidia,2021-08-01,FY2022-Q2,USD,6507000000.0,4215000000.0,2444000000.0,2730000000.0,2374000000.0,0.94,64.776,37.56,41.955,36.484,2021-05-03,Q,False,SEC XBRL
NVDA,Nvidia,2021-10-31,FY2022-Q3,USD,7103000000.0,4631000000.0,2671000000.0,2969000000.0,2464000000.0,0.97,65.198,37.604,41.799,34.69,2021-08-02,Q,False,SEC XBRL
NVDA,Nvidia,2022-01-30,FY2022-Q4,USD,7643000000.0,5000000000.0,2970000000.0,3279000000.0,3002000000.0,1.1800000000000002,65.419,38.859,42.902,39.278,2021-10-31,Q,True,SEC XBRL
NVDA,Nvidia,2022-05-01,FY2023-Q1,USD,8288000000.0,5431000000.0,1868000000.0,2202000000.0,1618000000.0,0.64,65.528,22.539,26.569,19.522,2022-01-31,Q,False,SEC XBRL
NVDA,Nvidia,2022-07-31,FY2023-Q2,USD,6704000000.0,2915000000.0,499000000.0,877000000.0,656000000.0,0.26,43.482,7.443,13.082,9.785,2022-05-02,Q,False,SEC XBRL
NVDA,Nvidia,2022-10-30,FY2023-Q3,USD,5931000000.0,3177000000.0,601000000.0,1007000000.0,680000000.0,0.27,53.566,10.133,16.979,11.465,2022-08-01,Q,False,SEC XBRL
NVDA,Nvidia,2023-01-29,FY2023-Q4,USD,6051000000.0,3833000000.0,1256000000.0,1682000000.0,1414000000.0,-1.0,63.345,20.757,27.797,23.368,2022-10-30,Q,True,SEC XBRL
NVDA,Nvidia,2023-04-30,FY2024-Q1,USD,7192000000.0,4648000000.0,2140000000.0,2524000000.0,2043000000.0,0.82,64.627,29.755,35.095,28.407,2023-01-30,Q,False,SEC XBRL
NVDA,Nvidia,2023-07-30,FY2024-Q2,USD,13507000000.0,9462000000.0,6800000000.0,7165000000.0,6188000000.0,0.25,70.053,50.344,53.047,45.813,2023-05-01,Q,False,SEC XBRL
NVDA,Nvidia,2023-10-29,FY2024-Q3,USD,18120000000.0,13400000000.0,10417000000.0,10789000000.0,9243000000.0,0.37,73.951,57.489,59.542,51.01,2023-07-31,Q,False,SEC XBRL
NVDA,Nvidia,2024-01-28,FY2024-Q4,USD,22103000000.0,16791000000.0,13615000000.0,14002000000.0,12286000000.0,-0.25,75.967,61.598,63.349,55.585,2023-10-29,Q,True,SEC XBRL
NVDA,Nvidia,2024-04-28,FY2025-Q1,USD,26044000000.0,20406000000.0,16909000000.0,17319000000.0,14881000000.0,0.6,78.352,64.925,66.499,57.138,2024-01-29,Q,False,SEC XBRL
NVDA,Nvidia,2024-07-28,FY2025-Q2,USD,30040000000.0,22574000000.0,18642000000.0,19075000000.0,16599000000.0,0.67,75.146,62.057,63.499,55.256,2024-04-29,Q,False,SEC XBRL
NVDA,Nvidia,2024-10-27,FY2025-Q3,USD,35082000000.0,26156000000.0,21869000000.0,22347000000.0,19309000000.0,0.78,74.557,62.337,63.699,55.04,2024-07-29,Q,False,SEC XBRL
NVDA,Nvidia,2025-01-26,FY2025-Q4,USD,39331000000.0,28722000000.0,24033000000.0,24576000000.0,22091000000.0,0.8900000000000001,73.026,61.104,62.485,56.167,2024-10-27,Q,True,SEC XBRL
NVDA,Nvidia,2025-04-27,FY2026-Q1,USD,44062000000.0,26668000000.0,21638000000.0,22249000000.0,18775000000.0,0.76,60.524,49.108,50.495,42.61,2025-01-27,Q,False,SEC XBRL
NVDA,Nvidia,2025-07-27,FY2026-Q2,USD,46743000000.0,33853000000.0,28440000000.0,29109000000.0,26422000000.0,1.08,72.424,60.843,62.275,56.526,2025-04-28,Q,False,SEC XBRL
NVDA,Nvidia,2025-10-26,FY2026-Q3,USD,57006000000.0,41849000000.0,36010000000.0,36761000000.0,31910000000.0,1.3,73.412,63.169,64.486,55.977,2025-07-28,Q,False,SEC XBRL
NVDA,Nvidia,2026-01-25,FY2026-Q4,USD,68127000000.0,51093000000.0,44299000000.0,45111000000.0,42960000000.0,1.7600000000000002,74.997,65.024,66.216,63.059,2025-10-26,Q,True,SEC XBRL
NVDA,Nvidia,2026-04-26,FY2027-Q1,USD,81615000000.0,61157000000.0,53536000000.0,54533000000.0,58321000000.0,2.39,74.934,65.596,66.817,71.459,2026-01-26,Q,False,SEC XBRL
NWSA,News Corp (Class A),2020-09-30,FY2021-Q1,USD,2117000000.0,,,,34000000.0,0.06,,,,1.606,2020-07-01,Q,False,SEC XBRL
NWSA,News Corp (Class A),2020-12-31,FY2021-Q2,USD,2414000000.0,,,,231000000.0,0.39,,,,9.569,2020-10-01,Q,False,SEC XBRL
NWSA,News Corp (Class A),2021-03-31,FY2021-Q3,USD,2335000000.0,,,,79000000.0,0.13,,,,3.383,2021-01-01,Q,False,SEC XBRL
NWSA,News Corp (Class A),2021-06-30,FY2021-Q4,USD,2492000000.0,,,,-14000000.0,-0.02,,,,-0.562,2021-03-31,Q,True,SEC XBRL
NWSA,News Corp (Class A),2021-09-30,FY2022-Q1,USD,2502000000.0,,,,196000000.0,0.33,,,,7.834,2021-07-01,Q,False,SEC XBRL
NWSA,News Corp (Class A),2021-12-31,FY2022-Q2,USD,2717000000.0,,,,235000000.0,0.4,,,,8.649,2021-10-01,Q,False,SEC XBRL
NWSA,News Corp (Class A),2022-03-31,FY2022-Q3,USD,2492000000.0,,,,82000000.0,0.14,,,,3.291,2022-01-01,Q,False,SEC XBRL
NWSA,News Corp (Class A),2022-06-30,FY2022-Q4,USD,2674000000.0,,,,110000000.0,0.18,,,,4.114,2022-03-31,Q,True,SEC XBRL
NWSA,News Corp (Class A),2022-09-30,FY2023-Q1,USD,2478000000.0,,,,40000000.0,0.07,,,,1.614,2022-07-01,Q,False,SEC XBRL
NWSA,News Corp (Class A),2022-12-31,FY2023-Q2,USD,2521000000.0,,,,67000000.0,0.12,,,,2.658,2022-10-01,Q,False,SEC XBRL
NWSA,News Corp (Class A),2023-03-31,FY2023-Q3,USD,2447000000.0,,,,50000000.0,0.09,,,,2.043,2023-01-01,Q,False,SEC XBRL
NWSA,News Corp (Class A),2023-06-30,FY2023-Q4,USD,566000000.0,,,,-8000000.0,-0.02,,,,-1.413,2023-03-31,Q,True,SEC XBRL
NWSA,News Corp (Class A),2023-09-30,FY2024-Q1,USD,2499000000.0,,,,30000000.0,0.05,,,,1.2,2023-07-01,Q,False,SEC XBRL
NWSA,News Corp (Class A),2023-12-31,FY2024-Q2,USD,2135000000.0,,,,156000000.0,0.27,,,,7.307,2023-10-01,Q,False,SEC XBRL
NWSA,News Corp (Class A),2024-03-31,FY2024-Q3,USD,1994000000.0,,,,30000000.0,0.05,,,,1.505,2024-01-01,Q,False,SEC XBRL
NWSA,News Corp (Class A),2024-06-30,FY2024-Q4,USD,1624000000.0,,,,50000000.0,0.09,,,,3.079,2024-03-31,Q,True,SEC XBRL
NWSA,News Corp (Class A),2024-09-30,FY2025-Q1,USD,2096000000.0,,,,119000000.0,0.21,,,,5.677,2024-07-01,Q,False,SEC XBRL
NWSA,News Corp (Class A),2024-12-31,FY2025-Q2,USD,2238000000.0,,,,215000000.0,0.38,,,,9.607,2024-10-01,Q,False,SEC XBRL
NWSA,News Corp (Class A),2025-03-31,FY2025-Q3,USD,2009000000.0,,,,103000000.0,0.18,,,,5.127,2025-01-01,Q,False,SEC XBRL
NWSA,News Corp (Class A),2025-06-30,FY2025-Q4,USD,2109000000.0,,,,743000000.0,1.31,,,,35.23,2025-03-31,Q,True,SEC XBRL
NWSA,News Corp (Class A),2025-09-30,FY2026-Q1,USD,2144000000.0,,,,112000000.0,0.2,,,,5.224,2025-07-01,Q,False,SEC XBRL
NWSA,News Corp (Class A),2025-12-31,FY2026-Q2,USD,2362000000.0,,,,193000000.0,0.34,,,,8.171,2025-10-01,Q,False,SEC XBRL
NWSA,News Corp (Class A),2026-03-31,FY2026-Q3,USD,2185000000.0,,,,89000000.0,0.16,,,,4.073,2026-01-01,Q,False,SEC XBRL
NXPI,NXP Semiconductors,2020-09-27,FY2020-Q3,USD,2267000000.0,1090000000.0,32000000.0,621000000.0,-22000000.0,-0.08,48.081,1.412,27.393,-0.97,2020-06-29,Q,False,SEC XBRL
NXPI,NXP Semiconductors,2020-12-31,FY2020-Q4,USD,2507000000.0,1288000000.0,463000000.0,779000000.0,309000000.0,1.11,51.376,18.468,31.073,12.325,2020-09-27,Q,True,SEC XBRL
NXPI,NXP Semiconductors,2021-04-04,FY2021-Q1,USD,2567000000.0,1355000000.0,492000000.0,833000000.0,353000000.0,1.25,52.785,19.166,32.45,13.751,2021-01-01,Q,False,SEC XBRL
NXPI,NXP Semiconductors,2021-07-04,FY2021-Q2,USD,2596000000.0,1422000000.0,573000000.0,878000000.0,397000000.0,1.42,54.777,22.072,33.821,15.293,2021-04-05,Q,False,SEC XBRL
NXPI,NXP Semiconductors,2021-10-03,FY2021-Q3,USD,2861000000.0,1583000000.0,711000000.0,1017000000.0,519000000.0,1.91,55.33,24.851,35.547,18.141,2021-07-05,Q,False,SEC XBRL
NXPI,NXP Semiconductors,2021-12-31,FY2021-Q4,USD,3039000000.0,1707000000.0,807000000.0,1117000000.0,602000000.0,2.21,56.17,26.555,36.756,19.809,2021-10-03,Q,True,SEC XBRL
NXPI,NXP Semiconductors,2022-04-03,FY2022-Q1,USD,3136000000.0,1777000000.0,873000000.0,1183000000.0,657000000.0,2.48,56.665,27.838,37.723,20.95,2022-01-01,Q,False,SEC XBRL
NXPI,NXP Semiconductors,2022-07-03,FY2022-Q2,USD,3312000000.0,1882000000.0,943000000.0,1260000000.0,670000000.0,2.53,56.824,28.472,38.043,20.229,2022-04-04,Q,False,SEC XBRL
NXPI,NXP Semiconductors,2022-10-02,FY2022-Q3,USD,3445000000.0,1967000000.0,1001000000.0,1322000000.0,738000000.0,2.79,57.097,29.057,38.374,21.422,2022-07-04,Q,False,SEC XBRL
NXPI,NXP Semiconductors,2022-12-31,FY2022-Q4,USD,3312000000.0,1891000000.0,980000000.0,1282000000.0,722000000.0,2.750000000000001,57.095,29.589,38.708,21.8,2022-10-02,Q,True,SEC XBRL
NXPI,NXP Semiconductors,2023-04-02,FY2023-Q1,USD,3121000000.0,1770000000.0,825000000.0,1108000000.0,615000000.0,2.35,56.713,26.434,35.501,19.705,2023-01-01,Q,False,SEC XBRL
NXPI,NXP Semiconductors,2023-07-02,FY2023-Q2,USD,3299000000.0,1881000000.0,937000000.0,1218000000.0,698000000.0,2.67,57.017,28.403,36.92,21.158,2023-04-03,Q,False,SEC XBRL
NXPI,NXP Semiconductors,2023-10-01,FY2023-Q3,USD,3434000000.0,1965000000.0,992000000.0,1265000000.0,787000000.0,3.01,57.222,28.888,36.838,22.918,2023-07-03,Q,False,SEC XBRL
NXPI,NXP Semiconductors,2023-12-31,FY2023-Q4,USD,3422000000.0,1937000000.0,907000000.0,1176000000.0,697000000.0,2.67,56.604,26.505,34.366,20.368,2023-10-01,Q,True,SEC XBRL
NXPI,NXP Semiconductors,2024-03-31,FY2024-Q1,USD,3126000000.0,1783000000.0,856000000.0,1091000000.0,639000000.0,2.47,57.038,27.383,34.901,20.441,2024-01-01,Q,False,SEC XBRL
NXPI,NXP Semiconductors,2024-06-30,FY2024-Q2,USD,3127000000.0,1792000000.0,896000000.0,1109000000.0,658000000.0,2.54,57.307,28.654,35.465,21.043,2024-04-01,Q,False,SEC XBRL
NXPI,NXP Semiconductors,2024-09-29,FY2024-Q3,USD,3250000000.0,1866000000.0,990000000.0,1208000000.0,718000000.0,2.79,57.415,30.462,37.169,22.092,2024-07-01,Q,False,SEC XBRL
NXPI,NXP Semiconductors,2024-12-31,FY2024-Q4,USD,3111000000.0,1678000000.0,675000000.0,934000000.0,495000000.0,1.9300000000000008,53.938,21.697,30.023,15.911,2024-09-29,Q,True,SEC XBRL
NXPI,NXP Semiconductors,2025-03-30,FY2025-Q1,USD,2835000000.0,1560000000.0,723000000.0,932000000.0,490000000.0,1.92,55.026,25.503,32.875,17.284,2025-01-01,Q,False,SEC XBRL
NXPI,NXP Semiconductors,2025-06-29,FY2025-Q2,USD,2926000000.0,1562000000.0,687000000.0,894000000.0,445000000.0,1.75,53.383,23.479,30.554,15.208,2025-03-31,Q,False,SEC XBRL
NXPI,NXP Semiconductors,2025-09-28,FY2025-Q3,USD,3173000000.0,1787000000.0,893000000.0,1094000000.0,631000000.0,2.48,56.319,28.144,34.478,19.887,2025-06-30,Q,False,SEC XBRL
NXPI,NXP Semiconductors,2025-12-31,FY2025-Q4,USD,3335000000.0,1807000000.0,744000000.0,959000000.0,455000000.0,1.7999999999999998,54.183,22.309,28.756,13.643,2025-09-28,Q,True,SEC XBRL
NXPI,NXP Semiconductors,2026-03-29,FY2026-Q1,USD,3181000000.0,1788000000.0,1505000000.0,1684000000.0,1122000000.0,4.43,56.209,47.312,52.939,35.272,2026-01-01,Q,False,SEC XBRL
NXPI,NXP Semiconductors,2026-06-30,FY2026-Q2,USD,3496000000.0,2002000000.0,1086000000.0,1270000000.0,767000000.0,0.302,57.265,31.064,36.327,21.939,2026-03-31,Q,False,yfinance (SEC pending)
OMC,Omnicom Group,2020-09-30,FY2020-Q3,USD,3206500000.0,,501400000.0,556100000.0,313300000.0,1.45,,15.637,17.343,9.771,2020-07-01,Q,False,SEC XBRL
OMC,Omnicom Group,2020-12-31,FY2020-Q4,USD,3757000000.0,,614700000.0,668500000.0,398200000.0,1.8400000000000003,,16.361,17.793,10.599,2020-09-30,Q,True,SEC XBRL
OMC,Omnicom Group,2021-03-31,FY2021-Q1,USD,3426900000.0,,465400000.0,518700000.0,287800000.0,1.33,,13.581,15.136,8.398,2021-01-01,Q,False,SEC XBRL
OMC,Omnicom Group,2021-06-30,FY2021-Q2,USD,3571600000.0,,568400000.0,621900000.0,348200000.0,1.6,,15.914,17.412,9.749,2021-04-01,Q,False,SEC XBRL
OMC,Omnicom Group,2021-09-30,FY2021-Q3,USD,3435000000.0,,541600000.0,592700000.0,355600000.0,1.65,,15.767,17.255,10.352,2021-07-01,Q,False,SEC XBRL
OMC,Omnicom Group,2021-12-31,FY2021-Q4,USD,3855900000.0,,622500000.0,676700000.0,416200000.0,1.95,,16.144,17.55,10.794,2021-09-30,Q,True,SEC XBRL
OMC,Omnicom Group,2022-03-31,FY2022-Q1,USD,3410300000.0,,353000000.0,408200000.0,173800000.0,0.83,,10.351,11.97,5.096,2022-01-01,Q,False,SEC XBRL
OMC,Omnicom Group,2022-06-30,FY2022-Q2,USD,3567200000.0,,541600000.0,597300000.0,348400000.0,1.68,,15.183,16.744,9.767,2022-04-01,Q,False,SEC XBRL
OMC,Omnicom Group,2022-09-30,FY2022-Q3,USD,3443400000.0,,546000000.0,599900000.0,364500000.0,1.77,,15.856,17.422,10.585,2022-07-01,Q,False,SEC XBRL
OMC,Omnicom Group,2022-12-31,FY2022-Q4,USD,3868200000.0,,642700000.0,697300000.0,429800000.0,2.080000000000001,,16.615,18.026,11.111,2022-09-30,Q,True,SEC XBRL
OMC,Omnicom Group,2023-03-31,FY2023-Q1,USD,3443300000.0,,346500000.0,400400000.0,227500000.0,1.11,,10.063,11.628,6.607,2023-01-01,Q,False,SEC XBRL
OMC,Omnicom Group,2023-06-30,FY2023-Q2,USD,3609900000.0,,550700000.0,601800000.0,366300000.0,1.82,,15.255,16.671,10.147,2023-04-01,Q,False,SEC XBRL
OMC,Omnicom Group,2023-09-30,FY2023-Q3,USD,3578100000.0,,560800000.0,613200000.0,371900000.0,1.86,,15.673,17.138,10.394,2023-07-01,Q,False,SEC XBRL
OMC,Omnicom Group,2023-12-31,FY2023-Q4,USD,4060900000.0,,646700000.0,700400000.0,425700000.0,2.12,,15.925,17.247,10.483,2023-09-30,Q,True,SEC XBRL
OMC,Omnicom Group,2024-03-31,FY2024-Q1,USD,3630500000.0,,478900000.0,538500000.0,318600000.0,1.59,,13.191,14.833,8.776,2024-01-01,Q,False,SEC XBRL
OMC,Omnicom Group,2024-06-30,FY2024-Q2,USD,3853800000.0,,510300000.0,570700000.0,328100000.0,1.65,,13.241,14.809,8.514,2024-04-01,Q,False,SEC XBRL
OMC,Omnicom Group,2024-09-30,FY2024-Q3,USD,3882600000.0,,600100000.0,661500000.0,385900000.0,1.95,,15.456,17.038,9.939,2024-07-01,Q,False,SEC XBRL
OMC,Omnicom Group,2024-12-31,FY2024-Q4,USD,4322200000.0,,685300000.0,745600000.0,448000000.0,2.27,,15.855,17.25,10.365,2024-09-30,Q,True,SEC XBRL
OMC,Omnicom Group,2025-03-31,FY2025-Q1,USD,3690400000.0,,452600000.0,511600000.0,287700000.0,1.45,,12.264,13.863,7.796,2025-01-01,Q,False,SEC XBRL
OMC,Omnicom Group,2025-06-30,FY2025-Q2,USD,4015600000.0,,439200000.0,497900000.0,257600000.0,1.31,,10.937,12.399,6.415,2025-04-01,Q,False,SEC XBRL
OMC,Omnicom Group,2025-09-30,FY2025-Q3,USD,4037100000.0,,530100000.0,590800000.0,341300000.0,1.75,,13.131,14.634,8.454,2025-07-01,Q,False,SEC XBRL
OMC,Omnicom Group,2025-12-31,FY2025-Q4,USD,5528800000.0,,-977200000.0,-878900000.0,-941100000.0,-4.779999999999999,,-17.675,-15.897,-17.022,2025-09-30,Q,True,SEC XBRL
OMC,Omnicom Group,2026-03-31,FY2026-Q1,USD,6242900000.0,,646200000.0,813100000.0,405200000.0,1.35,,10.351,13.024,6.491,2026-01-01,Q,False,SEC XBRL
OMC,Omnicom Group,2026-06-30,FY2026-Q2,USD,6562500000.0,1297800000.0,952400000.0,1118700000.0,584800000.0,2.08,19.776,14.513,17.047,8.911,2026-03-31,Q,False,yfinance (SEC pending)
PASG,"Passage Bio, Inc.",2020-09-30,FY2020-Q3,USD,,,-28630000.0,-28355000.0,-28531000.0,,,,,,2020-07-01,Q,False,SEC XBRL
PASG,"Passage Bio, Inc.",2020-12-31,FY2020-Q4,USD,,,-39056000.0,-38778000.0,-38944000.0,,,,,,2020-09-30,Q,True,SEC XBRL
PASG,"Passage Bio, Inc.",2021-03-31,FY2021-Q1,USD,,,-38934000.0,-38723000.0,-38882000.0,-0.76,,,,,2021-01-01,Q,False,SEC XBRL
PASG,"Passage Bio, Inc.",2021-06-30,FY2021-Q2,USD,,,-48534000.0,-48331000.0,-48435000.0,-0.9,,,,,2021-04-01,Q,False,SEC XBRL
PASG,"Passage Bio, Inc.",2021-09-30,FY2021-Q3,USD,,,-47101000.0,-46641000.0,-46915000.0,-0.87,,,,,2021-07-01,Q,False,SEC XBRL
PASG,"Passage Bio, Inc.",2021-12-31,FY2021-Q4,USD,,,-51160000.0,-50491000.0,-51154000.0,-0.9499999999999996,,,,,2021-09-30,Q,True,SEC XBRL
PASG,"Passage Bio, Inc.",2022-03-31,FY2022-Q1,USD,,,-42812000.0,-41929000.0,-42811000.0,-0.79,,,,,2022-01-01,Q,False,SEC XBRL
PASG,"Passage Bio, Inc.",2022-06-30,FY2022-Q2,USD,,,-39812000.0,-38891000.0,-39542000.0,-0.73,,,,,2022-04-01,Q,False,SEC XBRL
PASG,"Passage Bio, Inc.",2022-09-30,FY2022-Q3,USD,,,-27526000.0,-26626000.0,-26701000.0,-0.49,,,,,2022-07-01,Q,False,SEC XBRL
PASG,"Passage Bio, Inc.",2022-12-31,FY2022-Q4,USD,,,-28244000.0,-27298000.0,-27071000.0,-0.4900000000000002,,,,,2022-09-30,Q,True,SEC XBRL
PASG,"Passage Bio, Inc.",2023-03-31,FY2023-Q1,USD,,,-35883000.0,-34905000.0,-34338000.0,-0.63,,,,,2023-01-01,Q,False,SEC XBRL
PASG,"Passage Bio, Inc.",2023-06-30,FY2023-Q2,USD,,,-25388000.0,-24410000.0,-23856000.0,-0.44,,,,,2023-04-01,Q,False,SEC XBRL
PASG,"Passage Bio, Inc.",2023-09-30,FY2023-Q3,USD,,,-28672000.0,-27672000.0,-27110000.0,-0.49,,,,,2023-07-01,Q,False,SEC XBRL
PASG,"Passage Bio, Inc.",2023-12-31,FY2023-Q4,USD,,,-18446000.0,-17639000.0,-16758000.0,-0.3,,,,,2023-09-30,Q,True,SEC XBRL
PASG,"Passage Bio, Inc.",2024-03-31,FY2024-Q1,USD,,,-18050000.0,-17244000.0,-16711000.0,-0.3,,,,,2024-01-01,Q,False,SEC XBRL
PASG,"Passage Bio, Inc.",2024-06-30,FY2024-Q2,USD,,,-17378000.0,-16581000.0,-15991000.0,-5.09,,,,,2024-04-01,Q,False,SEC XBRL
PASG,"Passage Bio, Inc.",2024-09-30,FY2024-Q3,USD,,,-20702000.0,-19902000.0,-19340000.0,-6.15,,,,,2024-07-01,Q,False,SEC XBRL
PASG,"Passage Bio, Inc.",2024-12-31,FY2024-Q4,USD,,,-14270000.0,-13551000.0,-12725000.0,-9.5,,,,,2024-09-30,Q,True,SEC XBRL
PASG,"Passage Bio, Inc.",2025-03-31,FY2025-Q1,USD,,,-16459000.0,-16258000.0,-15405000.0,-4.87,,,,,2025-01-01,Q,False,SEC XBRL
PASG,"Passage Bio, Inc.",2025-06-30,FY2025-Q2,USD,,,-10334000.0,-10165000.0,-9385000.0,-2.96,,,,,2025-04-01,Q,False,SEC XBRL
PASG,"Passage Bio, Inc.",2025-09-30,FY2025-Q3,USD,,,-8655000.0,-8455000.0,-7749000.0,-2.44,,,,,2025-07-01,Q,False,SEC XBRL
PASG,"Passage Bio, Inc.",2025-12-31,FY2025-Q4,USD,,,-13848000.0,-13671000.0,-12983000.0,-4.08,,,,,2025-09-30,Q,True,SEC XBRL
PASG,"Passage Bio, Inc.",2026-03-31,FY2026-Q1,USD,,,-8247000.0,-8118000.0,-7559000.0,-2.36,,,,,2026-01-01,Q,False,SEC XBRL
PFE,Pfizer,2020-09-27,FY2020-Q3,USD,10277000000.0,,,,1469000000.0,0.26,,,,14.294,2020-06-29,Q,False,SEC XBRL
PFE,Pfizer,2020-12-31,FY2020-Q4,USD,11427000000.0,,,,846000000.0,0.1499999999999999,,,,7.404,2020-09-27,Q,True,SEC XBRL
PFE,Pfizer,2021-04-04,FY2021-Q1,USD,14516000000.0,,,,4877000000.0,0.86,,,,33.597,2021-01-01,Q,False,SEC XBRL
PFE,Pfizer,2021-07-04,FY2021-Q2,USD,18899000000.0,,,,5563000000.0,0.98,,,,29.435,2021-04-05,Q,False,SEC XBRL
PFE,Pfizer,2021-10-03,FY2021-Q3,USD,24035000000.0,,,,8146000000.0,1.42,,,,33.892,2021-07-05,Q,False,SEC XBRL
PFE,Pfizer,2021-12-31,FY2021-Q4,USD,16186000000.0,,,,3393000000.0,0.5900000000000003,,,,20.963,2021-10-03,Q,True,SEC XBRL
PFE,Pfizer,2022-04-03,FY2022-Q1,USD,25661000000.0,,,,7864000000.0,1.37,,,,30.646,2022-01-01,Q,False,SEC XBRL
PFE,Pfizer,2022-07-03,FY2022-Q2,USD,27742000000.0,,,,9906000000.0,1.73,,,,35.708,2022-04-04,Q,False,SEC XBRL
PFE,Pfizer,2022-10-02,FY2022-Q3,USD,22638000000.0,,,,8608000000.0,1.51,,,,38.025,2022-07-04,Q,False,SEC XBRL
PFE,Pfizer,2022-12-31,FY2022-Q4,USD,25134000000.0,,,,4994000000.0,0.8599999999999994,,,,19.869,2022-10-02,Q,True,SEC XBRL
PFE,Pfizer,2023-04-02,FY2023-Q1,USD,18486000000.0,,,,5543000000.0,0.97,,,,29.985,2023-01-01,Q,False,SEC XBRL
PFE,Pfizer,2023-07-02,FY2023-Q2,USD,13007000000.0,,,,2327000000.0,0.41,,,,17.89,2023-04-03,Q,False,SEC XBRL
PFE,Pfizer,2023-10-01,FY2023-Q3,USD,13491000000.0,,,,-2382000000.0,-0.42,,,,-17.656,2023-07-03,Q,False,SEC XBRL
PFE,Pfizer,2023-12-31,FY2023-Q4,USD,14569000000.0,,,,-3369000000.0,-0.59,,,,-23.124,2023-10-01,Q,True,SEC XBRL
PFE,Pfizer,2024-03-31,FY2024-Q1,USD,14879000000.0,,,,3115000000.0,0.55,,,,20.936,2024-01-01,Q,False,SEC XBRL
PFE,Pfizer,2024-06-30,FY2024-Q2,USD,13283000000.0,,,,41000000.0,0.01,,,,0.309,2024-04-01,Q,False,SEC XBRL
PFE,Pfizer,2024-09-29,FY2024-Q3,USD,17702000000.0,,,,4465000000.0,0.78,,,,25.223,2024-07-01,Q,False,SEC XBRL
PFE,Pfizer,2024-12-31,FY2024-Q4,USD,17763000000.0,,,,410000000.0,0.0699999999999998,,,,2.308,2024-09-29,Q,True,SEC XBRL
PFE,Pfizer,2025-03-30,FY2025-Q1,USD,13715000000.0,,,,2967000000.0,0.52,,,,21.633,2025-01-01,Q,False,SEC XBRL
PFE,Pfizer,2025-06-29,FY2025-Q2,USD,14653000000.0,,,,2910000000.0,0.51,,,,19.859,2025-03-31,Q,False,SEC XBRL
PFE,Pfizer,2025-09-28,FY2025-Q3,USD,16654000000.0,,,,3541000000.0,0.62,,,,21.262,2025-06-30,Q,False,SEC XBRL
PFE,Pfizer,2025-12-31,FY2025-Q4,USD,17557000000.0,,,,-1647000000.0,-0.2899999999999998,,,,-9.381,2025-09-28,Q,True,SEC XBRL
PFE,Pfizer,2026-03-29,FY2026-Q1,USD,14451000000.0,,,,2687000000.0,0.47,,,,18.594,2026-01-01,Q,False,SEC XBRL
PFE,Pfizer,2026-06-28,FY2026-Q2,USD,15034000000.0,,,,-248000000.0,-0.04,,,,-1.65,2026-03-30,Q,False,SEC XBRL
PG,Procter & Gamble,2020-09-30,FY2021-Q1,USD,19318000000.0,,5281000000.0,5952000000.0,4277000000.0,1.63,,27.337,30.811,22.14,2020-07-01,Q,False,SEC XBRL
PG,Procter & Gamble,2020-12-31,FY2021-Q2,USD,19745000000.0,,5380000000.0,6051000000.0,3854000000.0,1.47,,27.247,30.646,19.519,2020-10-01,Q,False,SEC XBRL
PG,Procter & Gamble,2021-03-31,FY2021-Q3,USD,18109000000.0,,3785000000.0,4468000000.0,3269000000.0,1.26,,20.901,24.673,18.052,2021-01-01,Q,False,SEC XBRL
PG,Procter & Gamble,2021-06-30,FY2021-Q4,USD,18946000000.0,,3540000000.0,,2906000000.0,1.1400000000000006,,18.685,,15.338,2021-03-31,Q,True,SEC XBRL
PG,Procter & Gamble,2021-09-30,FY2022-Q1,USD,20338000000.0,,5023000000.0,5734000000.0,4112000000.0,1.61,,24.698,28.194,20.218,2021-07-01,Q,False,SEC XBRL
PG,Procter & Gamble,2021-12-31,FY2022-Q2,USD,20953000000.0,,5168000000.0,5852000000.0,4223000000.0,1.66,,24.665,27.929,20.155,2021-10-01,Q,False,SEC XBRL
PG,Procter & Gamble,2022-03-31,FY2022-Q3,USD,19381000000.0,,4024000000.0,4714000000.0,3355000000.0,1.33,,20.763,24.323,17.311,2022-01-01,Q,False,SEC XBRL
PG,Procter & Gamble,2022-06-30,FY2022-Q4,USD,19515000000.0,,3598000000.0,,3052000000.0,1.21,,18.437,,15.639,2022-03-31,Q,True,SEC XBRL
PG,Procter & Gamble,2022-09-30,FY2023-Q1,USD,20612000000.0,,4939000000.0,5602000000.0,3939000000.0,1.57,,23.962,27.178,19.11,2022-07-01,Q,False,SEC XBRL
PG,Procter & Gamble,2022-12-31,FY2023-Q2,USD,20773000000.0,,4785000000.0,5438000000.0,3933000000.0,1.59,,23.035,26.178,18.933,2022-10-01,Q,False,SEC XBRL
PG,Procter & Gamble,2023-03-31,FY2023-Q3,USD,20068000000.0,,4248000000.0,4940000000.0,3397000000.0,1.37,,21.168,24.616,16.927,2023-01-01,Q,False,SEC XBRL
PG,Procter & Gamble,2023-06-30,FY2023-Q4,USD,20553000000.0,,4162000000.0,,3384000000.0,1.37,,20.25,,16.465,2023-03-31,Q,True,SEC XBRL
PG,Procter & Gamble,2023-09-30,FY2024-Q1,USD,21871000000.0,,5767000000.0,6469000000.0,4521000000.0,1.83,,26.368,29.578,20.671,2023-07-01,Q,False,SEC XBRL
PG,Procter & Gamble,2023-12-31,FY2024-Q2,USD,21441000000.0,,4433000000.0,5154000000.0,3468000000.0,1.4,,20.675,24.038,16.175,2023-10-01,Q,False,SEC XBRL
PG,Procter & Gamble,2024-03-31,FY2024-Q3,USD,20195000000.0,,4460000000.0,5172000000.0,3754000000.0,1.52,,22.085,25.61,18.589,2024-01-01,Q,False,SEC XBRL
PG,Procter & Gamble,2024-06-30,FY2024-Q4,USD,20532000000.0,,3885000000.0,4646000000.0,3136000000.0,1.2699999999999996,,18.922,22.628,15.274,2024-03-31,Q,True,SEC XBRL
PG,Procter & Gamble,2024-09-30,FY2025-Q1,USD,21737000000.0,,5797000000.0,6525000000.0,3959000000.0,1.61,,26.669,30.018,18.213,2024-07-01,Q,False,SEC XBRL
PG,Procter & Gamble,2024-12-31,FY2025-Q2,USD,21882000000.0,,5741000000.0,6447000000.0,4630000000.0,1.88,,26.236,29.463,21.159,2024-10-01,Q,False,SEC XBRL
PG,Procter & Gamble,2025-03-31,FY2025-Q3,USD,19776000000.0,,4558000000.0,5248000000.0,3769000000.0,1.54,,23.048,26.537,19.058,2025-01-01,Q,False,SEC XBRL
PG,Procter & Gamble,2025-06-30,FY2025-Q4,USD,20889000000.0,,4355000000.0,5078000000.0,3616000000.0,1.4799999999999995,,20.848,24.309,17.311,2025-03-31,Q,True,SEC XBRL
PG,Procter & Gamble,2025-09-30,FY2026-Q1,USD,22386000000.0,,5856000000.0,6617000000.0,4750000000.0,1.95,,26.159,29.559,21.219,2025-07-01,Q,False,SEC XBRL
PG,Procter & Gamble,2025-12-31,FY2026-Q2,USD,22208000000.0,,5366000000.0,6169000000.0,4319000000.0,1.78,,24.162,27.778,19.448,2025-10-01,Q,False,SEC XBRL
PG,Procter & Gamble,2026-03-31,FY2026-Q3,USD,21235000000.0,,4576000000.0,5361000000.0,3932000000.0,1.63,,21.549,25.246,18.517,2026-01-01,Q,False,SEC XBRL
PHM,PulteGroup,2020-09-30,FY2020-Q3,USD,2954957000.0,,,,416398000.0,1.54,,,,14.092,2020-07-01,Q,False,SEC XBRL
PHM,PulteGroup,2020-12-31,FY2020-Q4,USD,3192363000.0,,,,438111000.0,1.62,,,,13.724,2020-10-01,Q,True,SEC XBRL
PHM,PulteGroup,2021-03-31,FY2021-Q1,USD,2729791000.0,,,,304107000.0,1.13,,,,11.14,2021-01-01,Q,False,SEC XBRL
PHM,PulteGroup,2021-06-30,FY2021-Q2,USD,3359484000.0,,,,503399000.0,1.9,,,,14.984,2021-04-01,Q,False,SEC XBRL
PHM,PulteGroup,2021-09-30,FY2021-Q3,USD,3479050000.0,,,,475549000.0,1.82,,,,13.669,2021-07-01,Q,False,SEC XBRL
PHM,PulteGroup,2021-12-31,FY2021-Q4,USD,,,,,663265000.0,2.58,,,,,2021-09-30,Q,True,SEC XBRL
PHM,PulteGroup,2022-03-31,FY2022-Q1,USD,3149519000.0,,,,454723000.0,1.83,,,,14.438,2022-01-01,Q,False,SEC XBRL
PHM,PulteGroup,2022-06-30,FY2022-Q2,USD,3879752000.0,,,,652435000.0,2.73,,,,16.816,2022-04-01,Q,False,SEC XBRL
PHM,PulteGroup,2022-09-30,FY2022-Q3,USD,3895062000.0,,,,627928000.0,2.69,,,,16.121,2022-07-01,Q,False,SEC XBRL
PHM,PulteGroup,2022-12-31,FY2022-Q4,USD,,,,,882231000.0,3.76,,,,,2022-09-30,Q,True,SEC XBRL
PHM,PulteGroup,2023-03-31,FY2023-Q1,USD,3575641000.0,,,,532259000.0,2.35,,,,14.886,2023-01-01,Q,False,SEC XBRL
PHM,PulteGroup,2023-06-30,FY2023-Q2,USD,4188753000.0,,,,720345000.0,3.21,,,,17.197,2023-04-01,Q,False,SEC XBRL
PHM,PulteGroup,2023-09-30,FY2023-Q3,USD,4003533000.0,,,,638775000.0,2.9,,,,15.955,2023-07-01,Q,False,SEC XBRL
PHM,PulteGroup,2023-12-31,FY2023-Q4,USD,,,,,710993000.0,3.26,,,,,2023-09-30,Q,True,SEC XBRL
PHM,PulteGroup,2024-03-31,FY2024-Q1,USD,3949160000.0,,,,662976000.0,3.1,,,,16.788,2024-01-01,Q,False,SEC XBRL
PHM,PulteGroup,2024-06-30,FY2024-Q2,USD,4599655000.0,,,,809133000.0,3.83,,,,17.591,2024-04-01,Q,False,SEC XBRL
PHM,PulteGroup,2024-09-30,FY2024-Q3,USD,4476342000.0,,,,697914000.0,3.35,,,,15.591,2024-07-01,Q,False,SEC XBRL
PHM,PulteGroup,2024-12-31,FY2024-Q4,USD,4921793000.0,,,,913239000.0,4.41,,,,18.555,2024-09-30,Q,True,SEC XBRL
PHM,PulteGroup,2025-03-31,FY2025-Q1,USD,3892650000.0,,,,522799000.0,2.57,,,,13.43,2025-01-01,Q,False,SEC XBRL
PHM,PulteGroup,2025-06-30,FY2025-Q2,USD,4403755000.0,,,,608483000.0,3.03,,,,13.817,2025-04-01,Q,False,SEC XBRL
PHM,PulteGroup,2025-09-30,FY2025-Q3,USD,4404799000.0,,,,585834000.0,2.96,,,,13.3,2025-07-01,Q,False,SEC XBRL
PHM,PulteGroup,2025-12-31,FY2025-Q4,USD,4610749000.0,,,,501614000.0,2.5600000000000005,,,,10.879,2025-09-30,Q,True,SEC XBRL
PHM,PulteGroup,2026-03-31,FY2026-Q1,USD,3408572000.0,,,,346996000.0,1.79,,,,10.18,2026-01-01,Q,False,SEC XBRL
PHM,PulteGroup,2026-06-30,FY2026-Q2,USD,3982957000.0,,,,472003000.0,2.48,,,,11.851,2026-04-01,Q,False,SEC XBRL
PKBK,"Parke Bancorp, Inc.",2020-09-30,FY2020-Q3,USD,16181000.0,,,,6543000.0,0.55,,,,40.436,2020-07-01,Q,False,SEC XBRL
PKBK,"Parke Bancorp, Inc.",2020-12-31,FY2020-Q4,USD,18643000.0,,,,8132000.0,0.6700000000000002,,,,43.62,2020-09-30,Q,True,SEC XBRL
PKBK,"Parke Bancorp, Inc.",2021-03-31,FY2021-Q1,USD,19043000.0,,,,9429000.0,0.78,,,,49.514,2021-01-01,Q,False,SEC XBRL
PKBK,"Parke Bancorp, Inc.",2021-06-30,FY2021-Q2,USD,20177000.0,,,,10757000.0,0.89,,,,53.313,2021-04-01,Q,False,SEC XBRL
PKBK,"Parke Bancorp, Inc.",2021-09-30,FY2021-Q3,USD,19676000.0,,,,10501000.0,0.87,,,,53.37,2021-07-01,Q,False,SEC XBRL
PKBK,"Parke Bancorp, Inc.",2021-12-31,FY2021-Q4,USD,19019000.0,,,,10073000.0,0.8199999999999998,,,,52.963,2021-09-30,Q,True,SEC XBRL
PKBK,"Parke Bancorp, Inc.",2022-03-31,FY2022-Q1,USD,19175000.0,,,,10091000.0,0.83,,,,52.626,2022-01-01,Q,False,SEC XBRL
PKBK,"Parke Bancorp, Inc.",2022-06-30,FY2022-Q2,USD,20488000.0,,,,10738000.0,0.88,,,,52.411,2022-04-01,Q,False,SEC XBRL
PKBK,"Parke Bancorp, Inc.",2022-09-30,FY2022-Q3,USD,21324000.0,,,,10540000.0,0.87,,,,49.428,2022-07-01,Q,False,SEC XBRL
PKBK,"Parke Bancorp, Inc.",2022-12-31,FY2022-Q4,USD,20722000.0,,,,10454000.0,0.8599999999999999,,,,50.449,2022-09-30,Q,True,SEC XBRL
PKBK,"Parke Bancorp, Inc.",2023-03-31,FY2023-Q1,USD,18931000.0,,,,11130000.0,0.92,,,,58.792,2023-01-01,Q,False,SEC XBRL
PKBK,"Parke Bancorp, Inc.",2023-06-30,FY2023-Q2,USD,17463000.0,,,,8130000.0,0.67,,,,46.556,2023-04-01,Q,False,SEC XBRL
PKBK,"Parke Bancorp, Inc.",2023-09-30,FY2023-Q3,USD,17518000.0,,,,1029000.0,0.08,,,,5.874,2023-07-01,Q,False,SEC XBRL
PKBK,"Parke Bancorp, Inc.",2023-12-31,FY2023-Q4,USD,16994000.0,,,,8173000.0,0.6799999999999999,,,,48.093,2023-09-30,Q,True,SEC XBRL
PKBK,"Parke Bancorp, Inc.",2024-03-31,FY2024-Q1,USD,15116000.0,,,,6151000.0,0.51,,,,40.692,2024-01-01,Q,False,SEC XBRL
PKBK,"Parke Bancorp, Inc.",2024-06-30,FY2024-Q2,USD,15513000.0,,,,6455000.0,0.53,,,,41.61,2024-04-01,Q,False,SEC XBRL
PKBK,"Parke Bancorp, Inc.",2024-09-30,FY2024-Q3,USD,15624000.0,,,,7508000.0,0.62,,,,48.054,2024-07-01,Q,False,SEC XBRL
PKBK,"Parke Bancorp, Inc.",2024-12-31,FY2024-Q4,USD,16756000.0,,,,7398000.0,0.6099999999999999,,,,44.151,2024-09-30,Q,True,SEC XBRL
PKBK,"Parke Bancorp, Inc.",2025-03-31,FY2025-Q1,USD,17428000.0,,,,7778000.0,0.65,,,,44.629,2025-01-01,Q,False,SEC XBRL
PKBK,"Parke Bancorp, Inc.",2025-06-30,FY2025-Q2,USD,18687000.0,,,,8283000.0,0.69,,,,44.325,2025-04-01,Q,False,SEC XBRL
PKBK,"Parke Bancorp, Inc.",2025-09-30,FY2025-Q3,USD,21014000.0,,,,10630000.0,0.89,,,,50.585,2025-07-01,Q,False,SEC XBRL
PKBK,"Parke Bancorp, Inc.",2025-12-31,FY2025-Q4,USD,22736000.0,,,,11084000.0,0.9300000000000002,,,,48.751,2025-09-30,Q,True,SEC XBRL
PKBK,"Parke Bancorp, Inc.",2026-03-31,FY2026-Q1,USD,22985000.0,,,,11844000.0,0.99,,,,51.529,2026-01-01,Q,False,SEC XBRL
PLD,Prologis,2020-09-30,FY2020-Q3,USD,1082773000.0,,556520000.0,957258000.0,302694000.0,0.4,,51.398,88.408,27.955,2020-07-01,Q,False,SEC XBRL
PLD,Prologis,2020-12-31,FY2020-Q4,USD,1111597000.0,,482380000.0,899446000.0,308007000.0,0.38,,43.395,80.915,27.709,2020-10-01,Q,True,SEC XBRL
PLD,Prologis,2021-03-31,FY2021-Q1,USD,1148316000.0,,532197000.0,929772000.0,367347000.0,0.49,,46.346,80.968,31.99,2021-01-01,Q,False,SEC XBRL
PLD,Prologis,2021-06-30,FY2021-Q2,USD,1150842000.0,,700866000.0,1093602000.0,600176000.0,0.81,,60.9,95.026,52.151,2021-04-01,Q,False,SEC XBRL
PLD,Prologis,2021-09-30,FY2021-Q3,USD,1183049000.0,,765660000.0,1156466000.0,723538000.0,0.97,,64.719,97.753,61.159,2021-07-01,Q,False,SEC XBRL
PLD,Prologis,2021-12-31,FY2021-Q4,USD,1277233000.0,,1208273000.0,1605098000.0,1300853000.0,1.67,,94.601,125.67,101.849,2021-10-01,Q,True,SEC XBRL
PLD,Prologis,2022-03-31,FY2022-Q1,USD,1219128000.0,,1205802000.0,1602449000.0,1150785000.0,1.54,,98.907,131.442,94.394,2022-01-01,Q,False,SEC XBRL
PLD,Prologis,2022-06-30,FY2022-Q2,USD,1252080000.0,,533317000.0,935630000.0,611393000.0,0.82,,42.594,74.726,48.83,2022-04-01,Q,False,SEC XBRL
PLD,Prologis,2022-09-30,FY2022-Q3,USD,1750892000.0,,914970000.0,1316420000.0,1015464000.0,1.36,,52.257,75.186,57.997,2022-07-01,Q,False,SEC XBRL
PLD,Prologis,2022-12-31,FY2022-Q4,USD,1751592000.0,,813449000.0,1425816000.0,620066000.0,0.63,,46.441,81.401,35.4,2022-10-01,Q,True,SEC XBRL
PLD,Prologis,2023-03-31,FY2023-Q1,USD,1768587000.0,,579043000.0,1181410000.0,464623000.0,0.5,,32.74,66.8,26.271,2023-01-01,Q,False,SEC XBRL
PLD,Prologis,2023-06-30,FY2023-Q2,USD,2450971000.0,,1411790000.0,2013958000.0,1216028000.0,1.31,,57.601,82.17,49.614,2023-04-01,Q,False,SEC XBRL
PLD,Prologis,2023-09-30,FY2023-Q3,USD,1914664000.0,,882108000.0,1524118000.0,747627000.0,0.8,,46.071,79.602,39.047,2023-07-01,Q,False,SEC XBRL
PLD,Prologis,2023-12-31,FY2023-Q4,USD,1889247000.0,,834851000.0,1473197000.0,675884000.0,0.68,,44.19,77.978,35.775,2023-10-01,Q,True,SEC XBRL
PLD,Prologis,2024-03-31,FY2024-Q1,USD,1956621000.0,,720355000.0,1357860000.0,585715000.0,0.63,,36.816,69.398,29.935,2024-01-01,Q,False,SEC XBRL
PLD,Prologis,2024-06-30,FY2024-Q2,USD,2007954000.0,,1023338000.0,1660643000.0,861348000.0,0.92,,50.964,82.703,42.897,2024-04-01,Q,False,SEC XBRL
PLD,Prologis,2024-09-30,FY2024-Q3,USD,2036389000.0,,1250971000.0,1900236000.0,1005719000.0,1.08,,61.431,93.314,49.387,2024-07-01,Q,False,SEC XBRL
PLD,Prologis,2024-12-31,FY2024-Q4,USD,2200646000.0,,1421256000.0,2077700000.0,1342176000.0,1.37,,64.584,94.413,60.99,2024-10-01,Q,True,SEC XBRL
PLD,Prologis,2025-03-31,FY2025-Q1,USD,2139665000.0,,878413000.0,1530471000.0,592953000.0,0.63,,41.054,71.529,27.712,2025-01-01,Q,False,SEC XBRL
PLD,Prologis,2025-06-30,FY2025-Q2,USD,2183869000.0,,912712000.0,1569933000.0,571229000.0,0.61,,41.793,71.888,26.157,2025-04-01,Q,False,SEC XBRL
PLD,Prologis,2025-09-30,FY2025-Q3,USD,2213881000.0,,940261000.0,1588260000.0,764266000.0,0.82,,42.471,71.741,34.522,2025-07-01,Q,False,SEC XBRL
PLD,Prologis,2025-12-31,FY2025-Q4,USD,2252712000.0,,1626478000.0,2295228000.0,1482215000.0,1.49,,72.201,101.887,65.797,2025-10-01,Q,True,SEC XBRL
PLD,Prologis,2026-03-31,FY2026-Q1,USD,2297723000.0,,1211055000.0,1942561000.0,981976000.0,1.05,,52.707,84.543,42.737,2026-01-01,Q,False,SEC XBRL
PLD,Prologis,2026-06-30,FY2026-Q2,USD,2425452000.0,1799001000.0,1508438000.0,2197956000.0,1062191000.0,1.13,74.172,62.192,90.62,43.794,2026-03-31,Q,False,yfinance (SEC pending)
PMVP,"PMV Pharmaceuticals, Inc.",2020-09-30,FY2020-Q3,USD,,,-8701000.0,,-8764000.0,,,,,,2020-07-01,Q,False,SEC XBRL
PMVP,"PMV Pharmaceuticals, Inc.",2020-12-31,FY2020-Q4,USD,,,-10502000.0,,-10454000.0,,,,,,2020-09-30,Q,True,SEC XBRL
PMVP,"PMV Pharmaceuticals, Inc.",2021-03-31,FY2021-Q1,USD,,,-11674000.0,,-11602000.0,,,,,,2021-01-01,Q,False,SEC XBRL
PMVP,"PMV Pharmaceuticals, Inc.",2021-06-30,FY2021-Q2,USD,,,-13050000.0,,-12874000.0,,,,,,2021-04-01,Q,False,SEC XBRL
PMVP,"PMV Pharmaceuticals, Inc.",2021-09-30,FY2021-Q3,USD,,,-15097000.0,,-15011000.0,-0.33,,,,,2021-07-01,Q,False,SEC XBRL
PMVP,"PMV Pharmaceuticals, Inc.",2021-12-31,FY2021-Q4,USD,,,-18472000.0,,-18359000.0,,,,,,2021-09-30,Q,True,SEC XBRL
PMVP,"PMV Pharmaceuticals, Inc.",2022-03-31,FY2022-Q1,USD,,,-18619000.0,,-18433000.0,-0.41,,,,,2022-01-01,Q,False,SEC XBRL
PMVP,"PMV Pharmaceuticals, Inc.",2022-06-30,FY2022-Q2,USD,,,-17885000.0,,-17310000.0,-0.38,,,,,2022-04-01,Q,False,SEC XBRL
PMVP,"PMV Pharmaceuticals, Inc.",2022-09-30,FY2022-Q3,USD,,,-19375000.0,,-18229000.0,-0.4,,,,,2022-07-01,Q,False,SEC XBRL
PMVP,"PMV Pharmaceuticals, Inc.",2022-12-31,FY2022-Q4,USD,,,-21161000.0,,-19345000.0,-0.4200000000000001,,,,,2022-09-30,Q,True,SEC XBRL
PMVP,"PMV Pharmaceuticals, Inc.",2023-03-31,FY2023-Q1,USD,,,-21480000.0,,-19128000.0,-0.42,,,,,2023-01-01,Q,False,SEC XBRL
PMVP,"PMV Pharmaceuticals, Inc.",2023-06-30,FY2023-Q2,USD,,,-20122000.0,,-17436000.0,-0.38,,,,,2023-04-01,Q,False,SEC XBRL
PMVP,"PMV Pharmaceuticals, Inc.",2023-09-30,FY2023-Q3,USD,,,-19628000.0,,-16640000.0,-0.34,,,,,2023-07-01,Q,False,SEC XBRL
PMVP,"PMV Pharmaceuticals, Inc.",2023-12-31,FY2023-Q4,USD,,,-18902000.0,,-15756000.0,-0.2999999999999998,,,,,2023-09-30,Q,True,SEC XBRL
PMVP,"PMV Pharmaceuticals, Inc.",2024-03-31,FY2024-Q1,USD,,,-18221000.0,,-15270000.0,-0.3,,,,,2024-01-01,Q,False,SEC XBRL
PMVP,"PMV Pharmaceuticals, Inc.",2024-06-30,FY2024-Q2,USD,,,-20170000.0,,-1213000.0,-0.02,,,,,2024-04-01,Q,False,SEC XBRL
PMVP,"PMV Pharmaceuticals, Inc.",2024-09-30,FY2024-Q3,USD,,,-21888000.0,,-19226000.0,-0.37,,,,,2024-07-01,Q,False,SEC XBRL
PMVP,"PMV Pharmaceuticals, Inc.",2024-12-31,FY2024-Q4,USD,,,-25169000.0,,-23000000.0,-0.4499999999999999,,,,,2024-09-30,Q,True,SEC XBRL
PMVP,"PMV Pharmaceuticals, Inc.",2025-03-31,FY2025-Q1,USD,,,-21564000.0,,-17436000.0,-0.34,,,,,2025-01-01,Q,False,SEC XBRL
PMVP,"PMV Pharmaceuticals, Inc.",2025-06-30,FY2025-Q2,USD,,,-22879000.0,,-21210000.0,-0.41,,,,,2025-04-01,Q,False,SEC XBRL
PMVP,"PMV Pharmaceuticals, Inc.",2025-09-30,FY2025-Q3,USD,,,-22522000.0,,-21059000.0,-0.4,,,,,2025-07-01,Q,False,SEC XBRL
PMVP,"PMV Pharmaceuticals, Inc.",2025-12-31,FY2025-Q4,USD,,,-19241000.0,,-18037000.0,-0.33,,,,,2025-09-30,Q,True,SEC XBRL
PMVP,"PMV Pharmaceuticals, Inc.",2026-03-31,FY2026-Q1,USD,,,-19019000.0,,-18038000.0,-0.34,,,,,2026-01-01,Q,False,SEC XBRL
PPG,PPG Industries,2020-09-30,FY2020-Q3,USD,3685000000.0,,679000000.0,811000000.0,442000000.0,1.86,,18.426,22.008,11.995,2020-07-01,Q,False,SEC XBRL
PPG,PPG Industries,2020-12-31,FY2020-Q4,USD,3757000000.0,,581000000.0,706000000.0,272000000.0,1.14,,15.464,18.792,7.24,2020-10-01,Q,True,SEC XBRL
PPG,PPG Industries,2021-03-31,FY2021-Q1,USD,3881000000.0,,631000000.0,760000000.0,378000000.0,1.58,,16.259,19.583,9.74,2021-01-01,Q,False,SEC XBRL
PPG,PPG Industries,2021-06-30,FY2021-Q2,USD,4359000000.0,,644000000.0,781000000.0,431000000.0,1.8,,14.774,17.917,9.888,2021-04-01,Q,False,SEC XBRL
PPG,PPG Industries,2021-09-30,FY2021-Q3,USD,4372000000.0,,548000000.0,694000000.0,344000000.0,1.43,,12.534,15.874,7.868,2021-07-01,Q,False,SEC XBRL
PPG,PPG Industries,2021-12-31,FY2021-Q4,USD,4190000000.0,,348000000.0,497000000.0,286000000.0,1.2000000000000002,,8.305,11.862,6.826,2021-09-30,Q,True,SEC XBRL
PPG,PPG Industries,2022-03-31,FY2022-Q1,USD,4308000000.0,,459000000.0,604000000.0,18000000.0,0.08,,10.655,14.02,0.418,2022-01-01,Q,False,SEC XBRL
PPG,PPG Industries,2022-06-30,FY2022-Q2,USD,4691000000.0,,602000000.0,743000000.0,441000000.0,1.85,,12.833,15.839,9.401,2022-04-01,Q,False,SEC XBRL
PPG,PPG Industries,2022-09-30,FY2022-Q3,USD,4468000000.0,,554000000.0,689000000.0,329000000.0,1.39,,12.399,15.421,7.363,2022-07-01,Q,False,SEC XBRL
PPG,PPG Industries,2022-12-31,FY2022-Q4,USD,2147000000.0,,427000000.0,508000000.0,238000000.0,1.0,,19.888,23.661,11.085,2022-09-30,Q,True,SEC XBRL
PPG,PPG Industries,2023-03-31,FY2023-Q1,USD,4380000000.0,,635000000.0,768000000.0,264000000.0,1.11,,14.498,17.534,6.027,2023-01-01,Q,False,SEC XBRL
PPG,PPG Industries,2023-06-30,FY2023-Q2,USD,4872000000.0,,787000000.0,920000000.0,490000000.0,2.06,,16.154,18.883,10.057,2023-04-01,Q,False,SEC XBRL
PPG,PPG Industries,2023-09-30,FY2023-Q3,USD,4644000000.0,,698000000.0,840000000.0,426000000.0,1.79,,15.03,18.088,9.173,2023-07-01,Q,False,SEC XBRL
PPG,PPG Industries,2023-12-31,FY2023-Q4,USD,2346000000.0,,555000000.0,661000000.0,90000000.0,0.3899999999999997,,23.657,28.176,3.836,2023-09-30,Q,True,SEC XBRL
PPG,PPG Industries,2024-03-31,FY2024-Q1,USD,3849000000.0,,666000000.0,796000000.0,400000000.0,1.69,,17.303,20.681,10.392,2024-01-01,Q,False,SEC XBRL
PPG,PPG Industries,2024-06-30,FY2024-Q2,USD,4235000000.0,,796000000.0,920000000.0,528000000.0,2.24,,18.796,21.724,12.468,2024-04-01,Q,False,SEC XBRL
PPG,PPG Industries,2024-09-30,FY2024-Q3,USD,4032000000.0,,689000000.0,808000000.0,468000000.0,2.0,,17.088,20.04,11.607,2024-07-01,Q,False,SEC XBRL
PPG,PPG Industries,2024-12-31,FY2024-Q4,USD,3729000000.0,,,,-280000000.0,-1.1799999999999995,,,,-7.509,2024-09-30,Q,True,SEC XBRL
PPG,PPG Industries,2025-03-31,FY2025-Q1,USD,3684000000.0,,607000000.0,728000000.0,373000000.0,1.63,,16.477,19.761,10.125,2025-01-01,Q,False,SEC XBRL
PPG,PPG Industries,2025-06-30,FY2025-Q2,USD,4195000000.0,,743000000.0,878000000.0,450000000.0,1.98,,17.712,20.93,10.727,2025-04-01,Q,False,SEC XBRL
PPG,PPG Industries,2025-09-30,FY2025-Q3,USD,4082000000.0,,689000000.0,827000000.0,453000000.0,2.0,,16.879,20.26,11.098,2025-07-01,Q,False,SEC XBRL
PPG,PPG Industries,2025-12-31,FY2025-Q4,USD,3914000000.0,,,,300000000.0,1.330000000000001,,,,7.665,2025-09-30,Q,True,SEC XBRL
PPG,PPG Industries,2026-03-31,FY2026-Q1,USD,3930000000.0,,636000000.0,768000000.0,382000000.0,1.7,,16.183,19.542,9.72,2026-01-01,Q,False,SEC XBRL
PPG,PPG Industries,2026-06-30,FY2026-Q2,USD,4495000000.0,1808000000.0,640000000.0,774000000.0,437000000.0,1.95,40.222,14.238,17.219,9.722,2026-03-31,Q,False,yfinance (SEC pending)
PSKY,Paramount Skydance Corporation,2020-09-30,FY2020-Q3,USD,5837000000.0,,903000000.0,1000000000.0,615000000.0,1.0,,15.47,17.132,10.536,2020-07-01,Q,False,SEC XBRL
PSKY,Paramount Skydance Corporation,2020-12-31,FY2020-Q4,USD,6874000000.0,,1083000000.0,1182000000.0,810000000.0,1.31,,15.755,17.195,11.784,2020-10-01,Q,False,SEC XBRL
PSKY,Paramount Skydance Corporation,2021-03-31,FY2021-Q1,USD,7412000000.0,,1528000000.0,1627000000.0,911000000.0,1.44,,20.615,21.951,12.291,2021-01-01,Q,False,SEC XBRL
PSKY,Paramount Skydance Corporation,2021-06-30,FY2021-Q2,USD,6564000000.0,,1226000000.0,1321000000.0,1036000000.0,1.56,,18.678,20.125,15.783,2021-04-01,Q,False,SEC XBRL
PSKY,Paramount Skydance Corporation,2021-09-30,FY2021-Q3,USD,6610000000.0,,879000000.0,974000000.0,538000000.0,0.8,,13.298,14.735,8.139,2021-07-01,Q,False,SEC XBRL
PSKY,Paramount Skydance Corporation,2021-12-31,FY2021-Q4,USD,8000000000.0,,2664000000.0,2765000000.0,2058000000.0,3.140000000000001,,33.3,34.562,25.725,2021-09-30,Q,True,SEC XBRL
PSKY,Paramount Skydance Corporation,2022-03-31,FY2022-Q1,USD,7328000000.0,,775000000.0,871000000.0,433000000.0,0.64,,10.576,11.886,5.909,2022-01-01,Q,False,SEC XBRL
PSKY,Paramount Skydance Corporation,2022-06-30,FY2022-Q2,USD,7779000000.0,,819000000.0,913000000.0,419000000.0,0.62,,10.528,11.737,5.386,2022-04-01,Q,False,SEC XBRL
PSKY,Paramount Skydance Corporation,2022-09-30,FY2022-Q3,USD,6916000000.0,,566000000.0,658000000.0,231000000.0,0.33,,8.184,9.514,3.34,2022-07-01,Q,False,SEC XBRL
PSKY,Paramount Skydance Corporation,2022-12-31,FY2022-Q4,USD,8131000000.0,,182000000.0,278000000.0,21000000.0,0.02,,2.238,3.419,0.258,2022-09-30,Q,True,SEC XBRL
PSKY,Paramount Skydance Corporation,2023-03-31,FY2023-Q1,USD,7265000000.0,,-1226000000.0,-1126000000.0,-1118000000.0,-1.74,,-16.875,-15.499,-15.389,2023-01-01,Q,False,SEC XBRL
PSKY,Paramount Skydance Corporation,2023-06-30,FY2023-Q2,USD,7616000000.0,,-250000000.0,-145000000.0,-299000000.0,-0.48,,-3.283,-1.904,-3.926,2023-04-01,Q,False,SEC XBRL
PSKY,Paramount Skydance Corporation,2023-09-30,FY2023-Q3,USD,7133000000.0,,621000000.0,726000000.0,295000000.0,0.43,,8.706,10.178,4.136,2023-07-01,Q,False,SEC XBRL
PSKY,Paramount Skydance Corporation,2023-12-31,FY2023,USD,29652000000.0,,-451000000.0,-33000000.0,-608000000.0,-1.02,,-1.521,-0.111,-2.05,2023-01-01,FY,False,SEC XBRL
PSKY,Paramount Skydance Corporation,2024-03-31,FY2024-Q1,USD,7685000000.0,,-417000000.0,-317000000.0,-554000000.0,-0.87,,-5.426,-4.125,-7.209,2024-01-01,Q,False,SEC XBRL
PSKY,Paramount Skydance Corporation,2024-06-30,FY2024-Q2,USD,6813000000.0,,-5318000000.0,-5217000000.0,-5413000000.0,-8.12,,-78.057,-76.574,-79.451,2024-04-01,Q,False,SEC XBRL
PSKY,Paramount Skydance Corporation,2024-09-30,FY2024-Q3,USD,6731000000.0,,337000000.0,433000000.0,1000000.0,0.0,,5.007,6.433,0.015,2024-07-01,Q,False,SEC XBRL
PSKY,Paramount Skydance Corporation,2024-12-31,FY2024-Q4,USD,7984000000.0,,129000000.0,224000000.0,-224000000.0,-0.3500000000000014,,1.616,2.806,-2.806,2024-09-30,Q,True,SEC XBRL
PSKY,Paramount Skydance Corporation,2025-03-31,FY2025-Q1,USD,7192000000.0,,550000000.0,638000000.0,152000000.0,0.22,,7.647,8.871,2.113,2025-01-01,Q,False,SEC XBRL
PSKY,Paramount Skydance Corporation,2025-06-30,FY2025-Q2,USD,0.0,,0.0,,0.0,0.0,,,,,2025-04-01,Q,False,SEC XBRL
PSKY,Paramount Skydance Corporation,2026-03-31,FY2026-Q1,USD,7347000000.0,,616000000.0,978000000.0,168000000.0,0.15,,8.384,13.312,2.287,2026-01-01,Q,False,SEC XBRL
PSX,Phillips 66,2020-09-30,FY2020-Q3,USD,15929000000.0,,,,-799000000.0,-1.82,,,,-5.016,2020-07-01,Q,False,SEC XBRL
PSX,Phillips 66,2020-12-31,FY2020-Q4,USD,16409000000.0,,,,-539000000.0,-1.23,,,,-3.285,2020-10-01,Q,True,SEC XBRL
PSX,Phillips 66,2021-03-31,FY2021-Q1,USD,21627000000.0,,,,-654000000.0,-1.49,,,,-3.024,2021-01-01,Q,False,SEC XBRL
PSX,Phillips 66,2021-06-30,FY2021-Q2,USD,27002000000.0,,,,296000000.0,0.66,,,,1.096,2021-04-01,Q,False,SEC XBRL
PSX,Phillips 66,2021-09-30,FY2021-Q3,USD,30243000000.0,,,,402000000.0,0.91,,,,1.329,2021-07-01,Q,False,SEC XBRL
PSX,Phillips 66,2021-12-31,FY2021-Q4,USD,32604000000.0,,,,1273000000.0,2.89,,,,3.904,2021-09-30,Q,True,SEC XBRL
PSX,Phillips 66,2022-03-31,FY2022-Q1,USD,36179000000.0,,,,582000000.0,1.29,,,,1.609,2022-01-01,Q,False,SEC XBRL
PSX,Phillips 66,2022-06-30,FY2022-Q2,USD,48577000000.0,,,,3167000000.0,6.53,,,,6.52,2022-04-01,Q,False,SEC XBRL
PSX,Phillips 66,2022-09-30,FY2022-Q3,USD,44955000000.0,,,,5391000000.0,11.16,,,,11.992,2022-07-01,Q,False,SEC XBRL
PSX,Phillips 66,2022-12-31,FY2022-Q4,USD,40279000000.0,,,,1884000000.0,4.289999999999999,,,,4.677,2022-09-30,Q,True,SEC XBRL
PSX,Phillips 66,2023-03-31,FY2023-Q1,USD,34396000000.0,,,,1961000000.0,4.2,,,,5.701,2023-01-01,Q,False,SEC XBRL
PSX,Phillips 66,2023-06-30,FY2023-Q2,USD,35090000000.0,,,,1697000000.0,3.72,,,,4.836,2023-04-01,Q,False,SEC XBRL
PSX,Phillips 66,2023-09-30,FY2023-Q3,USD,39643000000.0,,,,2097000000.0,4.69,,,,5.29,2023-07-01,Q,False,SEC XBRL
PSX,Phillips 66,2023-12-31,FY2023-Q4,USD,38270000000.0,,,,1260000000.0,2.870000000000001,,,,3.292,2023-09-30,Q,True,SEC XBRL
PSX,Phillips 66,2024-03-31,FY2024-Q1,USD,35811000000.0,,,,748000000.0,1.73,,,,2.089,2024-01-01,Q,False,SEC XBRL
PSX,Phillips 66,2024-06-30,FY2024-Q2,USD,38129000000.0,,,,1015000000.0,2.38,,,,2.662,2024-04-01,Q,False,SEC XBRL
PSX,Phillips 66,2024-09-30,FY2024-Q3,USD,35528000000.0,,,,346000000.0,0.82,,,,0.974,2024-07-01,Q,False,SEC XBRL
PSX,Phillips 66,2024-12-31,FY2024-Q4,USD,33685000000.0,,,,8000000.0,0.0600000000000005,,,,0.024,2024-09-30,Q,True,SEC XBRL
PSX,Phillips 66,2025-03-31,FY2025-Q1,USD,30430000000.0,,,,487000000.0,1.18,,,,1.6,2025-01-01,Q,False,SEC XBRL
PSX,Phillips 66,2025-06-30,FY2025-Q2,USD,33323000000.0,,,,877000000.0,2.15,,,,2.632,2025-04-01,Q,False,SEC XBRL
PSX,Phillips 66,2025-09-30,FY2025-Q3,USD,34515000000.0,,,,133000000.0,0.32,,,,0.385,2025-07-01,Q,False,SEC XBRL
PSX,Phillips 66,2025-12-31,FY2025-Q4,USD,34108000000.0,,,,2906000000.0,7.139999999999999,,,,8.52,2025-09-30,Q,True,SEC XBRL
PSX,Phillips 66,2026-03-31,FY2026-Q1,USD,32540000000.0,,,,207000000.0,0.51,,,,0.636,2026-01-01,Q,False,SEC XBRL
PYPL,PayPal,2020-09-30,FY2020-Q3,USD,5459000000.0,,977000000.0,1275000000.0,1021000000.0,0.86,,17.897,23.356,18.703,2020-07-01,Q,False,SEC XBRL
PYPL,PayPal,2020-12-31,FY2020-Q4,USD,6116000000.0,,963000000.0,1264000000.0,1567000000.0,1.32,,15.746,20.667,25.621,2020-10-01,Q,True,SEC XBRL
PYPL,PayPal,2021-03-31,FY2021-Q1,USD,6033000000.0,,1042000000.0,1342000000.0,1097000000.0,0.92,,17.272,22.244,18.183,2021-01-01,Q,False,SEC XBRL
PYPL,PayPal,2021-06-30,FY2021-Q2,USD,6238000000.0,,1127000000.0,1443000000.0,1184000000.0,1.0,,18.067,23.132,18.98,2021-04-01,Q,False,SEC XBRL
PYPL,PayPal,2021-09-30,FY2021-Q3,USD,6182000000.0,,1043000000.0,1366000000.0,1087000000.0,0.92,,16.872,22.096,17.583,2021-07-01,Q,False,SEC XBRL
PYPL,PayPal,2021-12-31,FY2021-Q4,USD,6918000000.0,,1050000000.0,1376000000.0,801000000.0,0.6800000000000002,,15.178,19.89,11.578,2021-09-30,Q,True,SEC XBRL
PYPL,PayPal,2022-03-31,FY2022-Q1,USD,6483000000.0,,711000000.0,1039000000.0,509000000.0,0.43,,10.967,16.027,7.851,2022-01-01,Q,False,SEC XBRL
PYPL,PayPal,2022-06-30,FY2022-Q2,USD,6806000000.0,,764000000.0,1097000000.0,-341000000.0,-0.29,,11.225,16.118,-5.01,2022-04-01,Q,False,SEC XBRL
PYPL,PayPal,2022-09-30,FY2022-Q3,USD,6846000000.0,,1118000000.0,1448000000.0,1330000000.0,1.15,,16.331,21.151,19.427,2022-07-01,Q,False,SEC XBRL
PYPL,PayPal,2022-12-31,FY2022-Q4,USD,7383000000.0,,1244000000.0,1570000000.0,921000000.0,0.7999999999999998,,16.85,21.265,12.475,2022-09-30,Q,True,SEC XBRL
PYPL,PayPal,2023-03-31,FY2023-Q1,USD,7040000000.0,,999000000.0,1269000000.0,795000000.0,0.7,,14.19,18.026,11.293,2023-01-01,Q,False,SEC XBRL
PYPL,PayPal,2023-06-30,FY2023-Q2,USD,7287000000.0,,1133000000.0,1402000000.0,1029000000.0,0.92,,15.548,19.24,14.121,2023-04-01,Q,False,SEC XBRL
PYPL,PayPal,2023-09-30,FY2023-Q3,USD,7418000000.0,,1168000000.0,1438000000.0,1020000000.0,0.93,,15.745,19.385,13.75,2023-07-01,Q,False,SEC XBRL
PYPL,PayPal,2023-12-31,FY2023-Q4,USD,8026000000.0,,1728000000.0,1991000000.0,1402000000.0,1.2899999999999996,,21.53,24.807,17.468,2023-09-30,Q,True,SEC XBRL
PYPL,PayPal,2024-03-31,FY2024-Q1,USD,7699000000.0,,1168000000.0,1433000000.0,888000000.0,0.83,,15.171,18.613,11.534,2024-01-01,Q,False,SEC XBRL
PYPL,PayPal,2024-06-30,FY2024-Q2,USD,7885000000.0,,1325000000.0,1588000000.0,1128000000.0,1.08,,16.804,20.14,14.306,2024-04-01,Q,False,SEC XBRL
PYPL,PayPal,2024-09-30,FY2024-Q3,USD,7847000000.0,,1391000000.0,1646000000.0,1010000000.0,0.99,,17.727,20.976,12.871,2024-07-01,Q,False,SEC XBRL
PYPL,PayPal,2024-12-31,FY2024-Q4,USD,8366000000.0,,1441000000.0,1690000000.0,1121000000.0,1.09,,17.224,20.201,13.399,2024-09-30,Q,True,SEC XBRL
PYPL,PayPal,2025-03-31,FY2025-Q1,USD,7791000000.0,,1530000000.0,1775000000.0,1287000000.0,1.29,,19.638,22.783,16.519,2025-01-01,Q,False,SEC XBRL
PYPL,PayPal,2025-06-30,FY2025-Q2,USD,8288000000.0,,1504000000.0,1743000000.0,1261000000.0,1.29,,18.147,21.03,15.215,2025-04-01,Q,False,SEC XBRL
PYPL,PayPal,2025-09-30,FY2025-Q3,USD,8417000000.0,,1520000000.0,1765000000.0,1248000000.0,1.3,,18.059,20.969,14.827,2025-07-01,Q,False,SEC XBRL
PYPL,PayPal,2025-12-31,FY2025-Q4,USD,8676000000.0,,1511000000.0,1745000000.0,1437000000.0,1.5300000000000002,,17.416,20.113,16.563,2025-09-30,Q,True,SEC XBRL
PYPL,PayPal,2026-03-31,FY2026-Q1,USD,8353000000.0,,1488000000.0,1726000000.0,1113000000.0,1.21,,17.814,20.663,13.325,2026-01-01,Q,False,SEC XBRL
PYPL,PayPal,2026-06-30,FY2026-Q2,USD,8682000000.0,3900000000.0,1436000000.0,1682000000.0,1104000000.0,1.25,44.921,16.54,19.373,12.716,2026-03-31,Q,False,yfinance (SEC pending)
Q,Qnity Electronics,2023-12-31,FY2023,USD,4035000000.0,,,,533000000.0,2.42,,,,13.209,2023-01-01,FY,False,SEC XBRL
Q,Qnity Electronics,2024-09-30,FY2024-Q3,USD,1148000000.0,,,,199000000.0,0.95,,,,17.334,2024-07-01,Q,False,SEC XBRL
Q,Qnity Electronics,2025-03-31,FY2025-Q1,USD,1118000000.0,,,,199000000.0,0.92,,,,17.8,2025-01-01,Q,False,SEC XBRL
Q,Qnity Electronics,2025-06-30,FY2025-Q2,USD,1170000000.0,,,,198000000.0,0.9,,,,16.923,2025-04-01,Q,False,SEC XBRL
Q,Qnity Electronics,2025-09-30,FY2025-Q3,USD,1276000000.0,,,,211000000.0,1.01,,,,16.536,2025-07-01,Q,False,SEC XBRL
Q,Qnity Electronics,2025-12-31,FY2025-Q4,USD,1190000000.0,,,,109000000.0,0.4699999999999997,,,,9.16,2025-09-30,Q,True,SEC XBRL
Q,Qnity Electronics,2026-03-31,FY2026-Q1,USD,1315000000.0,,,,162000000.0,0.72,,,,12.319,2026-01-01,Q,False,SEC XBRL
Q,Qnity Electronics,2026-06-30,FY2026-Q2,USD,1429000000.0,,,,136000000.0,0.59,,,,9.517,2026-04-01,Q,False,SEC XBRL
QCOM,Qualcomm,2020-09-27,FY2020-Q4,USD,8346000000.0,,3452000000.0,3791000000.0,2960000000.0,2.58,,41.361,45.423,35.466,2020-06-29,Q,True,SEC XBRL
QCOM,Qualcomm,2020-12-27,FY2021-Q1,USD,8235000000.0,,2526000000.0,2890000000.0,2455000000.0,2.12,,30.674,35.094,29.812,2020-09-28,Q,False,SEC XBRL
QCOM,Qualcomm,2021-03-28,FY2021-Q2,USD,7935000000.0,,2166000000.0,2553000000.0,1762000000.0,1.53,,27.297,32.174,22.205,2020-12-28,Q,False,SEC XBRL
QCOM,Qualcomm,2021-06-27,FY2021-Q3,USD,8060000000.0,,2195000000.0,2601000000.0,2027000000.0,1.77,,27.233,32.27,25.149,2021-03-29,Q,False,SEC XBRL
QCOM,Qualcomm,2021-09-26,FY2021-Q4,USD,9336000000.0,,2902000000.0,3327000000.0,2799000000.0,2.45,,31.084,35.636,29.981,2021-06-27,Q,True,SEC XBRL
QCOM,Qualcomm,2021-12-26,FY2022-Q1,USD,10705000000.0,,3864000000.0,4270000000.0,3399000000.0,2.98,,36.095,39.888,31.752,2021-09-27,Q,False,SEC XBRL
QCOM,Qualcomm,2022-03-27,FY2022-Q2,USD,11164000000.0,,3858000000.0,4286000000.0,2934000000.0,2.57,,34.558,38.391,26.281,2021-12-27,Q,False,SEC XBRL
QCOM,Qualcomm,2022-06-26,FY2022-Q3,USD,10936000000.0,,4472000000.0,4910000000.0,3730000000.0,3.29,,40.892,44.898,34.108,2022-03-28,Q,False,SEC XBRL
QCOM,Qualcomm,2022-09-25,FY2022-Q4,USD,11395000000.0,,3666000000.0,4156000000.0,2873000000.0,2.53,,32.172,36.472,25.213,2022-06-26,Q,True,SEC XBRL
QCOM,Qualcomm,2022-12-25,FY2023-Q1,USD,9463000000.0,,2465000000.0,2863000000.0,2235000000.0,1.98,,26.049,30.255,23.618,2022-09-26,Q,False,SEC XBRL
QCOM,Qualcomm,2023-03-26,FY2023-Q2,USD,9275000000.0,,2090000000.0,2560000000.0,1704000000.0,1.52,,22.534,27.601,18.372,2022-12-26,Q,False,SEC XBRL
QCOM,Qualcomm,2023-06-25,FY2023-Q3,USD,8451000000.0,,1823000000.0,2302000000.0,1803000000.0,1.6,,21.571,27.239,21.335,2023-03-27,Q,False,SEC XBRL
QCOM,Qualcomm,2023-09-24,FY2023-Q4,USD,8631000000.0,,1410000000.0,1872000000.0,1490000000.0,1.3200000000000005,,16.336,21.689,17.263,2023-06-25,Q,True,SEC XBRL
QCOM,Qualcomm,2023-12-24,FY2024-Q1,USD,9935000000.0,,2928000000.0,3365000000.0,2767000000.0,2.46,,29.472,33.87,27.851,2023-09-25,Q,False,SEC XBRL
QCOM,Qualcomm,2024-03-24,FY2024-Q2,USD,9389000000.0,,2340000000.0,2751000000.0,2326000000.0,2.06,,24.923,29.3,24.774,2023-12-25,Q,False,SEC XBRL
QCOM,Qualcomm,2024-06-23,FY2024-Q3,USD,9393000000.0,,2221000000.0,2640000000.0,2129000000.0,1.88,,23.645,28.106,22.666,2024-03-25,Q,False,SEC XBRL
QCOM,Qualcomm,2024-09-29,FY2024-Q4,USD,10245000000.0,,2582000000.0,3021000000.0,2920000000.0,2.570000000000001,,25.203,29.488,28.502,2024-06-23,Q,True,SEC XBRL
QCOM,Qualcomm,2024-12-29,FY2025-Q1,USD,11669000000.0,,3555000000.0,3991000000.0,3180000000.0,2.83,,30.465,34.202,27.252,2024-09-30,Q,False,SEC XBRL
QCOM,Qualcomm,2025-03-30,FY2025-Q2,USD,10979000000.0,,3120000000.0,3517000000.0,2812000000.0,2.52,,28.418,32.034,25.613,2024-12-30,Q,False,SEC XBRL
QCOM,Qualcomm,2025-06-29,FY2025-Q3,USD,10365000000.0,,2762000000.0,3160000000.0,2666000000.0,2.43,,26.647,30.487,25.721,2025-03-31,Q,False,SEC XBRL
QCOM,Qualcomm,2025-09-28,FY2025-Q4,USD,11271000000.0,,2918000000.0,3289000000.0,-3117000000.0,-2.77,,25.889,29.181,-27.655,2025-06-29,Q,True,SEC XBRL
QCOM,Qualcomm,2025-12-28,FY2026-Q1,USD,12252000000.0,,3366000000.0,3759000000.0,3004000000.0,2.78,,27.473,30.681,24.518,2025-09-29,Q,False,SEC XBRL
QCOM,Qualcomm,2026-03-29,FY2026-Q2,USD,10599000000.0,,2309000000.0,2722000000.0,7370000000.0,6.88,,21.785,25.682,69.535,2025-12-29,Q,False,SEC XBRL
QCOM,Qualcomm,2026-06-28,FY2026-Q3,USD,9947000000.0,,1626000000.0,2022000000.0,2002000000.0,1.87,,16.347,20.328,20.127,2026-03-30,Q,False,SEC XBRL
QCRH,"QCR Holdings, Inc.",2020-09-30,FY2020-Q3,USD,82540000.0,,,,17344000.0,1.09,,,,21.013,2020-07-01,Q,False,SEC XBRL
QCRH,"QCR Holdings, Inc.",2020-12-31,FY2020-Q4,USD,75724000.0,,,,18271000.0,1.14,,,,24.128,2020-10-01,Q,True,SEC XBRL
QCRH,"QCR Holdings, Inc.",2021-03-31,FY2021-Q1,USD,65464000.0,,,,17982000.0,1.12,,,,27.469,2021-01-01,Q,False,SEC XBRL
QCRH,"QCR Holdings, Inc.",2021-06-30,FY2021-Q2,USD,62812000.0,,,,22349000.0,1.39,,,,35.581,2021-04-01,Q,False,SEC XBRL
QCRH,"QCR Holdings, Inc.",2021-09-30,FY2021-Q3,USD,80881000.0,,,,31565000.0,1.99,,,,39.026,2021-07-01,Q,False,SEC XBRL
QCRH,"QCR Holdings, Inc.",2021-12-31,FY2021-Q4,USD,69498000.0,,,,27009000.0,1.7000000000000002,,,,38.863,2021-09-30,Q,True,SEC XBRL
QCRH,"QCR Holdings, Inc.",2022-03-31,FY2022-Q1,USD,61366000.0,,,,23624000.0,1.49,,,,38.497,2022-01-01,Q,False,SEC XBRL
QCRH,"QCR Holdings, Inc.",2022-06-30,FY2022-Q2,USD,82182000.0,,,,15242000.0,0.87,,,,18.547,2022-04-01,Q,False,SEC XBRL
QCRH,"QCR Holdings, Inc.",2022-09-30,FY2022-Q3,USD,81864000.0,,,,29294000.0,1.71,,,,35.784,2022-07-01,Q,False,SEC XBRL
QCRH,"QCR Holdings, Inc.",2022-12-31,FY2022-Q4,USD,86437000.0,,,,30906000.0,1.7999999999999998,,,,35.756,2022-09-30,Q,True,SEC XBRL
QCRH,"QCR Holdings, Inc.",2023-03-31,FY2023-Q1,USD,82652000.0,,,,27157000.0,1.6,,,,32.857,2023-01-01,Q,False,SEC XBRL
QCRH,"QCR Holdings, Inc.",2023-06-30,FY2023-Q2,USD,85725000.0,,,,28425000.0,1.69,,,,33.158,2023-04-01,Q,False,SEC XBRL
QCRH,"QCR Holdings, Inc.",2023-09-30,FY2023-Q3,USD,81848000.0,,,,25121000.0,1.49,,,,30.692,2023-07-01,Q,False,SEC XBRL
QCRH,"QCR Holdings, Inc.",2023-12-31,FY2023-Q4,USD,103465000.0,,,,32855000.0,1.95,,,,31.755,2023-09-30,Q,True,SEC XBRL
QCRH,"QCR Holdings, Inc.",2024-03-31,FY2024-Q1,USD,81557000.0,,,,26726000.0,1.58,,,,32.77,2024-01-01,Q,False,SEC XBRL
QCRH,"QCR Holdings, Inc.",2024-06-30,FY2024-Q2,USD,87052000.0,,,,29114000.0,1.72,,,,33.444,2024-04-01,Q,False,SEC XBRL
QCRH,"QCR Holdings, Inc.",2024-09-30,FY2024-Q3,USD,86879000.0,,,,27785000.0,1.64,,,,31.981,2024-07-01,Q,False,SEC XBRL
QCRH,"QCR Holdings, Inc.",2024-12-31,FY2024-Q4,USD,91829000.0,,,,30225000.0,1.7700000000000005,,,,32.914,2024-09-30,Q,True,SEC XBRL
QCRH,"QCR Holdings, Inc.",2025-03-31,FY2025-Q1,USD,76878000.0,,,,25797000.0,1.52,,,,33.556,2025-01-01,Q,False,SEC XBRL
QCRH,"QCR Holdings, Inc.",2025-06-30,FY2025-Q2,USD,84197000.0,,,,29019000.0,1.71,,,,34.466,2025-04-01,Q,False,SEC XBRL
QCRH,"QCR Holdings, Inc.",2025-09-30,FY2025-Q3,USD,101450000.0,,,,36714000.0,2.16,,,,36.189,2025-07-01,Q,False,SEC XBRL
QCRH,"QCR Holdings, Inc.",2025-12-31,FY2025-Q4,USD,107019000.0,,,,35664000.0,2.1,,,,33.325,2025-09-30,Q,True,SEC XBRL
QCRH,"QCR Holdings, Inc.",2026-03-31,FY2026-Q1,USD,90390000.0,,,,33383000.0,1.99,,,,36.932,2026-01-01,Q,False,SEC XBRL
ROST,Ross Stores,2020-08-01,FY2021-Q2,USD,2684712000.0,,,,22047000.0,0.06,,,,0.821,2020-05-03,Q,False,SEC XBRL
ROST,Ross Stores,2020-10-31,FY2021-Q3,USD,3754509000.0,,,,131197000.0,0.37,,,,3.494,2020-08-02,Q,False,SEC XBRL
ROST,Ross Stores,2021-01-30,FY2021-Q4,USD,4249671000.0,,,,237980000.0,0.67,,,,5.6,2020-11-01,Q,False,SEC XBRL
ROST,Ross Stores,2021-05-01,FY2022-Q1,USD,4516080000.0,,,,476479000.0,1.34,,,,10.551,2021-01-31,Q,False,SEC XBRL
ROST,Ross Stores,2021-07-31,FY2022-Q2,USD,4804974000.0,,,,494258000.0,1.39,,,,10.286,2021-05-02,Q,False,SEC XBRL
ROST,Ross Stores,2021-10-30,FY2022-Q3,USD,4574541000.0,,,,385030000.0,1.09,,,,8.417,2021-08-01,Q,False,SEC XBRL
ROST,Ross Stores,2022-01-29,FY2022-Q4,USD,5020649000.0,,,,366822000.0,1.0499999999999998,,,,7.306,2021-10-30,Q,True,SEC XBRL
ROST,Ross Stores,2022-04-30,FY2023-Q1,USD,4333100000.0,,,,338445000.0,0.97,,,,7.811,2022-01-30,Q,False,SEC XBRL
ROST,Ross Stores,2022-07-30,FY2023-Q2,USD,4583009000.0,,,,384517000.0,1.11,,,,8.39,2022-05-01,Q,False,SEC XBRL
ROST,Ross Stores,2022-10-29,FY2023-Q3,USD,4565489000.0,,,,342036000.0,1.0,,,,7.492,2022-07-31,Q,False,SEC XBRL
ROST,Ross Stores,2023-01-28,FY2023-Q4,USD,5214231000.0,,,,447043000.0,1.2999999999999998,,,,8.574,2022-10-29,Q,True,SEC XBRL
ROST,Ross Stores,2023-04-29,FY2024-Q1,USD,4494686000.0,,,,371191000.0,1.09,,,,8.258,2023-01-29,Q,False,SEC XBRL
ROST,Ross Stores,2023-07-29,FY2024-Q2,USD,4934905000.0,,,,446319000.0,1.32,,,,9.044,2023-04-30,Q,False,SEC XBRL
ROST,Ross Stores,2023-10-28,FY2024-Q3,USD,4924849000.0,,,,447327000.0,1.33,,,,9.083,2023-07-30,Q,False,SEC XBRL
ROST,Ross Stores,2024-02-03,FY2024-Q4,USD,6022501000.0,,,,609683000.0,1.8199999999999996,,,,10.123,2023-10-28,Q,True,SEC XBRL
ROST,Ross Stores,2024-05-04,FY2025-Q1,USD,4858067000.0,,591113000.0,700299000.0,487990000.0,1.46,,12.168,14.415,10.045,2024-02-04,Q,False,SEC XBRL
ROST,Ross Stores,2024-08-03,FY2025-Q2,USD,5287519000.0,,659233000.0,767828000.0,527148000.0,1.59,,12.468,14.522,9.97,2024-05-05,Q,False,SEC XBRL
ROST,Ross Stores,2024-11-02,FY2025-Q3,USD,5071354000.0,,604216000.0,716019000.0,488808000.0,1.48,,11.914,14.119,9.639,2024-08-04,Q,False,SEC XBRL
ROST,Ross Stores,2025-02-01,FY2025-Q4,USD,5912279000.0,,731024000.0,848228000.0,586784000.0,1.790000000000001,,12.365,14.347,9.925,2024-11-02,Q,True,SEC XBRL
ROST,Ross Stores,2025-05-03,FY2026-Q1,USD,4984971000.0,,606470000.0,722408000.0,479249000.0,1.47,,12.166,14.492,9.614,2025-02-02,Q,False,SEC XBRL
ROST,Ross Stores,2025-08-02,FY2026-Q2,USD,5529152000.0,,638274000.0,764673000.0,507995000.0,1.56,,11.544,13.83,9.188,2025-05-04,Q,False,SEC XBRL
ROST,Ross Stores,2025-11-01,FY2026-Q3,USD,5600946000.0,,648498000.0,780685000.0,511935000.0,1.58,,11.578,13.938,9.14,2025-08-03,Q,False,SEC XBRL
ROST,Ross Stores,2026-01-31,FY2026-Q4,USD,6635490000.0,,814115000.0,948982000.0,645865000.0,2.0,,12.269,14.302,9.733,2025-11-01,Q,True,SEC XBRL
ROST,Ross Stores,2026-05-02,FY2027-Q1,USD,6010476000.0,,804026000.0,936625000.0,649964000.0,2.02,,13.377,15.583,10.814,2026-02-01,Q,False,SEC XBRL
SJ,Scienjoy Holding Corporation,2020-12-31,FY2020,USD,187308000.0,40191000.0,,,26988000.0,1.01,21.457,,,14.408,2020-01-01,FY,False,SEC XBRL
SJ,Scienjoy Holding Corporation,2021-12-31,FY2021,USD,261959000.0,47776000.0,,,26679000.0,0.87,18.238,,,10.184,2021-01-01,FY,False,SEC XBRL
SJ,Scienjoy Holding Corporation,2022-03-31,FY2022-Q1,USD,73107000.0,18058000.0,12340000.0,,13128000.0,0.37,24.701,16.879,,17.957,2022-01-01,Q,False,SEC XBRL
SJ,Scienjoy Holding Corporation,2022-06-30,FY2022-Q2,USD,75623000.0,13908000.0,8306000.0,,10059000.0,,18.391,10.983,,13.302,2022-04-01,Q,False,SEC XBRL
SJ,Scienjoy Holding Corporation,2023-03-31,FY2023-Q1,USD,44308000.0,5838000.0,715000.0,,-458000.0,-0.01,13.176,1.614,,-1.034,2023-01-01,Q,False,SEC XBRL
SJ,Scienjoy Holding Corporation,2023-06-30,FY2023-Q2,USD,50081000.0,6955000.0,1589000.0,,11687000.0,0.29,13.888,3.173,,23.336,2023-04-01,Q,False,SEC XBRL
SJ,Scienjoy Holding Corporation,2026-03-31,2026-Q1,USD,282623000.0,50154000.0,11314000.0,11314000.0,8875000.0,0.21,17.746,4.003,4.003,3.14,2025-12-30,Q,False,yfinance (SEC pending)
SLDE,"Slide Insurance Holdings, Inc.",2024-06-30,FY2024-Q2,USD,209131000.0,,,,53742000.0,0.45,,,,25.698,2024-04-01,Q,False,SEC XBRL
SLDE,"Slide Insurance Holdings, Inc.",2024-09-30,FY2024-Q3,USD,200104000.0,,,,17577000.0,0.15,,,,8.784,2024-07-01,Q,False,SEC XBRL
SLDE,"Slide Insurance Holdings, Inc.",2025-03-31,FY2025-Q1,USD,281593000.0,,,,92503000.0,0.75,,,,32.85,2025-01-01,Q,False,SEC XBRL
SLDE,"Slide Insurance Holdings, Inc.",2025-06-30,FY2025-Q2,USD,261607000.0,,,,70072000.0,0.56,,,,26.785,2025-04-01,Q,False,SEC XBRL
SLDE,"Slide Insurance Holdings, Inc.",2025-09-30,FY2025-Q3,USD,265693000.0,,,,110997000.0,0.79,,,,41.776,2025-07-01,Q,False,SEC XBRL
SLDE,"Slide Insurance Holdings, Inc.",2025-12-31,FY2025-Q4,USD,347008000.0,,,,170386000.0,1.2599999999999998,,,,49.101,2025-09-30,Q,True,SEC XBRL
SLDE,"Slide Insurance Holdings, Inc.",2026-03-31,FY2026-Q1,USD,389283000.0,,,,139527000.0,1.02,,,,35.842,2026-01-01,Q,False,SEC XBRL
SLDE,"Slide Insurance Holdings, Inc.",2026-06-30,FY2026-Q2,USD,386817000.0,,,,134850000.0,1.06,,,,34.861,2026-04-01,Q,False,SEC XBRL
SNDK,Sandisk,2023-06-30,FY2023,USD,6086000000.0,430000000.0,-2035000000.0,-1587000000.0,-2143000000.0,-14.78,7.065,-33.437,-26.076,-35.212,2022-07-02,FY,False,SEC XBRL
SNDK,Sandisk,2023-09-29,FY2024-Q1,USD,,,,,-518000000.0,,,,,,2023-07-01,Q,False,SEC XBRL
SNDK,Sandisk,2023-12-29,FY2024-Q2,USD,1665000000.0,161000000.0,-245000000.0,,-301000000.0,,9.67,-14.715,,-18.078,2023-09-30,Q,False,SEC XBRL
SNDK,Sandisk,2024-03-29,FY2024-Q3,USD,1705000000.0,463000000.0,65000000.0,121000000.0,27000000.0,0.19,27.155,3.812,7.097,1.584,2023-12-30,Q,False,SEC XBRL
SNDK,Sandisk,2024-06-28,FY2024-Q4,USD,,,,,120000000.0,,,,,,2024-03-29,Q,True,SEC XBRL
SNDK,Sandisk,2024-09-27,FY2025-Q1,USD,1883000000.0,726000000.0,291000000.0,345000000.0,211000000.0,1.46,38.555,15.454,18.322,11.206,2024-06-29,Q,False,SEC XBRL
SNDK,Sandisk,2024-12-27,FY2025-Q2,USD,1876000000.0,606000000.0,195000000.0,231000000.0,104000000.0,0.72,32.303,10.394,12.313,5.544,2024-09-28,Q,False,SEC XBRL
SNDK,Sandisk,2025-03-28,FY2025-Q3,USD,1695000000.0,382000000.0,-1881000000.0,-1844000000.0,-1933000000.0,-13.33,22.537,-110.973,-108.791,-114.041,2024-12-28,Q,False,SEC XBRL
SNDK,Sandisk,2025-06-27,FY2025-Q4,USD,1901000000.0,498000000.0,18000000.0,54000000.0,-23000000.0,-0.1699999999999999,26.197,0.947,2.841,-1.21,2025-03-28,Q,True,SEC XBRL
SNDK,Sandisk,2025-10-03,FY2026-Q1,USD,2308000000.0,687000000.0,176000000.0,212000000.0,112000000.0,0.75,29.766,7.626,9.185,4.853,2025-06-28,Q,False,SEC XBRL
SNDK,Sandisk,2026-01-02,FY2026-Q2,USD,3025000000.0,1541000000.0,1065000000.0,1103000000.0,803000000.0,5.15,50.942,35.207,36.463,26.545,2025-10-04,Q,False,SEC XBRL
SNDK,Sandisk,2026-04-03,FY2026-Q3,USD,5950000000.0,4662000000.0,4111000000.0,4149000000.0,3615000000.0,23.03,78.353,69.092,69.731,60.756,2026-01-03,Q,False,SEC XBRL
SPRO,"Spero Therapeutics, Inc.",2020-09-30,FY2020-Q3,USD,3995000.0,,-19020000.0,-18829000.0,-18900000.0,,,-476.095,-471.314,-473.091,2020-07-01,Q,False,SEC XBRL
SPRO,"Spero Therapeutics, Inc.",2020-12-31,FY2020-Q4,USD,1907000.0,,-18796000.0,-18605000.0,-18600000.0,,,-985.632,-975.616,-975.354,2020-09-30,Q,True,SEC XBRL
SPRO,"Spero Therapeutics, Inc.",2021-03-31,FY2021-Q1,USD,7300000.0,,-19403000.0,-19244000.0,-19400000.0,,,-265.795,-263.616,-265.753,2021-01-01,Q,False,SEC XBRL
SPRO,"Spero Therapeutics, Inc.",2021-06-30,FY2021-Q2,USD,5148000.0,,-18542000.0,-18394000.0,-18600000.0,-0.63,,-360.179,-357.304,-361.305,2021-04-01,Q,False,SEC XBRL
SPRO,"Spero Therapeutics, Inc.",2021-09-30,FY2021-Q3,USD,3064000.0,,-22524000.0,-22376000.0,-22500000.0,-0.7,,-735.117,-730.287,-734.334,2021-07-01,Q,False,SEC XBRL
SPRO,"Spero Therapeutics, Inc.",2021-12-31,FY2021-Q4,USD,2744000.0,,-27502000.0,-27311000.0,-29300000.0,,,-1002.259,-995.299,-1067.784,2021-09-30,Q,True,SEC XBRL
SPRO,"Spero Therapeutics, Inc.",2022-03-31,FY2022-Q1,USD,2069000.0,,-30207000.0,-30018000.0,-32800000.0,-1.01,,-1459.981,-1450.846,-1585.307,2022-01-01,Q,False,SEC XBRL
SPRO,"Spero Therapeutics, Inc.",2022-06-30,FY2022-Q2,USD,1993000.0,,-26080000.0,-25786000.0,-28700000.0,-0.87,,-1308.58,-1293.828,-1440.04,2022-04-01,Q,False,SEC XBRL
SPRO,"Spero Therapeutics, Inc.",2022-09-30,FY2022-Q3,USD,2006000.0,,-11834000.0,-11577000.0,-11700000.0,-0.33,,-589.93,-577.119,-583.25,2022-07-01,Q,False,SEC XBRL
SPRO,"Spero Therapeutics, Inc.",2022-12-31,FY2022-Q4,USD,47441000.0,,25924000.0,26053000.0,26771000.0,0.98,,54.645,54.917,56.43,2022-09-30,Q,True,SEC XBRL
SPRO,"Spero Therapeutics, Inc.",2023-03-31,FY2023-Q1,USD,2069000.0,,-14227000.0,-14114000.0,-13300000.0,-0.25,,-687.627,-682.165,-642.823,2023-01-01,Q,False,SEC XBRL
SPRO,"Spero Therapeutics, Inc.",2023-06-30,FY2023-Q2,USD,2716000.0,,-12890000.0,-12782000.0,-11900000.0,-0.23,,-474.595,-470.619,-438.144,2023-04-01,Q,False,SEC XBRL
SPRO,"Spero Therapeutics, Inc.",2023-09-30,FY2023-Q3,USD,25473000.0,,-1934000.0,-1826000.0,-3200000.0,-0.06,,-7.592,-7.168,-12.562,2023-07-01,Q,False,SEC XBRL
SPRO,"Spero Therapeutics, Inc.",2023-12-31,FY2023-Q4,USD,73523000.0,,50532000.0,50570000.0,51206000.0,0.97,,68.73,68.781,69.646,2023-09-30,Q,True,SEC XBRL
SPRO,"Spero Therapeutics, Inc.",2024-03-31,FY2024-Q1,USD,9267000.0,,-13982000.0,-13982000.0,-12669000.0,-0.24,,-150.879,-150.879,-136.711,2024-01-01,Q,False,SEC XBRL
SPRO,"Spero Therapeutics, Inc.",2024-06-30,FY2024-Q2,USD,10197000.0,,-19061000.0,-19059000.0,-17862000.0,-0.33,,-186.928,-186.908,-175.169,2024-04-01,Q,False,SEC XBRL
SPRO,"Spero Therapeutics, Inc.",2024-09-30,FY2024-Q3,USD,13469000.0,,-18593000.0,-18593000.0,-17147000.0,-0.32,,-138.043,-138.043,-127.307,2024-07-01,Q,False,SEC XBRL
SPRO,"Spero Therapeutics, Inc.",2024-12-31,FY2024-Q4,USD,15044000.0,,-21725000.0,-21725000.0,-20888000.0,-0.3799999999999999,,-144.41,-144.41,-138.846,2024-09-30,Q,True,SEC XBRL
SPRO,"Spero Therapeutics, Inc.",2025-03-31,FY2025-Q1,USD,5874000.0,,-14731000.0,,-13866000.0,-0.25,,-250.783,,-236.057,2025-01-01,Q,False,SEC XBRL
SPRO,"Spero Therapeutics, Inc.",2025-06-30,FY2025-Q2,USD,14189000.0,,-2444000.0,,-1700000.0,-0.03,,-17.225,,-11.981,2025-04-01,Q,False,SEC XBRL
SPRO,"Spero Therapeutics, Inc.",2025-09-30,FY2025-Q3,USD,5442000.0,,-7916000.0,-7916000.0,-7382000.0,-0.13,,-145.461,-145.461,-135.649,2025-07-01,Q,False,SEC XBRL
SPRO,"Spero Therapeutics, Inc.",2025-12-31,FY2025-Q4,USD,41297000.0,,31405000.0,31405000.0,31520000.0,0.56,,76.047,76.047,76.325,2025-09-30,Q,True,SEC XBRL
SPRO,"Spero Therapeutics, Inc.",2026-03-31,FY2026-Q1,USD,258000.0,,-7538000.0,,-7203000.0,-0.13,,-2921.705,,-2791.86,2026-01-01,Q,False,SEC XBRL
STZ,Constellation Brands,2020-08-31,FY2021-Q2,USD,2260400000.0,1215800000.0,838700000.0,911700000.0,512100000.0,,53.787,37.104,40.334,22.655,2020-06-01,Q,False,SEC XBRL
STZ,Constellation Brands,2020-11-30,FY2021-Q3,USD,2438100000.0,1268200000.0,783100000.0,860900000.0,1280900000.0,,52.016,32.119,35.31,52.537,2020-09-01,Q,False,SEC XBRL
STZ,Constellation Brands,2021-02-28,FY2021-Q4,USD,1953000000.0,993700000.0,559300000.0,635200000.0,382900000.0,,50.881,28.638,32.524,19.606,2020-11-30,Q,True,SEC XBRL
STZ,Constellation Brands,2021-05-31,FY2022-Q1,USD,2026500000.0,1119300000.0,75100000.0,152300000.0,-908100000.0,,55.233,3.706,7.515,-44.811,2021-03-01,Q,False,SEC XBRL
STZ,Constellation Brands,2021-08-31,FY2022-Q2,USD,2371100000.0,1229700000.0,739200000.0,826600000.0,1500000.0,,51.862,31.175,34.861,0.063,2021-06-01,Q,False,SEC XBRL
STZ,Constellation Brands,2021-11-30,FY2022-Q3,USD,2320600000.0,1225700000.0,839900000.0,927700000.0,470800000.0,,52.818,36.193,39.977,20.288,2021-09-01,Q,False,SEC XBRL
STZ,Constellation Brands,2022-02-28,FY2022-Q4,USD,2102500000.0,1132600000.0,677500000.0,767500000.0,395400000.0,,53.869,32.224,36.504,18.806,2021-11-30,Q,True,SEC XBRL
STZ,Constellation Brands,2022-05-31,FY2023-Q1,USD,2363200000.0,1255000000.0,816400000.0,910100000.0,389500000.0,,53.106,34.546,38.511,16.482,2022-03-01,Q,False,SEC XBRL
STZ,Constellation Brands,2022-08-31,FY2023-Q2,USD,2655100000.0,1325900000.0,813100000.0,904800000.0,-1151200000.0,,49.938,30.624,34.078,-43.358,2022-06-01,Q,False,SEC XBRL
STZ,Constellation Brands,2022-11-30,FY2023-Q3,USD,2436500000.0,1226900000.0,746700000.0,842500000.0,467700000.0,,50.355,30.646,34.578,19.196,2022-09-01,Q,False,SEC XBRL
STZ,Constellation Brands,2023-02-28,FY2023-Q4,USD,1997800000.0,961200000.0,466700000.0,572500000.0,223000000.0,,48.113,23.361,28.657,11.162,2022-11-30,Q,True,SEC XBRL
STZ,Constellation Brands,2023-05-31,FY2024-Q1,USD,2514900000.0,1257800000.0,764700000.0,870400000.0,135900000.0,,50.014,30.407,34.61,5.404,2023-03-01,Q,False,SEC XBRL
STZ,Constellation Brands,2023-08-31,FY2024-Q2,USD,2836800000.0,1449900000.0,978700000.0,1087400000.0,690000000.0,,51.11,34.5,38.332,24.323,2023-06-01,Q,False,SEC XBRL
STZ,Constellation Brands,2023-11-30,FY2024-Q3,USD,2470900000.0,1270600000.0,796900000.0,905300000.0,509100000.0,,51.423,32.251,36.638,20.604,2023-09-01,Q,False,SEC XBRL
STZ,Constellation Brands,2024-02-29,FY2024-Q4,USD,2139200000.0,1039200000.0,629400000.0,735800000.0,392400000.0,,48.579,29.422,34.396,18.343,2023-11-30,Q,True,SEC XBRL
STZ,Constellation Brands,2024-05-31,FY2025-Q1,USD,2661800000.0,1403800000.0,941600000.0,1053500000.0,877000000.0,,52.739,35.375,39.578,32.948,2024-03-01,Q,False,SEC XBRL
STZ,Constellation Brands,2024-08-31,FY2025-Q2,USD,2918900000.0,1511800000.0,-1229400000.0,-1119800000.0,-1199000000.0,,51.793,-42.119,-38.364,-41.077,2024-06-01,Q,False,SEC XBRL
STZ,Constellation Brands,2024-11-30,FY2025-Q3,USD,2463800000.0,1284300000.0,793000000.0,912300000.0,615900000.0,,52.127,32.186,37.028,24.998,2024-09-01,Q,False,SEC XBRL
STZ,Constellation Brands,2025-02-28,FY2025-Q4,USD,2164200000.0,1114700000.0,-150300000.0,-44100000.0,-375300000.0,,51.506,-6.945,-2.038,-17.341,2024-11-30,Q,True,SEC XBRL
STZ,Constellation Brands,2025-05-31,FY2026-Q1,USD,2515000000.0,1266600000.0,713800000.0,819300000.0,516100000.0,,50.362,28.382,32.577,20.521,2025-03-01,Q,False,SEC XBRL
STZ,Constellation Brands,2025-08-31,FY2026-Q2,USD,2481000000.0,1310000000.0,874000000.0,977100000.0,466000000.0,,52.801,35.228,39.383,18.783,2025-06-01,Q,False,SEC XBRL
STZ,Constellation Brands,2025-11-30,FY2026-Q3,USD,2222800000.0,1183200000.0,692000000.0,791300000.0,502800000.0,,53.23,31.132,35.599,22.62,2025-09-01,Q,False,SEC XBRL
STZ,Constellation Brands,2026-02-28,FY2026-Q4,USD,1920200000.0,951700000.0,441600000.0,553700000.0,201800000.0,,49.563,22.998,28.836,10.509,2025-11-30,Q,True,SEC XBRL
STZ,Constellation Brands,2026-05-31,FY2027-Q1,USD,2432700000.0,1320600000.0,845300000.0,943200000.0,653800000.0,,54.285,34.747,38.772,26.875,2026-03-01,Q,False,SEC XBRL
SW,Smurfit Westrock,2022-12-31,FY2022,USD,13509000000.0,3272000000.0,1558000000.0,2122000000.0,1034000000.0,3.96,24.221,11.533,15.708,7.654,2022-01-01,FY,False,SEC XBRL
SW,Smurfit Westrock,2023-06-30,FY2023-Q2,USD,,,,,0.0,,,,,,2023-04-01,Q,False,SEC XBRL
SW,Smurfit Westrock,2023-09-30,FY2023-Q3,USD,2915000000.0,742000000.0,354000000.0,501000000.0,229000000.0,0.88,25.455,12.144,17.187,7.856,2023-07-01,Q,False,SEC XBRL
SW,Smurfit Westrock,2024-03-31,FY2024-Q1,USD,2930000000.0,710000000.0,307000000.0,455000000.0,191000000.0,0.73,24.232,10.478,15.529,6.519,2024-01-01,Q,False,SEC XBRL
SW,Smurfit Westrock,2024-06-30,FY2024-Q2,USD,2969000000.0,693000000.0,244000000.0,404000000.0,132000000.0,0.51,23.341,8.218,13.607,4.446,2024-04-01,Q,False,SEC XBRL
SW,Smurfit Westrock,2024-09-30,FY2024-Q3,USD,7671000000.0,1350000000.0,55000000.0,619000000.0,-150000000.0,-0.3,17.599,0.717,8.069,-1.955,2024-07-01,Q,False,SEC XBRL
SW,Smurfit Westrock,2024-12-31,FY2024-Q4,USD,7539000000.0,1442000000.0,401000000.0,993000000.0,146000000.0,-0.12,19.127,5.319,13.172,1.937,2024-09-30,Q,True,SEC XBRL
SW,Smurfit Westrock,2025-03-31,FY2025-Q1,USD,7656000000.0,1577000000.0,553000000.0,1156000000.0,384000000.0,0.73,20.598,7.223,15.099,5.016,2025-01-01,Q,False,SEC XBRL
SW,Smurfit Westrock,2025-06-30,FY2025-Q2,USD,7940000000.0,1515000000.0,251000000.0,864000000.0,-28000000.0,-0.05,19.081,3.161,10.882,-0.353,2025-04-01,Q,False,SEC XBRL
SW,Smurfit Westrock,2025-09-30,FY2025-Q3,USD,8003000000.0,1569000000.0,526000000.0,1185000000.0,246000000.0,0.47,19.605,6.573,14.807,3.074,2025-07-01,Q,False,SEC XBRL
SW,Smurfit Westrock,2025-12-31,FY2025-Q4,USD,7580000000.0,1382000000.0,389000000.0,1064000000.0,97000000.0,0.1800000000000001,18.232,5.132,14.037,1.28,2025-09-30,Q,True,SEC XBRL
SW,Smurfit Westrock,2026-03-31,FY2026-Q1,USD,7712000000.0,1268000000.0,253000000.0,981000000.0,65000000.0,0.12,16.442,3.281,12.72,0.843,2026-01-01,Q,False,SEC XBRL
SW,Smurfit Westrock,2026-06-30,FY2026-Q2,USD,8031000000.0,1399000000.0,309000000.0,987000000.0,89000000.0,0.17,17.42,3.848,12.29,1.108,2026-04-01,Q,False,SEC XBRL
T,AT&T,2020-09-30,FY2020-Q3,USD,42340000000.0,,6132000000.0,13162000000.0,2816000000.0,0.39,,14.483,31.086,6.651,2020-07-01,Q,False,SEC XBRL
T,AT&T,2020-12-31,FY2020-Q4,USD,16981000000.0,,-8778000000.0,-7792000000.0,-13883000000.0,-1.94,,-51.693,-45.887,-81.756,2020-09-30,Q,True,SEC XBRL
T,AT&T,2021-03-31,FY2021-Q1,USD,35877000000.0,,7194000000.0,13003000000.0,7550000000.0,1.02,,20.052,36.243,21.044,2021-01-01,Q,False,SEC XBRL
T,AT&T,2021-06-30,FY2021-Q2,USD,35740000000.0,,7572000000.0,10658000000.0,1570000000.0,0.22,,21.186,29.821,4.393,2021-04-01,Q,False,SEC XBRL
T,AT&T,2021-09-30,FY2021-Q3,USD,31326000000.0,,6237000000.0,10694000000.0,5918000000.0,0.8,,19.91,34.138,18.892,2021-07-01,Q,False,SEC XBRL
T,AT&T,2021-12-31,FY2021-Q4,USD,31095000000.0,,4894000000.0,9394000000.0,5043000000.0,0.66,,15.739,30.211,16.218,2021-10-01,Q,True,SEC XBRL
T,AT&T,2022-03-31,FY2022-Q1,USD,29712000000.0,,5537000000.0,9999000000.0,4810000000.0,0.65,,18.636,33.653,16.189,2022-01-01,Q,False,SEC XBRL
T,AT&T,2022-06-30,FY2022-Q2,USD,29643000000.0,,4956000000.0,9406000000.0,4157000000.0,0.56,,16.719,31.731,14.024,2022-04-01,Q,False,SEC XBRL
T,AT&T,2022-09-30,FY2022-Q3,USD,30043000000.0,,6012000000.0,10526000000.0,6026000000.0,0.8,,20.011,35.036,20.058,2022-07-01,Q,False,SEC XBRL
T,AT&T,2022-12-31,FY2022-Q4,USD,31343000000.0,,-21092000000.0,-16497000000.0,-23517000000.0,-3.2,,-67.294,-52.634,-75.031,2022-10-01,Q,True,SEC XBRL
T,AT&T,2023-03-31,FY2023-Q1,USD,30139000000.0,,6002000000.0,10633000000.0,4228000000.0,0.57,,19.914,35.28,14.028,2023-01-01,Q,False,SEC XBRL
T,AT&T,2023-06-30,FY2023-Q2,USD,29917000000.0,,6406000000.0,11081000000.0,4489000000.0,0.61,,21.413,37.039,15.005,2023-04-01,Q,False,SEC XBRL
T,AT&T,2023-09-30,FY2023-Q3,USD,30350000000.0,,5782000000.0,10487000000.0,3495000000.0,0.48,,19.051,34.554,11.516,2023-07-01,Q,False,SEC XBRL
T,AT&T,2023-12-31,FY2023-Q4,USD,32022000000.0,,5271000000.0,10037000000.0,2188000000.0,0.3,,16.461,31.344,6.833,2023-10-01,Q,True,SEC XBRL
T,AT&T,2024-03-31,FY2024-Q1,USD,30028000000.0,,5847000000.0,10894000000.0,3445000000.0,0.47,,19.472,36.279,11.473,2024-01-01,Q,False,SEC XBRL
T,AT&T,2024-06-30,FY2024-Q2,USD,29797000000.0,,5760000000.0,10832000000.0,3597000000.0,0.49,,19.331,36.353,12.072,2024-04-01,Q,False,SEC XBRL
T,AT&T,2024-09-30,FY2024-Q3,USD,30213000000.0,,2116000000.0,7203000000.0,-174000000.0,-0.03,,7.004,23.841,-0.576,2024-07-01,Q,False,SEC XBRL
T,AT&T,2024-12-31,FY2024-Q4,USD,32298000000.0,,5326000000.0,10700000000.0,4080000000.0,0.56,,16.49,33.129,12.632,2024-09-30,Q,True,SEC XBRL
T,AT&T,2025-03-31,FY2025-Q1,USD,30626000000.0,,5754000000.0,10944000000.0,4351000000.0,0.61,,18.788,35.734,14.207,2025-01-01,Q,False,SEC XBRL
T,AT&T,2025-06-30,FY2025-Q2,USD,30847000000.0,,6501000000.0,11752000000.0,4500000000.0,0.62,,21.075,38.098,14.588,2025-04-01,Q,False,SEC XBRL
T,AT&T,2025-09-30,FY2025-Q3,USD,30709000000.0,,6119000000.0,11436000000.0,9314000000.0,1.29,,19.926,37.24,30.33,2025-07-01,Q,False,SEC XBRL
T,AT&T,2025-12-31,FY2025-Q4,USD,33466000000.0,,5788000000.0,10916000000.0,3788000000.0,0.52,,17.295,32.618,11.319,2025-09-30,Q,True,SEC XBRL
T,AT&T,2026-03-31,FY2026-Q1,USD,31506000000.0,,6658000000.0,11624000000.0,3829000000.0,0.54,,21.132,36.895,12.153,2026-01-01,Q,False,SEC XBRL
T,AT&T,2026-06-30,FY2026-Q2,USD,31558000000.0,,7038000000.0,12004000000.0,4627000000.0,0.66,,22.302,38.038,14.662,2026-04-01,Q,False,SEC XBRL
TAP,Molson Coors Beverage Company,2020-09-30,FY2020-Q3,USD,2753500000.0,1202500000.0,508300000.0,729000000.0,342800000.0,1.58,43.672,18.46,26.475,12.45,2020-07-01,Q,False,SEC XBRL
TAP,Molson Coors Beverage Company,2020-12-31,FY2020-Q4,USD,1810800000.0,895200000.0,-1282700000.0,-1075600000.0,-1369800000.0,-6.32,49.437,-70.836,-59.399,-75.646,2020-09-30,Q,True,SEC XBRL
TAP,Molson Coors Beverage Company,2021-03-31,FY2021-Q1,USD,1898400000.0,731000000.0,177200000.0,379500000.0,84100000.0,0.39,38.506,9.334,19.991,4.43,2021-01-01,Q,False,SEC XBRL
TAP,Molson Coors Beverage Company,2021-06-30,FY2021-Q2,USD,2939400000.0,1271500000.0,580800000.0,782400000.0,388600000.0,1.79,43.257,19.759,26.618,13.22,2021-04-01,Q,False,SEC XBRL
TAP,Molson Coors Beverage Company,2021-09-30,FY2021-Q3,USD,2822700000.0,1193600000.0,531400000.0,731700000.0,453000000.0,2.08,42.286,18.826,25.922,16.048,2021-07-01,Q,False,SEC XBRL
TAP,Molson Coors Beverage Company,2021-12-31,FY2021-Q4,USD,2619200000.0,857300000.0,165000000.0,346900000.0,80000000.0,0.3600000000000003,32.731,6.3,13.245,3.054,2021-09-30,Q,True,SEC XBRL
TAP,Molson Coors Beverage Company,2022-03-31,FY2022-Q1,USD,2214600000.0,927800000.0,224400000.0,398100000.0,151500000.0,0.7,41.895,10.133,17.976,6.841,2022-01-01,Q,False,SEC XBRL
TAP,Molson Coors Beverage Company,2022-06-30,FY2022-Q2,USD,2921700000.0,820000000.0,114500000.0,286200000.0,47300000.0,0.22,28.066,3.919,9.796,1.619,2022-04-01,Q,False,SEC XBRL
TAP,Molson Coors Beverage Company,2022-09-30,FY2022-Q3,USD,2935200000.0,983700000.0,330100000.0,500300000.0,216400000.0,0.99,33.514,11.246,17.045,7.373,2022-07-01,Q,False,SEC XBRL
TAP,Molson Coors Beverage Company,2022-12-31,FY2022-Q4,USD,2629500000.0,923700000.0,-511500000.0,-342300000.0,-590500000.0,-2.72,35.128,-19.452,-13.018,-22.457,2022-09-30,Q,True,SEC XBRL
TAP,Molson Coors Beverage Company,2023-03-31,FY2023-Q1,USD,2346300000.0,770700000.0,158200000.0,329700000.0,72500000.0,0.33,32.847,6.743,14.052,3.09,2023-01-01,Q,False,SEC XBRL
TAP,Molson Coors Beverage Company,2023-06-30,FY2023-Q2,USD,3266600000.0,1218900000.0,488500000.0,656900000.0,342400000.0,1.57,37.314,14.954,20.11,10.482,2023-04-01,Q,False,SEC XBRL
TAP,Molson Coors Beverage Company,2023-09-30,FY2023-Q3,USD,3298400000.0,1346200000.0,592200000.0,760900000.0,430700000.0,1.98,40.814,17.954,23.069,13.058,2023-07-01,Q,False,SEC XBRL
TAP,Molson Coors Beverage Company,2023-12-31,FY2023-Q4,USD,2790800000.0,1033000000.0,199300000.0,373500000.0,103300000.0,0.4900000000000002,37.014,7.141,13.383,3.701,2023-09-30,Q,True,SEC XBRL
TAP,Molson Coors Beverage Company,2024-03-31,FY2024-Q1,USD,2596400000.0,963500000.0,314300000.0,483300000.0,207800000.0,0.97,37.109,12.105,18.614,8.003,2024-01-01,Q,False,SEC XBRL
TAP,Molson Coors Beverage Company,2024-06-30,FY2024-Q2,USD,3252300000.0,1329900000.0,599600000.0,767300000.0,427000000.0,2.03,40.891,18.436,23.593,13.129,2024-04-01,Q,False,SEC XBRL
TAP,Molson Coors Beverage Company,2024-09-30,FY2024-Q3,USD,3042700000.0,1202500000.0,451200000.0,626600000.0,199800000.0,0.96,39.521,14.829,20.594,6.567,2024-07-01,Q,False,SEC XBRL
TAP,Molson Coors Beverage Company,2024-12-31,FY2024-Q4,USD,2735600000.0,1037500000.0,388100000.0,635400000.0,287800000.0,1.3899999999999997,37.926,14.187,23.227,10.521,2024-09-30,Q,True,SEC XBRL
TAP,Molson Coors Beverage Company,2025-03-31,FY2025-Q1,USD,2304100000.0,850900000.0,186300000.0,366600000.0,121000000.0,0.59,36.93,8.086,15.911,5.252,2025-01-01,Q,False,SEC XBRL
TAP,Molson Coors Beverage Company,2025-06-30,FY2025-Q2,USD,3200800000.0,1281900000.0,583600000.0,753700000.0,428700000.0,2.13,40.049,18.233,23.547,13.394,2025-04-01,Q,False,SEC XBRL
TAP,Molson Coors Beverage Company,2025-09-30,FY2025-Q3,USD,2973500000.0,1173500000.0,-3431100000.0,-3251300000.0,-2927600000.0,-14.79,39.465,-115.389,-109.343,-98.456,2025-07-01,Q,False,SEC XBRL
TAP,Molson Coors Beverage Company,2025-12-31,FY2025-Q4,USD,2662400000.0,968300000.0,324300000.0,505400000.0,238300000.0,1.3200000000000005,36.369,12.181,18.983,8.951,2025-09-30,Q,True,SEC XBRL
TAP,Molson Coors Beverage Company,2026-03-31,FY2026-Q1,USD,2351100000.0,897200000.0,287200000.0,476700000.0,151300000.0,0.8,38.161,12.216,20.276,6.435,2025-12-30,Q,False,yfinance (SEC pending)
TBCH,Turtle Beach Corporation,2020-09-30,FY2020-Q3,USD,112494000.0,46136000.0,24220000.0,25461000.0,17794000.0,1.04,41.012,21.53,22.633,15.818,2020-07-01,Q,False,SEC XBRL
TBCH,Turtle Beach Corporation,2020-12-31,FY2020-Q4,USD,132912000.0,47640000.0,20003000.0,21060000.0,16303000.0,0.93,35.843,15.05,15.845,12.266,2020-10-01,Q,True,SEC XBRL
TBCH,Turtle Beach Corporation,2021-03-31,FY2021-Q1,USD,93053000.0,34855000.0,12280000.0,13019000.0,8838000.0,0.49,37.457,13.197,13.991,9.498,2021-01-01,Q,False,SEC XBRL
TBCH,Turtle Beach Corporation,2021-06-30,FY2021-Q2,USD,78564000.0,28710000.0,443000.0,1551000.0,1721000.0,0.09,36.543,0.564,1.974,2.191,2021-04-01,Q,False,SEC XBRL
TBCH,Turtle Beach Corporation,2021-09-30,FY2021-Q3,USD,85307000.0,29273000.0,1490000.0,2562000.0,2623000.0,0.14,34.315,1.747,3.003,3.075,2021-07-01,Q,False,SEC XBRL
TBCH,Turtle Beach Corporation,2021-12-31,FY2021-Q4,USD,109430000.0,35545000.0,6218000.0,7351000.0,4539000.0,0.25,32.482,5.682,6.718,4.148,2021-10-01,Q,True,SEC XBRL
TBCH,Turtle Beach Corporation,2022-03-31,FY2022-Q1,USD,46662000.0,14029000.0,-8287000.0,-7095000.0,-6476000.0,-0.4,30.065,-17.76,-15.205,-13.879,2022-01-01,Q,False,SEC XBRL
TBCH,Turtle Beach Corporation,2022-06-30,FY2022-Q2,USD,41300000.0,7882000.0,-21373000.0,-20107000.0,-17826000.0,-1.08,19.085,-51.751,-48.685,-43.162,2022-04-01,Q,False,SEC XBRL
TBCH,Turtle Beach Corporation,2022-09-30,FY2022-Q3,USD,51304000.0,7258000.0,-13698000.0,-12623000.0,-12011000.0,-0.73,14.147,-26.7,-24.604,-23.411,2022-07-01,Q,False,SEC XBRL
TBCH,Turtle Beach Corporation,2022-12-31,FY2022-Q4,USD,100900000.0,20018000.0,-8122000.0,-7077000.0,-23233000.0,-1.4,19.839,-8.05,-7.014,-23.026,2022-10-01,Q,True,SEC XBRL
TBCH,Turtle Beach Corporation,2023-03-31,FY2023-Q1,USD,51444000.0,14139000.0,-6492000.0,-5514000.0,-6705000.0,-0.4,27.484,-12.62,-10.718,-13.034,2023-01-01,Q,False,SEC XBRL
TBCH,Turtle Beach Corporation,2023-06-30,FY2023-Q2,USD,47982000.0,11872000.0,-15793000.0,-14823000.0,-15920000.0,-0.93,24.743,-32.914,-30.893,-33.179,2023-04-01,Q,False,SEC XBRL
TBCH,Turtle Beach Corporation,2023-09-30,FY2023-Q3,USD,59158000.0,17689000.0,-2517000.0,-1553000.0,-3606000.0,-0.21,29.901,-4.255,-2.625,-6.096,2023-07-01,Q,False,SEC XBRL
TBCH,Turtle Beach Corporation,2023-12-31,FY2023-Q4,USD,99538000.0,31804000.0,8359000.0,9277000.0,8552000.0,0.47,31.952,8.398,9.32,8.592,2023-10-01,Q,True,SEC XBRL
TBCH,Turtle Beach Corporation,2024-03-31,FY2024-Q1,USD,55848000.0,17786000.0,-5713000.0,-4797000.0,155000.0,0.01,31.847,-10.23,-8.589,0.278,2024-01-01,Q,False,SEC XBRL
TBCH,Turtle Beach Corporation,2024-06-30,FY2024-Q2,USD,76478000.0,23076000.0,-4111000.0,-2943000.0,-7524000.0,-0.35,30.173,-5.375,-3.848,-9.838,2024-04-01,Q,False,SEC XBRL
TBCH,Turtle Beach Corporation,2024-09-30,FY2024-Q3,USD,94363000.0,34131000.0,6423000.0,7623000.0,3413000.0,0.16,36.17,6.807,8.078,3.617,2024-07-01,Q,False,SEC XBRL
TBCH,Turtle Beach Corporation,2024-12-31,FY2024-Q4,USD,146077000.0,53989000.0,23430000.0,24576000.0,20139000.0,0.96,36.959,16.039,16.824,13.787,2024-09-30,Q,True,SEC XBRL
TBCH,Turtle Beach Corporation,2025-03-31,FY2025-Q1,USD,63901000.0,23367000.0,1536000.0,2646000.0,-664000.0,-0.03,36.568,2.404,4.141,-1.039,2025-01-01,Q,False,SEC XBRL
TBCH,Turtle Beach Corporation,2025-06-30,FY2025-Q2,USD,80457000.0,18262000.0,-329000.0,752000.0,-2931000.0,-0.14,22.698,-0.409,0.935,-3.643,2025-04-01,Q,False,SEC XBRL
TBCH,Turtle Beach Corporation,2025-09-30,FY2025-Q3,USD,80457000.0,30058000.0,5367000.0,6467000.0,1717000.0,0.08,37.359,6.671,8.038,2.134,2025-07-01,Q,False,SEC XBRL
TBCH,Turtle Beach Corporation,2025-12-31,FY2025-Q4,USD,95099000.0,47596000.0,20944000.0,22058000.0,17609000.0,0.86,50.049,22.023,23.195,18.516,2025-09-30,Q,True,SEC XBRL
TBCH,Turtle Beach Corporation,2026-03-31,FY2026-Q1,USD,42172000.0,11294000.0,-14061000.0,-13169000.0,-15206000.0,-0.78,26.781,-33.342,-31.227,-36.057,2026-01-01,Q,False,SEC XBRL
TCBS,"Texas Community Bancshares, Inc.",2020-09-30,FY2020-Q3,USD,2496000.0,,,,208000.0,,,,,8.333,2020-07-01,Q,False,SEC XBRL
TCBS,"Texas Community Bancshares, Inc.",2020-12-31,FY2020-Q4,USD,2484696.0,,,,-31861.0,,,,,-1.282,2020-09-30,Q,True,SEC XBRL
TCBS,"Texas Community Bancshares, Inc.",2021-03-31,FY2021-Q1,USD,2422000.0,,,,242000.0,,,,,9.992,2021-01-01,Q,False,SEC XBRL
TCBS,"Texas Community Bancshares, Inc.",2021-06-30,FY2021-Q2,USD,2495000.0,,,,188000.0,,,,,7.535,2021-04-01,Q,False,SEC XBRL
TCBS,"Texas Community Bancshares, Inc.",2021-09-30,FY2021-Q3,USD,2549000.0,,,,-198000.0,-0.07,,,,-7.768,2021-07-01,Q,False,SEC XBRL
TCBS,"Texas Community Bancshares, Inc.",2021-12-31,FY2021-Q4,USD,2669000.0,,,,286000.0,,,,,10.716,2021-09-30,Q,True,SEC XBRL
TCBS,"Texas Community Bancshares, Inc.",2022-03-31,FY2022-Q1,USD,2762000.0,,,,391000.0,0.13,,,,14.156,2022-01-01,Q,False,SEC XBRL
TCBS,"Texas Community Bancshares, Inc.",2022-06-30,FY2022-Q2,USD,2935000.0,,,,416000.0,0.14,,,,14.174,2022-04-01,Q,False,SEC XBRL
TCBS,"Texas Community Bancshares, Inc.",2022-09-30,FY2022-Q3,USD,3249000.0,,,,539000.0,0.18,,,,16.59,2022-07-01,Q,False,SEC XBRL
TCBS,"Texas Community Bancshares, Inc.",2022-12-31,FY2022-Q4,USD,3205000.0,,,,408000.0,0.1299999999999999,,,,12.73,2022-09-30,Q,True,SEC XBRL
TCBS,"Texas Community Bancshares, Inc.",2023-03-31,FY2023-Q1,USD,1425000.0,,,,-1017000.0,-0.33,,,,-71.368,2023-01-01,Q,False,SEC XBRL
TCBS,"Texas Community Bancshares, Inc.",2023-06-30,FY2023-Q2,USD,3163000.0,,,,160000.0,0.05,,,,5.058,2023-04-01,Q,False,SEC XBRL
TCBS,"Texas Community Bancshares, Inc.",2023-09-30,FY2023-Q3,USD,3436000.0,,,,456000.0,0.15,,,,13.271,2023-07-01,Q,False,SEC XBRL
TCBS,"Texas Community Bancshares, Inc.",2023-12-31,FY2023-Q4,USD,3392000.0,,,,-332000.0,-0.1099999999999999,,,,-9.788,2023-09-30,Q,True,SEC XBRL
TCBS,"Texas Community Bancshares, Inc.",2024-03-31,FY2024-Q1,USD,,,,,-2685000.0,-0.89,,,,,2024-01-01,Q,False,SEC XBRL
TCBS,"Texas Community Bancshares, Inc.",2024-06-30,FY2024-Q2,USD,3576000.0,,,,348000.0,0.12,,,,9.732,2024-04-01,Q,False,SEC XBRL
TCBS,"Texas Community Bancshares, Inc.",2024-09-30,FY2024-Q3,USD,3743000.0,,,,515000.0,0.17,,,,13.759,2024-07-01,Q,False,SEC XBRL
TCBS,"Texas Community Bancshares, Inc.",2024-12-31,FY2024-Q4,USD,3927000.0,,,,517000.0,0.1599999999999999,,,,13.165,2024-09-30,Q,True,SEC XBRL
TCBS,"Texas Community Bancshares, Inc.",2025-03-31,FY2025-Q1,USD,3790000.0,,,,643000.0,0.22,,,,16.966,2025-01-01,Q,False,SEC XBRL
TCBS,"Texas Community Bancshares, Inc.",2025-06-30,FY2025-Q2,USD,3753000.0,,,,678000.0,0.23,,,,18.066,2025-04-01,Q,False,SEC XBRL
TCBS,"Texas Community Bancshares, Inc.",2025-09-30,FY2025-Q3,USD,4404000.0,,,,680000.0,0.24,,,,15.441,2025-07-01,Q,False,SEC XBRL
TCBS,"Texas Community Bancshares, Inc.",2025-12-31,FY2025-Q4,USD,4446000.0,,,,841000.0,0.31,,,,18.916,2025-09-30,Q,True,SEC XBRL
TCBS,"Texas Community Bancshares, Inc.",2026-03-31,FY2026-Q1,USD,4129000.0,,,,836000.0,0.31,,,,20.247,2026-01-01,Q,False,SEC XBRL
TPL,Texas Pacific Land Corporation,2020-09-30,FY2020-Q3,USD,74383000.0,,56748000.0,60508000.0,46275000.0,5.97,,76.292,81.347,62.212,2020-07-01,Q,False,SEC XBRL
TPL,Texas Pacific Land Corporation,2020-12-31,FY2020-Q4,USD,74304000.0,,55231000.0,58853000.0,44791000.0,,,74.331,79.206,60.281,2020-10-01,Q,True,SEC XBRL
TPL,Texas Pacific Land Corporation,2021-03-31,FY2021-Q1,USD,84155000.0,,62022000.0,65860000.0,50052000.0,6.45,,73.7,78.26,59.476,2021-01-01,Q,False,SEC XBRL
TPL,Texas Pacific Land Corporation,2021-06-30,FY2021-Q2,USD,95932000.0,,71270000.0,75128000.0,57046000.0,7.36,,74.292,78.314,59.465,2021-04-01,Q,False,SEC XBRL
TPL,Texas Pacific Land Corporation,2021-09-30,FY2021-Q3,USD,123693000.0,,103240000.0,107106000.0,83837000.0,10.82,,83.465,86.59,67.778,2021-07-01,Q,False,SEC XBRL
TPL,Texas Pacific Land Corporation,2021-12-31,FY2021-Q4,USD,147178000.0,,125861000.0,130556000.0,79045000.0,10.199999999999996,,85.516,88.706,53.707,2021-09-30,Q,True,SEC XBRL
TPL,Texas Pacific Land Corporation,2022-03-31,FY2022-Q1,USD,147335000.0,,124313000.0,128439000.0,97900000.0,12.64,,84.374,87.175,66.447,2022-01-01,Q,False,SEC XBRL
TPL,Texas Pacific Land Corporation,2022-06-30,FY2022-Q2,USD,176270000.0,,151708000.0,155888000.0,118894000.0,15.37,,86.066,88.437,67.45,2022-04-01,Q,False,SEC XBRL
TPL,Texas Pacific Land Corporation,2022-09-30,FY2022-Q3,USD,191111000.0,,162055000.0,165972000.0,129837000.0,16.82,,84.796,86.846,67.938,2022-07-01,Q,False,SEC XBRL
TPL,Texas Pacific Land Corporation,2022-12-31,FY2022-Q4,USD,152706000.0,,124231000.0,127384000.0,99731000.0,-25.57,,81.353,83.418,65.309,2022-09-30,Q,True,SEC XBRL
TPL,Texas Pacific Land Corporation,2023-03-31,FY2023-Q1,USD,146362000.0,,104952000.0,108356000.0,86568000.0,3.75,,71.707,74.033,59.146,2023-01-01,Q,False,SEC XBRL
TPL,Texas Pacific Land Corporation,2023-06-30,FY2023-Q2,USD,160609000.0,,120280000.0,124173000.0,100393000.0,4.35,,74.89,77.314,62.508,2023-04-01,Q,False,SEC XBRL
TPL,Texas Pacific Land Corporation,2023-09-30,FY2023-Q3,USD,157967000.0,,126958000.0,130542000.0,105574000.0,4.58,,80.37,82.639,66.833,2023-07-01,Q,False,SEC XBRL
TPL,Texas Pacific Land Corporation,2023-12-31,FY2023-Q4,USD,166657000.0,,133863000.0,137739000.0,113110000.0,-6.819999999999999,,80.322,82.648,67.87,2023-09-30,Q,True,SEC XBRL
TPL,Texas Pacific Land Corporation,2024-03-31,FY2024-Q1,USD,174142000.0,,136041000.0,139881000.0,114417000.0,4.97,,78.121,80.326,65.703,2024-01-01,Q,False,SEC XBRL
TPL,Texas Pacific Land Corporation,2024-06-30,FY2024-Q2,USD,172334000.0,,133222000.0,137315000.0,114589000.0,4.98,,77.305,79.68,66.492,2024-04-01,Q,False,SEC XBRL
TPL,Texas Pacific Land Corporation,2024-09-30,FY2024-Q3,USD,173563000.0,,127331000.0,133093000.0,106594000.0,4.63,,73.363,76.683,61.415,2024-07-01,Q,False,SEC XBRL
TPL,Texas Pacific Land Corporation,2024-12-31,FY2024-Q4,USD,185784000.0,,142544000.0,154011000.0,118360000.0,-8.009999999999998,,76.726,82.898,63.708,2024-09-30,Q,True,SEC XBRL
TPL,Texas Pacific Land Corporation,2025-03-31,FY2025-Q1,USD,195983000.0,,150073000.0,162014000.0,120652000.0,1.75,,76.574,82.667,61.562,2025-01-01,Q,False,SEC XBRL
TPL,Texas Pacific Land Corporation,2025-06-30,FY2025-Q2,USD,187543000.0,,143751000.0,157450000.0,116140000.0,5.05,,76.65,83.954,61.927,2025-04-01,Q,False,SEC XBRL
TPL,Texas Pacific Land Corporation,2025-09-30,FY2025-Q3,USD,203085000.0,,149091000.0,164054000.0,121238000.0,5.27,,73.413,80.781,59.698,2025-07-01,Q,False,SEC XBRL
TPL,Texas Pacific Land Corporation,2025-12-31,FY2025-Q4,USD,211579000.0,,149246000.0,171176000.0,123346000.0,-5.1000000000000005,,70.539,80.904,58.298,2025-09-30,Q,True,SEC XBRL
TPL,Texas Pacific Land Corporation,2026-03-31,FY2026-Q1,USD,236818000.0,,182328000.0,196371000.0,142902000.0,2.07,,76.991,82.921,60.343,2026-01-01,Q,False,SEC XBRL
TSLA,"Tesla, Inc.",2020-09-30,FY2020-Q3,USD,8771000000.0,2063000000.0,809000000.0,,331000000.0,0.27,23.521,9.224,,3.774,2020-07-01,Q,False,SEC XBRL
TSLA,"Tesla, Inc.",2020-12-31,FY2020-Q4,USD,10744000000.0,2066000000.0,575000000.0,,270000000.0,0.24,19.229,5.352,,2.513,2020-10-01,Q,True,SEC XBRL
TSLA,"Tesla, Inc.",2021-03-31,FY2021-Q1,USD,10389000000.0,2215000000.0,594000000.0,,438000000.0,0.39,21.321,5.718,,4.216,2021-01-01,Q,False,SEC XBRL
TSLA,"Tesla, Inc.",2021-06-30,FY2021-Q2,USD,11958000000.0,2884000000.0,1312000000.0,,1142000000.0,1.02,24.118,10.972,,9.55,2021-04-01,Q,False,SEC XBRL
TSLA,"Tesla, Inc.",2021-09-30,FY2021-Q3,USD,13757000000.0,3660000000.0,2004000000.0,,1618000000.0,0.48,26.605,14.567,,11.761,2021-07-01,Q,False,SEC XBRL
TSLA,"Tesla, Inc.",2021-12-31,FY2021-Q4,USD,17719000000.0,4847000000.0,2613000000.0,,2321000000.0,-0.2600000000000002,27.355,14.747,,13.099,2021-09-30,Q,True,SEC XBRL
TSLA,"Tesla, Inc.",2022-03-31,FY2022-Q1,USD,18756000000.0,5460000000.0,3603000000.0,,3318000000.0,0.95,29.111,19.21,,17.69,2022-01-01,Q,False,SEC XBRL
TSLA,"Tesla, Inc.",2022-06-30,FY2022-Q2,USD,16934000000.0,4234000000.0,2464000000.0,,2259000000.0,0.65,25.003,14.551,,13.34,2022-04-01,Q,False,SEC XBRL
TSLA,"Tesla, Inc.",2022-09-30,FY2022-Q3,USD,21454000000.0,5382000000.0,3688000000.0,,3292000000.0,0.95,25.086,17.19,,15.344,2022-07-01,Q,False,SEC XBRL
TSLA,"Tesla, Inc.",2022-12-31,FY2022-Q4,USD,24318000000.0,5777000000.0,3901000000.0,,3687000000.0,1.0700000000000005,23.756,16.042,,15.162,2022-09-30,Q,True,SEC XBRL
TSLA,"Tesla, Inc.",2023-03-31,FY2023-Q1,USD,23329000000.0,4511000000.0,2664000000.0,,2513000000.0,0.73,19.336,11.419,,10.772,2023-01-01,Q,False,SEC XBRL
TSLA,"Tesla, Inc.",2023-06-30,FY2023-Q2,USD,24927000000.0,4533000000.0,2399000000.0,,2703000000.0,0.78,18.185,9.624,,10.844,2023-04-01,Q,False,SEC XBRL
TSLA,"Tesla, Inc.",2023-09-30,FY2023-Q3,USD,23350000000.0,4178000000.0,1764000000.0,,1853000000.0,0.53,17.893,7.555,,7.936,2023-07-01,Q,False,SEC XBRL
TSLA,"Tesla, Inc.",2023-12-31,FY2023-Q4,USD,25167000000.0,4438000000.0,2064000000.0,,7928000000.0,2.26,17.634,8.201,,31.502,2023-09-30,Q,True,SEC XBRL
TSLA,"Tesla, Inc.",2024-03-31,FY2024-Q1,USD,21301000000.0,3696000000.0,1171000000.0,,1390000000.0,0.41,17.351,5.497,,6.526,2024-01-01,Q,False,SEC XBRL
TSLA,"Tesla, Inc.",2024-06-30,FY2024-Q2,USD,25500000000.0,4578000000.0,1605000000.0,,1400000000.0,0.4,17.953,6.294,,5.49,2024-04-01,Q,False,SEC XBRL
TSLA,"Tesla, Inc.",2024-09-30,FY2024-Q3,USD,25182000000.0,4997000000.0,2717000000.0,,2173000000.0,0.62,19.844,10.789,,8.629,2024-07-01,Q,False,SEC XBRL
TSLA,"Tesla, Inc.",2024-12-31,FY2024-Q4,USD,25707000000.0,4179000000.0,1583000000.0,,2128000000.0,0.6099999999999999,16.256,6.158,,8.278,2024-09-30,Q,True,SEC XBRL
TSLA,"Tesla, Inc.",2025-03-31,FY2025-Q1,USD,19335000000.0,3153000000.0,399000000.0,,409000000.0,0.12,16.307,2.064,,2.115,2025-01-01,Q,False,SEC XBRL
TSLA,"Tesla, Inc.",2025-06-30,FY2025-Q2,USD,22496000000.0,3878000000.0,923000000.0,,1172000000.0,0.33,17.239,4.103,,5.21,2025-04-01,Q,False,SEC XBRL
TSLA,"Tesla, Inc.",2025-09-30,FY2025-Q3,USD,28095000000.0,5054000000.0,1624000000.0,,1373000000.0,0.39,17.989,5.78,,4.887,2025-07-01,Q,False,SEC XBRL
TSLA,"Tesla, Inc.",2025-12-31,FY2025-Q4,USD,24901000000.0,5009000000.0,1409000000.0,,840000000.0,0.24,20.116,5.658,,3.373,2025-09-30,Q,True,SEC XBRL
TSLA,"Tesla, Inc.",2026-03-31,FY2026-Q1,USD,22387000000.0,4720000000.0,941000000.0,,477000000.0,0.13,21.084,4.203,,2.131,2026-01-01,Q,False,SEC XBRL
TSLA,"Tesla, Inc.",2026-06-30,FY2026-Q2,USD,28236000000.0,4751000000.0,398000000.0,,1114000000.0,0.32,16.826,1.41,,3.945,2026-04-01,Q,False,SEC XBRL
TTWO,Take-Two Interactive,2020-09-30,FY2021-Q2,USD,841142000.0,408637000.0,115367000.0,129058000.0,99321000.0,0.86,48.581,13.716,15.343,11.808,2020-07-01,Q,False,SEC XBRL
TTWO,Take-Two Interactive,2020-12-31,FY2021-Q3,USD,860889000.0,514645000.0,176057000.0,190064000.0,182248000.0,1.57,59.781,20.451,22.078,21.17,2020-10-01,Q,False,SEC XBRL
TTWO,Take-Two Interactive,2021-03-31,FY2021-Q4,USD,839459000.0,559797000.0,255833000.0,271317000.0,218826000.0,1.89,66.685,30.476,32.32,26.068,2020-12-31,Q,True,SEC XBRL
TTWO,Take-Two Interactive,2021-06-30,FY2022-Q1,USD,813300000.0,483600000.0,170500000.0,183000000.0,152300000.0,1.3,59.461,20.964,22.501,18.726,2021-04-01,Q,False,SEC XBRL
TTWO,Take-Two Interactive,2021-09-30,FY2022-Q2,USD,858200000.0,401500000.0,20100000.0,36200000.0,10200000.0,0.09,46.784,2.342,4.218,1.189,2021-07-01,Q,False,SEC XBRL
TTWO,Take-Two Interactive,2021-12-31,FY2022-Q3,USD,903300000.0,552900000.0,154100000.0,170100000.0,144600000.0,1.24,61.209,17.06,18.831,16.008,2021-10-01,Q,False,SEC XBRL
TTWO,Take-Two Interactive,2022-03-31,FY2022-Q4,USD,930000000.0,531400000.0,128900000.0,145400000.0,110900000.0,0.9500000000000002,57.14,13.86,15.634,11.925,2021-12-31,Q,True,SEC XBRL
TTWO,Take-Two Interactive,2022-06-30,FY2023-Q1,USD,1102400000.0,666700000.0,-37400000.0,-15100000.0,-104000000.0,-0.76,60.477,-3.393,-1.37,-9.434,2022-04-01,Q,False,SEC XBRL
TTWO,Take-Two Interactive,2022-09-30,FY2023-Q2,USD,1393500000.0,679600000.0,-252500000.0,-222600000.0,-257000000.0,-1.54,48.769,-18.12,-15.974,-18.443,2022-07-01,Q,False,SEC XBRL
TTWO,Take-Two Interactive,2022-12-31,FY2023-Q3,USD,1407800000.0,715900000.0,-172900000.0,-137900000.0,-153400000.0,-0.91,50.852,-12.282,-9.795,-10.896,2022-10-01,Q,False,SEC XBRL
TTWO,Take-Two Interactive,2023-03-31,FY2023-Q4,USD,1446200000.0,223100000.0,-702400000.0,-666100000.0,-610300000.0,-3.82,15.427,-48.569,-46.059,-42.2,2022-12-31,Q,True,SEC XBRL
TTWO,Take-Two Interactive,2023-06-30,FY2024-Q1,USD,1284700000.0,679200000.0,-204300000.0,-163900000.0,-206000000.0,-1.22,52.868,-15.903,-12.758,-16.035,2023-04-01,Q,False,SEC XBRL
TTWO,Take-Two Interactive,2023-09-30,FY2024-Q2,USD,1299200000.0,415400000.0,-543700000.0,-498400000.0,-543600000.0,-3.2,31.974,-41.849,-38.362,-41.841,2023-07-01,Q,False,SEC XBRL
TTWO,Take-Two Interactive,2023-12-31,FY2024-Q3,USD,1366300000.0,678100000.0,-129500000.0,-86900000.0,-91600000.0,-0.54,49.63,-9.478,-6.36,-6.704,2023-10-01,Q,False,SEC XBRL
TTWO,Take-Two Interactive,2024-03-31,FY2024-Q4,USD,1399400000.0,469100000.0,-2713100000.0,-2670200000.0,-2903000000.0,-17.05,33.522,-193.876,-190.81,-207.446,2023-12-31,Q,True,SEC XBRL
TTWO,Take-Two Interactive,2024-06-30,FY2025-Q1,USD,1338200000.0,771100000.0,-184900000.0,-140100000.0,-262000000.0,-1.52,57.622,-13.817,-10.469,-19.579,2024-04-01,Q,False,SEC XBRL
TTWO,Take-Two Interactive,2024-09-30,FY2025-Q2,USD,1353100000.0,727900000.0,-297200000.0,-249900000.0,-365500000.0,-2.08,53.795,-21.964,-18.469,-27.012,2024-07-01,Q,False,SEC XBRL
TTWO,Take-Two Interactive,2024-12-31,FY2025-Q3,USD,1359800000.0,759900000.0,-132100000.0,-82600000.0,-125200000.0,-0.71,55.883,-9.715,-6.074,-9.207,2024-10-01,Q,False,SEC XBRL
TTWO,Take-Two Interactive,2025-03-31,FY2025-Q4,USD,1582500000.0,803300000.0,-3776900000.0,-3689100000.0,-3726200000.0,-21.27,50.761,-238.667,-233.118,-235.463,2024-12-31,Q,True,SEC XBRL
TTWO,Take-Two Interactive,2025-06-30,FY2026-Q1,USD,1503800000.0,945000000.0,21600000.0,72000000.0,-11900000.0,-0.07,62.841,1.436,4.788,-0.791,2025-04-01,Q,False,SEC XBRL
TTWO,Take-Two Interactive,2025-09-30,FY2026-Q2,USD,1773800000.0,980500000.0,-98000000.0,-49200000.0,-133900000.0,-0.73,55.277,-5.525,-2.774,-7.549,2025-07-01,Q,False,SEC XBRL
TTWO,Take-Two Interactive,2025-12-31,FY2026-Q3,USD,1699000000.0,945500000.0,-38700000.0,10400000.0,-92900000.0,-0.5,55.65,-2.278,0.612,-5.468,2025-10-01,Q,False,SEC XBRL
TTWO,Take-Two Interactive,2026-03-31,FY2026-Q4,USD,1679800000.0,938700000.0,10900000.0,61100000.0,-59500000.0,-0.32,55.882,0.649,3.637,-3.542,2025-12-31,Q,True,SEC XBRL
UCAR,U Power Limited,2022-12-31,FY2022,USD,1131000.0,386000.0,-8155000.0,-7852000.0,-6658000.0,-0.13,34.129,-721.043,-694.253,-588.683,2022-01-01,FY,False,SEC XBRL
UCAR,U Power Limited,2023-12-31,FY2023,USD,2783000.0,1714000.0,-5198000.0,-4831000.0,-2724000.0,-0.22,61.588,-186.777,-173.59,-97.88,2023-01-01,FY,False,SEC XBRL
UCAR,U Power Limited,2024-12-31,FY2024,USD,6068000.0,1434000.0,-7944000.0,-7525000.0,-6565000.0,-2.3,23.632,-130.916,-124.011,-108.191,2024-01-01,FY,False,SEC XBRL
UCAR,U Power Limited,2025-12-31,FY2025,USD,5851000.0,2122000.0,-8289000.0,-7988000.0,-9776000.0,-2.14,36.267,-141.668,-136.524,-167.083,2025-01-01,FY,False,SEC XBRL
UNH,UnitedHealth Group,2020-09-30,FY2020-Q3,USD,65115000000.0,,4651000000.0,5370000000.0,3172000000.0,3.3,,7.143,8.247,4.871,2020-07-01,Q,False,SEC XBRL
UNH,UnitedHealth Group,2020-12-31,FY2020-Q4,USD,65467000000.0,,3517000000.0,4249000000.0,2212000000.0,2.3000000000000007,,5.372,6.49,3.379,2020-09-30,Q,True,SEC XBRL
UNH,UnitedHealth Group,2021-03-31,FY2021-Q1,USD,70196000000.0,,6739000000.0,7497000000.0,4862000000.0,5.08,,9.6,10.68,6.926,2021-01-01,Q,False,SEC XBRL
UNH,UnitedHealth Group,2021-06-30,FY2021-Q2,USD,71321000000.0,,5978000000.0,6756000000.0,4266000000.0,4.46,,8.382,9.473,5.981,2021-04-01,Q,False,SEC XBRL
UNH,UnitedHealth Group,2021-09-30,FY2021-Q3,USD,72337000000.0,,5712000000.0,6508000000.0,4086000000.0,4.28,,7.896,8.997,5.649,2021-07-01,Q,False,SEC XBRL
UNH,UnitedHealth Group,2021-12-31,FY2021-Q4,USD,73743000000.0,,5541000000.0,6312000000.0,4071000000.0,4.259999999999998,,7.514,8.559,5.521,2021-09-30,Q,True,SEC XBRL
UNH,UnitedHealth Group,2022-03-31,FY2022-Q1,USD,80149000000.0,,6950000000.0,7738000000.0,5027000000.0,5.27,,8.671,9.655,6.272,2022-01-01,Q,False,SEC XBRL
UNH,UnitedHealth Group,2022-06-30,FY2022-Q2,USD,80332000000.0,,7132000000.0,7934000000.0,5070000000.0,5.34,,8.878,9.877,6.311,2022-04-01,Q,False,SEC XBRL
UNH,UnitedHealth Group,2022-09-30,FY2022-Q3,USD,80894000000.0,,7462000000.0,8290000000.0,5262000000.0,5.55,,9.224,10.248,6.505,2022-07-01,Q,False,SEC XBRL
UNH,UnitedHealth Group,2022-12-31,FY2022-Q4,USD,82787000000.0,,6891000000.0,7873000000.0,4761000000.0,5.02,,8.324,9.51,5.751,2022-09-30,Q,True,SEC XBRL
UNH,UnitedHealth Group,2023-03-31,FY2023-Q1,USD,91931000000.0,,8086000000.0,9056000000.0,5611000000.0,5.95,,8.796,9.851,6.103,2023-01-01,Q,False,SEC XBRL
UNH,UnitedHealth Group,2023-06-30,FY2023-Q2,USD,92903000000.0,,8057000000.0,9078000000.0,5474000000.0,5.82,,8.672,9.771,5.892,2023-04-01,Q,False,SEC XBRL
UNH,UnitedHealth Group,2023-09-30,FY2023-Q3,USD,92361000000.0,,8526000000.0,9533000000.0,5841000000.0,6.24,,9.231,10.321,6.324,2023-07-01,Q,False,SEC XBRL
UNH,UnitedHealth Group,2023-12-31,FY2023-Q4,USD,94427000000.0,,7689000000.0,8663000000.0,5455000000.0,5.850000000000001,,8.143,9.174,5.777,2023-09-30,Q,True,SEC XBRL
UNH,UnitedHealth Group,2024-03-31,FY2024-Q1,USD,99796000000.0,,7931000000.0,8928000000.0,-1409000000.0,-1.53,,7.947,8.946,-1.412,2024-01-01,Q,False,SEC XBRL
UNH,UnitedHealth Group,2024-06-30,FY2024-Q2,USD,98855000000.0,,7875000000.0,8895000000.0,4216000000.0,4.54,,7.966,8.998,4.265,2024-04-01,Q,False,SEC XBRL
UNH,UnitedHealth Group,2024-09-30,FY2024-Q3,USD,100820000000.0,,8708000000.0,9749000000.0,6055000000.0,6.51,,8.637,9.67,6.006,2024-07-01,Q,False,SEC XBRL
UNH,UnitedHealth Group,2024-12-31,FY2024-Q4,USD,100807000000.0,,7773000000.0,8814000000.0,5543000000.0,5.99,,7.711,8.743,5.499,2024-09-30,Q,True,SEC XBRL
UNH,UnitedHealth Group,2025-03-31,FY2025-Q1,USD,109575000000.0,,9119000000.0,10180000000.0,6292000000.0,6.85,,8.322,9.29,5.742,2025-01-01,Q,False,SEC XBRL
UNH,UnitedHealth Group,2025-06-30,FY2025-Q2,USD,111616000000.0,,5150000000.0,6234000000.0,3406000000.0,3.74,,4.614,5.585,3.052,2025-04-01,Q,False,SEC XBRL
UNH,UnitedHealth Group,2025-09-30,FY2025-Q3,USD,113161000000.0,,4315000000.0,5414000000.0,2348000000.0,2.59,,3.813,4.784,2.075,2025-07-01,Q,False,SEC XBRL
UNH,UnitedHealth Group,2025-12-31,FY2025-Q4,USD,113215000000.0,,380000000.0,1497000000.0,10000000.0,0.0500000000000007,,0.336,1.322,0.009,2025-09-30,Q,True,SEC XBRL
UNH,UnitedHealth Group,2026-03-31,FY2026-Q1,USD,111721000000.0,,8990000000.0,10019000000.0,6280000000.0,6.9,,8.047,8.968,5.621,2026-01-01,Q,False,SEC XBRL
V,Visa Inc.,2020-09-30,FY2020-Q4,USD,5101000000.0,,3142000000.0,3338000000.0,2137000000.0,,,61.596,65.438,41.894,2020-06-30,Q,True,SEC XBRL
V,Visa Inc.,2020-12-31,FY2021-Q1,USD,5687000000.0,,3844000000.0,4041000000.0,3126000000.0,,,67.593,71.057,54.967,2020-10-01,Q,False,SEC XBRL
V,Visa Inc.,2021-03-31,FY2021-Q2,USD,5729000000.0,,3581000000.0,3782000000.0,3026000000.0,,,62.507,66.015,52.819,2021-01-01,Q,False,SEC XBRL
V,Visa Inc.,2021-06-30,FY2021-Q3,USD,6130000000.0,,4064000000.0,4268000000.0,2575000000.0,,,66.297,69.625,42.007,2021-04-01,Q,False,SEC XBRL
V,Visa Inc.,2021-09-30,FY2021-Q4,USD,6559000000.0,,4315000000.0,4517000000.0,3584000000.0,,,65.787,68.867,54.642,2021-06-30,Q,True,SEC XBRL
V,Visa Inc.,2021-12-31,FY2022-Q1,USD,7059000000.0,,4776000000.0,4974000000.0,3959000000.0,,,67.658,70.463,56.084,2021-10-01,Q,False,SEC XBRL
V,Visa Inc.,2022-03-31,FY2022-Q2,USD,7189000000.0,,4802000000.0,5009000000.0,3647000000.0,,,66.796,69.676,50.73,2022-01-01,Q,False,SEC XBRL
V,Visa Inc.,2022-06-30,FY2022-Q3,USD,7275000000.0,,4148000000.0,4378000000.0,3411000000.0,,,57.017,60.179,46.887,2022-04-01,Q,False,SEC XBRL
V,Visa Inc.,2022-09-30,FY2022-Q4,USD,7787000000.0,,5087000000.0,5313000000.0,3940000000.0,,,65.327,68.229,50.597,2022-06-30,Q,True,SEC XBRL
V,Visa Inc.,2022-12-31,FY2023-Q1,USD,7936000000.0,,5090000000.0,5317000000.0,4179000000.0,,,64.138,66.998,52.659,2022-10-01,Q,False,SEC XBRL
V,Visa Inc.,2023-03-31,FY2023-Q2,USD,7985000000.0,,5336000000.0,5570000000.0,4257000000.0,,,66.825,69.756,53.312,2023-01-01,Q,False,SEC XBRL
V,Visa Inc.,2023-06-30,FY2023-Q3,USD,8123000000.0,,5024000000.0,5259000000.0,4156000000.0,,,61.849,64.742,51.163,2023-04-01,Q,False,SEC XBRL
V,Visa Inc.,2023-09-30,FY2023-Q4,USD,8609000000.0,,5550000000.0,5797000000.0,4681000000.0,,,64.467,67.337,54.373,2023-06-30,Q,True,SEC XBRL
V,Visa Inc.,2023-12-31,FY2024-Q1,USD,8634000000.0,,5954000000.0,6201000000.0,4890000000.0,,,68.96,71.821,56.637,2023-10-01,Q,False,SEC XBRL
V,Visa Inc.,2024-03-31,FY2024-Q2,USD,8775000000.0,,5354000000.0,5603000000.0,4663000000.0,,,61.014,63.852,53.14,2024-01-01,Q,False,SEC XBRL
V,Visa Inc.,2024-06-30,FY2024-Q3,USD,8900000000.0,,5938000000.0,6202000000.0,4872000000.0,,,66.719,69.685,54.742,2024-04-01,Q,False,SEC XBRL
V,Visa Inc.,2024-09-30,FY2024-Q4,USD,9617000000.0,,6349000000.0,6623000000.0,5318000000.0,,,66.019,68.868,55.298,2024-06-30,Q,True,SEC XBRL
V,Visa Inc.,2024-12-31,FY2025-Q1,USD,9510000000.0,,6234000000.0,6516000000.0,5119000000.0,,,65.552,68.517,53.828,2024-10-01,Q,False,SEC XBRL
V,Visa Inc.,2025-03-31,FY2025-Q2,USD,9594000000.0,,5435000000.0,5740000000.0,4577000000.0,,,56.65,59.829,47.707,2025-01-01,Q,False,SEC XBRL
V,Visa Inc.,2025-06-30,FY2025-Q3,USD,10172000000.0,,6177000000.0,6494000000.0,5272000000.0,,,60.726,63.842,51.829,2025-04-01,Q,False,SEC XBRL
V,Visa Inc.,2025-09-30,FY2025-Q4,USD,10724000000.0,,6148000000.0,6464000000.0,5090000000.0,,,57.329,60.276,47.464,2025-06-30,Q,True,SEC XBRL
V,Visa Inc.,2025-12-31,FY2026-Q1,USD,10901000000.0,,6737000000.0,7063000000.0,5853000000.0,,,61.802,64.792,53.692,2025-10-01,Q,False,SEC XBRL
V,Visa Inc.,2026-03-31,FY2026-Q2,USD,11230000000.0,,7234000000.0,7567000000.0,6021000000.0,,,64.417,67.382,53.615,2026-01-01,Q,False,SEC XBRL
V,Visa Inc.,2026-06-30,FY2026-Q3,USD,11633000000.0,8895000000.0,7027000000.0,7394000000.0,5628000000.0,2.97,76.464,60.406,63.561,48.38,2026-03-31,Q,False,yfinance (SEC pending)
VIAV,Viavi Solutions Inc.,2020-10-03,FY2021-Q1,USD,284700000.0,169400000.0,31300000.0,,19700000.0,0.08,59.501,10.994,,6.92,2020-06-28,Q,False,SEC XBRL
VIAV,Viavi Solutions Inc.,2021-01-02,FY2021-Q2,USD,299900000.0,180100000.0,42300000.0,,27300000.0,0.12,60.053,14.105,,9.103,2020-10-04,Q,False,SEC XBRL
VIAV,Viavi Solutions Inc.,2021-04-03,FY2021-Q3,USD,303400000.0,182000000.0,35900000.0,,17200000.0,0.07,59.987,11.833,,5.669,2021-01-03,Q,False,SEC XBRL
VIAV,Viavi Solutions Inc.,2021-07-03,FY2021-Q4,USD,310900000.0,182900000.0,32700000.0,,3300000.0,0.01,58.829,10.518,,1.061,2021-04-04,Q,True,SEC XBRL
VIAV,Viavi Solutions Inc.,2021-10-02,FY2022-Q1,USD,326800000.0,195000000.0,46900000.0,,-54800000.0,-0.24,59.67,14.351,,-16.769,2021-07-04,Q,False,SEC XBRL
VIAV,Viavi Solutions Inc.,2022-01-01,FY2022-Q2,USD,314800000.0,190500000.0,49300000.0,,34600000.0,0.14,60.515,15.661,,10.991,2021-10-03,Q,False,SEC XBRL
VIAV,Viavi Solutions Inc.,2022-04-02,FY2022-Q3,USD,315500000.0,186900000.0,40800000.0,,19200000.0,0.08,59.239,12.932,,6.086,2022-01-02,Q,False,SEC XBRL
VIAV,Viavi Solutions Inc.,2022-07-02,FY2022-Q4,USD,335300000.0,201100000.0,48000000.0,,16500000.0,0.07,59.976,14.316,,4.921,2022-04-03,Q,True,SEC XBRL
VIAV,Viavi Solutions Inc.,2022-10-01,FY2023-Q1,USD,310200000.0,184800000.0,49800000.0,,32600000.0,0.14,59.574,16.054,,10.509,2022-07-03,Q,False,SEC XBRL
VIAV,Viavi Solutions Inc.,2022-12-31,FY2023-Q2,USD,284500000.0,167000000.0,22900000.0,,8400000.0,0.04,58.699,8.049,,2.953,2022-10-02,Q,False,SEC XBRL
VIAV,Viavi Solutions Inc.,2023-04-01,FY2023-Q3,USD,247800000.0,141000000.0,-2100000.0,,-15400000.0,-0.07,56.901,-0.847,,-6.215,2023-01-01,Q,False,SEC XBRL
VIAV,Viavi Solutions Inc.,2023-07-01,FY2023-Q4,USD,263600000.0,146000000.0,11800000.0,,-100000.0,0.0,55.387,4.476,,-0.038,2023-04-02,Q,True,SEC XBRL
VIAV,Viavi Solutions Inc.,2023-09-30,FY2024-Q1,USD,247900000.0,144400000.0,16000000.0,,9800000.0,0.04,58.249,6.454,,3.953,2023-07-02,Q,False,SEC XBRL
VIAV,Viavi Solutions Inc.,2023-12-30,FY2024-Q2,USD,254500000.0,148000000.0,22400000.0,,10700000.0,0.05,58.153,8.802,,4.204,2023-10-01,Q,False,SEC XBRL
VIAV,Viavi Solutions Inc.,2024-03-30,FY2024-Q3,USD,246000000.0,137900000.0,-11900000.0,,-24600000.0,-0.11,56.057,-4.837,,-10.0,2023-12-31,Q,False,SEC XBRL
VIAV,Viavi Solutions Inc.,2024-06-29,FY2024-Q4,USD,252000000.0,145600000.0,-5700000.0,,-21700000.0,-0.0999999999999999,57.778,-2.262,,-8.611,2024-03-30,Q,True,SEC XBRL
VIAV,Viavi Solutions Inc.,2024-09-28,FY2025-Q1,USD,238200000.0,136100000.0,11500000.0,,-1800000.0,-0.01,57.137,4.828,,-0.756,2024-06-30,Q,False,SEC XBRL
VIAV,Viavi Solutions Inc.,2024-12-28,FY2025-Q2,USD,270800000.0,160800000.0,22200000.0,,9100000.0,0.04,59.38,8.198,,3.36,2024-09-29,Q,False,SEC XBRL
VIAV,Viavi Solutions Inc.,2025-03-29,FY2025-Q3,USD,284800000.0,160700000.0,8500000.0,,19500000.0,0.09,56.426,2.985,,6.847,2024-12-29,Q,False,SEC XBRL
VIAV,Viavi Solutions Inc.,2025-06-28,FY2025-Q4,USD,290500000.0,163500000.0,15300000.0,,8000000.0,0.03,56.282,5.267,,2.754,2025-03-29,Q,True,SEC XBRL
VIAV,Viavi Solutions Inc.,2025-09-27,FY2026-Q1,USD,299100000.0,169000000.0,7600000.0,,-21400000.0,-0.1,56.503,2.541,,-7.155,2025-06-29,Q,False,SEC XBRL
VIAV,Viavi Solutions Inc.,2025-12-27,FY2026-Q2,USD,369300000.0,210600000.0,11400000.0,,-48100000.0,-0.21,57.027,3.087,,-13.025,2025-09-28,Q,False,SEC XBRL
VIAV,Viavi Solutions Inc.,2026-03-28,FY2026-Q3,USD,406800000.0,234100000.0,24800000.0,,6400000.0,0.03,57.547,6.096,,1.573,2025-12-28,Q,False,SEC XBRL
WGS,GeneDx Holdings Corp.,2020-09-30,FY2020-Q3,USD,38608000.0,4586000.0,-56015000.0,-52948000.0,-56615000.0,-456573.0,11.878,-145.087,-137.143,-146.641,2020-07-01,Q,False,SEC XBRL
WGS,GeneDx Holdings Corp.,2020-12-31,FY2020-Q4,USD,63957000.0,-5674000.0,-125045000.0,-121458000.0,-125683000.0,,-8.872,-195.514,-189.906,-196.512,2020-10-01,Q,False,SEC XBRL
WGS,GeneDx Holdings Corp.,2021-03-31,FY2021-Q1,USD,64201000.0,-4323000.0,-196657000.0,-191755000.0,-191775000.0,-348.82,-6.734,-306.315,-298.679,-298.71,2021-01-01,Q,False,SEC XBRL
WGS,GeneDx Holdings Corp.,2021-06-30,FY2021-Q2,USD,47015000.0,-1164000.0,-45448000.0,-39829000.0,-46161000.0,-41.94,-2.476,-96.667,-84.716,-98.184,2021-04-01,Q,False,SEC XBRL
WGS,GeneDx Holdings Corp.,2021-09-30,FY2021-Q3,USD,43178000.0,-8309000.0,-88264000.0,-82773000.0,32731000.0,0.16,-19.244,-204.419,-191.702,75.805,2021-07-01,Q,False,SEC XBRL
WGS,GeneDx Holdings Corp.,2021-12-31,FY2021-Q4,USD,57801000.0,-2806000.0,-115780000.0,-109985000.0,-40185000.0,388.33,-4.855,-200.308,-190.282,-69.523,2021-10-01,Q,True,SEC XBRL
WGS,GeneDx Holdings Corp.,2022-03-31,FY2022-Q1,USD,53941000.0,5625000.0,-89305000.0,-83502000.0,-76896000.0,-10.38,10.428,-165.561,-154.802,-142.556,2022-01-01,Q,False,SEC XBRL
WGS,GeneDx Holdings Corp.,2022-06-30,FY2022-Q2,USD,36169000.0,-29598000.0,-162649000.0,-156022000.0,-85742000.0,-8.38,-81.833,-449.692,-431.369,-237.059,2022-04-01,Q,False,SEC XBRL
WGS,GeneDx Holdings Corp.,2022-09-30,FY2022-Q3,USD,83234000.0,13549000.0,-90816000.0,-83821000.0,-77581000.0,-6.72,16.278,-109.109,-100.705,-93.208,2022-07-01,Q,False,SEC XBRL
WGS,GeneDx Holdings Corp.,2022-12-31,FY2022-Q4,USD,61350000.0,-16326000.0,-324882000.0,-294307000.0,-308761000.0,-28.15,-26.611,-529.555,-479.718,-503.278,2022-09-30,Q,True,SEC XBRL
WGS,GeneDx Holdings Corp.,2023-03-31,FY2023-Q1,USD,43139000.0,15236000.0,-60364000.0,-55234000.0,-60989000.0,-3.04,35.318,-139.929,-128.037,-141.378,2023-01-01,Q,False,SEC XBRL
WGS,GeneDx Holdings Corp.,2023-06-30,FY2023-Q2,USD,48706000.0,18757000.0,-51622000.0,-44796000.0,-46719000.0,-1.84,38.511,-105.987,-91.972,-95.92,2023-04-01,Q,False,SEC XBRL
WGS,GeneDx Holdings Corp.,2023-09-30,FY2023-Q3,USD,53303000.0,25259000.0,-42967000.0,-37801000.0,-42286000.0,-1.64,47.388,-80.609,-70.917,-79.331,2023-07-01,Q,False,SEC XBRL
WGS,GeneDx Holdings Corp.,2023-12-31,FY2023-Q4,USD,57418000.0,30754000.0,-25643000.0,-23065000.0,-25773000.0,-0.7100000000000009,53.562,-44.66,-40.17,-44.887,2023-09-30,Q,True,SEC XBRL
WGS,GeneDx Holdings Corp.,2024-03-31,FY2024-Q1,USD,62422000.0,37411000.0,-13660000.0,-11918000.0,-20239000.0,-0.78,59.932,-21.883,-19.093,-32.423,2024-01-01,Q,False,SEC XBRL
WGS,GeneDx Holdings Corp.,2024-06-30,FY2024-Q2,USD,70514000.0,42952000.0,-10579000.0,-8867000.0,-29173000.0,-1.1,60.913,-15.003,-12.575,-41.372,2024-04-01,Q,False,SEC XBRL
WGS,GeneDx Holdings Corp.,2024-09-30,FY2024-Q3,USD,76874000.0,47829000.0,-7780000.0,-5358000.0,-8312000.0,-0.31,62.217,-10.12,-6.97,-10.812,2024-07-01,Q,False,SEC XBRL
WGS,GeneDx Holdings Corp.,2024-12-31,FY2024-Q4,USD,95640000.0,66205000.0,8806000.0,10830000.0,5438000.0,0.25,69.223,9.207,11.324,5.686,2024-09-30,Q,True,SEC XBRL
WGS,GeneDx Holdings Corp.,2025-03-31,FY2025-Q1,USD,87115000.0,58476000.0,-4551000.0,-2351000.0,-6529000.0,-0.23,67.125,-5.224,-2.699,-7.495,2025-01-01,Q,False,SEC XBRL
WGS,GeneDx Holdings Corp.,2025-06-30,FY2025-Q2,USD,102692000.0,70902000.0,8960000.0,11260000.0,10809000.0,0.36,69.043,8.725,10.965,10.526,2025-04-01,Q,False,SEC XBRL
WGS,GeneDx Holdings Corp.,2025-09-30,FY2025-Q3,USD,116743000.0,84527000.0,-3251000.0,-881000.0,-7635000.0,-0.27,72.404,-2.785,-0.755,-6.54,2025-07-01,Q,False,SEC XBRL
WGS,GeneDx Holdings Corp.,2025-12-31,FY2025-Q4,USD,120989000.0,84268000.0,-14235000.0,-11463000.0,-17666000.0,-0.59,69.649,-11.766,-9.474,-14.601,2025-09-30,Q,True,SEC XBRL
WGS,GeneDx Holdings Corp.,2026-03-31,FY2026-Q1,USD,102254000.0,68211000.0,-57471000.0,-54771000.0,-63316000.0,-2.16,66.707,-56.204,-53.564,-61.92,2026-01-01,Q,False,SEC XBRL
WGS,GeneDx Holdings Corp.,2026-06-30,FY2026-Q2,USD,114440000.0,78238000.0,-17455000.0,-14355000.0,-17740000.0,-0.6,68.366,-15.253,-12.544,-15.502,2026-04-01,Q,False,SEC XBRL
WMT,Walmart,2020-07-31,FY2021-Q2,USD,137742000000.0,,6059000000.0,8830000000.0,6476000000.0,2.27,,4.399,6.411,4.702,2020-05-01,Q,False,SEC XBRL
WMT,Walmart,2020-10-31,FY2021-Q3,USD,134708000000.0,,5778000000.0,8549000000.0,5135000000.0,1.8,,4.289,6.346,3.812,2020-08-01,Q,False,SEC XBRL
WMT,Walmart,2021-01-31,FY2021-Q4,USD,152079000000.0,,5487000000.0,8306000000.0,-2091000000.0,-0.7199999999999998,,3.608,5.462,-1.375,2020-10-31,Q,True,SEC XBRL
WMT,Walmart,2021-04-30,FY2022-Q1,USD,138310000000.0,,6909000000.0,9570000000.0,2730000000.0,0.97,,4.995,6.919,1.974,2021-02-01,Q,False,SEC XBRL
WMT,Walmart,2021-07-31,FY2022-Q2,USD,141048000000.0,,7354000000.0,9995000000.0,4276000000.0,1.52,,5.214,7.086,3.032,2021-05-01,Q,False,SEC XBRL
WMT,Walmart,2021-10-31,FY2022-Q3,USD,140525000000.0,,5792000000.0,8442000000.0,3105000000.0,1.11,,4.122,6.007,2.21,2021-08-01,Q,False,SEC XBRL
WMT,Walmart,2022-01-31,FY2022-Q4,USD,152871000000.0,,5887000000.0,8593000000.0,3562000000.0,-1.9800000000000004,,3.851,5.621,2.33,2021-10-31,Q,True,SEC XBRL
WMT,Walmart,2022-04-30,FY2023-Q1,USD,141569000000.0,,5318000000.0,7998000000.0,2054000000.0,0.74,,3.756,5.65,1.451,2022-02-01,Q,False,SEC XBRL
WMT,Walmart,2022-07-31,FY2023-Q2,USD,152859000000.0,,6854000000.0,9553000000.0,5149000000.0,1.88,,4.484,6.25,3.368,2022-05-01,Q,False,SEC XBRL
WMT,Walmart,2022-10-31,FY2023-Q3,USD,152813000000.0,,2695000000.0,5450000000.0,-1798000000.0,-0.66,,1.764,3.566,-1.177,2022-08-01,Q,False,SEC XBRL
WMT,Walmart,2023-01-31,FY2023-Q4,USD,164048000000.0,,5561000000.0,8372000000.0,6275000000.0,-0.54,,3.39,5.103,3.825,2022-10-31,Q,True,SEC XBRL
WMT,Walmart,2023-04-30,FY2024-Q1,USD,152301000000.0,,6240000000.0,9085000000.0,1673000000.0,0.21,,4.097,5.965,1.098,2023-02-01,Q,False,SEC XBRL
WMT,Walmart,2023-07-31,FY2024-Q2,USD,161632000000.0,,7316000000.0,10221000000.0,7891000000.0,0.97,,4.526,6.324,4.882,2023-05-01,Q,False,SEC XBRL
WMT,Walmart,2023-10-31,FY2024-Q3,USD,160804000000.0,,6202000000.0,9188000000.0,453000000.0,0.06,,3.857,5.714,0.282,2023-08-01,Q,False,SEC XBRL
WMT,Walmart,2024-01-31,FY2024-Q4,USD,173388000000.0,,7254000000.0,10371000000.0,5494000000.0,0.6699999999999999,,4.184,5.981,3.169,2023-10-31,Q,True,SEC XBRL
WMT,Walmart,2024-04-30,FY2025-Q1,USD,161508000000.0,,6841000000.0,9969000000.0,5104000000.0,0.63,,4.236,6.172,3.16,2024-02-01,Q,False,SEC XBRL
WMT,Walmart,2024-07-31,FY2025-Q2,USD,169335000000.0,,7940000000.0,11151000000.0,4501000000.0,0.56,,4.689,6.585,2.658,2024-05-01,Q,False,SEC XBRL
WMT,Walmart,2024-10-31,FY2025-Q3,USD,169588000000.0,,6708000000.0,9968000000.0,4577000000.0,0.57,,3.955,5.878,2.699,2024-08-01,Q,False,SEC XBRL
WMT,Walmart,2025-01-31,FY2025-Q4,USD,180554000000.0,,7859000000.0,11233000000.0,5254000000.0,0.6500000000000004,,4.353,6.221,2.91,2024-10-31,Q,True,SEC XBRL
WMT,Walmart,2025-04-30,FY2026-Q1,USD,165609000000.0,,7135000000.0,10504000000.0,4487000000.0,0.56,,4.308,6.343,2.709,2025-02-01,Q,False,SEC XBRL
WMT,Walmart,2025-07-31,FY2026-Q2,USD,177402000000.0,,7286000000.0,10773000000.0,7026000000.0,0.88,,4.107,6.073,3.96,2025-05-01,Q,False,SEC XBRL
WMT,Walmart,2025-10-31,FY2026-Q3,USD,179496000000.0,,6696000000.0,10302000000.0,6143000000.0,0.77,,3.73,5.739,3.422,2025-08-01,Q,False,SEC XBRL
WMT,Walmart,2026-01-31,FY2026-Q4,USD,190656000000.0,,8708000000.0,12449000000.0,4237000000.0,0.52,,4.567,6.53,2.222,2025-10-31,Q,True,SEC XBRL
WMT,Walmart,2026-04-30,FY2027-Q1,USD,177751000000.0,,7493000000.0,11314000000.0,5330000000.0,0.67,,4.215,6.365,2.999,2026-02-01,Q,False,SEC XBRL
XEL,Xcel Energy,2020-09-30,FY2020-Q3,USD,,,813000000.0,1330000000.0,603000000.0,1.14,,,,,2020-07-01,Q,False,SEC XBRL
XEL,Xcel Energy,2020-12-31,FY2020-Q4,USD,,,426000000.0,926000000.0,288000000.0,0.54,,,,,2020-10-01,Q,False,SEC XBRL
XEL,Xcel Energy,2021-03-31,FY2021-Q1,USD,,,507000000.0,1024000000.0,362000000.0,0.67,,,,,2021-01-01,Q,False,SEC XBRL
XEL,Xcel Energy,2021-06-30,FY2021-Q2,USD,,,438000000.0,964000000.0,311000000.0,0.58,,,,,2021-04-01,Q,False,SEC XBRL
XEL,Xcel Energy,2021-09-30,FY2021-Q3,USD,,,825000000.0,1379000000.0,609000000.0,1.13,,,,,2021-07-01,Q,False,SEC XBRL
XEL,Xcel Energy,2021-12-31,FY2021-Q4,USD,,,426000000.0,972000000.0,288000000.0,0.54,,,,,2021-10-01,Q,False,SEC XBRL
XEL,Xcel Energy,2022-03-31,FY2022-Q1,USD,,,510000000.0,1077000000.0,380000000.0,0.7,,,,,2022-01-01,Q,False,SEC XBRL
XEL,Xcel Energy,2022-06-30,FY2022-Q2,USD,,,469000000.0,1112000000.0,328000000.0,0.6,,,,,2022-04-01,Q,False,SEC XBRL
XEL,Xcel Energy,2022-09-30,FY2022-Q3,USD,,,924000000.0,1535000000.0,649000000.0,1.18,,,,,2022-07-01,Q,False,SEC XBRL
XEL,Xcel Energy,2022-12-31,FY2022-Q4,USD,,,525000000.0,1140000000.0,379000000.0,0.6900000000000004,,,,,2022-09-30,Q,True,SEC XBRL
XEL,Xcel Energy,2023-03-31,FY2023-Q1,USD,,,573000000.0,1204000000.0,418000000.0,0.76,,,,,2023-01-01,Q,False,SEC XBRL
XEL,Xcel Energy,2023-06-30,FY2023-Q2,USD,,,418000000.0,989000000.0,288000000.0,0.52,,,,,2023-04-01,Q,False,SEC XBRL
XEL,Xcel Energy,2023-09-30,FY2023-Q3,USD,,,915000000.0,1537000000.0,656000000.0,1.19,,,,,2023-07-01,Q,False,SEC XBRL
XEL,Xcel Energy,2023-12-31,FY2023-Q4,USD,,,575000000.0,1222000000.0,409000000.0,0.7400000000000002,,,,,2023-09-30,Q,True,SEC XBRL
XEL,Xcel Energy,2024-03-31,FY2024-Q1,USD,,,679000000.0,1343000000.0,488000000.0,0.88,,,,,2024-01-01,Q,False,SEC XBRL
XEL,Xcel Energy,2024-06-30,FY2024-Q2,USD,,,449000000.0,1155000000.0,302000000.0,0.54,,,,,2024-04-01,Q,False,SEC XBRL
XEL,Xcel Energy,2024-09-30,FY2024-Q3,USD,,,911000000.0,1596000000.0,682000000.0,1.21,,,,,2024-07-01,Q,False,SEC XBRL
XEL,Xcel Energy,2024-12-31,FY2024-Q4,USD,,,347000000.0,1061000000.0,464000000.0,0.81,,,,,2024-09-30,Q,True,SEC XBRL
XEL,Xcel Energy,2025-03-31,FY2025-Q1,USD,,,677000000.0,1411000000.0,483000000.0,0.84,,,,,2025-01-01,Q,False,SEC XBRL
XEL,Xcel Energy,2025-06-30,FY2025-Q2,USD,,,577000000.0,1304000000.0,444000000.0,0.75,,,,,2025-04-01,Q,False,SEC XBRL
XEL,Xcel Energy,2025-09-30,FY2025-Q3,USD,,,749000000.0,1504000000.0,524000000.0,0.88,,,,,2025-07-01,Q,False,SEC XBRL
XEL,Xcel Energy,2025-12-31,FY2025-Q4,USD,,,580000000.0,1332000000.0,567000000.0,0.9500000000000002,,,,,2025-09-30,Q,True,SEC XBRL
XEL,Xcel Energy,2026-03-31,FY2026-Q1,USD,,,754000000.0,1521000000.0,556000000.0,0.89,,,,,2026-01-01,Q,False,SEC XBRL
XEL,Xcel Energy,2026-06-30,FY2026-Q2,USD,,,706000000.0,1363000000.0,586000000.0,0.93,,,,,2026-04-01,Q,False,SEC XBRL
XOM,ExxonMobil,2020-09-30,FY2020-Q3,USD,46199000000.0,,,,-680000000.0,-0.15,,,,-1.472,2020-07-01,Q,False,SEC XBRL
XOM,ExxonMobil,2020-12-31,FY2020-Q4,USD,46540000000.0,,,,-20070000000.0,-4.7,,,,-43.124,2020-09-30,Q,True,SEC XBRL
XOM,ExxonMobil,2021-03-31,FY2021-Q1,USD,59147000000.0,,,,2730000000.0,0.64,,,,4.616,2021-01-01,Q,False,SEC XBRL
XOM,ExxonMobil,2021-06-30,FY2021-Q2,USD,67742000000.0,,,,4690000000.0,1.1,,,,6.923,2021-04-01,Q,False,SEC XBRL
XOM,ExxonMobil,2021-09-30,FY2021-Q3,USD,73786000000.0,,,,6750000000.0,1.57,,,,9.148,2021-07-01,Q,False,SEC XBRL
XOM,ExxonMobil,2021-12-31,FY2021-Q4,USD,84965000000.0,,,,8870000000.0,2.079999999999999,,,,10.44,2021-09-30,Q,True,SEC XBRL
XOM,ExxonMobil,2022-03-31,FY2022-Q1,USD,90500000000.0,,,,5480000000.0,1.28,,,,6.055,2022-01-01,Q,False,SEC XBRL
XOM,ExxonMobil,2022-06-30,FY2022-Q2,USD,115681000000.0,,,,17850000000.0,4.21,,,,15.43,2022-04-01,Q,False,SEC XBRL
XOM,ExxonMobil,2022-09-30,FY2022-Q3,USD,112070000000.0,,,,19660000000.0,4.68,,,,17.543,2022-07-01,Q,False,SEC XBRL
XOM,ExxonMobil,2022-12-31,FY2022-Q4,USD,95429000000.0,,,,12750000000.0,3.09,,,,13.361,2022-09-30,Q,True,SEC XBRL
XOM,ExxonMobil,2023-03-31,FY2023-Q1,USD,86564000000.0,,,,11430000000.0,2.79,,,,13.204,2023-01-01,Q,False,SEC XBRL
XOM,ExxonMobil,2023-06-30,FY2023-Q2,USD,82914000000.0,,,,7880000000.0,1.94,,,,9.504,2023-04-01,Q,False,SEC XBRL
XOM,ExxonMobil,2023-09-30,FY2023-Q3,USD,90760000000.0,,,,9070000000.0,2.25,,,,9.993,2023-07-01,Q,False,SEC XBRL
XOM,ExxonMobil,2023-12-31,FY2023-Q4,USD,84344000000.0,,,,7630000000.0,1.91,,,,9.046,2023-09-30,Q,True,SEC XBRL
XOM,ExxonMobil,2024-03-31,FY2024-Q1,USD,83083000000.0,,,,8220000000.0,2.06,,,,9.894,2024-01-01,Q,False,SEC XBRL
XOM,ExxonMobil,2024-06-30,FY2024-Q2,USD,93060000000.0,,,,9240000000.0,2.14,,,,9.929,2024-04-01,Q,False,SEC XBRL
XOM,ExxonMobil,2024-09-30,FY2024-Q3,USD,90016000000.0,,,,8610000000.0,1.92,,,,9.565,2024-07-01,Q,False,SEC XBRL
XOM,ExxonMobil,2024-12-31,FY2024-Q4,USD,83426000000.0,,,,7610000000.0,1.7199999999999998,,,,9.122,2024-09-30,Q,True,SEC XBRL
XOM,ExxonMobil,2025-03-31,FY2025-Q1,USD,83130000000.0,,,,7713000000.0,1.76,,,,9.278,2025-01-01,Q,False,SEC XBRL
XOM,ExxonMobil,2025-06-30,2025-Q2,USD,81506000000.0,,,,7082000000.0,1.64,,,,8.689,2025-04-01,Q,False,SEC XBRL
XOM,ExxonMobil,2025-09-30,FY2025-Q3,USD,85294000000.0,,,,7548000000.0,1.76,,,,8.849,2025-07-01,Q,False,SEC XBRL
XOM,ExxonMobil,2025-12-31,FY2025-Q4,USD,82308000000.0,,,,6501000000.0,1.54,,,,7.898,2025-09-30,Q,True,SEC XBRL
XOM,ExxonMobil,2026-03-31,FY2026-Q1,USD,85138000000.0,,,,4183000000.0,1.0,,,,4.913,2026-01-01,Q,False,SEC XBRL
XOM,ExxonMobil,2026-06-30,2026-Q2,USD,116017000000.0,,,,14525000000.0,3.48,,,,12.52,2026-04-01,Q,False,SEC XBRL
XXII,"22nd Century Group, Inc",2020-09-30,FY2020-Q3,USD,7310000.0,,-4040000.0,,-4221000.0,,,-55.267,,-57.743,2020-07-01,Q,False,SEC XBRL
XXII,"22nd Century Group, Inc",2020-12-31,FY2020-Q4,USD,7308000.0,,-6248000.0,,-6405000.0,,,-85.495,,-87.644,2020-10-01,Q,False,SEC XBRL
XXII,"22nd Century Group, Inc",2021-03-31,FY2021-Q1,USD,5897000.0,,-5171000.0,,-13964000.0,-0.09,,-87.689,,-236.798,2021-01-01,Q,False,SEC XBRL
XXII,"22nd Century Group, Inc",2021-06-30,FY2021-Q2,USD,4953000.0,,-6640000.0,,-9440000.0,-0.06,,-134.06,,-190.592,2021-04-01,Q,False,SEC XBRL
XXII,"22nd Century Group, Inc",2021-09-30,FY2021-Q3,USD,5715000.0,,-7569000.0,,-4174000.0,-0.03,,-132.441,,-73.036,2021-07-01,Q,False,SEC XBRL
XXII,"22nd Century Group, Inc",2021-12-31,FY2021-Q4,USD,4248000.0,,-9032000.0,,-5031000.0,-0.03,,-212.618,,-118.432,2021-10-01,Q,True,SEC XBRL
XXII,"22nd Century Group, Inc",2022-03-31,FY2022-Q1,USD,6326000.0,,-8146000.0,,-8918000.0,-0.05,,-128.77,,-140.974,2022-01-01,Q,False,SEC XBRL
XXII,"22nd Century Group, Inc",2022-06-30,FY2022-Q2,USD,7136000.0,,-10476000.0,,-11498000.0,-0.95,,-146.805,,-161.127,2022-04-01,Q,False,SEC XBRL
XXII,"22nd Century Group, Inc",2022-09-30,FY2022-Q3,USD,7788000.0,,-15268000.0,,-13102000.0,-0.94,,-196.045,,-168.233,2022-07-01,Q,False,SEC XBRL
XXII,"22nd Century Group, Inc",2022-12-31,FY2022-Q4,USD,6632000.0,,255000.0,,-8918000.0,-0.05,,3.845,,-134.469,2022-10-01,Q,True,SEC XBRL
XXII,"22nd Century Group, Inc",2023-03-31,FY2023-Q1,USD,6231000.0,,-10404000.0,,-18182000.0,-21.49,,-166.972,,-291.799,2023-01-01,Q,False,SEC XBRL
XXII,"22nd Century Group, Inc",2023-06-30,FY2023-Q2,USD,5310000.0,,-12043000.0,,-20539000.0,-23.81,,-226.798,,-386.798,2023-04-01,Q,False,SEC XBRL
XXII,"22nd Century Group, Inc",2023-09-30,FY2023-Q3,USD,5317000.0,,-8253000.0,,-72720000.0,-60.75,,-155.219,,-1367.689,2023-07-01,Q,False,SEC XBRL
XXII,"22nd Century Group, Inc",2023-12-31,FY2023-Q4,USD,4933000.0,,-14231000.0,,-29334000.0,-0.66,,-288.486,,-594.648,2023-10-01,Q,True,SEC XBRL
XXII,"22nd Century Group, Inc",2024-03-31,FY2024-Q1,USD,6469000.0,,-4434000.0,,-5739000.0,-395.07,,-68.542,,-88.715,2024-01-01,Q,False,SEC XBRL
XXII,"22nd Century Group, Inc",2024-06-30,FY2024-Q2,USD,7947000.0,,-2047000.0,,-1112000.0,-593.72,,-25.758,,-13.993,2024-04-01,Q,False,SEC XBRL
XXII,"22nd Century Group, Inc",2024-09-30,FY2024-Q3,USD,5946000.0,,-3377000.0,,-3757000.0,-1760.26,,-56.794,,-63.185,2024-07-01,Q,False,SEC XBRL
XXII,"22nd Century Group, Inc",2024-12-31,FY2024-Q4,USD,4020000.0,,-4092000.0,,-4556000.0,-42962.0,,-101.791,,-113.333,2024-09-30,Q,True,SEC XBRL
XXII,"22nd Century Group, Inc",2025-03-31,FY2025-Q1,USD,5956000.0,,-2570000.0,,-4328000.0,-838.43,,-43.15,,-72.666,2025-01-01,Q,False,SEC XBRL
XXII,"22nd Century Group, Inc",2025-06-30,FY2025-Q2,USD,4083000.0,,-2981000.0,,-3407000.0,-13.61,,-73.01,,-83.444,2025-04-01,Q,False,SEC XBRL
XXII,"22nd Century Group, Inc",2025-09-30,FY2025-Q3,USD,4011000.0,,-3212000.0,,5489000.0,-0.28,,-80.08,,136.849,2025-07-01,Q,False,SEC XBRL
XXII,"22nd Century Group, Inc",2025-12-31,FY2025-Q4,USD,3537000.0,,-2803000.0,,-2808000.0,799.4499999999999,,-79.248,,-79.389,2025-09-30,Q,True,SEC XBRL
XXII,"22nd Century Group, Inc",2026-03-31,FY2026-Q1,USD,4105000.0,,-3039000.0,,-3261000.0,-18.08,,-74.032,,-79.44,2026-01-01,Q,False,SEC XBRL
ZBH,Zimmer Biomet,2020-09-30,FY2020-Q3,USD,1929300000.0,1210200000.0,299200000.0,557800000.0,242500000.0,1.16,62.727,15.508,28.912,12.569,2020-07-01,Q,False,SEC XBRL
ZBH,Zimmer Biomet,2020-12-31,FY2020-Q4,USD,2085300000.0,1285400000.0,411600000.0,542700000.0,333700000.0,1.59,61.641,19.738,26.025,16.002,2020-10-01,Q,True,SEC XBRL
ZBH,Zimmer Biomet,2021-03-31,FY2021-Q1,USD,1601400000.0,,258700000.0,494400000.0,198100000.0,0.94,,16.155,30.873,12.37,2021-01-01,Q,False,SEC XBRL
ZBH,Zimmer Biomet,2021-06-30,FY2021-Q2,USD,1763300000.0,,224800000.0,460600000.0,141900000.0,0.67,,12.749,26.121,8.047,2021-04-01,Q,False,SEC XBRL
ZBH,Zimmer Biomet,2021-09-30,FY2021-Q3,USD,1685400000.0,,243000000.0,476000000.0,145600000.0,0.69,,14.418,28.243,8.639,2021-07-01,Q,False,SEC XBRL
ZBH,Zimmer Biomet,2021-12-31,FY2021-Q4,USD,1777200000.0,,133800000.0,367000000.0,-84000000.0,-0.3899999999999999,,7.529,20.65,-4.727,2021-09-30,Q,True,SEC XBRL
ZBH,Zimmer Biomet,2022-03-31,FY2022-Q1,USD,1663200000.0,,198400000.0,432200000.0,14200000.0,0.07,,11.929,25.986,0.854,2022-01-01,Q,False,SEC XBRL
ZBH,Zimmer Biomet,2022-06-30,FY2022-Q2,USD,1781800000.0,,280900000.0,513600000.0,153700000.0,0.73,,15.765,28.825,8.626,2022-04-01,Q,False,SEC XBRL
ZBH,Zimmer Biomet,2022-09-30,FY2022-Q3,USD,1669800000.0,,245300000.0,476700000.0,194000000.0,0.92,,14.69,28.548,11.618,2022-07-01,Q,False,SEC XBRL
ZBH,Zimmer Biomet,2022-12-31,FY2022-Q4,USD,1825100000.0,,-28300000.0,200200000.0,-130500000.0,-0.6200000000000001,,-1.551,10.969,-7.15,2022-09-30,Q,True,SEC XBRL
ZBH,Zimmer Biomet,2023-03-31,FY2023-Q1,USD,1831000000.0,,327300000.0,559100000.0,232500000.0,1.11,,17.875,30.535,12.698,2023-01-01,Q,False,SEC XBRL
ZBH,Zimmer Biomet,2023-06-30,FY2023-Q2,USD,1869600000.0,,329600000.0,567100000.0,209600000.0,1.0,,17.629,30.333,11.211,2023-04-01,Q,False,SEC XBRL
ZBH,Zimmer Biomet,2023-09-30,FY2023-Q3,USD,1753600000.0,,266600000.0,507800000.0,162700000.0,0.77,,15.203,28.958,9.278,2023-07-01,Q,False,SEC XBRL
ZBH,Zimmer Biomet,2023-12-31,FY2023-Q4,USD,1940000000.0,,354200000.0,595400000.0,419200000.0,2.0,,18.258,30.691,21.608,2023-09-30,Q,True,SEC XBRL
ZBH,Zimmer Biomet,2024-03-31,FY2024-Q1,USD,1889200000.0,,265900000.0,504500000.0,172400000.0,0.84,,14.075,26.704,9.126,2024-01-01,Q,False,SEC XBRL
ZBH,Zimmer Biomet,2024-06-30,FY2024-Q2,USD,1942000000.0,,351300000.0,594500000.0,242800000.0,1.18,,18.09,30.613,12.503,2024-04-01,Q,False,SEC XBRL
ZBH,Zimmer Biomet,2024-09-30,FY2024-Q3,USD,1824200000.0,,279500000.0,530400000.0,249100000.0,1.23,,15.322,29.076,13.655,2024-07-01,Q,False,SEC XBRL
ZBH,Zimmer Biomet,2024-12-31,FY2024-Q4,USD,2023200000.0,,389000000.0,652600000.0,239500000.0,1.1799999999999995,,19.227,32.256,11.838,2024-09-30,Q,True,SEC XBRL
ZBH,Zimmer Biomet,2025-03-31,FY2025-Q1,USD,1909100000.0,,292300000.0,546700000.0,182000000.0,0.91,,15.311,28.637,9.533,2025-01-01,Q,False,SEC XBRL
ZBH,Zimmer Biomet,2025-06-30,FY2025-Q2,USD,2077300000.0,,300000000.0,571800000.0,152800000.0,0.77,,14.442,27.526,7.356,2025-04-01,Q,False,SEC XBRL
ZBH,Zimmer Biomet,2025-09-30,FY2025-Q3,USD,2001400000.0,,351300000.0,634900000.0,230900000.0,1.16,,17.553,31.723,11.537,2025-07-01,Q,False,SEC XBRL
ZBH,Zimmer Biomet,2025-12-31,FY2025-Q4,USD,2243700000.0,,154500000.0,438500000.0,139400000.0,0.71,,6.886,19.544,6.213,2025-09-30,Q,True,SEC XBRL
ZBH,Zimmer Biomet,2026-03-31,FY2026-Q1,USD,2086700000.0,,373200000.0,643200000.0,238100000.0,1.22,,17.885,30.824,11.41,2026-01-01,Q,False,SEC XBRL
ZS,"Zscaler, Inc.",2020-07-31,FY2020-Q4,USD,125887000.0,94529000.0,-44887000.0,,-49549000.0,,75.09,-35.657,,-39.36,2020-04-30,Q,True,SEC XBRL
ZS,"Zscaler, Inc.",2020-10-31,FY2021-Q1,USD,142578000.0,110851000.0,-42667000.0,,-55006000.0,-0.41,77.748,-29.925,,-38.58,2020-08-01,Q,False,SEC XBRL
ZS,"Zscaler, Inc.",2021-01-31,FY2021-Q2,USD,157044000.0,122909000.0,-53898000.0,,-67541000.0,-0.5,78.264,-34.32,,-43.008,2020-11-01,Q,False,SEC XBRL
ZS,"Zscaler, Inc.",2021-04-30,FY2021-Q3,USD,176404000.0,137427000.0,-43850000.0,,-58459000.0,-0.43,77.905,-24.858,,-33.139,2021-02-01,Q,False,SEC XBRL
ZS,"Zscaler, Inc.",2021-07-31,FY2021-Q4,USD,197074000.0,151596000.0,-67397000.0,,-81023000.0,-0.5900000000000001,76.923,-34.199,,-41.113,2021-04-30,Q,True,SEC XBRL
ZS,"Zscaler, Inc.",2021-10-31,FY2022-Q1,USD,230517000.0,178348000.0,-74371000.0,,-90801000.0,-0.65,77.369,-32.263,,-39.39,2021-08-01,Q,False,SEC XBRL
ZS,"Zscaler, Inc.",2022-01-31,FY2022-Q2,USD,255563000.0,197780000.0,-83932000.0,,-100420000.0,-0.71,77.39,-32.842,,-39.294,2021-11-01,Q,False,SEC XBRL
ZS,"Zscaler, Inc.",2022-04-30,FY2022-Q3,USD,286807000.0,222785000.0,-86597000.0,,-101405000.0,-0.72,77.678,-30.193,,-35.357,2022-02-01,Q,False,SEC XBRL
ZS,"Zscaler, Inc.",2022-07-31,FY2022-Q4,USD,318059000.0,249751000.0,-82529000.0,,-97652000.0,-0.69,78.523,-25.948,,-30.702,2022-04-30,Q,True,SEC XBRL
ZS,"Zscaler, Inc.",2022-10-31,FY2023-Q1,USD,355548000.0,278851000.0,-69087000.0,,-68162000.0,-0.48,78.429,-19.431,,-19.171,2022-08-01,Q,False,SEC XBRL
ZS,"Zscaler, Inc.",2023-01-31,FY2023-Q2,USD,387598000.0,299994000.0,-65238000.0,,-57453000.0,-0.4,77.398,-16.831,,-14.823,2022-11-01,Q,False,SEC XBRL
ZS,"Zscaler, Inc.",2023-04-30,FY2023-Q3,USD,418800000.0,322951000.0,-55746000.0,,-46046000.0,-0.32,77.113,-13.311,,-10.995,2023-02-01,Q,False,SEC XBRL
ZS,"Zscaler, Inc.",2023-07-31,FY2023-Q4,USD,455006000.0,352324000.0,-44552000.0,,-30674000.0,-0.1999999999999999,77.433,-9.792,,-6.741,2023-04-30,Q,True,SEC XBRL
ZS,"Zscaler, Inc.",2023-10-31,FY2024-Q1,USD,496703000.0,385309000.0,-46057000.0,,-33483000.0,-0.23,77.573,-9.273,,-6.741,2023-08-01,Q,False,SEC XBRL
ZS,"Zscaler, Inc.",2024-01-31,FY2024-Q2,USD,524999000.0,407800000.0,-45457000.0,,-28469000.0,-0.19,77.676,-8.658,,-5.423,2023-11-01,Q,False,SEC XBRL
ZS,"Zscaler, Inc.",2024-04-30,FY2024-Q3,USD,553201000.0,434870000.0,-3013000.0,,19124000.0,0.12,78.61,-0.545,,3.457,2024-02-01,Q,False,SEC XBRL
ZS,"Zscaler, Inc.",2024-07-31,FY2024-Q4,USD,592868000.0,462663000.0,-26950000.0,,-14878000.0,-0.0899999999999999,78.038,-4.546,,-2.509,2024-04-30,Q,True,SEC XBRL
ZS,"Zscaler, Inc.",2024-10-31,FY2025-Q1,USD,627955000.0,486493000.0,-30667000.0,,-12051000.0,-0.08,77.473,-4.884,,-1.919,2024-08-01,Q,False,SEC XBRL
ZS,"Zscaler, Inc.",2025-01-31,FY2025-Q2,USD,647900000.0,499402000.0,-40140000.0,,-7724000.0,-0.05,77.08,-6.195,,-1.192,2024-11-01,Q,False,SEC XBRL
ZS,"Zscaler, Inc.",2025-04-30,FY2025-Q3,USD,678034000.0,522056000.0,-25411000.0,2779000.0,-4125000.0,-0.03,76.996,-3.748,0.41,-0.608,2025-02-01,Q,False,SEC XBRL
ZS,"Zscaler, Inc.",2025-07-31,FY2025-Q4,USD,719226000.0,546986000.0,-32242000.0,,-17578000.0,-0.11,76.052,-4.483,,-2.444,2025-04-30,Q,True,SEC XBRL
ZS,"Zscaler, Inc.",2025-10-31,FY2026-Q1,USD,788112000.0,603359000.0,-36362000.0,,-11615000.0,-0.07,76.558,-4.614,,-1.474,2025-08-01,Q,False,SEC XBRL
ZS,"Zscaler, Inc.",2026-01-31,FY2026-Q2,USD,815751000.0,624491000.0,-51773000.0,,-34312000.0,-0.21,76.554,-6.347,,-4.206,2025-11-01,Q,False,SEC XBRL
ZS,"Zscaler, Inc.",2026-04-30,FY2026-Q3,USD,850475000.0,657823000.0,-29640000.0,8376000.0,-13883000.0,-0.09,77.348,-3.485,0.985,-1.632,2026-02-01,Q,False,SEC XBRL
