ticker,company,sector,cik,in_sp500,in_nasdaq,in_fortune500
A,Agilent Technologies,Health Care,0001090872,True,False,False
AA,Alcoa Corp,,0001675149,False,False,True
AACB,Artius II Acquisition Inc.,,0002034334,False,True,False
AACI,Armada Acquisition Corp. III,,0002092897,False,True,False
AACO,Abony Acquisition Corp. I,,0002099906,False,True,False
AACP,Apogee Acquisition Corp,,0002102123,False,True,False
AAL,"American Airlines Group, Inc.",,0000006201,False,True,True
AAME,Atlantic American Corporation,,0000008177,False,True,False
AAOI,"Applied Optoelectronics, Inc.",,0001158114,False,True,False
AAON,"AAON, Inc.",,0000824142,False,True,False
AAP,ADVANCE AUTO PARTS INC,,0001158449,False,False,True
AAPG,Ascentage Pharma Group International,,0002023311,False,True,False
AAPL,Apple Inc.,Information Technology,0000320193,True,True,True
AARD,"Aardvark Therapeutics, Inc.",,0001774857,False,True,False
ABAT,American Battery Technology Company,,0001576873,False,True,False
ABBV,AbbVie,Health Care,0001551152,True,False,True
ABCL,AbCellera Biologics Inc.,,0001703057,False,True,False
ABEO,Abeona Therapeutics Inc.,,0000318306,False,True,False
ABG,ASBURY AUTOMOTIVE GROUP INC,,0001144980,False,False,True
ABLV,Able View Global Inc.,,0001957489,False,True,False
ABNB,Airbnb,Consumer Discretionary,0001559720,True,True,True
ABOS,"Acumen Pharmaceuticals, Inc.",,0001576885,False,True,False
ABSI,Absci Corporation,,0001672688,False,True,False
ABT,Abbott Laboratories,Health Care,0000001800,True,False,True
ABTC,American Bitcoin Corp.,,0001755953,False,True,False
ABTS,Abits Group Inc,,0001864055,False,True,False
ABUS,Arbutus Biopharma Corporation,,0001447028,False,True,False
ABVC,"ABVC BioPharma, Inc.",,0001173313,False,True,False
ACAA,Averin Capital Acquisition Corp.,,0002096900,False,True,False
ACAD,ACADIA Pharmaceuticals Inc.,,0001070494,False,True,False
ACB,Aurora Cannabis Inc.,,0001683541,False,True,False
ACCL,Acco Group Holdings Limited,,0002038378,False,True,False
ACDC,ProFrac Holding Corp.,,0001881487,False,True,False
ACET,"Adicet Bio, Inc.",,0001720580,False,True,False
ACFN,"Acorn Energy, Inc.",,0000880984,False,True,False
ACGC,ACP Holdings Acquisition Corp.,,0002111542,False,True,False
ACGL,Arch Capital Group,Financials,0000947484,True,True,False
ACHC,"Acadia Healthcare Company, Inc.",,0001520697,False,True,False
ACHV,"Achieve Life Sciences, Inc.",,0000949858,False,True,False
ACI,"Albertsons Companies, Inc.",,0001646972,False,False,True
ACIC,American Coastal Insurance Corporation,,0001401521,False,True,False
ACIU,AC Immune SA,,0001651625,False,True,False
ACIW,"ACI Worldwide, Inc.",,0000935036,False,True,False
ACLS,"Axcelis Technologies, Inc.",,0001113232,False,True,False
ACM,AECOM,,0000868857,False,False,True
ACMR,"ACM Research, Inc.",,0001680062,False,True,False
ACN,Accenture,Information Technology,0001467373,True,False,False
ACNB,ACNB Corporation,,0000715579,False,True,False
ACNT,Ascent Industries Co.,,0000095953,False,True,False
ACOG,Alpha Cognition Inc.,,0001655923,False,True,False
ACON,"Aclarion, Inc.",,0001635077,False,True,False
ACRS,"Aclaris Therapeutics, Inc.",,0001557746,False,True,False
ACRV,"Acrivon Therapeutics, Inc.",,0001781174,False,True,False
ACT,"Enact Holdings, Inc.",,0001823529,False,True,False
ACTG,Acacia Research Corporation,,0000934549,False,True,False
ACTU,"Actuate Therapeutics, Inc.",,0001652935,False,True,False
ACXP,"Acurx Pharmaceuticals, Inc.",,0001736243,False,True,False
ADAC,American Drive Acquisition Company,,0002083002,False,True,False
ADAG,Adagene Inc.,,0001818838,False,True,False
ADAM,"Adamas Trust, Inc.",,0001273685,False,True,False
ADBE,Adobe Inc.,Information Technology,0000796343,True,True,True
ADEA,Adeia Inc.,,0001803696,False,True,False
ADGM,"Adagio Medical Holdings, Inc",,0002006986,False,True,False
ADI,Analog Devices,Information Technology,0000006281,True,True,True
ADIL,"Adial Pharmaceuticals, Inc",,0001513525,False,True,False
ADM,Archer Daniels Midland,Consumer Staples,0000007084,True,False,True
ADMA,ADMA Biologics Inc,,0001368514,False,True,False
ADP,Automatic Data Processing,Industrials,0000008670,True,True,True
ADPT,Adaptive Biotechnologies Corporation,,0001478320,False,True,False
ADSE,ADS-TEC ENERGY PLC,,0001879248,False,True,False
ADSK,Autodesk,Information Technology,0000769397,True,True,False
ADTN,"ADTRAN Holdings, Inc.",,0000926282,False,True,False
ADUR,Aduro Clean Technologies Inc.,,0001863934,False,True,False
ADUS,Addus HomeCare Corporation,,0001468328,False,True,False
ADV,Advantage Solutions Inc.,,0001776661,False,True,False
ADVB,Advanced Biomed Inc.,,0001941029,False,True,False
AEAQ,Activate Energy Acquisition Corp.,,0002083689,False,True,False
AEBI,Aebi Schmidt Holding AG,,0002048519,False,True,False
AEC,Anfield Energy Inc.,,0001519469,False,True,False
AEE,Ameren,Utilities,0001002910,True,False,True
AEHL,Antelope Enterprise Holdings Limited,,0001470683,False,True,False
AEHR,Aehr Test Systems,,0001040470,False,True,False
AEI,Alset Inc.,,0001750106,False,True,False
AEIS,"Advanced Energy Industries, Inc.",,0000927003,False,True,False
AEMD,"Aethlon Medical, Inc.",,0000882291,False,True,False
AENT,Alliance Entertainment Holding Corporation,,0001823584,False,True,False
AEP,American Electric Power,Utilities,0000004904,True,True,True
AERT,"Aeries Technology, Inc.",,0001853044,False,True,False
AES,AES Corporation,Utilities,0000874761,True,False,True
AESP,Aeon Acquisition I Corp.,,0002082526,False,True,False
AEVA,"Aeva Technologies, Inc.",,0001789029,False,True,False
AEYE,"AudioEye, Inc.",,0001362190,False,True,False
AFCG,Advanced Flower Capital Inc.,,0001822523,False,True,False
AFJK,"Aimei Health Technology Co., Ltd",,0001979005,False,True,False
AFL,Aflac,Financials,0000004977,True,False,True
AFRI,Forafric Global PLC,,0001903870,False,True,False
AFRM,"Affirm Holdings, Inc.",,0001820953,False,True,False
AFYA,Afya Limited,,0001771007,False,True,False
AGCC,Agencia Comercial Spirits Ltd,,0002060016,False,True,False
AGEN,Agenus Inc.,,0001098972,False,True,False
AGIO,"Agios Pharmaceuticals, Inc.",,0001439222,False,True,False
AGMB,AgomAb Therapeutics NV,,0002020932,False,True,False
AGMH,AGM Group Holdings Inc.,,0001705402,False,True,False
AGNC,AGNC Investment Corp.,,0001423689,False,True,False
AGNT,"AGNT, Inc.",,0001495932,False,True,False
AGPU,Axe Compute Inc.,,0001446159,False,True,False
AGRZ,Agroz Inc.,,0002009233,False,True,False
AGYS,"Agilysys, Inc.",,0000078749,False,True,False
AHCO,AdaptHealth Corp.,,0001725255,False,True,False
AHMA,Ambitions Enterprise Management Co. L.L.C,,0002010959,False,True,False
AIAI,AIAI Holdings Corporation,,0002096362,False,True,False
AIBZ,Bitzero Holdings Inc.,,0002100457,False,True,False
AIDX,"20/20 Biolabs, Inc.",,0001139685,False,True,False
AIFA,"All In FutureTech Alliance, Inc.",,0001708341,False,True,False
AIFC,AI Financial Corporation,,0000862861,False,True,False
AIFF,"Firefly Neuroscience, Inc.",,0000803578,False,True,False
AIFU,AIFU Inc.,,0001413855,False,True,False
AIG,American International Group,Financials,0000005272,True,False,True
AIHS,Senmiao Technology Limited,,0001711012,False,True,False
AIIO,Robo.ai Inc.,,0001932737,False,True,False
AIIR,Air Global PLC,,0002097725,False,True,False
AIMD,"Ainos, Inc.",,0001014763,False,True,False
AIOS,AIOS Tech Inc.,,0001603993,False,True,False
AIOT,"PowerFleet, Inc.",,0001774170,False,True,False
AIP,"Arteris, Inc.",,0001667011,False,True,False
AIRE,reAlpha Tech Corp.,,0001859199,False,True,False
AIRG,"Airgain, Inc.",,0001272842,False,True,False
AIRJ,AirJoule Technologies Corporation,,0001855474,False,True,False
AIRO,"AIRO Group Holdings, Inc.",,0001927958,False,True,False
AIRS,"AirSculpt Technologies, Inc.",,0001870940,False,True,False
AIRT,"Air T, Inc.",,0000353184,False,True,False
AIRTP,"Air T, Inc.",,0000353184,False,True,False
AISP,"Airship AI Holdings, Inc",,0001842566,False,True,False
AIXC,"AIxCrypto Holdings, Inc.",,0001460702,False,True,False
AIZ,Assurant,Financials,0001267238,True,False,True
AJG,Arthur J. Gallagher & Co.,Financials,0000354190,True,False,True
AKAM,Akamai Technologies,Information Technology,0001086222,True,True,False
AKAN,Akanda Corp.,,0001888014,False,True,False
AKBA,"Akebia Therapeutics, Inc.",,0001517022,False,True,False
AKTS,"Aktis Oncology, Inc.",,0002035832,False,True,False
ALAB,"Astera Labs, Inc.",,0001736297,False,True,False
ALB,Albemarle Corporation,Materials,0000915913,True,False,True
ALCO,"Alico, Inc.",,0000003545,False,True,False
ALDF,Aldel Financial II Inc.,,0002031561,False,True,False
ALDX,"Aldeyra Therapeutics, Inc.",,0001341235,False,True,False
ALEC,"Alector, Inc.",,0001653087,False,True,False
ALF,Centurion Acquisition Corp.,,0002010930,False,True,False
ALGM,"Allegro MicroSystems, Inc.",,0000866291,False,True,False
ALGN,Align Technology,Health Care,0001097149,True,True,False
ALGS,"Aligos Therapeutics, Inc.",,0001799448,False,True,False
ALGT,Allegiant Travel Company,,0001362468,False,True,False
ALHC,"Alignment Healthcare, Inc.",,0001832466,False,True,False
ALIS,Calisa Acquisition Corp,,0002026767,False,True,False
ALK,"ALASKA AIR GROUP, INC.",,0000766421,False,False,True
ALKS,Alkermes plc,,0001520262,False,True,False
ALKT,"Alkami Technology, Inc.",,0001529274,False,True,False
ALL,Allstate,Financials,0000899051,True,False,True
ALLE,Allegion,Industrials,0001579241,True,False,False
ALLO,"Allogene Therapeutics, Inc.",,0001737287,False,True,False
ALLR,"Allarity Therapeutics, Inc.",,0001860657,False,True,False
ALLT,Allot Ltd.,,0001365767,False,True,False
ALLY,Ally Financial Inc.,,0000040729,False,False,True
ALM,Almonty Industries Inc.,,0001670061,False,True,False
ALMR,"Alamar Biosciences, Inc.",,0002104204,False,True,False
ALMS,Alumis Inc.,,0001847367,False,True,False
ALMU,"Aeluma, Inc.",,0001828805,False,True,False
ALNT,Allient Inc.,,0000046129,False,True,False
ALNY,"Alnylam Pharmaceuticals, Inc.",,0001178670,False,True,False
ALOT,"AstroNova, Inc.",,0000008146,False,True,False
ALOV,"Aldabra 4 Liquidity Opportunity Vehicle, Inc.",,0002083989,False,True,False
ALOY,REalloys Inc.,,0001567900,False,True,False
ALP,Alpha Compute Corp,,0001095435,False,True,False
ALPS,ALPS Group Inc,,0002025774,False,True,False
ALPX,Alpex Acquisition Corporation,,0002125551,False,True,False
ALRM,"Alarm.com Holdings, Inc.",,0001459200,False,True,False
ALRS,Alerus Financial Corporation,,0000903419,False,True,False
ALT,"Altimmune, Inc.",,0001326190,False,True,False
ALTI,"AlTi Global, Inc.",,0001838615,False,True,False
ALTO,"Alto Ingredients, Inc.",,0000778164,False,True,False
ALV,AUTOLIV INC,,0001034670,False,False,True
ALVO,Alvotech,,0001898416,False,True,False
ALXO,ALX Oncology Holdings Inc.,,0001810182,False,True,False
ALZN,"Alzamend Neuro, Inc.",,0001677077,False,True,False
AMAL,Amalgamated Financial Corp.,,0001823608,False,True,False
AMAN,Amanat Acquisition Corp,,0002112457,False,True,False
AMAT,Applied Materials,Information Technology,0000006951,True,True,False
AMBA,"Ambarella, Inc.",,0001280263,False,True,False
AMCI,AMC Robotics Corporation,,0001937891,False,True,False
AMCR,Amcor,Materials,0001748790,True,False,False
AMCX,AMC Global Media Inc.,,0001514991,False,True,False
AMD,Advanced Micro Devices,Information Technology,0000002488,True,True,True
AME,Ametek,Industrials,0001037868,True,False,False
AMGN,Amgen,Health Care,0000318154,True,True,True
AMIX,"Autonomix Medical, Inc.",,0001617867,False,True,False
AMKR,"Amkor Technology, Inc.",,0001047127,False,True,False
AMLX,"Amylyx Pharmaceuticals, Inc.",,0001658551,False,True,False
AMOD,"Alpha Modus Holdings, Inc.",,0001862463,False,True,False
AMP,Ameriprise Financial,Financials,0000820027,True,False,True
AMPG,"Amplitech Group, Inc.",,0001518461,False,True,False
AMPGZ,"Amplitech Group, Inc.",,0001518461,False,True,False
AMPH,"Amphastar Pharmaceuticals, Inc.",,0001297184,False,True,False
AMPL,"Amplitude, Inc.",,0001866692,False,True,False
AMRX,"Amneal Pharmaceuticals, Inc.",,0001723128,False,True,False
AMSC,American Superconductor Corporation,,0000880807,False,True,False
AMSF,"AMERISAFE, Inc.",,0001018979,False,True,False
AMSS,AMASS Brands Inc.,,0001851491,False,True,False
AMST,Amesite Inc.,,0001807166,False,True,False
AMT,American Tower,Real Estate,0001053507,True,False,False
AMTX,"Aemetis, Inc",,0000738214,False,True,False
AMZN,Amazon,Consumer Discretionary,0001018724,True,True,True
AN,"AUTONATION, INC.",,0000350698,False,False,True
ANAB,"AnaptysBio, Inc.",,0001370053,False,True,False
ANDE,"The Andersons, Inc.",,0000821026,False,True,True
ANET,Arista Networks,Information Technology,0001596532,True,False,False
ANGH,Anghami Inc.,,0001871983,False,True,False
ANGI,Angi Inc.,,0001705110,False,True,False
ANGO,"AngioDynamics, Inc.",,0001275187,False,True,False
ANIK,Anika Therapeutics Inc.,,0000898437,False,True,False
ANIP,"ANI Pharmaceuticals, Inc.",,0001023024,False,True,False
ANIX,"Anixa Biosciences, Inc.",,0000715446,False,True,False
ANNA,"AleAnna, Inc.",,0001845123,False,True,False
ANNX,"Annexon, Inc.",,0001528115,False,True,False
ANPA,Rich Sparkle Holdings Limited,,0002031688,False,True,False
ANSC,Agriculture & Natural Solutions Acquisition Corporation,,0001854149,False,True,False
ANTA,Antalpha Platform Holding Company,,0002044255,False,True,False
ANTX,"AN2 Therapeutics, Inc.",,0001880438,False,True,False
ANY,Sphere 3D Corp.,,0001591956,False,True,False
AON,Aon plc,Financials,0000315293,True,False,False
AOS,A. O. Smith,Industrials,0000091142,True,False,False
AOSL,Alpha and Omega Semiconductor Limited,,0001387467,False,True,False
AOUT,"American Outdoor Brands, Inc.",,0001808997,False,True,False
APA,APA Corporation,Energy,0001841666,True,True,True
APAC,StoneBridge Acquisition II Corporation,,0002043630,False,True,False
APC,ARKO Petroleum Corp.,,0002080921,False,True,False
APD,Air Products,Materials,0000002969,True,False,True
APEI,"American Public Education, Inc.",,0001201792,False,True,False
APGE,"Apogee Therapeutics, Inc.",,0001974640,False,True,False
APH,Amphenol,Information Technology,0000820313,True,False,False
API,"Agora, Inc.",,0001802883,False,True,False
APLD,Applied Digital Corporation,,0001144879,False,True,False
APLM,Apollomics Inc.,,0001944885,False,True,False
APMC,AmperCap Acquisition Company,,0002101393,False,True,False
APMD,"Apnimed, Inc.",,0001745648,False,True,False
APO,Apollo Global Management,Financials,0001858681,True,False,True
APOG,"Apogee Enterprises, Inc.",,0000006845,False,True,False
APP,AppLovin,Information Technology,0001751008,True,True,False
APPF,"AppFolio, Inc.",,0001433195,False,True,False
APPN,Appian Corporation,,0001441683,False,True,False
APPS,"Digital Turbine, Inc.",,0000317788,False,True,False
APRE,"Aprea Therapeutics, Inc.",,0001781983,False,True,False
APTV,Aptiv,Consumer Discretionary,0001521332,True,False,False
APUR,Aperture AC,,0002093524,False,True,False
APVO,Aptevo Therapeutics Inc.,,0001671584,False,True,False
APWC,Asia Pacific Wire & Cable Corporation Limited,,0001026980,False,True,False
APXT,Apex Treasury Corporation,,0002079253,False,True,False
APYX,Apyx Medical Corporation,,0000719135,False,True,False
AQB,"AquaBounty Technologies, Inc.",,0001603978,False,True,False
AQMS,"Aqua Metals, Inc.",,0001621832,False,True,False
AQST,"Aquestive Therapeutics, Inc.",,0001398733,False,True,False
ARAI,Arrive AI Inc.,,0001818274,False,True,False
ARAY,Accuray Incorporated,,0001138723,False,True,False
ARBB,ARB IOT Group Limited,,0001930179,False,True,False
ARBE,Arbe Robotics Ltd.,,0001861841,False,True,False
ARCB,ArcBest Corporation,,0000894405,False,True,False
ARCC,Ares Capital Corporation,,0001287750,False,True,False
ARCI,Archimedes Tech SPAC Partners III Co.,,0002083910,False,True,False
ARCL,ARC Group Acquisition I Corp,,0002073515,False,True,False
ARCT,Arcturus Therapeutics Holdings Inc.,,0001768224,False,True,False
ARDX,"Ardelyx, Inc.",,0001437402,False,True,False
ARE,Alexandria Real Estate Equities,Real Estate,0001035443,True,False,False
AREC,American Resources Corporation,,0001590715,False,True,False
ARES,Ares Management,Financials,0001176948,True,False,False
ARHS,"Arhaus, Inc.",,0001875444,False,True,False
ARKO,ARKO Corp.,,0001823794,False,True,True
ARKR,Ark Restaurants Corp.,,0000779544,False,True,False
ARLP,"Alliance Resource Partners, L.P.",,0001086600,False,True,False
ARMK,Aramark,,0001584509,False,False,True
AROW,Arrow Financial Corporation,,0000717538,False,True,False
ARQ,"Arq, Inc.",,0001515156,False,True,False
ARQQ,Arqit Quantum Inc.,,0001859690,False,True,False
ARQT,"Arcutis Biotherapeutics, Inc.",,0001787306,False,True,False
ARRY,"Array Technologies, Inc.",,0001820721,False,True,False
ARTC,Art Technology Acquisition Corp.,,0002086545,False,True,False
ARTL,"Artelo Biosciences, Inc.",,0001621221,False,True,False
ARTNA,Artesian Resources Corporation,,0000863110,False,True,False
ARTV,"Artiva Biotherapeutics, Inc.",,0001817241,False,True,False
ARTW,"Art's-Way Manufacturing Co., Inc.",,0000007623,False,True,False
ARVN,"Arvinas, Inc.",,0001655759,False,True,False
ARW,"ARROW ELECTRONICS, INC.",,0000007536,False,False,True
ARWR,"Arrowhead Pharmaceuticals, Inc.",,0000879407,False,True,False
ARXS,"Arxis, Inc.",,0002093536,False,True,False
ASBP,"Aspire Biopharma Holdings, Inc.",,0001847345,False,True,False
ASLE,AerSale Corporation,,0001754170,False,True,False
ASMB,"Assembly Biosciences, Inc.",,0001426800,False,True,False
ASML,ASML Holding N.V.,,0000937966,False,True,False
ASND,Ascendis Pharma A/S,,0001612042,False,True,False
ASO,"Academy Sports and Outdoors, Inc.",,0001817358,False,True,False
ASPC,A SPAC III Acquisition Corp.,,0001890361,False,True,False
ASPI,ASP Isotopes Inc.,,0001921865,False,True,False
ASPS,Altisource Portfolio Solutions S.A.,,0001462418,False,True,False
ASPSW,Altisource Portfolio Solutions S.A.,,0001462418,False,True,False
ASPSZ,Altisource Portfolio Solutions S.A.,,0001462418,False,True,False
ASRV,AmeriServ Financial Inc.,,0000707605,False,True,False
ASST,"Strive, Inc.",,0001920406,False,True,False
ASTC,Astrotech Corporation,,0001001907,False,True,False
ASTE,"Astec Industries, Inc.",,0000792987,False,True,False
ASTH,Astrana Health Inc.,,0001083446,False,True,False
ASTI,"Ascent Solar Technologies, Inc",,0001350102,False,True,False
ASTL,Algoma Steel Group Inc.,,0001860805,False,True,False
ASTS,"AST SpaceMobile, Inc.",,0001780312,False,True,False
ASUR,Asure Software Inc,,0000884144,False,True,False
ASYS,"Amtech Systems, Inc.",,0000720500,False,True,False
ATAI,AtaiBeckley Inc.,,0002081043,False,True,False
ATCX,Atlas Critical Minerals Corporation,,0001684688,False,True,False
ATEC,"Alphatec Holdings, Inc.",,0001350653,False,True,False
ATER,"Aterian, Inc.",,0001757715,False,True,False
ATEX,Anterix Inc.,,0001304492,False,True,False
ATGL,Alpha Technology Group Limited,,0001967621,False,True,False
ATHR,"Aether Holdings, Inc.",,0002026353,False,True,False
ATII,Archimedes Tech SPAC Partners II Co.,,0002028516,False,True,False
ATLC,Atlanticus Holdings Corporation,,0001464343,False,True,False
ATLO,Ames National Corporation,,0001132651,False,True,False
ATLX,Atlas Lithium Corporation,,0001540684,False,True,False
ATNI,"ATN International, Inc.",,0000879585,False,True,False
ATO,Atmos Energy,Utilities,0000731802,True,False,False
ATOM,Atomera Incorporated,,0001420520,False,True,False
ATOS,"Atossa Therapeutics, Inc.",,0001488039,False,True,False
ATPC,Agape ATP Corporation,,0001713210,False,True,False
ATRA,"Atara Biotherapeutics, Inc.",,0001604464,False,True,False
ATRC,"AtriCure, Inc.",,0001323885,False,True,False
ATRO,Astronics Corporation,,0000008063,False,True,False
ATXG,Addentax Group Corp.,,0001650101,False,True,False
ATYR,"aTyr Pharma, Inc.",,0001339970,False,True,False
AUBN,"Auburn National Bancorporation, Inc.",,0000750574,False,True,False
AUC,ATIF Holdings Limited,,0001755058,False,True,False
AUDC,AudioCodes Ltd.,,0001086434,False,True,False
AUGO,Aura Minerals Inc.,,0001468642,False,True,False
AUID,authID Inc.,,0001534154,False,True,False
AUPH,Aurinia Pharmaceuticals Inc,,0001600620,False,True,False
AUR,"Aurora Innovation, Inc.",,0001828108,False,True,False
AURA,"Aura Biosciences, Inc.",,0001501796,False,True,False
AURE,Aurelion Inc.,,0001765850,False,True,False
AUUD,Auddia Inc.,,0001554818,False,True,False
AVAH,Aveanna Healthcare Holdings Inc.,,0001832332,False,True,False
AVAT,Avalanche Treasury Corporation,,0002092446,False,True,False
AVAV,"AeroVironment, Inc.",,0001368622,False,True,False
AVB,AvalonBay Communities,Real Estate,0000915912,True,False,False
AVBH,"Avidbank Holdings, Inc.",,0001443575,False,True,False
AVBP,"ArriVent BioPharma, Inc.",,0001868279,False,True,False
AVGO,Broadcom,Information Technology,0001730168,True,True,True
AVIR,"Atea Pharmaceuticals, Inc.",,0001593899,False,True,False
AVLN,Avalyn Pharma Inc.,,0001540171,False,True,False
AVNW,"Aviat Networks, Inc.",,0001377789,False,True,False
AVO,"Mission Produce, Inc.",,0001802974,False,True,False
AVPT,"AvePoint, Inc.",,0001777921,False,True,False
AVR,Anteris Technologies Global Corp.,,0002011514,False,True,False
AVT,"Avnet, Inc.",,0000008858,False,True,True
AVTR,"Avantor, Inc.",,0001722482,False,False,True
AVTX,"Avalo Therapeutics, Inc.",,0001534120,False,True,False
AVX,Avax One Technology Ltd.,,0001826397,False,True,False
AVXL,Anavex Life Sciences Corp.,,0001314052,False,True,False
AVY,Avery Dennison,Materials,0000008818,True,False,True
AWK,American Water Works,Utilities,0001410636,True,False,False
AWRE,"Aware, Inc.",,0001015739,False,True,False
AXG,Solowin Holdings,,0001959224,False,True,False
AXGN,"Axogen, Inc.",,0000805928,False,True,False
AXIN,Axiom Intelligence Acquisition Corp 1,,0002057030,False,True,False
AXON,Axon Enterprise,Industrials,0001069183,True,True,False
AXP,American Express,Financials,0000004962,True,False,True
AXSM,"Axsome Therapeutics, Inc.",,0001579428,False,True,False
AXTI,AXT Inc,,0001051627,False,True,False
AYA,Aya Gold & Silver Inc.,,0001826836,False,True,False
AYTU,"Aytu BioPharma, Inc.",,0001385818,False,True,False
AZ,A2Z Cust2Mate Solutions Corp.,,0001866030,False,True,False
AZI,Autozi Internet Technology (Global) Ltd.,,0001959726,False,True,False
AZIO,"Azio AI Holdings, Inc.",,0001563568,False,True,False
AZO,AutoZone,Consumer Discretionary,0000866787,True,False,True
AZTA,"Azenta, Inc.",,0000933974,False,True,False
BA,Boeing,Industrials,0000012927,True,False,True
BAC,Bank of America,Financials,0000070858,True,False,False
BACC,Blue Acquisition Corp.,,0002059654,False,True,False
BAER,"Bridger Aerospace Group Holdings, Inc.",,0001941536,False,True,False
BAFN,BayFirst Financial Corp.,,0001649739,False,True,False
BAH,Booz Allen Hamilton Holding Corp,,0001443646,False,False,True
BALL,Ball Corporation,Materials,0000009389,True,False,True
BAND,Bandwidth Inc.,,0001514416,False,True,False
BANF,BancFirst Corporation,,0000760498,False,True,False
BANFP,BancFirst Corporation,,0000760498,False,True,False
BANL,CBL International Limited,,0001914805,False,True,False
BANR,Banner Corporation,,0000946673,False,True,False
BANX,ArrowMark Financial Corp.,,0001578987,False,True,False
BAOS,Baosheng Media Group Holdings Limited,,0001811216,False,True,False
BATRA,"Atlanta Braves Holdings, Inc.",,0001958140,False,True,False
BATRK,"Atlanta Braves Holdings, Inc.",,0001958140,False,True,False
BAX,Baxter International,Health Care,0000010456,True,False,True
BBBY,"BED BATH & BEYOND, INC.",,0001130713,False,False,True
BBCP,"Concrete Pumping Holdings, Inc.",,0001703956,False,True,False
BBCQ,Bleichroeder Acquisition Corp. II,,0002088295,False,True,False
BBGI,"Beasley Broadcast Group, Inc.",,0001099160,False,True,False
BBIO,"BridgeBio Pharma, Inc.",,0001743881,False,True,False
BBLG,Bone Biologics Corp,,0001419554,False,True,False
BBNX,"Beta Bionics, Inc.",,0001674632,False,True,False
BBOT,"BridgeBio Oncology Therapeutics, Inc.",,0001869105,False,True,False
BBSI,"Barrett Business Services, Inc.",,0000902791,False,True,False
BBWI,"Bath & Body Works, Inc.",,0000701985,False,False,True
BBY,Best Buy,Consumer Discretionary,0000764478,True,False,True
BCAB,"BioAtla, Inc.",,0001826892,False,True,False
BCAL,California BanCorp,,0001795815,False,True,False
BCAR,D. Boral ARC Acquisition I Corp.,,0002065779,False,True,False
BCAX,Bicara Therapeutics Inc.,,0002023658,False,True,False
BCBP,"BCB Bancorp, Inc. (NJ)",,0001228454,False,True,False
BCC,BOISE CASCADE Co,,0001328581,False,False,True
BCCQ,Bleichroeder Acquisition Corp. III,,0002128045,False,True,False
BCDA,"BioCardia, Inc.",,0000925741,False,True,False
BCG,"Binah Capital Group, Inc.",,0001953984,False,True,False
BCIC,BCP Investment Corporation,,0001372807,False,True,False
BCML,BayCom Corp,,0001730984,False,True,False
BCPC,Balchem Corporation,,0000009326,False,True,False
BCRX,"BioCryst Pharmaceuticals, Inc.",,0000882796,False,True,False
BCTX,BriaCell Therapeutics Corp.,,0001610820,False,True,False
BDCI,BTC Development Corp.,,0002042292,False,True,False
BDMD,Baird Medical Investment Holdings Ltd,,0001982444,False,True,False
BDSX,"Biodesix, Inc.",,0001439725,False,True,False
BDTX,"Black Diamond Therapeutics, Inc.",,0001701541,False,True,False
BDX,Becton Dickinson,Health Care,0000010795,True,False,True
BEAG,Bold Eagle Acquisition Corp.,,0001852207,False,True,False
BEAM,Beam Therapeutics Inc.,,0001745999,False,True,False
BEAT,"Heartbeam, Inc.",,0001779372,False,True,False
BEEM,Beam Global,,0001398805,False,True,False
BEEP,Mobile Infrastructure Corporation,,0001847874,False,True,False
BELFA,Bel Fuse Inc.,,0000729580,False,True,False
BELFB,Bel Fuse Inc.,,0000729580,False,True,False
BEN,Franklin Resources,Financials,0000038777,True,False,True
BENF,Beneficient,,0001775734,False,True,False
BETR,Better Home & Finance Holding Company,,0001835856,False,True,False
BF-B,Brown–Forman,Consumer Staples,0000014693,True,False,False
BFC,Bank First Corporation,,0001746109,False,True,False
BFRG,"Bullfrog AI Holdings, Inc.",,0001829247,False,True,False
BFRI,Biofrontera Inc.,,0001858685,False,True,False
BFST,"Business First Bancshares, Inc.",,0001624322,False,True,False
BG,Bunge Global,Consumer Staples,0001996862,True,False,False
BGC,"BGC Group, Inc.",,0001094831,False,True,False
BGDE,"Big Digital Energy, Inc.",,0001218683,False,True,False
BGIN,Bgin Blockchain Limited,,0001945565,False,True,False
BGL,Blue Gold Limited,,0002019435,False,True,False
BGLC,BioNexus Gene Lab Corp,,0001737523,False,True,False
BGM,BGM Group Ltd.,,0001779578,False,True,False
BGMS,"Bio Green Med Solution, Inc.",,0001130166,False,True,False
BHAV,BHAV Acquisition Corp,,0002097288,False,True,False
BHF,"Brighthouse Financial, Inc.",,0001685040,False,True,True
BHRB,Burke & Herbert Financial Services Corp.,,0001964333,False,True,False
BHST,BioHarvest Sciences Inc.,,0001723464,False,True,False
BIAF,"bioAffinity Technologies, Inc.",,0001712762,False,True,False
BID,Tribeca Strategic Acquisition Corp.,,0002094919,False,True,False
BIIB,Biogen,Health Care,0000875045,True,True,True
BIOA,"BioAge Labs, Inc.",,0001709941,False,True,False
BIOT,Instinct Bio Technical Company Holdings Inc.,,0002072188,False,True,False
BIOX,Bioceres Crop Solutions Corp.,,0001769484,False,True,False
BIRD,"Smartbird, Inc.",,0001653909,False,True,False
BIVI,BioVie Inc.,,0001580149,False,True,False
BIXI,Bitcoin Infrastructure Acquisition Corp Ltd.,,0002082542,False,True,False
BIYA,Baiya International Group Inc.,,0001944712,False,True,False
BJ,"BJ's Wholesale Club Holdings, Inc.",,0001531152,False,False,True
BJDX,"Bluejay Diagnostics, Inc.",,0001704287,False,True,False
BJRI,"BJ's Restaurants, Inc.",,0001013488,False,True,False
BKHA,Black Hawk Acquisition Corporation,,0002000775,False,True,False
BKNG,Booking Holdings,Consumer Discretionary,0001075531,True,True,True
BKR,Baker Hughes,Energy,0001701605,True,True,True
BKYI,"BIO-key International, Inc.",,0001019034,False,True,False
BL,"BlackLine, Inc.",,0001666134,False,True,False
BLBD,Blue Bird Corporation,,0001589526,False,True,False
BLDP,"Ballard Power Systems, Inc.",,0001453015,False,True,False
BLDR,Builders FirstSource,Industrials,0001316835,True,False,True
BLFS,"BioLife Solutions, Inc.",,0000834365,False,True,False
BLIN,"Bridgeline Digital, Inc.",,0001378590,False,True,False
BLIV,BeLive Holdings,,0001982448,False,True,False
BLK,BlackRock,Financials,0002012383,True,False,True
BLKB,"Blackbaud, Inc.",,0001280058,False,True,False
BLLN,"BillionToOne, Inc.",,0002070849,False,True,False
BLMN,"Bloomin' Brands, Inc.",,0001546417,False,True,False
BLNE,"Beeline Holdings, Inc.",,0001534708,False,True,False
BLNK,Blink Charging Co.,,0001429764,False,True,False
BLRK,Bluerock Acquisition Corp.,,0002081532,False,True,False
BLUW,Blue Water Acquisition Corp. III,,0002050501,False,True,False
BLUWU,Blue Water Acquisition Corp. III,,0002050501,False,True,False
BLUWW,Blue Water Acquisition Corp. III,,0002050501,False,True,False
BLZE,"Backblaze, Inc.",,0001462056,False,True,False
BLZR,Trailblazer Acquisition Corp.,,0002075310,False,True,False
BMBL,Bumble Inc.,,0001830043,False,True,False
BMEA,"Biomea Fusion, Inc.",,0001840439,False,True,False
BMGL,Basel Medical Group Ltd,,0002004489,False,True,False
BMHL,Bluemount Holdings Limited,,0002027815,False,True,False
BMM,Blue Moon Metals Inc.,,0001732379,False,True,False
BMR,Beamr Imaging Ltd.,,0001899005,False,True,False
BMRA,"Biomerica, Inc.",,0000073290,False,True,False
BMRC,Bank of Marin Bancorp,,0001403475,False,True,False
BMRN,BioMarin Pharmaceutical Inc.,,0001048477,False,True,False
BMY,Bristol Myers Squibb,Health Care,0000014272,True,False,True
BNAI,Brand Engagement Network Inc.,,0001838163,False,True,False
BNC,CEA Industries Inc.,,0001482541,False,True,False
BNGO,"Bionano Genomics, Inc.",,0001411690,False,True,False
BNKK,"Bonk, Inc.",,0001760903,False,True,False
BNRG,Brenmiller Energy Ltd,,0001901215,False,True,False
BNTC,Benitec Biopharma Inc.,,0001808898,False,True,False
BNY,BNY Mellon,Financials,0001390777,True,False,True
BNZI,"Banzai International, Inc.",,0001826011,False,True,False
BODI,"The Beachbody Company, Inc.",,0001826889,False,True,False
BOF,BranchOut Food Inc.,,0001962481,False,True,False
BOKF,BOK Financial Corporation,,0000875357,False,True,False
BOLD,"Boundless Bio, Inc.",,0001782303,False,True,False
BOLT,"Bolt Biotherapeutics, Inc.",,0001641281,False,True,False
BON,Bon Natural Life Limited,,0001816815,False,True,False
BOOM,DMC Global Inc.,,0000034067,False,True,False
BOSC,B.O.S. Better Online Solutions,,0001005516,False,True,False
BOT,"RoboStrategy, Inc.",,0002081119,False,True,False
BOTJ,"Bank of the James Financial Group, Inc.",,0001275101,False,True,False
BOXL,Boxlight Corporation,,0001624512,False,True,False
BPAC,Blueport Acquisition Ltd,,0002064177,False,True,False
BPOP,"Popular, Inc.",,0000763901,False,True,False
BPOPM,"Popular, Inc.",,0000763901,False,True,False
BPRN,"Princeton Bancorp, Inc.",,0001913971,False,True,False
BPYPM,Brookfield Property Partners L.P.,,0001545772,False,True,False
BPYPN,Brookfield Property Partners L.P.,,0001545772,False,True,False
BPYPO,Brookfield Property Partners L.P.,,0001545772,False,True,False
BPYPP,Brookfield Property Partners L.P.,,0001545772,False,True,False
BR,Broadridge Financial Solutions,Industrials,0001383312,True,False,False
BRAG,Bragg Gaming Group Inc.,,0001867834,False,True,False
BRAI,Braiin Limited,,0002076975,False,True,False
BRBI,BRBI BR Partners S.A.,,0002058601,False,True,False
BRCB,"Black Rock Coffee Bar, Inc.",,0002068577,False,True,False
BREZ,Breeze Acquisition Corp. II,,0002095443,False,True,False
BRFH,Barfresh Food Group Inc.,,0001487197,False,True,False
BRID,Bridgford Foods Corporation,,0000014177,False,True,False
BRK-B,Berkshire Hathaway,Financials,0001067983,True,False,True
BRKH,Burtech Acquisition Corp II,,0002098707,False,True,False
BRKR,Bruker Corporation,,0001109354,False,True,False
BRLS,Borealis Foods Inc.,,0001852973,False,True,False
BRLT,"Brilliant Earth Group, Inc.",,0001866757,False,True,False
BRO,Brown & Brown,Financials,0000079282,True,False,False
BRR,"ProCap Financial, Inc.",,0002076163,False,True,False
BRRWW,"ProCap Financial, Inc.",,0002076163,False,True,False
BRTX,"BioRestorative Therapies, Inc.",,0001505497,False,True,False
BRUN,Boost Run Inc.,,0002090646,False,True,False
BRZE,"Braze, Inc.",,0001676238,False,True,False
BSAA,BEST SPAC I Acquisition Corp.,,0002051587,False,True,False
BSBK,Bogota Financial Corp.,,0001787414,False,True,False
BSET,"Bassett Furniture Industries, Incorporated",,0000010329,False,True,False
BSIN,Big Sky Industrial Inc.,,0000101594,False,True,False
BSP,Bending Spoons S.p.A.,,0002004711,False,True,False
BSRR,Sierra Bancorp,,0001130144,False,True,False
BSVN,Bank7 Corp.,,0001746129,False,True,False
BSX,Boston Scientific,Health Care,0000885725,True,False,True
BSY,"Bentley Systems, Incorporated",,0001031308,False,True,False
BTAI,"BioXcel Therapeutics, Inc.",,0001720893,False,True,False
BTBD,"BT Brands, Inc.",,0001718224,False,True,False
BTBT,"Bit Digital, Inc.",,0001710350,False,True,False
BTCS,BTCS Inc.,,0001436229,False,True,False
BTCT,BTC Digital Ltd.,,0001796514,False,True,False
BTDR,Bitdeer Technologies Group,,0001899123,False,True,False
BTMD,Biote Corp.,,0001819253,False,True,False
BTOC,Armlogi Holding Corp.,,0001972529,False,True,False
BTOG,Bit Origin Limited,,0001735556,False,True,False
BTQ,BTQ Technologies Corp.,,0001821866,False,True,False
BTSG,"BrightSpring Health Services, Inc.",,0001865782,False,True,False
BTSGU,"BrightSpring Health Services, Inc.",,0001865782,False,True,False
BTTC,Black Titan Corp,,0002034400,False,True,False
BULL,Webull Corporation,,0001866364,False,True,False
BURL,"Burlington Stores, Inc.",,0001579298,False,False,True
BUSE,First Busey Corporation,,0000314489,False,True,False
BUUU,BUUU Group Limited,,0002047273,False,True,False
BVC,BitVentures Limited,,0001785680,False,True,False
BVFL,"BV Financial, Inc.",,0001302387,False,True,False
BVS,Bioventus Inc.,,0001665988,False,True,False
BWA,BORGWARNER INC,,0000908255,False,False,True
BWB,"Bridgewater Bancshares, Inc.",,0001341317,False,True,False
BWEN,"Broadwind, Inc.",,0001120370,False,True,False
BWFG,"Bankwell Financial Group, Inc.",,0001505732,False,True,False
BWIN,"The Baldwin Insurance Group, Inc.",,0001781755,False,True,False
BWMN,Bowman Consulting Group Ltd.,,0001847590,False,True,False
BX,Blackstone Inc.,Financials,0001393818,True,False,True
BXBL,"BOXABL, Inc.",,0001906364,False,True,False
BXP,"BXP, Inc.",Real Estate,0001037540,True,False,False
BYAH,"Park Ha Biological Technology Co., Ltd.",,0001986247,False,True,False
BYFC,Broadway Financial Corporation,,0001001171,False,True,False
BYND,"Beyond Meat, Inc.",,0001655210,False,True,False
BYRN,"Byrna Technologies, Inc.",,0001354866,False,True,False
BYSI,"BeyondSpring, Inc.",,0001677940,False,True,False
BZ,KANZHUN LIMITED,,0001842827,False,True,False
BZAI,"Blaize Holdings, Inc.",,0001871638,False,True,False
BZFD,"BuzzFeed, Inc.",,0001828972,False,True,False
C,Citigroup,Financials,0000831001,True,False,True
CAAS,"China Automotive Systems, Inc.",,0002037400,False,True,False
CABA,"Cabaletta Bio, Inc.",,0001759138,False,True,False
CABR,"Caring Brands, Inc.",,0002020737,False,True,False
CAC,Camden National Corporation,,0000750686,False,True,False
CACC,Credit Acceptance Corporation,,0000885550,False,True,False
CADL,"Candel Therapeutics, Inc.",,0001841387,False,True,False
CAE,CAE Inc,,0001173382,False,True,False
CAES,"Cantor Equity Partners VII, Inc.",,0002087965,False,True,False
CAG,CONAGRA BRANDS INC.,,0000023217,False,False,True
CAH,Cardinal Health,Health Care,0000721371,True,False,True
CAI,"Caris Life Sciences, Inc.",,0002019410,False,True,False
CAII,Collective Acquisition Corp. II,,0002115404,False,True,False
CAKE,The Cheesecake Factory Incorporated,,0000887596,False,True,False
CALC,"CalciMedica, Inc.",,0001534133,False,True,False
CALM,"Cal-Maine Foods, Inc.",,0000016160,False,True,False
CAMP,CAMP4 Therapeutics Corporation,,0001736730,False,True,False
CAMT,Camtek Ltd.,,0001109138,False,True,False
CAPN,Cayson Acquisition Corp,,0002024203,False,True,False
CAPR,"Capricor Therapeutics, Inc.",,0001133869,False,True,False
CAPS,Capstone Holding Corp.,,0000887151,False,True,False
CAQ,Cambridge Acquisition Corp.,,0002100125,False,True,False
CAR,"Avis Budget Group, Inc.",,0000723612,False,True,True
CARE,"Carter Bankshares, Inc.",,0001829576,False,True,False
CARG,"CarGurus, Inc.",,0001494259,False,True,False
CARL,"Carlsmed, Inc.",,0001794546,False,True,False
CARR,Carrier Global,Industrials,0001783180,True,False,True
CART,Maplebear Inc.,,0001579091,False,True,False
CASH,"Pathward Financial, Inc.",,0000907471,False,True,False
CASS,"Cass Information Systems, Inc",,0000708781,False,True,False
CAST,"FreeCast, Inc.",,0001633369,False,True,False
CASY,Casey's,Consumer Staples,0000726958,True,True,False
CAT,Caterpillar Inc.,Industrials,0000018230,True,False,True
CATY,Cathay General Bancorp,,0000861842,False,True,False
CB,Chubb Limited,Financials,0000896159,True,False,False
CBAT,CBAK Energy Technology Limited,,0002086841,False,True,False
CBC,"Central Bancompany, Inc.",,0002065601,False,True,False
CBFV,"CB Financial Services, Inc.",,0001605301,False,True,False
CBIO,"Crescent Biopharma, Inc.",,0001253689,False,True,False
CBK,"Commercial Bancgroup, Inc.",,0001981546,False,True,False
CBLL,"CeriBell, Inc.",,0001861107,False,True,False
CBNK,"Capital Bancorp, Inc.",,0001419536,False,True,False
CBOE,Cboe Global Markets,Financials,0001374310,True,False,False
CBRE,CBRE Group,Real Estate,0001138118,True,False,True
CBRL,"Cracker Barrel Old Country Store, Inc.",,0001067294,False,True,False
CBRS,Cerebras Systems Inc.,,0002021728,False,True,False
CBSH,"Commerce Bancshares, Inc.",,0000022356,False,True,False
CBUS,"Cibus, Inc.",,0001705843,False,True,False
CCAP,"Crescent Capital BDC, Inc.",,0001633336,False,True,False
CCAQ,Collective Acquisition Corp.,,0002041047,False,True,False
CCB,Coastal Financial Corporation,,0001437958,False,True,False
CCBG,Capital City Bank Group,,0000726601,False,True,False
CCC,CCC Intelligent Solutions Holdings Inc.,,0001818201,False,True,False
CCCC,"C4 Therapeutics, Inc.",,0001662579,False,True,False
CCCT,Columbus Circle Capital Corp III,,0002123471,False,True,False
CCD,Calamos Dynamic Convertible & Income Fund,,0001602584,False,True,False
CCEC,Capital Clean Energy Carriers Corp.,,0001392326,False,True,False
CCEP,Coca-Cola Europacific Partners plc,,0001650107,False,True,False
CCG,Cheche Group Inc.,,0001965473,False,True,False
CCHH,CCH Holdings Ltd,,0002074123,False,True,False
CCI,Crown Castle,Real Estate,0001051470,True,False,False
CCII,Cohen Circle Acquisition Corp. II,,0002064683,False,True,False
CCK,"CROWN HOLDINGS, INC.",,0001219601,False,False,True
CCL,Carnival Corporation,Consumer Discretionary,0000815097,True,False,False
CCLD,"CareCloud, Inc.",,0001582982,False,True,False
CCNE,CNB Financial Corporation,,0000736772,False,True,False
CCOI,"Cogent Communications Holdings, Inc.",,0001158324,False,True,False
CCSI,"Consensus Cloud Solutions, Inc.",,0001866633,False,True,False
CCTG,CCSC Technology International Holdings Limited,,0001931717,False,True,False
CCXI,Churchill Capital Corp XI,,0002074973,False,True,False
CD,Chaince Digital Holdings Inc.,,0001527762,False,True,False
CDIO,Cardio Diagnostics Holdings Inc.,,0001870144,False,True,False
CDLX,"Cardlytics, Inc.",,0001666071,False,True,False
CDNA,"CareDx, Inc.",,0001217234,False,True,False
CDNL,Cardinal Infrastructure Group Inc.,,0002079999,False,True,False
CDNS,Cadence Design Systems,Information Technology,0000813672,True,True,False
CDRO,"Codere Online Luxembourg, S.A.",,0001866782,False,True,False
CDT,CDT Equity Inc.,,0001896212,False,True,False
CDTG,CDT Environmental Technology Investment Holdings Limited,,0001793895,False,True,False
CDW,CDW Corporation,Information Technology,0001402057,True,True,True
CDXS,"Codexis, Inc.",,0001200375,False,True,False
CDZI,"Cadiz, Inc.",,0000727273,False,True,False
CE,Celanese Corp,,0001306830,False,False,True
CECO,CECO Environmental Corp.,,0000003197,False,True,False
CEG,Constellation Energy,Utilities,0001868275,True,True,True
CELC,Celcuity Inc.,,0001603454,False,True,False
CELH,"Celsius Holdings, Inc.",,0001341766,False,True,False
CELU,Celularity Inc.,,0001752828,False,True,False
CELZ,"Creative Medical Technology Holdings, Inc.",,0001187953,False,True,False
CENN,Cenntro Inc.,,0001707919,False,True,False
CENT,Central Garden & Pet Company,,0000887733,False,True,False
CENTA,Central Garden & Pet Company,,0000887733,False,True,False
CENX,Century Aluminum Company,,0000949157,False,True,False
CEPF,"Cantor Equity Partners IV, Inc.",,0002034267,False,True,False
CEPL,"Capstone Energy Plus, Inc.",,0001009759,False,True,False
CEPO,"Cantor Equity Partners I, Inc.",,0002027708,False,True,False
CEPS,"Cantor Equity Partners VI, Inc.",,0002089536,False,True,False
CEPV,"Cantor Equity Partners V, Inc.",,0002034266,False,True,False
CERS,Cerus Corporation,,0001020214,False,True,False
CERT,"Certara, Inc.",,0001827090,False,True,False
CETX,Cemtrex Inc.,,0001435064,False,True,False
CETY,"Clean Energy Technologies, Inc.",,0001329606,False,True,False
CEVA,"CEVA, Inc.",,0001173489,False,True,False
CF,CF Industries,Materials,0001324404,True,False,True
CFBK,CF Bankshares Inc.,,0001070680,False,True,False
CFFI,C&F Financial Corporation,,0000913341,False,True,False
CFFN,"Capitol Federal Financial, Inc.",,0001490906,False,True,False
CFG,Citizens Financial Group,Financials,0000759944,True,False,False
CG,The Carlyle Group Inc.,,0001527166,False,True,False
CGBD,"Carlyle Secured Lending, Inc.",,0001544206,False,True,False
CGC,Canopy Growth Corporation,,0001737927,False,True,False
CGEM,"Cullinan Therapeutics, Inc.",,0001789972,False,True,False
CGEN,Compugen Ltd.,,0001119774,False,True,False
CGNT,Cognyte Software Ltd.,,0001824814,False,True,False
CGNX,Cognex Corporation,,0000851205,False,True,False
CGO,Calamos Global Total Return Fund,,0001285650,False,True,False
CGON,"CG Oncology, Inc.",,0001991792,False,True,False
CGTL,Creative Global Technology Holdings Limited,,0001967822,False,True,False
CGTX,"Cognition Therapeutics, Inc.",,0001455365,False,True,False
CHAI,"Core AI Holdings, Inc.",,0001649009,False,True,False
CHAR,Charlton Aria Acquisition Corporation,,0002024459,False,True,False
CHCI,"Comstock Holding Companies, Inc.",,0001299969,False,True,False
CHCO,City Holding Company,,0000726854,False,True,False
CHD,Church & Dwight,Consumer Staples,0000313927,True,False,False
CHDN,"Churchill Downs, Incorporated",,0000020212,False,True,False
CHEC,Chenghe Acquisition III Co.,,0002047177,False,True,False
CHEF,"The Chefs' Warehouse, Inc.",,0001517175,False,True,False
CHGA,Change Agents Corporation,,0001630212,False,True,False
CHI,Calamos Convertible Opportunities and Income Fund,,0001171471,False,True,False
CHKP,Check Point Software Technologies Ltd.,,0001015922,False,True,False
CHMG,Chemung Financial Corp,,0000763563,False,True,False
CHNR,"China Natural Resources, Inc.",,0000793628,False,True,False
CHPG,ChampionsGate Acquisition Corporation,,0002024460,False,True,False
CHR,"Cheer Holding, Inc.",,0001738758,False,True,False
CHRD,Chord Energy Corporation,,0001486159,False,True,False
CHRN,ChronoScale Holdings Corporation,,0001549084,False,True,False
CHRS,"Coherus Oncology, Inc.",,0001512762,False,True,False
CHRW,C.H. Robinson,Industrials,0001043277,True,True,True
CHSCP,CHS INC,,0000823277,False,False,True
CHSN,Chanson International Holding,,0001825349,False,True,False
CHTR,Charter Communications,Communication Services,0001091667,True,True,False
CHW,Calamos Global Dynamic Income Fund,,0001396277,False,True,False
CHWY,"Chewy, Inc.",,0001766502,False,False,True
CHY,Calamos Convertible and High Income Fund,,0001222719,False,True,False
CHYM,"Chime Financial, Inc.",,0001795586,False,True,False
CI,Cigna,Health Care,0001739940,True,False,True
CIEN,Ciena,Information Technology,0000936395,True,False,False
CIFR,Cipher Digital Inc.,,0001819989,False,True,False
CIGI,Colliers International Group Inc.,,0000913353,False,True,False
CIGL,Concorde International Group Ltd,,0002001794,False,True,False
CIIT,"Tianci International, Inc.",,0001557798,False,True,False
CINF,Cincinnati Financial,Financials,0000020286,True,True,False
CING,Cingulate Inc.,,0001862150,False,True,False
CIRC,"Circle8 Group, Inc.",,0001605888,False,True,False
CISO,"CISO Global, Inc.",,0001777319,False,True,False
CISS,C3is Inc.,,0001951067,False,True,False
CIVB,"Civista Bancshares, Inc.",,0000944745,False,True,False
CJMB,Callan JMB Inc.,,0002032545,False,True,False
CL,Colgate-Palmolive,Consumer Staples,0000021665,True,False,True
CLAR,Clarus Corporation,,0000913277,False,True,False
CLBK,"Columbia Financial, Inc.",,0002115119,False,True,False
CLBT,Cellebrite DI Ltd.,,0001854587,False,True,False
CLDX,"Celldex Therapeutics, Inc.",,0000744218,False,True,False
CLF,CLEVELAND-CLIFFS INC.,,0000764065,False,False,True
CLFD,"Clearfield, Inc.",,0000796505,False,True,False
CLGN,CollPlant Biotechnologies Ltd.,,0001631487,False,True,False
CLIK,Click Holdings Limited,,0002020027,False,True,False
CLIR,ClearSign Technologies Corporation,,0001434524,False,True,False
CLMB,"Climb Global Solutions, Inc.",,0000945983,False,True,False
CLMT,"Calumet, Inc",,0002013745,False,True,False
CLNE,Clean Energy Fuels Corp.,,0001368265,False,True,False
CLNN,Clene Inc.,,0001822791,False,True,False
CLOV,"Clover Health Investments, Corp.",,0001801170,False,True,False
CLPS,CLPS Incorporation,,0001724542,False,True,False
CLPT,ClearPoint Neuro Inc.,,0001285550,False,True,False
CLRB,"Cellectar Biosciences, Inc.",,0001279704,False,True,False
CLRO,"ClearOne, Inc.",,0000840715,False,True,False
CLSK,"CleanSpark, Inc.",,0000827876,False,True,False
CLST,"Catalyst Bancorp, Inc.",,0001849867,False,True,False
CLWT,Euro Tech Holdings Company Limited,,0001026662,False,True,False
CLX,Clorox,Consumer Staples,0000021076,True,False,False
CLYM,"Climb Bio, Inc.",,0001768446,False,True,False
CMC,COMMERCIAL METALS Co,,0000022444,False,False,True
CMCO,Columbus McKinnon Corporation,,0001005229,False,True,False
CMCSA,Comcast,Communication Services,0001166691,True,True,True
CMCT,Creative Media,,0000908311,False,True,False
CME,CME Group,Financials,0001156375,True,True,False
CMG,Chipotle Mexican Grill,Consumer Discretionary,0001058090,True,False,True
CMI,Cummins,Industrials,0000026172,True,False,True
CMII,Columbus Circle Capital Corp II,,0002088805,False,True,False
CMND,Clearmind Medicine Inc.,,0001892500,False,True,False
CMPR,Cimpress plc,,0001262976,False,True,False
CMPS,COMPASS Pathways Plc,,0001816590,False,True,False
CMPX,"Compass Therapeutics, Inc.",,0001738021,False,True,False
CMRC,"Commerce.com, Inc.",,0001626450,False,True,False
CMS,CMS Energy,Utilities,0000811156,True,False,True
CMTL,Comtech Telecommunications Corp.,,0000023197,False,True,False
CMTV,Community Bancorp.,,0000718413,False,True,False
CNC,Centene Corporation,Health Care,0001071739,True,False,True
CNCK,Coincheck Group N.V.,,0001913847,False,True,False
CNDT,Conduent Incorporated,,0001677703,False,True,False
CNET,ZW Data Action Technologies Inc.,,0001376321,False,True,False
CNEY,CN Energy Group Inc.,,0001780785,False,True,False
CNOB,"ConnectOne Bancorp, Inc.",,0000712771,False,True,False
CNP,CenterPoint Energy,Utilities,0001130310,True,False,True
CNSP,"CNS Pharmaceuticals, Inc.",,0001729427,False,True,False
CNSY,"Cerenome, Inc.",,,False,True,False
CNTB,Connect Biopharma Holdings Limited,,0001835268,False,True,False
CNTN,"Canton Strategic Holdings, Inc.",,0001861657,False,True,False
CNTX,Context Therapeutics Inc.,,0001842952,False,True,False
CNTY,"Century Casinos, Inc.",,0000911147,False,True,False
CNVS,Cineverse Corp.,,0001173204,False,True,False
CNXC,Concentrix Corporation,,0001803599,False,True,False
CNXN,"PC Connection, Inc.",,0001050377,False,True,False
CNXU,Conexeu Sciences Inc.,,0002066836,False,True,False
COAG,"Hemab Therapeutics Holdings, Inc.",,0002114044,False,True,False
COCH,"Envoy Medical, Inc.",,0001840877,False,True,False
COCO,"The Vita Coco Company, Inc.",,0001482981,False,True,False
COCP,"Cocrystal Pharma, Inc.",,0001412486,False,True,False
CODA,"Coda Octopus Group, Inc.",,0001334325,False,True,False
CODX,"Co-Diagnostics, Inc.",,0001692415,False,True,False
COF,Capital One,Financials,0000927628,True,False,True
COFS,"ChoiceOne Financial Services, Inc.",,0000803164,False,True,False
COGT,"Cogent Biosciences, Inc.",,0001622229,False,True,False
COHR,Coherent Corp.,Information Technology,0000820318,True,False,False
COHU,"Cohu, Inc.",,0000021535,False,True,False
COIN,Coinbase,Financials,0001679788,True,True,False
COKE,"Coca-Cola Consolidated, Inc.",,0000317540,False,True,False
COLA,Columbus Acquisition Corp,,0002028201,False,True,False
COLB,"Columbia Banking System, Inc.",,0000887343,False,True,False
COLL,"Collegium Pharmaceutical, Inc.",,0001267565,False,True,False
COLM,Columbia Sportswear Company,,0001050797,False,True,False
COO,Cooper Companies (The),Health Care,0000711404,True,True,False
COOT,Australian Oilseeds Holdings Limited,,0001959994,False,True,False
COP,ConocoPhillips,Energy,0001163165,True,False,True
COR,Cencora,Health Care,0001140859,True,False,True
CORT,Corcept Therapeutics Incorporated,,0001088856,False,True,False
CORZ,"Core Scientific, Inc.",,0001839341,False,True,False
CORZW,"Core Scientific, Inc.",,0001839341,False,True,False
CORZZ,"Core Scientific, Inc.",,0001839341,False,True,False
COSM,Cosmos Health Inc.,,0001474167,False,True,False
COST,Costco,Consumer Staples,0000909832,True,True,False
COYA,"Coya Therapeutics, Inc.",,0001835022,False,True,False
CPAY,Corpay,Financials,0001175454,True,False,False
CPB,The Campbell's Company,,0000016732,False,True,False
CPBI,"Central Plains Bancshares, Inc.",,0001979332,False,True,False
CPHC,Canterbury Park Holding Corporation,,0001672909,False,True,False
CPIX,Cumberland Pharmaceuticals Inc.,,0001087294,False,True,False
CPNG,"Coupang, Inc.",,0001834584,False,False,True
CPOP,"Pop Culture Group Co., Ltd",,0001807389,False,True,False
CPRT,Copart,Industrials,0000900075,True,True,False
CPSH,CPS Technologies Corp.,,0000814676,False,True,False
CPSS,"Consumer Portfolio Services, Inc.",,0000889609,False,True,False
CPT,Camden Property Trust,Real Estate,0000906345,True,False,False
CPZ,Calamos Long/Short Equity & Dynamic Income Trust,,0001717457,False,True,False
CRAC,Crown Reserve Acquisition Corp. I,,0002070887,False,True,False
CRAI,"CRA International,Inc.",,0001053706,False,True,False
CRAN,Crane Harbor Acquisition Corp. II,,0002081358,False,True,False
CRAQ,Cal Redwood Acquisition Corp.,,0002058359,False,True,False
CRBP,"Corbus Pharmaceuticals Holdings, Inc.",,0001595097,False,True,False
CRBU,"Caribou Biosciences, Inc.",,0001619856,False,True,False
CRCT,"Cricut, Inc.",,0001828962,False,True,False
CRDF,"Cardiff Oncology, Inc.",,0001213037,False,True,False
CRDL,Cardiol Therapeutics Inc.,,0001702123,False,True,False
CRDO,Credo Technology Group Holding Ltd,,0001807794,False,True,False
CRE,Cre8 Enterprise Limited,,0002003977,False,True,False
CREX,"Creative Realities, Inc.",,0001356093,False,True,False
CRGO,Freightos Limited,,0001927719,False,True,False
CRH,CRH plc,Materials,0000849395,True,False,False
CRIS,"Curis, Inc.",,0001108205,False,True,False
CRL,Charles River Laboratories,Health Care,0001100682,True,False,False
CRM,Salesforce,Information Technology,0001108524,True,False,True
CRMD,CorMedix Inc.,,0001410098,False,True,False
CRML,Critical Metals Corp.,,0001951089,False,True,False
CRMT,"America's Car-Mart, Inc.",,0000799850,False,True,False
CRNC,Cerence Inc.,,0001768267,False,True,False
CRNT,Ceragon Networks Ltd.,,0001119769,False,True,False
CRNX,"Crinetics Pharmaceuticals, Inc.",,0001658247,False,True,False
CRON,Cronos Group Inc.,,0001656472,False,True,False
CROX,"Crocs, Inc.",,0001334036,False,True,False
CRSP,CRISPR Therapeutics AG,,0001674416,False,True,False
CRSR,"Corsair Gaming, Inc.",,0001743759,False,True,False
CRTO,Criteo S.A.,,0001576427,False,True,False
CRUS,"Cirrus Logic, Inc.",,0000772406,False,True,False
CRVL,CorVel Corp.,,0000874866,False,True,False
CRVO,CervoMed Inc.,,0001053691,False,True,False
CRVS,"Corvus Pharmaceuticals, Inc.",,0001626971,False,True,False
CRWD,CrowdStrike,Information Technology,0001535527,True,True,False
CRWS,"Crown Crafts, Inc.",,0000025895,False,True,False
CRWV,"CoreWeave, Inc.",,0001769628,False,True,False
CSAI,"Cloudastructure, Inc.",,0001709628,False,True,False
CSBR,"Champions Oncology, Inc.",,0000771856,False,True,False
CSCO,Cisco,Information Technology,0000858877,True,True,True
CSGP,CoStar Group,Real Estate,0001057352,True,True,False
CSHR,CoinShares PLC,,0002087587,False,True,False
CSIQ,Canadian Solar Inc.,,0001375877,False,True,False
CSPI,CSP Inc.,,0000356037,False,True,False
CSQ,Calamos Strategic Total Return Fund,,0001275214,False,True,False
CSTE,Caesarstone Ltd.,,0001504379,False,True,False
CSTL,"Castle Biosciences, Inc.",,0001447362,False,True,False
CSWC,Capital Southwest Corporation,,0000017313,False,True,False
CSX,CSX Corporation,Industrials,0000277948,True,True,True
CTAA,ClearThink 1 Acquisition Corp.,,0002094073,False,True,False
CTAS,Cintas,Industrials,0000723254,True,True,True
CTBI,"Community Trust Bancorp, Inc.",,0000350852,False,True,False
CTKB,"Cytek Biosciences, Inc.",,0001831915,False,True,False
CTMX,"CytomX Therapeutics, Inc.",,0001501989,False,True,False
CTNM,"Contineum Therapeutics, Inc.",,0001855175,False,True,False
CTNT,Cheetah Net Supply Chain Service Inc.,,0001951667,False,True,False
CTOR,"Citius Oncology, Inc.",,0001851484,False,True,False
CTRM,Castor Maritime Inc.,,0001720161,False,True,False
CTRN,"Citi Trends, Inc.",,0001318484,False,True,False
CTSH,Cognizant,Information Technology,0001058290,True,True,True
CTSO,Cytosorbents Corporation,,0001175151,False,True,False
CTVA,Corteva,Materials,0001755672,True,False,True
CTW,CTW,,0002047148,False,True,False
CTXR,"Citius Pharmaceuticals, Inc.",,0001506251,False,True,False
CUB,Lionheart Holdings,,0002015955,False,True,False
CUE,"Cue Biopharma, Inc.",,0001645460,False,True,False
CULP,"Culp, Inc.",,0000723603,False,True,False
CUPR,Cuprina Holdings (Cayman) Limited,,0001995704,False,True,False
CURI,CuriosityStream Inc.,,0001776909,False,True,False
CURR,Currenc Group Inc.,,0001862935,False,True,False
CURX,Curanex Pharmaceuticals Inc,,0002025942,False,True,False
CV,"CapsoVision, Inc.",,0001378325,False,True,False
CVBF,CVB Financial Corporation,,0000354647,False,True,False
CVCO,"Cavco Industries, Inc.",,0000278166,False,True,False
CVGI,"Commercial Vehicle Group, Inc.",,0001290900,False,True,False
CVKD,"Cadrenal Therapeutics, Inc.",,0001937993,False,True,False
CVLT,"Commvault Systems, Inc.",,0001169561,False,True,False
CVNA,Carvana,Consumer Discretionary,0001690820,True,False,True
CVRX,"CVRx, Inc.",,0001235912,False,True,False
CVS,CVS Health,Health Care,0000064803,True,False,True
CVV,CVD Equipment Corporation,,0000766792,False,True,False
CVX,Chevron Corporation,Energy,0000093410,True,False,True
CWBC,Community West Bancshares,,0001127371,False,True,False
CWCO,Consolidated Water Co. Ltd.,,0000928340,False,True,False
CWD,CaliberCos Inc.,,0001627282,False,True,False
CWST,"Casella Waste Systems, Inc.",,0000911177,False,True,False
CXAI,CXApp Inc.,,0001820875,False,True,False
CXDO,"Crexendo, Inc.",,0001075736,False,True,False
CXII,Churchill Capital Corp XII,,0002114227,False,True,False
CYAB,"Cyabra, Inc.",,0002032341,False,True,False
CYCN,"Cyclerion Therapeutics, Inc.",,0001755237,False,True,False
CYCU,"Cycurion, Inc.",,0001868419,False,True,False
CYH,COMMUNITY HEALTH SYSTEMS INC,,0001108109,False,False,True
CYN,Cyngn Inc.,,0001874097,False,True,False
CYPH,Cypherpunk Technologies Inc.,,0001509745,False,True,False
CYRX,"CryoPort, Inc.",,0001124524,False,True,False
CYTK,"Cytokinetics, Incorporated",,0001061983,False,True,False
CZFS,"Citizens Financial Services, Inc.",,0000739421,False,True,False
CZNC,Citizens & Northern Corp,,0000810958,False,True,False
CZR,"Caesars Entertainment, Inc.",,0001590895,False,True,True
CZWI,"Citizens Community Bancorp, Inc.",,0001367859,False,True,False
D,Dominion Energy,Utilities,0000715957,True,False,True
DAAQ,Digital Asset Acquisition Corp.,,0002052162,False,True,False
DAIC,"CID HoldCo, Inc.",,0002033770,False,True,False
DAIO,Data I/O Corporation,,0000351998,False,True,False
DAKT,"Daktronics, Inc.",,0000915779,False,True,False
DAL,Delta Air Lines,Industrials,0000027904,True,False,True
DAN,DANA Inc,,0000026780,False,False,True
DARE,"Dare Bioscience, Inc.",,0001401914,False,True,False
DASH,DoorDash,Consumer Discretionary,0001792789,True,True,False
DAVE,Dave Inc.,,0001841408,False,True,False
DBCA,D. Boral Acquisition I Corp.,,0002095161,False,True,False
DBGI,"Digital Brands Group, Inc.",,0001668010,False,True,False
DBX,"Dropbox, Inc.",,0001467623,False,True,False
DCBO,Docebo Inc.,,0001829959,False,True,False
DCGO,DocGo Inc.,,0001822359,False,True,False
DCOY,Decoy Therapeutics Inc.,,0001615219,False,True,False
DCTH,"Delcath Systems, Inc.",,0000872912,False,True,False
DCX,Digital Currency X Technology Inc.,,0001957413,False,True,False
DD,DuPont,Materials,0001666700,True,False,False
DDI,"DoubleDown Interactive Co., Ltd.",,0001799567,False,True,False
DDOG,Datadog,Information Technology,0001561550,True,True,False
DE,Deere & Company,Industrials,0000315189,True,False,True
DECK,Deckers Brands,Consumer Discretionary,0000910521,True,False,False
DEFT,"Defi Technologies, Inc.",,0001888274,False,True,False
DELL,Dell Technologies,Information Technology,0001571996,True,False,True
DERM,Journey Medical Corporation,,0001867066,False,True,False
DETX,"Liberty Defense Holdings, Ltd.",,0001919776,False,True,False
DFDV,DeFi Development Corp.,,0001805526,False,True,False
DFLI,Dragonfly Energy Holdings Corp,,0001847986,False,True,False
DFNS,T3 Defense Inc.,,0001787518,False,True,False
DFSC,DEFSEC Technologies Inc.,,0001889823,False,True,False
DFTX,"Definium Therapeutics, Inc.",,0001813814,False,True,False
DG,Dollar General,Consumer Staples,0000029534,True,False,True
DGICA,"Donegal Group, Inc.",,0000800457,False,True,False
DGICB,"Donegal Group, Inc.",,0000800457,False,True,False
DGII,Digi International Inc.,,0000854775,False,True,False
DGNX,Diginex Limited,,0002010499,False,True,False
DGX,Quest Diagnostics,Health Care,0001022079,True,False,True
DGXX,Digi Power X Inc.,,0001854368,False,True,False
DH,Definitive Healthcare Corp.,,0001861795,False,True,False
DHC,Diversified Healthcare Trust,,0001075415,False,True,False
DHI,D. R. Horton,Consumer Discretionary,0000882184,True,False,False
DHR,Danaher Corporation,Health Care,0000313616,True,False,False
DIBS,"1stdibs.com, Inc.",,0001600641,False,True,False
DINO,HF Sinclair Corp,,0001915657,False,False,True
DIOD,Diodes Incorporated,,0000029002,False,True,False
DIS,Walt Disney Company (The),Communication Services,0001744489,True,False,True
DJCO,Daily Journal Corp. (S.C.),,0000783412,False,True,False
DJT,Trump Media & Technology Group Corp.,,0001849635,False,True,False
DK,"Delek US Holdings, Inc.",,0001694426,False,False,True
DKI,DarkIris Inc.,,0002058584,False,True,False
DKNG,DraftKings Inc.,,0001883685,False,True,False
DKS,"DICK'S SPORTING GOODS, INC.",,0001089063,False,False,True
DLHC,DLH Holdings Corp.,,0000785557,False,True,False
DLO,DLocal Limited,,0001846832,False,True,False
DLPN,"Dolphin Entertainment, Inc.",,0001282224,False,True,False
DLR,Digital Realty,Real Estate,0001297996,True,False,False
DLTH,Duluth Holdings Inc.,,0001649744,False,True,False
DLTR,Dollar Tree,Consumer Staples,0000935703,True,True,True
DLXY,Delixy Holdings Limited,,0002025218,False,True,False
DMAA,Drugs Made In America Acquisition Corp.,,0002028614,False,True,False
DMAC,DiaMedica Therapeutics Inc.,,0001401040,False,True,False
DMII,Drugs Made In America Acquisition II Corp.,,0002040475,False,True,False
DMLP,"Dorchester Minerals, L.P.",,0001172358,False,True,False
DMRA,"Damora Therapeutics, Inc.",,0001800315,False,True,False
DMRC,Digimarc Corporation,,0002119322,False,True,False
DNLI,Denali Therapeutics Inc.,,0001714899,False,True,False
DNMX,Dynamix Corporation III,,0002081125,False,True,False
DNTH,"Dianthus Therapeutics, Inc.",,0001690585,False,True,False
DNUT,"Krispy Kreme, Inc.",,0001857154,False,True,False
DOC,Healthpeak Properties,Real Estate,0000765880,True,False,False
DOCU,"DocuSign, Inc.",,0001261333,False,True,False
DOGZ,Dogness (International) Corporation,,0001707303,False,True,False
DOMH,Dominari Holdings Inc.,,0000012239,False,True,False
DOMO,"Domo, Inc.",,0001505952,False,True,False
DOO,BRP Inc.,,0001748797,False,True,False
DORM,"Dorman Products, Inc.",,0000868780,False,True,False
DOV,Dover Corporation,Industrials,0000029905,True,False,True
DOW,Dow Inc.,Materials,0001751788,True,False,True
DOX,Amdocs Limited,,0001062579,False,True,False
DPRO,Draganfly Inc.,,0001786286,False,True,False
DPU,Top KingWin Ltd,,0001938865,False,True,False
DPZ,Domino's,Consumer Discretionary,0001286681,True,True,False
DRCT,"Direct Digital Holdings, Inc.",,0001880613,False,True,False
DRDB,Roman DBDR Acquisition Corp. II,,0002032528,False,True,False
DRH,Diamondrock Hospitality Company,,0001298946,False,True,False
DRI,Darden Restaurants,Consumer Discretionary,0000940944,True,False,True
DRIO,DarioHealth Corp.,,0001533998,False,True,False
DRMA,"Dermata Therapeutics, Inc.",,0001853816,False,True,False
DRS,"Leonardo DRS, Inc.",,0001833756,False,True,False
DRTS,Alpha Tau Medical Ltd.,,0001871321,False,True,False
DRUG,Bright Minds Biosciences Inc.,,0001827401,False,True,False
DRVN,Driven Brands Holdings Inc.,,0001804745,False,True,False
DSAC,Daedalus Special Acquisition Corp.,,0002082149,False,True,False
DSGN,"Design Therapeutics, Inc.",,0001807120,False,True,False
DSGR,"Distribution Solutions Group, Inc.",,0000703604,False,True,False
DSGX,The Descartes Systems Group Inc.,,0001050140,False,True,False
DSP,Viant Technology Inc.,,0001828791,False,True,False
DSWL,"Deswell Industries, Inc.",,0000946936,False,True,False
DSY,Big Tree Cloud Holdings Limited,,0001999297,False,True,False
DTCX,"Datacentrex, Inc.",,0001853825,False,True,False
DTE,DTE Energy,Utilities,0000936340,True,False,True
DTI,Drilling Tools International Corporation,,0001884516,False,True,False
DTIL,"Precision BioSciences, Inc.",,0001357874,False,True,False
DTSQ,DT Cloud Star Acquisition Corporation,,0002017950,False,True,False
DTSS,Datasea Intelligent Technology Ltd.,,0002110423,False,True,False
DTST,Data Storage Corporation,,0001419951,False,True,False
DUK,Duke Energy,Utilities,0001326160,True,False,True
DUKR,DUKE Robotics Corp.,,0001638911,False,True,False
DUO,Fangdd Network Group Ltd.,,0001750593,False,True,False
DUOL,"Duolingo, Inc.",,0001562088,False,True,False
DUOT,"Duos Technologies Group, Inc.",,0001396536,False,True,False
DVA,DaVita,Health Care,0000927066,True,False,True
DVLT,Datavault AI Inc.,,0001682149,False,True,False
DVN,Devon Energy,Energy,0001090012,True,False,False
DWSN,Dawson Geophysical Company,,0000799165,False,True,False
DWTX,"Dogwood Therapeutics, Inc.",,0001818844,False,True,False
DXC,DXC Technology Co,,0001688568,False,False,True
DXCM,Dexcom,Health Care,0001093557,True,True,False
DXLG,"Destination XL Group, Inc.",,0000813298,False,True,False
DXPE,"DXP Enterprises, Inc.",,0001020710,False,True,False
DXR,Daxor Corporation,,0000027367,False,True,False
DXST,Decent Holding Inc.,,0001958133,False,True,False
DYAI,"Dyadic International, Inc.",,0001213809,False,True,False
DYN,"Dyne Therapeutics, Inc.",,0001818794,False,True,False
DYNC,Dynamix Corporation,,0002028699,False,True,False
DYOR,Insight Digital Partners II,,0002079292,False,True,False
EA,Electronic Arts,Communication Services,0000712515,True,True,False
EBAY,eBay Inc.,Consumer Discretionary,0001065088,True,True,True
EBC,"Eastern Bankshares, Inc.",,0001810546,False,True,False
EBMT,"Eagle Bancorp Montana, Inc.",,0001478454,False,True,False
EBON,Ebang International Holdings Inc.,,0001799290,False,True,False
ECBK,"ECB Bancorp, Inc.",,0001914605,False,True,False
ECHO,EchoStar,Communication Services,0001415404,True,True,False
ECL,Ecolab,Materials,0000031462,True,False,True
ECOR,"electroCore, Inc.",,0001560258,False,True,False
ECPG,Encore Capital Group Inc,,0001084961,False,True,False
ECX,ECARX Holdings Inc.,,0001861974,False,True,False
ED,Consolidated Edison,Utilities,0001047862,True,False,True
EDBL,Edible Garden AG Incorporated,,0001809750,False,True,False
EDHL,Everbright Digital Holding Limited,,0002024876,False,True,False
EDIT,"Editas Medicine, Inc.",,0001650664,False,True,False
EDRY,EuroDry Ltd.,,0001731388,False,True,False
EDSA,"Edesa Biotech, Inc.",,0001540159,False,True,False
EDTK,Skillful Craftsman Education Technology Limited,,0001782309,False,True,False
EDUC,Educational Development Corporation,,0000031667,False,True,False
EEFT,"Euronet Worldwide, Inc.",,0001029199,False,True,False
EEIQ,EpicQuest Education Group International Limited,,0001781397,False,True,False
EFOI,"Energy Focus, Inc.",,0000924168,False,True,False
EFSC,Enterprise Financial Services Corporation,,0001025835,False,True,False
EFSI,Eagle Financial Services Inc,,0000880641,False,True,False
EFTY,"Etoiles Capital Group Co., Ltd.",,0002058349,False,True,False
EFX,Equifax,Industrials,0000033185,True,False,False
EG,Everest Group,Financials,0001095073,True,False,False
EGAN,eGain Corporation,,0001066194,False,True,False
EGBN,"Eagle Bancorp, Inc.",,0001050441,False,True,False
EGHA,EGH Acquisition Corp.,,0002052547,False,True,False
EGHT,8x8 Inc,,0001023731,False,True,False
EH,EHang Holdings Limited,,0001759783,False,True,False
EHGO,Eshallgo Inc.,,0001879754,False,True,False
EHLD,Euroholdings Ltd.,,0002032779,False,True,False
EHTH,"eHealth, Inc.",,0001333493,False,True,False
EIKN,"Eikon Therapeutics, Inc.",,0001861123,False,True,False
EIX,Edison International,Utilities,0000827052,True,False,True
EJH,E-Home Household Service Holdings Limited,,0001769768,False,True,False
EL,Estée Lauder Companies (The),Consumer Staples,0001001250,True,False,False
ELAB,PMGC Holdings Inc.,,0001840563,False,True,False
ELBM,Electra Battery Materials Corporation,,0001907184,False,True,False
ELDN,"Eledon Pharmaceuticals, Inc.",,0001404281,False,True,False
ELE,Elemental Royalty Corporation,,0002086771,False,True,False
ELMT,The Elmet Group Co.,,0002101698,False,True,False
ELOG,Eastern International Ltd.,,0002013320,False,True,False
ELOX,"Eloxx Pharmaceuticals, Inc.",,0001035354,False,True,False
ELPW,Elong Power Holding Limited,,0002015691,False,True,False
ELTK,Eltek Ltd.,,0001024672,False,True,False
ELTX,"Elicio Therapeutics, Inc.",,0001601485,False,True,False
ELUT,"Elutia, Inc.",,0001708527,False,True,False
ELV,Elevance Health,Health Care,0001156039,True,False,True
ELVA,Electrovaya Inc.,,0001844450,False,True,False
ELVN,"Enliven Therapeutics, Inc.",,0001672619,False,True,False
ELVR,Elevra Lithium Limited,,0001739016,False,True,False
ELWT,"Elauwit Connection, Inc.",,0002063863,False,True,False
EMAT,Evolution Metals & Technologies Corp.,,0001866226,False,True,False
EMBC,Embecta Corp.,,0001872789,False,True,False
EME,Emcor,Industrials,0000105634,True,False,True
EMIS,Emmis Acquisition Corp.,,0002075816,False,True,False
EML,Eastern Company (The),,0000031107,False,True,False
EMN,EASTMAN CHEMICAL CO,,0000915389,False,False,True
EMPD,Empery Digital Inc.,,0001829794,False,True,False
EMR,Emerson Electric,Industrials,0000032604,True,False,True
ENGN,enGene Therapeutics Inc.,,0001980845,False,True,False
ENGS,Energys Group Limited,,0001971828,False,True,False
ENLT,Enlight Renewable Energy Ltd.,,0001922641,False,True,False
ENLV,Enlivex Ltd.,,0001596812,False,True,False
ENPH,"Enphase Energy, Inc.",,0001463101,False,True,False
ENSC,"Ensysce Biosciences, Inc.",,0001716947,False,True,False
ENSG,"The Ensign Group, Inc.",,0001125376,False,True,False
ENTA,"Enanta Pharmaceuticals, Inc.",,0001177648,False,True,False
ENTG,"Entegris, Inc.",,0001101302,False,True,False
ENTX,Entera Bio Ltd.,,0001638097,False,True,False
ENVB,"Enveric Biosciences, Inc.",,0000890821,False,True,False
ENVX,Enovix Corporation,,0001828318,False,True,False
EOG,EOG Resources,Energy,0000821189,True,False,True
EOLS,"Evolus, Inc.",,0001570562,False,True,False
EOSE,"Eos Energy Enterprises, Inc.",,0001805077,False,True,False
EPOW,E-Power Inc.,,0001780731,False,True,False
EPRX,Eupraxia Pharmaceuticals Inc.,,0001581178,False,True,False
EPSM,Epsium Enterprise Limited,,0001883437,False,True,False
EPSN,Epsilon Energy Ltd.,,0001726126,False,True,False
EQ,"Equillium, Inc.",,0001746466,False,True,False
EQH,"Equitable Holdings, Inc.",,0001333986,False,False,True
EQIX,Equinix,Real Estate,0001101239,True,True,True
EQPT,EquipmentShare.com Inc,,0001693736,False,True,False
EQR,Equity Residential,Real Estate,0000906107,True,False,False
EQT,EQT Corporation,Energy,0000033213,True,False,True
ERAS,"Erasca, Inc.",,0001761918,False,True,False
ERIE,Erie Indemnity,Financials,0000922621,True,True,False
ERII,"Energy Recovery, Inc.",,0001421517,False,True,False
ERNA,Ernexa Therapeutics Inc.,,0000748592,False,True,False
ES,Eversource Energy,Utilities,0000072741,True,False,True
ESCA,"Escalade, Incorporated",,0000033488,False,True,False
ESEA,Euroseas Ltd.,,0001341170,False,True,False
ESLA,"Estrella Immunopharma, Inc.",,0001844417,False,True,False
ESLT,Elbit Systems Ltd.,,0001027664,False,True,False
ESOA,Energy Services of America Corporation,,0001357971,False,True,False
ESQ,"Esquire Financial Holdings, Inc.",,0001531031,False,True,False
ESS,Essex Property Trust,Real Estate,0000920522,True,False,False
ESTA,Establishment Labs Holdings Inc.,,0001688757,False,True,False
ET,Energy Transfer LP,,0001276187,False,False,True
ETN,Eaton Corporation,Industrials,0001551182,True,False,False
ETON,"Eton Pharmaceuticals, Inc.",,0001710340,False,True,False
ETOR,eToro Group Ltd.,,0001493318,False,True,False
ETR,Entergy,Utilities,0000065984,True,False,False
ETS,Elite Express Holding Inc.,,0002053641,False,True,False
EU,enCore Energy Corp.,,0001500881,False,True,False
EUDA,Euda Health Holdings Limited,,0001847846,False,True,False
EURK,Eureka Acquisition Corp,,0002000410,False,True,False
EVCM,EverCommerce Inc.,,0001853145,False,True,False
EVER,"EverQuote, Inc.",,0001640428,False,True,False
EVGN,Evogene Ltd.,,0001574565,False,True,False
EVGO,EVgo Inc.,,0001821159,False,True,False
EVLV,"Evolv Technologies Holdings, Inc.",,0001805385,False,True,False
EVOX,Evolution Global Acquisition Corp,,0002077954,False,True,False
EVRG,Evergy,Utilities,0001711269,True,True,False
EW,Edwards Lifesciences,Health Care,0001099800,True,False,False
EWBC,"East West Bancorp, Inc.",,0001069157,False,True,False
EWTX,"Edgewise Therapeutics, Inc.",,0001710072,False,True,False
EXC,Exelon,Utilities,0001109357,True,True,True
EXE,Expand Energy,Energy,0000895126,True,True,False
EXEL,"Exelixis, Inc.",,0000939767,False,True,False
EXFY,"Expensify, Inc.",,0001476840,False,True,False
EXLS,"ExlService Holdings, Inc.",,0001297989,False,True,False
EXOZ,eXoZymes Inc.,,0002010788,False,True,False
EXPD,Expeditors International,Industrials,0000746515,True,False,True
EXPE,Expedia Group,Consumer Discretionary,0001324424,True,True,True
EXPO,"Exponent, Inc.",,0000851520,False,True,False
EXR,Extra Space Storage,Real Estate,0001289490,True,False,False
EXTR,"Extreme Networks, Inc.",,0001078271,False,True,False
EXYN,"Exyn Technologies, Inc.",,0001960355,False,True,False
EYE,"National Vision Holdings, Inc.",,0001710155,False,True,False
EYPT,"EyePoint, Inc.",,0001314102,False,True,False
EZGO,EZGO Technologies Ltd.,,0001806904,False,True,False
EZPW,"EZCORP, Inc.",,0000876523,False,True,False
EZRA,"Reliance Global Group, Inc.",,0001812727,False,True,False
F,Ford Motor Company,Consumer Discretionary,0000037996,True,False,True
FA,First Advantage Corporation,,0001210677,False,True,False
FABC,"Fabric.AI, Inc.",,0001086745,False,True,False
FAC,Factorial Energy Inc.,,0002049662,False,True,False
FACT,FACT II Acquisition Corp.,,0002028935,False,True,False
FAF,First American Financial Corp,,0001472787,False,False,True
FAMI,"Farmmi, Inc.",,0001701261,False,True,False
FANG,Diamondback Energy,Energy,0001539838,True,True,True
FAST,Fastenal,Industrials,0000815556,True,True,False
FATE,"Fate Therapeutics, Inc.",,0001434316,False,True,False
FATN,"FatPipe, Inc.",,0001993400,False,True,False
FBGL,FBS Global Limited,,0001938534,False,True,False
FBIN,"Fortune Brands Innovations, Inc.",,0001519751,False,False,True
FBIO,"Fortress Biotech, Inc.",,0001429260,False,True,False
FBIZ,"First Business Financial Services, Inc.",,0001521951,False,True,False
FBLA,"FB Bancorp, Inc.",,0002013639,False,True,False
FBLG,"FibroBiologics, Inc.",,0001958777,False,True,False
FBNC,First Bancorp,,0000811589,False,True,False
FBRX,"Forte Biosciences, Inc.",,0001419041,False,True,False
FBYD,"Falcon's Beyond Global, Inc.",,0001937987,False,True,False
FCAP,"First Capital, Inc.",,0001070296,False,True,False
FCBC,"First Community Bankshares, Inc.",,0000859070,False,True,False
FCCO,First Community Corporation,,0000932781,False,True,False
FCEL,"FuelCell Energy, Inc.",,0000886128,False,True,False
FCFS,"FirstCash Holdings, Inc.",,0000840489,False,True,False
FCHL,Fitness Champs Holdings Limited,,0002023796,False,True,False
FCNCA,"First Citizens BancShares, Inc.",,0000798941,False,True,False
FCUV,Focus Universal Inc.,,0001590418,False,True,False
FCX,Freeport-McMoRan,Materials,0000831259,True,False,True
FDBC,"Fidelity D & D Bancorp, Inc.",,0001098151,False,True,False
FDMM,Freedom Metals Acquisition Corp.,,0002129659,False,True,False
FDMT,"4D Molecular Therapeutics, Inc.",,0001650648,False,True,False
FDS,FactSet,Financials,0001013237,True,False,False
FDSB,"Fifth District Bancorp, Inc.",,0002012726,False,True,False
FDUS,Fidus Investment Corporation,,0001513363,False,True,False
FDX,FedEx,Industrials,0001048911,True,False,True
FDXF,FedEx Freight,Industrials,0002082247,True,False,False
FE,FirstEnergy,Utilities,0001031296,True,False,True
FEAM,"5E Advanced Materials, Inc.",,0001888654,False,True,False
FEBO,Fenbo Holdings Limited,,0001957001,False,True,False
FEED,"ENvue Medical, Inc.",,0001326706,False,True,False
FEIM,"Frequency Electronics, Inc.",,0000039020,False,True,False
FELE,"Franklin Electric Co., Inc.",,0000038725,False,True,False
FEMY,Femasys Inc.,,0001339005,False,True,False
FENC,Fennec Pharmaceuticals Inc.,,0001211583,False,True,False
FER,Ferrovial N.V.,,0001468522,False,True,False
FERA,Fifth Era Acquisition Corp I,,0002025401,False,True,False
FFAI,Faraday Future Intelligent Electric Inc.,,0001805521,False,True,False
FFBC,First Financial Bancorp.,,0000708955,False,True,False
FFIN,"First Financial Bankshares, Inc.",,0000036029,False,True,False
FFIV,"F5, Inc.",Information Technology,0001048695,True,True,False
FGBI,"First Guaranty Bancshares, Inc.",,0001408534,False,True,False
FGI,FGI Industries Ltd.,,0001864943,False,True,False
FGII,FG Imperii Acquisition Corp.,,0002090452,False,True,False
FGL,Founder Group Limited,,0001989930,False,True,False
FGNX,FG Nexus Inc.,,0001591890,False,True,False
FHB,"First Hawaiian, Inc.",,0000036377,False,True,False
FHTX,Foghorn Therapeutics Inc.,,0001822462,False,True,False
FIBK,"First Interstate BancSystem, Inc.",,0000860413,False,True,False
FICO,Fair Isaac,Information Technology,0000814547,True,False,False
FIEE,"FiEE, Inc",,0001467761,False,True,False
FIGR,"Figure Technology Solutions, Inc.",,0002064124,False,True,False
FIGX,FIGX Capital Acquisition Corp.,,0002059033,False,True,False
FIGXW,FIGX Capital Acquisition Corp.,,0002059033,False,True,False
FINW,FinWise Bancorp,,0001856365,False,True,False
FIP,FTAI Infrastructure Inc.,,0001899883,False,True,False
FIS,Fidelity National Information Services,Financials,0001136893,True,False,True
FISI,"Financial Institutions, Inc.",,0000862831,False,True,False
FISN,"Deep Fission, Inc.",,0001918102,False,True,False
FISV,Fiserv,Financials,0000798354,True,True,True
FITB,Fifth Third Bancorp,Financials,0000035527,True,False,True
FIVE,"Five Below, Inc.",,0001177609,False,True,False
FIVN,"Five9, Inc.",,0001288847,False,True,False
FIX,Comfort Systems USA,Industrials,0001035983,True,False,False
FIZZ,National Beverage Corp.,,0000069891,False,True,False
FKWL,Franklin Wireless Corp.,,0000722572,False,True,False
FLD,"Fold Holdings, Inc.",,0001889123,False,True,False
FLEX,Flex Ltd.,Information Technology,0000866374,True,True,False
FLGT,"Fulgent Genetics, Inc.",,0001674930,False,True,False
FLL,"Full House Resorts, Inc.",,0000891482,False,True,False
FLNA,"Filana Therapeutics, Inc.",,0001069530,False,True,False
FLNC,"Fluence Energy, Inc.",,0001868941,False,True,False
FLNT,"Fluent, Inc.",,0001460329,False,True,False
FLR,FLUOR CORP,,0001124198,False,False,True
FLUX,"Flux Power Holdings, Inc.",,0001083743,False,True,False
FLWS,"1-800-FLOWERS.COM, Inc.",,0001084869,False,True,False
FLXS,"Flexsteel Industries, Inc.",,0000037472,False,True,False
FLY,Firefly Aerospace Inc.,,0001860160,False,True,False
FLYE,"Fly-E Group, Inc.",,0001975940,False,True,False
FLYW,Flywire Corporation,,0001580560,False,True,False
FLZH,"Flash Sports & Media Holdings, Inc.",,0001706524,False,True,False
FMAC,Future Money Acquisition Corporation,,0002099232,False,True,False
FMAO,"Farmers & Merchants Bancorp, Inc.",,0000792966,False,True,False
FMBH,"First Mid Bancshares, Inc.",,0000700565,False,True,False
FMFC,Kandal M Venture Limited,,0002024656,False,True,False
FMNB,Farmers National Banc Corp.,,0000709337,False,True,False
FMST,Foremost Clean Energy Ltd.,,0001935418,False,True,False
FNF,"Fidelity National Financial, Inc.",,0001331875,False,False,True
FNGR,"FingerMotion, Inc.",,0001602409,False,True,False
FNKO,"Funko, Inc.",,0001704711,False,True,False
FNLC,"First Bancorp, Inc (ME)",,0000765207,False,True,False
FNRN,First Northern Community Bancorp,,0001114927,False,True,False
FNUC,Frontier Nuclear and Minerals Inc.,,0001769697,False,True,False
FNWB,First Northwest Bancorp,,0001556727,False,True,False
FNWD,Finward Bancorp,,0000919864,False,True,False
FOFO,"Hang Feng Technology Innovation Co., Ltd.",,0002060083,False,True,False
FORM,"FormFactor, Inc.",,0001039399,False,True,False
FORR,"Forrester Research, Inc.",,0001023313,False,True,False
FOSL,"Fossil Group, Inc.",,0000883569,False,True,False
FOX,Fox Corporation (Class B),Communication Services,0001754301,True,True,False
FOXA,Fox Corporation (Class A),Communication Services,0001754301,True,True,True
FOXF,Fox Factory Holding Corp.,,0001424929,False,True,False
FOXX,Foxx Development Holdings Inc.,,0002013807,False,True,False
FRAF,Franklin Financial Services Corporation,,0000723646,False,True,False
FRBA,First Bank,,,False,True,False
FRBT,"Forbright, Inc.",,0001925062,False,True,False
FRD,Friedman Industries Inc.,,0000039092,False,True,False
FRGT,"Freight Technologies, Inc.",,0001687542,False,True,False
FRHC,Freedom Holding Corp.,,0000924805,False,True,False
FRME,First Merchants Corporation,,0000712534,False,True,False
FRMI,Fermi Inc.,,0002071778,False,True,False
FRMM,"Forum Markets, Incorporated",,0001690080,False,True,False
FRNM,"Freenome, Inc.",,0002017526,False,True,False
FROG,JFrog Ltd.,,0001800667,False,True,False
FRPH,"FRP Holdings, Inc.",,0000844059,False,True,False
FRPT,"Freshpet, Inc.",,0001611647,False,True,False
FRSH,Freshworks Inc.,,0001544522,False,True,False
FRST,Primis Financial Corp.,,0001325670,False,True,False
FRT,Federal Realty Investment Trust,Real Estate,0000034903,True,False,False
FRTT,Fort Technology Inc.,,0002092967,False,True,False
FRVO,Fervo Energy Company,,0001853868,False,True,False
FSBC,Five Star Bancorp,,0001275168,False,True,False
FSBW,"FS Bancorp, Inc.",,0001530249,False,True,False
FSEA,"First Seacoast Bancorp, Inc.",,0001943802,False,True,False
FSHP,Flag Ship Acquisition Corp.,,0001850059,False,True,False
FSLR,First Solar,Information Technology,0001274494,True,True,False
FSLY,"Fastly, Inc.",,0001517413,False,True,False
FSTR,L.B. Foster Company,,0000352825,False,True,False
FSUN,FirstSun Capital Bancorp,,0001709442,False,True,False
FSV,FirstService Corporation,,0001637810,False,True,False
FTAI,FTAI Aviation Ltd.,,0001590364,False,True,False
FTAIM,FTAI Aviation Ltd.,,0001590364,False,True,False
FTCI,"FTC Solar, Inc.",,0001828161,False,True,False
FTDR,"Frontdoor, Inc.",,0001727263,False,True,False
FTEK,"Fuel Tech, Inc.",,0000846913,False,True,False
FTFT,Future FinTech Group Inc.,,0001066923,False,True,False
FTH,"Faeth Therapeutics, Inc.",,0001829802,False,True,False
FTHA,Forefront Tech Holdings Acquisition Corp,,0002097986,False,True,False
FTHM,Fathom Holdings Inc.,,0001753162,False,True,False
FTLF,"FitLife Brands, Inc.",,0001374328,False,True,False
FTNT,Fortinet,Information Technology,0001262039,True,True,False
FTRE,Fortrea Holdings Inc.,,0001965040,False,True,False
FTRK,FAST TRACK GROUP,,0002027262,False,True,False
FTV,Fortive,Industrials,0001659166,True,False,False
FUFU,BitFuFu Inc.,,0001921158,False,True,False
FULC,"Fulcrum Therapeutics, Inc.",,0001680581,False,True,False
FULT,Fulton Financial Corporation,,0000700564,False,True,False
FUNC,First United Corporation,,0000763907,False,True,False
FUND,"Sprott Focus Trust, Inc.",,0000825202,False,True,False
FUSB,"First US Bancshares, Inc.",,0000717806,False,True,False
FUSE,Fusemachines Inc.,,0002033383,False,True,False
FVAV,Fortress Value Acquisition Corp. V,,0001850733,False,True,False
FVCB,"FVCBankcorp, Inc.",,0001675644,False,True,False
FVN,Future Vision II Acquisition Corporation,,0002010653,False,True,False
FWAC,Futurewave Acquisition Corporation,,0002116105,False,True,False
FWDI,"Forward Industries, Inc.",,0000038264,False,True,False
FWONA,Liberty Media Corporation,,0001560385,False,True,True
FWONK,Liberty Media Corporation,,0001560385,False,True,False
FWRD,Forward Air Corporation,,0000912728,False,True,False
FWRG,"First Watch Restaurant Group, Inc.",,0001789940,False,True,False
FXAC,FortuneX Acquisition Corporation,,0002121703,False,True,False
FXHO,UTime Limited,,0001789299,False,True,False
FXNC,First National Corporation,,0000719402,False,True,False
GABC,"German American Bancorp, Inc.",,0000714395,False,True,False
GAIA,"Gaia, Inc.",,0001089872,False,True,False
GAIN,Gladstone Investment Corporation,,0001321741,False,True,False
GALT,Galectin Therapeutics Inc.,,0001133416,False,True,False
GAME,"GameSquare Holdings, Inc.",,0001714562,False,True,False
GANX,"Gain Therapeutics, Inc.",,0001819411,False,True,False
GAP,GAP INC,,0000039911,False,False,True
GASS,"StealthGas, Inc.",,0001328919,False,True,False
GAUZ,Gauzy Ltd.,,0001781446,False,True,False
GBDC,"Golub Capital BDC, Inc.",,0001476765,False,True,False
GBFH,GBank Financial Holdings Inc.,,0001791145,False,True,False
GBLI,"Global Indemnity Group, LLC",,0001494904,False,True,False
GCBC,"Greene County Bancorp, Inc.",,0001070524,False,True,False
GCGR,General Catalyst Global Resilience Merger Corp.,,0002108962,False,True,False
GCL,GCL Global Holdings Ltd,,0002002045,False,True,False
GCMG,GCM Grosvenor Inc.,,0001819796,False,True,False
GCT,GigaCloud Technology Inc,,0001857816,False,True,False
GCTK,"GlucoTrack, Inc.",,0001506983,False,True,False
GD,General Dynamics,Industrials,0000040533,True,False,True
GDC,GD Culture Group Limited,,0001641398,False,True,False
GDDY,GoDaddy,Information Technology,0001609711,True,False,False
GDEV,GDEV Inc.,,0001848739,False,True,False
GDHG,Golden Heaven Group Holdings Ltd.,,0001928340,False,True,False
GDRX,"GoodRx Holdings, Inc.",,0001809519,False,True,False
GDTC,CytoMed Therapeutics Limited,,0001873093,False,True,False
GDYN,"Grid Dynamics Holdings, Inc.",,0001743725,False,True,False
GE,GE Aerospace,Industrials,0000040545,True,False,True
GECC,Great Elm Capital Corp.,,0001675033,False,True,False
GEG,"Great Elm Group, Inc.",,0001831096,False,True,False
GEHC,GE HealthCare,Health Care,0001932393,True,True,False
GELS,Gelteq Limited,,0001920092,False,True,False
GEMI,"Gemini Space Station, Inc.",,0002055592,False,True,False
GEN,Gen Digital,Information Technology,0000849399,True,True,False
GENB,"Generate Biomedicines, Inc.",,0002100782,False,True,False
GENK,"GEN Restaurant Group, Inc.",,0001891856,False,True,False
GENVR,Gen Digital Inc.,,0000849399,False,True,False
GEOS,Geospace Technologies Corporation,,0001001115,False,True,False
GERN,Geron Corporation,,0000886744,False,True,False
GEV,GE Vernova,Industrials,0001996810,True,False,False
GEVO,"Gevo, Inc.",,0001392380,False,True,False
GFAI,"Guardforce AI Co., Limited",,0001804469,False,True,False
GFS,GlobalFoundries Inc.,,0001709048,False,True,False
GFUZ,General Fusion Group Ltd.,,0002074850,False,True,False
GGR,Gogoro Inc.,,0001886190,False,True,False
GGRP,"The Glimpse Group, Inc.",,0001854445,False,True,False
GH,"Guardant Health, Inc.",,0001576280,False,True,False
GHRS,GH Research PLC,,0001855129,False,True,False
GIBO,GIBO Holdings Limited,,0002034520,False,True,False
GIFT,"Giftify, Inc.",,0001760233,False,True,False
GIGM,GigaMedia Limited,,0001105101,False,True,False
GIII,"G-III Apparel Group, LTD.",,0000821002,False,True,False
GILD,Gilead Sciences,Health Care,0000882095,True,True,True
GILT,Gilat Satellite Networks Ltd.,,0000897322,False,True,False
GIPR,Generation Income Properties Inc.,,0001651721,False,True,False
GIS,General Mills,Consumer Staples,0000040704,True,False,True
GITS,"Global Interactive Technologies, Inc. Common Stock",,0001911545,False,True,False
GIW,GigCapital8 Corp.,,0002080019,False,True,False
GIX,GigCapital9 Corp.,,0002098712,False,True,False
GL,Globe Life,Financials,0000320335,True,False,False
GLAD,Gladstone Capital Corporation,,0001143513,False,True,False
GLBE,Global-E Online Ltd.,,0001835963,False,True,False
GLBS,Globus Maritime Limited,,0001499780,False,True,False
GLE,Global Engine Group Holding Limited,,0001908705,False,True,False
GLIBA,Liberty Capital Corporation,,0002057463,False,True,False
GLIBK,Liberty Capital Corporation,,0002057463,False,True,False
GLMD,Galmed Pharmaceuticals Ltd.,,0001595353,False,True,False
GLND,Greenland Energy Company,,0002093507,False,True,False
GLNG,Golar LNG Limited,,0001207179,False,True,False
GLOO,"Gloo Holdings, Inc.",,0002069785,False,True,False
GLP,GLOBAL PARTNERS LP,,0001323468,False,False,True
GLPI,"Gaming and Leisure Properties, Inc.",,0001575965,False,True,False
GLRE,"Greenlight Reinsurance, Ltd.",,0001385613,False,True,False
GLSI,"Greenwich LifeSciences, Inc.",,0001799788,False,True,False
GLUE,"Monte Rosa Therapeutics, Inc.",,0001826457,False,True,False
GLW,Corning Inc.,Information Technology,0000024741,True,False,False
GLXG,Galaxy Payroll Group Limited,,0001905920,False,True,False
GLXY,Galaxy Digital Inc.,,0001859392,False,True,False
GM,General Motors,Consumer Discretionary,0001467858,True,False,True
GMEX,GMEX ROBOTICS CORPORATION,,0001928581,False,True,False
GMHS,Gamehaus Holdings Inc.,,0002000530,False,True,False
GMM,Global Mofy AI Limited,,0001913749,False,True,False
GNLN,"Greenlane Holdings, Inc.",,0001743745,False,True,False
GNLX,Genelux Corporation,,0001231457,False,True,False
GNPX,"Genprex, Inc.",,0001595248,False,True,False
GNRC,Generac,Industrials,0001474735,True,False,False
GNSS,Genasys Inc.,,0000924383,False,True,False
GNTX,Gentex Corporation,,0000355811,False,True,False
GNW,GENWORTH FINANCIAL INC,,0001276520,False,False,True
GO,Grocery Outlet Holding Corp.,,0001771515,False,True,False
GOAI,Eva Live Inc.,,0001983736,False,True,False
GOGO,Gogo Inc.,,0001537054,False,True,False
GOOD,Gladstone Commercial Corporation,,0001234006,False,True,False
GOOG,Alphabet Inc. (Class C),Communication Services,0001652044,True,True,False
GOOGL,Alphabet Inc. (Class A),Communication Services,0001652044,True,True,True
GOSS,"Gossamer Bio, Inc.",,0001728117,False,True,False
GOVX,"GeoVax Labs, Inc.",,0000832489,False,True,False
GP,GreenPower Motor Company Inc.,,0001584547,False,True,False
GPAC,General Purpose Acquisition Corp.,,0002085408,False,True,False
GPAT,GP-Act III Acquisition Corp.,,0001834526,False,True,False
GPC,Genuine Parts Company,Consumer Discretionary,0000040987,True,False,True
GPI,GROUP 1 AUTOMOTIVE INC,,0001031203,False,False,True
GPK,GRAPHIC PACKAGING HOLDING CO,,0001408075,False,False,True
GPN,Global Payments,Financials,0001123360,True,False,True
GPRE,"Green Plains, Inc.",,0001309402,False,True,False
GPRO,"GoPro, Inc.",,0001500435,False,True,False
GRAB,Grab Holdings Limited,,0001855612,False,True,False
GRAL,"GRAIL, Inc.",,0001699031,False,True,False
GRAN,Grande Group Limited,,0002027722,False,True,False
GRCE,"Grace Therapeutics, Inc.",,0001444192,False,True,False
GRDX,GridAI Technologies Corp.,,0001604191,False,True,False
GRI,"GRI Bio, Inc.",,0001824293,False,True,False
GRML,Greenland Mines Ltd,,0001907223,False,True,False
GRMN,Garmin,Consumer Discretionary,0001121788,True,False,False
GRNQ,Greenpro Capital Corp.,,0001597846,False,True,False
GROW,"U.S. Global Investors, Inc.",,0000754811,False,True,False
GRPN,"Groupon, Inc.",,0001490281,False,True,False
GRRR,Gorilla Technology Group Inc.,,0001903145,False,True,False
GRSD,Grandstand Limited,,,False,True,False
GRWG,GrowGeneration Corp.,,0001604868,False,True,False
GS,Goldman Sachs,Financials,0000886982,True,False,True
GSAT,"Globalstar, Inc.",,0001366868,False,True,False
GSBC,"Great Southern Bancorp, Inc.",,0000854560,False,True,False
GSHD,"Goosehead Insurance, Inc.",,0001726978,False,True,False
GSHR,Gesher Acquisition Corp. II,,0002044635,False,True,False
GSIT,"GSI Technology, Inc.",,0001126741,False,True,False
GSIW,Garden Stage Limited,,0001954269,False,True,False
GSM,Ferroglobe PLC,,0001639877,False,True,False
GSRF,GSR IV Acquisition Corp.,,0002072404,False,True,False
GSRV,GSR V Acquisition Corp.,,0002111762,False,True,False
GSUN,Golden Sun Technology Group Limited,,0001826376,False,True,False
GT,The Goodyear Tire & Rubber Company,,0000042582,False,True,False
GTBP,"GT Biopharma, Inc.",,0000109657,False,True,False
GTEC,Greenland Technologies Holding Corporation,,0001735041,False,True,False
GTEN,"Gores Holdings X, Inc.",,0001986817,False,True,False
GTERA,Globa Terra Acquisition Corporation,,0002043766,False,True,False
GTIM,Good Times Restaurants Inc.,,0000825324,False,True,False
GTLB,GitLab Inc.,,0001653482,False,True,False
GTM,ZoomInfo Technologies Inc.,,0001794515,False,True,False
GTX,Garrett Motion Inc.,,0001735707,False,True,False
GUAC,Berto Acquisition Corp. II,,0002081515,False,True,False
GURE,"Gulf Resources, Inc.",,0000885462,False,True,False
GUTS,"Fractyl Health, Inc.",,0001572616,False,True,False
GVH,Globavend Holdings Limited,,0001978527,False,True,False
GWAV,"Greenwave Technology Solutions, Inc.",,0001589149,False,True,False
GWRS,"Global Water Resources, Inc.",,0001434728,False,True,False
GWW,W. W. Grainger,Industrials,0000277135,True,False,True
GXAI,Gaxos.ai Inc.,,0001895618,False,True,False
GXO,"GXO Logistics, Inc.",,0001852244,False,False,True
GYGY,"Game Your Game, Inc.",,0002111846,False,True,False
GYRE,"Gyre Therapeutics, Inc.",,0001124105,False,True,False
GYRO,"Gyrodyne , LLC",,0001589061,False,True,False
HACQ,HCM IV Acquisition Corp.,,0002089982,False,True,False
HAFC,Hanmi Financial Corporation,,0001109242,False,True,False
HAIN,"The Hain Celestial Group, Inc.",,0000910406,False,True,False
HAL,Halliburton,Energy,0000045012,True,False,True
HALO,"Halozyme Therapeutics, Inc.",,0001159036,False,True,False
HAO,Haoxi Health Technology Limited,,0001954594,False,True,False
HAPN,"Happen, Inc.",,0001409970,False,True,False
HAS,Hasbro,Consumer Discretionary,0000046080,True,True,False
HAVA,Harvard Ave Acquisition Corporation,,0002042460,False,True,False
HAVAR,Harvard Ave Acquisition Corporation,,0002042460,False,True,False
HBAN,Huntington Bancshares,Financials,0000049196,True,True,False
HBCP,"Home Bancorp, Inc.",,0001436425,False,True,False
HBIO,"Harvard Bioscience, Inc.",,0001123494,False,True,False
HBNB,Hotel101 Global Holdings Corp.,,0002054507,False,True,False
HBNC,"Horizon Bancorp, Inc.",,0000706129,False,True,False
HBT,"HBT Financial, Inc.",,0000775215,False,True,False
HCA,HCA Healthcare,Health Care,0000860730,True,False,True
HCAC,Hall Chadwick Acquisition Corp.,,0002079013,False,True,False
HCAI,"Huachen AI Parking Management Technology Holding Co., Ltd.",,0001958399,False,True,False
HCAT,"Health Catalyst, Inc",,0001636422,False,True,False
HCHL,Happy City Holdings Limited,,0002046656,False,True,False
HCIC,Hennessy Capital Investment Corp. VIII,,0002099093,False,True,False
HCICR,Hennessy Capital Investment Corp. VIII,,0002099093,False,True,False
HCKT,"The Hackett Group, Inc.",,0001057379,False,True,False
HCMA,HCM III Acquisition Corp.,,0002069856,False,True,False
HCSG,"Healthcare Services Group, Inc.",,0000731012,False,True,False
HCTI,"Healthcare Triangle, Inc.",,0001839285,False,True,False
HCWB,HCW Biologics Inc.,,0001828673,False,True,False
HD,Home Depot (The),Consumer Discretionary,0000354950,True,False,True
HDRN,"Hadron Energy, Inc.",,0002023730,False,True,False
HDSN,"Hudson Technologies, Inc.",,0000925528,False,True,False
HELE,Helen of Troy Limited,,0000916789,False,True,False
HELP,Cybin Inc.,,0001833141,False,True,False
HERZ,"Herzfeld Credit Income Fund, Inc.",,0000880406,False,True,False
HFBL,"Home Federal Bancorp, Inc. of Louisiana",,0001500375,False,True,False
HFFG,HF Foods Group Inc.,,0001680873,False,True,False
HFWA,Heritage Financial Corporation,,0001046025,False,True,False
HGBL,Heritage Global Inc.,,0000849145,False,True,False
HHS,"Harte Hanks, Inc.",,0000045919,False,True,False
HIFS,Hingham Institution for Savings,,,False,True,False
HIG,Hartford (The),Financials,0000874766,True,False,False
HIHO,Highway Holdings Limited,,0001026785,False,True,False
HII,Huntington Ingalls Industries,Industrials,0001501585,True,False,True
HIND,"Vyome Holdings, Inc.",,0001427570,False,True,False
HIT,"Health In Tech, Inc.",,0002019505,False,True,False
HITI,High Tide Inc.,,0001847409,False,True,False
HIVE,HIVE Digital Technologies Ltd,,0001720424,False,True,False
HKIT,Hitek Global Inc.,,0001742341,False,True,False
HKPD,"Cellyan Biotechnology Co., Ltd",,0002007702,False,True,False
HLIT,Harmonic Inc.,,0000851310,False,True,False
HLMN,Hillman Solutions Corp.,,0001822492,False,True,False
HLNE,Hamilton Lane Incorporated,,0001433642,False,True,False
HLP,Hongli Group Inc.,,0001855557,False,True,False
HLT,Hilton Worldwide,Consumer Discretionary,0001585689,True,False,True
HLXC,Helix Acquisition Corp. III,,0002099656,False,True,False
HMH,HMH Holding Inc.,,0002021880,False,True,False
HMR,Heidmar Maritime Holdings Corp.,,0002029471,False,True,False
HNNA,"Hennessy Advisors, Inc.",,0001145255,False,True,False
HNRG,Hallador Energy Company,,0000788965,False,True,False
HNST,"The Honest Company, Inc.",,0001530979,False,True,False
HNVR,"Hanover Bancorp, Inc.",,0001828588,False,True,False
HODO,House of Doge Inc.,,0001903595,False,True,False
HOFT,Hooker Furnishings Corporation,,0001077688,False,True,False
HOLO,MicroCloud Hologram Inc.,,0001841209,False,True,False
HON,Honeywell Technologies,Industrials,0000773840,True,True,True
HONA,Honeywell Aerospace,Industrials,0002089271,True,True,False
HOOD,Robinhood Markets,Financials,0001783879,True,True,False
HOPE,"Hope Bancorp, Inc.",,0001128361,False,True,False
HOUR,"Hour Loop, Inc.",,0001874875,False,True,False
HOVR,New Horizon Aircraft Ltd.,,0001930021,False,True,False
HOWL,"Werewolf Therapeutics, Inc.",,0001785530,False,True,False
HPAI,Helport AI Limited,,0002001699,False,True,False
HPE,Hewlett Packard Enterprise,Information Technology,0001645590,True,False,True
HPK,"HighPeak Energy, Inc.",,0001792849,False,True,False
HPQ,HP Inc.,Information Technology,0000047217,True,False,True
HQ,Horizon Quantum Holdings Ltd.,,0002088256,False,True,False
HQI,"HireQuest, Inc.",,0001140102,False,True,False
HQY,"HealthEquity, Inc.",,0001428336,False,True,False
HRL,Hormel Foods,Consumer Staples,0000048465,True,False,False
HRMY,"Harmony Biosciences Holdings, Inc.",,0001802665,False,True,False
HROW,"Harrow, Inc.",,0001360214,False,True,False
HRTX,"Heron Therapeutics, Inc.",,0000818033,False,True,False
HRZN,Horizon Technology Finance Corporation,,0001487428,False,True,False
HSCS,HeartSciences Inc.,,0001468492,False,True,False
HSDT,Solana Company,,0001610853,False,True,False
HSIC,Henry Schein,Health Care,0001000228,True,True,True
HST,Host Hotels & Resorts,Real Estate,0001070750,True,True,False
HSTM,"HealthStream, Inc.",,0001095565,False,True,False
HSY,Hershey Company (The),Consumer Staples,0000047111,True,False,True
HTCO,High-Trend International Group,,0001928948,False,True,False
HTCR,"Heartcore Enterprises, Inc.",,0001892322,False,True,False
HTFL,"Heartflow, Inc.",,0001464521,False,True,False
HTLD,"Heartland Express, Inc.",,0000799233,False,True,False
HTLM,HomesToLife Ltd,,0002023153,False,True,False
HTO,H2O America,,0000766829,False,True,False
HTOO,Fusion Fuel Green PLC,,0001819794,False,True,False
HTZ,"Hertz Global Holdings, Inc",,0001657853,False,True,True
HUBB,Hubbell Incorporated,Industrials,0000048898,True,False,False
HUBC,Hub Cyber Security Ltd.,,0001905660,False,True,False
HUBCW,Hub Cyber Security Ltd.,,0001905660,False,True,False
HUBG,"Hub Group, Inc.",,0000940942,False,True,False
HUDI,"Huadi International Group Co., Ltd.",,0001791725,False,True,False
HUHU,HUHUTECH International Group Inc.,,0001945415,False,True,False
HUM,Humana,Health Care,0000049071,True,False,True
HUMA,"Humacyte, Inc.",,0001818382,False,True,False
HUN,Huntsman CORP,,0001307954,False,False,True
HURA,"TuHURA Biosciences, Inc.",,0001498382,False,True,False
HURC,"Hurco Companies, Inc.",,0000315374,False,True,False
HURN,Huron Consulting Group Inc.,,0001289848,False,True,False
HUT,Hut 8 Corp.,,0001964789,False,True,False
HVII,Hennessy Capital Investment Corp. VII,,0001846416,False,True,False
HVMC,Highview Merger Corp.,,0002070602,False,True,False
HWBK,"Hawthorn Bancshares, Inc.",,0000893847,False,True,False
HWC,Hancock Whitney Corporation,,0000750577,False,True,False
HWH,HWH International Inc.,,0001897245,False,True,False
HWKN,"Hawkins, Inc.",,0000046250,False,True,False
HWM,Howmet Aerospace,Industrials,0000004281,True,False,False
HXHX,Haoxin Holdings Limited,,0001936817,False,True,False
HYFM,"Hydrofarm Holdings Group, Inc.",,0001695295,False,True,False
HYFT,MindWalk Holdings Corp.,,0001715925,False,True,False
HYMC,Hycroft Mining Holding Corporation,,0001718405,False,True,False
HYNE,"Hoyne Bancorp, Inc.",,0002073153,False,True,False
HYPD,"Hyperion DeFi, Inc.",,0001682639,False,True,False
HYPR,"Hyperfine, Inc.",,0001833769,False,True,False
IACO,Idea Acquisition Corp.,,0002091176,False,True,False
IACQ,Irenic Acquisition Corp.,,0002122505,False,True,False
IART,Integra LifeSciences Holdings Corporation,,0000917520,False,True,False
IBAC,IB Acquisition Corp.,,0001998781,False,True,False
IBCP,Independent Bank Corporation,,0000039311,False,True,False
IBEX,IBEX Limited,,0001720420,False,True,False
IBG,Innovation Beverage Group Limited,,0001924482,False,True,False
IBIO,"iBio, Inc.",,0001420720,False,True,False
IBKR,Interactive Brokers,Financials,0001381197,True,True,False
IBM,IBM,Information Technology,0000051143,True,False,True
IBOC,International Bancshares Corporation,,0000315709,False,True,False
IBRX,"ImmunityBio, Inc.",,0001326110,False,True,False
ICCC,ImmuCell Corporation,,0000811641,False,True,False
ICCM,IceCure Medical Ltd.,,0001584371,False,True,False
ICE,Intercontinental Exchange,Financials,0001571949,True,False,True
ICFI,"ICF International, Inc.",,0001362004,False,True,False
ICHR,Ichor Holdings,,0001652535,False,True,False
ICLR,ICON plc,,0001060955,False,True,False
ICMB,"Investcorp Credit Management BDC, Inc.",,0001578348,False,True,False
ICON,Icon Energy Corp.,,0001995574,False,True,False
ICU,SeaStar Medical Holding Corporation,,0001831868,False,True,False
ICUI,"ICU Medical, Inc.",,0000883984,False,True,False
IDAC,Iron Dome Acquisition I Corp.,,0002090441,False,True,False
IDAI,T Stamp Inc.,,0001718939,False,True,False
IDCC,"InterDigital, Inc.",,0001405495,False,True,False
IDN,"Intellicheck, Inc.",,0001040896,False,True,False
IDXX,Idexx Laboratories,Health Care,0000874716,True,True,False
IDYA,"IDEAYA Biosciences, Inc.",,0001676725,False,True,False
IEAG,Infinite Eagle Acquisition Corp.,,0002084396,False,True,False
IESC,"IES Holdings, Inc.",,0001048268,False,True,False
IEX,IDEX Corporation,Industrials,0000832101,True,False,False
IFBD,"Infobird Co., Ltd",,0001815566,False,True,False
IFF,International Flavors & Fragrances,Materials,0000051253,True,False,True
IFRX,InflaRx N.V.,,0001708688,False,True,False
IGAC,Invest Green Acquisition Corporation,,0002075068,False,True,False
IGIC,International General Insurance Holdings Ltd.,,0001794338,False,True,False
IHRT,"iHeartMedia, Inc.",,0001400891,False,True,False
III,"Information Services Group, Inc.",,0001371489,False,True,False
IIIV,"i3 Verticals, Inc.",,0001728688,False,True,False
IKT,"Inhibikase Therapeutics, Inc.",,0001750149,False,True,False
ILAG,Intelligent Living Application Group Inc.,,0001814963,False,True,False
ILLR,Triller Group Inc.,,0001769624,False,True,False
ILLU,Illumination Acquisition Corp I,,0002101135,False,True,False
ILMN,"Illumina, Inc.",,0001110803,False,True,False
ILPT,Industrial Logistics Properties Trust,,0001717307,False,True,False
IMA,"ImageneBio, Inc.",,0001835579,False,True,False
IMCC,IM Cannabis Corp.,,0001792030,False,True,False
IMDX,Insight Molecular Diagnostics Inc.,,0001642380,False,True,False
IMKTA,"Ingles Markets, Incorporated",,0000050493,False,True,False
IMMR,Immersion Corporation,,0001058811,False,True,False
IMMX,"Immix Biopharma, Inc.",,0001873835,False,True,False
IMNM,"Immunome, Inc.",,0001472012,False,True,False
IMNN,"Imunon, Inc.",,0000749647,False,True,False
IMPP,Imperial Petroleum Inc.,,0001876581,False,True,False
IMPPP,Imperial Petroleum Inc.,,0001876581,False,True,False
IMRX,Immuneering Corporation,,0001790340,False,True,False
IMSR,Terrestrial Energy Inc.,,0002019804,False,True,False
IMTE,Integrated Media Technology Limited,,0001668438,False,True,False
IMTX,Immatics N.V.,,0001809196,False,True,False
IMUX,"Immunic, Inc.",,0001280776,False,True,False
IMVT,"Immunovant, Inc.",,0001764013,False,True,False
IMXI,"International Money Express, Inc.",,0001683695,False,True,False
INAB,"IN8bio, Inc.",,0001740279,False,True,False
INAC,Indigo Acquisition Corp.,,0002063816,False,True,False
INBK,First Internet Bancorp,,0001562463,False,True,False
INBS,Intelligent Bio Solutions Inc.,,0001725430,False,True,False
INBX,"Inhibrx Biosciences, Inc.",,0002007919,False,True,False
INCR,Intercure Ltd.,,0001857030,False,True,False
INCY,Incyte,Health Care,0000879169,True,True,False
INDB,Independent Bank Corp.,,0000776901,False,True,False
INDI,"indie Semiconductor, Inc.",,0001841925,False,True,False
INDP,"Indaptus Therapeutics, Inc.",,0001857044,False,True,False
INDV,"Indivior Pharmaceuticals, Inc.",,0001625297,False,True,False
INEO,INNEOVA Holdings Limited,,0001933951,False,True,False
INGM,Ingram Micro Holding Corp,,0001897762,False,False,True
INGN,"Inogen, Inc",,0001294133,False,True,False
INGR,Ingredion Inc,,0001046257,False,False,True
INHD,Inno Holdings Inc.,,0001961847,False,True,False
INIO,INNIO N.V.,,0002109150,False,True,False
INKT,"MiNK Therapeutics, Inc.",,0001840229,False,True,False
INLF,INLIF LIMITED,,0001991592,False,True,False
INM,InMed Pharmaceuticals Inc.,,0001728328,False,True,False
INMB,INmune Bio Inc.,,0001711754,False,True,False
INMD,InMode Ltd.,,0001742692,False,True,False
INNV,InnovAge Holding Corp.,,0001834376,False,True,False
INO,"Inovio Pharmaceuticals, Inc.",,0001055726,False,True,False
INOD,Innodata Inc.,,0000903651,False,True,False
INSE,"Inspired Entertainment, Inc.",,0001615063,False,True,False
INSG,Inseego Corp.,,0001022652,False,True,False
INSM,Insmed Incorporated,,0001104506,False,True,False
INTA,"Intapp, Inc.",,0001565687,False,True,False
INTC,Intel,Information Technology,0000050863,True,True,True
INTG,The Intergroup Corporation,,0000069422,False,True,False
INTJ,Intelligent Group Limited,,0001916416,False,True,False
INTR,Inter & Co. Inc.,,0001864163,False,True,False
INTS,"Intensity Therapeutics, Inc.",,0001567264,False,True,False
INTU,Intuit,Information Technology,0000896878,True,True,True
INTZ,Intrusion Inc.,,0000736012,False,True,False
INV,"Innventure, Inc.",,0002001557,False,True,False
INVA,"Innoviva, Inc.",,0001080014,False,True,False
INVE,"Identiv, Inc.",,0001036044,False,True,False
INVH,Invitation Homes,Real Estate,0001687229,True,False,False
INVZ,Innoviz Technologies Ltd.,,0001835654,False,True,False
IOND,Ionic Digital Inc.,,0002007691,False,True,False
IONS,"Ionis Pharmaceuticals, Inc.",,0000874015,False,True,False
IOSP,Innospec Inc.,,0001054905,False,True,False
IOTR,iOThree Limited,,0001997637,False,True,False
IOVA,"Iovance Biotherapeutics, Inc.",,0001425205,False,True,False
IP,International Paper,Materials,0000051434,True,False,False
IPAR,"Interparfums, Inc.",,0000822663,False,True,False
IPCX,Inflection Point Acquisition Corp. III,,0002012318,False,True,False
IPDN,"Professional Diversity Network, Inc.",,0001546296,False,True,False
IPEX,Inflection Point Acquisition Corp.,,0002028355,False,True,False
IPFX,Inflection Point Acquisition Corp. VI,,0002102041,False,True,False
IPGP,IPG Photonics Corporation,,0001111928,False,True,False
IPM,Intelligent Protection Management Corp.,,0001355839,False,True,False
IPSC,"Century Therapeutics, Inc.",,0001850119,False,True,False
IPST,"IP Strategy Holdings, Inc.",,0001788230,False,True,False
IPVV,"InterPrivate Investment Partners V, Inc.",,0002105274,False,True,False
IPW,iPower Inc.,,0001830072,False,True,False
IPWR,Ideal Power Inc.,,0001507957,False,True,False
IQST,iQSTEL Inc.,,0001527702,False,True,False
IQV,IQVIA,Health Care,0001478242,True,False,True
IR,Ingersoll Rand,Industrials,0001699150,True,False,False
IRD,"Opus Genetics, Inc.",,0001228627,False,True,False
IRDM,Iridium Communications Inc,,0001418819,False,True,False
IREN,IREN Limited,,0001878848,False,True,False
IRHO,Iron Horse Acquisitions II Corp.,,0002051985,False,True,False
IRIX,IRIDEX Corporation,,0001006045,False,True,False
IRM,Iron Mountain,Real Estate,0001020569,True,False,False
IRMD,iRadimed Corporation,,0001325618,False,True,False
IRON,"Disc Medicine, Inc.",,0001816736,False,True,False
IRTC,"iRhythm Holdings, Inc.",,0001388658,False,True,False
IRWD,"Ironwood Pharmaceuticals, Inc.",,0001446847,False,True,False
ISBA,Isabella Bank Corporation,,0000842517,False,True,False
ISNR,Snow Rothschild Acquisition Corp.,,0002123475,False,True,False
ISPC,iSpecimen Inc.,,0001558569,False,True,False
ISPR,Ispire Technology Inc.,,0001948455,False,True,False
ISRG,Intuitive Surgical,Health Care,0001035267,True,True,False
ISSC,"Innovative Solutions and Support, Inc.",,0000836690,False,True,False
ISTR,Investar Holding Corporation,,0001602658,False,True,False
IT,Gartner,Information Technology,0000749251,True,False,False
ITG,"ITG, Inc.",,0002110117,False,True,False
ITHA,ITHAX Acquisition Corp III,,0002080985,False,True,False
ITIC,Investors Title Company,,0000720858,False,True,False
ITOC,iTonic Holdings Ltd,,0001970544,False,True,False
ITRI,"Itron, Inc.",,0000780571,False,True,False
ITRN,Ituran Location and Control Ltd.,,0001337117,False,True,False
ITW,Illinois Tool Works,Industrials,0000049826,True,False,True
IVA,Inventiva S.A.,,0001756594,False,True,False
IVDA,"Iveda Solutions, Inc.",,0001397183,False,True,False
IVF,"INVO Fertility, Inc.",,0001417926,False,True,False
IVVD,"Invivyd, Inc.",,0001832038,False,True,False
IVZ,Invesco,Financials,0000914208,True,False,False
IXHL,Incannex Healthcare Inc.,,0001873875,False,True,False
IZEA,"IZEA Worldwide, Inc.",,0001495231,False,True,False
IZM,ICZOOM Group Inc.,,0001854572,False,True,False
J,Jacobs Solutions,Industrials,0000052988,True,False,True
JACK,Jack In The Box Inc.,,0000807882,False,True,False
JAGX,"Jaguar Health, Inc.",,0001585608,False,True,False
JAKK,"JAKKS Pacific, Inc.",,0001009829,False,True,False
JANX,"Janux Therapeutics, Inc.",,0001817713,False,True,False
JATT,JATT II Acquisition Corp,,0002112446,False,True,False
JAZZ,Jazz Pharmaceuticals plc,,0001232524,False,True,False
JBDI,JBDI Holdings Limited,,0001964314,False,True,False
JBHT,J.B. Hunt,Industrials,0000728535,True,True,False
JBIO,"Jade Biosciences, Inc.",,0001798749,False,True,False
JBL,Jabil,Information Technology,0000898293,True,False,True
JBLU,JetBlue Airways Corporation,,0001158463,False,True,True
JBSS,"John B. Sanfilippo & Son, Inc.",,0000880117,False,True,False
JCAP,"Jefferson Capital, Inc.",,0002046042,False,True,False
JCI,Johnson Controls,Industrials,0000833444,True,False,False
JCSE,JE Cleantech Holdings Limited,,0001905511,False,True,False
JCTC,Jewett-Cameron Trading Company,,0000885307,False,True,False
JDZG,JIADE LIMITED,,0001976908,False,True,False
JEM,707 Cayman Holdings Limited,,0002018222,False,True,False
JFB,JFB Construction Holdings,,0002024306,False,True,False
JJSF,J & J Snack Foods Corp.,,0000785956,False,True,False
JKHY,Jack Henry & Associates,Financials,0000779152,True,True,False
JL,J-Long Group Limited,,0001948436,False,True,False
JLHL,Julong Holding Limited,,0002007846,False,True,False
JLL,JONES LANG LASALLE INC,,0001037976,False,False,True
JMSB,"John Marshall Bancorp, Inc.",,0001710482,False,True,False
JNJ,Johnson & Johnson,Health Care,0000200406,True,False,True
JOUT,Johnson Outdoors Inc.,,0000788329,False,True,False
JPM,JPMorgan Chase,Financials,0000019617,True,False,True
JRSH,"Jerash Holdings (US), Inc.",,0001696558,False,True,False
JRVR,"James River Group Holdings, Inc.",,0001620459,False,True,False
JSPR,"Jasper Therapeutics, Inc.",,0001788028,False,True,False
JTAI,Jet.AI Inc.,,0001861622,False,True,False
JUNS,"Jupiter Neurosciences, Inc.",,0001679628,False,True,False
JVA,"Coffee Holding Co., Inc.",,0001007019,False,True,False
JWEL,Jowell Global Ltd.,,0001805594,False,True,False
JXG,JX Luxventure Group Inc.,,0001546383,False,True,False
JXN,Jackson Financial Inc.,,0001822993,False,False,True
JYD,Jayud Global Logistics Limited,,0001938186,False,True,False
JYNT,The Joint Corp.,,0001612630,False,True,False
JZXN,"Jiuzi Holdings, Inc.",,0001816172,False,True,False
KALA,"KALA BIO, Inc.",,0001479419,False,True,False
KALU,Kaiser Aluminum Corporation,,0000811596,False,True,False
KARD,"Kardigan, Inc.",,0002123613,False,True,False
KARO,Karooooo Ltd.,,0001828102,False,True,False
KAZR,Skyline Builders Group Holding Limited,,0002031009,False,True,False
KBON,Karbon Capital Partners Corp.,,0002088749,False,True,False
KBSX,FST Corp.,,0002014254,False,True,False
KCHV,Kochav Defense Acquisition Corp.,,0002053799,False,True,False
KD,"Kyndryl Holdings, Inc.",,0001867072,False,False,True
KDK,"Kodiak AI, Inc.",,0001853138,False,True,False
KDP,Keurig Dr Pepper,Consumer Staples,0001418135,True,True,True
KE,"Kimball Electronics, Inc.",,0001606757,False,True,False
KEEL,Keel Infrastructure Corp.,,0001812477,False,True,False
KELYA,"Kelly Services, Inc.",,0000055135,False,True,False
KELYB,"Kelly Services, Inc.",,0000055135,False,True,False
KEQU,Kewaunee Scientific Corporation,,0000055529,False,True,False
KEY,KeyCorp,Financials,0000091576,True,False,False
KEYS,Keysight Technologies,Information Technology,0001601046,True,False,False
KEYY,Keystone Acquisition Corp.,,0002102771,False,True,False
KFFB,Kentucky First Federal Bancorp,,0001297341,False,True,False
KFII,K&F Growth Acquisition Corp. II,,0002029976,False,True,False
KG,"Kestrel Group, Ltd.",,0002055116,False,True,False
KGEI,Kolibri Global Energy Inc.,,0001477081,False,True,False
KHC,Kraft Heinz,Consumer Staples,0001637459,True,True,True
KIDS,OrthoPediatrics Corp.,,0001425450,False,True,False
KIDZ,KIDZ AI Inc.,,0002022308,False,True,False
KIM,Kimco Realty,Real Estate,0000879101,True,False,False
KINS,"Kingstone Companies, Inc",,0000033992,False,True,False
KITT,"Nauticus Robotics, Inc.",,0001849820,False,True,False
KKR,KKR & Co.,Financials,0001404912,True,False,True
KLAC,KLA Corporation,Information Technology,0000319201,True,True,True
KLIC,"Kulicke and Soffa Industries, Inc.",,0000056978,False,True,False
KLRA,"Kailera Therapeutics, Inc.",,0002096997,False,True,False
KLRS,"Kalaris Therapeutics, Inc.",,0001754068,False,True,False
KLTR,"Kaltura, Inc.",,0001432133,False,True,False
KLXE,"KLX Energy Services Holdings, Inc.",,0001738827,False,True,False
KMB,Kimberly-Clark,Consumer Staples,0000055785,True,True,True
KMDA,Kamada Ltd.,,0001567529,False,True,False
KMI,Kinder Morgan,Energy,0001506307,True,False,True
KMRK,K-Tech Solutions Company Limited,,0002049187,False,True,False
KMTS,"Kestra Medical Technologies, Ltd.",,0001877184,False,True,False
KMX,CARMAX INC,,0001170010,False,False,True
KNDI,"Kandi Technologies Group, Inc.",,0001720250,False,True,False
KNSA,"Kiniksa Pharmaceuticals International, plc",,0001730430,False,True,False
KNX,Knight-Swift Transportation Holdings Inc.,,0001492691,False,False,True
KO,Coca-Cola Company (The),Consumer Staples,0000021344,True,False,True
KOD,Kodiak Sciences Inc,,0001468748,False,True,False
KOPN,Kopin Corporation,,0000771266,False,True,False
KOSS,Koss Corporation,,0000056701,False,True,False
KOYN,CSLM Digital Asset Acquisition Corp III,,0002068454,False,True,False
KPLT,"Katapult Holdings, Inc.",,0001785424,False,True,False
KPRX,"Kiora Pharmaceuticals, Inc.",,0001372514,False,True,False
KPTI,Karyopharm Therapeutics Inc.,,0001503802,False,True,False
KR,Kroger,Consumer Staples,0000056873,True,False,True
KRAQ,KRAKacquisition Corp,,0002082119,False,True,False
KRMD,"KORU Medical Systems, Inc.",,0000704440,False,True,False
KRNT,Kornit Digital Ltd.,,0001625791,False,True,False
KRNY,Kearny Financial,,0001617242,False,True,False
KROS,"Keros Therapeutics, Inc.",,0001664710,False,True,False
KRRO,"Korro Bio, Inc.",,0001703647,False,True,False
KRT,Karat Packaging Inc.,,0001758021,False,True,False
KRUS,"Kura Sushi USA, Inc.",,0001772177,False,True,False
KRYS,"Krystal Biotech, Inc.",,0001711279,False,True,False
KSCP,"Knightscope, Inc.",,0001600983,False,True,False
KSPI,Joint Stock Company Kaspi.kz,,0001985487,False,True,False
KTCC,Key Tronic Corporation,,0000719733,False,True,False
KTOS,"Kratos Defense & Security Solutions, Inc.",,0001069258,False,True,False
KTTA,Pasithea Therapeutics Corp.,,0001841330,False,True,False
KTWO,K2 Capital Acquisition Corporation,,0002086524,False,True,False
KURA,"Kura Oncology, Inc.",,0001422143,False,True,False
KUST,"Kustom Entertainment, Inc.",,0001342958,False,True,False
KVHI,"KVH Industries, Inc.",,0001007587,False,True,False
KVUE,Kenvue,Consumer Staples,0001944048,True,False,False
KWM,"K Wave Media, Ltd.",,0002000756,False,True,False
KXIN,Kaixin Holdings,,0001713539,False,True,False
KYIV,Kyivstar Group Ltd.,,0002062440,False,True,False
KYMR,"Kymera Therapeutics, Inc.",,0001815442,False,True,False
KYNB,"Kyntra Bio, Inc.",,0000921299,False,True,False
KYTX,"Kyverna Therapeutics, Inc.",,0001994702,False,True,False
L,Loews Corporation,Financials,0000060086,True,False,True
LAB,Standard BioTools Inc.,,0001162194,False,True,False
LABT,Lakewood-Amedex Biotherapeutics Inc.,,0002079272,False,True,False
LAD,LITHIA MOTORS INC,,0001023128,False,False,True
LAES,SEALSQ Corp,,0001951222,False,True,False
LAFA,LaFayette Acquisition Corp.,,0002079106,False,True,False
LAKE,"Lakeland Industries, Inc.",,0000798081,False,True,False
LAMR,Lamar Advertising Company,,0001090425,False,True,False
LAND,Gladstone Land Corporation,,0001495240,False,True,False
LARK,Landmark Bancorp Inc.,,0001141688,False,True,False
LASE,Laser Photonics Corporation,,0001807887,False,True,False
LASR,"nLIGHT, Inc.",,0001124796,False,True,False
LATA,Galata Acquisition Corp. II,,0002076427,False,True,False
LAUR,"Laureate Education, Inc.",,0000912766,False,True,False
LAWR,"Robot Consulting Co., Ltd.",,0002007599,False,True,False
LBGJ,Li Bang International Corporation Inc.,,0001896425,False,True,False
LBRDA,Liberty Broadband Corporation,,0001611983,False,True,False
LBRDK,Liberty Broadband Corporation,,0001611983,False,True,False
LBRX,LB Pharmaceuticals Inc,,0001691082,False,True,False
LBTYA,Liberty Global Ltd.,,0001570585,False,True,False
LBTYB,Liberty Global Ltd.,,0001570585,False,True,False
LBTYK,Liberty Global Ltd.,,0001570585,False,True,False
LCCC,Lakeshore Acquisition III Corp.,,0002049248,False,True,False
LCFY,Locafy Limited,,0001875547,False,True,False
LCID,"Lucid Group, Inc.",,0001811210,False,True,False
LCNB,LCNB Corporation,,0001074902,False,True,False
LCUT,"Lifetime Brands, Inc.",,0000874396,False,True,False
LDOS,Leidos,Industrials,0001336920,True,False,True
LE,"Lands' End, Inc.",,0000799288,False,True,False
LEA,LEAR CORP,,0000842162,False,False,True
LECO,"Lincoln Electric Holdings, Inc.",,0000059527,False,True,False
LEDS,SemiLEDS Corporation,,0001333822,False,True,False
LEE,"Lee Enterprises, Incorporated",,0000058361,False,True,False
LEGH,Legacy Housing Corporation,,0001436208,False,True,False
LEN,Lennar,Consumer Discretionary,0000920760,True,False,False
LENZ,"LENZ Therapeutics, Inc.",,0001815776,False,True,False
LESL,"Leslie's, Inc.",,0001821806,False,True,False
LEXX,Lexaria Bioscience Corp.,,0001348362,False,True,False
LFAC,Leapfrog Acquisition Corporation,,0002084563,False,True,False
LFCR,"Lifecore Biomedical, Inc.",,0001005286,False,True,False
LFMD,"LifeMD, Inc.",,0000948320,False,True,False
LFST,"LifeStance Health Group, Inc.",,0001845257,False,True,False
LFTO,"Liftoff Mobile, Inc.",,0001850351,False,True,False
LFUS,"Littelfuse, Inc.",,0000889331,False,True,False
LFVN,Lifevantage Corporation,,0000849146,False,True,False
LFWD,Lifeward Ltd.,,0001607962,False,True,False
LGCL,Lucas GC Limited,,0001954694,False,True,False
LGIH,"LGI Homes, Inc.",,0001580670,False,True,False
LGN,Legence Corp.,,0002052568,False,True,False
LGND,Ligand Pharmaceuticals Incorporated,,0000886163,False,True,False
LGO,Largo Inc.,,0001400438,False,True,False
LGVN,Longeveron Inc.,,0001721484,False,True,False
LH,Labcorp,Health Care,0000920148,True,False,False
LHAI,Linkhome Holdings Inc.,,0002017758,False,True,False
LHSW,Lianhe Sowell International Group Ltd,,0002004024,False,True,False
LHX,L3Harris,Industrials,0000202058,True,False,False
LICN,Lichen International Limited,,0001876766,False,True,False
LIDR,"AEye, Inc.",,0001818644,False,True,False
LIEN,"Chicago Atlantic BDC, Inc.",,0001843162,False,True,False
LIF,"Life360, Inc.",,0001581760,False,True,False
LIFE,Ethos Technologies Inc.,,0001788451,False,True,False
LII,Lennox International,Industrials,0001069202,True,False,False
LILA,Liberty Latin America Ltd.,,0001712184,False,True,False
LILAK,Liberty Latin America Ltd.,,0001712184,False,True,False
LILAP,Liberty Latin America Ltd.,,0001712184,False,True,False
LIME,"Neutron Holdings, Inc.",,0001699963,False,True,False
LIMN,"Liminatus Pharma, Inc.",,0001971387,False,True,False
LIN,Linde plc,Materials,0001707925,True,True,False
LINC,Lincoln Educational Services Corporation,,0001286613,False,True,False
LIND,Lindblad Expeditions Holdings Inc.,,0001512499,False,True,False
LINE,"Lineage, Inc.",,0001868159,False,True,False
LINK,"Interlink Electronics, Inc.",,0000828146,False,True,False
LIQT,"LiqTech International, Inc.",,0001307579,False,True,False
LITE,Lumentum,Information Technology,0001633978,True,True,False
LITS,"Lite Strategy, Inc.",,0001262104,False,True,False
LIVE,Live Ventures Incorporated,,0001045742,False,True,False
LIVN,LivaNova PLC,,0001639691,False,True,False
LKFN,Lakeland Financial Corporation,,0000721994,False,True,False
LKQ,LKQ Corporation,,0001065696,False,True,True
LKSP,Lake Superior Acquisition Corp.,,0002043508,False,True,False
LLY,Lilly (Eli),Health Care,0000059478,True,False,True
LLYVA,"Liberty Live Holdings, Inc.",,0002078416,False,True,False
LLYVK,"Liberty Live Holdings, Inc.",,0002078416,False,True,False
LMAT,"LeMaitre Vascular, Inc.",,0001158895,False,True,False
LMB,"Limbach Holdings, Inc.",,0001606163,False,True,False
LMNR,Limoneira Co,,0001342423,False,True,False
LMRI,"Lumexa Imaging Holdings, Inc.",,0002071288,False,True,False
LMT,Lockheed Martin,Industrials,0000936468,True,False,True
LNAI,Lunai Bioworks Inc.,,0001527728,False,True,False
LNC,LINCOLN NATIONAL CORP,,0000059558,False,False,True
LNG,"Cheniere Energy, Inc.",,0000003570,False,False,True
LNKS,Linkers Industries Limited,,0001972074,False,True,False
LNSR,"LENSAR, Inc.",,0001320350,False,True,False
LNT,Alliant Energy,Utilities,0000352541,True,True,False
LNTH,"Lantheus Holdings, Inc.",,0001521036,False,True,False
LNZA,"LanzaTech Global, Inc.",,0001843724,False,True,False
LOAN,"Manhattan Bridge Capital, Inc",,0001080340,False,True,False
LOBO,LOBO TECHNOLOGIES LTD.,,0001932072,False,True,False
LOCO,"El Pollo Loco Holdings, Inc.",,0001606366,False,True,False
LOGI,Logitech International S.A.,,0001032975,False,True,False
LONA,"LeonaBio, Inc.",,0001620463,False,True,False
LOOP,"Loop Industries, Inc.",,0001504678,False,True,False
LOPE,"Grand Canyon Education, Inc.",,0001434588,False,True,False
LOVE,The Lovesac Company,,0001701758,False,True,False
LOW,Lowe's,Consumer Discretionary,0000060667,True,False,False
LPAA,Launch One Acquisition Corp.,,0002015502,False,True,False
LPBB,Launch Two Acquisition Corp.,,0002023676,False,True,False
LPCN,Lipocine Inc.,,0001535955,False,True,False
LPCV,Launchpad Cadenza Acquisition Corp I,,0002083728,False,True,False
LPLA,LPL Financial Holdings Inc.,,0001397911,False,True,True
LPSN,"LivePerson, Inc.",,0001102993,False,True,False
LPTH,"LightPath Technologies, Inc.",,0000889971,False,True,False
LQDA,Liquidia Corporation,,0001819576,False,True,False
LQDT,"Liquidity Services, Inc.",,0001235468,False,True,False
LRCX,Lam Research,Information Technology,0000707549,True,True,True
LRHC,La Rosa Holdings Corp.,,0001879403,False,True,False
LRMR,"Larimar Therapeutics, Inc.",,0001374690,False,True,False
LSAK,"Lesaka Technologies, Inc.",,0001041514,False,True,False
LSBK,"Lake Shore Bancorp, Inc.",,0002059653,False,True,False
LSCC,Lattice Semiconductor Corporation,,0000855658,False,True,False
LSE,"Leishen Energy Holding Co., Ltd.",,0001985139,False,True,False
LSTA,"Lisata Therapeutics, Inc.",,0000320017,False,True,False
LSTR,"Landstar System, Inc.",,0000853816,False,True,True
LTBR,Lightbridge Corporation,,0001084554,False,True,False
LTGR,Long Table Growth Corp.,,0002104177,False,True,False
LTRN,Lantern Pharma Inc.,,0001763950,False,True,False
LTRX,"Lantronix, Inc.",,0001114925,False,True,False
LUCD,Lucid Diagnostics Inc.,,0001799011,False,True,False
LUCY,"Innovative Eyewear, Inc.",,0001808377,False,True,False
LULU,Lululemon Athletica,Consumer Discretionary,0001397187,True,True,True
LUMN,"Lumen Technologies, Inc.",,0000018926,False,False,True
LUNG,Pulmonx Corporation,,0001127537,False,True,False
LUNR,"Intuitive Machines, Inc.",,0001844452,False,True,False
LUV,Southwest Airlines,Industrials,0000092380,True,False,True
LVLU,"Lulu's Fashion Lounge Holdings, Inc.",,0001780201,False,True,False
LVO,"LiveOne, Inc.",,0001491419,False,True,False
LVS,Las Vegas Sands,Consumer Discretionary,0001300514,True,False,False
LWAC,LightWave Acquisition Corp.,,0002061379,False,True,False
LWAY,"Lifeway Foods, Inc.",,0000814586,False,True,False
LWLG,"Lightwave Logic, Inc.",,0001325964,False,True,False
LXEO,"Lexeo Therapeutics, Inc.",,0001907108,False,True,False
LXRX,"Lexicon Pharmaceuticals, Inc.",,0001062822,False,True,False
LYB,LyondellBasell,Materials,0001489393,True,False,False
LYEL,"Lyell Immunopharma, Inc.",,0001806952,False,True,False
LYFT,"Lyft, Inc.",,0001759509,False,True,False
LYTS,LSI Industries Inc.,,0000763532,False,True,False
LYV,Live Nation Entertainment,Communication Services,0001335258,True,False,True
LZ,"LegalZoom.com, Inc.",,0001286139,False,True,False
LZMH,LZ Technology Holdings Limited,,0001967397,False,True,False
M,"Macy's, Inc.",,0000794367,False,False,True
MA,Mastercard,Financials,0001141391,True,False,True
MAA,Mid-America Apartment Communities,Real Estate,0000912595,True,False,False
MAAS,Maase Inc.,,0001750264,False,True,False
MACI,Melar Acquisition Corp. I,,0002016221,False,True,False
MAGH,Magnitude International Ltd,,0002046117,False,True,False
MAKO,Mako Mining Corp,,0001784930,False,True,False
MAMA,"Mama's Creations, Inc.",,0001520358,False,True,False
MAMK,MaxsMaking Inc.,,0002008007,False,True,False
MAMO,Massimo Group,,0001952853,False,True,False
MAN,ManpowerGroup Inc.,,0000871763,False,False,True
MANH,"Manhattan Associates, Inc.",,0001056696,False,True,False
MAR,Marriott International,Consumer Discretionary,0001048286,True,True,False
MARA,"MARA Holdings, Inc.",,0001507605,False,True,False
MARPS,Marine Petroleum Trust,,0000062362,False,True,False
MAS,Masco,Industrials,0000062996,True,False,False
MASK,3 E Network Technology Group Ltd,,0001993097,False,True,False
MASS,908 Devices Inc.,,0001555279,False,True,False
MAT,"Mattel, Inc.",,0000063276,False,True,False
MATH,Metalpha Technology Holding Limited,,0001682241,False,True,False
MATW,Matthews International Corporation,,0000063296,False,True,False
MAYS,"J. W. Mays, Inc.",,0000054187,False,True,False
MAZE,"Maze Therapeutics, Inc.",,0001842295,False,True,False
MB,MasterBeef Group,,0002027265,False,True,False
MBAI,Check-Cap Ltd.,,0001610590,False,True,False
MBBC,"Marathon Bancorp, Inc.",,0001835385,False,True,False
MBIN,Merchants Bancorp,,0001629019,False,True,False
MBIO,"Mustang Bio, Inc.",,0001680048,False,True,False
MBLY,Mobileye Global Inc.,,0001910139,False,True,False
MBOT,Microbot Medical Inc.,,0000883975,False,True,False
MBRX,"Moleculin Biotech, Inc.",,0001659617,False,True,False
MBUU,"Malibu Boats, Inc.",,0001590976,False,True,False
MBVI,M3-Brigade Acquisition VI Corp.,,0002073928,False,True,False
MBWM,Mercantile Bank Corporation,,0001042729,False,True,False
MBX,"MBX Biosciences, Inc.",,0001776111,False,True,False
MCAH,Mountain Crest Acquisition 6 Corp.,,0002109876,False,True,False
MCBS,"MetroCity Bankshares, Inc.",,0001747068,False,True,False
MCD,McDonald's,Consumer Discretionary,0000063908,True,False,False
MCFT,"MasterCraft Boat Holdings, Inc.",,0001638290,False,True,False
MCGA,Yorkville Acquisition Corp.,,0002064658,False,True,False
MCHB,Mechanics Bancorp,,0001518715,False,True,False
MCHP,Microchip Technology,Information Technology,0000827054,True,True,False
MCHX,"Marchex, Inc.",,0001224133,False,True,False
MCK,McKesson Corporation,Health Care,0000927653,True,False,True
MCO,Moody's Corporation,Financials,0001059556,True,False,False
MCRB,"Seres Therapeutics, Inc.",,0001609809,False,True,False
MCRI,"Monarch Casino & Resort, Inc.",,0000907242,False,True,False
MCTA,Charming Medical Limited,,0002035992,False,True,False
MDAI,"Spectral AI, Inc.",,0001833498,False,True,False
MDB,"MongoDB, Inc.",,0001441816,False,True,False
MDBH,"MDB Capital Holdings, LLC",,0001934642,False,True,False
MDCX,Medicus Pharma Ltd.,,0001997296,False,True,False
MDGL,"Madrigal Pharmaceuticals, Inc.",,0001157601,False,True,False
MDIA,Mediaco Holding Inc.,,0001784254,False,True,False
MDLN,Medline Inc.,,0002046386,False,True,False
MDLZ,Mondelez International,Consumer Staples,0001103982,True,True,True
MDRR,"Medalist Diversified, Inc.",,0001654595,False,True,False
MDT,Medtronic,Health Care,0001613103,True,False,False
MDWD,MediWound Ltd.,,0001593984,False,True,False
MDXG,"MiMedx Group, Inc",,0001376339,False,True,False
MDXH,MDxHealth SA,,0001872529,False,True,False
MEDP,"Medpace Holdings, Inc.",,0001668397,False,True,False
MEDS,"DataMeds AI, Inc.",,0002030763,False,True,False
MEGL,Magic Empire Global Limited,,0001881472,False,True,False
MELI,"MercadoLibre, Inc.",,0001099590,False,True,False
MENS,Jyong Biotech Ltd.,,0001954488,False,True,False
MEOH,Methanex Corporation,,0000886977,False,True,False
MERC,Mercer International Inc.,,0001333274,False,True,False
MESH,Meshflow Acquisition Corp.,,0002081468,False,True,False
MET,MetLife,Financials,0001099219,True,False,True
META,Meta Platforms,Communication Services,0001326801,True,True,True
METC,"Ramaco Resources, Inc.",,0001687187,False,True,False
METCB,"Ramaco Resources, Inc.",,0001687187,False,True,False
MEVO,M Evo Global Acquisition Corp II,,0002087361,False,True,False
MF,MindForge Inc.,,0001888525,False,True,False
MFI,mF International Limited,,0001940941,False,True,False
MFIC,MidCap Financial Investment Corporation,,0001278752,False,True,False
MFIN,Medallion Financial Corp.,,0001000209,False,True,False
MFP,"Midera Food Processing, Inc.",,0002088281,False,True,False
MGEE,MGE Energy Inc.,,0001161728,False,True,False
MGIH,Millennium Group International Holdings Limited,,0001903995,False,True,False
MGM,MGM Resorts,Consumer Discretionary,0000789570,True,False,True
MGN,Megan Holdings Limited,,0001995075,False,True,False
MGNI,"Magnite, Inc.",,0001595974,False,True,False
MGNX,"MacroGenics, Inc.",,0001125345,False,True,False
MGPI,"MGP Ingredients, Inc.",,0000835011,False,True,False
MGRC,McGrath RentCorp,,0000752714,False,True,False
MGRT,Mega Fortune Company Limited,,0002033377,False,True,False
MGRX,"Mangoceuticals, Inc.",,0001938046,False,True,False
MGTX,MeiraGTx Holdings plc,,0001735438,False,True,False
MGX,"Metagenomi Therapeutics, Inc.",,0001785279,False,True,False
MGYR,"Magyar Bancorp, Inc.",,0001337068,False,True,False
MHK,MOHAWK INDUSTRIES INC,,0000851968,False,False,True
MIDD,The Middleby Corporation,,0000769520,False,True,False
MIMI,Mint Incorporation Limited,,0001998560,False,True,False
MIND,"MIND Technology, Inc.",,0000926423,False,True,False
MIRA,"MIRA Pharmaceuticals, Inc.",,0001904286,False,True,False
MIRM,"Mirum Pharmaceuticals, Inc.",,0001759425,False,True,False
MIST,Milestone Pharmaceuticals Inc.,,0001408443,False,True,False
MITK,"Mitek Systems, Inc.",,0000807863,False,True,False
MKC,McCormick & Company,Consumer Staples,0000063754,True,False,False
MKDW,MKDWELL Tech Inc.,,0001991332,False,True,False
MKL,MARKEL GROUP INC.,,0001096343,False,False,True
MKLY,McKinley Acquisition Corporation,,0002067592,False,True,False
MKSI,MKS Inc.,,0001049502,False,True,False
MKTW,"MarketWise, Inc.",,0001805651,False,True,False
MKTX,"MarketAxess Holdings, Inc.",,0001278021,False,True,False
MKZR,"MacKenzie Realty Capital, Inc.",,0001550913,False,True,False
MLAA,Mountain Lake Acquisition Corp. II,,0002094265,False,True,False
MLAB,"Mesa Laboratories, Inc.",,0000724004,False,True,False
MLCI,Mount Logan Capital Inc.,,0002051820,False,True,False
MLEC,Moolec Science SA,,0001937737,False,True,False
MLGO,"MicroAlgo, Inc.",,0001800392,False,True,False
MLKN,"MillerKnoll, Inc.",,0000066382,False,True,False
MLM,Martin Marietta Materials,Materials,0000916076,True,False,False
MLTX,MoonLake Immunotherapeutics,,0001821586,False,True,False
MLYS,"Mineralys Therapeutics, Inc.",,0001933414,False,True,False
MMED,"MiniMed Group, Inc.",,0002062583,False,True,False
MMLP,Martin Midstream Partners L.P.,,0001176334,False,True,False
MMM,3M,Industrials,0000066740,True,False,True
MMSI,"Merit Medical Systems, Inc.",,0000856982,False,True,False
MMTX,Miluna Acquisition Corp,,0002077033,False,True,False
MMYT,MakeMyTrip Limited,,0001495153,False,True,False
MNDO,MIND C.T.I. Ltd.,,0001119083,False,True,False
MNDR,Mobile-health Network Solutions,,0001976695,False,True,False
MNDY,monday.com Ltd.,,0001845338,False,True,False
MNKD,MannKind Corporation,,0000899460,False,True,False
MNOV,"MediciNova, Inc.",,0001226616,False,True,False
MNPR,Monopar Therapeutics Inc.,,0001645469,False,True,False
MNRO,"Monro, Inc.",,0000876427,False,True,False
MNSB,"MainStreet Bancshares, Inc.",,0001693577,False,True,False
MNST,Monster Beverage,Consumer Staples,0000865752,True,True,False
MNTK,"Montauk Renewables, Inc.",,0001826600,False,True,False
MNTS,Momentus Inc.,,0001781162,False,True,False
MNY,MoneyHero Limited,,0001974044,False,True,False
MO,Altria,Consumer Staples,0000764180,True,False,True
MOB,Mobilicom Limited,,0001898643,False,True,False
MOBI,"Mobia Medical, Inc.",,0001489993,False,True,False
MOBX,"Mobix Labs, Inc.",,0001855467,False,True,False
MODD,"Modular Medical, Inc.",,0001074871,False,True,False
MOH,"MOLINA HEALTHCARE, INC.",,0001179929,False,False,True
MORN,"Morningstar, Inc.",,0001289419,False,True,False
MOS,Mosaic Company (The),Materials,0001285785,True,False,True
MOVE,"Corvex, Inc.",,0001734750,False,True,False
MPAA,"Motorcar Parts of America, Inc.",,0000918251,False,True,False
MPB,Mid Penn Bancorp,,0000879635,False,True,False
MPC,Marathon Petroleum,Energy,0001510295,True,False,True
MPLT,"MapLight Therapeutics, Inc.",,0001770069,False,True,False
MPWR,Monolithic Power Systems,Information Technology,0001280452,True,True,False
MQ,"Marqeta, Inc.",,0001522540,False,True,False
MRAM,"Everspin Technologies, Inc.",,0001438423,False,True,False
MRBK,Meridian Corporation,,0001750735,False,True,False
MRCY,Mercury Systems Inc,,0001049521,False,True,False
MRDN,Meridian Holdings Inc.,,0001437925,False,True,False
MRK,Merck & Co.,Health Care,0000310158,True,False,True
MRKR,"Marker Therapeutics, Inc.",,0001094038,False,True,False
MRLN,"Merlin, Inc.",,0002028707,False,True,False
MRNA,Moderna,Health Care,0001682852,True,True,True
MRNO,Murano Global Investments PLC,,0001988776,False,True,False
MRSH,Marsh McLennan,Financials,0000062709,True,False,True
MRTN,"Marten Transport, Ltd.",,0000799167,False,True,False
MRVI,"Maravai LifeSciences Holdings, Inc.",,0001823239,False,True,False
MRVL,Marvell Technology,Information Technology,0001835632,True,True,False
MRX,Marex Group Limited,,0001997464,False,True,False
MS,Morgan Stanley,Financials,0000895421,True,False,True
MSAI,"MultiSensor AI Holdings, Inc.",,0001863990,False,True,False
MSBI,"Midland States Bancorp, Inc.",,0001466026,False,True,False
MSCI,MSCI Inc.,Financials,0001408198,True,False,False
MSEX,Middlesex Water Company,,0000066004,False,True,False
MSFT,Microsoft,Information Technology,0000789019,True,True,True
MSGM,Motorsport Games Inc.,,0001821175,False,True,False
MSGY,Masonglory Limited,,0002020228,False,True,False
MSI,Motorola Solutions,Information Technology,0000068505,True,False,True
MSLE,Satellos Bioscience Inc.,,0001421642,False,True,False
MSS,Maison Solutions Inc.,,0001892292,False,True,False
MSTR,Strategy Inc,,0001050446,False,True,False
MTB,M&T Bank,Financials,0000036270,True,False,True
MTC,"MMTec, Inc.",,0001742518,False,True,False
MTCH,"Match Group, Inc.",,0000891103,False,True,False
MTD,Mettler Toledo,Health Care,0001037646,True,False,False
MTEK,Maris-Tech Ltd.,,0001872964,False,True,False
MTEN,Mingteng International Corporation Inc.,,0001948099,False,True,False
MTEX,"Mannatech, Incorporated",,0001056358,False,True,False
MTRX,Matrix Service Company,,0000866273,False,True,False
MTSI,"MACOM Technology Solutions Holdings, Inc.",,0001493594,False,True,False
MTVA,MetaVia Inc.,,0001638287,False,True,False
MTZ,MASTEC INC,,0000015615,False,False,True
MU,Micron Technology,Information Technology,0000723125,True,True,True
MUSA,Murphy USA Inc.,,0001573516,False,False,True
MUZE,Muzero Acquisition Corp,,0002093484,False,True,False
MVBF,MVB Financial Corp.,,0001277902,False,True,False
MVIS,"MicroVision, Inc.",,0000065770,False,True,False
MVST,"Microvast Holdings, Inc.",,0001760689,False,True,False
MWH,"SOLV Energy, Inc.",,0002065636,False,True,False
MWYN,"Marwynn Holdings, Inc.",,0002030522,False,True,False
MXCT,"MaxCyte, Inc.",,0001287098,False,True,False
MXL,"MaxLinear, Inc",,0001288469,False,True,False
MYFW,"First Western Financial, Inc.",,0001327607,False,True,False
MYGN,"Myriad Genetics, Inc.",,0000899923,False,True,False
MYPS,"PLAYSTUDIOS, Inc.",,0001823878,False,True,False
MYRG,"MYR Group, Inc.",,0000700923,False,True,False
MYSE,"Myseum.AI, Inc.",,0001648960,False,True,False
MYSEW,"Myseum.AI, Inc.",,0001648960,False,True,False
MYSZ,"My Size, Inc.",,0001211805,False,True,False
MYX,Maywood Acquisition Corp. 2,,0002080087,False,True,False
MZTI,The Marzetti Company,,0000057515,False,True,False
NAGE,"Niagen Bioscience, Inc.",,0001386570,False,True,False
NAII,"Natural Alternatives International, Inc.",,0000787253,False,True,False
NAKA,Nakamoto Inc.,,0001946573,False,True,False
NAMM,Namib Minerals,,0002026514,False,True,False
NAMS,NewAmsterdam Pharma Company N.V.,,0001936258,False,True,False
NATH,"Nathan's Famous, Inc.",,0000069733,False,True,False
NATR,"Nature's Sunshine Products, Inc.",,0000275053,False,True,False
NAUT,"Nautilus Biotechnology, Inc.",,0001808805,False,True,False
NAVI,Navient Corporation,,0001593538,False,True,False
NAVN,"Navan, Inc.",,0001639723,False,True,False
NB,NioCorp Developments Ltd.,,0001512228,False,True,False
NBBK,"NB Bancorp, Inc.",,0001979330,False,True,False
NBIS,Nebius Group N.V.,,0001513845,False,True,False
NBIX,"Neurocrine Biosciences, Inc.",,0000914475,False,True,False
NBN,Northeast Bank,,,False,True,False
NBRG,Newbridge Acquisition Limited,,0001918414,False,True,False
NBTB,NBT Bancorp Inc.,,0000790359,False,True,False
NBTX,Nanobiotix S.A.,,0001760854,False,True,False
NCEL,NewcelX Ltd.,,0001783036,False,True,False
NCEW,New Century Logistics (BVI) Limited,,0001968043,False,True,False
NCI,Neo-Concept International Group Holdings Limited,,0001916331,False,True,False
NCLH,Norwegian Cruise Line Holdings,Consumer Discretionary,0001513761,True,False,False
NCMI,"National CineMedia, Inc.",,0001377630,False,True,False
NCNO,"nCino, Inc.",,0001902733,False,True,False
NCO,Southern Cross Acquisition I Corp.,,0002116230,False,True,False
NCPL,Netcapital Inc.,,0001414767,False,True,False
NCRA,"Nocera, Inc.",,0001756180,False,True,False
NCSM,"NCS Multistage Holdings, Inc.",,0001692427,False,True,False
NCT,Intercont (Cayman) Limited,,0002018529,False,True,False
NCTY,The9 Limited,,0001296774,False,True,False
NDAQ,"Nasdaq, Inc.",Financials,0001120193,True,True,False
NDLS,Noodles & Company,,0001275158,False,True,False
NDRA,ENDRA Life Sciences Inc.,,0001681682,False,True,False
NDSN,Nordson Corporation,Industrials,0000072331,True,True,False
NECB,"NorthEast Community Bancorp, Inc.",,0001847398,False,True,False
NEE,NextEra Energy,Utilities,0000753308,True,False,True
NEGG,"Newegg Commerce, Inc.",,0001474627,False,True,False
NEM,Newmont,Materials,0001164727,True,False,False
NEO,"NeoGenomics, Inc.",,0001077183,False,True,False
NEOG,Neogen Corporation,,0000711377,False,True,False
NEON,Neonode Inc.,,0000087050,False,True,False
NEOV,NeoVolta Inc.,,0001748137,False,True,False
NEPH,"Nephros, Inc.",,0001196298,False,True,False
NERV,"Minerva Neurosciences, Inc",,0001598646,False,True,False
NESR,National Energy Services Reunited Corp,,0001698514,False,True,False
NEUP,Neuphoria Therapeutics Inc.,,0001191070,False,True,False
NEWT,"NewtekOne, Inc.",,0001587987,False,True,False
NEXM,NexMetals Mining Corp.,,0000795800,False,True,False
NEXN,Nexxen International Ltd.,,0001849396,False,True,False
NEXR,Nexera Technologies Ltd,,0001885408,False,True,False
NEXT,NextDecade Corporation,,0001612720,False,True,False
NFE,New Fortress Energy Inc.,,0001749723,False,True,False
NFLX,Netflix,Communication Services,0001065280,True,True,True
NGEN,NervGen Pharma Corp.,,0001751912,False,True,False
NGL,NGL Energy Partners LP,,0001504461,False,False,True
NGNE,Neurogene Inc.,,0001404644,False,True,False
NHIC,NewHold Investment Corp III,,0002043699,False,True,False
NHIV,NewHold Investment Corp IV,,0002099767,False,True,False
NHP,"National Healthcare Properties, Inc.",,0001561032,False,True,False
NHTC,Natural Health Trends Corp.,,0000912061,False,True,False
NI,NiSource,Utilities,0001111711,True,False,False
NIKI,"Niki BioSolutions, Inc.",,0001734005,False,True,False
NIVF,NewGenIvf Group Limited,,0001981662,False,True,False
NIXX,"Nixxy, Inc.",,0001462223,False,True,False
NKE,"Nike, Inc.",Consumer Discretionary,0000320187,True,False,True
NKLR,Terra Innovatum Global N.V.,,0002067627,False,True,False
NKSH,"National Bankshares, Inc.",,0000796534,False,True,False
NKTR,Nektar Therapeutics,,0000906709,False,True,False
NKTX,"Nkarta, Inc.",,0001787400,False,True,False
NMAD,"Nomad Power Solutions, Inc.",,0001335105,False,True,False
NMFC,New Mountain Finance Corporation,,0001496099,False,True,False
NMIH,NMI Holdings Inc,,0001547903,False,True,False
NMP,NMP Acquisition Corp.,,0002054876,False,True,False
NMRA,"Neumora Therapeutics, Inc.",,0001885522,False,True,False
NMRK,"Newmark Group, Inc.",,0001690680,False,True,False
NMTC,NeuroOne Medical Technologies Corporation,,0001500198,False,True,False
NN,NextNav Inc.,,0001865631,False,True,False
NNBR,"NN, Inc.",,0000918541,False,True,False
NNE,Nano Nuclear Energy Inc.,,0001923891,False,True,False
NNNN,Anbio Biotechnology,,0001982708,False,True,False
NNOX,NANO-X IMAGING LTD,,0001795251,False,True,False
NOC,Northrop Grumman,Industrials,0001133421,True,False,False
NODK,"NI Holdings, Inc.",,0001681206,False,True,False
NOEM,CO2 Energy Transition Corp.,,0001956648,False,True,False
NOMA,NOMADAR Corp.,,0001994214,False,True,False
NOVT,Novanta Inc.,,0001076930,False,True,False
NOVTU,Novanta Inc.,,0001076930,False,True,False
NOW,ServiceNow,Information Technology,0001373715,True,False,True
NPAC,New Providence Acquisition Corp. III,,0002048948,False,True,False
NPCE,"Neuropace, Inc.",,0001528287,False,True,False
NPT,Texxon Holding Limited,,0002014337,False,True,False
NRC,NRC Health,,0000070487,False,True,False
NRDS,"NerdWallet, Inc.",,0001625278,False,True,False
NRG,NRG Energy,Utilities,0001013871,True,False,True
NRIM,Northrim BanCorp Inc,,0001163370,False,True,False
NRIX,"Nurix Therapeutics, Inc.",,0001549595,False,True,False
NRSN,NeuroSense Therapeutics Ltd.,,0001875091,False,True,False
NRXP,"NRX Pharmaceuticals, Inc.",,0001719406,False,True,False
NSC,Norfolk Southern,Industrials,0000702165,True,False,True
NSIT,"Insight Enterprises, Inc.",,0000932696,False,True,True
NSLR,Neostellar Capital Corp.,,0001509470,False,True,False
NSPR,InspireMD Inc.,,0001433607,False,True,False
NSSC,"NAPCO Security Technologies, Inc.",,0000069633,False,True,False
NSTS,"NSTS Bancorp, Inc.",,0001881592,False,True,False
NSYS,Nortech Systems Incorporated,,0000722313,False,True,False
NTAP,NetApp,Information Technology,0001002047,True,True,False
NTCL,NETCLASS TECHNOLOGY INC,,0001927578,False,True,False
NTCT,"NetScout Systems, Inc.",,0001078075,False,True,False
NTGR,"NETGEAR, Inc.",,0001122904,False,True,False
NTHI,"NeOnc Technologies Holdings, Inc.",,0001979414,False,True,False
NTIC,Northern Technologies International Corporation,,0000875582,False,True,False
NTLA,"Intellia Therapeutics, Inc.",,0001652130,False,True,False
NTNX,"Nutanix, Inc.",,0001618732,False,True,False
NTRA,"Natera, Inc.",,0001604821,False,True,False
NTRB,Nutriband Inc.,,0001676047,False,True,False
NTRP,"NextTrip, Inc.",,0000788611,False,True,False
NTRS,Northern Trust,Financials,0000073124,True,True,True
NTSK,"Netskope, Inc.",,0002063196,False,True,False
NTWK,NETSOL Technologies Inc.,,0001039280,False,True,False
NTWO,Newbury Street II Acquisition Corp,,0002028027,False,True,False
NUAI,"New Era Energy & Digital, Inc.",,0002028336,False,True,False
NUCL,Eagle Nuclear Energy Corp.,,0002089283,False,True,False
NUE,Nucor,Materials,0000073309,True,False,True
NUTR,Nusatrip Incorporated,,0002006468,False,True,False
NUTX,Nutex Health Inc.,,0001479681,False,True,False
NUWE,"Nuwellis, Inc.",,0001506492,False,True,False
NVAX,"Novavax, Inc.",,0001000694,False,True,False
NVCR,NovoCure Limited,,0001645113,False,True,False
NVCT,"Nuvectis Pharma, Inc.",,0001875558,False,True,False
NVDA,Nvidia,Information Technology,0001045810,True,True,True
NVEC,NVE Corporation,,0000724910,False,True,False
NVMI,Nova Ltd.,,0001109345,False,True,False
NVNI,Nvni Group Limited,,0001965143,False,True,False
NVNO,enVVeno Medical Corporation,,0001661053,False,True,False
NVR,"NVR, Inc.",Consumer Discretionary,0000906163,True,False,True
NVTS,Navitas Semiconductor Corporation,,0001821769,False,True,False
NVX,NOVONIX Limited,,0001859795,False,True,False
NWBI,"Northwest Bancshares, Inc.",,0001471265,False,True,False
NWE,"NorthWestern Energy Group, Inc.",,0001993004,False,True,False
NWFL,Norwood Financial Corp.,,0001013272,False,True,False
NWL,Newell Brands Inc.,,0000814453,False,True,True
NWPX,"NWPX Infrastructure, Inc.",,0001001385,False,True,False
NWS,News Corp (Class B),Communication Services,0001564708,True,True,False
NWSA,News Corp (Class A),Communication Services,0001564708,True,True,True
NWTG,"Newton Golf Company, Inc.",,0001934245,False,True,False
NXGL,"NexGel, Inc",,0001468929,False,True,False
NXL,"Nexalin Technology, Inc.",,0001527352,False,True,False
NXPI,NXP Semiconductors,Information Technology,0001413447,True,True,False
NXPL,NextPlat Corp,,0001058307,False,True,False
NXST,"Nexstar Media Group, Inc.",,0001142417,False,True,False
NXT,Nextpower Inc.,,0001852131,False,True,False
NXTC,"NextCure, Inc.",,0001661059,False,True,False
NXTS,Nexentis Technologies Inc.,,0001789192,False,True,False
NXTT,Next Technology Holding Inc.,,0001784970,False,True,False
NXXT,"NextNRG, Inc.",,0001817004,False,True,False
NYAX,Nayax Ltd.,,0001901279,False,True,False
NYXH,Nyxoah SA,,0001857190,False,True,False
O,Realty Income,Real Estate,0000726728,True,False,False
OABI,"OmniAb, Inc.",,0001846253,False,True,False
OACC,Oaktree Acquisition Corp. III Life Sciences,,0002029769,False,True,False
OBA,Oxley Bridge Acquisition Limited,,0002034313,False,True,False
OBAI,"Our Bond, Inc.",,0001756064,False,True,False
OBIO,"Orchestra BioMed Holdings, Inc.",,0001814114,False,True,False
OBT,"Orange County Bancorp, Inc.",,0001754226,False,True,False
OBX,"Obsidian Therapeutics, Inc.",,0002130606,False,True,False
OC,Owens Corning,,0001370946,False,False,True
OCC,Optical Cable Corporation,,0001000230,False,True,False
OCCI,"OFS Credit Company, Inc.",,0001716951,False,True,False
OCFC,OceanFirst Financial Corp.,,0001004702,False,True,False
OCG,Oriental Culture Holding LTD,,0001776067,False,True,False
OCGN,"Ocugen, Inc.",,0001372299,False,True,False
OCS,Oculis Holding AG,,0001953530,False,True,False
OCSL,Oaktree Specialty Lending Corporation,,0001414932,False,True,False
OCTV,Octave Intelligence plc,,0002083632,False,True,False
OCUL,"Ocular Therapeutix, Inc.",,0001393434,False,True,False
ODD,ODDITY Tech Ltd.,,0001907085,False,True,False
ODFL,Old Dominion,Industrials,0000878927,True,True,False
ODTX,"Odyssey Therapeutics, Inc.",,0001882782,False,True,False
ODYS,Odysight.ai Inc.,,0001577445,False,True,False
OESX,"Orion Energy Systems, Inc.",,0001409375,False,True,False
OFAL,OFA Group,,0002036307,False,True,False
OFIX,Orthofix Medical Inc.,,0000884624,False,True,False
OFLX,"Omega Flex, Inc.",,0001317945,False,True,False
OFS,OFS Capital Corporation,,0001487918,False,True,False
OGI,Organigram Global Inc.,,0001620737,False,True,False
OHAC,Oceanhawk Acquisition Corp.,,0002090787,False,True,False
OIM,OneIM Acquisition Corp.,,0002088325,False,True,False
OIO,OIO Group,,0001957538,False,True,False
OKE,Oneok,Energy,0001039684,True,False,False
OKTA,"Okta, Inc.",,0001660134,False,True,False
OKUR,"OnKure Therapeutics, Inc.",,0001637715,False,True,False
OKYO,OKYO Pharma Limited,,0001849296,False,True,False
OLB,"The OLB Group, Inc.",,0001314196,False,True,False
OLED,Universal Display Corporation,,0001005284,False,True,False
OLLI,"Ollie's Bargain Outlet Holdings, Inc.",,0001639300,False,True,False
OLMA,"Olema Pharmaceuticals, Inc.",,0001750284,False,True,False
OLN,OLIN Corp,,0000074303,False,False,True
OLOX,Olenox Industries Inc.,,0001023994,False,True,False
OM,"Outset Medical, Inc.",,0001484612,False,True,False
OMC,Omnicom Group,Communication Services,0000029989,True,False,True
OMCL,"Omnicell, Inc.",,0000926326,False,True,False
OMDA,"Omada Health, Inc.",,0001611115,False,True,False
OMER,Omeros Corporation,,0001285819,False,True,False
OMEX,"Odyssey Marine Exploration, Inc.",,0000798528,False,True,False
OMH,Ohmyhome Limited,,0001944902,False,True,False
OMSE,OMS Energy Technologies Inc.,,0002012219,False,True,False
ON,ON Semiconductor,Information Technology,0001097864,True,True,True
ONB,Old National Bancorp,,0000707179,False,True,False
ONCH,1RT Acquisition Corp.,,0002054272,False,True,False
ONCO,"Onconetix, Inc.",,0001782107,False,True,False
ONCY,Oncolytics Biotech Inc.,,0001129928,False,True,False
ONDS,Ondas Inc,,0001646188,False,True,False
ONEG,OneConstruction Group Limited,,0002030834,False,True,False
ONEW,OneWater Marine Inc.,,0001772921,False,True,False
ONFO,Onfolio Holdings Inc.,,0001825452,False,True,False
ONMD,OneMedNet Corp,,0001849380,False,True,False
OPAL,OPAL Fuels Inc.,,0001842279,False,True,False
OPBK,OP Bancorp,,0001722010,False,True,False
OPCH,"Option Care Health, Inc.",,0001014739,False,True,False
OPEN,Opendoor Technologies Inc,,0001801169,False,True,True
OPENL,Opendoor Technologies Inc,,0001801169,False,True,False
OPENW,Opendoor Technologies Inc,,0001801169,False,True,False
OPENZ,Opendoor Technologies Inc,,0001801169,False,True,False
OPI,Office Properties Income Trust,,0001456772,False,True,False
OPK,"Opko Health, Inc.",,0000944809,False,True,False
OPRT,Oportun Financial Corporation,,0001538716,False,True,False
OPRX,OptimizeRx Corporation,,0001448431,False,True,False
OPTH,Optimi Health Corp.,,0002027329,False,True,False
OPTX,"Syntec Optics Holdings, Inc.",,0001866816,False,True,False
OPXS,"Optex Systems Holdings, Inc.",,0001397016,False,True,False
ORBS,Eightco Holdings Inc.,,0001892492,False,True,False
ORCL,Oracle Corporation,Information Technology,0001341439,True,False,True
ORGO,Organogenesis Holdings Inc.,,0001661181,False,True,False
ORI,OLD REPUBLIC INTERNATIONAL CORP,,0000074260,False,False,True
ORIC,"Oric Pharmaceuticals, Inc.",,0001796280,False,True,False
ORIO,Orion Digital Corp.,,0001602842,False,True,False
ORIQ,Origin Investment Corp I,,0002044523,False,True,False
ORIQW,Origin Investment Corp I,,0002044523,False,True,False
ORKA,"Oruka Therapeutics, Inc.",,0000907654,False,True,False
ORKT,Orangekloud Technology Inc.,,0001979407,False,True,False
ORLY,O’Reilly Automotive,Consumer Discretionary,0000898173,True,True,True
ORMP,Oramed Pharmaceuticals Inc.,,0001176309,False,True,False
ORRF,"Orrstown Financial Services, Inc.",,0000826154,False,True,False
OSBC,"Old Second Bancorp, Inc.",,0000357173,False,True,False
OSIS,"OSI Systems, Inc.",,0001039065,False,True,False
OSK,OSHKOSH CORP,,0000775158,False,False,True
OSPN,OneSpan Inc.,,0001044777,False,True,False
OSRH,"OSR Health, Inc.",,0001840425,False,True,False
OSS,"One Stop Systems, Inc.",,0001394056,False,True,False
OST,"Ostin Technology Group Co., Ltd.",,0001803407,False,True,False
OSUR,"OraSure Technologies, Inc.",,0001116463,False,True,False
OSW,OneSpaWorld Holdings Limited,,0001758488,False,True,False
OTEX,Open Text Corporation,,0001002638,False,True,False
OTGA,OTG Acquisition Corp. I,,0002077010,False,True,False
OTIS,Otis Worldwide,Industrials,0001781335,True,False,True
OTLK,"Outlook Therapeutics, Inc.",,0001649989,False,True,False
OTTR,Otter Tail Corporation,,0001466593,False,True,False
OUST,"Ouster, Inc.",,0001816581,False,True,False
OVBC,Ohio Valley Banc Corp.,,0000894671,False,True,False
OVID,Ovid Therapeutics Inc.,,0001636651,False,True,False
OVLY,Oak Valley Bancorp (CA),,0001431567,False,True,False
OVV,Ovintiv Inc.,,0001792580,False,False,True
OWLS,OBOOK Holdings Inc.,,0002025416,False,True,False
OXBR,Oxbridge Re Holdings Limited,,0001584831,False,True,False
OXLC,Oxford Lane Capital Corp.,,0001495222,False,True,False
OXSQ,Oxford Square Capital Corp.,,0001259429,False,True,False
OXY,Occidental Petroleum,Energy,0000797468,True,False,False
OYSE,Oyster Enterprises II Acquisition Corp,,0002042182,False,True,False
OZK,Bank OZK,,0001569650,False,True,False
PAA,"Plains All American Pipeline, L.P.",,0001070423,False,True,False
PAAC,Proem Acquisition Corp I,,0002087446,False,True,False
PACB,"Pacific Biosciences of California, Inc.",,0001299130,False,True,False
PACH,Pioneer Acquisition I Corp,,0002040381,False,True,False
PAG,"PENSKE AUTOMOTIVE GROUP, INC.",,0001019849,False,False,True
PAGP,"Plains GP Holdings, L.P.",,0001581990,False,True,True
PAHC,Phibro Animal Health Corporation,,0001069899,False,True,False
PAL,"Proficient Auto Logistics, Inc.",,0001998768,False,True,False
PALI,"Palisade Bio, Inc.",,0001357459,False,True,False
PALO,Paloma Acquisition Corp I,,0002101562,False,True,False
PAMT,PAMT CORP,,0000798287,False,True,False
PANL,Pangaea Logistics Solutions Ltd.,,0001606909,False,True,False
PANW,Palo Alto Networks,Information Technology,0001327567,True,True,False
PARK,"Park Dental Partners, Inc.",,0002069604,False,True,False
PARR,"PAR PACIFIC HOLDINGS, INC.",,0000821483,False,False,True
PASG,"Passage Bio, Inc.",,0001787297,False,True,False
PASW,"Ping An Biomedical Co., Ltd.",,0001897532,False,True,False
PATK,"Patrick Industries, Inc.",,0000076605,False,True,False
PAVM,PAVmed Inc.,,0001624326,False,True,False
PAVS,Paranovus Entertainment Technology Ltd.,,0001751876,False,True,False
PAX,Patria Investments Limited,,0001825570,False,True,False
PAYO,Payoneer Global Inc.,,0001845815,False,True,False
PAYP,PayPay Corporation,,0002080845,False,True,False
PAYS,"Paysign, Inc.",,0001496443,False,True,False
PAYX,Paychex,Industrials,0000723531,True,True,False
PBAM,"Private Bancorp of America, Inc.",,0001705284,False,True,False
PBF,PBF Energy Inc.,,0001534504,False,False,True
PBFS,"Pioneer Bancorp, Inc.",,0001769663,False,True,False
PBHC,"Pathfinder Bancorp, Inc.",,0001609065,False,True,False
PBK,PowerBank Corporation,,0002011053,False,True,False
PBLS,"Parabilis Medicines, Inc.",,0001657677,False,True,False
PBM,Psyence Biomedical Ltd.,,0001985062,False,True,False
PBYI,Puma Biotechnology Inc,,0001401667,False,True,False
PC,Premium Catering (Holdings) Limited,,0001998056,False,True,False
PCAP,ProCap Acquisition Corp,,0002056634,False,True,False
PCAR,Paccar,Industrials,0000075362,True,True,True
PCB,PCB Bancorp,,0001423869,False,True,False
PCG,PG&E Corporation,Utilities,0001004980,True,False,True
PCRX,"Pacira BioSciences, Inc.",,0001396814,False,True,False
PCSA,"Processa Pharmaceuticals, Inc.",,0001533743,False,True,False
PCT,"PureCycle Technologies, Inc.",,0001830033,False,True,False
PCTY,Paylocity Holding Corporation,,0001591698,False,True,False
PCVX,"Vaxcyte, Inc.",,0001649094,False,True,False
PCYO,Pure Cycle Corporation,,0000276720,False,True,False
PDEX,"Pro-Dex, Inc.",,0000788920,False,True,False
PDFS,"PDF Solutions, Inc.",,0001120914,False,True,False
PDLB,"Ponce Financial Group, Inc.",,0001874071,False,True,False
PDSB,PDS Biotechnology Corporation,,0001472091,False,True,False
PDYN,Palladyne AI Corp.,,0001826681,False,True,False
PEBK,"Peoples Bancorp of North Carolina, Inc.",,0001093672,False,True,False
PEBO,Peoples Bancorp Inc.,,0000318300,False,True,False
PECE,Peace Acquisition Corp,,0002088626,False,True,False
PECO,"Phillips Edison & Company, Inc.",,0001476204,False,True,False
PEG,Public Service Enterprise Group,Utilities,0000788784,True,False,True
PEGA,Pegasystems Inc.,,0001013857,False,True,False
PENG,"Penguin Solutions, Inc.",,0001616533,False,True,False
PENN,"PENN Entertainment, Inc.",,0000921738,False,True,False
PEP,PepsiCo,Consumer Staples,0000077476,True,True,True
PEPG,PepGen Inc.,,0001835597,False,True,False
PERI,Perion Network Ltd,,0001338940,False,True,False
PESI,"Perma-Fix Environmental Services, Inc.",,0000891532,False,True,False
PETS,"PetMed Express, Inc.",,0001040130,False,True,False
PETZ,"TDH Holdings, Inc.",,0001684425,False,True,False
PFAI,Pinnacle Food Group Limited,,0002032755,False,True,False
PFBC,Preferred Bank,,0001492165,False,True,False
PFE,Pfizer,Health Care,0000078003,True,False,True
PFG,Principal Financial Group,Financials,0001126328,True,True,True
PFGC,Performance Food Group Co,,0001618673,False,False,True
PFIS,Peoples Financial Services Corp.,,0001056943,False,True,False
PFSA,"Profusa, Inc.",,0001859807,False,True,False
PFX,PhenixFIN Corporation,,0001490349,False,True,False
PG,Procter & Gamble,Consumer Staples,0000080424,True,False,True
PGAC,Pantages Capital Acquisition Corporation,,0002030829,False,True,False
PGC,Peapack-Gladstone Financial Corporation,,0001050743,False,True,False
PGEN,"Precigen, Inc.",,0001356090,False,True,False
PGNY,"Progyny, Inc.",,0001551306,False,True,False
PGR,Progressive Corporation,Financials,0000080661,True,False,False
PGY,Pagaya Technologies Ltd.,,0001883085,False,True,False
PH,Parker Hannifin,Industrials,0000076334,True,False,True
PHAR,Pharming Group N.V.,,0001828316,False,True,False
PHAT,"Phathom Pharmaceuticals, Inc.",,0001783183,False,True,False
PHIO,Phio Pharmaceuticals Corp.,,0001533040,False,True,False
PHM,PulteGroup,Consumer Discretionary,0000822416,True,False,False
PHOE,Phoenix Asia Holdings Limited,,0002035709,False,True,False
PHUN,"Phunware, Inc.",,0001665300,False,True,False
PHVS,Pharvaris N.V.,,0001830487,False,True,False
PI,"Impinj, Inc.",,0001114995,False,True,False
PICS,PicS N.V.,,0001841644,False,True,False
PII,Polaris Inc.,,0000931015,False,False,True
PIII,P3 Health Partners Inc.,,0001832511,False,True,False
PKBK,"Parke Bancorp, Inc.",,0001315399,False,True,False
PKG,Packaging Corporation of America,Materials,0000075677,True,False,True
PKOH,Park-Ohio Holdings Corp.,,0000076282,False,True,False
PLAB,"Photronics, Inc.",,0000810136,False,True,False
PLAY,"Dave & Buster's Entertainment, Inc.",,0001525769,False,True,False
PLBC,Plumas Bancorp,,0001168455,False,True,False
PLBL,Polibeli Group Ltd,,0002035697,False,True,False
PLBY,"Playboy, Inc.",,0001803914,False,True,False
PLCE,"Children's Place, Inc. (The)",,0001041859,False,True,False
PLD,Prologis,Real Estate,0001045609,True,False,False
PLMK,Plum Acquisition Corp. IV,,0002030482,False,True,False
PLMR,"Palomar Holdings, Inc.",,0001761312,False,True,False
PLPC,Preformed Line Products Company,,0000080035,False,True,False
PLRX,"Pliant Therapeutics, Inc.",,0001746473,False,True,False
PLRZ,Polyrizon Ltd.,,0001893645,False,True,False
PLSE,"Pulse Biosciences, Inc",,0001625101,False,True,False
PLSM,Pulsenmore Ltd.,,0002064764,False,True,False
PLTK,Playtika Holding Corp.,,0001828016,False,True,False
PLTR,Palantir Technologies,Information Technology,0001321655,True,True,False
PLTS,Platinum Analytics Cayman Limited,,0002053033,False,True,False
PLUG,"Plug Power, Inc.",,0001093691,False,True,False
PLUR,Pluri Inc.,,0001158780,False,True,False
PLUS,ePlus inc.,,0001022408,False,True,False
PLUT,Plutus Financial Group Limited,,0001933021,False,True,False
PLXS,Plexus Corp.,,0000785786,False,True,False
PLYX,"Polaryx Therapeutics, Inc.",,0002075320,False,True,False
PM,Philip Morris International,Consumer Staples,0001413329,True,False,True
PMA,Ming Shing Group Holdings Limited,,0001956166,False,True,False
PMAX,Powell Max Limited,,0002012096,False,True,False
PMCB,"PharmaCyte  Biotech, Inc.",,0001157075,False,True,False
PMEC,Primech Holdings Ltd.,,0001891944,False,True,False
PMN,ProMIS Neurosciences Inc.,,0001374339,False,True,False
PMTR,Perimeter Acquisition Corp. I,,0002061473,False,True,False
PMTS,CPI Card Group Inc.,,0001641614,False,True,False
PMVP,"PMV Pharmaceuticals, Inc.",,0001699382,False,True,False
PN,PN Smart Energy Limited,,0002001288,False,True,False
PNBK,Patriot National Bancorp Inc.,,0001098146,False,True,False
PNC,PNC Financial Services,Financials,0000713676,True,False,True
PNR,Pentair,Industrials,0000077360,True,False,False
PNRG,PrimeEnergy Resources Corporation,,0000056868,False,True,False
PNTG,"The Pennant Group, Inc.",,0001766400,False,True,False
PNW,Pinnacle West Capital,Utilities,0000764622,True,False,False
POCI,"Precision Optics Corporation, Inc.",,0000867840,False,True,False
PODC,"PodcastOne, Inc.",,0001940177,False,True,False
PODD,Insulet Corporation,Health Care,0001145197,True,True,False
POET,POET Technologies Inc.,,0001437424,False,True,False
POLA,"Polar Power, Inc.",,0001622345,False,True,False
POLE,Andretti Acquisition Corp. II,,0002025341,False,True,False
PONO,"Pono Capital Four, Inc.",,0002108164,False,True,False
POOL,Pool Corporation,,0000945841,False,True,False
POWI,"Power Integrations, Inc.",,0000833640,False,True,False
POWL,"Powell Industries, Inc.",,0000080420,False,True,False
POWW,Outdoor Holding Company,,0001015383,False,True,False
PPC,Pilgrim's Pride Corporation,,0000802481,False,True,False
PPCB,"Propanc Biopharma, Inc.",,0001517681,False,True,False
PPG,PPG Industries,Materials,0000079879,True,False,True
PPHC,"Public Policy Holding Company, Inc.",,0001903508,False,True,False
PPIH,"Perma-Pipe International Holdings, Inc.",,0000914122,False,True,False
PPL,PPL Corporation,Utilities,0000922224,True,False,True
PPLI,People Incorporated,,0001800227,False,True,False
PPSI,"Pioneer Power Solutions, Inc.",,0001449792,False,True,False
PPTA,Perpetua Resources Corp.,,0001526243,False,True,False
PRAA,"PRA Group, Inc.",,0001185348,False,True,False
PRAX,"Praxis Precision Medicines, Inc.",,0001689548,False,True,False
PRCH,"Porch Group, Inc.",,0001784535,False,True,False
PRCT,PROCEPT BioRobotics Corporation,,0001588978,False,True,False
PRDO,Perdoceo Education Corporation,,0001046568,False,True,False
PRE,Prenetics Global Limited,,0001876431,False,True,False
PRFX,PRF Technologies Ltd.,,0001801834,False,True,False
PRGS,Progress Software Corporation,,0000876167,False,True,False
PRHI,"Presurance Holdings, Inc.",,0001502292,False,True,False
PRLD,Prelude Therapeutics Incorporated,,0001678660,False,True,False
PRME,"Prime Medicine, Inc.",,0001894562,False,True,False
PROF,Profound Medical Corp.,,0001628808,False,True,False
PROK,ProKidney Corp.,,0001850270,False,True,False
PROP,Prairie Operating Co.,,0001162896,False,True,False
PROV,"Provident Financial Holdings, Inc.",,0001010470,False,True,False
PRPL,"Purple Innovation, Inc.",,0001643953,False,True,False
PRPO,"Precipio, Inc.",,0001043961,False,True,False
PRQR,ProQR Therapeutics N.V.,,0001612940,False,True,False
PRSO,Peraso Inc.,,0000890394,False,True,False
PRTA,Prothena Corporation plc,,0001559053,False,True,False
PRTH,"Priority Technology Holdings, Inc.",,0001653558,False,True,False
PRTS,"CarParts.com, Inc.",,0001378950,False,True,False
PRU,Prudential Financial,Financials,0001137774,True,False,True
PRVA,"Privia Health Group, Inc.",,0001759655,False,True,False
PRZO,ParaZero Technologies Ltd.,,0001916241,False,True,False
PSA,Public Storage,Real Estate,0001393311,True,False,False
PSEC,Prospect Capital Corporation,,0001287032,False,True,False
PSHG,Performance Shipping Inc.,,0001481241,False,True,False
PSIG,PS International Group Ltd.,,0001997201,False,True,False
PSIX,"Power Solutions International, Inc.",,0001137091,False,True,False
PSKY,Paramount Skydance Corporation,Communication Services,0002041610,True,True,False
PSMT,"PriceSmart, Inc.",,0001041803,False,True,False
PSNL,"Personalis, Inc.",,0001527753,False,True,False
PSNY,Polestar Automotive Holding UK Limited,,0001884082,False,True,False
PSNYW,Polestar Automotive Holding UK Limited,,0001884082,False,True,False
PSX,Phillips 66,Energy,0001534701,True,False,True
PTAC,Patriot Acquisition Corp.,,0002099095,False,True,False
PTC,PTC Inc.,Information Technology,0000857005,True,True,False
PTCT,"PTC Therapeutics, Inc.",,0001070081,False,True,False
PTEN,"Patterson-UTI Energy, Inc.",,0000889900,False,True,False
PTGX,"Protagonist Therapeutics, Inc.",,0001377121,False,True,False
PTLE,PTL LTD,,0002016337,False,True,False
PTLO,Portillo's Inc.,,0001871509,False,True,False
PTN,"Palatin Technologies, Inc.",,0000911216,False,True,False
PTON,"Peloton Interactive, Inc.",,0001639825,False,True,False
PTOR,Praetorian Acquisition Corp.,,0002093912,False,True,False
PTRN,Pattern Group Inc.,,0001811935,False,True,False
PUBM,"PubMatic, Inc.",,0001422930,False,True,False
PULM,"Pulmatrix, Inc.",,0001574235,False,True,False
PURR,Hyperliquid Strategies Inc,,0002078856,False,True,False
PUSA,Aureus Greenway Holdings Inc.,,0002009312,False,True,False
PVLA,"Palvella Therapeutics, Inc.",,0001583648,False,True,False
PWCM,"PowerCompute, Inc.",,0001640384,False,True,False
PWP,Perella Weinberg Partners,,0001777835,False,True,False
PWR,Quanta Services,Industrials,0001050915,True,False,True
PWRL,Powerlaw Corp.,,0002052053,False,True,False
PXLW,"Pixelworks, Inc.",,0001040161,False,True,False
PXS,Pyxis Tankers Inc.,,0001640043,False,True,False
PYPD,PolyPid Ltd.,,0001611842,False,True,False
PYPL,PayPal,Financials,0001633917,True,True,True
PYXS,"Pyxis Oncology, Inc.",,0001782223,False,True,False
PZZA,"Papa John's International, Inc.",,0000901491,False,True,False
Q,Qnity Electronics,Information Technology,0002058873,True,False,False
QADR,QDRO Acquisition Corp.,,0002083217,False,True,False
QBTS,D-Wave Quantum Inc.,,0001907982,False,True,False
QCLS,"Q/C Technologies, Inc.",,0001321834,False,True,False
QCOM,Qualcomm,Information Technology,0000804328,True,True,False
QCRH,"QCR Holdings, Inc.",,0000906465,False,True,False
QDEL,QuidelOrtho Corporation,,0001906324,False,True,False
QETA,Quetta Acquisition Corporation,,0001978528,False,True,False
QH,Quhuo Limited,,0001781193,False,True,False
QLYS,"Qualys, Inc.",,0001107843,False,True,False
QMCO,Quantum Corporation,,0000709283,False,True,False
QMLS,"QumulusAI, Inc.",,0002084026,False,True,False
QMMM,QMMM Holdings Limited,,0001971542,False,True,False
QNCX,"Quince Therapeutics, Inc.",,0001662774,False,True,False
QNME,"Quanome Technologies, Inc.",,,False,True,False
QNST,"QuinStreet, Inc.",,0001117297,False,True,False
QNT,Quantinuum Inc.,,0002110105,False,True,False
QNTM,Quantum Biopharma Ltd.,,0001771885,False,True,False
QQQX,Nuveen NASDAQ 100 Dynamic Overwrite Fund,,0001608741,False,True,False
QRHC,Quest Resource Holding Corporation,,0001442236,False,True,False
QRVO,"Qorvo, Inc.",,0001604778,False,True,False
QS,QuantumScape Corporation,,0001811414,False,True,False
QSEA,Quartzsea Acquisition Corporation,,0002047455,False,True,False
QSI,Quantum-Si Incorporated,,0001816431,False,True,False
QTEX,QTREX Quantum Ltd.,,0001837493,False,True,False
QTI,"QT Imaging Holdings, Inc.",,0001844505,False,True,False
QTRX,Quanterix Corporation,,0001503274,False,True,False
QTTB,Q32 Bio Inc.,,0001661998,False,True,False
QUBT,Quantum Computing Inc.,,0001758009,False,True,False
QUCY,Quantum Cyber N.V.,,0001874252,False,True,False
QUIK,QuickLogic Corporation,,0000882508,False,True,False
QUMS,Quantumsphere Acquisition Corp.,,0002070900,False,True,False
QURE,uniQure N.V.,,0001590560,False,True,False
QXL,Quantum X Labs Inc.,,0000797542,False,True,False
R,RYDER SYSTEM INC,,0000085961,False,False,True
RACC,Research Alliance Corporation III,,0002118032,False,True,False
RACD,Research Alliance Corporation IV,,0002137777,False,True,False
RAIL,"Freightcar America, Inc.",,0001320854,False,True,False
RAIN,"Rain Enhancement Technologies Holdco, Inc.",,0002028293,False,True,False
RAND,Rand Capital Corporation,,0000081955,False,True,False
RANG,Range Capital Acquisition Corp.,,0002035644,False,True,False
RANI,"Rani Therapeutics Holdings, Inc.",,0001856725,False,True,False
RAPP,"Rapport Therapeutics, Inc.",,0002012593,False,True,False
RARE,Ultragenyx Pharmaceutical Inc.,,0001515673,False,True,False
RAVE,"Rave Restaurant Group, Inc.",,0000718332,False,True,False
RAY,Raytech Holding Limited,,0001948443,False,True,False
RAYA,Erayak Power Solution Group Inc.,,0001825875,False,True,False
RBB,RBB Bancorp,,0001499422,False,True,False
RBBN,Ribbon Communications Inc.,,0001708055,False,True,False
RBCAA,"Republic Bancorp, Inc.",,0000921557,False,True,False
RBKB,"Rhinebeck Bancorp, Inc.",,0001751783,False,True,False
RBNE,Robin Energy Ltd.,,0002039060,False,True,False
RCAT,"Red Cat Holdings, Inc.",,0000748268,False,True,False
RCEL,"Avita Medical, Inc.",,0001762303,False,True,False
RCKT,"Rocket Pharmaceuticals, Inc.",,0001281895,False,True,False
RCKY,"Rocky Brands, Inc.",,0000895456,False,True,False
RCL,Royal Caribbean Group,Consumer Discretionary,0000884887,True,False,False
RCMT,"RCM Technologies, Inc.",,0000700841,False,True,False
RCON,"Recon Technology, Ltd.",,0001442620,False,True,False
RCT,RedCloud Holdings plc,,0002027360,False,True,False
RDAC,Rising Dragon Acquisition Corp.,,0002018145,False,True,False
RDAG,Republic Digital Acquisition Company,,0002055459,False,True,False
RDCM,Radcom Ltd.,,0001016838,False,True,False
RDGT,"Ridgetech, Inc.",,0001856084,False,True,False
RDI,Reading International Inc,,0000716634,False,True,False
RDIB,Reading International Inc,,0000716634,False,True,False
RDNT,"RadNet, Inc.",,0000790526,False,True,False
RDNW,"RideNow Group, Inc.",,0001596961,False,True,False
RDVT,"Red Violet, Inc.",,0001720116,False,True,False
RDWR,Radware Ltd.,,0001094366,False,True,False
RDZN,"Roadzen, Inc.",,0001868640,False,True,False
REAL,"The RealReal, Inc.",,0001573221,False,True,False
REAX,"The Real Brokerage, Inc.",,0001862461,False,True,False
REBN,"Reborn Coffee, Inc.",,0001707910,False,True,False
RECT,Rectitude Holdings Ltd,,0001995116,False,True,False
REFI,"Chicago Atlantic Real Estate Finance, Inc.",,0001867949,False,True,False
REFR,Research Frontiers Incorporated,,0000793524,False,True,False
REG,Regency Centers,Real Estate,0000910606,True,True,False
REGN,Regeneron Pharmaceuticals,Health Care,0000872589,True,True,True
REKR,"Rekor Systems, Inc.",,0001697851,False,True,False
RELL,"Richardson Electronics, Ltd.",,0000355948,False,True,False
RELY,"Remitly Global, Inc.",,0001782170,False,True,False
RENT,"Rent the Runway, Inc.",,0001468327,False,True,False
RENX,RenX Enterprises Corp.,,0001959023,False,True,False
REPL,"Replimune Group, Inc.",,0001737953,False,True,False
RETO,"ReTo Eco-Solutions, Inc.",,0001687277,False,True,False
REVB,"Revelation Biosciences, Inc.",,0001810560,False,True,False
REYN,Reynolds Consumer Products Inc.,,0001786431,False,True,False
RF,Regions Financial Corporation,Financials,0001281761,True,False,True
RFAI,RF Acquisition Corp II,,0002012807,False,True,False
RFAM,RF Acquisition Corp III,,0002091712,False,True,False
RFIL,"RF Industries, Ltd.",,0000740664,False,True,False
RGA,REINSURANCE GROUP OF AMERICA INC,,0000898174,False,False,True
RGC,Regencell Bioscience Holdings Limited,,0001829667,False,True,False
RGCO,RGC Resources Inc.,,0001069533,False,True,False
RGEN,Repligen Corporation,,0000730272,False,True,False
RGLD,"Royal Gold, Inc.",,0000085535,False,True,False
RGNX,REGENXBIO Inc.,,0001590877,False,True,False
RGP,"Resources Connection, Inc.",,0001084765,False,True,False
RGS,Regis Corporation,,0000716643,False,True,False
RGTI,"Rigetti Computing, Inc.",,0001838359,False,True,False
RGTIW,"Rigetti Computing, Inc.",,0001838359,False,True,False
RHI,ROBERT HALF INC.,,0000315213,False,False,True
RIBB,Ribbon Acquisition Corp,,0002035016,False,True,False
RICK,"RCI Hospitality Holdings, Inc.",,0000935419,False,True,False
RIGL,"Rigel Pharmaceuticals, Inc.",,0001034842,False,True,False
RILY,"BRC Group Holdings, Inc.",,0001464790,False,True,False
RIME,"Algorhythm Holdings, Inc.",,0000923601,False,True,False
RIOT,"Riot Platforms, Inc.",,0001167419,False,True,False
RITR,Reitar Logtech Holdings Limited,,0001951229,False,True,False
RIVN,"Rivian Automotive, Inc.",,0001874178,False,True,False
RJET,Republic Airways Holdings Inc.,,0000810332,False,True,False
RJF,Raymond James Financial,Financials,0000720005,True,False,True
RKDA,"Arcadia Biosciences, Inc.",,0001469443,False,True,False
RKLB,Rocket Lab Corporation,,0001819994,False,True,False
RKTO,Rocket One Inc.,,0001711786,False,True,False
RL,Ralph Lauren Corporation,Consumer Discretionary,0001037038,True,False,False
RLAY,"Relay Therapeutics, Inc.",,0001812364,False,True,False
RLMD,"Relmada Therapeutics, Inc.",,0001553643,False,True,False
RLYB,Rallybio Corporation,,0001739410,False,True,False
RMBI,"Richmond Mutual Bancorporation, Inc.",,0001767837,False,True,False
RMBS,"Rambus, Inc.",,0000917273,False,True,False
RMCF,"Rocky Mountain Chocolate Factory, Inc.",,0001616262,False,True,False
RMCO,Royalty Management Holding Corporation,,0001843656,False,True,False
RMD,ResMed,Health Care,0000943819,True,False,False
RMIX,"Suncrete, Inc.",,0002094433,False,True,False
RMNI,"Rimini Street, Inc.",,0001635282,False,True,False
RMR,The RMR Group Inc.,,0001644378,False,True,False
RMSG,Real Messenger Corporation,,0001983324,False,True,False
RMTI,"Rockwell Medical, Inc.",,0001041024,False,True,False
RNA,"Atrium Therapeutics, Inc.",,0002093101,False,True,False
RNAC,"Cartesian Therapeutics, Inc.",,0001453687,False,True,False
RNAZ,"TransCode Therapeutics, Inc.",,0001829635,False,True,False
RNGT,Range Capital Acquisition Corp II,,0002078653,False,True,False
RNTX,"Rein Therapeutics, Inc.",,0001420565,False,True,False
RNW,ReNew Energy Global plc,,0001848763,False,True,False
RNXT,"RenovoRx, Inc.",,0001574094,False,True,False
ROAD,"Construction Partners, Inc.",,0001718227,False,True,False
ROC,Rank One Computing Corporation,,0002077709,False,True,False
ROCK,"Gibraltar Industries, Inc.",,0000912562,False,True,False
ROIV,Roivant Sciences Ltd.,,0001635088,False,True,False
ROK,Rockwell Automation,Industrials,0001024478,True,False,True
ROKU,"Roku, Inc.",,0001428439,False,True,False
ROL,"Rollins, Inc.",Industrials,0000084839,True,False,False
ROMA,Roma Green Finance Limited,,0001945240,False,True,False
ROOT,"Root, Inc.",,0001788882,False,True,False
ROP,Roper Technologies,Information Technology,0000882835,True,True,False
ROST,Ross Stores,Consumer Discretionary,0000745732,True,True,True
RPAY,Repay Holdings Corporation,,0001720592,False,True,False
RPD,"Rapid7, Inc.",,0001560327,False,True,False
RPGL,Republic Power Group Limited,,0001912884,False,True,False
RPID,"Rapid Micro Biosystems, Inc.",,0001380106,False,True,False
RPRX,Royalty Pharma plc,,0001802768,False,True,False
RR,Richtech Robotics Inc.,,0001963685,False,True,False
RRBI,"Red River Bancshares, Inc.",,0001071236,False,True,False
RREV,RRE Ventures Acquisition Corp.,,0002123969,False,True,False
RRGB,"Red Robin Gourmet Burgers, Inc.",,0001171759,False,True,False
RRR,"Red Rock Resorts, Inc.",,0001653653,False,True,False
RSG,Republic Services,Industrials,0001060391,True,False,True
RSSS,"Research Solutions, Inc",,0001386301,False,True,False
RSVR,"Reservoir Media, Inc..",,0001824403,False,True,False
RTAC,Renatus Tactical Acquisition Corp I,,0002035173,False,True,False
RTB,"RTB Digital, Inc.",,0001419275,False,True,False
RTX,RTX Corporation,Industrials,0000101829,True,False,True
RUBI,Rubico Inc.,,0001943421,False,True,False
RUM,RUM Group Inc.,,0001830081,False,True,False
RUN,Sunrun Inc.,,0001469367,False,True,False
RUSHA,"Rush Enterprises, Inc.",,0001012019,False,True,False
RUSHB,"Rush Enterprises, Inc.",,0001012019,False,True,False
RVMD,"Revolution Medicines, Inc.",,0001628171,False,True,False
RVSB,Riverview Bancorp Inc,,0001041368,False,True,False
RVSN,Rail Vision Ltd.,,0001743905,False,True,False
RVTY,Revvity,Health Care,0000031791,True,False,False
RWAY,Runway Growth Finance Corp.,,0001653384,False,True,False
RXRX,"Recursion Pharmaceuticals, Inc.",,0001601830,False,True,False
RXST,"RxSight, Inc.",,0001111485,False,True,False
RXT,"Rackspace Technology, Inc.",,0001810019,False,True,False
RYET,Ruanyun Edai Technology Inc.,,0001873454,False,True,False
RYM,"RYTHM, Inc.",,0001800637,False,True,False
RYOJ,"rYojbaba Co., Ltd.",,0002012600,False,True,False
RYTM,"Rhythm Pharmaceuticals, Inc.",,0001649904,False,True,False
RZLT,"Rezolute, Inc.",,0001509261,False,True,False
RZLV,Rezolve AI PLC,,0001920294,False,True,False
SAAQ,Space Asset Acquisition Corp.,,0002091222,False,True,False
SABR,Sabre Corporation,,0001597033,False,True,False
SABS,"SAB Biotherapeutics, Inc.",,0001833214,False,True,False
SAFT,"Safety Insurance Group, Inc.",,0001172052,False,True,False
SAFX,"XCF Global, Inc.",,0002019793,False,True,False
SAGT,SAGTEC GLOBAL LIMITED,,0002029138,False,True,False
SAH,SONIC AUTOMOTIVE INC,,0001043509,False,False,True
SAIA,"Saia, Inc.",,0001177702,False,True,False
SAIC,Science Applications International Corporation,,0001571123,False,True,True
SAIH,SAIHEAT Limited,,0001847075,False,True,False
SAIL,"SailPoint, Inc.",,0002030781,False,True,False
SAMG,Silvercrest Asset Management Group Inc.,,0001549966,False,True,False
SANA,"Sana Biotechnology, Inc.",,0001770121,False,True,False
SANG,Sangoma Technologies Corporation,,0001753368,False,True,False
SANM,Sanmina Corporation,,0000897723,False,True,True
SATL,Satellogic Inc.,,0001874315,False,True,False
SBAC,SBA Communications,Real Estate,0001034054,True,True,False
SBC,SBC Medical Group Holdings Incorporated,,0001930313,False,True,False
SBCF,Seacoast Banking Corporation of Florida,,0000730708,False,True,False
SBET,"Sharplink, Inc.",,0001981535,False,True,False
SBFG,"SB Financial Group, Inc.",,0000767405,False,True,False
SBFM,Sunshine Biopharma Inc.,,0001402328,False,True,False
SBGI,"Sinclair, Inc.",,0001971213,False,True,False
SBLK,Star Bulk Carriers Corp.,,0001386716,False,True,False
SBRA,"Sabra Health Care REIT, Inc.",,0001492298,False,True,False
SBUX,Starbucks,Consumer Discretionary,0000829224,True,True,True
SCHL,Scholastic Corporation,,0000866729,False,True,False
SCHW,Charles Schwab Corporation,Financials,0000316709,True,False,False
SCII,SC II Acquisition Corp.,,0002076739,False,True,False
SCKT,"Socket Mobile, Inc.",,0000944075,False,True,False
SCLX,Scilex Holding Company,,0001820190,False,True,False
SCNX,"Scienture Holdings, Inc.",,0001382574,False,True,False
SCOR,"comScore, Inc.",,0001158172,False,True,False
SCPQ,Social Commerce Partners Corporation,,0002083143,False,True,False
SCSC,"ScanSource, Inc.",,0000918965,False,True,False
SCTX,Scribe Therapeutics Inc.,,0001853921,False,True,False
SCWO,374Water Inc.,,0000933972,False,True,False
SCYX,"SCYNEXIS, Inc.",,0001178253,False,True,False
SCZM,Santacruz Silver Mining Ltd.,,0001548536,False,True,False
SDA,SunCar Technology Group Inc.,,0001936804,False,True,False
SDGR,"Schrodinger, Inc.",,0001490978,False,True,False
SDHI,Siddhi Acquisition Corp,,0002034037,False,True,False
SDOT,Sadot Group Inc.,,0001701756,False,True,False
SDST,Stardust Power Inc.,,0001831979,False,True,False
SEAT,Vivid Seats Inc.,,0001856031,False,True,False
SEDG,"SolarEdge Technologies, Inc.",,0001419612,False,True,False
SEED,Origin Agritech Limited,,0001321851,False,True,False
SEER,"Seer, Inc.",,0001726445,False,True,False
SEGG,Sports Entertainment Gaming Global Corporation,,0001673481,False,True,False
SEIC,SEI Investments Company,,0000350894,False,True,False
SELF,"Global Self Storage, Inc.",,0001031235,False,True,False
SENEA,Seneca Foods Corp.,,0000088948,False,True,False
SENEB,Seneca Foods Corp.,,0000088948,False,True,False
SENS,"Senseonics Holdings, Inc.",,0001616543,False,True,False
SEPN,"Septerna, Inc.",,0001984086,False,True,False
SERA,"Sera Prognostics, Inc.",,0001534969,False,True,False
SERV,Serve Robotics Inc.,,0001832483,False,True,False
SEV,Aptera Motors Corp.,,0001786471,False,True,False
SEVN,Seven Hills Realty Trust,,0001452477,False,True,False
SEZL,Sezzle Inc.,,0001662991,False,True,False
SFBC,"Sound Financial Bancorp, Inc.",,0001541119,False,True,False
SFD,"Smithfield Foods, Inc.",,0000091388,False,True,False
SFHG,Samfine Creation Holdings Group Limited,,0001926792,False,True,False
SFIX,"Stitch Fix, Inc.",,0001576942,False,True,False
SFM,"Sprouts Farmers Market, Inc.",,0001575515,False,True,False
SFNC,Simmons First National Corporation,,0000090498,False,True,False
SFST,"Southern First Bancshares, Inc.",,0001090009,False,True,False
SFWL,Shengfeng Development Limited,,0001863218,False,True,False
SGA,"Saga Communications, Inc.",,0000886136,False,True,False
SGC,"Superior Group of Companies, Inc.",,0000095574,False,True,False
SGHT,"Sight Sciences, Inc.",,0001531177,False,True,False
SGLY,Singularity Future Technology Ltd.,,0001422892,False,True,False
SGML,Sigma Lithium Corporation,,0001848309,False,True,False
SGMT,Sagimet Biosciences Inc.,,0001400118,False,True,False
SGP,"SpyGlass Pharma, Inc.",,0001778922,False,True,False
SGRY,"Surgery Partners, Inc.",,0001638833,False,True,False
SHAZ,"SharonAI Holdings, Inc.",,0002068385,False,True,False
SHBI,"Shore Bancshares, Inc.",,0001035092,False,True,False
SHC,Sotera Health Company,,0001822479,False,True,False
SHEN,Shenandoah Telecommunications Co,,0000354963,False,True,False
SHFS,"SHF Holdings, Inc.",,0001854963,False,True,False
SHIM,Shimmick Corporation,,0001887944,False,True,False
SHIP,Seanergy Maritime Holdings Corp.,,0001448397,False,True,False
SHLS,"Shoals Technologies Group, Inc.",,0001831651,False,True,False
SHMD,SCHMID Group N.V.,,0001987240,False,True,False
SHOE,"Shoe Station Group, Inc.",,0000895447,False,True,False
SHOO,"Steven Madden, Ltd.",,0000913241,False,True,False
SHOP,Shopify Inc.,,0001594805,False,True,False
SHOT,RMG ML Sports Holdings,,0002104879,False,True,False
SHPH,"Shuttle Pharmaceuticals Holdings, Inc.",,0001757499,False,True,False
SHW,Sherwin-Williams,Materials,0000089800,True,False,True
SIBN,"SI-BONE, Inc.",,0001459839,False,True,False
SIDU,"Sidus Space, Inc.",,0001879726,False,True,False
SIEB,Siebert Financial Corp.,,0000065596,False,True,False
SIFY,Sify Technologies Limited,,0001094324,False,True,False
SIGA,SIGA Technologies Inc.,,0001010086,False,True,False
SIGI,"Selective Insurance Group, Inc.",,0000230557,False,True,False
SILC,Silicom Ltd,,0000916793,False,True,False
SILO,"Silo Pharma, Inc.",,0001514183,False,True,False
SIMA,SIM Acquisition Corp. I,,0002014982,False,True,False
SINT,"SiNtx Technologies, Inc.",,0001269026,False,True,False
SION,"Sionna Therapeutics, Inc.",,0002036042,False,True,False
SIRI,SiriusXM Holdings Inc.,,0000908937,False,True,False
SITM,SiTime Corporation,,0001451809,False,True,False
SJ,Scienjoy Holding Corporation,,0001753673,False,True,False
SJM,J.M. Smucker Company (The),Consumer Staples,0000091419,True,False,True
SKIN,SkinHealth Systems Inc.,,0001818093,False,True,False
SKK,SKK Holdings Limited,,0001991261,False,True,False
SKWD,"Skyward Specialty Insurance Group, Inc.",,0001519449,False,True,False
SKYA,"SkyAI, Inc.",,0001737995,False,True,False
SKYE,"Skye Bioscience, Inc.",,0001516551,False,True,False
SKYQ,Sky Quarry Inc.,,0001812447,False,True,False
SKYW,"SkyWest, Inc.",,0000793733,False,True,False
SKYX,SKYX Platforms Corp.,,0001598981,False,True,False
SLAB,"Silicon Laboratories, Inc.",,0001038074,False,True,False
SLB,Schlumberger,Energy,0000087347,True,False,False
SLBT,SL Science Holding Limited,,0002070534,False,True,False
SLDB,Solid Biosciences Inc.,,0001707502,False,True,False
SLDE,"Slide Insurance Holdings, Inc.",,0001886428,False,True,False
SLDP,"Solid Power, Inc.",,0001844862,False,True,False
SLE,"Super League Enterprise, Inc.",,0001621672,False,True,False
SLGB,Smart Logistics Global Limited,,0001987189,False,True,False
SLGL,Sol-Gel Technologies Ltd.,,0001684693,False,True,False
SLM,SLM Corporation,,0001032033,False,True,False
SLMT,Brera Holdings PLC,,0001939965,False,True,False
SLN,Silence Therapeutics Plc,,0001479615,False,True,False
SLNG,"Stabilis Solutions, Inc.",,0001043186,False,True,False
SLNH,"Soluna Holdings, Inc.",,0000064463,False,True,False
SLP,"Simulations Plus, Inc.",,0001023459,False,True,False
SLRC,SLR Investment Corp.,,0001418076,False,True,False
SLS,"SELLAS Life Sciences Group, Inc.",,0001390478,False,True,False
SLSN,"Solesence, Inc.",,0000883107,False,True,False
SLXN,Silexion Therapeutics Corp,,0002022416,False,True,False
SMBC,"Southern Missouri Bancorp, Inc.",,0000916907,False,True,False
SMCI,Supermicro,Information Technology,0001375365,True,True,False
SMID,Smith-Midland Corporation,,0000924719,False,True,False
SMMT,Summit Therapeutics Inc.,,0001599298,False,True,False
SMPL,The Simply Good Foods Company,,0001702744,False,True,False
SMSI,"Smith Micro Software, Inc.",,0000948708,False,True,False
SMTC,Semtech Corporation,,0000088941,False,True,False
SMTI,Sanara MedTech Inc.,,0000714256,False,True,False
SMTK,"SmartKem, Inc.",,0001817760,False,True,False
SMX,SMX (Security Matters) Public Limited Company,,0001940674,False,True,False
SMXT,Solarmax Technology Inc.,,0001519472,False,True,False
SNA,Snap-on,Industrials,0000091440,True,False,False
SNAL,"Snail, Inc.",,0001886894,False,True,False
SND,"Smart Sand, Inc.",,0001529628,False,True,False
SNDK,Sandisk,Information Technology,0002023554,True,True,False
SNDL,SNDL Inc.,,0001766600,False,True,False
SNDX,"Syndax Pharmaceuticals, Inc.",,0001395937,False,True,False
SNES,"SenesTech, Inc.",,0001680378,False,True,False
SNEX,StoneX Group Inc.,,0000913760,False,True,True
SNFCA,Security National Financial Corporation,,0000318673,False,True,False
SNGX,"Soligenix, Inc.",,0000812796,False,True,False
SNOA,"Sonoma Pharmaceuticals, Inc.",,0001367083,False,True,False
SNPS,Synopsys,Information Technology,0000883241,True,True,False
SNT,Senstar Technologies Corporation,,0001993727,False,True,False
SNTG,Sentage Holdings Inc.,,0001810467,False,True,False
SNTI,"Senti Biosciences Holdings, Inc.",,0001854270,False,True,False
SNWV,"SANUWAVE Health, Inc.",,0001417663,False,True,False
SNX,TD SYNNEX CORP,,0001177394,False,False,True
SNYR,Synergy CHC Corp.,,0001562733,False,True,False
SO,Southern Company,Utilities,0000092122,True,False,True
SOBR,"SOBR Safe, Inc.",,0001425627,False,True,False
SOCA,Solarius Capital Acquisition Corp.,,0002065948,False,True,False
SOFI,"SoFi Technologies, Inc.",,0001818874,False,True,False
SOLS,Solstice Advanced Materials Inc.,,0002064953,False,True,False
SOLV,Solventum,Health Care,0001964738,True,False,False
SON,SONOCO PRODUCTS CO,,0000091767,False,False,True
SONM,"DNA X, Inc.",,0001178697,False,True,False
SONO,"Sonos, Inc.",,0001314727,False,True,False
SOPH,SOPHiA GENETICS SA,,0001840706,False,True,False
SORA,AsiaStrategy,,0002033515,False,True,False
SORN,Soren Acquisition Corp.,,0002086263,False,True,False
SOTK,Sono-Tek Corporation,,0000806172,False,True,False
SOUN,"SoundHound AI, Inc.",,0001840856,False,True,False
SOWG,Sow Good Inc.,,0001490161,False,True,False
SPAI,Safe Pro Group Inc.,,0002011208,False,True,False
SPCB,"SuperCom, Ltd.",,0001291855,False,True,False
SPCX,Space Exploration Technologies Corp.,,0001181412,False,True,False
SPEG,Silver Pegasus Acquisition Corp,,0002028735,False,True,False
SPFI,"South Plains Financial, Inc.",,0001163668,False,True,False
SPG,Simon Property Group,Real Estate,0001063761,True,False,False
SPGI,S&P Global,Financials,0000064040,True,False,True
SPHL,Springview Holdings Ltd,,0002002236,False,True,False
SPKL,Spark I Acquisition Corp.,,0001884046,False,True,False
SPOK,"Spok Holdings, Inc.",,0001289945,False,True,False
SPPL,SIMPPLE LTD.,,0001948697,False,True,False
SPRB,"Spruce Biosciences, Inc.",,0001683553,False,True,False
SPRC,SciSparc Ltd.,,0001611746,False,True,False
SPRO,"Spero Therapeutics, Inc.",,0001701108,False,True,False
SPRY,"ARS Pharmaceuticals, Inc.",,0001671858,False,True,False
SPSC,"SPS Commerce, Inc.",,0001092699,False,True,False
SPT,"Sprout Social, Inc",,0001517375,False,True,False
SPTX,"Seaport Therapeutics, Inc.",,0002042347,False,True,False
SPWH,"Sportsman's Warehouse Holdings, Inc.",,0001132105,False,True,False
SPWR,SunPower Inc.,,0001838987,False,True,False
SQFT,"Presidio Property Trust, Inc.",,0001080657,False,True,False
SQFTW,"Presidio Property Trust, Inc.",,0001080657,False,True,False
SRAD,Sportradar Group AG,,0001836470,False,True,False
SRBK,"SR Bancorp, Inc.",,0001951276,False,True,False
SRCE,1st Source Corporation,,0000034782,False,True,False
SRE,Sempra,Utilities,0001032208,True,False,True
SRPT,"Sarepta Therapeutics, Inc.",,0000873303,False,True,False
SRRK,Scholar Rock Holding Corporation,,0001727196,False,True,False
SRTA,"Strata Critical Medical, Inc.",,0001779128,False,True,False
SRTS,"Sensus Healthcare, Inc.",,0001494891,False,True,False
SRZN,"Surrozen, Inc.",,0001824893,False,True,False
SSAC,SPACSphere Acquisition Corp.,,0002081300,False,True,False
SSBI,Summit State Bank,,,False,True,False
SSEA,Starry Sea Acquisition Corp,,0002059165,False,True,False
SSII,SS Innovations International Inc.,,0001676163,False,True,False
SSM,Sono Group N.V.,,0001840416,False,True,False
SSNC,"SS&C Technologies Holdings, Inc.",,0001402436,False,True,False
SSP,E.W. Scripps Company (The),,0000832428,False,True,False
SSRM,SSR Mining Inc.,,0000921638,False,True,False
SSTI,"SoundThinking, Inc.",,0001351636,False,True,False
SSYS,"Stratasys, Ltd.",,0001517396,False,True,False
STAA,STAAR Surgical Company,,0000718937,False,True,False
STAK,STAK Inc.,,0002002453,False,True,False
STBA,"S&T Bancorp, Inc.",,0000719220,False,True,False
STE,Steris,Health Care,0001757898,True,False,False
STEP,StepStone Group Inc.,,0001796022,False,True,False
STEX,Streamex Corp.,,0001530766,False,True,False
STFS,Star Fashion Culture Holdings Limited,,0002003061,False,True,False
STGW,Stagwell Inc.,,0000876883,False,True,False
STHO,Star Holdings,,0001953366,False,True,False
STI,"Solidion Technology, Inc.",,0001881551,False,True,False
STIM,"Neuronetics, Inc.",,0001227636,False,True,False
STKE,Sol Strategies Inc.,,0001846839,False,True,False
STKS,"The ONE Group Hospitality, Inc.",,0001399520,False,True,False
STLD,Steel Dynamics,Materials,0001022671,True,True,True
STLN,"Starling Oncology Institute, Inc.",,,False,True,False
STNE,StoneCo Ltd.,,0001745431,False,True,False
STOK,"Stoke Therapeutics, Inc.",,0001623526,False,True,False
STRA,"Strategic Education, Inc.",,0001013934,False,True,False
STRL,"Sterling Infrastructure, Inc.",,0000874238,False,True,False
STRO,"Sutro Biopharma, Inc.",,0001382101,False,True,False
STRR,"Star Equity Holdings, Inc.",,0001210708,False,True,False
STRS,Stratus Properties Inc.,,0000885508,False,True,False
STRT,STRATTEC SECURITY CORPORATION,,0000933034,False,True,False
STRZ,Starz Entertainment Corp.,,0000929351,False,True,False
STT,State Street Corporation,Financials,0000093751,True,False,True
STTK,"Shattuck Labs, Inc.",,0001680367,False,True,False
STX,Seagate Technology,Information Technology,0001137789,True,True,False
STZ,Constellation Brands,Consumer Staples,0000016918,True,False,True
SUGP,SU Group Holdings Limited,,0001969863,False,True,False
SUIG,Sui Group Holdings Limited,,0001425355,False,True,False
SUJA,"Suja Life, Inc.",,0001934114,False,True,False
SUMA,SUMA Acquisition Corporation,,0002105838,False,True,False
SUNE,"SUNation Energy, Inc.",,0000022701,False,True,False
SUNS,"Sunrise Realty Trust, Inc.",,0002012706,False,True,False
SUPN,"Supernus Pharmaceuticals, Inc.",,0001356576,False,True,False
SUPX,SuperX AI Technology Limited,,0001897087,False,True,False
SURG,"SurgePays, Inc.",,0001392694,False,True,False
SVA,"Sinovac Biotech, Ltd.",,0001084201,False,True,False
SVAQ,Silicon Valley Acquisition Corp.,,0002085659,False,True,False
SVC,Service Properties Trust,,0000945394,False,True,False
SVCC,Stellar V Capital Corp.,,0002033593,False,True,False
SVCO,"Silvaco Group, Inc.",,0001943289,False,True,False
SVIV,Spring Valley Acquisition Corp. IV,,0002098242,False,True,False
SVRA,"Savara, Inc.",,0001160308,False,True,False
SVRN,OceanPal Inc.,,0001869467,False,True,False
SW,Smurfit Westrock,Materials,0002005951,True,False,False
SWAG,"Stran & Company, Inc.",,0001872525,False,True,False
SWBI,"Smith & Wesson Brands, Inc.",,0001092796,False,True,False
SWIM,"Latham Group, Inc.",,0001833197,False,True,False
SWK,Stanley Black & Decker,Industrials,0000093556,True,False,True
SWKS,Skyworks Solutions,Information Technology,0000004127,True,True,False
SWMR,"Swarmer, Inc",,0002092574,False,True,False
SWVL,Swvl Holdings Corp,,0001875609,False,True,False
SXTC,"China SXT Pharmaceuticals, Inc.",,0001723980,False,True,False
SXTP,"60 Degrees Pharmaceuticals, Inc.",,0001946563,False,True,False
SY,So-Young International Inc.,,0001758530,False,True,False
SYBT,"Stock Yards Bancorp, Inc.",,0000835324,False,True,False
SYF,Synchrony Financial,Financials,0001601712,True,False,True
SYK,Stryker Corporation,Health Care,0000310764,True,False,True
SYM,Symbotic Inc.,,0001837240,False,True,False
SYNA,Synaptics Incorporated,,0000817720,False,True,False
SYPR,"Sypris Solutions, Inc.",,0000864240,False,True,False
SYRE,"Spyre Therapeutics, Inc.",,0001636282,False,True,False
SYY,Sysco,Consumer Staples,0000096021,True,False,True
SZZL,Sizzle Acquisition Corp. II,,0002030663,False,True,False
T,AT&T,Communication Services,0000732717,True,False,True
TACH,Titan Acquisition Corp.,,0002009183,False,True,False
TACO,Berto Acquisition Corp.,,0002033122,False,True,False
TACT,TransAct Technologies Incorporated,,0001017303,False,True,False
TALK,"Talkspace, Inc.",,0001803901,False,True,False
TANH,Tantech Holdings Ltd.,,0001588084,False,True,False
TAOP,Taoping Inc.,,0001552670,False,True,False
TAOX,Tao Synergies Inc.,,0001571934,False,True,False
TAP,Molson Coors Beverage Company,Consumer Staples,0000024545,True,False,False
TAP-A,MOLSON COORS BEVERAGE CO,,0000024545,False,False,True
TARA,"Protara Therapeutics, Inc.",,0001359931,False,True,False
TARS,"Tarsus Pharmaceuticals, Inc.",,0001819790,False,True,False
TASK,"TaskUs, Inc.",,0001829864,False,True,False
TATT,TAT Technologies Ltd.,,0000808439,False,True,False
TAVI,Tavia Acquisition Corp.,,0002020385,False,True,False
TAYD,"Taylor Devices, Inc.",,0000096536,False,True,False
TBBK,"The Bancorp, Inc.",,0001295401,False,True,False
TBCH,Turtle Beach Corporation,,0001493761,False,True,False
TBLA,Taboola.com Ltd.,,0001840502,False,True,False
TBLD,Thornburg Income Builder Opportunities Trust,,0001820378,False,True,False
TBPH,"Theravance Biopharma, Inc.",,0001583107,False,True,False
TCBI,"Texas Capital Bancshares, Inc.",,0001077428,False,True,False
TCBK,TriCo Bancshares,,0000356171,False,True,False
TCBS,"Texas Community Bancshares, Inc.",,0001849466,False,True,False
TCMD,"Tactile Systems Technology, Inc.",,0001027838,False,True,False
TCPC,BlackRock TCP Capital Corp.,,0001370755,False,True,False
TCRT,"Alaunos Therapeutics, Inc.",,0001107421,False,True,False
TCRX,"TScan Therapeutics, Inc.",,0001783328,False,True,False
TCX,Tucows Inc.,,0000909494,False,True,False
TDAC,Translational Development Acquisition Corp.,,0001926599,False,True,False
TDG,TransDigm Group,Industrials,0001260221,True,False,False
TDIC,Dreamland Limited,,0002041338,False,True,False
TDTH,Trident Digital Tech Holdings Ltd,,0001983550,False,True,False
TDUP,ThredUp Inc.,,0001484778,False,True,False
TDWD,Tailwind 2.0 Acquisition Corp.,,0002076616,False,True,False
TDY,Teledyne Technologies,Information Technology,0001094285,True,False,False
TEAD,Teads Holding Co.,,0001454938,False,True,False
TEAM,Atlassian Corporation,,0001650372,False,True,False
TECH,Bio-Techne,Health Care,0000842023,True,True,False
TECX,"Tectonic Therapeutic, Inc.",,0001681087,False,True,False
TEL,TE Connectivity,Information Technology,0001385157,True,False,False
TELA,"TELA Bio, Inc.",,0001561921,False,True,False
TELO,"Telomir Pharmaceuticals, Inc.",,0001971532,False,True,False
TEM,"Tempus AI, Inc.",,0001717115,False,True,False
TENB,"Tenable Holdings, Inc.",,0001660280,False,True,False
TENX,"Tenax Therapeutics, Inc.",,0000034956,False,True,False
TER,Teradyne,Information Technology,0000097210,True,True,False
TFC,Truist Financial,Financials,0000092230,True,False,True
TFSL,TFS Financial Corporation,,0001381668,False,True,False
TGHL,The GrowHub Limited,,0002024114,False,True,False
TGL,Treasure Global Inc.,,0001905956,False,True,False
TGT,Target Corporation,Consumer Staples,0000027419,True,False,True
TGTX,"TG Therapeutics, Inc.",,0001001316,False,True,False
TH,Target Hospitality Corp.,,0001712189,False,True,False
THC,TENET HEALTHCARE CORP,,0000070318,False,False,True
THCH,TH International Limited,,0001877333,False,True,False
THFF,First Financial Corporation,,0000714562,False,True,False
THH,TryHard Holdings Limited,,0002044241,False,True,False
THO,THOR INDUSTRIES INC,,0000730263,False,False,True
THRM,Gentherm Inc,,0000903129,False,True,False
THRY,"Thryv Holdings, Inc.",,0001556739,False,True,False
TIGO,Millicom International Cellular S.A.,,0000912958,False,True,False
TIL,"Instil Bio, Inc.",,0001789769,False,True,False
TILE,"Interface, Inc.",,0000715787,False,True,False
TIPT,Tiptree Inc.,,0001393726,False,True,False
TITN,Titan Machinery Inc.,,0001409171,False,True,False
TJGC,TJGC Group Limited,,0001969928,False,True,False
TJX,TJX Companies,Consumer Discretionary,0000109198,True,False,False
TKNO,"Alpha Teknova, Inc.",,0001850902,False,True,False
TKO,TKO Group Holdings,Communication Services,0001973266,True,False,False
TLF,"Tandy Leather Factory, Inc.",,0000909724,False,True,False
TLIH,Ten-League International Holdings Limited,,0001982012,False,True,False
TLN,Talen Energy Corporation,,0001622536,False,True,False
TLNC,Talon Capital Corp.,,0002073340,False,True,False
TLPH,"Talphera, Inc.",,0001427925,False,True,False
TLRY,"Tilray Brands, Inc.",,0001731348,False,True,False
TLS,Telos Corporation,,0000320121,False,True,False
TLSA,Tiziana Life Sciences Ltd,,0001723069,False,True,False
TLSI,"TriSalus Life Sciences, Inc.",,0001826667,False,True,False
TMC,TMC the metals company Inc.,,0001798562,False,True,False
TMCI,"Treace Medical Concepts, Inc.",,0001630627,False,True,False
TMCR,The Metals Royalty Company Inc.,,0002087398,False,True,False
TMDX,"TransMedics Group, Inc.",,0001756262,False,True,False
TMHC,Taylor Morrison Home Corp,,0001562476,False,False,True
TMO,Thermo Fisher Scientific,Health Care,0000097745,True,False,True
TMS,Teamshares Inc.,,0002048951,False,True,False
TMTS,Spartacus Acquisition Corp. II,,0002097364,False,True,False
TMUS,T-Mobile US,Communication Services,0001283699,True,True,False
TNDM,"Tandem Diabetes Care, Inc.",,0001438133,False,True,False
TNGX,"Tango Therapeutics, Inc.",,0001819133,False,True,False
TNMG,TNL Mediagene,,0002013186,False,True,False
TNON,"Tenon Medical, Inc.",,0001560293,False,True,False
TNXP,Tonix Pharmaceuticals Holding Corp.,,0001430306,False,True,False
TNYA,"Tenaya Therapeutics, Inc.",,0001858848,False,True,False
TOL,"Toll Brothers, Inc.",,0000794170,False,False,True
TOMZ,"TOMI Environmental Solutions, Inc.",,0000314227,False,True,False
TONX,TON Strategy Company,,0001566610,False,True,False
TOP,TOP Financial Group Limited,,0001848275,False,True,False
TORO,Toro Corp.,,0001941131,False,True,False
TOWN,Towne Bank,,,False,True,False
TOYO,"TOYO Co., Ltd",,0001985273,False,True,False
TPCS,TechPrecision Corporation,,0001328792,False,True,False
TPG,TPG Inc.,,0001880661,False,True,False
TPL,Texas Pacific Land Corporation,Energy,0001811074,True,False,False
TPR,"Tapestry, Inc.",Consumer Discretionary,0001116132,True,False,False
TPST,"Tempest Therapeutics, Inc.",,0001544227,False,True,False
TRAW,"Traws Pharma, Inc.",,0001130598,False,True,False
TRAX,"First Tracks Biotherapeutics, Inc.",,0002091349,False,True,False
TRDA,"Entrada Therapeutics, Inc.",,0001689375,False,True,False
TREE,"LendingTree, Inc.",,0001434621,False,True,False
TRGP,Targa Resources,Energy,0001389170,True,False,True
TRGS,TRG Latin America Acquisitions Corp.,,0002098780,False,True,False
TRI,Thomson Reuters Corp,,0001075124,False,True,False
TRIP,"TripAdvisor, Inc.",,0001526520,False,True,False
TRMB,Trimble Inc.,Information Technology,0000864749,True,True,False
TRMD,TORM plc,,0001655891,False,True,False
TRMK,Trustmark Corporation,,0000036146,False,True,False
TRNR,Interactive Strength Inc.,,0001785056,False,True,False
TRNS,"Transcat, Inc.",,0000099302,False,True,False
TRON,Tron Inc.,,0001956744,False,True,False
TROO,"TROOPS, Inc.",,0001412095,False,True,False
TROW,T. Rowe Price,Financials,0001113169,True,True,False
TRS,TriMas Corporation,,0000842633,False,True,False
TRSG,Tungray Technologies Inc,,0001943444,False,True,False
TRST,TrustCo Bank Corp NY,,0000357301,False,True,False
TRUG,"TruGolf Holdings, Inc.",,0001857086,False,True,False
TRUP,"Trupanion, Inc.",,0001371285,False,True,False
TRV,Travelers Companies (The),Financials,0000086312,True,False,True
TRVI,"Trevi Therapeutics, Inc.",,0001563880,False,True,False
TSAT,Telesat Corporation,,0001845840,False,True,False
TSBK,"Timberland Bancorp, Inc.",,0001046050,False,True,False
TSCO,Tractor Supply,Consumer Discretionary,0000916365,True,True,False
TSEM,Tower Semiconductor Ltd.,,0000928876,False,True,False
TSHA,"Taysha Gene Therapies, Inc.",,0001806310,False,True,False
TSLA,"Tesla, Inc.",Consumer Discretionary,0001318605,True,True,True
TSN,Tyson Foods,Consumer Staples,0000100493,True,False,True
TSSI,"TSS, Inc.",,0001320760,False,True,False
TT,Trane Technologies,Industrials,0001466258,True,False,False
TTAN,"ServiceTitan, Inc.",,0001638826,False,True,False
TTD,Trade Desk (The),Communication Services,0001671933,True,True,False
TTEC,"TTEC Holdings, Inc.",,0001013880,False,True,False
TTEK,"Tetra Tech, Inc.",,0000831641,False,True,False
TTGT,"TechTarget, Inc.",,0002018064,False,True,False
TTMI,"TTM Technologies, Inc.",,0001116942,False,True,False
TTRX,Turn Therapeutics Inc.,,0002023016,False,True,False
TTWO,Take-Two Interactive,Communication Services,0000946581,True,True,False
TULP,"Bloomia Holdings, Inc.",,0000875355,False,True,False
TUSK,"Mammoth Energy Services, Inc.",,0001679268,False,True,False
TVA,Texas Ventures Acquisition III Corp,,0002033991,False,True,False
TVAI,Thayer Ventures Acquisition Corporation II,,0001872228,False,True,False
TVGN,Tevogen Inc.,,0001860871,False,True,False
TVIV,Texas Ventures Acquisition IV Corp,,0002096755,False,True,False
TVRD,"Tvardi Therapeutics, Inc.",,0001346830,False,True,False
TVTX,"Travere Therapeutics, Inc.",,0001438533,False,True,False
TW,Tradeweb Markets Inc.,,0001758730,False,True,False
TWAV,"TaoWeave, Inc.",,0000746210,False,True,False
TWFG,"TWFG, Inc.",,0002007596,False,True,False
TWG,Top Wealth Group Holding Limited,,0001978057,False,True,False
TWIN,"Twin Disc, Incorporated",,0000100378,False,True,False
TWLV,Twelve Seas Investment Company III,,0002052243,False,True,False
TWST,Twist Bioscience Corporation,,0001581280,False,True,False
TXG,"10x Genomics, Inc.",,0001770787,False,True,False
TXMD,"TherapeuticsMD, Inc.",,0000025743,False,True,False
TXN,Texas Instruments,Information Technology,0000097476,True,True,True
TXRH,"Texas Roadhouse, Inc.",,0001289460,False,True,False
TXT,Textron,Industrials,0000217346,True,False,True
TYGO,"Tigo Energy, Inc.",,0001855447,False,True,False
TYL,Tyler Technologies,Information Technology,0000860731,True,False,False
TYRA,"Tyra Biosciences, Inc.",,0001863127,False,True,False
TZOO,Travelzoo,,0001133311,False,True,False
UAL,United Airlines Holdings,Industrials,0000100517,True,True,True
UBCP,"United Bancorp, Inc.",,0000731653,False,True,False
UBER,Uber,Industrials,0001543151,True,False,True
UBSI,"United Bankshares, Inc.",,0000729986,False,True,False
UCAR,U Power Limited,,0001939780,False,True,False
UCFI,CN Healthy Food Tech Group Corp.,,0001901203,False,True,False
UCTT,"Ultra Clean Holdings, Inc.",,0001275014,False,True,False
UDR,"UDR, Inc.",Real Estate,0000074208,True,False,False
UEIC,Universal Electronics Inc.,,0000101984,False,True,False
UFCS,"United Fire Group, Inc",,0000101199,False,True,False
UFG,Uni-Fuels Holdings Limited,,0002021688,False,True,False
UFPI,"UFP Industries, Inc.",,0000912767,False,True,True
UFPT,"UFP Technologies, Inc.",,0000914156,False,True,False
UG,"United-Guardian, Inc.",,0000101295,False,True,False
UHS,Universal Health Services,Health Care,0000352915,True,False,True
UK,Ucommune International Ltd,,0001821424,False,True,False
ULBI,Ultralife Corporation,,0000875657,False,True,False
ULCC,"Frontier Group Holdings, Inc.",,0001670076,False,True,False
ULH,"Universal Logistics Holdings, Inc.",,0001308208,False,True,False
ULTA,Ulta Beauty,Consumer Discretionary,0001403568,True,True,True
UMBF,UMB Financial Corporation,,0000101382,False,True,False
UNB,"Union Bankshares, Inc.",,0000706863,False,True,False
UNCY,"Unicycive Therapeutics, Inc.",,0001766140,False,True,False
UNFI,UNITED NATURAL FOODS INC,,0001020859,False,False,True
UNH,UnitedHealth Group,Health Care,0000731766,True,False,True
UNIT,Uniti Group Inc.,,0002020795,False,True,False
UNM,Unum Group,,0000005513,False,False,True
UNP,Union Pacific Corporation,Industrials,0000100885,True,False,True
UNTY,"Unity Bancorp, Inc.",,0000920427,False,True,False
UONE,"Urban One, Inc.",,0001041657,False,True,False
UONEK,"Urban One, Inc.",,0001041657,False,True,False
UPB,"Upstream Bio, Inc.",,0002022626,False,True,False
UPBD,"Upbound Group, Inc.",,0000933036,False,True,False
UPC,Universe Pharmaceuticals Inc,,0001809616,False,True,False
UPLD,"Upland Software, Inc.",,0001505155,False,True,False
UPS,United Parcel Service,Industrials,0001090727,True,False,True
UPST,"Upstart Holdings, Inc.",,0001647639,False,True,False
UPWK,Upwork Inc.,,0001627475,False,True,False
UPXI,"Upexi, Inc.",,0001775194,False,True,False
URBN,"Urban Outfitters, Inc.",,0000912615,False,True,False
URGN,UroGen Pharma Ltd.,,0001668243,False,True,False
URI,United Rentals,Industrials,0001067701,True,False,True
UROY,Uranium Royalty Corp.,,0001711570,False,True,False
USAR,"USA Rare Earth, Inc.",,0001970622,False,True,False
USAU,U.S. Gold Corp.,,0000027093,False,True,False
USB,U.S. Bancorp,Financials,0000036104,True,False,False
USCB,"USCB Financial Holdings, Inc.",,0001901637,False,True,False
USDE,StablecoinX Inc.,,0002080215,False,True,False
USEA,United Maritime Corporation,,0001912847,False,True,False
USFD,US Foods Holding Corp.,,0001665918,False,False,True
USGO,U.S. GoldMining Inc.,,0001947244,False,True,False
USIO,"Usio, Inc.",,0001088034,False,True,False
USLM,"United States Lime & Minerals, Inc.",,0000082020,False,True,False
UTHR,United Therapeutics Corporation,,0001082554,False,True,False
UTMD,"Utah Medical Products, Inc.",,0000706698,False,True,False
UTSI,UTStarcom Holdings Corp,,0001030471,False,True,False
UVSP,Univest Financial Corporation,,0000102212,False,True,False
UYSC,UY Scuti Acquisition Corp.,,0002036973,False,True,False
UZX,Linkage Global Inc,,0001969401,False,True,False
V,Visa Inc.,Financials,0001403161,True,False,True
VABK,Virginia National Bankshares Corporation,,0001572334,False,True,False
VALU,"Value Line, Inc.",,0000717720,False,True,False
VANI,"Vivani Medical, Inc.",,0001266806,False,True,False
VBIO,"Valion Bio, Inc.",,0001787740,False,True,False
VBNK,VersaBank,,0001690639,False,True,False
VC,Visteon Corporation,,0001111335,False,True,False
VCEL,Vericel Corporation,,0000887359,False,True,False
VCIG,VCI Global Limited,,0001930510,False,True,False
VCTR,"Victory Capital Holdings, Inc.",,0001570827,False,True,False
VCYT,"Veracyte, Inc.",,0001384101,False,True,False
VECO,Veeco Instruments Inc.,,0000103145,False,True,False
VEEA,Veea Inc.,,0001840317,False,True,False
VEEE,Twin Vee PowerCats Co.,,0001855509,False,True,False
VEEV,Veeva Systems,Health Care,0001393052,True,False,False
VELO,"Velo3D, Inc.",,0001825079,False,True,False
VERA,"Vera Therapeutics, Inc.",,0001831828,False,True,False
VERI,"Veritone, Inc.",,0001615165,False,True,False
VERU,Veru Inc.,,0000863894,False,True,False
VERX,"Vertex, Inc.",,0001806837,False,True,False
VFF,"Village Farms International, Inc.",,0001584549,False,True,False
VFS,VinFast Auto Ltd.,,0001913510,False,True,False
VGAS,"Verde Clean Fuels, Inc.",,0001841425,False,True,False
VHC,VirnetX Holding Corp,,0001082324,False,True,False
VHCP,Vine Hill Capital Investment Corp. II,,0002086264,False,True,False
VHUB,"VenHub Global, Inc.",,0001972234,False,True,False
VIAV,Viavi Solutions Inc.,,0000912093,False,True,False
VICI,Vici Properties,Real Estate,0001705696,True,False,False
VICR,Vicor Corporation,,0000751978,False,True,False
VINP,Vinci Compass Investments Ltd.,,0001826286,False,True,False
VIP,Vulcan Infrastructure and Power Inc.,,0001844971,False,True,False
VIR,"Vir Biotechnology, Inc.",,0001706431,False,True,False
VIRC,Virco Manufacturing Corporation,,0000751365,False,True,False
VISN,"Vistance Networks, Inc.",,0001517228,False,True,False
VITL,"Vital Farms, Inc.",,0001579733,False,True,False
VIVK,"Vivakor, Inc.",,0001450704,False,True,False
VIVO,VivoPower PLC,,0001681348,False,True,False
VIVS,"VivoSim Labs, Inc.",,0001497253,False,True,False
VKTX,"Viking Therapeutics, Inc.",,0001607678,False,True,False
VLGEA,"Village Super Market, Inc.",,0000103595,False,True,False
VLO,Valero Energy,Energy,0001035002,True,False,False
VLOS,Velos Acquisition I Corp.,,0002016072,False,True,False
VLTO,Veralto,Industrials,0001967680,True,False,False
VLY,Valley National Bancorp,,0000714310,False,True,False
VMAR,Vision Marine Technologies Inc.,,0001813783,False,True,False
VMC,Vulcan Materials Company,Materials,0001396009,True,False,True
VMD,"Viemed Healthcare, Inc.",,0001729149,False,True,False
VMET,Versamet Royalties Corporation,,0002080073,False,True,False
VNCE,Vince Holding Corp.,,0001579157,False,True,False
VNDA,Vanda Pharmaceuticals Inc.,,0001347178,False,True,False
VNME,Vendome Acquisition Corporation I,,0002055879,False,True,False
VNOM,"Viper Energy, Inc.",,0002074176,False,True,False
VOR,Vor Biopharma Inc.,,0001817229,False,True,False
VOXR,Vox Royalty Corp.,,0001907909,False,True,False
VRA,"Vera Bradley, Inc.",,0001495320,False,True,False
VRAX,Virax Biolabs Group Limited,,0001885827,False,True,False
VRCA,Verrica Pharmaceuticals Inc.,,0001660334,False,True,False
VRDN,"Viridian Therapeutics, Inc.",,0001590750,False,True,False
VREX,Varex Imaging Corporation,,0001681622,False,True,False
VRM,"Vroom, Inc.",,0001580864,False,True,False
VRME,"VerifyMe, Inc.",,0001104038,False,True,False
VRNS,"Varonis Systems, Inc.",,0001361113,False,True,False
VRRM,Verra Mobility Corporation,,0001682745,False,True,False
VRSK,Verisk Analytics,Industrials,0001442145,True,True,False
VRSN,Verisign,Information Technology,0001014473,True,True,False
VRT,Vertiv,Industrials,0001674101,True,False,False
VRTX,Vertex Pharmaceuticals,Health Care,0000875320,True,True,False
VRXA,Veraxa Biotech AG,,0002079109,False,True,False
VS,Versus Systems Inc.,,0001701963,False,True,False
VSAT,"ViaSat, Inc.",,0000797721,False,True,False
VSEC,VSE Corporation,,0000102752,False,True,False
VSECU,VSE Corporation,,0000102752,False,True,False
VSEE,"VSee Health, Inc.",,0001864531,False,True,False
VSME,VS Media Holdings Limited,,0001951294,False,True,False
VSNT,"Versant Media Group, Inc.",,0002067876,False,True,False
VST,Vistra Corp.,Utilities,0001692819,True,False,True
VSTM,"Verastem, Inc.",,0001526119,False,True,False
VTGN,"Vistagen Therapeutics, Inc.",,0001411685,False,True,False
VTIX,Virtuix Holdings Inc.,,0001606242,False,True,False
VTR,Ventas,Real Estate,0000740260,True,False,False
VTRS,Viatris,Health Care,0001792044,True,True,True
VTSI,"VirTra, Inc.",,0001085243,False,True,False
VTVT,vTv Therapeutics Inc.,,0001641489,False,True,False
VUZI,Vuzix Corporation,,0001463972,False,True,False
VVOS,"Vivos Therapeutics, Inc.",,0001716166,False,True,False
VWAV,"VisionWave Holdings, Inc.",,0002038439,False,True,False
VYGR,"Voyager Therapeutics, Inc.",,0001640266,False,True,False
VZ,Verizon,Communication Services,0000732712,True,False,True
W,Wayfair Inc.,,0001616707,False,False,True
WAB,Wabtec,Industrials,0000943452,True,False,True
WABC,Westamerica Bancorporation,,0000311094,False,True,False
WAFD,"WaFd, Inc.",,0000936528,False,True,False
WAFU,Wah Fu Education Group Limited,,0001716770,False,True,False
WALD,Waldencast plc,,0001840199,False,True,False
WASH,"Washington Trust Bancorp, Inc.",,0000737468,False,True,False
WAT,Waters Corporation,Health Care,0001000697,True,False,False
WATT,Energous Corporation,,0001575793,False,True,False
WAY,Waystar Holding Corp.,,0001990354,False,True,False
WBD,Warner Bros. Discovery,Communication Services,0001437107,True,True,True
WBTN,WEBTOON Entertainment Inc.,,0001997859,False,True,False
WBUY,WEBUY GLOBAL LTD.,,0001946703,False,True,False
WCC,WESCO INTERNATIONAL INC,,0000929008,False,False,True
WCT,Wellchange Holdings Company Limited,,0001990251,False,True,False
WDAY,"Workday, Inc.",Information Technology,0001327811,True,True,False
WDC,Western Digital,Information Technology,0000106040,True,True,True
WDFC,WD-40 Company,,0000105132,False,True,False
WEC,WEC Energy Group,Utilities,0000783325,True,False,True
WELL,Welltower,Real Estate,0000766704,True,False,False
WEN,Wendy's Company (The),,0000030697,False,True,False
WENN,Wen Acquisition Corp,,0002057043,False,True,False
WERN,"Werner Enterprises, Inc.",,0000793074,False,True,False
WEST,Westrock Coffee Company,,0001806347,False,True,False
WETH,Wetouch Technology Inc.,,0001826660,False,True,False
WETO,Wetour Robotics Limited,,0001941158,False,True,False
WEYS,"Weyco Group, Inc.",,0000106532,False,True,False
WFC,Wells Fargo,Financials,0000072971,True,False,False
WFCF,"Where Food Comes From, Inc.",,0001360565,False,True,False
WFF,WF Holding Limited,,0001980210,False,True,False
WFRD,Weatherford International plc,,0001603923,False,True,False
WGS,GeneDx Holdings Corp.,,0001818331,False,True,False
WHF,"WhiteHorse Finance, Inc.",,0001552198,False,True,False
WHLR,"Wheeler Real Estate Investment Trust, Inc.",,0001527541,False,True,False
WHWK,"Whitehawk Therapeutics, Inc.",,0001422142,False,True,False
WILC,"G. Willi-Food International,  Ltd.",,0001030997,False,True,False
WIMI,WiMi Hologram Cloud Inc.,,0001770088,False,True,False
WINA,Winmark Corporation,,0000908315,False,True,False
WING,Wingstop Inc.,,0001636222,False,True,False
WIX,Wix.com Ltd.,,0001576789,False,True,False
WKHS,"Workhorse Group, Inc.",,0001425287,False,True,False
WKSP,"Worksport, Ltd.",,0001096275,False,True,False
WLDN,"Willdan Group, Inc.",,0001370450,False,True,False
WLDS,Wearable Devices Ltd.,,0001887673,False,True,False
WLFC,Willis Lease Finance Corporation,,0001018164,False,True,False
WLII,Willow Lane Acquisition Corp. II,,0002083946,False,True,False
WLK,WESTLAKE CORP,,0001262823,False,False,True
WLTH,Wealthfront Corporation,,0001524566,False,True,False
WM,Waste Management,Industrials,0000823768,True,False,True
WMB,Williams Companies,Energy,0000107263,True,False,True
WMG,Warner Music Group Corp.,,0001319161,False,True,False
WMT,Walmart,Consumer Staples,0000104169,True,True,True
WNEB,"Western New England Bancorp, Inc.",,0001157647,False,True,False
WNW,Meiwu Technology Company Limited,,0001787803,False,True,False
WOK,WORK Medical Technology Group LTD,,0001929783,False,True,False
WOOF,"Petco Health and Wellness Company, Inc.",,0001826470,False,True,False
WPRT,Westport Fuel Systems Inc,,0001370416,False,True,False
WRAP,"Wrap Technologies, Inc.",,0001702924,False,True,False
WRB,W. R. Berkley Corporation,Financials,0000011544,True,False,False
WRLD,World Acceptance Corporation,,0000108385,False,True,False
WSBC,"WesBanco, Inc.",,0000203596,False,True,False
WSBF,"Waterstone Financial, Inc.",,0001569994,False,True,False
WSBK,"Winchester Bancorp, Inc.",,0002047235,False,True,False
WSC,WillScot Holdings Corporation,,0001647088,False,True,False
WSE,Wise Group plc,,0002099039,False,True,False
WSFS,WSFS Financial Corporation,,0000828944,False,True,False
WSHP,WeShop Holdings Limited,,0002048271,False,True,False
WSM,"Williams-Sonoma, Inc.",Consumer Discretionary,0000719955,True,False,True
WSO,WATSCO INC,,0000105016,False,False,True
WST,West Pharmaceutical Services,Health Care,0000105770,True,False,False
WSTN,Westin Acquisition Corp,,0002076192,False,True,False
WTBA,West Bancorporation,,0001166928,False,True,False
WTF,Waton Financial Limited,,0001987363,False,True,False
WTFC,Wintrust Financial Corporation,,0001015328,False,True,False
WTG,Wintergreen Acquisition Corp.,,0002053927,False,True,False
WTW,Willis Towers Watson,Financials,0001140536,True,True,False
WULF,TeraWulf Inc.,,0001083301,False,True,False
WVE,Wave Life Sciences Ltd.,,0001631574,False,True,False
WVVI,"Willamette Valley Vineyards, Inc.",,0000838875,False,True,False
WW,"WW International, Inc.",,0000105319,False,True,False
WWD,"Woodward, Inc.",,0000108312,False,True,False
WXM,WF International Limited,,0001979610,False,True,False
WY,Weyerhaeuser,Real Estate,0000106535,True,False,True
WYFI,"WhiteFiber, Inc.",,0002042022,False,True,False
WYNN,Wynn Resorts,Consumer Discretionary,0001174922,True,True,False
XAIR,"Beyond Air, Inc.",,0001641631,False,True,False
XBIO,"Xenetic Biosciences, Inc.",,0001534525,False,True,False
XBIT,XBiotech Inc.,,0001626878,False,True,False
XBP,"XBP Global Holdings, Inc.",,0001839530,False,True,False
XCBE,X3 Acquisition Corp. Ltd.,,0002083493,False,True,False
XCH,XCHG Limited,,0001979887,False,True,False
XCUR,"Exicure, Inc.",,0001698530,False,True,False
XE,"X-Energy, Inc.",,0002088896,False,True,False
XEL,Xcel Energy,Utilities,0000072903,True,True,True
XELB,"Xcel Brands, Inc",,0001083220,False,True,False
XENE,Xenon Pharmaceuticals Inc.,,0001582313,False,True,False
XERS,"Xeris Biopharma Holdings, Inc.",,0001867096,False,True,False
XFOR,"X4 Pharmaceuticals, Inc.",,0001501697,False,True,False
XGN,Exagen Inc.,,0001274737,False,True,False
XHLD,"TEN Holdings, Inc.",,0002030954,False,True,False
XLO,"Xilio Therapeutics, Inc.",,0001840233,False,True,False
XMAX,"XMAX, Inc.",,0001473334,False,True,False
XMTR,"Xometry, Inc.",,0001657573,False,True,False
XNCR,"Xencor, Inc.",,0001326732,False,True,False
XNDU,Xanadu Quantum Technologies Limited,,0002097163,False,True,False
XOM,ExxonMobil,Energy,0002115436,True,False,False
XOS,"Xos, Inc.",,0001819493,False,True,False
XP,XP Inc.,,0001787425,False,True,False
XPEL,"XPEL, Inc.",,0001767258,False,True,False
XPO,"XPO, Inc.",,0001166003,False,False,True
XPON,Expion360 Inc.,,0001894954,False,True,False
XRAY,DENTSPLY SIRONA Inc.,,0000818479,False,True,False
XRPN,Armada Acquisition Corp. II,,0002044009,False,True,False
XRTX,XORTX Therapeutics Inc.,,0001729214,False,True,False
XRX,Xerox Holdings Corporation,,0001770450,False,True,False
XSLL,Xsolla SPAC 1,,0002088807,False,True,False
XTIA,"XTI Aerospace, Inc. Common Stock",,0001529113,False,True,False
XWEL,"XWELL, Inc.",,0001410428,False,True,False
XXII,"22nd Century Group, Inc",,0001347858,False,True,False
XYL,Xylem Inc.,Industrials,0001524472,True,False,False
XYZ,"Block, Inc.",Financials,0001512673,True,False,True
YAAS,Youxin Technology Ltd,,0001964946,False,True,False
YARW,"Yarrow Bioscience, Inc.",,,False,True,False
YDDL,One and One Green Technologies. INC,,0002034723,False,True,False
YDES,YD Bio Limited,,0002011674,False,True,False
YDKG,Yueda Digital Holding,,0001413745,False,True,False
YHC,LQR House Inc.,,0001843165,False,True,False
YHGJ,Yunhong Green CTI Ltd.,,0001042187,False,True,False
YHNA,YHN Acquisition I Limited,,0002020987,False,True,False
YIBO,Planet Image International Limited,,0001868395,False,True,False
YICC,Yorkville International Capital Corp.,,0002130386,False,True,False
YJ,Yunji Inc.,,0001759614,False,True,False
YMAT,"J-Star Holding Co., Ltd.",,0001875016,False,True,False
YORW,The York Water Company,,0000108985,False,True,False
YSWY,"Yesway, Inc.",,0001859836,False,True,False
YSXT,"YSX Tech. Co., Ltd",,0001993463,False,True,False
YTRA,"Yatra Online, Inc.",,0001516899,False,True,False
YUM,Yum! Brands,Consumer Discretionary,0001041061,True,False,False
YUMC,"Yum China Holdings, Inc.",,0001673358,False,False,True
YXT,YXT.COM GROUP HOLDING LIMITED,,0001872090,False,True,False
YYAI,AiRWA Inc.,,0001674440,False,True,False
YYGH,YY Group Holding Limited,,0001985337,False,True,False
Z,"Zillow Group, Inc.",,0001617640,False,True,False
ZBAO,Zhibao Technology Inc.,,0001966750,False,True,False
ZBH,Zimmer Biomet,Health Care,0001136869,True,False,False
ZBIO,"Zenas BioPharma, Inc.",,0001953926,False,True,False
ZBRA,Zebra Technologies,Information Technology,0000877212,True,True,False
ZCMD,Zhongchao Inc.,,0001785566,False,True,False
ZD,"Ziff Davis, Inc.",,0001084048,False,True,False
ZDAI,"DirectBooking Technology Co., Ltd.",,0001966678,False,True,False
ZENA,"ZenaTech, Inc.",,0001997403,False,True,False
ZEO,Zeo Energy Corporation,,0001865506,False,True,False
ZG,"Zillow Group, Inc.",,0001617640,False,True,False
ZION,Zions Bancorporation N.A.,,0000109380,False,True,False
ZJK,"ZJK Industrial Co., Ltd.",,0001941506,False,True,False
ZJYL,JIN MEDICAL INTERNATIONAL LTD.,,0001837821,False,True,False
ZKIN,"ZK International Group Co., Ltd",,0001687451,False,True,False
ZKP,Lafayette Digital Acquisition Corp. I,,0002087447,False,True,False
ZM,"Zoom Communications, Inc.",,0001585521,False,True,False
ZNB,Zeta Network Group,,0001747661,False,True,False
ZNTL,"Zentalis Pharmaceuticals, Inc.",,0001725160,False,True,False
ZOOZ,ZOOZ Strategy Ltd.,,0001992818,False,True,False
ZS,"Zscaler, Inc.",,0001713683,False,True,False
ZSQR,Z Squared Inc.,,0001759186,False,True,False
ZSTK,ZeroStack Corp.,,0001790169,False,True,False
ZTEK,Zentek Ltd.,,0001904501,False,True,False
ZTG,Zenta Group Company Limited,,0002011458,False,True,False
ZTS,Zoetis,Health Care,0001555280,True,False,True
ZUMZ,Zumiez Inc.,,0001318008,False,True,False
ZURA,Zura Bio Limited,,0001855644,False,True,False
ZVRA,"Zevra Therapeutics, Inc.",,0001434647,False,True,False
ZYBT,Zhengye Biotechnology Holding Limited,,0001975641,False,True,False
ZYME,Zymeworks Inc.,,0001937653,False,True,False
