ticker,company,sector,cik,in_sp500,in_nasdaq,in_fortune500
ABT,ABBOTT LABORATORIES,,1800,False,False,False
ACU,ACME UNITED CORP,,2098,False,False,False
BKTI,BK TECHNOLOGIES,,2186,False,False,False
AMD,ADVANCED MICRO DEVICES INC,,2488,False,False,False
APD,"AIR PRODUCTS & CHEMICALS, INC.",,2969,False,False,False
CECO,CECO ENVIRONMENTAL CORP,,3197,False,False,False
MATX,"MATSON, INC.",,3453,False,False,False
ALX,ALEXANDERS INC,,3499,False,False,False
ALCO,"ALICO, INC.",,3545,False,False,False
LNG,CHENIERE ENERGY INC,,3570,False,False,False
SWKS,SKYWORKS SOLUTIONS INC,,4127,False,False,False
HWM,HOWMET AEROSPACE INC.,,4281,False,False,False
UHAL,U-HAUL HOLDING CO /NV/,,4457,False,False,False
AXP,AMERICAN EXPRESS CO,,4962,False,False,False
AFL,AFLAC INC,,4977,False,False,False
AIG,"AMERICAN INTERNATIONAL GROUP, INC.",,5272,False,False,False
UNM,UNUM GROUP,,5513,False,False,False
AVD,AMERICAN VANGUARD CORP,,5981,False,False,False
AP,AMPCO PITTSBURGH CORP,,6176,False,False,False
AAL,AMERICAN AIRLINES GROUP INC.,,6201,False,False,False
ADI,ANALOG DEVICES INC,,6281,False,False,False
APOG,"APOGEE ENTERPRISES, INC.",,6845,False,False,False
AMAT,APPLIED MATERIALS INC /DE,,6951,False,False,False
EPAC,ENERPAC TOOL GROUP CORP,,6955,False,False,False
ADM,ARCHER-DANIELS-MIDLAND CO,,7084,False,False,False
AWI,ARMSTRONG WORLD INDUSTRIES INC,,7431,False,False,False
ARW,"ARROW ELECTRONICS, INC.",,7536,False,False,False
ARTW,ARTS WAY MANUFACTURING CO INC,,7623,False,False,False
ASB,ASSOCIATED BANC-CORP,,7789,False,False,False
ATRO,ASTRONICS CORP,,8063,False,False,False
ALOT,"ASTRONOVA, INC.",,8146,False,False,False
AAME,ATLANTIC AMERICAN CORP,,8177,False,False,False
UAVS,AGEAGLE AERIAL SYSTEMS INC.,,8504,False,False,False
ADP,AUTOMATIC DATA PROCESSING INC,,8670,False,False,False
AVY,AVERY DENNISON CORP,,8818,False,False,False
AVT,AVNET INC,,8858,False,False,False
AZZ,AZZ INC,,8947,False,False,False
BMI,BADGER METER INC,,9092,False,False,False
BCPC,BALCHEM CORP,,9326,False,False,False
BALL,BALL CORP,,9389,False,False,False
BRN,BARNWELL INDUSTRIES INC,,10048,False,False,False
BSET,BASSETT FURNITURE INDUSTRIES INC,,10329,False,False,False
BAX,BAXTER INTERNATIONAL INC,,10456,False,False,False
BDX,BECTON DICKINSON & CO,,10795,False,False,False
WRB,BERKLEY W R CORP,,11544,False,False,False
BDL,FLANIGANS ENTERPRISES INC,,12040,False,False,False
BIO,"BIO-RAD LABORATORIES, INC.",,12208,False,False,False
DOMH,DOMINARI HOLDINGS INC.,,12239,False,False,False
HRB,H&R BLOCK INC,,12659,False,False,False
BA,BOEING CO,,12927,False,False,False
GLXZ,"GALAXY GAMING, INC.",,13156,False,False,False
BRID,BRIDGFORD FOODS CORP,,14177,False,False,False
BMY,BRISTOL MYERS SQUIBB CO,,14272,False,False,False
BF-A,BROWN FORMAN CORP,,14693,False,False,False
CAL,CALERES INC,,14707,False,False,False
BRT,BRT APARTMENTS CORP.,,14846,False,False,False
BC,BRUNSWICK CORP,,14930,False,False,False
MTZ,MASTEC INC,,15615,False,False,False
CBT,CABOT CORP,,16040,False,False,False
CACI,CACI INTERNATIONAL INC /DE/,,16058,False,False,False
CALM,CAL-MAINE FOODS INC,,16160,False,False,False
CPB,CAMPBELL SOUP CO,,16732,False,False,False
SRL,SCULLY ROYALTY LTD.,,16859,False,False,False
CP,CANADIAN PACIFIC KANSAS CITY LTD/CN,,16875,False,False,False
STZ,"CONSTELLATION BRANDS, INC.",,16918,False,False,False
CSWC,CAPITAL SOUTHWEST CORP,,17313,False,False,False
CRS,CARPENTER TECHNOLOGY CORP,,17843,False,False,False
CAT,CATERPILLAR INC,,18230,False,False,False
CATO,CATO CORP,,18255,False,False,False
GCO,GENESCO INC,,18498,False,False,False
LUMN,"LUMEN TECHNOLOGIES, INC.",,18926,False,False,False
CHE,CHEMED CORP,,19584,False,False,False
JPM,JPMORGAN CHASE & CO,,19617,False,False,False
CPK,CHESAPEAKE UTILITIES CORP,,19745,False,False,False
CVR,CHICAGO RIVET & MACHINE CO,,19871,False,False,False
CHDN,CHURCHILL DOWNS INC,,20212,False,False,False
CINF,CINCINNATI FINANCIAL CORP,,20286,False,False,False
ABCP,AMBASE CORP,,20639,False,False,False
CLX,CLOROX CO /DE/,,21076,False,False,False
CNA,CNA FINANCIAL CORP,,21175,False,False,False
KO,COCA COLA CO,,21344,False,False,False
COHU,COHU INC,,21535,False,False,False
CL,COLGATE PALMOLIVE CO,,21665,False,False,False
CBSH,COMMERCE BANCSHARES INC /MO/,,22356,False,False,False
CMC,COMMERCIAL METALS CO,,22444,False,False,False
SUNE,PINEAPPLE ENERGY INC.,,22701,False,False,False
CRK,COMSTOCK RESOURCES INC,,23194,False,False,False
CMTL,COMTECH TELECOMMUNICATIONS CORP /DE/,,23197,False,False,False
CAG,CONAGRA BRANDS INC.,,23217,False,False,False
CTO,"CTO REALTY GROWTH, INC.",,23795,False,False,False
CIA,"CITIZENS, INC.",,24090,False,False,False
TAP-A,MOLSON COORS BEVERAGE CO,,24545,False,False,False
GLW,CORNING INC /NY,,24741,False,False,False
CUZ,COUSINS PROPERTIES INC,,25232,False,False,False
CXT,"CRANE NXT, CO.",,25445,False,False,False
CRD-A,CRAWFORD & CO,,25475,False,False,False
TXMD,"THERAPEUTICSMD, INC.",,25743,False,False,False
CRWS,CROWN CRAFTS INC,,25895,False,False,False
CTS,CTS CORP,,26058,False,False,False
CMI,CUMMINS INC,,26172,False,False,False
CW,CURTISS WRIGHT CORP,,26324,False,False,False
DAN,DANA INC,,26780,False,False,False
TGT,TARGET CORP,,27419,False,False,False
DAL,"DELTA AIR LINES, INC.",,27904,False,False,False
DLX,DELUXE CORP,,27996,False,False,False
DBD,"DIEBOLD NIXDORF, INC",,28823,False,False,False
DDS,"DILLARD'S, INC.",,28917,False,False,False
DIOD,DIODES INC /DEL/,,29002,False,False,False
DXYN,DIXIE GROUP INC,,29332,False,False,False
DG,DOLLAR GENERAL CORP,,29534,False,False,False
DCI,DONALDSON CO INC,,29644,False,False,False
DOV,DOVER CORP,,29905,False,False,False
OMC,OMNICOM GROUP INC.,,29989,False,False,False
DCO,DUCOMMUN INC /DE/,,30305,False,False,False
FLS,FLOWSERVE CORP,,30625,False,False,False
WEN,WENDY'S CO,,30697,False,False,False
EML,EASTERN CO,,31107,False,False,False
KODK,EASTMAN KODAK CO,,31235,False,False,False
ECL,ECOLAB INC.,,31462,False,False,False
EDUC,EDUCATIONAL DEVELOPMENT CORP,,31667,False,False,False
RVTY,"REVVITY, INC.",,31791,False,False,False
EMR,EMERSON ELECTRIC CO,,32604,False,False,False
MSN,EMERSON RADIO CORP,,32621,False,False,False
EBF,"ENNIS, INC.",,33002,False,False,False
EFX,EQUIFAX INC,,33185,False,False,False
EQT,EQT CORP,,33213,False,False,False
ESCA,ESCALADE INC,,33488,False,False,False
ESP,ESPEY MFG & ELECTRONICS CORP,,33533,False,False,False
KINS,"KINGSTONE COMPANIES, INC.",,33992,False,False,False
BOOM,DMC GLOBAL INC.,,34067,False,False,False
RLBY,RELIABILITY INC,,34285,False,False,False
SRCE,1ST SOURCE CORP,,34782,False,False,False
FRT,FEDERAL REALTY INVESTMENT TRUST,,34903,False,False,False
TENX,"TENAX THERAPEUTICS, INC.",,34956,False,False,False
FITB,FIFTH THIRD BANCORP,,35527,False,False,False
FFIN,FIRST FINANCIAL BANKSHARES INC,,36029,False,False,False
USB,US BANCORP DE,,36104,False,False,False
TRMK,TRUSTMARK CORP,,36146,False,False,False
MTB,M&T BANK CORP,,36270,False,False,False
FHB,"FIRST HAWAIIAN, INC.",,36377,False,False,False
FREVS,FIRST REAL ESTATE INVESTMENT TRUST OF NEW JERSEY,,36840,False,False,False
FHN,FIRST HORIZON CORP,,36966,False,False,False
FLXS,FLEXSTEEL INDUSTRIES INC,,37472,False,False,False
FMC,FMC CORP,,37785,False,False,False
FNB,FNB CORP/PA/,,37808,False,False,False
F,FORD MOTOR CO,,37996,False,False,False
FWDI,"FORWARD INDUSTRIES, INC.",,38264,False,False,False
FELE,FRANKLIN ELECTRIC CO INC,,38725,False,False,False
BEN,FRANKLIN RESOURCES INC,,38777,False,False,False
FRD,FRIEDMAN INDUSTRIES INC,,39092,False,False,False
CFR,"CULLEN/FROST BANKERS, INC.",,39263,False,False,False
IBCP,INDEPENDENT BANK CORP /MI/,,39311,False,False,False
FUL,FULLER H B CO,,39368,False,False,False
GAP,GAP INC,,39911,False,False,False
GATX,GATX CORP,,40211,False,False,False
GD,GENERAL DYNAMICS CORP,,40533,False,False,False
GE,GENERAL ELECTRIC CO,,40545,False,False,False
JOB,GEE GROUP INC.,,40570,False,False,False
GIS,GENERAL MILLS INC,,40704,False,False,False
ALLY,ALLY FINANCIAL INC.,,40729,False,False,False
GPC,GENUINE PARTS CO,,40987,False,False,False
MAGN,GLATFELTER CORP,,41719,False,False,False
GT,GOODYEAR TIRE & RUBBER CO /OH/,,42582,False,False,False
GRC,GORMAN RUPP CO,,42682,False,False,False
GGG,GRACO INC,,42888,False,False,False
GTN,GRAY TELEVISION INC,,43196,False,False,False
GEF,"GREIF, INC",,43920,False,False,False
HAL,HALLIBURTON CO,,45012,False,False,False
HHS,HARTE HANKS INC,,45919,False,False,False
HAS,"HASBRO, INC.",,46080,False,False,False
ALNT,ALLIENT INC,,46129,False,False,False
BOH,BANK OF HAWAII CORP,,46195,False,False,False
HWKN,HAWKINS INC,,46250,False,False,False
HEI,HEICO CORP,,46619,False,False,False
HP,"HELMERICH & PAYNE, INC.",,46765,False,False,False
HSY,HERSHEY CO,,47111,False,False,False
HPQ,HP INC,,47217,False,False,False
HNI,HNI CORP,,48287,False,False,False
HRL,HORMEL FOODS CORP /DE/,,48465,False,False,False
HUBB,HUBBELL INC,,48898,False,False,False
HUM,HUMANA INC,,49071,False,False,False
HBAN,HUNTINGTON BANCSHARES INC /MD/,,49196,False,False,False
EGP,EASTGROUP PROPERTIES INC,,49600,False,False,False
DIN,"DINE BRANDS GLOBAL, INC.",,49754,False,False,False
ITW,ILLINOIS TOOL WORKS INC,,49826,False,False,False
IMO,IMPERIAL OIL LTD,,49938,False,False,False
IEHC,IEH CORP,,50292,False,False,False
TRAK,"REPOSITRAK, INC.",,50471,False,False,False
IMKTA,INGLES MARKETS INC,,50493,False,False,False
GFF,GRIFFON CORP,,50725,False,False,False
INTC,INTEL CORP,,50863,False,False,False
IBM,INTERNATIONAL BUSINESS MACHINES CORP,,51143,False,False,False
IFF,INTERNATIONAL FLAVORS & FRAGRANCES INC,,51253,False,False,False
IP,INTERNATIONAL PAPER CO /NEW/,,51434,False,False,False
RYN,RAYONIER INC,,52827,False,False,False
J,JACOBS SOLUTIONS INC.,,52988,False,False,False
MAYS,MAYS J W INC,,54187,False,False,False
KELYA,KELLY SERVICES INC,,55135,False,False,False
GAMG,KENILWORTH SYSTEMS CORP,,55234,False,False,False
KMT,KENNAMETAL INC,,55242,False,False,False
KEQU,KEWAUNEE SCIENTIFIC CORP /DE/,,55529,False,False,False
KMB,KIMBERLY CLARK CORP,,55785,False,False,False
KEX,KIRBY CORP,,56047,False,False,False
KFY,KORN FERRY,,56679,False,False,False
KOSS,KOSS CORP,,56701,False,False,False
PNRG,PRIMEENERGY RESOURCES CORP,,56868,False,False,False
KR,KROGER CO,,56873,False,False,False
KLIC,KULICKE & SOFFA INDUSTRIES INC,,56978,False,False,False
LZB,LA-Z-BOY INC,,57131,False,False,False
MZTI,LANCASTER COLONY CORP,,57515,False,False,False
LEE,"LEE ENTERPRISES, INC",,58361,False,False,False
LEG,LEGGETT & PLATT INC,,58492,False,False,False
VHI,VALHI INC /DE/,,59255,False,False,False
LLY,ELI LILLY & CO,,59478,False,False,False
LECO,LINCOLN ELECTRIC HOLDINGS INC,,59527,False,False,False
LNC,LINCOLN NATIONAL CORP,,59558,False,False,False
L,LOEWS CORP,,60086,False,False,False
LPX,LOUISIANA-PACIFIC CORP,,60519,False,False,False
LOW,LOWES COMPANIES INC,,60667,False,False,False
LXU,"LSB INDUSTRIES, INC.",,60714,False,False,False
LGL,LGL GROUP INC,,61004,False,False,False
MTW,MANITOWOC CO INC,,61986,False,False,False
MCS,MARCUS CORP,,62234,False,False,False
MRSH,"MARSH & MCLENNAN COMPANIES, INC.",,62709,False,False,False
MAS,MASCO CORP /DE/,,62996,False,False,False
MAT,MATTEL INC /DE/,,63276,False,False,False
MATW,MATTHEWS INTERNATIONAL CORP,,63296,False,False,False
MLP,MAUI LAND & PINEAPPLE CO INC,,63330,False,False,False
MKC,MCCORMICK & CO INC,,63754,False,False,False
MCD,MCDONALDS CORP,,63908,False,False,False
SPGI,S&P GLOBAL INC.,,64040,False,False,False
SLNH,"SOLUNA HOLDINGS, INC",,64463,False,False,False
GENC,GENCOR INDUSTRIES INC,,64472,False,False,False
CVS,CVS HEALTH CORP,,64803,False,False,False
MCY,MERCURY GENERAL CORP,,64996,False,False,False
MSB,MESABI TRUST,,65172,False,False,False
EVI,"EVI INDUSTRIES, INC.",,65312,False,False,False
SIEB,SIEBERT FINANCIAL CORP,,65596,False,False,False
MVIS,"MICROVISION, INC.",,65770,False,False,False
ETR,ENTERGY CORP /DE/,,65984,False,False,False
MSEX,MIDDLESEX WATER CO,,66004,False,False,False
MLKN,"MILLERKNOLL, INC.",,66382,False,False,False
MXC,MEXCO ENERGY CORP,,66418,False,False,False
MMTRS,MILLS MUSIC TRUST,,66496,False,False,False
MSA,MSA SAFETY INC,,66570,False,False,False
MMM,3M CO,,66740,False,False,False
DY,DYCOM INDUSTRIES INC,,67215,False,False,False
MOD,MODINE MANUFACTURING CO,,67347,False,False,False
MDU,MDU RESOURCES GROUP INC,,67716,False,False,False
MOG-A,MOOG INC.,,67887,False,False,False
MSI,"MOTOROLA SOLUTIONS, INC.",,68505,False,False,False
CTGG,QWEST CORP,,68622,False,False,False
INTG,INTERGROUP CORP,,69422,False,False,False
MYE,MYERS INDUSTRIES INC,,69488,False,False,False
NSSC,"NAPCO SECURITY TECHNOLOGIES, INC",,69633,False,False,False
NATH,"NATHANS FAMOUS, INC.",,69733,False,False,False
FIZZ,NATIONAL BEVERAGE CORP,,69891,False,False,False
NFG,NATIONAL FUEL GAS CO,,70145,False,False,False
THC,TENET HEALTHCARE CORP,,70318,False,False,False
NRC,NATIONAL RESEARCH CORP,,70487,False,False,False
NRUC,NATIONAL RURAL UTILITIES COOPERATIVE FINANCE CORP /DC/,,70502,False,False,False
BAC,BANK OF AMERICA CORP /DE/,,70858,False,False,False
VYX,NCR VOYIX CORP,,70866,False,False,False
NUVR,"NUVERA COMMUNICATIONS, INC.",,71557,False,False,False
NYT,NEW YORK TIMES CO,,71691,False,False,False
NPKI,NEWPARK RESOURCES INC,,71829,False,False,False
NL,NL INDUSTRIES INC,,72162,False,False,False
NOBH,NOBILITY HOMES INC,,72205,False,False,False
NDSN,NORDSON CORP,,72331,False,False,False
VXRT,"VAXART, INC.",,72444,False,False,False
MOV,MOVADO GROUP INC,,72573,False,False,False
ES,EVERSOURCE ENERGY,,72741,False,False,False
XEL,XCEL ENERGY INC,,72903,False,False,False
WFC,WELLS FARGO & COMPANY/MN,,72971,False,False,False
NTRS,NORTHERN TRUST CORP,,73124,False,False,False
BMRA,BIOMERICA INC,,73290,False,False,False
NUE,NUCOR CORP,,73309,False,False,False
OII,OCEANEERING INTERNATIONAL INC,,73756,False,False,False
ODC,OIL-DRI CORP OF AMERICA,,74046,False,False,False
UDR,"UDR, INC.",,74208,False,False,False
ORI,OLD REPUBLIC INTERNATIONAL CORP,,74260,False,False,False
OLN,OLIN CORP,,74303,False,False,False
ACH,OWENS & MINOR INC/VA/,,75252,False,False,False
OXM,OXFORD INDUSTRIES INC,,75288,False,False,False
PCAR,PACCAR INC,,75362,False,False,False
PKG,PACKAGING CORP OF AMERICA,,75677,False,False,False
PKE,PARK AEROSPACE CORP,,76267,False,False,False
PKOH,PARK OHIO HOLDINGS CORP,,76282,False,False,False
PH,PARKER HANNIFIN CORP,,76334,False,False,False
PATK,PATRICK INDUSTRIES INC,,76605,False,False,False
PNR,PENTAIR PLC,,77360,False,False,False
PEP,PEPSICO INC,,77476,False,False,False
TPC,TUTOR PERINI CORP,,77543,False,False,False
PFE,PFIZER INC,,78003,False,False,False
WTRG,"ESSENTIAL UTILITIES, INC.",,78128,False,False,False
PVH,PVH CORP. /DE/,,78239,False,False,False
AGYS,AGILYSYS INC,,78749,False,False,False
PBI,PITNEY BOWES INC /DE/,,78814,False,False,False
BCO,BRINKS CO,,78890,False,False,False
BRO,"BROWN & BROWN, INC.",,79282,False,False,False
PRSI,PORTSMOUTH SQUARE INC,,79661,False,False,False
PPG,PPG INDUSTRIES INC,,79879,False,False,False
PLPC,PREFORMED LINE PRODUCTS CO,,80035,False,False,False
NPK,NATIONAL PRESTO INDUSTRIES INC,,80172,False,False,False
POWL,POWELL INDUSTRIES INC,,80420,False,False,False
PG,PROCTER & GAMBLE CO,,80424,False,False,False
PGR,PROGRESSIVE CORP/OH/,,80661,False,False,False
KWR,QUAKER CHEMICAL CORP,,81362,False,False,False
RAND,RAND CAPITAL CORP,,81955,False,False,False
USLM,UNITED STATES LIME & MINERALS INC,,82020,False,False,False
IHT,INNSUITES HOSPITALITY TRUST,,82473,False,False,False
RRX,REGAL REXNORD CORP,,82811,False,False,False
RSRV,RESERVE PETROLEUM CO,,83350,False,False,False
RLI,RLI CORP,,84246,False,False,False
ROG,ROGERS CORP,,84748,False,False,False
ROL,ROLLINS INC,,84839,False,False,False
RGLD,ROYAL GOLD INC,,85535,False,False,False
R,RYDER SYSTEM INC,,85961,False,False,False
TRV,"TRAVELERS COMPANIES, INC.",,86312,False,False,False
NEON,NEONODE INC.,,87050,False,False,False
SLB,SCHLUMBERGER LIMITED/NV,,87347,False,False,False
SCND,SCIENTIFIC INDUSTRIES INC,,87802,False,False,False
HKHC,SCOTT'S LIQUID GOLD - INC.,,88000,False,False,False
SEB,SEABOARD CORP /DE/,,88121,False,False,False
SPXC,"SPX TECHNOLOGIES, INC.",,88205,False,False,False
SMTC,SEMTECH CORP,,88941,False,False,False
SENEA,SENECA FOODS CORP,,88948,False,False,False
SCI,SERVICE CORP INTERNATIONAL,,89089,False,False,False
MLI,MUELLER INDUSTRIES INC,,89439,False,False,False
SHW,SHERWIN WILLIAMS CO,,89800,False,False,False
SIF,SIFCO INDUSTRIES INC,,90168,False,False,False
SFNC,SIMMONS FIRST NATIONAL CORP,,90498,False,False,False
SKY,SKYLINE CHAMPION CORP,,90896,False,False,False
AOS,SMITH A O CORP,,91142,False,False,False
SJM,J M SMUCKER CO,,91419,False,False,False
SNA,SNAP-ON INC,,91440,False,False,False
KEY,KEYCORP /NEW/,,91576,False,False,False
SON,SONOCO PRODUCTS CO,,91767,False,False,False
SO,SOUTHERN CO,,92122,False,False,False
TFC,TRUIST FINANCIAL CORP,,92230,False,False,False
LUV,SOUTHWEST AIRLINES CO,,92380,False,False,False
VNRX,VOLITIONRX LTD,,93314,False,False,False
SMP,"STANDARD MOTOR PRODUCTS, INC.",,93389,False,False,False
CVX,CHEVRON CORP,,93410,False,False,False
SWK,"STANLEY BLACK & DECKER, INC.",,93556,False,False,False
STT,STATE STREET CORP,,93751,False,False,False
SCL,STEPAN CO,,94049,False,False,False
STC,STEWART INFORMATION SERVICES CORP,,94344,False,False,False
LEVI,LEVI STRAUSS & CO,,94845,False,False,False
RGR,STURM RUGER & CO INC,,95029,False,False,False
SGC,"SUPERIOR GROUP OF COMPANIES, INC.",,95574,False,False,False
ACNT,ASCENT INDUSTRIES CO.,,95953,False,False,False
SYY,SYSCO CORP,,96021,False,False,False
JEF,JEFFERIES FINANCIAL GROUP INC.,,96223,False,False,False
TRC,TEJON RANCH CO,,96869,False,False,False
TFX,TELEFLEX INC,,96943,False,False,False
TNC,TENNANT CO,,97134,False,False,False
TER,"TERADYNE, INC",,97210,False,False,False
TEX,TEREX CORP,,97216,False,False,False
TXN,TEXAS INSTRUMENTS INC,,97476,False,False,False
TMO,THERMO FISHER SCIENTIFIC INC.,,97745,False,False,False
TDW,TIDEWATER INC,,98222,False,False,False
TKR,TIMKEN CO,,98362,False,False,False
TR,TOOTSIE ROLL INDUSTRIES INC,,98677,False,False,False
TRNS,TRANSCAT INC,,99302,False,False,False
TRN,TRINITY INDUSTRIES INC,,99780,False,False,False
TWIN,TWIN DISC INC,,100378,False,False,False
TSN,"TYSON FOODS, INC.",,100493,False,False,False
UAL,"UNITED AIRLINES HOLDINGS, INC.",,100517,False,False,False
AGX,ARGAN INC,,100591,False,False,False
UFI,UNIFI INC,,100726,False,False,False
UNP,UNION PACIFIC CORP,,100885,False,False,False
UFCS,UNITED FIRE GROUP INC,,101199,False,False,False
UG,UNITED GUARDIAN INC,,101295,False,False,False
UMBF,UMB FINANCIAL CORP,,101382,False,False,False
UAMY,UNITED STATES ANTIMONY CORP,,101538,False,False,False
BSIN,US ENERGY CORP,,101594,False,False,False
RTX,RTX CORP,,101829,False,False,False
UEIC,UNIVERSAL ELECTRONICS INC,,101984,False,False,False
UVV,UNIVERSAL CORP /VA/,,102037,False,False,False
UVSP,UNIVEST FINANCIAL CORP,,102212,False,False,False
VMI,VALMONT INDUSTRIES INC,,102729,False,False,False
VSEC,VSE CORP,,102752,False,False,False
VECO,VEECO INSTRUMENTS INC,,103145,False,False,False
VFC,V F CORP,,103379,False,False,False
VLGEA,VILLAGE SUPER MARKET INC,,103595,False,False,False
VSH,VISHAY INTERTECHNOLOGY INC,,103730,False,False,False
WMT,WALMART INC.,,104169,False,False,False
GHC,GRAHAM HOLDINGS CO,,104889,False,False,False
ELME,ELME COMMUNITIES,,104894,False,False,False
AVA,AVISTA CORP,,104918,False,False,False
WSO,WATSCO INC,,105016,False,False,False
WDFC,WD 40 CO,,105132,False,False,False
WW,"WW INTERNATIONAL, INC.",,105319,False,False,False
WMK,WEIS MARKETS INC,,105418,False,False,False
EME,"EMCOR GROUP, INC.",,105634,False,False,False
GBR,"NEW CONCEPT ENERGY, INC.",,105744,False,False,False
WST,WEST PHARMACEUTICAL SERVICES INC,,105770,False,False,False
WDC,WESTERN DIGITAL CORP,,106040,False,False,False
WEYS,WEYCO GROUP INC,,106532,False,False,False
WY,WEYERHAEUSER CO,,106535,False,False,False
WHR,WHIRLPOOL CORP /DE/,,106640,False,False,False
WLY,"JOHN WILEY & SONS, INC.",,107140,False,False,False
WMB,"WILLIAMS COMPANIES, INC.",,107263,False,False,False
WGO,WINNEBAGO INDUSTRIES INC,,107687,False,False,False
WELPP,WISCONSIN ELECTRIC POWER CO,,107815,False,False,False
WWD,"WOODWARD, INC.",,108312,False,False,False
WRLD,WORLD ACCEPTANCE CORP,,108385,False,False,False
WOR,"WORTHINGTON ENTERPRISES, INC.",,108516,False,False,False
YORW,YORK WATER CO,,108985,False,False,False
SPB,"SPECTRUM BRANDS HOLDINGS, INC.",,109177,False,False,False
TJX,TJX COMPANIES INC /DE/,,109198,False,False,False
ZION,"ZIONS BANCORPORATION, NATIONAL ASSOCIATION /UT/",,109380,False,False,False
AIT,APPLIED INDUSTRIAL TECHNOLOGIES INC,,109563,False,False,False
GTBP,"GT BIOPHARMA, INC.",,109657,False,False,False
WWW,WOLVERINE WORLD WIDE INC /DE/,,110471,False,False,False
RPM,RPM INTERNATIONAL INC/DE/,,110621,False,False,False
JNJ,JOHNSON & JOHNSON,,200406,False,False,False
LHX,"L3HARRIS TECHNOLOGIES, INC. /DE/",,202058,False,False,False
CPTP,CAPITAL PROPERTIES INC /RI/,,202947,False,False,False
WSBC,WESBANCO INC,,203596,False,False,False
CDE,"COEUR MINING, INC.",,215466,False,False,False
HVT,HAVERTY FURNITURE COMPANIES INC,,216085,False,False,False
ITT,ITT INC.,,216228,False,False,False
TXT,TEXTRON INC,,217346,False,False,False
SIGI,SELECTIVE INSURANCE GROUP INC,,230557,False,False,False
NATR,NATURES SUNSHINE PRODUCTS INC,,275053,False,False,False
PSN,PARSONS CORP,,275880,False,False,False
PCYO,PURE CYCLE CORP,,276720,False,False,False
GWW,"W.W. GRAINGER, INC.",,277135,False,False,False
FSS,FEDERAL SIGNAL CORP /DE/,,277509,False,False,False
CSX,CSX CORP,,277948,False,False,False
OMQS,OMNIQ CORP.,,278165,False,False,False
CVCO,CAVCO INDUSTRIES INC.,,278166,False,False,False
SXT,SENSIENT TECHNOLOGIES CORP,,310142,False,False,False
MRK,"MERCK & CO., INC.",,310158,False,False,False
SXI,STANDEX INTERNATIONAL CORP/DE/,,310354,False,False,False
FNMA,FEDERAL NATIONAL MORTGAGE ASSOCIATION FANNIE MAE,,310522,False,False,False
SYK,STRYKER CORP,,310764,False,False,False
WABC,WESTAMERICA BANCORPORATION,,311094,False,False,False
IVFH,INNOVATIVE FOOD HOLDINGS INC,,312257,False,False,False
HAE,HAEMONETICS CORP,,313143,False,False,False
DHR,DANAHER CORP /DE/,,313616,False,False,False
SONY,SONY GROUP CORP,,313838,False,False,False
CHD,CHURCH & DWIGHT CO INC /DE/,,313927,False,False,False
MUX,MCEWEN MINING INC.,,314203,False,False,False
TOMZ,"TOMI ENVIRONMENTAL SOLUTIONS, INC.",,314227,False,False,False
BUSE,FIRST BUSEY CORP /NV/,,314489,False,False,False
VAL,VALARIS LTD,,314808,False,False,False
DE,DEERE & CO,,315189,False,False,False
RHI,ROBERT HALF INC.,,315213,False,False,False
AON,AON PLC,,315293,False,False,False
HURC,HURCO COMPANIES INC,,315374,False,False,False
PVCT,"PROVECTUS BIOPHARMACEUTICALS, INC.",,315545,False,False,False
IBOC,INTERNATIONAL BANCSHARES CORP,,315709,False,False,False
RRC,RANGE RESOURCES CORP,,315852,False,False,False
CRMZ,CREDITRISKMONITOR COM INC,,315958,False,False,False
SCHW,SCHWAB CHARLES CORP,,316709,False,False,False
COKE,"COCA-COLA CONSOLIDATED, INC.",,317540,False,False,False
APPS,"DIGITAL TURBINE, INC.",,317788,False,False,False
AMGN,AMGEN INC,,318154,False,False,False
PEBO,PEOPLES BANCORP INC,,318300,False,False,False
ABEO,ABEONA THERAPEUTICS INC.,,318306,False,False,False
SNFCA,SECURITY NATIONAL FINANCIAL CORP,,318673,False,False,False
TISI,TEAM INC,,318833,False,False,False
KLAC,KLA CORP,,319201,False,False,False
LSTA,"LISATA THERAPEUTICS, INC.",,320017,False,False,False
TLS,TELOS CORP,,320121,False,False,False
NKE,"NIKE, INC.",,320187,False,False,False
AAPL,APPLE INC,,320193,False,False,False
GL,GLOBE LIFE INC.,,320335,False,False,False
AN,"AUTONATION, INC.",,350698,False,False,False
CTBI,COMMUNITY TRUST BANCORP INC /KY/,,350852,False,False,False
SEIC,SEI INVESTMENTS CO,,350894,False,False,False
ABCB,AMERIS BANCORP,,351569,False,False,False
ELSE,ELECTRO SENSORS INC,,351789,False,False,False
DAIO,DATA I/O CORP,,351998,False,False,False
LNT,ALLIANT ENERGY CORP,,352541,False,False,False
FSTR,FOSTER L B CO,,352825,False,False,False
UHS,UNIVERSAL HEALTH SERVICES INC,,352915,False,False,False
CKX,"CKX LANDS, INC.",,352955,False,False,False
AOXY,ADVANCED OXYGEN TECHNOLOGIES INC,,352991,False,False,False
AIRT,AIR T INC,,353184,False,False,False
AJG,ARTHUR J. GALLAGHER & CO.,,354190,False,False,False
CVBF,CVB FINANCIAL CORP,,354647,False,False,False
HE,HAWAIIAN ELECTRIC INDUSTRIES INC,,354707,False,False,False
HD,"HOME DEPOT, INC.",,354950,False,False,False
SHEN,SHENANDOAH TELECOMMUNICATIONS CO/VA/,,354963,False,False,False
GNTX,GENTEX CORP,,355811,False,False,False
RELL,"RICHARDSON ELECTRONICS, LTD.",,355948,False,False,False
CSPI,CSP INC /MA/,,356037,False,False,False
TCBK,TRICO BANCSHARES /,,356171,False,False,False
NJR,NEW JERSEY RESOURCES CORP,,356309,False,False,False
OSBC,OLD SECOND BANCORP INC,,357173,False,False,False
HOV,HOVNANIAN ENTERPRISES INC,,357294,False,False,False
TRST,TRUSTCO BANK CORP N Y,,357301,False,False,False
FULT,FULTON FINANCIAL CORP,,700564,False,False,False
FMBH,"FIRST MID BANCSHARES, INC.",,700565,False,False,False
RCMT,"RCM TECHNOLOGIES, INC.",,700841,False,False,False
MYRG,MYR GROUP INC.,,700923,False,False,False
CPF,CENTRAL PACIFIC FINANCIAL CORP,,701347,False,False,False
ELA,ENVELA CORP,,701719,False,False,False
BBWI,"BATH & BODY WORKS, INC.",,701985,False,False,False
NSC,NORFOLK SOUTHERN CORP,,702165,False,False,False
EAT,"BRINKER INTERNATIONAL, INC",,703351,False,False,False
DSGR,"DISTRIBUTION SOLUTIONS GROUP, INC.",,703604,False,False,False
KRMD,"KORU MEDICAL SYSTEMS, INC.",,704440,False,False,False
ONTO,ONTO INNOVATION INC.,,704532,False,False,False
SBSI,SOUTHSIDE BANCSHARES INC,,705432,False,False,False
HBNC,HORIZON BANCORP INC /IN/,,706129,False,False,False
UTMD,UTAH MEDICAL PRODUCTS INC,,706698,False,False,False
UNB,UNION BANKSHARES INC,,706863,False,False,False
ONB,OLD NATIONAL BANCORP /IN/,,707179,False,False,False
LRCX,LAM RESEARCH CORP,,707549,False,False,False
ASRV,AMERISERV FINANCIAL INC /PA/,,707605,False,False,False
CASS,CASS INFORMATION SYSTEMS INC,,708781,False,False,False
PAR,PAR TECHNOLOGY CORP,,708821,False,False,False
FFBC,FIRST FINANCIAL BANCORP /OH/,,708955,False,False,False
NROM,NOBLE ROMANS INC,,709005,False,False,False
QMCO,QUANTUM CORP /DE/,,709283,False,False,False
FMNB,FARMERS NATIONAL BANC CORP /OH/,,709337,False,False,False
THMG,THUNDER MOUNTAIN GOLD INC,,711034,False,False,False
NEOG,NEOGEN CORP,,711377,False,False,False
COO,"COOPER COMPANIES, INC.",,711404,False,False,False
CBAN,COLONY BANKCORP INC,,711669,False,False,False
ACCO,ACCO BRANDS CORP,,712034,False,False,False
EA,ELECTRONIC ARTS INC.,,712515,False,False,False
FRME,FIRST MERCHANTS CORP,,712534,False,False,False
FCF,FIRST COMMONWEALTH FINANCIAL CORP /PA/,,712537,False,False,False
OLP,ONE LIBERTY PROPERTIES INC,,712770,False,False,False
CNOB,"CONNECTONE BANCORP, INC.",,712771,False,False,False
PNC,"PNC FINANCIAL SERVICES GROUP, INC.",,713676,False,False,False
SMTI,SANARA MEDTECH INC.,,714256,False,False,False
VLY,VALLEY NATIONAL BANCORP,,714310,False,False,False
GABC,"GERMAN AMERICAN BANCORP, INC.",,714395,False,False,False
THFF,FIRST FINANCIAL CORP /IN/,,714562,False,False,False
JUVF,JUNIATA VALLEY FINANCIAL CORP,,714712,False,False,False
RNST,RENASANT CORP,,715072,False,False,False
HMC,HONDA MOTOR CO LTD,,715153,False,False,False
ANIX,ANIXA BIOSCIENCES INC,,715446,False,False,False
ACNB,ACNB CORP,,715579,False,False,False
TILE,INTERFACE INC,,715787,False,False,False
D,"DOMINION ENERGY, INC",,715957,False,False,False
GHM,GRAHAM CORP,,716314,False,False,False
RDI,READING INTERNATIONAL INC,,716634,False,False,False
RGS,REGIS CORP,,716643,False,False,False
MUR,MURPHY OIL CORP,,717423,False,False,False
AROW,ARROW FINANCIAL CORP,,717538,False,False,False
HXL,HEXCEL CORP /DE/,,717605,False,False,False
FUSB,"FIRST US BANCSHARES, INC.",,717806,False,False,False
UNF,UNIFIRST CORP,,717954,False,False,False
RAVE,"RAVE RESTAURANT GROUP, INC.",,718332,False,False,False
CMTV,COMMUNITY BANCORP /VT,,718413,False,False,False
STAA,STAAR SURGICAL CO,,718937,False,False,False
APYX,APYX MEDICAL CORP,,719135,False,False,False
STBA,S&T BANCORP INC,,719220,False,False,False
FXNC,FIRST NATIONAL CORP /VA/,,719402,False,False,False
HL,HECLA MINING CO/DE/,,719413,False,False,False
KTCC,KEY TRONIC CORP,,719733,False,False,False
WSM,WILLIAMS SONOMA INC,,719955,False,False,False
RJF,RAYMOND JAMES FINANCIAL INC,,720005,False,False,False
NOTVQ,"INOTIV, INC.",,720154,False,False,False
ASYS,AMTECH SYSTEMS INC,,720500,False,False,False
SF,STIFEL FINANCIAL CORP,,720672,False,False,False
NIMU,NON INVASIVE MONITORING SYSTEMS INC /FL/,,720762,False,False,False
ITIC,INVESTORS TITLE CO,,720858,False,False,False
CAH,CARDINAL HEALTH INC,,721371,False,False,False
CREG,SMART POWERR CORP.,,721693,False,False,False
LKFN,LAKELAND FINANCIAL CORP,,721994,False,False,False
NSYS,NORTECH SYSTEMS INC,,722313,False,False,False
FKWL,FRANKLIN WIRELESS CORP,,722572,False,False,False
MU,MICRON TECHNOLOGY INC,,723125,False,False,False
CBU,"COMMUNITY BANK SYSTEM, INC.",,723188,False,False,False
CTAS,CINTAS CORP,,723254,False,False,False
PAYX,PAYCHEX INC,,723531,False,False,False
WYGC,LONGWEN GROUP CORP.,,723533,False,False,False
CAR,"AVIS BUDGET GROUP, INC.",,723612,False,False,False
FRAF,FRANKLIN FINANCIAL SERVICES CORP /PA/,,723646,False,False,False
MLAB,MESA LABORATORIES INC /CO/,,724004,False,False,False
BZYR,BURZYNSKI RESEARCH INSTITUTE INC,,724445,False,False,False
TPHS,TRINITY PLACE HOLDINGS INC.,,724742,False,False,False
NVEC,NVE CORP /NEW/,,724910,False,False,False
CVM,CEL SCI CORP,,725363,False,False,False
DHTI,DALRADA FINANCIAL CORP,,725394,False,False,False
O,REALTY INCOME CORP,,726728,False,False,False
CHCO,CITY HOLDING CO,,726854,False,False,False
CASY,CASEYS GENERAL STORES INC,,726958,False,False,False
CDZI,CADIZ INC,,727273,False,False,False
GBCS,"SELECTIS HEALTH, INC.",,727346,False,False,False
ENZN,"ENZON PHARMACEUTICALS, INC.",,727510,False,False,False
BCHT,MIDWEST ENERGY EMISSIONS CORP.,,728385,False,False,False
CATX,"PERSPECTIVE THERAPEUTICS, INC.",,728387,False,False,False
JBHT,HUNT J B TRANSPORT SERVICES INC,,728535,False,False,False
BELFA,BEL FUSE INC /NJ,,729580,False,False,False
UBSI,UNITED BANKSHARES INC/WV,,729986,False,False,False
THO,THOR INDUSTRIES INC,,730263,False,False,False
RGEN,REPLIGEN CORP,,730272,False,False,False
TOFB,TOFUTTI BRANDS INC,,730349,False,False,False
CVSA,ADTALEM GLOBAL EDUCATION INC.,,730464,False,False,False
SBCF,SEACOAST BANKING CORP OF FLORIDA,,730708,False,False,False
HCSG,HEALTHCARE SERVICES GROUP INC,,731012,False,False,False
CCFN,MUNCY COLUMBIA FINANCIAL CORP,,731122,False,False,False
UBCP,UNITED BANCORP INC /OH/,,731653,False,False,False
UNH,UNITEDHEALTH GROUP INC,,731766,False,False,False
ATO,ATMOS ENERGY CORP,,731802,False,False,False
TRT,TRIO-TECH INTERNATIONAL,,732026,False,False,False
HBIA,HILLS BANCORPORATION,,732417,False,False,False
VZ,VERIZON COMMUNICATIONS INC,,732712,False,False,False
T,AT&T INC.,,732717,False,False,False
RAMP,"LIVERAMP HOLDINGS, INC.",,733269,False,False,False
TCI,TRANSCONTINENTAL REALTY INVESTORS INC,,733590,False,False,False
INTZ,INTRUSION INC,,736012,False,False,False
CCNE,CNB FINANCIAL CORP/PA,,736772,False,False,False
WASH,WASHINGTON TRUST BANCORP INC,,737468,False,False,False
TTC,TORO CO,,737758,False,False,False
FKYS,FIRST KEYSTONE CORP,,737875,False,False,False
AMTX,"AEMETIS, INC",,738214,False,False,False
CZFS,CITIZENS FINANCIAL SERVICES INC,,739421,False,False,False
VTR,"VENTAS, INC.",,740260,False,False,False
RFIL,R F INDUSTRIES LTD,,740664,False,False,False
FMBM,F&M BANK CORP,,740806,False,False,False
RES,RPC INC,,742278,False,False,False
BHB,BAR HARBOR BANKSHARES,,743367,False,False,False
REX,REX AMERICAN RESOURCES CORP,,744187,False,False,False
CLDX,"CELLDEX THERAPEUTICS, INC.",,744218,False,False,False
BNBX,APPLIED DNA SCIENCES INC,,744452,False,False,False
AMS,AMERICAN SHARED HOSPITAL SERVICES,,744825,False,False,False
JOE,ST JOE CO,,745308,False,False,False
ROST,"ROSS STORES, INC.",,745732,False,False,False
TWAV,"OBLONG, INC.",,746210,False,False,False
NEN,NEW ENGLAND REALTY ASSOCIATES LIMITED PARTNERSHIP,,746514,False,False,False
EXPD,EXPEDITORS INTERNATIONAL OF WASHINGTON INC,,746515,False,False,False
BRC,BRADY CORP,,746598,False,False,False
UIS,UNISYS CORP,,746838,False,False,False
SPRS,SURGE COMPONENTS INC,,747540,False,False,False
ERNA,ETERNA THERAPEUTICS INC.,,748592,False,False,False
IT,GARTNER INC,,749251,False,False,False
IMNN,"IMUNON, INC.",,749647,False,False,False
LNWO,"LIGHT & WONDER, INC.",,750004,False,False,False
QNBC,QNB CORP,,750558,False,False,False
AUBN,"AUBURN NATIONAL BANCORPORATION, INC",,750574,False,False,False
HWC,HANCOCK WHITNEY CORP,,750577,False,False,False
CAC,CAMDEN NATIONAL CORP,,750686,False,False,False
NNN,"NNN REIT, INC.",,751364,False,False,False
VIRC,VIRCO MFG CORPORATION,,751365,False,False,False
VICR,VICOR CORP,,751978,False,False,False
UMH,"UMH PROPERTIES, INC.",,752642,False,False,False
MGRC,MCGRATH RENTCORP,,752714,False,False,False
NEE,NEXTERA ENERGY INC,,753308,False,False,False
GROW,U S GLOBAL INVESTORS INC,,754811,False,False,False
UTL,UNITIL CORP,,755001,False,False,False
CFG,CITIZENS FINANCIAL GROUP INC/RI,,759944,False,False,False
BANF,BANCFIRST CORP /OK/,,760498,False,False,False
CDR-PB,"CEDAR REALTY TRUST, INC.",,761648,False,False,False
LYTS,LSI INDUSTRIES INC,,763532,False,False,False
CHMG,CHEMUNG FINANCIAL CORP,,763563,False,False,False
LCII,LCI INDUSTRIES,,763744,False,False,False
BPOP,"POPULAR, INC.",,763901,False,False,False
FUNC,FIRST UNITED CORP/MD/,,763907,False,False,False
SSB,SOUTHSTATE CORP,,764038,False,False,False
CLF,CLEVELAND-CLIFFS INC.,,764065,False,False,False
MO,"ALTRIA GROUP, INC.",,764180,False,False,False
IIIN,INSTEEL INDUSTRIES INC,,764401,False,False,False
BBY,BEST BUY CO INC,,764478,False,False,False
PNW,PINNACLE WEST CAPITAL CORP,,764622,False,False,False
AETN,SHOREPOWER TECHNOLOGIES INC.,,764630,False,False,False
FNLC,"FIRST BANCORP, INC /ME/",,765207,False,False,False
DOC,"HEALTHPEAK PROPERTIES, INC.",,765880,False,False,False
CMCL,CALEDONIA MINING CORP PLC,,766011,False,False,False
ALK,"ALASKA AIR GROUP, INC.",,766421,False,False,False
WELL,WELLTOWER INC.,,766704,False,False,False
CVV,CVD EQUIPMENT CORP,,766792,False,False,False
HTO,SJW GROUP,,766829,False,False,False
SBFG,"SB FINANCIAL GROUP, INC.",,767405,False,False,False
CYAN,CYANOTECH CORP,,768408,False,False,False
TBI,"TRUEBLUE, INC.",,768899,False,False,False
AEG,AEGON LTD.,,769218,False,False,False
ADSK,"AUTODESK, INC.",,769397,False,False,False
MIDD,MIDDLEBY CORP,,769520,False,False,False
PFBX,PEOPLES FINANCIAL CORP /MS/,,770460,False,False,False
KOPN,KOPIN CORP,,771266,False,False,False
ABM,ABM INDUSTRIES INC /DE/,,771497,False,False,False
DSS,"DSS, INC.",,771999,False,False,False
NICH,NITCHES INC,,772263,False,False,False
CRUS,"CIRRUS LOGIC, INC.",,772406,False,False,False
HON,HONEYWELL INTERNATIONAL INC,,773840,False,False,False
ALTX,ALTEX INDUSTRIES INC,,775057,False,False,False
OSK,OSHKOSH CORP,,775158,False,False,False
HBT,"HBT FINANCIAL, INC.",,775215,False,False,False
WTM,WHITE MOUNTAINS INSURANCE GROUP LTD,,776867,False,False,False
INDB,INDEPENDENT BANK CORP,,776901,False,False,False
ALTO,"ALTO INGREDIENTS, INC.",,778164,False,False,False
JKHY,JACK HENRY & ASSOCIATES INC,,779152,False,False,False
ARKR,ARK RESTAURANTS CORP,,779544,False,False,False
ITRI,"ITRON, INC.",,780571,False,False,False
VGZ,VISTA GOLD CORP,,783324,False,False,False
WEC,"WEC ENERGY GROUP, INC.",,783325,False,False,False
DJCO,DAILY JOURNAL CORP,,783412,False,False,False
AORT,"ARTIVION, INC.",,784199,False,False,False
EACO,EACO CORP,,784539,False,False,False
POR,PORTLAND GENERAL ELECTRIC CO /OR/,,784977,False,False,False
EHC,ENCOMPASS HEALTH CORP,,785161,False,False,False
DLHC,DLH HOLDINGS CORP.,,785557,False,False,False
PLXS,PLEXUS CORP,,785786,False,False,False
JJSF,J&J SNACK FOODS CORP,,785956,False,False,False
NAII,NATURAL ALTERNATIVES INTERNATIONAL INC,,787253,False,False,False
JOUT,JOHNSON OUTDOORS INC,,788329,False,False,False
PEG,PUBLIC SERVICE ENTERPRISE GROUP INC,,788784,False,False,False
PDEX,PRO DEX INC,,788920,False,False,False
HNRG,HALLADOR ENERGY CO,,788965,False,False,False
MSFT,MICROSOFT CORP,,789019,False,False,False
WKC,WORLD KINECT CORP,,789460,False,False,False
MGM,MGM RESORTS INTERNATIONAL,,789570,False,False,False
NC,NACCO INDUSTRIES INC,,789933,False,False,False
CSL,CARLISLE COMPANIES INC,,790051,False,False,False
CONC,CONECTISYS CORP,,790273,False,False,False
NBTB,NBT BANCORP INC,,790359,False,False,False
RDNT,"RADNET, INC.",,790526,False,False,False
BDN,BRANDYWINE REALTY TRUST,,790816,False,False,False
OPY,OPPENHEIMER HOLDINGS INC,,791963,False,False,False
FMAO,FARMERS & MERCHANTS BANCORP INC,,792966,False,False,False
ASTE,ASTEC INDUSTRIES INC,,792987,False,False,False
WERN,WERNER ENTERPRISES INC,,793074,False,False,False
BDCO,BLUE DOLPHIN ENERGY CO,,793306,False,False,False
REFR,RESEARCH FRONTIERS INC,,793524,False,False,False
CHNR,CHINA NATURAL RESOURCES INC,,793628,False,False,False
SKYW,SKYWEST INC,,793733,False,False,False
HOG,"HARLEY-DAVIDSON, INC.",,793952,False,False,False
TOL,"TOLL BROTHERS, INC.",,794170,False,False,False
M,"MACY'S, INC.",,794367,False,False,False
KBH,KB HOME,,795266,False,False,False
WTS,WATTS WATER TECHNOLOGIES INC,,795403,False,False,False
NEXM,PREMIUM NICKEL RESOURCES LTD.,,795800,False,False,False
ADBE,ADOBE INC.,,796343,False,False,False
CLFD,"CLEARFIELD, INC.",,796505,False,False,False
NKSH,NATIONAL BANKSHARES INC,,796534,False,False,False
STLY,"HG HOLDINGS, INC.",,797465,False,False,False
OXY,OCCIDENTAL PETROLEUM CORP /DE/,,797468,False,False,False
QXL,VIEWBIX INC.,,797542,False,False,False
HSTC,"HST GLOBAL, INC.",,797564,False,False,False
VSAT,VIASAT INC,,797721,False,False,False
LAKE,LAKELAND INDUSTRIES INC,,798081,False,False,False
PAMT,PAM TRANSPORTATION SERVICES INC,,798287,False,False,False
FISV,FISERV INC,,798354,False,False,False
CSR,CENTERSPACE,,798359,False,False,False
OMEX,ODYSSEY MARINE EXPLORATION INC,,798528,False,False,False
UHT,UNIVERSAL HEALTH REALTY INCOME TRUST,,798783,False,False,False
FCNCA,FIRST CITIZENS BANCSHARES INC /DE/,,798941,False,False,False
DWSN,DAWSON GEOPHYSICAL CO,,799165,False,False,False
MRTN,MARTEN TRANSPORT LTD,,799167,False,False,False
HTLD,HEARTLAND EXPRESS INC,,799233,False,False,False
LE,"LANDS' END, INC.",,799288,False,False,False
MHO,"M/I HOMES, INC.",,799292,False,False,False
DGICA,DONEGAL GROUP INC,,800457,False,False,False
WBS,WEBSTER FINANCIAL CORP,,801337,False,False,False
MITI,"MITESCO, INC.",,802257,False,False,False
PPC,PILGRIMS PRIDE CORP,,802481,False,False,False
COFS,CHOICEONE FINANCIAL SERVICES INC,,803164,False,False,False
AIFF,"WAVEDANCER, INC.",,803578,False,False,False
QCOM,QUALCOMM INC/DE,,804328,False,False,False
PRK,PARK NATIONAL CORP /OH/,,805676,False,False,False
AXGN,"AXOGEN, INC.",,805928,False,False,False
SOTK,SONO TEK CORP,,806172,False,False,False
MITK,MITEK SYSTEMS INC,,807863,False,False,False
JACK,JACK IN THE BOX INC,,807882,False,False,False
PLAB,PHOTRONICS INC,,810136,False,False,False
RJET,MESA AIR GROUP INC,,810332,False,False,False
CZNC,CITIZENS & NORTHERN CORP,,810958,False,False,False
CMS,CMS ENERGY CORP,,811156,False,False,False
CDIX,CARDIFF LEXINGTON CORP,,811222,False,False,False
FBNC,FIRST BANCORP /NC/,,811589,False,False,False
KALU,KAISER ALUMINUM CORP,,811596,False,False,False
ICCC,IMMUCELL CORP /DE/,,811641,False,False,False
MTN,VAIL RESORTS INC,,812011,False,False,False
OI,"O-I GLASS, INC. /DE/",,812074,False,False,False
PCYN,PROCYON CORP,,812306,False,False,False
SNGX,"SOLIGENIX, INC.",,812796,False,False,False
DXLG,"DESTINATION XL GROUP, INC.",,813298,False,False,False
CDNS,CADENCE DESIGN SYSTEMS INC,,813672,False,False,False
CIRX,CIRTRAN CORP,,813716,False,False,False
IEP,ICAHN ENTERPRISES L.P.,,813762,False,False,False
PARA,PARAMOUNT GLOBAL,,813828,False,False,False
NWL,NEWELL BRANDS INC.,,814453,False,False,False
FICO,FAIR ISAAC CORP,,814547,False,False,False
MBI,MBIA INC,,814585,False,False,False
LWAY,"LIFEWAY FOODS, INC.",,814586,False,False,False
CPSH,CPS TECHNOLOGIES CORP/DE/,,814676,False,False,False
CAPC,"CAPSTONE COMPANIES, INC.",,814926,False,False,False
CCL,CARNIVAL CORP,,815097,False,False,False
FAST,FASTENAL CO,,815556,False,False,False
TDC,TERADATA CORP /DE/,,816761,False,False,False
CNMD,CONMED CORP,,816956,False,False,False
SYNA,SYNAPTICS INC,,817720,False,False,False
HRTX,"HERON THERAPEUTICS, INC. /DE/",,818033,False,False,False
XRAY,DENTSPLY SIRONA INC.,,818479,False,False,False
SFDL,SECURITY FEDERAL CORP,,818677,False,False,False
TEVA,TEVA PHARMACEUTICAL INDUSTRIES LTD,,818686,False,False,False
AIN,ALBANY INTERNATIONAL CORP /DE/,,819793,False,False,False
AMP,AMERIPRISE FINANCIAL INC,,820027,False,False,False
APH,AMPHENOL CORP /DE/,,820313,False,False,False
COHR,COHERENT CORP.,,820318,False,False,False
GIII,G III APPAREL GROUP LTD /DE/,,821002,False,False,False
ANDE,"ANDERSONS, INC.",,821026,False,False,False
AD,UNITED STATES CELLULAR CORP,,821130,False,False,False
EOG,EOG RESOURCES INC,,821189,False,False,False
PARR,"PAR PACIFIC HOLDINGS, INC.",,821483,False,False,False
PHM,PULTEGROUP INC/MI/,,822416,False,False,False
IPAR,INTER PARFUMS INC,,822663,False,False,False
CLH,CLEAN HARBORS INC,,822818,False,False,False
CHSCP,CHS INC,,823277,False,False,False
WM,WASTE MANAGEMENT INC,,823768,False,False,False
AAON,"AAON, INC.",,824142,False,False,False
QPRC,QUEST PATENT RESEARCH CORP,,824416,False,False,False
AB,ALLIANCEBERNSTEIN HOLDING L.P.,,825313,False,False,False
GTIM,GOOD TIMES RESTAURANTS INC.,,825324,False,False,False
SMG,SCOTTS MIRACLE-GRO CO,,825542,False,False,False
ORRF,ORRSTOWN FINANCIAL SERVICES INC,,826154,False,False,False
AUSI,AURA SYSTEMS INC,,826253,False,False,False
DX,DYNEX CAPITAL INC,,826675,False,False,False
EIX,EDISON INTERNATIONAL,,827052,False,False,False
MCHP,MICROCHIP TECHNOLOGY INC,,827054,False,False,False
SNBRQ,SLEEP NUMBER CORP,,827187,False,False,False
CLSK,"CLEANSPARK, INC.",,827876,False,False,False
LINK,INTERLINK ELECTRONICS INC,,828146,False,False,False
WSFS,WSFS FINANCIAL CORP,,828944,False,False,False
SBUX,STARBUCKS CORP,,829224,False,False,False
INUV,"INUVO, INC.",,829323,False,False,False
SCIA,"SCI ENGINEERED MATERIALS, INC.",,830616,False,False,False
C,CITIGROUP INC,,831001,False,False,False
FCX,FREEPORT-MCMORAN INC,,831259,False,False,False
TTEK,TETRA TECH INC,,831641,False,False,False
IEX,IDEX CORP /DE/,,832101,False,False,False
SSP,E.W. SCRIPPS CO,,832428,False,False,False
UTGN,UTG INC,,832480,False,False,False
GOVX,"GEOVAX LABS, INC.",,832489,False,False,False
SIG,SIGNET JEWELERS LTD,,832988,False,False,False
MTH,MERITAGE HOMES CORP,,833079,False,False,False
JCI,JOHNSON CONTROLS INTERNATIONAL PLC,,833444,False,False,False
POWI,POWER INTEGRATIONS INC,,833640,False,False,False
BLFS,BIOLIFE SOLUTIONS INC,,834365,False,False,False
MGPI,MGP INGREDIENTS INC,,835011,False,False,False
SYBT,"STOCK YARDS BANCORP, INC.",,835324,False,False,False
AIXN,"AIXIN LIFE INTERNATIONAL, INC.",,835662,False,False,False
LNN,LINDSAY CORP,,836157,False,False,False
CPMV,MOSAIC IMMUNOENGINEERING INC.,,836564,False,False,False
ISSC,INNOVATIVE SOLUTIONS & SUPPORT INC,,836690,False,False,False
CALY,TOPGOLF CALLAWAY BRANDS CORP.,,837465,False,False,False
WVVI,WILLAMETTE VALLEY VINEYARDS INC,,838875,False,False,False
VASO,VASO CORP,,839087,False,False,False
WWR,"WESTWATER RESOURCES, INC.",,839470,False,False,False
VOD,VODAFONE GROUP PUBLIC LTD CO,,839923,False,False,False
FCFS,"FIRSTCASH HOLDINGS, INC.",,840489,False,False,False
CLRO,CLEARONE INC,,840715,False,False,False
TECH,BIO-TECHNE CORP,,842023,False,False,False
LEA,LEAR CORP,,842162,False,False,False
ISBA,ISABELLA BANK CORP,,842517,False,False,False
TRS,TRIMAS CORP,,842633,False,False,False
BRBS,"BLUE RIDGE BANKSHARES, INC.",,842717,False,False,False
ACCS,ISSUER DIRECT CORP,,843006,False,False,False
FRPH,"FRP HOLDINGS, INC.",,844059,False,False,False
HCMC,HEALTHIER CHOICES MANAGEMENT CORP.,,844856,False,False,False
TTI,TETRA TECHNOLOGIES INC,,844965,False,False,False
PIAC,PRINCETON CAPITAL CORP,,845385,False,False,False
KTEL,"KONATEL, INC.",,845819,False,False,False
AGM,FEDERAL AGRICULTURAL MORTGAGE CORP,,845877,False,False,False
DCOM,"DIME COMMUNITY BANCSHARES, INC. /NY/",,846617,False,False,False
FTEK,"FUEL TECH, INC.",,846913,False,False,False
STQN,STRATEGIC ACQUISITIONS INC /NV/,,847942,False,False,False
HGBL,HERITAGE GLOBAL INC.,,849145,False,False,False
LFVN,LIFEVANTAGE CORP,,849146,False,False,False
CRH,CRH PUBLIC LTD CO,,849395,False,False,False
GEN,GEN DIGITAL INC.,,849399,False,False,False
SLGN,SILGAN HOLDINGS INC,,849869,False,False,False
FECOF,FEC RESOURCES INC.,,849997,False,False,False
HMN,HORACE MANN EDUCATORS CORP /DE/,,850141,False,False,False
TG,TREDEGAR CORP,,850429,False,False,False
CGNX,COGNEX CORP,,851205,False,False,False
HLIT,HARMONIC INC,,851310,False,False,False
EXPO,EXPONENT INC,,851520,False,False,False
MHK,MOHAWK INDUSTRIES INC,,851968,False,False,False
LSTR,LANDSTAR SYSTEM INC,,853816,False,False,False
GSBC,"GREAT SOUTHERN BANCORP, INC.",,854560,False,False,False
DGII,DIGI INTERNATIONAL INC,,854775,False,False,False
LSCC,LATTICE SEMICONDUCTOR CORP,,855658,False,False,False
MLSS,MILESTONE SCIENTIFIC INC.,,855683,False,False,False
MMSI,MERIT MEDICAL SYSTEMS INC,,856982,False,False,False
USAQ,"QHSLAB, INC.",,856984,False,False,False
PTC,PTC INC.,,857005,False,False,False
UCB,UNITED COMMUNITY BANKS INC,,857855,False,False,False
CSCO,"CISCO SYSTEMS, INC.",,858877,False,False,False
FCBC,FIRST COMMUNITY BANKSHARES INC /VA/,,859070,False,False,False
FIBK,FIRST INTERSTATE BANCSYSTEM INC,,860413,False,False,False
CDP,COPT DEFENSE PROPERTIES,,860546,False,False,False
HCA,"HCA HEALTHCARE, INC.",,860730,False,False,False
TYL,TYLER TECHNOLOGIES INC,,860731,False,False,False
KMPR,KEMPER CORP,,860748,False,False,False
GVA,GRANITE CONSTRUCTION INC,,861459,False,False,False
CATY,CATHAY GENERAL BANCORP,,861842,False,False,False
RS,"RELIANCE, INC.",,861884,False,False,False
INVU,"INVESTVIEW, INC.",,862651,False,False,False
ESMC,ESCALON MEDICAL CORP,,862668,False,False,False
CCEL,CRYO CELL INTERNATIONAL INC,,862692,False,False,False
FISI,FINANCIAL INSTITUTIONS INC,,862831,False,False,False
AIFC,JANONE INC.,,862861,False,False,False
ARTNA,ARTESIAN RESOURCES CORP,,863110,False,False,False
BHE,BENCHMARK ELECTRONICS INC,,863436,False,False,False
VERU,VERU INC.,,863894,False,False,False
SYPR,SYPRIS SOLUTIONS INC,,864240,False,False,False
MNST,MONSTER BEVERAGE CORP,,865752,False,False,False
MTRX,MATRIX SERVICE CO,,866273,False,False,False
ALGM,"ALLEGRO MICROSYSTEMS, INC.",,866291,False,False,False
FLEX,FLEX LTD.,,866374,False,False,False
ESE,ESCO TECHNOLOGIES INC,,866706,False,False,False
AZO,AUTOZONE INC,,866787,False,False,False
HLX,HELIX ENERGY SOLUTIONS GROUP INC,,866829,False,False,False
SPND,SPINDLETOP OIL & GAS CO,,867038,False,False,False
POCI,"PRECISION OPTICS CORPORATION, INC.",,867840,False,False,False
PRPH,"PROPHASE LABS, INC.",,868278,False,False,False
GBCI,"GLACIER BANCORP, INC.",,868671,False,False,False
DORM,"DORMAN PRODUCTS, INC.",,868780,False,False,False
CRCUF,CANAGOLD RESOURCES LTD.,,868822,False,False,False
ACM,AECOM,,868857,False,False,False
MAN,MANPOWERGROUP INC.,,871763,False,False,False
REGN,"REGENERON PHARMACEUTICALS, INC.",,872589,False,False,False
DCTH,"DELCATH SYSTEMS, INC.",,872912,False,False,False
SRPT,"SAREPTA THERAPEUTICS, INC.",,873303,False,False,False
ONIT,OCWEN FINANCIAL CORP,,873860,False,False,False
IONS,IONIS PHARMACEUTICALS INC,,874015,False,False,False
STRL,"STERLING INFRASTRUCTURE, INC.",,874238,False,False,False
LCUT,"LIFETIME BRANDS, INC",,874396,False,False,False
GPOR,GULFPORT ENERGY CORP,,874499,False,False,False
OSG,AMBAC FINANCIAL GROUP INC,,874501,False,False,False
IDXX,IDEXX LABORATORIES INC /DE,,874716,False,False,False
AES,AES CORP,,874761,False,False,False
HIG,"HARTFORD FINANCIAL SERVICES GROUP, INC.",,874766,False,False,False
CRVL,CORVEL CORP,,874866,False,False,False
BIIB,BIOGEN INC.,,875045,False,False,False
VRTX,VERTEX PHARMACEUTICALS INC / MA,,875320,False,False,False
TULP,"LENDWAY, INC.",,875355,False,False,False
BOKF,BOK FINANCIAL CORP,,875357,False,False,False
NTIC,NORTHERN TECHNOLOGIES INTERNATIONAL CORP,,875582,False,False,False
ULBI,ULTRALIFE CORP,,875657,False,False,False
BNET,BION ENVIRONMENTAL TECHNOLOGIES INC,,875729,False,False,False
PRGS,PROGRESS SOFTWARE CORP /MA,,876167,False,False,False
LCTX,"LINEAGE CELL THERAPEUTICS, INC.",,876343,False,False,False
MNRO,"MONRO, INC.",,876427,False,False,False
MTG,MGIC INVESTMENT CORP,,876437,False,False,False
EZPW,EZCORP INC,,876523,False,False,False
RMTHF,MAGIC SOFTWARE ENTERPRISES LTD,,876779,False,False,False
STGW,STAGWELL INC,,876883,False,False,False
ZBRA,ZEBRA TECHNOLOGIES CORP,,877212,False,False,False
NHI,NATIONAL HEALTH INVESTORS INC,,877860,False,False,False
ODFL,"OLD DOMINION FREIGHT LINE, INC.",,878927,False,False,False
KIM,KIMCO REALTY CORP,,879101,False,False,False
INCY,INCYTE CORP,,879169,False,False,False
ARWR,"ARROWHEAD PHARMACEUTICALS, INC.",,879407,False,False,False
WNC,WABASH NATIONAL CORP,,879526,False,False,False
ATNI,"ATN INTERNATIONAL, INC.",,879585,False,False,False
MPB,MID PENN BANCORP INC,,879635,False,False,False
AERG,"APPLIED ENERGETICS, INC.",,879911,False,False,False
JBSS,SANFILIPPO JOHN B & SON INC,,880117,False,False,False
BLGO,"BIOLARGO, INC.",,880242,False,False,False
AGCO,AGCO CORP /DE,,880266,False,False,False
CSBB,"CSB BANCORP, INC.",,880417,False,False,False
WT,"WISDOMTREE, INC.",,880631,False,False,False
EFSI,EAGLE FINANCIAL SERVICES INC,,880641,False,False,False
AMSC,AMERICAN SUPERCONDUCTOR CORP /DE/,,880807,False,False,False
ACFN,"ACORN ENERGY, INC.",,880984,False,False,False
GILD,"GILEAD SCIENCES, INC.",,882095,False,False,False
DHI,HORTON D R INC /DE/,,882184,False,False,False
AEMD,AETHLON MEDICAL INC,,882291,False,False,False
APTOF,APTOSE BIOSCIENCES INC.,,882361,False,False,False
QUIK,QUICKLOGIC CORP,,882508,False,False,False
BCRX,BIOCRYST PHARMACEUTICALS INC,,882796,False,False,False
ROP,ROPER TECHNOLOGIES INC,,882835,False,False,False
SLSN,NANOPHASE TECHNOLOGIES CORP,,883107,False,False,False
VRTS,"VIRTUS INVESTMENT PARTNERS, INC.",,883237,False,False,False
SNPS,SYNOPSYS INC,,883241,False,False,False
FOSL,"FOSSIL GROUP, INC.",,883569,False,False,False
AUB,ATLANTIC UNION BANKSHARES CORP,,883948,False,False,False
MBOT,MICROBOT MEDICAL INC.,,883975,False,False,False
ICUI,ICU MEDICAL INC/DE,,883984,False,False,False
ASUR,ASURE SOFTWARE INC,,884144,False,False,False
PRSU,VIAD CORP,,884219,False,False,False
APT,ALPHA PRO TECH LTD,,884269,False,False,False
UGI,UGI CORP /PA/,,884614,False,False,False
OFIX,ORTHOFIX MEDICAL INC.,,884624,False,False,False
RCL,ROYAL CARIBBEAN CRUISES LTD,,884887,False,False,False
BKE,BUCKLE INC,,885245,False,False,False
WBHC,WILSON BANK HOLDING CO,,885275,False,False,False
JCTC,JEWETT CAMERON TRADING CO LTD,,885307,False,False,False
STRS,STRATUS PROPERTIES INC,,885508,False,False,False
CACC,CREDIT ACCEPTANCE CORP,,885550,False,False,False
BHC,BAUSCH HEALTH COMPANIES INC.,,885590,False,False,False
KSS,KOHLS CORP,,885639,False,False,False
BSX,BOSTON SCIENTIFIC CORP,,885725,False,False,False
USPH,U S PHYSICAL THERAPY INC /NV,,885978,False,False,False
FCEL,FUELCELL ENERGY INC,,886128,False,False,False
SGA,SAGA COMMUNICATIONS INC,,886136,False,False,False
LGND,LIGAND PHARMACEUTICALS INC,,886163,False,False,False
FC,FRANKLIN COVEY CO,,886206,False,False,False
KAI,KADANT INC,,886346,False,False,False
GERN,GERON CORP,,886744,False,False,False
GS,GOLDMAN SACHS GROUP INC,,886982,False,False,False
KEP,KOREA ELECTRIC POWER CORP,,887225,False,False,False
COLB,"COLUMBIA BANKING SYSTEM, INC.",,887343,False,False,False
VCEL,VERICEL CORP,,887359,False,False,False
EP,EMPIRE PETROLEUM CORP,,887396,False,False,False
CAKE,CHEESECAKE FACTORY INC,,887596,False,False,False
CENT,CENTRAL GARDEN & PET CO,,887733,False,False,False
LTC,LTC PROPERTIES INC,,887905,False,False,False
FCN,"FTI CONSULTING, INC",,887936,False,False,False
OHI,OMEGA HEALTHCARE INVESTORS INC,,888491,False,False,False
TRIB,TRINITY BIOTECH PLC,,888721,False,False,False
CCU,UNITED BREWERIES CO INC,,888746,False,False,False
NNUP,NOCOPI TECHNOLOGIES INC/MD/,,888981,False,False,False
PKX,POSCO HOLDINGS INC.,,889132,False,False,False
LFUS,LITTELFUSE INC /DE,,889331,False,False,False
CVU,CPI AEROSTRUCTURES INC,,889348,False,False,False
SNTL,JAMES MARITIME HOLDINGS INC.,,889353,False,False,False
CPSS,"CONSUMER PORTFOLIO SERVICES, INC.",,889609,False,False,False
PTEN,PATTERSON UTI ENERGY INC,,889900,False,False,False
LPTH,LIGHTPATH TECHNOLOGIES INC,,889971,False,False,False
GLBZ,GLEN BURNIE BANCORP,,890066,False,False,False
PRSO,PERASO INC.,,890394,False,False,False
BLX,"FOREIGN TRADE BANK OF LATIN AMERICA, INC.",,890541,False,False,False
EFOR,ASGN INC,,890564,False,False,False
ENVB,"ENVERIC BIOSCIENCES, INC.",,890821,False,False,False
RDN,RADIAN GROUP INC,,890926,False,False,False
MTX,MINERALS TECHNOLOGIES INC,,891014,False,False,False
MTCH,"MATCH GROUP, INC.",,891103,False,False,False
UVE,"UNIVERSAL INSURANCE HOLDINGS, INC.",,891166,False,False,False
FLL,FULL HOUSE RESORTS INC,,891482,False,False,False
PESI,PERMA FIX ENVIRONMENTAL SERVICES INC,,891532,False,False,False
KT,KT CORP,,892450,False,False,False
SM,SM ENERGY CO,,893538,False,False,False
HWBK,"HAWTHORN BANCSHARES, INC.",,893847,False,False,False
MD,"PEDIATRIX MEDICAL GROUP, INC.",,893949,False,False,False
TOVX,"THERIVA BIOLOGICS, INC.",,894158,False,False,False
SITC,SITE CENTERS CORP.,,894315,False,False,False
ARCB,ARCBEST CORP /DE/,,894405,False,False,False
GRHI,"GOLD ROCK HOLDINGS, INC.",,894501,False,False,False
CITR,"GENERAL ENTERPRISE VENTURES, INC.",,894556,False,False,False
EGY,VAALCO ENERGY INC /DE/,,894627,False,False,False
OVBC,OHIO VALLEY BANC CORP,,894671,False,False,False
AREN,"ARENA GROUP HOLDINGS, INC.",,894871,False,False,False
EXE,CHESAPEAKE ENERGY CORP,,895126,False,False,False
ELS,EQUITY LIFESTYLE PROPERTIES INC,,895417,False,False,False
WOLF,"WOLFSPEED, INC.",,895419,False,False,False
MS,MORGAN STANLEY,,895421,False,False,False
SHOE,SHOE CARNIVAL INC,,895447,False,False,False
RCKY,"ROCKY BRANDS, INC.",,895456,False,False,False
YBGJ,YUBO INTERNATIONAL BIOTECH LTD,,895464,False,False,False
ENB,ENBRIDGE INC,,895728,False,False,False
ETD,ETHAN ALLEN INTERIORS INC,,896156,False,False,False
CB,CHUBB LTD,,896159,False,False,False
USNA,USANA HEALTH SCIENCES INC,,896264,False,False,False
GPUS,"AULT ALLIANCE, INC.",,896493,False,False,False
ATR,"APTARGROUP, INC.",,896622,False,False,False
INTU,INTUIT INC.,,896878,False,False,False
ALG,ALAMO GROUP INC,,897077,False,False,False
KOAN,"RESONATE BLENDS, INC.",,897078,False,False,False
AMRN,AMARIN CORP PLCUK,,897448,False,False,False
SANM,SANMINA CORP,,897723,False,False,False
UWHR,UWHARRIE CAPITAL CORP,,898171,False,False,False
ORLY,O REILLY AUTOMOTIVE INC,,898173,False,False,False
RGA,REINSURANCE GROUP OF AMERICA INC,,898174,False,False,False
JBL,JABIL INC,,898293,False,False,False
ANIK,"ANIKA THERAPEUTICS, INC.",,898437,False,False,False
ALL,ALLSTATE CORP,,899051,False,False,False
MNKD,MANNKIND CORP,,899460,False,False,False
AKR,ACADIA REALTY TRUST,,899629,False,False,False
VNO,VORNADO REALTY TRUST,,899689,False,False,False
SKT,TANGER INC.,,899715,False,False,False
TWI,TITAN INTERNATIONAL INC,,899751,False,False,False
MYGN,MYRIAD GENETICS INC,,899923,False,False,False
CPRT,COPART INC,,900075,False,False,False
NTZ,NATUZZI S P A,,900391,False,False,False
PZZA,PAPA JOHNS INTERNATIONAL INC,,901491,False,False,False
BBSI,BARRETT BUSINESS SERVICES INC,,902791,False,False,False
THRM,GENTHERM INC,,903129,False,False,False
ALRS,ALERUS FINANCIAL CORP,,903419,False,False,False
INOD,INNODATA INC,,903651,False,False,False
YPF,YPF SOCIEDAD ANONIMA,,904851,False,False,False
EQR,EQUITY RESIDENTIAL,,906107,False,False,False
NVR,NVR INC,,906163,False,False,False
CPT,CAMDEN PROPERTY TRUST,,906345,False,False,False
QCRH,QCR HOLDINGS INC,,906465,False,False,False
BYD,BOYD GAMING CORP,,906553,False,False,False
NKTR,NEKTAR THERAPEUTICS,,906709,False,False,False
MCRI,MONARCH CASINO & RESORT INC,,907242,False,False,False
BFS,"SAUL CENTERS, INC.",,907254,False,False,False
CASH,"PATHWARD FINANCIAL, INC.",,907471,False,False,False
ORKA,"ARCA BIOPHARMA, INC.",,907654,False,False,False
BWA,BORGWARNER INC,,908255,False,False,False
OTLC,"ONCOTELIC THERAPEUTICS, INC.",,908259,False,False,False
CMCT,CREATIVE MEDIA & COMMUNITY TRUST CORP,,908311,False,False,False
WINA,WINMARK CORP,,908315,False,False,False
SIRI,SIRIUS XM HOLDINGS INC.,,908937,False,False,False
SQM,CHEMICAL & MINING CO OF CHILE INC,,909037,False,False,False
SUZ,SUZANO S.A.,,909327,False,False,False
TCX,TUCOWS INC /PA/,,909494,False,False,False
TLF,TANDY LEATHER FACTORY INC,,909724,False,False,False
COST,COSTCO WHOLESALE CORP /NEW,,909832,False,False,False
FLG,"NEW YORK COMMUNITY BANCORP, INC.",,910073,False,False,False
LXP,LXP INDUSTRIAL TRUST,,910108,False,False,False
MED,MEDIFAST INC,,910329,False,False,False
HAIN,HAIN CELESTIAL GROUP INC,,910406,False,False,False
DECK,DECKERS OUTDOOR CORP,,910521,False,False,False
REG,REGENCY CENTERS CORP,,910606,False,False,False
CBL,CBL & ASSOCIATES PROPERTIES INC,,910612,False,False,False
KOF,COCA COLA FEMSA SAB DE CV,,910631,False,False,False
CNTY,CENTURY CASINOS INC /CO/,,911147,False,False,False
CWST,CASELLA WASTE SYSTEMS INC,,911177,False,False,False
PTN,PALATIN TECHNOLOGIES INC,,911216,False,False,False
NHTC,NATURAL HEALTH TRENDS CORP,,912061,False,False,False
VIAV,VIAVI SOLUTIONS INC.,,912093,False,False,False
MAC,MACERICH CO,,912242,False,False,False
NSTM,NOVELSTEM INTERNATIONAL CORP.,,912544,False,False,False
ROCK,"GIBRALTAR INDUSTRIES, INC.",,912562,False,False,False
SUI,SUN COMMUNITIES INC,,912593,False,False,False
MAAI,MID AMERICA APARTMENT COMMUNITIES INC.,,912595,False,False,False
URBN,URBAN OUTFITTERS INC,,912615,False,False,False
FWRD,FORWARD AIR CORP,,912728,False,False,False
LAUR,"LAUREATE EDUCATION, INC.",,912766,False,False,False
UFPI,UFP INDUSTRIES INC,,912767,False,False,False
TV,"GRUPO TELEVISA, S.A.B.",,912892,False,False,False
BBAR,BANCO BBVA ARGENTINA S.A.,,913059,False,False,False
BDC,BELDEN INC.,,913142,False,False,False
RNR,RENAISSANCERE HOLDINGS LTD,,913144,False,False,False
SHOO,"STEVEN MADDEN, LTD.",,913241,False,False,False
CLAR,CLARUS CORP,,913277,False,False,False
FRO,FRONTLINE PLC,,913290,False,False,False
CFFI,C & F FINANCIAL CORP,,913341,False,False,False
SNEX,STONEX GROUP INC.,,913760,False,False,False
PPIH,"PERMA-PIPE INTERNATIONAL HOLDINGS, INC.",,914122,False,False,False
PRKR,PARKERVISION INC,,914139,False,False,False
UFPT,UFP TECHNOLOGIES INC,,914156,False,False,False
IVZ,INVESCO LTD.,,914208,False,False,False
NBIX,NEUROCRINE BIOSCIENCES INC,,914475,False,False,False
EMN,EASTMAN CHEMICAL CO,,915389,False,False,False
DAKT,DAKTRONICS INC /SD/,,915779,False,False,False
BZH,BEAZER HOMES USA INC,,915840,False,False,False
AVB,AVALONBAY COMMUNITIES INC,,915912,False,False,False
ALB,ALBEMARLE CORP,,915913,False,False,False
MLM,MARTIN MARIETTA MATERIALS INC,,916076,False,False,False
TSCO,TRACTOR SUPPLY CO /DE/,,916365,False,False,False
DAR,DARLING INGREDIENTS INC.,,916540,False,False,False
HELE,HELEN OF TROY LTD,,916789,False,False,False
SILC,SILICOM LTD.,,916793,False,False,False
SMBC,"SOUTHERN MISSOURI BANCORP, INC.",,916907,False,False,False
XPL,SOLITARIO RESOURCES CORP.,,917225,False,False,False
ADC,AGREE REALTY CORP,,917251,False,False,False
RMBS,RAMBUS INC,,917273,False,False,False
IART,INTEGRA LIFESCIENCES HOLDINGS CORP,,917520,False,False,False
VALE,VALE S.A.,,917851,False,False,False
MPAA,MOTORCAR PARTS OF AMERICA INC,,918251,False,False,False
NNBR,NN INC,,918541,False,False,False
EXP,EAGLE MATERIALS INC,,918646,False,False,False
SCSC,"SCANSOURCE, INC.",,918965,False,False,False
AEO,AMERICAN EAGLE OUTFITTERS INC,,919012,False,False,False
FNWD,FINWARD BANCORP,,919864,False,False,False
LH,LABORATORY CORP OF AMERICA HOLDINGS,,920148,False,False,False
SSD,"SIMPSON MANUFACTURING CO., INC.",,920371,False,False,False
UNTY,UNITY BANCORP INC /NJ/,,920427,False,False,False
ESS,"ESSEX PROPERTY TRUST, INC.",,920522,False,False,False
LEN,LENNAR CORP /NEW/,,920760,False,False,False
HIW,"HIGHWOODS PROPERTIES, INC.",,921082,False,False,False
ARMP,"ARMATA PHARMACEUTICALS, INC.",,921114,False,False,False
KYNB,FIBROGEN INC,,921299,False,False,False
RBCAA,REPUBLIC BANCORP INC /KY/,,921557,False,False,False
IMAX,IMAX CORP,,921582,False,False,False
SSRM,SSR MINING INC.,,921638,False,False,False
PENN,"PENN ENTERTAINMENT, INC.",,921738,False,False,False
FR,FIRST INDUSTRIAL REALTY TRUST INC,,921825,False,False,False
PPL,PPL CORP,,922224,False,False,False
FGPR,FERRELLGAS PARTNERS L P,,922358,False,False,False
ERIE,ERIE INDEMNITY CO,,922621,False,False,False
AIV,APARTMENT INVESTMENT & MANAGEMENT CO,,922864,False,False,False
GBX,GREENBRIER COMPANIES INC,,923120,False,False,False
RIME,SINGING MACHINE CO INC,,923601,False,False,False
GEO,GEO GROUP INC,,923796,False,False,False
EFOI,"ENERGY FOCUS, INC/DE",,924168,False,False,False
GNSS,GENASYS INC.,,924383,False,False,False
CRSF,"OPENLOCKER HOLDINGS, INC.",,924396,False,False,False
GTHP,GUIDED THERAPEUTICS INC,,924515,False,False,False
SMID,SMITH MIDLAND CORP,,924719,False,False,False
FRHC,FREEDOM HOLDING CORP.,,924805,False,False,False
MLR,MILLER INDUSTRIES INC /TN/,,924822,False,False,False
HDSN,HUDSON TECHNOLOGIES INC /NY,,925528,False,False,False
BCDA,"BIOCARDIA, INC.",,925741,False,False,False
ADTN,"ADTRAN HOLDINGS, INC.",,926282,False,False,False
OMCL,"OMNICELL, INC.",,926326,False,False,False
MIND,"MIND TECHNOLOGY, INC",,926423,False,False,False
AWHL,ASPIRA WOMEN'S HEALTH INC.,,926617,False,False,False
AEIS,ADVANCED ENERGY INDUSTRIES INC,,927003,False,False,False
DVA,DAVITA INC.,,927066,False,False,False
COF,CAPITAL ONE FINANCIAL CORP,,927628,False,False,False
MCK,MCKESSON CORP,,927653,False,False,False
FTK,FLOTEK INDUSTRIES INC/CN/,,928054,False,False,False
CWCO,CONSOLIDATED WATER CO. LTD.,,928340,False,False,False
DIT,AMCON DISTRIBUTING CO,,928465,False,False,False
CVLG,"COVENANT LOGISTICS GROUP, INC.",,928658,False,False,False
TSEM,TOWER SEMICONDUCTOR LTD,,928876,False,False,False
WCC,WESCO INTERNATIONAL INC,,929008,False,False,False
STRZ,LIONS GATE ENTERTAINMENT CORP /CN/,,929351,False,False,False
RWT,REDWOOD TRUST INC,,930236,False,False,False
AASP,GLOBAL ACQUISITIONS CORP,,930245,False,False,False
KFRC,KFORCE INC,,930420,False,False,False
PII,POLARIS INC.,,931015,False,False,False
EAF,GRAFTECH INTERNATIONAL LTD,,931148,False,False,False
TGS,GAS TRANSPORTER OF THE SOUTH INC,,931427,False,False,False
GTLL,GLOBAL TECHNOLOGIES LTD,,932021,False,False,False
CYD,CHINA YUCHAI INTERNATIONAL LTD,,932695,False,False,False
NSIT,INSIGHT ENTERPRISES INC,,932696,False,False,False
FCCO,FIRST COMMUNITY CORP /SC/,,932781,False,False,False
STRT,STRATTEC SECURITY CORP,,933034,False,False,False
UPBD,"UPBOUND GROUP, INC.",,933036,False,False,False
SCWO,374WATER INC.,,933972,False,False,False
AZTA,"AZENTA, INC.",,933974,False,False,False
ACTG,ACACIA RESEARCH CORP,,934549,False,False,False
ACIW,"ACI WORLDWIDE, INC.",,935036,False,False,False
RICK,"RCI HOSPITALITY HOLDINGS, INC.",,935419,False,False,False
DLTR,"DOLLAR TREE, INC.",,935703,False,False,False
DTE,DTE ENERGY CO,,936340,False,False,False
CIEN,CIENA CORP,,936395,False,False,False
LMT,LOCKHEED MARTIN CORP,,936468,False,False,False
WAFD,WAFD INC,,936528,False,False,False
TNET,"TRINET GROUP, INC.",,937098,False,False,False
EXEL,"EXELIXIS, INC.",,939767,False,False,False
PYYX,"PYXUS INTERNATIONAL, INC.",,939930,False,False,False
HUBG,"HUB GROUP, INC.",,940942,False,False,False
DRI,DARDEN RESTAURANTS INC,,940944,False,False,False
TAIT,TAITRON COMPONENTS INC,,942126,False,False,False
WAB,WESTINGHOUSE AIR BRAKE TECHNOLOGIES CORP,,943452,False,False,False
WHEN,"WORLD HEALTH ENERGY HOLDINGS, INC.",,943535,False,False,False
RMD,RESMED INC,,943819,False,False,False
SCKT,"SOCKET MOBILE, INC.",,944075,False,False,False
CBZ,"CBIZ, INC.",,944148,False,False,False
THG,"HANOVER INSURANCE GROUP, INC.",,944695,False,False,False
CIVB,"CIVISTA BANCSHARES, INC.",,944745,False,False,False
OPK,"OPKO HEALTH, INC.",,944809,False,False,False
GIC,GLOBAL INDUSTRIAL CO,,945114,False,False,False
SVC,SERVICE PROPERTIES TRUST,,945394,False,False,False
POOL,POOL CORP,,945841,False,False,False
CLMB,"CLIMB GLOBAL SOLUTIONS, INC.",,945983,False,False,False
ELLO,ELLOMAY CAPITAL LTD.,,946394,False,False,False
WINT,WINDTREE THERAPEUTICS INC /DE/,,946486,False,False,False
RVP,RETRACTABLE TECHNOLOGIES INC,,946563,False,False,False
TTWO,TAKE TWO INTERACTIVE SOFTWARE INC,,946581,False,False,False
AIM,AIM IMMUNOTECH INC.,,946644,False,False,False
BANR,BANNER CORP,,946673,False,False,False
ACGL,ARCH CAPITAL GROUP LTD.,,947484,False,False,False
LFMD,"LIFEMD, INC.",,948320,False,False,False
SMSI,"SMITH MICRO SOFTWARE, INC.",,948708,False,False,False
CENX,CENTURY ALUMINUM CO,,949157,False,False,False
ACHV,"ACHIEVE LIFE SCIENCES, INC.",,949858,False,False,False
SAM,BOSTON BEER CO INC,,949870,False,False,False
IOR,INCOME OPPORTUNITY REALTY INVESTORS INC /TX/,,949961,False,False,False
NAT,NORDIC AMERICAN TANKERS LTD,,1000177,False,False,False
MFIN,MEDALLION FINANCIAL CORP,,1000209,False,False,False
HSIC,HENRY SCHEIN INC,,1000228,False,False,False
OCC,OPTICAL CABLE CORP,,1000230,False,False,False
MATV,"MATIV HOLDINGS, INC.",,1000623,False,False,False
NVAX,NOVAVAX INC,,1000694,False,False,False
WAT,WATERS CORP /DE/,,1000697,False,False,False
NSP,"INSPERITY, INC.",,1000753,False,False,False
GEOS,GEOSPACE TECHNOLOGIES CORP,,1001115,False,False,False
BYFC,BROADWAY FINANCIAL CORP DE,,1001171,False,False,False
SGMOQ,"SANGAMO THERAPEUTICS, INC",,1001233,False,False,False
EL,ESTEE LAUDER COMPANIES INC,,1001250,False,False,False
BAP,CREDICORP LTD,,1001290,False,False,False
TGTX,"TG THERAPEUTICS, INC.",,1001316,False,False,False
NWPX,NORTHWEST PIPE CO,,1001385,False,False,False
MGTI,"MGT CAPITAL INVESTMENTS, INC.",,1001601,False,False,False
REPX,"RILEY EXPLORATION PERMIAN, INC.",,1001614,False,False,False
TLK,PERUSAHAAN PERSEROAN PERSERO PT TELEKOMUNIKASI INDONESIA TBK,,1001807,False,False,False
SCCO,SOUTHERN COPPER CORP/,,1001838,False,False,False
ASTC,ASTROTECH CORP,,1001907,False,False,False
NTAP,"NETAPP, INC.",,1002047,False,False,False
E,ENI SPA,,1002242,False,False,False
SGU,"STAR GROUP, L.P.",,1002590,False,False,False
OTEX,OPEN TEXT CORP,,1002638,False,False,False
AEE,AMEREN CORP,,1002910,False,False,False
NGG,NATIONAL GRID PLC,,1004315,False,False,False
AMG,"AFFILIATED MANAGERS GROUP, INC.",,1004434,False,False,False
OCFC,OCEANFIRST FINANCIAL CORP,,1004702,False,False,False
RHEP,"REGIONAL HEALTH PROPERTIES, INC",,1004724,False,False,False
PCG,PG&E CORP,,1004980,False,False,False
SGRP,"SPAR GROUP, INC.",,1004989,False,False,False
MGLD,"MARYGOLD COMPANIES, INC.",,1005101,False,False,False
SPH,SUBURBAN PROPANE PARTNERS LP,,1005210,False,False,False
CMCO,COLUMBUS MCKINNON CORP,,1005229,False,False,False
OLED,UNIVERSAL DISPLAY CORP PA,,1005284,False,False,False
BOSC,BOS BETTER ONLINE SOLUTIONS LTD,,1005516,False,False,False
IDT,IDT CORP,,1005731,False,False,False
TMP,TOMPKINS FINANCIAL CORP,,1005817,False,False,False
PURE,"PURE BIOSCIENCE, INC.",,1006028,False,False,False
IRIX,IRIDEX CORP,,1006045,False,False,False
PLX,"PROTALIX BIOTHERAPEUTICS, INC.",,1006281,False,False,False
EPM,EVOLUTION PETROLEUM CORP,,1006655,False,False,False
CBKM,CONSUMERS BANCORP INC /OH/,,1006830,False,False,False
VATE,INNOVATE CORP.,,1006837,False,False,False
JVA,COFFEE HOLDING CO INC,,1007019,False,False,False
KVHI,KVH INDUSTRIES INC DE,,1007587,False,False,False
CEPL,"CAPSTONE GREEN ENERGY HOLDINGS, INC.",,1009759,False,False,False
JAKK,JAKKS PACIFIC INC,,1009829,False,False,False
AIRI,AIR INDUSTRIES GROUP,,1009891,False,False,False
NSFDF,NXT ENERGY SOLUTIONS INC.,,1009922,False,False,False
SIGA,SIGA TECHNOLOGIES INC,,1010086,False,False,False
ICTSF,ICTS INTERNATIONAL N V,,1010134,False,False,False
PROV,PROVIDENT FINANCIAL HOLDINGS INC,,1010470,False,False,False
AUMN,GOLDEN MINERALS CO,,1011509,False,False,False
RUSHA,RUSH ENTERPRISES INC TX,,1012019,False,False,False
BVN,BUENAVENTURA MINING CO INC,,1013131,False,False,False
FDS,FACTSET RESEARCH SYSTEMS INC,,1013237,False,False,False
NWFL,NORWOOD FINANCIAL CORP,,1013272,False,False,False
BJRI,BJS RESTAURANTS INC,,1013488,False,False,False
PEGA,PEGASYSTEMS INC,,1013857,False,False,False
NRG,"NRG ENERGY, INC.",,1013871,False,False,False
TTEC,"TTEC HOLDINGS, INC.",,1013880,False,False,False
STRA,"STRATEGIC EDUCATION, INC.",,1013934,False,False,False
DTGI,"DIGERATI TECHNOLOGIES, INC.",,1014052,False,False,False
VRSN,VERISIGN INC/CA,,1014473,False,False,False
OPCH,"OPTION CARE HEALTH, INC.",,1014739,False,False,False
AIMD,"AINOS, INC.",,1014763,False,False,False
WTFC,WINTRUST FINANCIAL CORP,,1015328,False,False,False
POWW,"AMMO, INC.",,1015383,False,False,False
AAUAF,ALMADEN MINERALS LTD,,1015647,False,False,False
SKM,SK TELECOM CO LTD,,1015650,False,False,False
AWRE,AWARE INC /MA/,,1015739,False,False,False
CHKP,CHECK POINT SOFTWARE TECHNOLOGIES LTD,,1015922,False,False,False
CSV,CARRIAGE SERVICES INC,,1016281,False,False,False
INBP,INTEGRATED BIOPHARMA INC,,1016504,False,False,False
RDCM,RADCOM LTD,,1016838,False,False,False
TACT,TRANSACT TECHNOLOGIES INC,,1017303,False,False,False
PAYD,PAID INC,,1017655,False,False,False
WLFC,WILLIS LEASE FINANCE CORP,,1018164,False,False,False
AMZN,AMAZON COM INC,,1018724,False,False,False
ANF,ABERCROMBIE & FITCH CO /DE/,,1018840,False,False,False
ATI,ATI INC,,1018963,False,False,False
AMSF,AMERISAFE INC,,1018979,False,False,False
BKYI,BIO KEY INTERNATIONAL INC,,1019034,False,False,False
PAG,"PENSKE AUTOMOTIVE GROUP, INC.",,1019849,False,False,False
CERS,CERUS CORP,,1020214,False,False,False
IRM,IRON MOUNTAIN INC,,1020569,False,False,False
DXPE,DXP ENTERPRISES INC,,1020710,False,False,False
UNFI,UNITED NATURAL FOODS INC,,1020859,False,False,False
NUS,"NU SKIN ENTERPRISES, INC.",,1021561,False,False,False
OGE,OGE ENERGY CORP.,,1021635,False,False,False
NOV,NOV INC.,,1021860,False,False,False
AWCA,"AWAYSIS CAPITAL, INC.",,1021917,False,False,False
DGX,QUEST DIAGNOSTICS INC,,1022079,False,False,False
GEL,GENESIS ENERGY LP,,1022321,False,False,False
PLUS,EPLUS INC,,1022408,False,False,False
SDCH,"SIDECHANNEL, INC.",,1022505,False,False,False
INSG,INSEEGO CORP.,,1022652,False,False,False
STLD,STEEL DYNAMICS INC,,1022671,False,False,False
SMFG,"SUMITOMO MITSUI FINANCIAL GROUP, INC.",,1022837,False,False,False
PTIX,"PROTAGENIC THERAPEUTICS, INC.NEW",,1022899,False,False,False
ANIP,ANI PHARMACEUTICALS INC,,1023024,False,False,False
LAD,LITHIA MOTORS INC,,1023128,False,False,False
FORR,"FORRESTER RESEARCH, INC.",,1023313,False,False,False
XAEIU,AEI INCOME & GROWTH FUND XXII LTD PARTNERSHIP,,1023458,False,False,False
SLP,"SIMULATIONS PLUS, INC.",,1023459,False,False,False
XTLB,XTL BIOPHARMACEUTICALS LTD,,1023549,False,False,False
EGHT,8X8 INC /DE/,,1023731,False,False,False
OLOX,SAFE & GREEN HOLDINGS CORP.,,1023994,False,False,False
COTY,COTY INC.,,1024305,False,False,False
ROK,"ROCKWELL AUTOMATION, INC",,1024478,False,False,False
HLIO,"HELIOS TECHNOLOGIES, INC.",,1024795,False,False,False
WPC,W. P. CAREY INC.,,1025378,False,False,False
WHLT,CHASE PACKAGING CORP,,1025771,False,False,False
EFSC,ENTERPRISE FINANCIAL SERVICES CORP,,1025835,False,False,False
KRC,KILROY REALTY CORP,,1025996,False,False,False
FMCC,FEDERAL HOME LOAN MORTGAGE CORP,,1026214,False,False,False
CMT,CORE MOLDING TECHNOLOGIES INC,,1026655,False,False,False
CLWT,EURO TECH HOLDINGS CO LTD,,1026662,False,False,False
APWC,ASIA PACIFIC WIRE & CABLE CORP LTD,,1026980,False,False,False
TCMD,TACTILE SYSTEMS TECHNOLOGY INC,,1027838,False,False,False
EEFT,"EURONET WORLDWIDE, INC.",,1029199,False,False,False
IDR,"IDAHO STRATEGIC RESOURCES, INC.",,1030192,False,False,False
OFG,OFG BANCORP,,1030469,False,False,False
UTSI,UTSTARCOM HOLDINGS CORP.,,1030471,False,False,False
SVBL,"SILVER BULL RESOURCES, INC.",,1031093,False,False,False
GPI,GROUP 1 AUTOMOTIVE INC,,1031203,False,False,False
SELF,"GLOBAL SELF STORAGE, INC.",,1031235,False,False,False
FE,FIRSTENERGY CORP,,1031296,False,False,False
BSY,BENTLEY SYSTEMS INC,,1031308,False,False,False
FSP,FRANKLIN STREET PROPERTIES CORP /MA/,,1031316,False,False,False
SLM,SLM CORP,,1032033,False,False,False
SRE,SEMPRA,,1032208,False,False,False
MMS,"MAXIMUS, INC.",,1032220,False,False,False
LOGI,LOGITECH INTERNATIONAL S.A.,,1032975,False,False,False
UMC,UNITED MICROELECTRONICS CORP,,1033767,False,False,False
SBAC,SBA COMMUNICATIONS CORP,,1034054,False,False,False
ALV,AUTOLIV INC,,1034670,False,False,False
WYY,WIDEPOINT CORP,,1034760,False,False,False
RIGL,RIGEL PHARMACEUTICALS INC,,1034842,False,False,False
VLO,VALERO ENERGY CORP/TX,,1035002,False,False,False
SHBI,SHORE BANCSHARES INC,,1035092,False,False,False
CWT,CALIFORNIA WATER SERVICE GROUP,,1035201,False,False,False
ISRG,INTUITIVE SURGICAL INC,,1035267,False,False,False
ARE,"ALEXANDRIA REAL ESTATE EQUITIES, INC.",,1035443,False,False,False
FIX,COMFORT SYSTEMS USA INC,,1035983,False,False,False
INVE,"IDENTIV, INC.",,1036044,False,False,False
INTT,INTEST CORP,,1036262,False,False,False
RL,RALPH LAUREN CORP,,1037038,False,False,False
BXP,BOSTON PROPERTIES INC,,1037540,False,False,False
MTD,METTLER TOLEDO INTERNATIONAL INC/,,1037646,False,False,False
AME,AMETEK INC/,,1037868,False,False,False
JLL,JONES LANG LASALLE INC,,1037976,False,False,False
SLAB,SILICON LABORATORIES INC.,,1038074,False,False,False
INIS,INTERNATIONAL ISOTOPES INC,,1038277,False,False,False
RYAAY,RYANAIR HOLDINGS PLC,,1038683,False,False,False
SMBK,SMARTFINANCIAL INC.,,1038773,False,False,False
OSIS,OSI SYSTEMS INC,,1039065,False,False,False
NTWK,NETSOL TECHNOLOGIES INC,,1039280,False,False,False
FORM,FORMFACTOR INC,,1039399,False,False,False
OKE,ONEOK INC /NEW/,,1039684,False,False,False
ANG-PD,AMERICAN NATIONAL GROUP INC.,,1039828,False,False,False
PETS,PETMED EXPRESS INC,,1040130,False,False,False
PXLW,"PIXELWORKS, INC",,1040161,False,False,False
AEHR,AEHR TEST SYSTEMS,,1040470,False,False,False
RHP,"RYMAN HOSPITALITY PROPERTIES, INC.",,1040829,False,False,False
IDN,"INTELLICHECK, INC.",,1040896,False,False,False
SLG,SL GREEN REALTY CORP,,1040971,False,False,False
RMTI,"ROCKWELL MEDICAL, INC.",,1041024,False,False,False
YUM,YUM BRANDS INC,,1041061,False,False,False
RVSB,RIVERVIEW BANCORP INC,,1041368,False,False,False
LSAK,LESAKA TECHNOLOGIES INC,,1041514,False,False,False
UONE,"URBAN ONE, INC.",,1041657,False,False,False
ELPC,ENERGY CO OF PARANA,,1041792,False,False,False
PSMT,PRICESMART INC,,1041803,False,False,False
PLCE,"CHILDRENS PLACE, INC.",,1041859,False,False,False
AFG,AMERICAN FINANCIAL GROUP INC,,1042046,False,False,False
INTI,"INHIBITOR THERAPEUTICS, INC.",,1042418,False,False,False
MBWM,MERCANTILE BANK CORP,,1042729,False,False,False
PDM,"PIEDMONT OFFICE REALTY TRUST, INC.",,1042776,False,False,False
INVX,DRIL-QUIP INC,,1042893,False,False,False
SNDA,"SONIDA SENIOR LIVING, INC.",,1043000,False,False,False
SLNG,"STABILIS SOLUTIONS, INC.",,1043186,False,False,False
NLY,ANNALY CAPITAL MANAGEMENT INC,,1043219,False,False,False
CHRW,"C. H. ROBINSON WORLDWIDE, INC.",,1043277,False,False,False
SRI,STONERIDGE INC,,1043337,False,False,False
SAH,SONIC AUTOMOTIVE INC,,1043509,False,False,False
PRPO,"PRECIPIO, INC.",,1043961,False,False,False
OSPN,ONESPAN INC.,,1044777,False,False,False
EPR,EPR PROPERTIES,,1045450,False,False,False
PLD,"PROLOGIS, INC.",,1045609,False,False,False
LIVE,LIVE VENTURES INC,,1045742,False,False,False
NVDA,NVIDIA CORP,,1045810,False,False,False
TRCK,"TRACK GROUP, INC.",,1045942,False,False,False
FORTY,FORMULA SYSTEMS (1985) LTD,,1045986,False,False,False
HFWA,HERITAGE FINANCIAL CORP /WA/,,1046025,False,False,False
TSBK,TIMBERLAND BANCORP INC,,1046050,False,False,False
RBA,RB GLOBAL INC.,,1046102,False,False,False
TSM,TAIWAN SEMICONDUCTOR MANUFACTURING CO LTD,,1046179,False,False,False
INGR,INGREDION INC,,1046257,False,False,False
CHH,CHOICE HOTELS INTERNATIONAL INC /DE,,1046311,False,False,False
PRDO,PERDOCEO EDUCATION CORP,,1046568,False,False,False
AMKR,"AMKOR TECHNOLOGY, INC.",,1047127,False,False,False
NHC,NATIONAL HEALTHCARE CORP,,1047335,False,False,False
DMC,FRESH DEL MONTE PRODUCE INC,,1047340,False,False,False
ED,CONSOLIDATED EDISON INC,,1047862,False,False,False
IESC,"IES HOLDINGS, INC.",,1048268,False,False,False
MAR,MARRIOTT INTERNATIONAL INC /MD/,,1048286,False,False,False
BMRN,BIOMARIN PHARMACEUTICAL INC,,1048477,False,False,False
FFIV,"F5, INC.",,1048695,False,False,False
MKSI,MKS INSTRUMENTS INC,,1049502,False,False,False
MRCY,MERCURY SYSTEMS INC,,1049521,False,False,False
CIX,COMPX INTERNATIONAL INC,,1049606,False,False,False
SID,NATIONAL STEEL CO,,1049659,False,False,False
CNXN,PC CONNECTION INC,,1050377,False,False,False
EGBN,EAGLE BANCORP INC,,1050441,False,False,False
MSTR,MICROSTRATEGY INC,,1050446,False,False,False
PGC,PEAPACK GLADSTONE FINANCIAL CORP,,1050743,False,False,False
COLM,COLUMBIA SPORTSWEAR CO,,1050797,False,False,False
PWR,"QUANTA SERVICES, INC.",,1050915,False,False,False
CCI,CROWN CASTLE INC.,,1051470,False,False,False
TDS,TELEPHONE & DATA SYSTEMS INC /DE/,,1051512,False,False,False
AXTI,AXT INC,,1051627,False,False,False
MADL,MAN AHL DIVERSIFIED I LP,,1052354,False,False,False
GTY,GETTY REALTY CORP /MD/,,1052752,False,False,False
AMT,AMERICAN TOWER CORP /MA/,,1053507,False,False,False
CRVO,CERVOMED INC.,,1053691,False,False,False
CRAI,"CRA INTERNATIONAL, INC.",,1053706,False,False,False
IDXG,"INTERPACE BIOSCIENCES, INC.",,1054102,False,False,False
IOSP,INNOSPEC INC.,,1054905,False,False,False
MFA,"MFA FINANCIAL, INC.",,1055160,False,False,False
INO,"INOVIO PHARMACEUTICALS, INC.",,1055726,False,False,False
FHI,"FEDERATED HERMES, INC.",,1056288,False,False,False
MTEX,MANNATECH INC,,1056358,False,False,False
MANH,MANHATTAN ASSOCIATES INC,,1056696,False,False,False
AWR,AMERICAN STATES WATER CO,,1056903,False,False,False
PFIS,PEOPLES FINANCIAL SERVICES CORP.,,1056943,False,False,False
HZO,MARINEMAX INC,,1057060,False,False,False
CSGP,"COSTAR GROUP, INC.",,1057352,False,False,False
HCKT,"HACKETT GROUP, INC.",,1057379,False,False,False
FBP,FIRST BANCORP /PR/,,1057706,False,False,False
IDA,IDACORP INC,,1057877,False,False,False
CMG,CHIPOTLE MEXICAN GRILL INC,,1058090,False,False,False
CTSH,COGNIZANT TECHNOLOGY SOLUTIONS CORP,,1058290,False,False,False
NXPL,NEXTPLAT CORP,,1058307,False,False,False
CMLS,CUMULUS MEDIA INC,,1058623,False,False,False
IMMR,IMMERSION CORP,,1058811,False,False,False
GHI,GREYSTONE HOUSING IMPACT INVESTORS LP,,1059142,False,False,False
MCO,MOODYS CORP /DE/,,1059556,False,False,False
RSG,"REPUBLIC SERVICES, INC.",,1060391,False,False,False
CRI,CARTERS INC,,1060822,False,False,False
AWX,AVALON HOLDINGS CORP,,1061069,False,False,False
EPD,ENTERPRISE PRODUCTS PARTNERS L.P.,,1061219,False,False,False
BXMT,"BLACKSTONE MORTGAGE TRUST, INC.",,1061630,False,False,False
FMX,MEXICAN ECONOMIC DEVELOPMENT INC,,1061736,False,False,False
CYTK,CYTOKINETICS INC,,1061983,False,False,False
DCH,AMERICAN AXLE & MANUFACTURING HOLDINGS INC,,1062231,False,False,False
ALDA,ATLANTICA INC,,1062506,False,False,False
LXRX,"LEXICON PHARMACEUTICALS, INC.",,1062822,False,False,False
SPG,SIMON PROPERTY GROUP INC /DE/,,1063761,False,False,False
BTU,PEABODY ENERGY CORP,,1064728,False,False,False
LEU,CENTRUS ENERGY CORP,,1065059,False,False,False
NTIP,"NETWORK-1 TECHNOLOGIES, INC.",,1065078,False,False,False
EBAY,EBAY INC,,1065088,False,False,False
NFLX,NETFLIX INC,,1065280,False,False,False
LKQ,LKQ CORP,,1065696,False,False,False
EGAN,EGAIN CORP,,1066194,False,False,False
TGLO,THEGLOBE COM INC,,1066684,False,False,False
BESS,BITECH TECHNOLOGIES CORP,,1066764,False,False,False
FTFT,FUTURE FINTECH GROUP INC.,,1066923,False,False,False
CBRL,"CRACKER BARREL OLD COUNTRY STORE, INC",,1067294,False,False,False
INFY,INFOSYS LTD,,1067491,False,False,False
URI,"UNITED RENTALS, INC.",,1067701,False,False,False
BRK-B,BERKSHIRE HATHAWAY INC,,1067983,False,False,False
ATDS,"DATA443 RISK MITIGATION, INC.",,1068689,False,False,False
PB,PROSPERITY BANCSHARES INC,,1068851,False,False,False
EWBC,EAST WEST BANCORP INC,,1069157,False,False,False
AXON,"AXON ENTERPRISE, INC.",,1069183,False,False,False
LII,LENNOX INTERNATIONAL INC,,1069202,False,False,False
KTOS,"KRATOS DEFENSE & SECURITY SOLUTIONS, INC.",,1069258,False,False,False
FSI,FLEXIBLE SOLUTIONS INTERNATIONAL INC,,1069394,False,False,False
FLNA,CASSAVA SCIENCES INC,,1069530,False,False,False
RGCO,RGC RESOURCES INC,,1069533,False,False,False
TREX,TREX CO INC,,1069878,False,False,False
PAHC,PHIBRO ANIMAL HEALTH CORP,,1069899,False,False,False
APCX,APPTECH PAYMENTS CORP.,,1070050,False,False,False
PTCT,"PTC THERAPEUTICS, INC.",,1070081,False,False,False
BB,BLACKBERRY LTD,,1070235,False,False,False
FCAP,FIRST CAPITAL INC,,1070296,False,False,False
IX,ORIX CORP,,1070304,False,False,False
CNX,CNX RESOURCES CORP,,1070412,False,False,False
PAA,PLAINS ALL AMERICAN PIPELINE LP,,1070423,False,False,False
ACAD,ACADIA PHARMACEUTICALS INC,,1070494,False,False,False
GCBC,GREENE COUNTY BANCORP INC,,1070524,False,False,False
CFBK,CF BANKSHARES INC.,,1070680,False,False,False
HST,"HOST HOTELS & RESORTS, INC.",,1070750,False,False,False
CXW,"CORECIVIC, INC.",,1070985,False,False,False
RRBI,RED RIVER BANCSHARES INC,,1071236,False,False,False
TKC,TURKCELL ILETISIM HIZMETLERI A S,,1071321,False,False,False
BAK,BRASKEM SA,,1071438,False,False,False
CNC,CENTENE CORP,,1071739,False,False,False
WNDW,"SOLARWINDOW TECHNOLOGIES, INC.",,1071840,False,False,False
NWBO,NORTHWEST BIOTHERAPEUTICS INC,,1072379,False,False,False
KWY,KINGSWAY FINANCIAL SERVICES INC,,1072627,False,False,False
GDRZF,GOLD RESERVE INC,,1072725,False,False,False
USBC,"KNOW LABS, INC.",,1074828,False,False,False
MODD,"MODULAR MEDICAL, INC.",,1074871,False,False,False
LCNB,LCNB CORP,,1074902,False,False,False
DHC,DIVERSIFIED HEALTHCARE TRUST,,1075415,False,False,False
BKNG,BOOKING HOLDINGS INC.,,1075531,False,False,False
CXDO,"CREXENDO, INC.",,1075736,False,False,False
CX,CEMEX SAB DE CV,,1076378,False,False,False
NOVT,NOVANTA INC,,1076930,False,False,False
NEO,NEOGENOMICS INC,,1077183,False,False,False
TCBI,TEXAS CAPITAL BANCSHARES INC/TX,,1077428,False,False,False
HOFT,HOOKER FURNISHINGS CORP,,1077688,False,False,False
NTCT,NETSCOUT SYSTEMS INC,,1078075,False,False,False
EXTR,EXTREME NETWORKS INC,,1078271,False,False,False
INVA,"INNOVIVA, INC.",,1080014,False,False,False
LOAN,"MANHATTAN BRIDGE CAPITAL, INC",,1080340,False,False,False
PGOL,PATRIOT GOLD CORP,,1080448,False,False,False
SQFT,"PRESIDIO PROPERTY TRUST, INC.",,1080657,False,False,False
INLX,"INTELLINETICS, INC.",,1081745,False,False,False
KUBR,KUBER RESOURCES CORP,,1081834,False,False,False
CPMD,"CANNAPHARMARX, INC.",,1081938,False,False,False
VHC,VIRNETX HOLDING CORP,,1082324,False,False,False
UTHR,UNITED THERAPEUTICS CORP,,1082554,False,False,False
VISM,"VISIUM TECHNOLOGIES, INC.",,1082733,False,False,False
XELB,"XCEL BRANDS, INC.",,1083220,False,False,False
WULF,TERAWULF INC.,,1083301,False,False,False
ASTH,"ASTRANA HEALTH, INC.",,1083446,False,False,False
SRRE,SUNRISE REAL ESTATE GROUP INC,,1083490,False,False,False
JSDA,JONES SODA CO,,1083522,False,False,False
FLUX,"FLUX POWER HOLDINGS, INC.",,1083743,False,False,False
ZD,"ZIFF DAVIS, INC.",,1084048,False,False,False
SVA,SINOVAC BIOTECH LTD,,1084201,False,False,False
MOBQ,"MOBIQUITY TECHNOLOGIES, INC.",,1084267,False,False,False
NIHK,"VIDEO RIVER NETWORKS, INC.",,1084475,False,False,False
LTBR,LIGHTBRIDGE CORP,,1084554,False,False,False
RGP,"RESOURCES CONNECTION, INC.",,1084765,False,False,False
FLWS,1 800 FLOWERS COM INC,,1084869,False,False,False
ECPG,ENCORE CAPITAL GROUP INC,,1084961,False,False,False
NGS,NATURAL GAS SERVICES GROUP INC,,1084991,False,False,False
VTSI,"VIRTRA, INC",,1085243,False,False,False
SKVI,"SKINVISIBLE, INC.",,1085277,False,False,False
FMCB,FARMERS & MERCHANTS BANCORP,,1085913,False,False,False
AKAM,AKAMAI TECHNOLOGIES INC,,1086222,False,False,False
HCIL,"HONGCHANG INTERNATIONAL CO., LTD",,1086303,False,False,False
ARLP,ALLIANCE RESOURCE PARTNERS LP,,1086600,False,False,False
FABC,"AYRO, INC.",,1086745,False,False,False
CPIX,CUMBERLAND PHARMACEUTICALS INC,,1087294,False,False,False
USIO,"USIO, INC.",,1088034,False,False,False
GLGI,"GREYSTONE LOGISTICS, INC.",,1088413,False,False,False
CORT,CORCEPT THERAPEUTICS INC,,1088856,False,False,False
DKS,"DICK'S SPORTING GOODS, INC.",,1089063,False,False,False
EHSI,"U.S. NEUROSURGICAL HOLDINGS, INC.",,1089815,False,False,False
GAIA,"GAIA, INC",,1089872,False,False,False
SWKHL,SWK HOLDINGS CORP,,1089907,False,False,False
SFST,SOUTHERN FIRST BANCSHARES INC,,1090009,False,False,False
DVN,DEVON ENERGY CORP/DE,,1090012,False,False,False
TBTC,TABLE TRAC INC,,1090396,False,False,False
LAMR,LAMAR ADVERTISING CO/NEW,,1090425,False,False,False
UPS,UNITED PARCEL SERVICE INC,,1090727,False,False,False
A,"AGILENT TECHNOLOGIES, INC.",,1090872,False,False,False
MTLS,MATERIALISE NV,,1091223,False,False,False
AURX,"NUO THERAPEUTICS, INC.",,1091596,False,False,False
CHTR,"CHARTER COMMUNICATIONS, INC. /MO/",,1091667,False,False,False
FULO,FULLNET COMMUNICATIONS INC,,1092570,False,False,False
SPSC,SPS COMMERCE INC,,1092699,False,False,False
SWBI,"SMITH & WESSON BRANDS, INC.",,1092796,False,False,False
DXCM,DEXCOM INC,,1093557,False,False,False
PEBK,PEOPLES BANCORP OF NORTH CAROLINA INC,,1093672,False,False,False
PLUG,PLUG POWER INC,,1093691,False,False,False
MRKR,"MARKER THERAPEUTICS, INC.",,1094038,False,False,False
TDY,TELEDYNE TECHNOLOGIES INC,,1094285,False,False,False
SIFY,SIFY TECHNOLOGIES LTD,,1094324,False,False,False
TM,TOYOTA MOTOR CORP/,,1094517,False,False,False
BGC,"BGC GROUP, INC.",,1094831,False,False,False
UGP,ULTRAPAR HOLDINGS INC,,1094972,False,False,False
EG,"EVEREST GROUP, LTD.",,1095073,False,False,False
HSTM,HEALTHSTREAM INC,,1095565,False,False,False
SAFE,SAFEHOLD INC.,,1095651,False,False,False
PSTV,"PLUS THERAPEUTICS, INC.",,1095981,False,False,False
LXFR,LUXFER HOLDINGS PLC,,1096056,False,False,False
WKSP,WORKSPORT LTD,,1096275,False,False,False
MKL,MARKEL GROUP INC.,,1096343,False,False,False
EPC,EDGEWELL PERSONAL CARE CO,,1096752,False,False,False
UEEC,"UNITED HEALTH PRODUCTS, INC.",,1096938,False,False,False
ALGN,ALIGN TECHNOLOGY INC,,1097149,False,False,False
ON,ON SEMICONDUCTOR CORP,,1097864,False,False,False
AAGH,AMERICA GREAT HEALTH,,1098009,False,False,False
PNBK,PATRIOT NATIONAL BANCORP INC,,1098146,False,False,False
FDBC,FIDELITY D & D BANCORP INC,,1098151,False,False,False
MTLK,METALINK LTD,,1098462,False,False,False
AGEN,AGENUS INC,,1098972,False,False,False
BBGI,BEASLEY BROADCAST GROUP INC,,1099160,False,False,False
MET,METLIFE INC,,1099219,False,False,False
DSNY,DESTINY MEDIA TECHNOLOGIES INC,,1099369,False,False,False
MELI,MERCADOLIBRE INC,,1099590,False,False,False
EW,EDWARDS LIFESCIENCES CORP,,1099800,False,False,False
CRL,"CHARLES RIVER LABORATORIES INTERNATIONAL, INC.",,1100682,False,False,False
ZIVO,"ZIVO BIOSCIENCE, INC.",,1101026,False,False,False
BFH,"BREAD FINANCIAL HOLDINGS, INC.",,1101215,False,False,False
EQIX,EQUINIX INC,,1101239,False,False,False
ENTG,ENTEGRIS INC,,1101302,False,False,False
QMCI,QUOTEMEDIA INC,,1101433,False,False,False
ARL,AMERICAN REALTY INVESTORS INC,,1102238,False,False,False
LPSN,LIVEPERSON INC,,1102993,False,False,False
RSCF,"REFLECT SCIENTIFIC, INC.",,1103090,False,False,False
QSEP,"QS ENERGY, INC.",,1103795,False,False,False
CRWE,"CROWN EQUITY HOLDINGS, INC.",,1103833,False,False,False
MDLZ,"MONDELEZ INTERNATIONAL, INC.",,1103982,False,False,False
VRME,"VERIFYME, INC.",,1104038,False,False,False
NOG,"NORTHERN OIL & GAS, INC.",,1104485,False,False,False
INSM,INSMED INC,,1104506,False,False,False
MTRN,MATERION CORP,,1104657,False,False,False
GIGM,GIGAMEDIA LTD,,1105101,False,False,False
SFRX,SEAFARER EXPLORATION CORP,,1106213,False,False,False
CPHI,"CHINA PHARMA HOLDINGS, INC.",,1106644,False,False,False
OVTZ,OCULUS VISIONTECH INC.,,1107280,False,False,False
TCRT,"ALAUNOS THERAPEUTICS, INC.",,1107421,False,False,False
QLYS,"QUALYS, INC.",,1107843,False,False,False
CYH,COMMUNITY HEALTH SYSTEMS INC,,1108109,False,False,False
BBT,BERKSHIRE HILLS BANCORP INC,,1108134,False,False,False
CRIS,CURIS INC,,1108205,False,False,False
TXNM,PNM RESOURCES INC,,1108426,False,False,False
CRM,"SALESFORCE, INC.",,1108524,False,False,False
EVC,ENTRAVISION COMMUNICATIONS CORP,,1109116,False,False,False
HAFC,HANMI FINANCIAL CORP,,1109242,False,False,False
BRKR,BRUKER CORP,,1109354,False,False,False
EXC,EXELON CORP,,1109357,False,False,False
KLNG,"KOIL ENERGY SOLUTIONS, INC.",,1110607,False,False,False
NTES,"NETEASE, INC.",,1110646,False,False,False
ILMN,"ILLUMINA, INC.",,1110803,False,False,False
VC,VISTEON CORP,,1111335,False,False,False
RXST,"RXSIGHT, INC.",,1111485,False,False,False
NI,NISOURCE INC.,,1111711,False,False,False
DYNR,DYNARESOURCE INC,,1111741,False,False,False
IPGP,IPG PHOTONICS CORP,,1111928,False,False,False
TROW,PRICE T ROWE GROUP INC,,1113169,False,False,False
ACLS,AXCELIS TECHNOLOGIES INC,,1113232,False,False,False
AVNI,ARVANA INC,,1113313,False,False,False
BBW,BUILD-A-BEAR WORKSHOP INC,,1113809,False,False,False
ITGR,INTEGER HOLDINGS CORP,,1114483,False,False,False
GGAL,GRUPO FINANCIERO GALICIA SA,,1114700,False,False,False
LTRX,LANTRONIX INC,,1114925,False,False,False
FNRN,FIRST NORTHERN COMMUNITY BANCORP,,1114927,False,False,False
PI,IMPINJ INC,,1114995,False,False,False
TPR,"TAPESTRY, INC.",,1116132,False,False,False
OSUR,ORASURE TECHNOLOGIES INC,,1116463,False,False,False
TTMI,TTM TECHNOLOGIES INC,,1116942,False,False,False
PLAG,PLANET GREEN HOLDINGS CORP.,,1117057,False,False,False
QNST,"QUINSTREET, INC",,1117297,False,False,False
RWAX,"HUMBL, INC.",,1119190,False,False,False
PBR,PETROBRAS - PETROLEO BRASILEIRO SA,,1119639,False,False,False
NDAQ,"NASDAQ, INC.",,1120193,False,False,False
BWEN,"BROADWIND, INC.",,1120370,False,False,False
PDFS,PDF SOLUTIONS INC,,1120914,False,False,False
LODE,COMSTOCK INC.,,1120970,False,False,False
OIS,"OIL STATES INTERNATIONAL, INC",,1121484,False,False,False
GRMN,GARMIN LTD,,1121788,False,False,False
GHST,GHST WORLD INC.,,1121795,False,False,False
PCSV,"PCS EDVENTURES!, INC.",,1122020,False,False,False
ASX,"ASE TECHNOLOGY HOLDING CO., LTD.",,1122411,False,False,False
NTGR,"NETGEAR, INC.",,1122904,False,False,False
AVNT,AVIENT CORP,,1122976,False,False,False
IMOS,CHIPMOS TECHNOLOGIES INC,,1123134,False,False,False
GPN,GLOBAL PAYMENTS INC,,1123360,False,False,False
ASR,SOUTHEAST AIRPORT GROUP,,1123452,False,False,False
HBIO,HARVARD BIOSCIENCE INC,,1123494,False,False,False
BABB,"BAB, INC.",,1123596,False,False,False
WIT,WIPRO LTD,,1123799,False,False,False
GYRE,"GYRE THERAPEUTICS, INC.",,1124105,False,False,False
FLR,FLUOR CORP,,1124198,False,False,False
CYRX,"CRYOPORT, INC.",,1124524,False,False,False
LASR,"NLIGHT, INC.",,1124796,False,False,False
MGNX,MACROGENICS INC,,1125345,False,False,False
ENSG,"ENSIGN GROUP, INC",,1125376,False,False,False
PFG,PRINCIPAL FINANCIAL GROUP INC,,1126328,False,False,False
GSIT,GSI TECHNOLOGY INC,,1126741,False,False,False
SR,SPIRE INC,,1126956,False,False,False
CWBC,COMMUNITY WEST BANCSHARES,,1127371,False,False,False
DBMM,"DIGITAL BRAND MEDIA & MARKETING GROUP, INC.",,1127475,False,False,False
LUNG,PULMONX CORP,,1127537,False,False,False
PKTX,"PROTOKINETIX, INC.",,1128189,False,False,False
SKAS,"SAKER AVIATION SERVICES, INC.",,1128281,False,False,False
HOPE,HOPE BANCORP INC,,1128361,False,False,False
FLO,FLOWERS FOODS INC,,1128928,False,False,False
AMX,AMERICA MOVIL SAB DE CV/,,1129137,False,False,False
BSRR,SIERRA BANCORP,,1130144,False,False,False
BGMS,"CYCLACEL PHARMACEUTICALS, INC.",,1130166,False,False,False
CNP,CENTERPOINT ENERGY INC,,1130310,False,False,False
BKH,BLACK HILLS CORP /SD/,,1130464,False,False,False
TRAW,"ONCONOVA THERAPEUTICS, INC.",,1130598,False,False,False
BBBY,"BEYOND, INC.",,1130713,False,False,False
ZNOG,ZION OIL & GAS INC,,1131312,False,False,False
FCCN,SPECTRAL CAPITAL CORP,,1131903,False,False,False
SPWH,"SPORTSMAN'S WAREHOUSE HOLDINGS, INC.",,1132105,False,False,False
NNAX,NEW MOMENTUM CORP.,,1132509,False,False,False
ITUB,ITAU UNIBANCO HOLDING S.A.,,1132597,False,False,False
ATLO,AMES NATIONAL CORP,,1132651,False,False,False
CHT,CHUNGHWA TELECOM CO LTD,,1132924,False,False,False
JANL,JANEL CORP,,1133062,False,False,False
TZOO,TRAVELZOO,,1133311,False,False,False
GALT,GALECTIN THERAPEUTICS INC,,1133416,False,False,False
NOC,NORTHROP GRUMMAN CORP /DE/,,1133421,False,False,False
MCUJF,MEDICURE INC,,1133519,False,False,False
BPTH,"BIO-PATH HOLDINGS, INC.",,1133818,False,False,False
CAPR,"CAPRICOR THERAPEUTICS, INC.",,1133869,False,False,False
THM,INTERNATIONAL TOWER HILL MINES LTD,,1134115,False,False,False
CHUC,"CHARLIE'S HOLDINGS, INC.",,1134765,False,False,False
AAPI,"APPLE ISPORTS GROUP, INC.",,1134982,False,False,False
RDY,DR REDDYS LABORATORIES LTD,,1135951,False,False,False
ZBH,"ZIMMER BIOMET HOLDINGS, INC.",,1136869,False,False,False
FIS,"FIDELITY NATIONAL INFORMATION SERVICES, INC.",,1136893,False,False,False
PSIX,"POWER SOLUTIONS INTERNATIONAL, INC.",,1137091,False,False,False
PRU,PRUDENTIAL FINANCIAL INC,,1137774,False,False,False
STX,SEAGATE TECHNOLOGY HOLDINGS PLC,,1137789,False,False,False
BCLI,BRAINSTORM CELL THERAPEUTICS INC.,,1137883,False,False,False
CBRE,"CBRE GROUP, INC.",,1138118,False,False,False
PFHO,PACIFIC HEALTH CARE ORGANIZATION INC,,1138476,False,False,False
ARAY,ACCURAY INC,,1138723,False,False,False
HQI,"HIREQUEST, INC.",,1140102,False,False,False
REED,"REED'S, INC.",,1140215,False,False,False
WTW,WILLIS TOWERS WATSON PLC,,1140536,False,False,False
COR,"CENCORA, INC.",,1140859,False,False,False
PED,PEDEVCO CORP,,1141197,False,False,False
LQMT,LIQUIDMETAL TECHNOLOGIES INC,,1141240,False,False,False
ASNS,ACTELIS NETWORKS INC,,1141284,False,False,False
MA,MASTERCARD INC,,1141391,False,False,False
LARK,LANDMARK BANCORP INC,,1141688,False,False,False
PCMC,PUBLIC CO MANAGEMENT CORP,,1141964,False,False,False
NXST,"NEXSTAR MEDIA GROUP, INC.",,1142417,False,False,False
AMN,AMN HEALTHCARE SERVICES INC,,1142750,False,False,False
GLAD,GLADSTONE CAPITAL CORP,,1143513,False,False,False
MRPT,MACREPORT NET INC,,1143994,False,False,False
AYI,ACUITY BRANDS INC,,1144215,False,False,False
APLD,APPLIED DIGITAL CORP.,,1144879,False,False,False
ABG,ASBURY AUTOMOTIVE GROUP INC,,1144980,False,False,False
PODD,INSULET CORP,,1145197,False,False,False
HNNA,HENNESSY ADVISORS INC,,1145255,False,False,False
NIKA,"NIKA PHARMACEUTICALS, INC",,1145604,False,False,False
ASPN,ASPEN AEROGELS INC,,1145986,False,False,False
ELV,"ELEVANCE HEALTH, INC.",,1156039,False,False,False
AGIG,HOUSTON AMERICAN ENERGY CORP,,1156041,False,False,False
CME,CME GROUP INC.,,1156375,False,False,False
LRN,"STRIDE, INC.",,1157408,False,False,False
CIG,ENERGY CO OF MINAS GERAIS,,1157557,False,False,False
MDGL,"MADRIGAL PHARMACEUTICALS, INC.",,1157601,False,False,False
WNEB,"WESTERN NEW ENGLAND BANCORP, INC.",,1157647,False,False,False
AAOI,"APPLIED OPTOELECTRONICS, INC.",,1158114,False,False,False
SCOR,"COMSCORE, INC.",,1158172,False,False,False
CCOI,"COGENT COMMUNICATIONS HOLDINGS, INC.",,1158324,False,False,False
AAP,ADVANCE AUTO PARTS INC,,1158449,False,False,False
JBLU,JETBLUE AIRWAYS CORP,,1158463,False,False,False
PLUR,PLURI INC.,,1158780,False,False,False
LMAT,LEMAITRE VASCULAR INC,,1158895,False,False,False
HALO,"HALOZYME THERAPEUTICS, INC.",,1159036,False,False,False
JHX,JAMES HARDIE INDUSTRIES PLC,,1159152,False,False,False
SVRA,SAVARA INC,,1160308,False,False,False
BBD,BANK BRADESCO,,1160330,False,False,False
BCH,BANK OF CHILE,,1161125,False,False,False
MGEE,MGE ENERGY INC,,1161728,False,False,False
KIQSF,KELSO TECHNOLOGIES INC,,1161814,False,False,False
LAB,STANDARD BIOTOOLS INC.,,1162194,False,False,False
PROP,PRAIRIE OPERATING CO.,,1162896,False,False,False
COP,CONOCOPHILLIPS,,1163165,False,False,False
NRIM,NORTHRIM BANCORP INC,,1163370,False,False,False
NWPP,NEW PEOPLES BANKSHARES INC,,1163389,False,False,False
SDSYA,SOUTH DAKOTA SOYBEAN PROCESSORS LLC,,1163609,False,False,False
NMR,NOMURA HOLDINGS INC,,1163653,False,False,False
SPFI,"SOUTH PLAINS FINANCIAL, INC.",,1163668,False,False,False
NBR,NABORS INDUSTRIES LTD,,1163739,False,False,False
NEM,NEWMONT CORP /DE/,,1164727,False,False,False
NAK,NORTHERN DYNASTY MINERALS LTD,,1164771,False,False,False
NPO,ENPRO INC.,,1164863,False,False,False
WHG,WESTWOOD HOLDINGS GROUP INC,,1165002,False,False,False
XPO,"XPO, INC.",,1166003,False,False,False
TEN,TSAKOS ENERGY NAVIGATION LTD,,1166663,False,False,False
CMCSA,COMCAST CORP,,1166691,False,False,False
BWMG,"BROWNIE'S MARINE GROUP, INC",,1166708,False,False,False
WTBA,WEST BANCORPORATION INC,,1166928,False,False,False
RIOT,"RIOT PLATFORMS, INC.",,1167419,False,False,False
PLBC,PLUMAS BANCORP,,1168455,False,False,False
CVLT,COMMVAULT SYSTEMS INC,,1169561,False,False,False
BANC,"BANC OF CALIFORNIA, INC.",,1169770,False,False,False
KMX,CARMAX INC,,1170010,False,False,False
SBS,COMPANHIA DE SANEAMENTO BASICO DO ESTADO DE SAO PAULO-SABESP,,1170858,False,False,False
RLGT,"RADIANT LOGISTICS, INC",,1171155,False,False,False
EUBG,ENTREPRENEUR UNIVERSE BRIGHT GROUP,,1171326,False,False,False
NRP,NATURAL RESOURCE PARTNERS LP,,1171486,False,False,False
RRGB,RED ROBIN GOURMET BURGERS INC,,1171759,False,False,False
SAFT,SAFETY INSURANCE GROUP INC,,1172052,False,False,False
LBSR,LIBERTY STAR URANIUM & METALS CORP.,,1172178,False,False,False
DMLP,"DORCHESTER MINERALS, L.P.",,1172358,False,False,False
ABVC,"ABVC BIOPHARMA, INC.",,1173313,False,False,False
CAE,CAE INC,,1173382,False,False,False
NG,NOVAGOLD RESOURCES INC,,1173420,False,False,False
CEVA,CEVA INC,,1173489,False,False,False
HY,"HYSTER-YALE MATERIALS HANDLING, INC.",,1173514,False,False,False
NIC,NICOLET BANKSHARES INC,,1174850,False,False,False
GEDC,"CALETHOS, INC.",,1174891,False,False,False
WYNN,WYNN RESORTS LTD,,1174922,False,False,False
OGEN,ORAGENICS INC,,1174940,False,False,False
CTSO,CYTOSORBENTS CORP,,1175151,False,False,False
CPAY,"CORPAY, INC.",,1175454,False,False,False
CYDY,CYTODYN INC.,,1175680,False,False,False
ORMP,ORAMED PHARMACEUTICALS INC.,,1176309,False,False,False
MMLP,MARTIN MIDSTREAM PARTNERS L.P.,,1176334,False,False,False
ARES,ARES MANAGEMENT CORP,,1176948,False,False,False
SNX,TD SYNNEX CORP,,1177394,False,False,False
FIVE,"FIVE BELOW, INC",,1177609,False,False,False
ENTA,ENANTA PHARMACEUTICALS INC,,1177648,False,False,False
SAIA,SAIA INC,,1177702,False,False,False
SCYX,SCYNEXIS INC,,1178253,False,False,False
ALNY,"ALNYLAM PHARMACEUTICALS, INC.",,1178670,False,False,False
SONM,SONIM TECHNOLOGIES INC,,1178697,False,False,False
PFS,PROVIDENT FINANCIAL SERVICES INC,,1178970,False,False,False
MOH,"MOLINA HEALTHCARE, INC.",,1179929,False,False,False
HLF,HERBALIFE LTD.,,1180262,False,False,False
PRAA,PRA GROUP INC,,1185348,False,False,False
CELZ,"CREATIVE MEDICAL TECHNOLOGY HOLDINGS, INC.",,1187953,False,False,False
IVDN,INNOVATIVE DESIGNS INC,,1190370,False,False,False
GKOS,GLAUKOS CORP,,1192448,False,False,False
NEPH,NEPHROS INC,,1196298,False,False,False
CDXS,"CODEXIS, INC.",,1200375,False,False,False
APEI,AMERICAN PUBLIC EDUCATION INC,,1201792,False,False,False
VCNX,"VACCINEX, INC.",,1205922,False,False,False
SGI,"TEMPUR SEALY INTERNATIONAL, INC.",,1206264,False,False,False
FA,FIRST ADVANTAGE CORP,,1210677,False,False,False
STRR,"HUDSON GLOBAL, INC.",,1210708,False,False,False
FENC,FENNEC PHARMACEUTICALS INC.,,1211583,False,False,False
MYSZ,"MY SIZE, INC.",,1211805,False,False,False
WAL,WESTERN ALLIANCE BANCORPORATION,,1212545,False,False,False
CRDF,"CARDIFF ONCOLOGY, INC.",,1213037,False,False,False
DYAI,DYADIC INTERNATIONAL INC,,1213809,False,False,False
AXS,AXIS CAPITAL HOLDINGS LTD,,1214816,False,False,False
CDNA,"CAREDX, INC.",,1217234,False,False,False
BGDE,MAWSON INFRASTRUCTURE GROUP INC.,,1218683,False,False,False
CCK,"CROWN HOLDINGS, INC.",,1219601,False,False,False
CPAC,CEMENTOS PACASMAYO SAA,,1221029,False,False,False
GLD,SPDR GOLD TRUST,,1222333,False,False,False
MCHX,MARCHEX INC,,1224133,False,False,False
CNO,"CNO FINANCIAL GROUP, INC.",,1224608,False,False,False
MNOV,MEDICINOVA INC,,1226616,False,False,False
EQBK,EQUITY BANCSHARES INC,,1227500,False,False,False
STIM,"NEURONETICS, INC.",,1227636,False,False,False
CMP,COMPASS MINERALS INTERNATIONAL INC,,1227654,False,False,False
BCBP,BCB BANCORP INC,,1228454,False,False,False
IRD,"OCUPHIRE PHARMA, INC.",,1228627,False,False,False
KANP,KAANAPALI LAND LLC,,1230058,False,False,False
PIPR,PIPER SANDLER COMPANIES,,1230245,False,False,False
LEEN,"LEOPARD ENERGY, INC.",,1230524,False,False,False
GNLX,GENELUX CORP,,1231457,False,False,False
JAZZ,JAZZ PHARMACEUTICALS PLC,,1232524,False,False,False
AHT,ASHFORD HOSPITALITY TRUST INC,,1232582,False,False,False
GOOD,GLADSTONE COMMERCIAL CORP,,1234006,False,False,False
LQDT,LIQUIDITY SERVICES INC,,1235468,False,False,False
CVRX,"CVRX, INC.",,1235912,False,False,False
QXO,"SILVERSUN TECHNOLOGIES, INC.",,1236275,False,False,False
GMED,GLOBUS MEDICAL INC,,1237831,False,False,False
CBIO,GLYCOMIMETICS INC,,1253689,False,False,False
ABR,ARBOR REALTY TRUST INC,,1253986,False,False,False
KRO,KRONOS WORLDWIDE INC,,1257640,False,False,False
NNI,NELNET INC,,1258602,False,False,False
OXSQ,OXFORD SQUARE CAPITAL CORP.,,1259429,False,False,False
TDG,TRANSDIGM GROUP INC,,1260221,False,False,False
DOCU,"DOCUSIGN, INC.",,1261333,False,False,False
UTI,UNIVERSAL TECHNICAL INSTITUTE INC,,1261654,False,False,False
FTNT,"FORTINET, INC.",,1262039,False,False,False
LITS,"MEI PHARMA, INC.",,1262104,False,False,False
WLK,WESTLAKE CORP,,1262823,False,False,False
CMPR,CIMPRESS PLC,,1262976,False,False,False
SHG,SHINHAN FINANCIAL GROUP CO LTD,,1263043,False,False,False
COPR,IDAHO COPPER CORP,,1263364,False,False,False
WF,WOORI FINANCIAL GROUP INC.,,1264136,False,False,False
HTH,HILLTOP HOLDINGS INC.,,1265131,False,False,False
PMHS,TRUSTFEED CORP.,,1265521,False,False,False
VANI,"VIVANI MEDICAL, INC.",,1266806,False,False,False
AIZ,"ASSURANT, INC.",,1267238,False,False,False
AHL-PD,ASPEN INSURANCE HOLDINGS LTD,,1267395,False,False,False
COLL,"COLLEGIUM PHARMACEUTICAL, INC",,1267565,False,False,False
SINT,"SINTX TECHNOLOGIES, INC.",,1269026,False,False,False
TCOM,TRIP.COM GROUP LTD,,1269238,False,False,False
COHN,COHEN & CO INC.,,1270436,False,False,False
AIRG,AIRGAIN INC,,1272842,False,False,False
GTE,GRAN TIERRA ENERGY INC.,,1273441,False,False,False
ADAM,NEW YORK MORTGAGE TRUST INC,,1273685,False,False,False
AGO,ASSURED GUARANTY LTD,,1273813,False,False,False
FSLR,"FIRST SOLAR, INC.",,1274494,False,False,False
XGN,EXAGEN INC.,,1274737,False,False,False
UCTT,"ULTRA CLEAN HOLDINGS, INC.",,1275014,False,False,False
BOTJ,BANK OF THE JAMES FINANCIAL GROUP INC,,1275101,False,False,False
NDLS,NOODLES & CO,,1275158,False,False,False
FSBC,FIVE STAR BANCORP,,1275168,False,False,False
ANGO,ANGIODYNAMICS INC,,1275187,False,False,False
BMNM,"BIMINI CAPITAL MANAGEMENT, INC.",,1275477,False,False,False
ET,ENERGY TRANSFER LP,,1276187,False,False,False
GNW,GENWORTH FINANCIAL INC,,1276520,False,False,False
MVBF,MVB FINANCIAL CORP,,1277902,False,False,False
MKTX,MARKETAXESS HOLDINGS INC,,1278021,False,False,False
BGS,"B&G FOODS, INC.",,1278027,False,False,False
IAU,ISHARES GOLD TRUST,,1278680,False,False,False
MFIC,MIDCAP FINANCIAL INVESTMENT CORP,,1278752,False,False,False
ZDPY,"ZONED PROPERTIES, INC.",,1279620,False,False,False
CLRB,"CELLECTAR BIOSCIENCES, INC.",,1279704,False,False,False
IWSH,"WRIGHT INVESTORS SERVICE HOLDINGS, INC.",,1279715,False,False,False
BLKB,BLACKBAUD INC,,1280058,False,False,False
AMBA,AMBARELLA INC,,1280263,False,False,False
MPWR,MONOLITHIC POWER SYSTEMS INC,,1280452,False,False,False
IMUX,"IMMUNIC, INC.",,1280776,False,False,False
HTGC,"HERCULES CAPITAL, INC.",,1280784,False,False,False
RF,REGIONS FINANCIAL CORP,,1281761,False,False,False
RCKT,"ROCKET PHARMACEUTICALS, INC.",,1281895,False,False,False
DLPN,"DOLPHIN ENTERTAINMENT, INC.",,1282224,False,False,False
NLST,NETLIST INC,,1282631,False,False,False
NEU,NEWMARKET CORP,,1282637,False,False,False
BATL,BATTALION OIL CORP,,1282648,False,False,False
DROR,"DROR ORTHO-DESIGN, INC.",,1282980,False,False,False
TMUS,"T-MOBILE US, INC.",,1283699,False,False,False
CNS,"COHEN & STEERS, INC.",,1284812,False,False,False
CLPT,"CLEARPOINT NEURO, INC.",,1285550,False,False,False
MOS,MOSAIC CO,,1285785,False,False,False
OMER,OMEROS CORP,,1285819,False,False,False
KRG,KITE REALTY GROUP TRUST,,1286043,False,False,False
LZ,"LEGALZOOM.COM, INC.",,1286139,False,False,False
LINC,LINCOLN EDUCATIONAL SERVICES CORP,,1286613,False,False,False
DPZ,DOMINOS PIZZA INC,,1286681,False,False,False
USAS,AMERICAS GOLD & SILVER CORP,,1286973,False,False,False
PSEC,PROSPECT CAPITAL CORP,,1287032,False,False,False
MXCT,"MAXCYTE, INC.",,1287098,False,False,False
PLOW,"DOUGLAS DYNAMICS, INC",,1287213,False,False,False
ARCC,ARES CAPITAL CORP,,1287750,False,False,False
MPT,MEDICAL PROPERTIES TRUST INC,,1287865,False,False,False
WTI,W&T OFFSHORE INC,,1288403,False,False,False
MXL,"MAXLINEAR, INC",,1288469,False,False,False
XTGRF,XTRA-GOLD RESOURCES CORP,,1288770,False,False,False
FIVN,"FIVE9, INC.",,1288847,False,False,False
OPHC,"OPTIMUMBANK HOLDINGS, INC.",,1288855,False,False,False
ENS,ENERSYS,,1289308,False,False,False
STXS,"STEREOTAXIS, INC.",,1289340,False,False,False
MORN,"MORNINGSTAR, INC.",,1289419,False,False,False
TXRH,"TEXAS ROADHOUSE, INC.",,1289460,False,False,False
EXR,EXTRA SPACE STORAGE INC.,,1289490,False,False,False
HURN,HURON CONSULTING GROUP INC.,,1289848,False,False,False
SPOK,"SPOK HOLDINGS, INC",,1289945,False,False,False
LPL,"LG DISPLAY CO., LTD.",,1290109,False,False,False
TPB,"TURNING POINT BRANDS, INC.",,1290677,False,False,False
CVGI,"COMMERCIAL VEHICLE GROUP, INC.",,1290900,False,False,False
SPCB,SUPERCOM LTD,,1291855,False,False,False
CFOR,OPGEN INC,,1293818,False,False,False
INGN,INOGEN INC,,1294133,False,False,False
TBBK,"BANCORP, INC.",,1295401,False,False,False
MDWK,"MDWERKS, INC.",,1295514,False,False,False
SHO,"SUNSTONE HOTEL INVESTORS, INC.",,1295810,False,False,False
PBH,PRESTIGE CONSUMER HEALTHCARE INC.,,1295947,False,False,False
ORA,"ORMAT TECHNOLOGIES, INC.",,1296445,False,False,False
NCTY,THE9 LTD,,1296774,False,False,False
AMPH,"AMPHASTAR PHARMACEUTICALS, INC.",,1297184,False,False,False
KFFB,KENTUCKY FIRST FEDERAL BANCORP,,1297341,False,False,False
PRKA,"PARKS AMERICA, INC",,1297937,False,False,False
EXLS,"EXLSERVICE HOLDINGS, INC.",,1297989,False,False,False
DLR,"DIGITAL REALTY TRUST, INC.",,1297996,False,False,False
CUBE,CUBESMART,,1298675,False,False,False
DRH,DIAMONDROCK HOSPITALITY CO,,1298946,False,False,False
PACB,"PACIFIC BIOSCIENCES OF CALIFORNIA, INC.",,1299130,False,False,False
AX,"AXOS FINANCIAL, INC.",,1299709,False,False,False
CHCI,"COMSTOCK HOLDING COMPANIES, INC.",,1299969,False,False,False
LVS,LAS VEGAS SANDS CORP,,1300514,False,False,False
BXC,BLUELINX HOLDINGS INC.,,1301787,False,False,False
HLI,"HOULIHAN LOKEY, INC.",,1302215,False,False,False
BVFL,"BV FINANCIAL, INC.",,1302387,False,False,False
PBSV,"PHARMA-BIO SERV, INC.",,1304161,False,False,False
AHNRF,ATHENA GOLD CORP,,1304409,False,False,False
ATEX,ANTERIX INC.,,1304492,False,False,False
CE,CELANESE CORP,,1306830,False,False,False
LIQT,LIQTECH INTERNATIONAL INC,,1307579,False,False,False
IVT,INVENTRUST PROPERTIES CORP.,,1307748,False,False,False
HUN,HUNTSMAN CORP,,1307954,False,False,False
ULH,"UNIVERSAL LOGISTICS HOLDINGS, INC.",,1308208,False,False,False
DLB,"DOLBY LABORATORIES, INC.",,1308547,False,False,False
AG,FIRST MAJESTIC SILVER CORP,,1308648,False,False,False
CEIN,"CAMBER ENERGY, INC.",,1309082,False,False,False
WEX,WEX INC.,,1309108,False,False,False
GPRE,GREEN PLAINS INC.,,1309402,False,False,False
BFNH,"BIOFORCE NANOSCIENCES HOLDINGS, INC.",,1310488,False,False,False
CFOO,CHINA FOODS HOLDINGS LTD.,,1310630,False,False,False
LAZ,"LAZARD, INC.",,1311370,False,False,False
YTFD,"YALE TRANSACTION FINDERS, INC.",,1311673,False,False,False
GRVY,"GRAVITY CO., LTD.",,1313310,False,False,False
AVXL,ANAVEX LIFE SCIENCES CORP.,,1314052,False,False,False
EYPT,"EYEPOINT PHARMACEUTICALS, INC.",,1314102,False,False,False
OLB,"OLB GROUP, INC.",,1314196,False,False,False
SONO,SONOS INC,,1314727,False,False,False
RBLX,ROBLOX CORP,,1315098,False,False,False
KOP,KOPPERS HOLDINGS INC.,,1315257,False,False,False
PKBK,"PARKE BANCORP, INC.",,1315399,False,False,False
BLDR,"BUILDERS FIRSTSOURCE, INC.",,1316835,False,False,False
OFLX,"OMEGA FLEX, INC.",,1317945,False,False,False
ZUMZ,ZUMIEZ INC,,1318008,False,False,False
WCN,"WASTE CONNECTIONS, INC.",,1318220,False,False,False
MDEX,MADISON TECHNOLOGIES INC.,,1318268,False,False,False
KDOZF,KIDOZ INC.,,1318482,False,False,False
CTRN,CITI TRENDS INC,,1318484,False,False,False
TSLA,"TESLA, INC.",,1318605,False,False,False
DSX,DIANA SHIPPING INC.,,1318885,False,False,False
PBMLF,PACIFIC BOOKER MINERALS INC.,,1319150,False,False,False
WMG,WARNER MUSIC GROUP CORP.,,1319161,False,False,False
DBI,DESIGNER BRANDS INC.,,1319947,False,False,False
LNSR,"LENSAR, INC.",,1320350,False,False,False
CPS,COOPER-STANDARD HOLDINGS INC.,,1320461,False,False,False
TSSI,"TSS, INC.",,1320760,False,False,False
RAIL,"FREIGHTCAR AMERICA, INC.",,1320854,False,False,False
PLTR,PALANTIR TECHNOLOGIES INC.,,1321655,False,False,False
PEN,PENUMBRA INC,,1321732,False,False,False
GAIN,GLADSTONE INVESTMENT CORPORATIONDE,,1321741,False,False,False
QCLS,"MYMD PHARMACEUTICALS, INC.",,1321834,False,False,False
GLP,GLOBAL PARTNERS LP,,1323468,False,False,False
ATRC,"ATRICURE, INC.",,1323885,False,False,False
CF,"CF INDUSTRIES HOLDINGS, INC.",,1324404,False,False,False
EXPE,"EXPEDIA GROUP, INC.",,1324424,False,False,False
HGYN,HONG YUAN HOLDING GROUP,,1324759,False,False,False
RBC,RBC BEARINGS INC,,1324948,False,False,False
IRMD,IRADIMED CORP,,1325618,False,False,False
MX,MAGNACHIP SEMICONDUCTOR CORP,,1325702,False,False,False
LWLG,"LIGHTWAVE LOGIC, INC.",,1325964,False,False,False
IBRX,"IMMUNITYBIO, INC.",,1326110,False,False,False
DUK,DUKE ENERGY CORP,,1326160,False,False,False
ALT,"ALTIMMUNE, INC.",,1326190,False,False,False
GNK,GENCO SHIPPING & TRADING LTD,,1326200,False,False,False
IGC,"IGC PHARMA, INC.",,1326205,False,False,False
GME,GAMESTOP CORP.,,1326380,False,False,False
FEED,"NANOVIBRONIX, INC.",,1326706,False,False,False
XNCR,XENCOR INC,,1326732,False,False,False
META,"META PLATFORMS, INC.",,1326801,False,False,False
USO,"UNITED STATES OIL FUND, LP",,1327068,False,False,False
PANW,PALO ALTO NETWORKS INC,,1327567,False,False,False
MYFW,FIRST WESTERN FINANCIAL INC,,1327607,False,False,False
OOMA,OOMA INC,,1327688,False,False,False
WDAY,"WORKDAY, INC.",,1327811,False,False,False
ZARE,ARES REAL ESTATE INCOME TRUST INC.,,1327978,False,False,False
DBC,INVESCO DB COMMODITY INDEX TRACKING FUND,,1328237,False,False,False
BCC,BOISE CASCADE CO,,1328581,False,False,False
FXE,INVESCO CURRENCYSHARES EURO TRUST,,1328598,False,False,False
GASS,STEALTHGAS INC.,,1328919,False,False,False
SIMO,SILICON MOTION TECHNOLOGY CORP,,1329394,False,False,False
CETY,"CLEAN ENERGY TECHNOLOGIES, INC.",,1329606,False,False,False
SLV,ISHARES SILVER TRUST,,1330568,False,False,False
SDCO,"HALLMARK VENTURE GROUP, INC.",,1331421,False,False,False
HOMB,HOME BANCSHARES INC,,1331520,False,False,False
FNF,"FIDELITY NATIONAL FINANCIAL, INC.",,1331875,False,False,False
GSG,ISHARES S&P GSCI COMMODITY-INDEXED TRUST,,1332174,False,False,False
BKD,BROOKDALE SENIOR LIVING INC.,,1332349,False,False,False
ACR,ACRES COMMERCIAL REALTY CORP.,,1332551,False,False,False
MERC,MERCER INTERNATIONAL INC.,,1333274,False,False,False
EHTH,"EHEALTH, INC.",,1333493,False,False,False
LEDS,SEMILEDS CORP,,1333822,False,False,False
EQH,"EQUITABLE HOLDINGS, INC.",,1333986,False,False,False
CROX,"CROCS, INC.",,1334036,False,False,False
CODA,"CODA OCTOPUS GROUP, INC.",,1334325,False,False,False
UEC,URANIUM ENERGY CORP,,1334933,False,False,False
CCO,"CLEAR CHANNEL OUTDOOR HOLDINGS, INC.",,1334978,False,False,False
NMAD,"LIXTE BIOTECHNOLOGY HOLDINGS, INC.",,1335105,False,False,False
LYV,"LIVE NATION ENTERTAINMENT, INC.",,1335258,False,False,False
MFG,MIZUHO FINANCIAL GROUP INC,,1335730,False,False,False
UAA,"UNDER ARMOUR, INC.",,1336917,False,False,False
LDOS,"LEIDOS HOLDINGS, INC.",,1336920,False,False,False
INFU,"INFUSYSTEM HOLDINGS, INC",,1337013,False,False,False
MGYR,"MAGYAR BANCORP, INC.",,1337068,False,False,False
ITRN,ITURAN LOCATION & CONTROL LTD.,,1337117,False,False,False
FF,FUTUREFUEL CORP.,,1337298,False,False,False
AHRO,"AUTHENTIC HOLDINGS, INC.",,1338929,False,False,False
PERI,PERION NETWORK LTD.,,1338940,False,False,False
FEMY,FEMASYS INC,,1339005,False,False,False
LCGMF,LION COPPER & GOLD CORP.,,1339688,False,False,False
ATYR,ATYR PHARMA INC,,1339970,False,False,False
DRTTF,DIRTT ENVIRONMENTAL SOLUTIONS LTD,,1340476,False,False,False
SVM,SILVERCORP METALS INC,,1340677,False,False,False
ESEA,EUROSEAS LTD.,,1341170,False,False,False
ALDX,"ALDEYRA THERAPEUTICS, INC.",,1341235,False,False,False
BWB,BRIDGEWATER BANCSHARES INC,,1341317,False,False,False
ORCL,ORACLE CORP,,1341439,False,False,False
CELH,"CELSIUS HOLDINGS, INC.",,1341766,False,False,False
HIMX,"HIMAX TECHNOLOGIES, INC.",,1342338,False,False,False
LMNR,LIMONEIRA CO,,1342423,False,False,False
HNOI,"HNO INTERNATIONAL, INC.",,1342916,False,False,False
KUST,"DIGITAL ALLY, INC.",,1342958,False,False,False
CNBX,CNBX PHARMACEUTICALS INC.,,1343009,False,False,False
YELP,YELP INC,,1345016,False,False,False
CPA,"COPA HOLDINGS, S.A.",,1345105,False,False,False
CODI,COMPASS DIVERSIFIED HOLDINGS,,1345126,False,False,False
ENRT,ENERTOPIA CORP.,,1346022,False,False,False
SOS,SOS LTD,,1346610,False,False,False
TVRD,"CARA THERAPEUTICS, INC.",,1346830,False,False,False
GNTOF,GENTOR RESOURCES INC.,,1346917,False,False,False
VNDA,VANDA PHARMACEUTICALS INC.,,1347178,False,False,False
LIPO,LIPELLA PHARMACEUTICALS INC.,,1347242,False,False,False
BMA,MACRO BANK INC.,,1347426,False,False,False
PAC,PACIFIC AIRPORT GROUP,,1347557,False,False,False
XXII,"22ND CENTURY GROUP, INC.",,1347858,False,False,False
LEXX,LEXARIA BIOSCIENCE CORP.,,1348362,False,False,False
SD,SANDRIDGE ENERGY INC,,1349436,False,False,False
TOGI,"TURNONGREEN, INC.",,1349706,False,False,False
ASTI,"ASCENT SOLAR TECHNOLOGIES, INC.",,1350102,False,False,False
PAXH,PREAXIA HEALTH CARE PAYMENT SYSTEMS INC.,,1350156,False,False,False
MWA,"MUELLER WATER PRODUCTS, INC.",,1350593,False,False,False
ATEC,"ALPHATEC HOLDINGS, INC.",,1350653,False,False,False
SSTI,"SOUNDTHINKING, INC.",,1351636,False,False,False
EPAM,"EPAM SYSTEMS, INC.",,1352010,False,False,False
CNFN,CFN ENTERPRISES INC.,,1352952,False,False,False
FXB,INVESCO CURRENCYSHARES BRITISH POUND STERLING TRUST,,1353611,False,False,False
FXC,INVESCO CURRENCYSHARES CANADIAN DOLLAR TRUST,,1353612,False,False,False
FXY,INVESCO CURRENCYSHARES JAPANESE YEN TRUST,,1353613,False,False,False
FXA,INVESCO CURRENCYSHARES AUSTRALIAN DOLLAR TRUST,,1353614,False,False,False
FXF,INVESCO CURRENCYSHARES SWISS FRANC TRUST,,1353615,False,False,False
BYRN,BYRNA TECHNOLOGIES INC.,,1354866,False,False,False
EMBJ,EMBRAER S.A.,,1355444,False,False,False
AVCRF,AVRICORE HEALTH INC.,,1355736,False,False,False
ISCO,INTERNATIONAL STEM CELL CORP,,1355790,False,False,False
IPM,"PALTALK, INC.",,1355839,False,False,False
TOON,"KARTOON STUDIOS, INC.",,1355848,False,False,False
PGEN,"PRECIGEN, INC.",,1356090,False,False,False
CREX,"CREATIVE REALITIES, INC.",,1356093,False,False,False
NXDT,NEXPOINT DIVERSIFIED REAL ESTATE TRUST,,1356115,False,False,False
SUPN,"SUPERNUS PHARMACEUTICALS, INC.",,1356576,False,False,False
PALI,"PALISADE BIO, INC.",,1357459,False,False,False
KBR,"KBR, INC.",,1357615,False,False,False
DTIL,PRECISION BIOSCIENCES INC,,1357874,False,False,False
ESOA,ENERGY SERVICES OF AMERICA CORP,,1357971,False,False,False
ITP,"IT TECH PACKAGING, INC.",,1358190,False,False,False
SNBH,SENTIENT BRANDS HOLDINGS INC.,,1358633,False,False,False
TARA,"PROTARA THERAPEUTICS, INC.",,1359931,False,False,False
HROW,"HARROW, INC.",,1360214,False,False,False
DOGP,"CANNABIS SATIVA, INC.",,1360442,False,False,False
WFCF,"WHERE FOOD COMES FROM, INC.",,1360565,False,False,False
HR,HEALTHCARE REALTY TRUST INC,,1360604,False,False,False
EVR,EVERCORE INC.,,1360901,False,False,False
VRNS,VARONIS SYSTEMS INC,,1361113,False,False,False
PRIM,PRIMORIS SERVICES CORP,,1361538,False,False,False
TNL,TRAVEL & LEISURE CO.,,1361658,False,False,False
ICFI,"ICF INTERNATIONAL, INC.",,1362004,False,False,False
AEYE,AUDIOEYE INC,,1362190,False,False,False
ALGT,ALLEGIANT TRAVEL CO,,1362468,False,False,False
CLRI,"CLEARTRONIC, INC.",,1362516,False,False,False
AYR,AIRCASTLE LTD,,1362988,False,False,False
DEI,DOUGLAS EMMETT INC,,1364250,False,False,False
HRI,HERC HOLDINGS INC,,1364479,False,False,False
CHGG,"CHEGG, INC",,1364954,False,False,False
WU,WESTERN UNION CO,,1365135,False,False,False
ALLT,ALLOT LTD.,,1365767,False,False,False
GSAT,"GLOBALSTAR, INC.",,1366868,False,False,False
SNOA,"SONOMA PHARMACEUTICALS, INC.",,1367083,False,False,False
EBS,EMERGENT BIOSOLUTIONS INC.,,1367644,False,False,False
CZWI,CITIZENS COMMUNITY BANCORP INC.,,1367859,False,False,False
CLNE,CLEAN ENERGY FUELS CORP.,,1368265,False,False,False
SBH,"SALLY BEAUTY HOLDINGS, INC.",,1368458,False,False,False
ADMA,"ADMA BIOLOGICS, INC.",,1368514,False,False,False
AVAV,AEROVIRONMENT INC,,1368622,False,False,False
MYO,"MYOMO, INC.",,1369290,False,False,False
ANAB,"ANAPTYSBIO, INC",,1370053,False,False,False
WLDN,"WILLDAN GROUP, INC.",,1370450,False,False,False
ETSY,ETSY INC,,1370637,False,False,False
TCPC,BLACKROCK TCP CAPITAL CORP.,,1370755,False,False,False
OC,OWENS CORNING,,1370946,False,False,False
NEWH,"NEWHYDROGEN, INC.",,1371128,False,False,False
TRUP,"TRUPANION, INC.",,1371285,False,False,False
III,INFORMATION SERVICES GROUP INC.,,1371489,False,False,False
OCGN,"OCUGEN, INC.",,1372299,False,False,False
KPRX,KIORA PHARMACEUTICALS INC,,1372514,False,False,False
BOX,BOX INC,,1372612,False,False,False
BCIC,PORTMAN RIDGE FINANCE CORP,,1372807,False,False,False
GRBK,"GREEN BRICK PARTNERS, INC.",,1373670,False,False,False
NOW,"SERVICENOW, INC.",,1373715,False,False,False
CBOE,"CBOE GLOBAL MARKETS, INC.",,1374310,False,False,False
FTLF,"FITLIFE BRANDS, INC.",,1374328,False,False,False
PMN,PROMIS NEUROSCIENCES INC.,,1374339,False,False,False
LUVU,"LUVU BRANDS, INC.",,1374567,False,False,False
LRMR,"LARIMAR THERAPEUTICS, INC.",,1374690,False,False,False
URG,UR-ENERGY INC,,1375205,False,False,False
GLNS,GOLDEN STAR RESOURCE CORP.,,1375348,False,False,False
SMCI,"SUPER MICRO COMPUTER, INC.",,1375365,False,False,False
CSIQ,CANADIAN SOLAR INC.,,1375877,False,False,False
CVI,CVR ENERGY INC,,1376139,False,False,False
UNG,"UNITED STATES NATURAL GAS FUND, LP",,1376227,False,False,False
VPRB,"VPR BRANDS, LP.",,1376231,False,False,False
CNET,ZW DATA ACTION TECHNOLOGIES INC.,,1376321,False,False,False
MDXG,"MIMEDX GROUP, INC.",,1376339,False,False,False
CVAT,"CAVITATION TECHNOLOGIES, INC.",,1376793,False,False,False
RDCT,"VNUE, INC.",,1376804,False,False,False
TVE,TENNESSEE VALLEY AUTHORITY,,1376986,False,False,False
PTGX,"PROTAGONIST THERAPEUTICS, INC",,1377121,False,False,False
NCMI,"NATIONAL CINEMEDIA, INC.",,1377630,False,False,False
AVNW,"AVIAT NETWORKS, INC.",,1377789,False,False,False
SAR,SARATOGA INVESTMENT CORP.,,1377936,False,False,False
OMAB,CENTRAL NORTH AIRPORT GROUP,,1378239,False,False,False
BLIN,"BRIDGELINE DIGITAL, INC.",,1378590,False,False,False
PRTS,"CARPARTS.COM, INC.",,1378950,False,False,False
NNVC,"NANOVIRICIDES, INC.",,1379006,False,False,False
EIG,"EMPLOYERS HOLDINGS, INC.",,1379041,False,False,False
BBDC,"BARINGS BDC, INC.",,1379785,False,False,False
RPID,"RAPID MICRO BIOSYSTEMS, INC.",,1380106,False,False,False
IBKR,"INTERACTIVE BROKERS GROUP, INC.",,1381197,False,False,False
TFSL,TFS FINANCIAL CORP,,1381668,False,False,False
STRO,"SUTRO BIOPHARMA, INC.",,1382101,False,False,False
SCNX,"TRXADE HEALTH, INC",,1382574,False,False,False
DBP,INVESCO DB PRECIOUS METALS FUND,,1383057,False,False,False
DBO,INVESCO DB OIL FUND,,1383058,False,False,False
DBE,INVESCO DB ENERGY FUND,,1383062,False,False,False
DBA,INVESCO DB AGRICULTURE FUND,,1383082,False,False,False
DBB,INVESCO DB BASE METALS FUND,,1383084,False,False,False
UDN,INVESCO DB US DOLLAR INDEX BEARISH FUND,,1383149,False,False,False
BR,"BROADRIDGE FINANCIAL SOLUTIONS, INC.",,1383312,False,False,False
SQNS,SEQUANS COMMUNICATIONS,,1383395,False,False,False
PNNT,PENNANTPARK INVESTMENT CORP,,1383414,False,False,False
CQP,"CHENIERE ENERGY PARTNERS, L.P.",,1383650,False,False,False
VCYT,"VERACYTE, INC.",,1384101,False,False,False
REI,"RING ENERGY, INC.",,1384195,False,False,False
RNG,"RINGCENTRAL, INC.",,1384905,False,False,False
TEL,TE CONNECTIVITY LTD.,,1385157,False,False,False
CNK,"CINEMARK HOLDINGS, INC.",,1385280,False,False,False
GLRE,"GREENLIGHT CAPITAL RE, LTD.",,1385613,False,False,False
AYTU,"AYTU BIOPHARMA, INC",,1385818,False,False,False
UUUU,ENERGY FUELS INC,,1385849,False,False,False
TAAG,"FREEDOM HOLDINGS, INC.",,1386044,False,False,False
GDOT,GREEN DOT CORP,,1386278,False,False,False
RSSS,"RESEARCH SOLUTIONS, INC.",,1386301,False,False,False
NAGE,CHROMADEX CORP.,,1386570,False,False,False
AOSL,ALPHA & OMEGA SEMICONDUCTOR LTD,,1387467,False,False,False
ONEI,ONEMETA INC.,,1388295,False,False,False
ATNM,"ACTINIUM PHARMACEUTICALS, INC.",,1388320,False,False,False
IRTC,"IRHYTHM TECHNOLOGIES, INC.",,1388658,False,False,False
AROC,"ARCHROCK, INC.",,1389050,False,False,False
TRGP,TARGA RESOURCES CORP.,,1389170,False,False,False
SDEV,"NOVABAY PHARMACEUTICALS, INC.",,1389545,False,False,False
SLS,"SELLAS LIFE SCIENCES GROUP, INC.",,1390478,False,False,False
BNY,BANK OF NEW YORK MELLON CORP,,1390777,False,False,False
LIFD,LFTD PARTNERS INC.,,1391135,False,False,False
CLNV,CLEAN VISION CORP,,1391426,False,False,False
QNTO,QUAINT OAK BANCORP INC,,1391933,False,False,False
CCEC,CAPITAL PRODUCT PARTNERS L.P.,,1392326,False,False,False
GEVO,"GEVO, INC.",,1392380,False,False,False
GPLB,GREEN PLANET BIO ENGINEERING CO. LTD.,,1392449,False,False,False
SURG,"SURGEPAYS, INC.",,1392694,False,False,False
VEEV,VEEVA SYSTEMS INC,,1393052,False,False,False
PSA,PUBLIC STORAGE,,1393311,False,False,False
OCUL,"OCULAR THERAPEUTIX, INC",,1393434,False,False,False
AMWL,AMERICAN WELL CORP,,1393584,False,False,False
TIPT,TIPTREE INC.,,1393726,False,False,False
BUDZ,"WEED, INC.",,1393772,False,False,False
QIND,QUALITY INDUSTRIAL CORP.,,1393781,False,False,False
BX,BLACKSTONE INC.,,1393818,False,False,False
DHX,"DHI GROUP, INC.",,1393883,False,False,False
OSS,"ONE STOP SYSTEMS, INC.",,1394056,False,False,False
SUIC,SUIC WORLDWIDE HOLDINGS LTD.,,1394108,False,False,False
DWAY,"DRIVEITAWAY HOLDINGS, INC.",,1394638,False,False,False
ATS,ATS CORP /ATS,,1394832,False,False,False
TAK,TAKEDA PHARMACEUTICAL CO LTD,,1395064,False,False,False
EDN,EDENOR,,1395213,False,False,False
SNDX,SYNDAX PHARMACEUTICALS INC,,1395937,False,False,False
OPLN,"OPENLANE, INC.",,1395942,False,False,False
VMC,VULCAN MATERIALS CO,,1396009,False,False,False
MAIN,MAIN STREET CAPITAL CORP,,1396440,False,False,False
DUOT,"DUOS TECHNOLOGIES GROUP, INC.",,1396536,False,False,False
PCRX,"PACIRA BIOSCIENCES, INC.",,1396814,False,False,False
UGA,"UNITED STATES GASOLINE FUND, LP",,1396878,False,False,False
OPXS,OPTEX SYSTEMS HOLDINGS INC,,1397016,False,False,False
IVDA,"IVEDA SOLUTIONS, INC.",,1397183,False,False,False
LULU,LULULEMON ATHLETICA INC.,,1397187,False,False,False
LPLA,LPL FINANCIAL HOLDINGS INC.,,1397911,False,False,False
G,GENPACT LTD,,1398659,False,False,False
AQST,"AQUESTIVE THERAPEUTICS, INC.",,1398733,False,False,False
BEEM,BEAM GLOBAL,,1398805,False,False,False
STKS,"ONE GROUP HOSPITALITY, INC.",,1399520,False,False,False
SGMT,SAGIMET BIOSCIENCES INC.,,1400118,False,False,False
HCI,"HCI GROUP, INC.",,1400810,False,False,False
IHRT,"IHEARTMEDIA, INC.",,1400891,False,False,False
DMAC,DIAMEDICA THERAPEUTICS INC.,,1401040,False,False,False
FET,"FORUM ENERGY TECHNOLOGIES, INC.",,1401257,False,False,False
ACIC,AMERICAN COASTAL INSURANCE CORP,,1401521,False,False,False
PBYI,"PUMA BIOTECHNOLOGY, INC.",,1401667,False,False,False
SRGZ,STAR GOLD CORP.,,1401835,False,False,False
DARE,"DARE BIOSCIENCE, INC.",,1401914,False,False,False
CDW,CDW CORP,,1402057,False,False,False
SBFM,"SUNSHINE BIOPHARMA, INC",,1402328,False,False,False
SSNC,SS&C TECHNOLOGIES HOLDINGS INC,,1402436,False,False,False
ORN,ORION GROUP HOLDINGS INC,,1402829,False,False,False
V,VISA INC.,,1403161,False,False,False
BMRC,BANK OF MARIN BANCORP,,1403475,False,False,False
OAK-PA,"BROOKFIELD OAKTREE HOLDINGS, LLC",,1403528,False,False,False
ULTA,"ULTA BEAUTY, INC.",,1403568,False,False,False
ELDN,"ELEDON PHARMACEUTICALS, INC.",,1404281,False,False,False
NGNE,NEUROGENE INC.,,1404644,False,False,False
HUBS,HUBSPOT INC,,1404655,False,False,False
OMTK,OMNITEK ENGINEERING CORP,,1404804,False,False,False
KKR,KKR & CO. INC.,,1404912,False,False,False
IDCC,"INTERDIGITAL, INC.",,1405495,False,False,False
UNL,"UNITED STATES 12 MONTH NATURAL GAS FUND, LP",,1405513,False,False,False
USL,"UNITED STATES 12 MONTH OIL FUND, LP",,1405528,False,False,False
FOR,FORESTAR GROUP INC.,,1406587,False,False,False
CALX,"CALIX, INC",,1406666,False,False,False
BHLL,BUNKER HILL MINING CORP.,,1407583,False,False,False
SONX,"SONENDO, INC.",,1407973,False,False,False
GPK,GRAPHIC PACKAGING HOLDING CO,,1408075,False,False,False
SCYYF,SCANDIUM INTERNATIONAL MINING CORP.,,1408146,False,False,False
MSCI,MSCI INC.,,1408198,False,False,False
MIST,MILESTONE PHARMACEUTICALS INC.,,1408443,False,False,False
FGBI,"FIRST GUARANTY BANCSHARES, INC.",,1408534,False,False,False
FN,FABRINET,,1408710,False,False,False
TITN,TITAN MACHINERY INC.,,1409171,False,False,False
BSPK,"BESPOKE EXTRACTS, INC.",,1409197,False,False,False
OESX,"ORION ENERGY SYSTEMS, INC.",,1409375,False,False,False
CIM,CHIMERA INVESTMENT CORP,,1409493,False,False,False
HAPN,LENDINGCLUB CORP,,1409970,False,False,False
CRMD,CORMEDIX INC.,,1410098,False,False,False
QTWO,"Q2 HOLDINGS, INC.",,1410384,False,False,False
XWEL,"XWELL, INC.",,1410428,False,False,False
AWK,"AMERICAN WATER WORKS COMPANY, INC.",,1410636,False,False,False
VPLM,VOIP-PAL.COM INC,,1410738,False,False,False
CBIH,"CANNABIS BIOSCIENCE INTERNATIONAL HOLDINGS, INC.",,1411057,False,False,False
ALSN,ALLISON TRANSMISSION HOLDINGS INC,,1411207,False,False,False
EFC,ELLINGTON FINANCIAL INC.,,1411342,False,False,False
AMC,"AMC ENTERTAINMENT HOLDINGS, INC.",,1411579,False,False,False
VTGN,"VISTAGEN THERAPEUTICS, INC.",,1411685,False,False,False
BNGO,"BIONANO GENOMICS, INC.",,1411690,False,False,False
TROO,"TROOPS, INC. /CAYMAN ISLANDS/",,1412095,False,False,False
MHLA,"MAIDEN HOLDINGS, LTD.",,1412100,False,False,False
RMSL,REMSLEEP HOLDINGS INC.,,1412126,False,False,False
PHR,"PHREESIA, INC.",,1412408,False,False,False
COCP,"COCRYSTAL PHARMA, INC.",,1412486,False,False,False
KBLB,"KRAIG BIOCRAFT LABORATORIES, INC",,1413119,False,False,False
PM,PHILIP MORRIS INTERNATIONAL INC.,,1413329,False,False,False
NXPI,NXP SEMICONDUCTORS N.V.,,1413447,False,False,False
YDKG,AIRNET TECHNOLOGY INC.,,1413745,False,False,False
AIFU,FANHUA INC.,,1413855,False,False,False
HWNI,"HIGH WIRE NETWORKS, INC.",,1413891,False,False,False
CLEV,CONCRETE LEVELING SYSTEMS INC,,1414382,False,False,False
OCSL,OAKTREE SPECIALTY LENDING CORP,,1414932,False,False,False
MOJO,EQUATOR BEVERAGE CO,,1414953,False,False,False
AGQ,PROSHARES TRUST II,,1415311,False,False,False
LTUM,LITHIUM CORP,,1415332,False,False,False
RAPH,RAPHAEL PHARMACEUTICAL INC.,,1415397,False,False,False
ECHO,ECHOSTAR CORP,,1415404,False,False,False
NMEX,NORTHERN MINERALS & EXPLORATION LTD.,,1415744,False,False,False
NMM,NAVIOS MARITIME PARTNERS L.P.,,1415921,False,False,False
BSAI,INCEPTION MINING INC.,,1416090,False,False,False
BLPG,"BLUE LINE PROTECTION GROUP, INC.",,1416697,False,False,False
FCHS,"FIRST CHOICE HEALTHCARE SOLUTIONS, INC.",,1416876,False,False,False
SNWV,"SANUWAVE HEALTH, INC.",,1417663,False,False,False
IVF,"INVO BIOSCIENCE, INC.",,1417926,False,False,False
SLRC,SLR INVESTMENT CORP.,,1418076,False,False,False
APLE,"APPLE HOSPITALITY REIT, INC.",,1418121,False,False,False
KDP,KEURIG DR PEPPER INC.,,1418135,False,False,False
IRDM,IRIDIUM COMMUNICATIONS INC.,,1418819,False,False,False
FBRX,"FORTE BIOSCIENCES, INC.",,1419041,False,False,False
RTB,RYVYL INC.,,1419275,False,False,False
CBNK,CAPITAL BANCORP INC,,1419536,False,False,False
BBLG,BONE BIOLOGICS CORP,,1419554,False,False,False
SEDG,"SOLAREDGE TECHNOLOGIES, INC.",,1419612,False,False,False
OCLN,"ORIGINCLEAR, INC.",,1419793,False,False,False
REEMF,RARE ELEMENT RESOURCES LTD,,1419806,False,False,False
DTST,DATA STORAGE CORP,,1419951,False,False,False
DLTI,DLT RESOLUTION INC.,,1420368,False,False,False
ATOM,ATOMERA INC,,1420520,False,False,False
AACG,ATA CREATIVITY GLOBAL,,1420529,False,False,False
RNTX,"AILERON THERAPEUTICS, INC.",,1420565,False,False,False
IBIO,"IBIO, INC.",,1420720,False,False,False
ENOV,ENOVIS CORP,,1420800,False,False,False
IPI,"INTREPID POTASH, INC.",,1421461,False,False,False
ERII,"ENERGY RECOVERY, INC.",,1421517,False,False,False
WHWK,"AADI BIOSCIENCE, INC.",,1422142,False,False,False
KURA,"KURA ONCOLOGY, INC.",,1422143,False,False,False
FSK,FS KKR CAPITAL CORP,,1422183,False,False,False
SGLY,SINGULARITY FUTURE TECHNOLOGY LTD.,,1422892,False,False,False
PUBM,"PUBMATIC, INC.",,1422930,False,False,False
NX,QUANEX BUILDING PRODUCTS CORP,,1423221,False,False,False
AGNC,AGNC INVESTMENT CORP.,,1423689,False,False,False
PCB,PCB BANCORP,,1423869,False,False,False
WES,"WESTERN MIDSTREAM PARTNERS, LP",,1423902,False,False,False
BNL,"BROADSTONE NET LEASE, INC.",,1424182,False,False,False
CUEN,CUENTAS INC.,,1424657,False,False,False
VYCO,VYCOR MEDICAL INC,,1424768,False,False,False
RYES,RISE GOLD CORP.,,1424864,False,False,False
FOXF,FOX FACTORY HOLDING CORP,,1424929,False,False,False
IOVA,"IOVANCE BIOTHERAPEUTICS, INC.",,1425205,False,False,False
WKHS,WORKHORSE GROUP INC.,,1425287,False,False,False
UAN,"CVR PARTNERS, LP",,1425292,False,False,False
SUIG,"MILL CITY VENTURES III, LTD",,1425355,False,False,False
KIDS,ORTHOPEDIATRICS CORP,,1425450,False,False,False
SOBR,"SOBR SAFE, INC.",,1425627,False,False,False
ASMB,"ASSEMBLY BIOSCIENCES, INC.",,1426800,False,False,False
HIND,RESHAPE LIFESCIENCES INC.,,1427570,False,False,False
TLPH,"TALPHERA, INC.",,1427925,False,False,False
ARR,"ARMOUR RESIDENTIAL REIT, INC.",,1428205,False,False,False
HQY,"HEALTHEQUITY, INC.",,1428336,False,False,False
ROKU,"ROKU, INC",,1428439,False,False,False
FBIO,"FORTRESS BIOTECH, INC.",,1429260,False,False,False
TKLS,"TRUTANKLESS, INC.",,1429393,False,False,False
BLNK,BLINK CHARGING CO.,,1429764,False,False,False
GWSO,"GLOBAL WARMING SOLUTIONS, INC.",,1430300,False,False,False
TNXP,TONIX PHARMACEUTICALS HOLDING CORP.,,1430306,False,False,False
SFBS,"SERVISFIRST BANCSHARES, INC.",,1430723,False,False,False
OVLY,OAK VALLEY BANCORP,,1431567,False,False,False
KLTR,KALTURA INC,,1432133,False,False,False
AZUL,AZUL SA,,1432364,False,False,False
APPF,APPFOLIO INC,,1433195,False,False,False
AR,ANTERO RESOURCES CORP,,1433270,False,False,False
PLTYF,"PLASTEC TECHNOLOGIES, LTD.",,1433309,False,False,False
SGLA,SINO GREEN LAND CORP.,,1433551,False,False,False
NSPR,"INSPIREMD, INC.",,1433607,False,False,False
HLNE,HAMILTON LANE INC,,1433642,False,False,False
JBTM,JOHN BEAN TECHNOLOGIES CORP,,1433660,False,False,False
FATE,FATE THERAPEUTICS INC,,1434316,False,False,False
CLIR,CLEARSIGN TECHNOLOGIES CORP,,1434524,False,False,False
LOPE,"GRAND CANYON EDUCATION, INC.",,1434588,False,False,False
TMGI,"MARQUIE GROUP, INC.",,1434601,False,False,False
TREE,"LENDINGTREE, INC.",,1434621,False,False,False
ZVRA,"ZEVRA THERAPEUTICS, INC.",,1434647,False,False,False
GWRS,"GLOBAL WATER RESOURCES, INC.",,1434728,False,False,False
CETX,CEMTREX INC,,1435064,False,False,False
PWDY,"POWERDYNE INTERNATIONAL, INC.",,1435617,False,False,False
MG,"MISTRAS GROUP, INC.",,1436126,False,False,False
LEGH,LEGACY HOUSING CORP,,1436208,False,False,False
BTCS,BTCS INC.,,1436229,False,False,False
HBCP,"HOME BANCORP, INC.",,1436425,False,False,False
IVR,INVESCO MORTGAGE CAPITAL INC.,,1437071,False,False,False
WBD,"WARNER BROS. DISCOVERY, INC.",,1437107,False,False,False
MHH,"MASTECH DIGITAL, INC.",,1437226,False,False,False
RPMT,"REGO PAYMENT ARCHITECTURES, INC.",,1437283,False,False,False
ARDX,"ARDELYX, INC.",,1437402,False,False,False
ENBP,ENB FINANCIAL CORP,,1437479,False,False,False
CLOQ,"CYBERLOQ TECHNOLOGIES, INC.",,1437517,False,False,False
BFAM,BRIGHT HORIZONS FAMILY SOLUTIONS INC.,,1437578,False,False,False
TRXA,T-REX ACQUISITION CORP.,,1437750,False,False,False
CCB,COASTAL FINANCIAL CORP,,1437958,False,False,False
TNDM,TANDEM DIABETES CARE INC,,1438133,False,False,False
MRAM,EVERSPIN TECHNOLOGIES INC,,1438423,False,False,False
TVTX,"TRAVERE THERAPEUTICS, INC.",,1438533,False,False,False
GRFS,GRIFOLS SA,,1438569,False,False,False
RNGE,"RANGE IMPACT, INC.",,1438943,False,False,False
AXIA,BRAZILIAN ELECTRIC POWER CO,,1439124,False,False,False
AGIO,"AGIOS PHARMACEUTICALS, INC.",,1439222,False,False,False
MVNC,MARVION INC.,,1439264,False,False,False
ZWS,ZURN ELKAY WATER SOLUTIONS CORP,,1439288,False,False,False
BDSX,BIODESIX INC,,1439725,False,False,False
CLW,CLEARWATER PAPER CORP,,1441236,False,False,False
APPN,APPIAN CORP,,1441683,False,False,False
MDB,"MONGODB, INC.",,1441816,False,False,False
VRSK,"VERISK ANALYTICS, INC.",,1442145,False,False,False
QRHC,QUEST RESOURCE HOLDING CORP,,1442236,False,False,False
LRDC,"LAREDO OIL, INC.",,1442492,False,False,False
BAH,BOOZ ALLEN HAMILTON HOLDING CORP,,1443646,False,False,False
PRLB,PROTO LABS INC,,1443669,False,False,False
BICX,BIOCORRX INC.,,1443863,False,False,False
GRCE,ACASTI PHARMA INC.,,1444192,False,False,False
EC,ECOPETROL S.A.,,1444406,False,False,False
BRVO,BRAVO MULTINATIONAL INC.,,1444839,False,False,False
WK,WORKIVA INC,,1445305,False,False,False
AVPMF,AVRUPA MINERALS LTD.,,1445467,False,False,False
BIXT,"BIOXYTRAN, INC",,1445815,False,False,False
KB,KB FINANCIAL GROUP INC.,,1445930,False,False,False
TMRC,TEXAS MINERAL RESOURCES CORP.,,1445942,False,False,False
AGPU,PREDICTIVE ONCOLOGY INC.,,1446159,False,False,False
IRWD,IRONWOOD PHARMACEUTICALS INC,,1446847,False,False,False
ABUS,ARBUTUS BIOPHARMA CORP,,1447028,False,False,False
CSTL,CASTLE BIOSCIENCES INC,,1447362,False,False,False
MFON,MOBIVITY HOLDINGS CORP.,,1447380,False,False,False
TWLO,TWILIO INC,,1447669,False,False,False
RWDMU,REDWOOD MORTGAGE INVESTORS IX,,1448038,False,False,False
SHIP,SEANERGY MARITIME HOLDINGS CORP.,,1448397,False,False,False
OPRX,OPTIMIZERX CORP,,1448431,False,False,False
BASA,"BASANITE, INC.",,1448705,False,False,False
ESNT,ESSENT GROUP LTD.,,1448893,False,False,False
RDGL,VIVOS INC,,1449349,False,False,False
EMYB,"EMBASSY BANCORP, INC.",,1449794,False,False,False
VIVK,"VIVAKOR, INC.",,1450704,False,False,False
SIVR,ABRDN SILVER ETF TRUST,,1450922,False,False,False
SGOL,ABRDN GOLD ETF TRUST,,1450923,False,False,False
GMBL,"ESPORTS ENTERTAINMENT GROUP, INC.",,1451448,False,False,False
RIG,TRANSOCEAN LTD.,,1451505,False,False,False
SITM,SITIME CORP,,1451809,False,False,False
SEVN,SEVEN HILLS REALTY TRUST,,1452477,False,False,False
XTNT,"XTANT MEDICAL HOLDINGS, INC.",,1453593,False,False,False
RNAC,"CARTESIAN THERAPEUTICS, INC.",,1453687,False,False,False
GMER,"GOOD GAMING, INC.",,1454742,False,False,False
TEAD,OUTBRAIN INC.,,1454938,False,False,False
CGTX,COGNITION THERAPEUTICS INC,,1455365,False,False,False
COLD,AMERICOLD REALTY TRUST,,1455863,False,False,False
LEAT,LEATT CORP,,1456189,False,False,False
OPI,OFFICE PROPERTIES INCOME TRUST,,1456772,False,False,False
CHEV,CHARGING ROBOTICS INC.,,1459188,False,False,False
ALRM,"ALARM.COM HOLDINGS, INC.",,1459200,False,False,False
SIBN,"SI-BONE, INC.",,1459839,False,False,False
PALL,ABRDN PALLADIUM ETF TRUST,,1459862,False,False,False
PPLT,ABRDN PLATINUM ETF TRUST,,1460235,False,False,False
FLNT,"FLUENT, INC.",,1460329,False,False,False
AIXC,"QUALIGEN THERAPEUTICS, INC.",,1460702,False,False,False
BLZE,"BACKBLAZE, INC.",,1462056,False,False,False
LOB,"LIVE OAK BANCSHARES, INC.",,1462120,False,False,False
NIXX,"RECRUITER.COM GROUP, INC.",,1462223,False,False,False
ASPS,ALTISOURCE PORTFOLIO SOLUTIONS S.A.,,1462418,False,False,False
GRUSF,GROWN ROGUE INTERNATIONAL INC.,,1463000,False,False,False
ENPH,"ENPHASE ENERGY, INC.",,1463101,False,False,False
VUZI,VUZIX CORP,,1463972,False,False,False
BETRF,BETTERLIFE PHARMA INC.,,1464165,False,False,False
ATLCP,ATLANTICUS HOLDINGS CORP,,1464343,False,False,False
PMT,PENNYMAC MORTGAGE INVESTMENT TRUST,,1464423,False,False,False
RILY,"B. RILEY FINANCIAL, INC.",,1464790,False,False,False
STWD,"STARWOOD PROPERTY TRUST, INC.",,1465128,False,False,False
TWO,TWO HARBORS INVESTMENT CORP.,,1465740,False,False,False
MSBI,"MIDLAND STATES BANCORP, INC.",,1466026,False,False,False
IRT,"INDEPENDENCE REALTY TRUST, INC.",,1466085,False,False,False
TT,TRANE TECHNOLOGIES PLC,,1466258,False,False,False
OTTR,OTTER TAIL CORP,,1466593,False,False,False
ACN,ACCENTURE PLC,,1467373,False,False,False
DBX,"DROPBOX, INC.",,1467623,False,False,False
ARI,"APOLLO COMMERCIAL REAL ESTATE FINANCE, INC.",,1467760,False,False,False
FIEE,"MINIM, INC.",,1467761,False,False,False
GM,GENERAL MOTORS CO,,1467858,False,False,False
H,HYATT HOTELS CORP,,1468174,False,False,False
RENT,"RENT THE RUNWAY, INC.",,1468327,False,False,False
ADUS,ADDUS HOMECARE CORP,,1468328,False,False,False
KOD,KODIAK SCIENCES INC.,,1468748,False,False,False
NXGL,"NEXGEL, INC.",,1468929,False,False,False
RUN,SUNRUN INC.,,1469367,False,False,False
PAM,PAMPA ENERGY INC.,,1469395,False,False,False
RKDA,"ARCADIA BIOSCIENCES, INC.",,1469443,False,False,False
AEHL,ANTELOPE ENTERPRISE HOLDINGS LTD,,1470683,False,False,False
NWBI,"NORTHWEST BANCSHARES, INC.",,1471265,False,False,False
SRXH,BETTER CHOICE CO INC.,,1471727,False,False,False
GTCH,GBT TECHNOLOGIES INC.,,1471781,False,False,False
CANE,TEUCRIUM COMMODITY TRUST,,1471824,False,False,False
IMNM,IMMUNOME INC.,,1472012,False,False,False
CCM,CONCORD MEDICAL SERVICES HOLDINGS LTD,,1472072,False,False,False
PDSB,PDS BIOTECHNOLOGY CORP,,1472091,False,False,False
BNO,"UNITED STATES BRENT OIL FUND, LP",,1472494,False,False,False
FAF,FIRST AMERICAN FINANCIAL CORP,,1472787,False,False,False
XMAX,"NOVA LIFESTYLE, INC.",,1473334,False,False,False
GLAI,"GLOBAL AI, INC.",,1473490,False,False,False
PEB,PEBBLEBROOK HOTEL TRUST,,1474098,False,False,False
P,"PURE STORAGE, INC.",,1474432,False,False,False
NEGG,"NEWEGG COMMERCE, INC.",,1474627,False,False,False
GNRC,GENERAC HOLDINGS INC.,,1474735,False,False,False
BGSF,"BGSF, INC.",,1474903,False,False,False
NBHC,NATIONAL BANK HOLDINGS CORP,,1475841,False,False,False
PRI,"PRIMERICA, INC.",,1475922,False,False,False
MCB,METROPOLITAN BANK HOLDING CORP.,,1476034,False,False,False
CLDT,CHATHAM LODGING TRUST,,1476045,False,False,False
TRNO,TERRENO REALTY CORP,,1476150,False,False,False
PECO,"PHILLIPS EDISON & COMPANY, INC.",,1476204,False,False,False
GBDC,"GOLUB CAPITAL BDC, INC.",,1476765,False,False,False
EXFY,"EXPENSIFY, INC.",,1476840,False,False,False
CANN,TREES CORP (COLORADO),,1477009,False,False,False
KGEI,KOLIBRI GLOBAL ENERGY INC.,,1477081,False,False,False
ST,SENSATA TECHNOLOGIES HOLDING PLC,,1477294,False,False,False
NET,"CLOUDFLARE, INC.",,1477333,False,False,False
TDOC,"TELADOC HEALTH, INC.",,1477449,False,False,False
DQ,DAQO NEW ENERGY CORP.,,1477641,False,False,False
ASAN,"ASANA, INC.",,1477720,False,False,False
SG,"SWEETGREEN, INC.",,1477815,False,False,False
ANVS,"ANNOVIS BIO, INC.",,1477845,False,False,False
IQV,IQVIA HOLDINGS INC.,,1478242,False,False,False
ADPT,ADAPTIVE BIOTECHNOLOGIES CORP,,1478320,False,False,False
EBMT,"EAGLE BANCORP MONTANA, INC.",,1478454,False,False,False
STAG,"STAG INDUSTRIAL, INC.",,1479094,False,False,False
USCI,UNITED STATES COMMODITY INDEX FUNDS TRUST,,1479247,False,False,False
KALA,"KALA BIO, INC.",,1479419,False,False,False
NUTX,"NUTEX HEALTH, INC.",,1479681,False,False,False
HYSR,"SUNHYDROGEN, INC.",,1481028,False,False,False
TCRI,"TECHCOM, INC.",,1481443,False,False,False
XERI,"XERIANT, INC.",,1481504,False,False,False
JKS,"JINKOSOLAR HOLDING CO., LTD.",,1481513,False,False,False
RYZ,RYERSON HOLDING CORP,,1481582,False,False,False
QUAD,"QUAD/GRAPHICS, INC.",,1481792,False,False,False
KBSR,"KBS REAL ESTATE INVESTMENT TRUST III, INC.",,1482430,False,False,False
HPP,"HUDSON PACIFIC PROPERTIES, INC.",,1482512,False,False,False
BNC,CEA INDUSTRIES INC.,,1482541,False,False,False
HFUS,"HARTFORD CREATIVE GROUP, INC.",,1482554,False,False,False
COCO,"VITA COCO COMPANY, INC.",,1482981,False,False,False
GLTR,ABRDN PRECIOUS METALS BASKET ETF TRUST,,1483386,False,False,False
HTHT,H WORLD GROUP LTD,,1483994,False,False,False
OM,"OUTSET MEDICAL, INC.",,1484612,False,False,False
FUBO,FUBOTV INC. /FL,,1484769,False,False,False
TDUP,THREDUP INC.,,1484778,False,False,False
CHRD,CHORD ENERGY CORP,,1486159,False,False,False
BWXT,"BWX TECHNOLOGIES, INC.",,1486957,False,False,False
QWTR,"QUEST WATER GLOBAL, INC.",,1487091,False,False,False
BRFH,BARFRESH FOOD GROUP INC.,,1487197,False,False,False
HRZN,HORIZON TECHNOLOGY FINANCE CORP,,1487428,False,False,False
BLTH,"AMERICAN BATTERY MATERIALS, INC.",,1487718,False,False,False
OFS,OFS CAPITAL CORP,,1487918,False,False,False
VPG,"VISHAY PRECISION GROUP, INC.",,1487952,False,False,False
ATOS,"ATOSSA THERAPEUTICS, INC.",,1488039,False,False,False
AMRC,"AMERESCO, INC.",,1488139,False,False,False
CUBI,"CUSTOMERS BANCORP, INC.",,1488813,False,False,False
ELMD,"ELECTROMED, INC.",,1488917,False,False,False
ZLME,ZHANLING INTERNATIONAL LTD,,1489300,False,False,False
LYB,LYONDELLBASELL INDUSTRIES N.V.,,1489393,False,False,False
GGROU,GOLDEN GROWERS COOPERATIVE,,1489874,False,False,False
SOWG,SOW GOOD INC.,,1490161,False,False,False
GRPN,"GROUPON, INC.",,1490281,False,False,False
PFX,PHENIXFIN CORP,,1490349,False,False,False
CFFN,"CAPITOL FEDERAL FINANCIAL, INC.",,1490906,False,False,False
SDGR,"SCHRODINGER, INC.",,1490978,False,False,False
SBRA,"SABRA HEALTH CARE REIT, INC.",,1492298,False,False,False
KNX,KNIGHT-SWIFT TRANSPORTATION HOLDINGS INC.,,1492691,False,False,False
LCTC,"LIFELOC TECHNOLOGIES, INC",,1493137,False,False,False
MTSI,"MACOM TECHNOLOGY SOLUTIONS HOLDINGS, INC.",,1493594,False,False,False
STME,CELL MEDX CORP.,,1493712,False,False,False
TBCH,TURTLE BEACH CORP,,1493761,False,False,False
CARG,"CARGURUS, INC.",,1494259,False,False,False
TWOH,TWO HANDS CORP,,1494413,False,False,False
AMBO,AMBOW EDUCATION HOLDING LTD.,,1494558,False,False,False
BOC,BOSTON OMAHA CORP,,1494582,False,False,False
SRTS,"SENSUS HEALTHCARE, INC.",,1494891,False,False,False
GBLI,"GLOBAL INDEMNITY GROUP, LLC",,1494904,False,False,False
IZEA,"IZEA WORLDWIDE, INC.",,1495231,False,False,False
LAND,GLADSTONE LAND CORP,,1495240,False,False,False
VRA,"VERA BRADLEY, INC.",,1495320,False,False,False
SVVC,"FIRSTHAND TECHNOLOGY VALUE FUND, INC.",,1495584,False,False,False
AGNT,"EXP WORLD HOLDINGS, INC.",,1495932,False,False,False
NMFC,NEW MOUNTAIN FINANCE CORP,,1496099,False,False,False
PAYS,"PAYSIGN, INC.",,1496443,False,False,False
FYNN,"SMC ENTERTAINMENT, INC.",,1497230,False,False,False
VIVS,"ORGANOVO HOLDINGS, INC.",,1497253,False,False,False
INN,"SUMMIT HOTEL PROPERTIES, INC.",,1497645,False,False,False
GSTX,GRAPHENE & SOLAR TECHNOLOGIES LTD,,1497649,False,False,False
WD,"WALKER & DUNLOP, INC.",,1497770,False,False,False
AITX,ARTIFICIAL INTELLIGENCE TECHNOLOGY SOLUTIONS INC.,,1498148,False,False,False
IWAL,IWALLET CORP,,1498372,False,False,False
HURA,"KINTARA THERAPEUTICS, INC.",,1498382,False,False,False
CMRF,"CIM REAL ESTATE FINANCE TRUST, INC.",,1498547,False,False,False
RBB,RBB BANCORP,,1499422,False,False,False
DXF,DUNXIN FINANCIAL HOLDINGS LTD,,1499494,False,False,False
AGRO,ADECOAGRO S.A.,,1499505,False,False,False
NOAH,NOAH HOLDINGS LTD,,1499543,False,False,False
TAL,TAL EDUCATION GROUP,,1499620,False,False,False
TSQ,"TOWNSQUARE MEDIA, INC.",,1499832,False,False,False
BINI,MULLEN AUTOMOTIVE INC.,,1499961,False,False,False
NMTC,NEUROONE MEDICAL TECHNOLOGIES CORP,,1500198,False,False,False
AAT,"AMERICAN ASSETS TRUST, INC.",,1500217,False,False,False
HFBL,"HOME FEDERAL BANCORP, INC. OF LOUISIANA",,1500375,False,False,False
GPRO,"GOPRO, INC.",,1500435,False,False,False
HII,"HUNTINGTON INGALLS INDUSTRIES, INC.",,1501585,False,False,False
XFOR,"X4 PHARMACEUTICALS, INC",,1501697,False,False,False
AURA,"AURA BIOSCIENCES, INC.",,1501796,False,False,False
CTMX,"CYTOMX THERAPEUTICS, INC.",,1501989,False,False,False
PRHI,"CONIFER HOLDINGS, INC.",,1502292,False,False,False
CTGO,"CONTANGO ORE, INC.",,1502377,False,False,False
KPEA,KUN PENG INTERNATIONAL LTD.,,1502557,False,False,False
FUNI,"HYPHA LABS, INC.",,1502966,False,False,False
QTRX,QUANTERIX CORP,,1503274,False,False,False
WNHK,LIQUIDVALUE DEVELOPMENT INC.,,1503658,False,False,False
KPTI,KARYOPHARM THERAPEUTICS INC.,,1503802,False,False,False
BKU,"BANKUNITED, INC.",,1504008,False,False,False
NGL,NGL ENERGY PARTNERS LP,,1504461,False,False,False
PFLT,PENNANTPARK FLOATING RATE CAPITAL LTD.,,1504619,False,False,False
LOOP,"LOOP INDUSTRIES, INC.",,1504678,False,False,False
AVAL,GRUPO AVAL ACCIONES Y VALORES S.A.,,1504764,False,False,False
WRBY,WARBY PARKER INC.,,1504776,False,False,False
UPLD,"UPLAND SOFTWARE, INC.",,1505155,False,False,False
BRTX,"BIORESTORATIVE THERAPIES, INC.",,1505497,False,False,False
BWFG,"BANKWELL FINANCIAL GROUP, INC.",,1505732,False,False,False
DOMO,"DOMO, INC.",,1505952,False,False,False
CTXR,"CITIUS PHARMACEUTICALS, INC.",,1506251,False,False,False
PINS,"PINTEREST, INC.",,1506293,False,False,False
KMI,"KINDER MORGAN, INC.",,1506307,False,False,False
NUWE,"NUWELLIS, INC.",,1506492,False,False,False
VRDR,"VERDE RESOURCES, INC.",,1506929,False,False,False
GCTK,"GLUCOTRACK, INC.",,1506983,False,False,False
FND,"FLOOR & DECOR HOLDINGS, INC.",,1507079,False,False,False
MARA,"MARATHON DIGITAL HOLDINGS, INC.",,1507605,False,False,False
IPWR,IDEAL POWER INC.,,1507957,False,False,False
VNET,"VNET GROUP, INC.",,1508475,False,False,False
ARCO,ARCOS DORADOS HOLDINGS INC.,,1508478,False,False,False
TSLX,"SIXTH STREET SPECIALTY LENDING, INC.",,1508655,False,False,False
RZLT,"REZOLUTE, INC.",,1509261,False,False,False
NSLR,SURO CAPITAL CORP.,,1509470,False,False,False
FENG,PHOENIX NEW MEDIA LTD,,1509646,False,False,False
CYPH,"LEAP THERAPEUTICS, INC.",,1509745,False,False,False
NASC,CAN B CORP,,1509957,False,False,False
KOS,KOSMOS ENERGY LTD.,,1509991,False,False,False
MPC,MARATHON PETROLEUM CORP,,1510295,False,False,False
XNET,XUNLEI LTD,,1510593,False,False,False
CVSI,"CV SCIENCES, INC.",,1510964,False,False,False
RLJ,RLJ LODGING TRUST,,1511337,False,False,False
UI,UBIQUITI INC.,,1511737,False,False,False
NB,NIOCORP DEVELOPMENTS LTD,,1512228,False,False,False
LIND,"LINDBLAD EXPEDITIONS HOLDINGS, INC.",,1512499,False,False,False
XYZ,"BLOCK, INC.",,1512673,False,False,False
CHRS,"COHERUS BIOSCIENCES, INC.",,1512762,False,False,False
PETV,"PETVIVO HOLDINGS, INC.",,1512922,False,False,False
FDUS,FIDUS INVESTMENT CORP,,1513363,False,False,False
ADIL,"ADIAL PHARMACEUTICALS, INC.",,1513525,False,False,False
NCLH,NORWEGIAN CRUISE LINE HOLDINGS LTD.,,1513761,False,False,False
NBIS,YANDEX N.V.,,1513845,False,False,False
SILO,"SILO PHARMA, INC.",,1514183,False,False,False
MITT,"AG MORTGAGE INVESTMENT TRUST, INC.",,1514281,False,False,False
BAND,BANDWIDTH INC.,,1514416,False,False,False
AGSS,"AMERIGUARD SECURITY SERVICES, INC.",,1514443,False,False,False
FURY,FURY GOLD MINES LTD,,1514597,False,False,False
SXC,"SUNCOKE ENERGY, INC.",,1514705,False,False,False
AXIM,"AXIM BIOTECHNOLOGIES, INC.",,1514946,False,False,False
AMCX,AMC NETWORKS INC.,,1514991,False,False,False
WAST,"METAWORKS PLATFORMS, INC.",,1515139,False,False,False
ARQ,"ARQ, INC.",,1515156,False,False,False
MAGE,MAGELLAN GOLD CORP,,1515317,False,False,False
RARE,ULTRAGENYX PHARMACEUTICAL INC.,,1515673,False,False,False
DOCS,"DOXIMITY, INC.",,1516513,False,False,False
SKYE,"SKYE BIOSCIENCE, INC.",,1516551,False,False,False
OBK,"ORIGIN BANCORP, INC.",,1516912,False,False,False
AKBA,"AKEBIA THERAPEUTICS, INC.",,1517022,False,False,False
CHEF,"CHEFS' WAREHOUSE, INC.",,1517175,False,False,False
VISN,"COMMSCOPE HOLDING COMPANY, INC.",,1517228,False,False,False
APAM,ARTISAN PARTNERS ASSET MANAGEMENT INC.,,1517302,False,False,False
SPT,"SPROUT SOCIAL, INC.",,1517375,False,False,False
JFIL,"JUBILANT FLAME INTERNATIONAL, LTD",,1517389,False,False,False
SUPV,GRUPO SUPERVIELLE S.A.,,1517399,False,False,False
FSLY,"FASTLY, INC.",,1517413,False,False,False
SLAIY,BIT MINING LTD,,1517496,False,False,False
PPCB,"PROPANC BIOPHARMA, INC.",,1517681,False,False,False
AMPG,"AMPLITECH GROUP, INC.",,1518461,False,False,False
ORC,"ORCHID ISLAND CAPITAL, INC.",,1518621,False,False,False
MCHB,"HOMESTREET, INC.",,1518715,False,False,False
TSEOQ,TRINSEO PLC,,1519061,False,False,False
RM,REGIONAL MANAGEMENT CORP.,,1519401,False,False,False
SKWD,"SKYWARD SPECIALTY INSURANCE GROUP, INC.",,1519449,False,False,False
SMXT,"SOLARMAX TECHNOLOGY, INC.",,1519472,False,False,False
FBIN,"FORTUNE BRANDS INNOVATIONS, INC.",,1519751,False,False,False
MTDR,MATADOR RESOURCES CO,,1520006,False,False,False
MWAI,"INTEGRATED VENTURES, INC.",,1520118,False,False,False
ALKS,ALKERMES PLC.,,1520262,False,False,False
MAMA,"MAMA'S CREATIONS, INC.",,1520358,False,False,False
VLRS,"CONTROLADORA VUELA COMPANIA DE AVIACION, S.A.B. DE C.V.",,1520504,False,False,False
ACHC,"ACADIA HEALTHCARE COMPANY, INC.",,1520697,False,False,False
LNTH,"LANTHEUS HOLDINGS, INC.",,1521036,False,False,False
APTV,APTIV PLC,,1521332,False,False,False
FBIZ,"FIRST BUSINESS FINANCIAL SERVICES, INC.",,1521951,False,False,False
MQ,"MARQETA, INC.",,1522540,False,False,False
USAC,"USA COMPRESSION PARTNERS, LP",,1522727,False,False,False
MRMD,MARIMED INC.,,1522767,False,False,False
TLYS,"TILLY'S, INC.",,1524025,False,False,False
VAC,MARRIOTT VACATIONS WORLDWIDE CORP,,1524358,False,False,False
XYL,XYLEM INC.,,1524472,False,False,False
VTOL,BRISTOW GROUP INC.,,1525221,False,False,False
FSTJ,FIRST AMERICA RESOURCES CORP,,1525306,False,False,False
PLAY,"DAVE & BUSTER'S ENTERTAINMENT, INC.",,1525769,False,False,False
GNL,"GLOBAL NET LEASE, INC.",,1526113,False,False,False
VSTM,"VERASTEM, INC.",,1526119,False,False,False
GDS,GDS HOLDINGS LTD,,1526125,False,False,False
PPTA,PERPETUA RESOURCES CORP.,,1526243,False,False,False
TRIP,"TRIPADVISOR, INC.",,1526520,False,False,False
CG,CARLYLE GROUP INC.,,1527166,False,False,False
NXL,"NEXALIN TECHNOLOGY, INC.",,1527352,False,False,False
ATH-PA,ATHENE HOLDING LTD.,,1527469,False,False,False
WHLR,"WHEELER REAL ESTATE INVESTMENT TRUST, INC.",,1527541,False,False,False
RC,READY CAPITAL CORP,,1527590,False,False,False
SYBX,"SYNLOGIC, INC.",,1527599,False,False,False
CIMG,"NUZEE, INC.",,1527613,False,False,False
ATHM,AUTOHOME INC.,,1527636,False,False,False
IQST,IQSTEL INC,,1527702,False,False,False
LNAI,RENOVARO INC.,,1527728,False,False,False
PSNL,"PERSONALIS, INC.",,1527753,False,False,False
CD,MERCURITY FINTECH HOLDING INC.,,1527762,False,False,False
ANNX,"ANNEXON, INC.",,1528115,False,False,False
NPCE,NEUROPACE INC,,1528287,False,False,False
GNE,GENIE ENERGY LTD.,,1528356,False,False,False
GWRE,"GUIDEWIRE SOFTWARE, INC.",,1528396,False,False,False
RH,RH,,1528849,False,False,False
INRE,"INLAND REAL ESTATE INCOME TRUST, INC.",,1528985,False,False,False
XTIA,"XTI AEROSPACE, INC.",,1529113,False,False,False
VIPS,VIPSHOP HOLDINGS LTD,,1529192,False,False,False
ALKT,"ALKAMI TECHNOLOGY, INC.",,1529274,False,False,False
ACRE,ARES COMMERCIAL REAL ESTATE CORP,,1529377,False,False,False
SND,"SMART SAND, INC.",,1529628,False,False,False
ENVA,"ENOVA INTERNATIONAL, INC.",,1529864,False,False,False
ATVK,"AMERITEK VENTURES, INC.",,1530185,False,False,False
JOYY,JOYY INC.,,1530238,False,False,False
FSBW,"FS BANCORP, INC.",,1530249,False,False,False
ARRT,"ARTISAN CONSUMER GOODS, INC.",,1530425,False,False,False
CPRI,CAPRI HOLDINGS LTD,,1530721,False,False,False
KAYS,"KAYA HOLDINGS, INC.",,1530746,False,False,False
STEX,"BIOSIG TECHNOLOGIES, INC.",,1530766,False,False,False
TROX,TRONOX HOLDINGS PLC,,1530804,False,False,False
POST,"POST HOLDINGS, INC.",,1530950,False,False,False
HNST,"HONEST COMPANY, INC.",,1530979,False,False,False
ESQ,"ESQUIRE FINANCIAL HOLDINGS, INC.",,1531031,False,False,False
BJ,"BJ'S WHOLESALE CLUB HOLDINGS, INC.",,1531152,False,False,False
SGHT,"SIGHT SCIENCES, INC.",,1531177,False,False,False
NINE,"NINE ENERGY SERVICE, INC.",,1532286,False,False,False
VNJA,VANJIA CORP,,1532383,False,False,False
PW,POWER REIT,,1532619,False,False,False
PHIO,PHIO PHARMACEUTICALS CORP.,,1533040,False,False,False
XRN,GLOBAL MEDICAL REIT INC.,,1533615,False,False,False
PCSA,"PROCESSA PHARMACEUTICALS, INC.",,1533743,False,False,False
AMPY,AMPLIFY ENERGY CORP.,,1533924,False,False,False
DRIO,DARIOHEALTH CORP.,,1533998,False,False,False
AVTX,"AVALO THERAPEUTICS, INC.",,1534120,False,False,False
CALC,"CALCIMEDICA, INC.",,1534133,False,False,False
AUID,AUTHID INC.,,1534154,False,False,False
CION,CION INVESTMENT CORP,,1534254,False,False,False
PBF,PBF ENERGY INC.,,1534504,False,False,False
XBIO,"XENETIC BIOSCIENCES, INC.",,1534525,False,False,False
TGLS,TECNOGLASS INC.,,1534675,False,False,False
PSX,PHILLIPS 66,,1534701,False,False,False
BLNE,"EASTSIDE DISTILLING, INC.",,1534708,False,False,False
SERA,"SERA PROGNOSTICS, INC.",,1534969,False,False,False
CRWD,"CROWDSTRIKE HOLDINGS, INC.",,1535527,False,False,False
MSIF,"MSC INCOME FUND, INC.",,1535778,False,False,False
VOYA,"VOYA FINANCIAL, INC.",,1535929,False,False,False
LPCN,LIPOCINE INC.,,1535955,False,False,False
GOGO,GOGO INC.,,1537054,False,False,False
TGEN,TECOGEN INC.,,1537435,False,False,False
HTB,"HOMETRUST BANCSHARES, INC.",,1538263,False,False,False
IBTA,"IBOTTA, INC.",,1538379,False,False,False
ETST,"EARTH SCIENCE TECH, INC.",,1538495,False,False,False
OPRT,OPORTUN FINANCIAL CORP,,1538716,False,False,False
CAPL,CROSSAMERICA PARTNERS LP,,1538849,False,False,False
TFIN,"TRIUMPH FINANCIAL, INC.",,1539638,False,False,False
FANG,"DIAMONDBACK ENERGY, INC.",,1539838,False,False,False
STCB,"STARCO BRANDS, INC.",,1539850,False,False,False
EDSA,"EDESA BIOTECH, INC.",,1540159,False,False,False
ATLX,ATLAS LITHIUM CORP,,1540684,False,False,False
SFBC,"SOUND FINANCIAL BANCORP, INC.",,1541119,False,False,False
AKTX,AKARI THERAPEUTICS PLC,,1541157,False,False,False
ESRT,"EMPIRE STATE REALTY TRUST, INC.",,1541401,False,False,False
UBER,"UBER TECHNOLOGIES, INC",,1543151,False,False,False
TMQ,TRILOGY METALS INC.,,1543418,False,False,False
NUMD,"NU-MED PLUS, INC.",,1543637,False,False,False
FFLO,"FREE FLOW, INC.",,1543652,False,False,False
CGBD,"CARLYLE SECURED LENDING, INC.",,1544206,False,False,False
TPST,"TEMPEST THERAPEUTICS, INC.",,1544227,False,False,False
FRSH,FRESHWORKS INC.,,1544522,False,False,False
IPDN,"PROFESSIONAL DIVERSITY NETWORK, INC.",,1546296,False,False,False
JXG,JX LUXVENTURE LTD,,1546383,False,False,False
BLMN,"BLOOMIN' BRANDS, INC.",,1546417,False,False,False
OUNZ,VANECK MERK GOLD TRUST,,1546652,False,False,False
SKKY,"SKKYNET CLOUD SYSTEMS, INC.",,1546853,False,False,False
NGVC,"NATURAL GROCERS BY VITAMIN COTTAGE, INC.",,1547459,False,False,False
LFT,"LUMENT FINANCE TRUST, INC.",,1547546,False,False,False
NMIH,"NMI HOLDINGS, INC.",,1547903,False,False,False
CHRN,"EKSO BIONICS HOLDINGS, INC.",,1549084,False,False,False
BIOF,"BLUE BIOFUELS, INC.",,1549145,False,False,False
SSTK,"SHUTTERSTOCK, INC.",,1549346,False,False,False
NRIX,"NURIX THERAPEUTICS, INC.",,1549595,False,False,False
QURT,"QUARTA-RAD, INC.",,1549631,False,False,False
JD,"JD.COM, INC.",,1549802,False,False,False
SAMG,SILVERCREST ASSET MANAGEMENT GROUP INC.,,1549966,False,False,False
TRLC,TRILINC GLOBAL IMPACT FUND LLC,,1550453,False,False,False
MKZR,"MACKENZIE REALTY CAPITAL, INC.",,1550913,False,False,False
ABBV,ABBVIE INC.,,1551152,False,False,False
ETN,EATON CORP PLC,,1551182,False,False,False
PGNY,"PROGYNY, INC.",,1551306,False,False,False
SCM,STELLUS CAPITAL INVESTMENT CORP,,1551901,False,False,False
MPLX,MPLX LP,,1552000,False,False,False
TRU,TRANSUNION,,1552033,False,False,False
PLSH,"PANACEA LIFE SCIENCES HOLDINGS, INC.",,1552189,False,False,False
WHF,"WHITEHORSE FINANCE, INC.",,1552198,False,False,False
SUN,SUNOCO LP,,1552275,False,False,False
TAOP,TAOPING INC.,,1552670,False,False,False
DKL,"DELEK LOGISTICS PARTNERS, LP",,1552797,False,False,False
TTSH,"TILE SHOP HOLDINGS, INC.",,1552800,False,False,False
ESBA,"EMPIRE STATE REALTY OP, L.P.",,1553079,False,False,False
RLMD,"RELMADA THERAPEUTICS, INC.",,1553643,False,False,False
SBEV,"SPLASH BEVERAGE GROUP, INC.",,1553788,False,False,False
RDHL,REDHILL BIOPHARMA LTD.,,1553846,False,False,False
AUUD,AUDDIA INC.,,1554818,False,False,False
MASS,908 DEVICES INC.,,1555279,False,False,False
ZTS,ZOETIS INC.,,1555280,False,False,False
RITM,RITHM CAPITAL CORP.,,1556593,False,False,False
FNWB,FIRST NORTHWEST BANCORP,,1556727,False,False,False
THRY,"THRYV HOLDINGS, INC.",,1556739,False,False,False
MYCB,"MY CITY BUILDERS, INC.",,1556801,False,False,False
ZEOX,"ZEO SCIENTIFIX, INC.",,1557376,False,False,False
ACRS,"ACLARIS THERAPEUTICS, INC.",,1557746,False,False,False
CIIT,"TIANCI INTERNATIONAL, INC.",,1557798,False,False,False
ISPC,ISPECIMEN INC.,,1558569,False,False,False
WNLV,WINVEST GROUP LTD,,1558740,False,False,False
PRTA,PROTHENA CORP PUBLIC LTD CO,,1559053,False,False,False
TXO,"TXO PARTNERS, L.P.",,1559432,False,False,False
ABNB,"AIRBNB, INC.",,1559720,False,False,False
EVTC,"EVERTEC, INC.",,1559865,False,False,False
WYTC,WYTEC INTERNATIONAL INC,,1560143,False,False,False
ECOR,"ELECTROCORE, INC.",,1560258,False,False,False
TNON,"TENON MEDICAL, INC.",,1560293,False,False,False
RPD,"RAPID7, INC.",,1560327,False,False,False
FWONA,LIBERTY MEDIA CORP,,1560385,False,False,False
EARN,ELLINGTON CREDIT CO,,1560672,False,False,False
NHP,"HEALTHCARE TRUST, INC.",,1561032,False,False,False
DDOG,"DATADOG, INC.",,1561550,False,False,False
HASI,"HANNON ARMSTRONG SUSTAINABLE INFRASTRUCTURE CAPITAL, INC.",,1561894,False,False,False
TELA,"TELA BIO, INC.",,1561921,False,False,False
DUOL,"DUOLINGO, INC.",,1562088,False,False,False
CWGL,"CRIMSON WINE GROUP, LTD",,1562151,False,False,False
AMH,AMERICAN HOMES 4 RENT,,1562401,False,False,False
INBK,FIRST INTERNET BANCORP,,1562463,False,False,False
FBRT,"FRANKLIN BSP REALTY TRUST, INC.",,1562528,False,False,False
COMP,"COMPASS, INC.",,1563190,False,False,False
AZIO,"ENVIROTECH VEHICLES, INC.",,1563568,False,False,False
GRTX,"GALERA THERAPEUTICS, INC.",,1563577,False,False,False
HRGN,"HARVARD APPARATUS REGENERATIVE TECHNOLOGY, INC.",,1563665,False,False,False
TRVI,"TREVI THERAPEUTICS, INC.",,1563880,False,False,False
KNOP,KNOT OFFSHORE PARTNERS LP,,1564180,False,False,False
SNAP,SNAP INC,,1564408,False,False,False
NWSA,NEWS CORP,,1564708,False,False,False
PRKS,UNITED PARKS & RESORTS INC.,,1564902,False,False,False
VISL,"VISLINK TECHNOLOGIES, INC.",,1565228,False,False,False
INTA,"INTAPP, INC.",,1565687,False,False,False
YARW,VYNE THERAPEUTICS INC.,,1566044,False,False,False
TONX,"VERB TECHNOLOGY COMPANY, INC.",,1566610,False,False,False
LGMK,"LOGICMARK, INC.",,1566826,False,False,False
CNH,CNH INDUSTRIAL N.V.,,1567094,False,False,False
INTS,"INTENSITY THERAPEUTICS, INC.",,1567264,False,False,False
CWEN,"CLEARWAY ENERGY, INC.",,1567683,False,False,False
ALOY,BLACKBOXSTOCKS INC.,,1567900,False,False,False
PD,"PAGERDUTY, INC.",,1568100,False,False,False
BMTM,"BRIGHT MOUNTAIN MEDIA, INC.",,1568385,False,False,False
OSCR,"OSCAR HEALTH, INC.",,1568651,False,False,False
LOTT,"APPYEA, INC",,1568969,False,False,False
AHRT,"ARMADA HOFFLER PROPERTIES, INC.",,1569187,False,False,False
CLCS,"CELL SOURCE, INC.",,1569340,False,False,False
CXM,"SPRINKLR, INC.",,1569345,False,False,False
WSBF,"WATERSTONE FINANCIAL, INC.",,1569994,False,False,False
ANVI,"ANVI GLOBAL HOLDINGS, INC.",,1570132,False,False,False
EOLS,"EVOLUS, INC.",,1570562,False,False,False
LBTYA,LIBERTY GLOBAL LTD.,,1570585,False,False,False
VCTR,"VICTORY CAPITAL HOLDINGS, INC.",,1570827,False,False,False
GEBRF,GREENBRIAR SUSTAINABLE LIVING INC.,,1570843,False,False,False
SAIC,SCIENCE APPLICATIONS INTERNATIONAL CORP,,1571123,False,False,False
REXR,"REXFORD INDUSTRIAL REALTY, INC.",,1571283,False,False,False
CHMI,CHERRY HILL MORTGAGE INVESTMENT CORP,,1571776,False,False,False
TAOX,"SYNAPTOGENIX, INC.",,1571934,False,False,False
ICE,"INTERCONTINENTAL EXCHANGE, INC.",,1571949,False,False,False
DELL,DELL TECHNOLOGIES INC.,,1571996,False,False,False
VABK,VIRGINIA NATIONAL BANKSHARES CORP,,1572334,False,False,False
GUTS,"FRACTYL HEALTH, INC.",,1572616,False,False,False
GSBD,"GOLDMAN SACHS BDC, INC.",,1572694,False,False,False
REAL,"THEREALREAL, INC.",,1573221,False,False,False
MUSA,MURPHY USA INC.,,1573516,False,False,False
BHR,BRAEMAR HOTELS & RESORTS INC.,,1574085,False,False,False
RNXT,"RENOVORX, INC.",,1574094,False,False,False
FPH,"FIVE POINT HOLDINGS, LLC",,1574197,False,False,False
ADXN,ADDEX THERAPEUTICS LTD.,,1574232,False,False,False
PULM,"PULMATRIX, INC.",,1574235,False,False,False
BDPT,"BIOADAPTIVES, INC.",,1575142,False,False,False
SFM,"SPROUTS FARMERS MARKET, INC.",,1575515,False,False,False
WATT,ENERGOUS CORP,,1575793,False,False,False
PUBC,PUREBASE CORP,,1575858,False,False,False
GLPI,"GAMING & LEISURE PROPERTIES, INC.",,1575965,False,False,False
SPNT,SIRIUSPOINT LTD,,1576018,False,False,False
SENR,"STRATEGIC ENVIRONMENTAL & ENERGY RESOURCES, INC.",,1576197,False,False,False
GH,"GUARDANT HEALTH, INC.",,1576280,False,False,False
CRTO,CRITEO S.A.,,1576427,False,False,False
ABAT,AMERICAN BATTERY TECHNOLOGY CO,,1576873,False,False,False
ABOS,"ACUMEN PHARMACEUTICALS, INC.",,1576885,False,False,False
CCS,"CENTURY COMMUNITIES, INC.",,1576940,False,False,False
SFIX,"STITCH FIX, INC.",,1576942,False,False,False
ODYS,ODYSIGHT.AI INC.,,1577445,False,False,False
AI,"C3.AI, INC.",,1577526,False,False,False
BABA,ALIBABA GROUP HOLDING LTD,,1577552,False,False,False
LADR,LADDER CAPITAL CORP,,1577670,False,False,False
ICMB,"INVESTCORP CREDIT MANAGEMENT BDC, INC.",,1578348,False,False,False
DLNG,DYNAGAS LNG PARTNERS LP,,1578453,False,False,False
MMI,"MARCUS & MILLICHAP, INC.",,1578732,False,False,False
CART,MAPLEBEAR INC.,,1579091,False,False,False
VNCE,VINCE HOLDING CORP.,,1579157,False,False,False
ALLE,ALLEGION PLC,,1579241,False,False,False
BURL,"BURLINGTON STORES, INC.",,1579298,False,False,False
AXSM,"AXSOME THERAPEUTICS, INC.",,1579428,False,False,False
TDAY,"GANNETT CO., INC.",,1579684,False,False,False
VITL,"VITAL FARMS, INC.",,1579733,False,False,False
OUT,OUTFRONT MEDIA INC.,,1579877,False,False,False
BIVI,BIOVIE INC.,,1580149,False,False,False
RTON,"RIGHT ON BRANDS, INC.",,1580262,False,False,False
TPVG,TRIPLEPOINT VENTURE GROWTH BDC CORP.,,1580345,False,False,False
IONI,I-ON DIGITAL CORP.,,1580490,False,False,False
FLYW,FLYWIRE CORP,,1580560,False,False,False
LGIH,"LGI HOMES, INC.",,1580670,False,False,False
ATEN,"A10 NETWORKS, INC.",,1580808,False,False,False
VRM,"VROOM, INC.",,1580864,False,False,False
IBP,"INSTALLED BUILDING PRODUCTS, INC.",,1580905,False,False,False
BRX,BRIXMOR PROPERTY GROUP INC.,,1581068,False,False,False
RMAX,"RE/MAX HOLDINGS, INC.",,1581091,False,False,False
EPRX,EUPRAXIA PHARMACEUTICALS INC.,,1581178,False,False,False
TWST,TWIST BIOSCIENCE CORP,,1581280,False,False,False
LIF,"LIFE360, INC.",,1581760,False,False,False
PAGP,PLAINS GP HOLDINGS LP,,1581990,False,False,False
XENE,XENON PHARMACEUTICALS INC.,,1582313,False,False,False
MTNB,"MATINAS BIOPHARMA HOLDINGS, INC.",,1582554,False,False,False
DOCN,"DIGITALOCEAN HOLDINGS, INC.",,1582961,False,False,False
CCLD,"CARECLOUD, INC.",,1582982,False,False,False
TBPH,"THERAVANCE BIOPHARMA, INC.",,1583107,False,False,False
PVLA,"PIERIS PHARMACEUTICALS, INC.",,1583648,False,False,False
S,"SENTINELONE, INC.",,1583708,False,False,False
HEPA,"HEPION PHARMACEUTICALS, INC.",,1583771,False,False,False
OMF,"ONEMAIN HOLDINGS, INC.",,1584207,False,False,False
ICCM,ICECURE MEDICAL LTD.,,1584371,False,False,False
ARMK,ARAMARK,,1584509,False,False,False
VFF,"VILLAGE FARMS INTERNATIONAL, INC.",,1584549,False,False,False
SSGC,HEALTHCARE INTEGRATED TECHNOLOGIES INC.,,1584693,False,False,False
OXBR,OXBRIDGE RE HOLDINGS LTD,,1584831,False,False,False
HGIT,"HINES GLOBAL INCOME TRUST, INC.",,1585101,False,False,False
PRGO,PERRIGO CO PLC,,1585364,False,False,False
SMA,"SMARTSTOP SELF STORAGE REIT, INC.",,1585389,False,False,False
ZM,"ZOOM VIDEO COMMUNICATIONS, INC.",,1585521,False,False,False
JAGX,"JAGUAR HEALTH, INC.",,1585608,False,False,False
HLT,HILTON WORLDWIDE HOLDINGS INC.,,1585689,False,False,False
CBDY,TARGET GROUP INC.,,1586554,False,False,False
KN,KNOWLES CORP,,1587523,False,False,False
OGS,"ONE GAS, INC.",,1587732,False,False,False
NEWT,"NEWTEKONE, INC.",,1587987,False,False,False
ADMQ,"ADM ENDEAVORS, INC.",,1588014,False,False,False
TANH,TANTECH HOLDINGS LTD,,1588084,False,False,False
GBTC,GRAYSCALE BITCOIN TRUST (BTC),,1588489,False,False,False
PRCT,PROCEPT BIOROBOTICS CORP,,1588978,False,False,False
GYRO,"GYRODYNE, LLC",,1589061,False,False,False
GWAV,"GREENWAVE TECHNOLOGY SOLUTIONS, INC.",,1589149,False,False,False
RGBP,REGEN BIOPHARMA INC,,1589150,False,False,False
BLBD,BLUE BIRD CORP,,1589526,False,False,False
FTAI,FTAI AVIATION LTD.,,1590364,False,False,False
FCUV,FOCUS UNIVERSAL INC.,,1590418,False,False,False
QURE,UNIQURE N.V.,,1590560,False,False,False
CVEO,CIVEO CORP,,1590584,False,False,False
ESI,ELEMENT SOLUTIONS INC,,1590714,False,False,False
AREC,AMERICAN RESOURCES CORP,,1590715,False,False,False
CTRE,"CARETRUST REIT, INC.",,1590717,False,False,False
VRDN,"VIRIDIAN THERAPEUTICS, INC.DE",,1590750,False,False,False
RGNX,REGENXBIO INC.,,1590877,False,False,False
CZR,"CAESARS ENTERTAINMENT, INC.",,1590895,False,False,False
PAYC,"PAYCOM SOFTWARE, INC.",,1590955,False,False,False
MBUU,"MALIBU BOATS, INC.",,1590976,False,False,False
GOLD,"A-MARK PRECIOUS METALS, INC.",,1591588,False,False,False
FPI,FARMLAND PARTNERS INC.,,1591670,False,False,False
PCTY,PAYLOCITY HOLDING CORP,,1591698,False,False,False
FGNX,FUNDAMENTAL GLOBAL INC.,,1591890,False,False,False
IPSI,"INNOVATIVE PAYMENT SOLUTIONS, INC.",,1591913,False,False,False
ANY,SPHERE 3D CORP.,,1591956,False,False,False
VIRT,"VIRTU FINANCIAL, INC.",,1592386,False,False,False
VSA,TCTM KIDS IT EDUCATION INC.,,1592560,False,False,False
NGTF,"NIGHTFOOD HOLDINGS, INC.",,1593001,False,False,False
BRGX,"BIOREGENX, INC.",,1593184,False,False,False
HG,"HAMILTON INSURANCE GROUP, LTD.",,1593275,False,False,False
NAVI,NAVIENT CORP,,1593538,False,False,False
LIVG,"LIVENTO GROUP, INC.",,1593549,False,False,False
AVIR,"ATEA PHARMACEUTICALS, INC.",,1593899,False,False,False
RBTK,ZHEN DING RESOURCES INC.,,1594204,False,False,False
VEST,"VESTIAGE, INC.",,1594968,False,False,False
CRBP,"CORBUS PHARMACEUTICALS HOLDINGS, INC.",,1595097,False,False,False
GNPX,"GENPREX, INC.",,1595248,False,False,False
GLMD,GALMED PHARMACEUTICALS LTD.,,1595353,False,False,False
NYC,AMERICAN STRATEGIC INVESTMENT CO.,,1595527,False,False,False
WB,WEIBO CORP,,1595761,False,False,False
MGNI,"MAGNITE, INC.",,1595974,False,False,False
ANET,"ARISTA NETWORKS, INC.",,1596532,False,False,False
ENLV,ENLIVEX THERAPEUTICS LTD.,,1596812,False,False,False
RDNW,"RUMBLEON, INC.",,1596961,False,False,False
MC,MOELIS & CO,,1596967,False,False,False
LPG,DORIAN LPG LTD.,,1596993,False,False,False
SABR,SABRE CORP,,1597033,False,False,False
TOUR,TUNIU CORP,,1597095,False,False,False
RYAM,RAYONIER ADVANCED MATERIALS INC.,,1597672,False,False,False
CMCM,CHEETAH MOBILE INC.,,1597835,False,False,False
GRNQ,GREENPRO CAPITAL CORP.,,1597846,False,False,False
JRSS,JRSIS HEALTH CARE CORP,,1597892,False,False,False
MTUS,METALLUS INC.,,1598428,False,False,False
IPHA,INNATE PHARMA SA,,1598599,False,False,False
NERV,"MINERVA NEUROSCIENCES, INC.",,1598646,False,False,False
HRTG,"HERITAGE INSURANCE HOLDINGS, INC.",,1598665,False,False,False
SKYX,SKYX PLATFORMS CORP.,,1598981,False,False,False
MNTR,"MENTOR CAPITAL, INC.",,1599117,False,False,False
SMMT,SUMMIT THERAPEUTICS INC.,,1599298,False,False,False
LBRA,1847 HOLDINGS LLC,,1599407,False,False,False
DNOW,DNOW INC.,,1599617,False,False,False
ELF,"E.L.F. BEAUTY, INC.",,1600033,False,False,False
AUPH,AURINIA PHARMACEUTICALS INC.,,1600620,False,False,False
DIBS,"1STDIBS.COM, INC.",,1600641,False,False,False
KSCP,"KNIGHTSCOPE, INC.",,1600983,False,False,False
KEYS,"KEYSIGHT TECHNOLOGIES, INC.",,1601046,False,False,False
ELTX,"ELICIO THERAPEUTICS, INC.",,1601485,False,False,False
VVX,"V2X, INC.",,1601548,False,False,False
SYF,SYNCHRONY FINANCIAL,,1601712,False,False,False
RXRX,"RECURSION PHARMACEUTICALS, INC.",,1601830,False,False,False
CYTOF,ALTAMIRA THERAPEUTICS LTD.,,1601936,False,False,False
FNGR,"FINGERMOTION, INC.",,1602409,False,False,False
ISTR,INVESTAR HOLDING CORP,,1602658,False,False,False
ORIO,MOGO INC.,,1602842,False,False,False
XIFR,"NEXTERA ENERGY PARTNERS, LP",,1603145,False,False,False
CELC,CELCUITY INC.,,1603454,False,False,False
NRIS,"NORRIS INDUSTRIES, INC.",,1603793,False,False,False
WFRD,WEATHERFORD INTERNATIONAL PLC,,1603923,False,False,False
AQB,AQUABOUNTY TECHNOLOGIES INC,,1603978,False,False,False
WMS,"ADVANCED DRAINAGE SYSTEMS, INC.",,1604028,False,False,False
GRDX,"FIRST WAVE BIOPHARMA, INC.",,1604191,False,False,False
ATRA,"ATARA BIOTHERAPEUTICS, INC.",,1604464,False,False,False
CMBT,EURONAV NV,,1604481,False,False,False
WLKP,WESTLAKE CHEMICAL PARTNERS LP,,1604665,False,False,False
QRVO,"QORVO, INC.",,1604778,False,False,False
NTRA,"NATERA, INC.",,1604821,False,False,False
GRWG,GROWGENERATION CORP.,,1604868,False,False,False
VMNT,"VEMANTI GROUP, INC.",,1605057,False,False,False
CBFV,"CB FINANCIAL SERVICES, INC.",,1605301,False,False,False
AERA,AB INTERNATIONAL GROUP CORP.,,1605331,False,False,False
NGLD,NEVADA CANYON GOLD CORP.,,1605481,False,False,False
CIRC,"SEQLL, INC.",,1605888,False,False,False
LMB,"LIMBACH HOLDINGS, INC.",,1606163,False,False,False
LOCO,"EL POLLO LOCO HOLDINGS, INC.",,1606366,False,False,False
KE,"KIMBALL ELECTRONICS, INC.",,1606757,False,False,False
PANL,PANGAEA LOGISTICS SOLUTIONS LTD.,,1606909,False,False,False
VKTX,"VIKING THERAPEUTICS, INC.",,1607678,False,False,False
LFWD,REWALK ROBOTICS LTD.,,1607962,False,False,False
PBHC,"PATHFINDER BANCORP, INC.",,1609065,False,False,False
WEAV,"WEAVE COMMUNICATIONS, INC.",,1609151,False,False,False
CRC,CALIFORNIA RESOURCES CORP,,1609253,False,False,False
PTCO,PETROGAS CO,,1609258,False,False,False
INSP,"INSPIRE MEDICAL SYSTEMS, INC.",,1609550,False,False,False
GDDY,GODADDY INC.,,1609711,False,False,False
OEC,ORION S.A.,,1609804,False,False,False
MCRB,"SERES THERAPEUTICS, INC.",,1609809,False,False,False
BOOT,"BOOT BARN HOLDINGS, INC.",,1610250,False,False,False
MBAI,CHECK-CAP LTD,,1610590,False,False,False
MOMO,HELLO GROUP INC.,,1610601,False,False,False
ODRS,"OUTDOOR SPECIALTY PRODUCTS, INC.",,1610718,False,False,False
BCTX,BRIACELL THERAPEUTICS CORP.,,1610820,False,False,False
HSDT,"HELIUS MEDICAL TECHNOLOGIES, INC.",,1610853,False,False,False
BDRY,AMPLIFY COMMODITY TRUST,,1610940,False,False,False
PCOR,"PROCORE TECHNOLOGIES, INC.",,1611052,False,False,False
UE,URBAN EDGE PROPERTIES,,1611547,False,False,False
FRPT,"FRESHPET, INC.",,1611647,False,False,False
SPRC,SCISPARC LTD.,,1611746,False,False,False
SCNI,SCINAI IMMUNOTHERAPEUTICS LTD.,,1611747,False,False,False
LBRDA,LIBERTY BROADBAND CORP,,1611983,False,False,False
JYNT,JOINT CORP,,1612630,False,False,False
NEXT,NEXTDECADE CORP.,,1612720,False,False,False
MDT,MEDTRONIC PLC,,1613103,False,False,False
DBVT,DBV TECHNOLOGIES S.A.,,1613780,False,False,False
YEXT,"YEXT, INC.",,1614178,False,False,False
RPT,GREAT AJAX CORP.,,1614806,False,False,False
INSE,"INSPIRED ENTERTAINMENT, INC.",,1615063,False,False,False
VERI,"VERITONE, INC.",,1615165,False,False,False
DCOY,"SALARIUS PHARMACEUTICALS, INC.",,1615219,False,False,False
IFS,INTERCORP FINANCIAL SERVICES INC.,,1615903,False,False,False
XHR,"XENIA HOTELS & RESORTS, INC.",,1616000,False,False,False
WEWA,"WEWARDS, INC.",,1616156,False,False,False
RMCF,"ROCKY MOUNTAIN CHOCOLATE FACTORY, INC.",,1616262,False,False,False
PENG,"SMART GLOBAL HOLDINGS, INC.",,1616533,False,False,False
SENS,"SENSEONICS HOLDINGS, INC.",,1616543,False,False,False
W,WAYFAIR INC.,,1616707,False,False,False
GGBY,ALPHA INVESTMENT INC.,,1616736,False,False,False
AXTA,AXALTA COATING SYSTEMS LTD.,,1616862,False,False,False
KRNY,KEARNY FINANCIAL CORP.,,1617242,False,False,False
PK,PARK HOTELS & RESORTS INC.,,1617406,False,False,False
ZIP,"ZIPRECRUITER, INC.",,1617553,False,False,False
ZG,"ZILLOW GROUP, INC.",,1617640,False,False,False
AMIX,"AUTONOMIX MEDICAL, INC.",,1617867,False,False,False
GLDM,WORLD GOLD TRUST,,1618181,False,False,False
PFGC,PERFORMANCE FOOD GROUP CO,,1618673,False,False,False
NTNX,"NUTANIX, INC.",,1618732,False,False,False
QSP,RESTAURANT BRANDS INTERNATIONAL LIMITED PARTNERSHIP,,1618755,False,False,False
QSR,RESTAURANT BRANDS INTERNATIONAL INC.,,1618756,False,False,False
EVFM,"EVOFEM BIOSCIENCES, INC.",,1618835,False,False,False
SNTW,SUMMIT NETWORKS INC.,,1619096,False,False,False
CLOW,"CLOUDWEB, INC.",,1619227,False,False,False
LTSV,"LIGHTSTONE VALUE PLUS REIT IV, INC.",,1619312,False,False,False
JFU,9F INC.,,1619544,False,False,False
CRBU,"CARIBOU BIOSCIENCES, INC.",,1619856,False,False,False
NXRT,"NEXPOINT RESIDENTIAL TRUST, INC.",,1620393,False,False,False
JRVR,"JAMES RIVER GROUP HOLDINGS, LTD.",,1620459,False,False,False
LONA,"ATHIRA PHARMA, INC.",,1620463,False,False,False
SHAK,SHAKE SHACK INC.,,1620533,False,False,False
PHCI,PANAMERA HOLDINGS CORP,,1620749,False,False,False
ARTL,"ARTELO BIOSCIENCES, INC.",,1621221,False,False,False
ADAPY,ADAPTIMMUNE THERAPEUTICS PLC,,1621227,False,False,False
BSM,"BLACK STONE MINERALS, L.P.",,1621434,False,False,False
SLE,"SUPER LEAGUE ENTERPRISE, INC.",,1621672,False,False,False
AQMS,"AQUA METALS, INC.",,1621832,False,False,False
WSTRF,WESTERN URANIUM & VANADIUM CORP.,,1621906,False,False,False
DEA,"EASTERLY GOVERNMENT PROPERTIES, INC.",,1622194,False,False,False
COGT,"COGENT BIOSCIENCES, INC.",,1622229,False,False,False
OWPC,"ONE WORLD PRODUCTS, INC.",,1622244,False,False,False
POLA,"POLAR POWER, INC.",,1622345,False,False,False
STOK,"STOKE THERAPEUTICS, INC.",,1623526,False,False,False
AM,ANTERO MIDSTREAM CORP,,1623925,False,False,False
BFST,"BUSINESS FIRST BANCSHARES, INC.",,1624322,False,False,False
PAVM,PAVMED INC.,,1624326,False,False,False
BOXL,BOXLIGHT CORP,,1624512,False,False,False
FRQND,YUENGLINGS ICE CREAM CORP,,1624517,False,False,False
CSW,"CSW INDUSTRIALS, INC.",,1624794,False,False,False
SFCX,TRIBAL RIDES INTERNATIONAL CORP.,,1624985,False,False,False
PLSE,"PULSE BIOSCIENCES, INC.",,1625101,False,False,False
NRDS,"NERDWALLET, INC.",,1625278,False,False,False
BZUN,BAOZUN INC.,,1625414,False,False,False
LAW,"CS DISCO, INC.",,1625641,False,False,False
PJT,PJT PARTNERS INC.,,1626115,False,False,False
CMRC,"BIGCOMMERCE HOLDINGS, INC.",,1626450,False,False,False
ODYY,"ODYSSEY HEALTH, INC.",,1626644,False,False,False
FVTI,"FORTUNE VALLEY TREASURES, INC.",,1626745,False,False,False
XBIT,XBIOTECH INC.,,1626878,False,False,False
CRVS,"CORVUS PHARMACEUTICALS, INC.",,1626971,False,False,False
CC,CHEMOURS CO,,1627223,False,False,False
CLLS,CELLECTIS S.A.,,1627281,False,False,False
CWD,CALIBERCOS INC.,,1627282,False,False,False
UPWK,"UPWORK, INC",,1627475,False,False,False
SRG,SERITAGE GROWTH PROPERTIES,,1628063,False,False,False
RVMD,"REVOLUTION MEDICINES, INC.",,1628171,False,False,False
CWK,CUSHMAN & WAKEFIELD PLC,,1628369,False,False,False
EVH,"EVOLENT HEALTH, INC.",,1628908,False,False,False
MBIN,MERCHANTS BANCORP,,1629019,False,False,False
PZG,PARAMOUNT GOLD NEVADA CORP.,,1629210,False,False,False
BTCY,BIOTRICITY INC.,,1630113,False,False,False
HYEX,HEALTHY EXTRACTS INC.,,1630176,False,False,False
CHGA,AVALON GLOBOCARE CORP.,,1630212,False,False,False
TRTX,"TPG RE FINANCE TRUST, INC.",,1630472,False,False,False
TMCI,"TREACE MEDICAL CONCEPTS, INC.",,1630627,False,False,False
BW,"BABCOCK & WILCOX ENTERPRISES, INC.",,1630805,False,False,False
CLGN,COLLPLANT BIOTECHNOLOGIES LTD,,1631487,False,False,False
CHCT,COMMUNITY HEALTHCARE TRUST INC,,1631569,False,False,False
WVE,WAVE LIFE SCIENCES LTD.,,1631574,False,False,False
KREF,KKR REAL ESTATE FINANCE TRUST INC.,,1631596,False,False,False
YRD,YIREN DIGITAL LTD.,,1631761,False,False,False
BLNC,"BALANCE LABS, INC.",,1632121,False,False,False
CABO,"CABLE ONE, INC.",,1632127,False,False,False
ENR,"ENERGIZER HOLDINGS, INC.",,1632790,False,False,False
AHR,"AMERICAN HEALTHCARE REIT, INC.",,1632970,False,False,False
CCAP,"CRESCENT CAPITAL BDC, INC.",,1633336,False,False,False
PYPL,"PAYPAL HOLDINGS, INC.",,1633917,False,False,False
LITE,LUMENTUM HOLDINGS INC.,,1633978,False,False,False
ACON,"ACLARION, INC.",,1635077,False,False,False
ROIV,ROIVANT SCIENCES LTD.,,1635088,False,False,False
RMNI,"RIMINI STREET, INC.",,1635282,False,False,False
FLUT,FLUTTER ENTERTAINMENT PLC,,1635327,False,False,False
FUST,FUSE GROUP HOLDING INC.,,1636051,False,False,False
WING,WINGSTOP INC.,,1636222,False,False,False
SYRE,"SPYRE THERAPEUTICS, INC.",,1636282,False,False,False
HCAT,"HEALTH CATALYST, INC.",,1636422,False,False,False
MSGS,MADISON SQUARE GARDEN SPORTS CORP.,,1636519,False,False,False
OVID,OVID THERAPEUTICS INC.,,1636651,False,False,False
PLNT,"PLANET FITNESS, INC.",,1637207,False,False,False
KHC,KRAFT HEINZ CO,,1637459,False,False,False
OKUR,"RENEO PHARMACEUTICALS, INC.",,1637715,False,False,False
ACVA,ACV AUCTIONS INC.,,1637873,False,False,False
ENTX,ENTERA BIO LTD.,,1638097,False,False,False
MTVA,"NEUROBO PHARMACEUTICALS, INC.",,1638287,False,False,False
MCFT,"MASTERCRAFT BOAT HOLDINGS, INC.",,1638290,False,False,False
SGRY,"SURGERY PARTNERS, INC.",,1638833,False,False,False
DUKR,UAS DRONE CORP.,,1638911,False,False,False
HBUV,HUBILU VENTURE CORP,,1639068,False,False,False
OLLI,"OLLIE'S BARGAIN OUTLET HOLDINGS, INC.",,1639300,False,False,False
CAVA,"CAVA GROUP, INC.",,1639438,False,False,False
LIVN,LIVANOVA PLC,,1639691,False,False,False
PTON,"PELOTON INTERACTIVE, INC.",,1639825,False,False,False
GSM,FERROGLOBE PLC,,1639877,False,False,False
PXS,PYXIS TANKERS INC.,,1640043,False,False,False
SNOW,SNOWFLAKE INC.,,1640147,False,False,False
VYGR,"VOYAGER THERAPEUTICS, INC.",,1640266,False,False,False
PWCM,"LM FUNDING AMERICA, INC.",,1640384,False,False,False
EVER,"EVERQUOTE, INC.",,1640428,False,False,False
FFMGF,FIRST MINING GOLD CORP.,,1641229,False,False,False
BOLT,"BOLT BIOTHERAPEUTICS, INC.",,1641281,False,False,False
GDC,GD CULTURE GROUP LTD,,1641398,False,False,False
VTVT,VTV THERAPEUTICS INC.,,1641489,False,False,False
RVRF,RIVER FINANCIAL CORP,,1641601,False,False,False
PMTS,CPI CARD GROUP INC.,,1641614,False,False,False
XAIR,"BEYOND AIR, INC.",,1641631,False,False,False
ACGP,"ASSOCIATED CAPITAL GROUP, INC.",,1642122,False,False,False
SIGY,"SIGYN THERAPEUTICS, INC.",,1642159,False,False,False
IMDX,ONCOCYTE CORP,,1642380,False,False,False
IOT,SAMSARA INC.,,1642896,False,False,False
ITHUF,"IANTHUS CAPITAL HOLDINGS, INC.",,1643154,False,False,False
ONT,"MONTROSE ENVIRONMENTAL GROUP, INC.",,1643615,False,False,False
BDRX,BIODEXA PHARMACEUTICALS PLC,,1643918,False,False,False
PRPL,"PURPLE INNOVATION, INC.",,1643953,False,False,False
RMR,RMR GROUP INC.,,1644378,False,False,False
YCBD,"CBDMD, INC.",,1644903,False,False,False
ATXI,"AVENUE THERAPEUTICS, INC.",,1644963,False,False,False
NVCR,NOVOCURE LTD,,1645113,False,False,False
WBSR,WEBSTAR TECHNOLOGY GROUP INC.,,1645155,False,False,False
CUE,"CUE BIOPHARMA, INC.",,1645460,False,False,False
MNPR,MONOPAR THERAPEUTICS,,1645469,False,False,False
HPE,HEWLETT PACKARD ENTERPRISE CO,,1645590,False,False,False
MDV,"MODIV INDUSTRIAL, INC.",,1645873,False,False,False
ONDS,ONDAS HOLDINGS INC.,,1646188,False,False,False
ACI,"ALBERTSONS COMPANIES, INC.",,1646972,False,False,False
WSC,WILLSCOT MOBILE MINI HOLDINGS CORP.,,1647088,False,False,False
UPST,"UPSTART HOLDINGS, INC.",,1647639,False,False,False
AREB,AMERICAN REBEL HOLDINGS INC,,1648087,False,False,False
TRLEF,TRILLION ENERGY INTERNATIONAL INC.,,1648636,False,False,False
MYSE,"DATCHAT, INC.",,1648960,False,False,False
CHAI,SIYATA MOBILE INC.,,1649009,False,False,False
PCVX,"VAXCYTE, INC.",,1649094,False,False,False
CLPR,CLIPPER REALTY INC.,,1649096,False,False,False
BAFN,BAYFIRST FINANCIAL CORP.,,1649739,False,False,False
DLTH,DULUTH HOLDINGS INC.,,1649744,False,False,False
FBK,FB FINANCIAL CORP,,1649749,False,False,False
RYTM,"RHYTHM PHARMACEUTICALS, INC.",,1649904,False,False,False
OTLK,"OUTLOOK THERAPEUTICS, INC.",,1649989,False,False,False
FCPT,"FOUR CORNERS PROPERTY TRUST, INC.",,1650132,False,False,False
TOST,"TOAST, INC.",,1650164,False,False,False
TEAM,ATLASSIAN CORP,,1650372,False,False,False
BRQSF,"BORQS TECHNOLOGIES, INC.",,1650575,False,False,False
FDMT,"4D MOLECULAR THERAPEUTICS, INC.",,1650648,False,False,False
EDIT,"EDITAS MEDICINE, INC.",,1650664,False,False,False
LSF,"LAIRD SUPERFOOD, INC.",,1650696,False,False,False
SITE,"SITEONE LANDSCAPE SUPPLY, INC.",,1650729,False,False,False
ONC,"BEIGENE, LTD.",,1651308,False,False,False
COUR,"COURSERA, INC.",,1651562,False,False,False
GIPR,"GENERATION INCOME PROPERTIES, INC.",,1651721,False,False,False
XITO,"XENOUS HOLDINGS, INC.",,1651932,False,False,False
ASFT,"APPSOFT TECHNOLOGIES, INC.",,1651992,False,False,False
GOOGL,ALPHABET INC.,,1652044,False,False,False
NTLA,"INTELLIA THERAPEUTICS, INC.",,1652130,False,False,False
ICHR,"ICHOR HOLDINGS, LTD.",,1652535,False,False,False
SNRG,SUSGLOBAL ENERGY CORP.,,1652539,False,False,False
DQWS,DSWISS INC,,1652561,False,False,False
EDGM,"EDGEMODE, INC.",,1652958,False,False,False
ALEC,"ALECTOR, INC.",,1653087,False,False,False
RWAY,RUNWAY GROWTH FINANCE CORP.,,1653384,False,False,False
NGVT,INGEVITY CORP,,1653477,False,False,False
GTLB,GITLAB INC.,,1653482,False,False,False
PRTH,"PRIORITY TECHNOLOGY HOLDINGS, INC.",,1653558,False,False,False
RRR,"RED ROCK RESORTS, INC.",,1653653,False,False,False
BIRD,"ALLBIRDS, INC.",,1653909,False,False,False
MDRR,"MEDALIST DIVERSIFIED REIT, INC.",,1654595,False,False,False
BCSF,"BAIN CAPITAL SPECIALTY FINANCE, INC.",,1655050,False,False,False
BYND,"BEYOND MEAT, INC.",,1655210,False,False,False
ARVN,"ARVINAS, INC.",,1655759,False,False,False
OBDC,BLUE OWL CAPITAL CORP,,1655888,False,False,False
CRON,CRONOS GROUP INC.,,1656472,False,False,False
ILAL,INTERNATIONAL LAND ALLIANCE INC.,,1657214,False,False,False
XMTR,"XOMETRY, INC.",,1657573,False,False,False
SLBK,"SKYLINE BANKSHARES, INC.",,1657642,False,False,False
KRP,"KIMBELL ROYALTY PARTNERS, LP",,1657788,False,False,False
HTZ,"HERTZ GLOBAL HOLDINGS, INC",,1657853,False,False,False
CRNX,"CRINETICS PHARMACEUTICALS, INC.",,1658247,False,False,False
AMLX,"AMYLYX PHARMACEUTICALS, INC.",,1658551,False,False,False
PR,PERMIAN RESOURCES CORP,,1658566,False,False,False
FTV,FORTIVE CORP,,1659166,False,False,False
COE,51TALK ONLINE EDUCATION GROUP,,1659494,False,False,False
MBRX,"MOLECULIN BIOTECH, INC.",,1659617,False,False,False
ENIC,ENEL CHILE S.A.,,1659939,False,False,False
OKTA,"OKTA, INC.",,1660134,False,False,False
TENB,"TENABLE HOLDINGS, INC.",,1660280,False,False,False
VRCA,VERRICA PHARMACEUTICALS INC.,,1660334,False,False,False
TRTN-PA,TRITON INTERNATIONAL LTD,,1660734,False,False,False
NVNO,ENVVENO MEDICAL CORP,,1661053,False,False,False
NXTC,"NEXTCURE, INC.",,1661059,False,False,False
ORGO,ORGANOGENESIS HOLDINGS INC.,,1661181,False,False,False
SATT,SATIVUS TECH CORP.,,1661600,False,False,False
QTTB,Q32 BIO INC.,,1661998,False,False,False
CCCC,"C4 THERAPEUTICS, INC.",,1662579,False,False,False
KULR,"KULR TECHNOLOGY GROUP, INC.",,1662684,False,False,False
QNCX,"QUINCE THERAPEUTICS, INC.",,1662774,False,False,False
BSTT,"BLACKSTONE REAL ESTATE INCOME TRUST, INC.",,1662972,False,False,False
SEZL,SEZZLE INC.,,1662991,False,False,False
BE,BLOOM ENERGY CORP,,1664703,False,False,False
KROS,"KEROS THERAPEUTICS, INC.",,1664710,False,False,False
PHUN,"PHUNWARE, INC.",,1665300,False,False,False
USFD,US FOODS HOLDING CORP.,,1665918,False,False,False
BVS,BIOVENTUS INC.,,1665988,False,False,False
CDLX,"CARDLYTICS, INC.",,1666071,False,False,False
BL,"BLACKLINE, INC.",,1666134,False,False,False
ATKR,ATKORE INC.,,1666138,False,False,False
CFTR-PA,"CANTOR FITZGERALD INCOME TRUST, INC.",,1666244,False,False,False
CMTG,"CLAROS MORTGAGE TRUST, INC.",,1666291,False,False,False
DD,"DUPONT DE NEMOURS, INC.",,1666700,False,False,False
AIP,"ARTERIS, INC.",,1667011,False,False,False
ZDGE,"ZEDGE, INC.",,1667313,False,False,False
DBGI,"DIGITAL BRANDS GROUP, INC.",,1668010,False,False,False
URGN,UROGEN PHARMA LTD.,,1668243,False,False,False
BCTF,"BANCORP 34, INC.",,1668340,False,False,False
MEDP,"MEDPACE HOLDINGS, INC.",,1668397,False,False,False
KNSL,"KINSALE CAPITAL GROUP, INC.",,1669162,False,False,False
CWH,"CAMPING WORLD HOLDINGS, INC.",,1669779,False,False,False
DFIN,"DONNELLEY FINANCIAL SOLUTIONS, INC.",,1669811,False,False,False
ULCC,"FRONTIER GROUP HOLDINGS, INC.",,1670076,False,False,False
ADNT,ADIENT PLC,,1670541,False,False,False
YETI,"YETI HOLDINGS, INC.",,1670592,False,False,False
QNRX,"QUOIN PHARMACEUTICALS, LTD.",,1671502,False,False,False
APVO,APTEVO THERAPEUTICS INC.,,1671584,False,False,False
SPRY,"ARS PHARMACEUTICALS, INC.",,1671858,False,False,False
IMCR,IMMUNOCORE HOLDINGS PLC,,1671927,False,False,False
TTD,"TRADE DESK, INC.",,1671933,False,False,False
GOLF,ACUSHNET HOLDINGS CORP.,,1672013,False,False,False
AAQL,ANTIAGING QUANTUM LIVING INC.,,1672571,False,False,False
ELVN,"ENLIVEN THERAPEUTICS, INC.",,1672619,False,False,False
ABSI,ABSCI CORP,,1672688,False,False,False
CPHC,CANTERBURY PARK HOLDING CORP,,1672909,False,False,False
YUMC,"YUM CHINA HOLDINGS, INC.",,1673358,False,False,False
SEGG,LOTTERY.COM INC.,,1673481,False,False,False
AGLY,ATLANTIS GLORY INC.,,1673504,False,False,False
ASIX,ADVANSIX INC.,,1673985,False,False,False
VRT,VERTIV HOLDINGS CO,,1674101,False,False,False
HGV,HILTON GRAND VACATIONS INC.,,1674168,False,False,False
JELD,"JELD-WEN HOLDING, INC.",,1674335,False,False,False
TPTS,"TERRA PROPERTY TRUST, INC.",,1674356,False,False,False
CRSP,CRISPR THERAPEUTICS AG,,1674416,False,False,False
ASH,ASHLAND INC.,,1674862,False,False,False
VVV,VALVOLINE INC,,1674910,False,False,False
FLGT,"FULGENT GENETICS, INC.",,1674930,False,False,False
GECC,GREAT ELM CAPITAL CORP.,,1675033,False,False,False
AA,ALCOA CORP,,1675149,False,False,False
FVCB,"FVCBANKCORP, INC.",,1675644,False,False,False
NTRB,NUTRIBAND INC.,,1676047,False,False,False
SSII,"SS INNOVATIONS INTERNATIONAL, INC.",,1676163,False,False,False
BRZE,"BRAZE, INC.",,1676238,False,False,False
IDYA,"IDEAYA BIOSCIENCES, INC.",,1676725,False,False,False
ZTO,ZTO EXPRESS (CAYMAN) INC.,,1677250,False,False,False
IIPR,INNOVATIVE INDUSTRIAL PROPERTIES INC,,1677576,False,False,False
CNDT,CONDUENT INC,,1677703,False,False,False
UPYY,UPAY,,1677897,False,False,False
BYSI,BEYONDSPRING INC.,,1677940,False,False,False
PRLD,PRELUDE THERAPEUTICS INC,,1678660,False,False,False
INSW,"INTERNATIONAL SEAWAYS, INC.",,1679049,False,False,False
TUSK,"MAMMOTH ENERGY SERVICES, INC.",,1679268,False,False,False
LW,"LAMB WESTON HOLDINGS, INC.",,1679273,False,False,False
DBRG,"DIGITALBRIDGE GROUP, INC.",,1679688,False,False,False
COIN,"COINBASE GLOBAL, INC.",,1679788,False,False,False
OZSC,"OZOP ENERGY SOLUTIONS, INC.",,1679817,False,False,False
MBIO,"MUSTANG BIO, INC.",,1680048,False,False,False
ACMR,"ACM RESEARCH, INC.",,1680062,False,False,False
CSUI,CANNABIS SUISSE CORP.,,1680132,False,False,False
HLYK,HEALTHLYNKED CORP,,1680139,False,False,False
PUMP,PROPETRO HOLDING CORP.,,1680247,False,False,False
STTK,"SHATTUCK LABS, INC.",,1680367,False,False,False
SNES,"SENESTECH, INC.",,1680378,False,False,False
FULC,"FULCRUM THERAPEUTICS, INC.",,1680581,False,False,False
HFFG,HF FOODS GROUP INC.,,1680873,False,False,False
TECX,"AVROBIO, INC.",,1681087,False,False,False
NODK,"NI HOLDINGS, INC.",,1681206,False,False,False
FTI,TECHNIPFMC PLC,,1681459,False,False,False
GXXM,"GEX MANAGEMENT, INC.",,1681556,False,False,False
VREX,VAREX IMAGING CORP,,1681622,False,False,False
NDRA,ENDRA LIFE SCIENCES INC.,,1681682,False,False,False
DVLT,"WISA TECHNOLOGIES, INC.",,1682149,False,False,False
SACH,SACHEM CAPITAL CORP.,,1682220,False,False,False
ONAR,"RELIANT HOLDINGS, INC.",,1682265,False,False,False
HYPD,"EYENOVIA, INC.",,1682639,False,False,False
VRRM,VERRA MOBILITY CORP,,1682745,False,False,False
MRNA,"MODERNA, INC.",,1682852,False,False,False
ACB,AURORA CANNABIS INC,,1683541,False,False,False
SPRB,"SPRUCE BIOSCIENCES, INC.",,1683553,False,False,False
CARS,CARS.COM INC.,,1683606,False,False,False
IMXI,"INTERNATIONAL MONEY EXPRESS, INC.",,1683695,False,False,False
ZOMDF,ZOMEDICA CORP.,,1684144,False,False,False
PETZ,"TDH HOLDINGS, INC.",,1684425,False,False,False
BHF,"BRIGHTHOUSE FINANCIAL, INC.",,1685040,False,False,False
METC,"RAMACO RESOURCES, INC.",,1687187,False,False,False
INVH,INVITATION HOMES INC.,,1687229,False,False,False
RETO,"RETO ECO-SOLUTIONS, INC.",,1687277,False,False,False
FRGT,"FREIGHT TECHNOLOGIES, INC.",,1687542,False,False,False
JILL,"J.JILL, INC.",,1687932,False,False,False
CRCW,CRYPTO CO,,1688126,False,False,False
DXC,DXC TECHNOLOGY CO,,1688568,False,False,False
ESTA,ESTABLISHMENT LABS HOLDINGS INC.,,1688757,False,False,False
TRDA,"ENTRADA THERAPEUTICS, INC.",,1689375,False,False,False
PRAX,"PRAXIS PRECISION MEDICINES, INC.",,1689548,False,False,False
JBGS,JBG SMITH PROPERTIES,,1689796,False,False,False
ICR-PA,"INPOINT COMMERCIAL REAL ESTATE INCOME, INC.",,1690012,False,False,False
FRMM,180 LIFE SCIENCES CORP.,,1690080,False,False,False
SMHI,SEACOR MARINE HOLDINGS INC.,,1690334,False,False,False
BAR,GRANITESHARES GOLD TRUST,,1690437,False,False,False
GOOS,CANADA GOOSE HOLDINGS INC.,,1690511,False,False,False
DNTH,"DIANTHUS THERAPEUTICS, INC. /DE/",,1690585,False,False,False
NMRK,"NEWMARK GROUP, INC.",,1690680,False,False,False
CVNA,CARVANA CO.,,1690820,False,False,False
PLTM,GRANITESHARES PLATINUM TRUST,,1690842,False,False,False
HCC,"WARRIOR MET COAL, INC.",,1691303,False,False,False
LMND,"LEMONADE, INC.",,1691421,False,False,False
FINV,FINVOLUTION GROUP,,1691445,False,False,False
NU,NU HOLDINGS LTD.,,1691493,False,False,False
SNDR,"SCHNEIDER NATIONAL, INC.",,1692063,False,False,False
SWX,"SOUTHWEST GAS HOLDINGS, INC.",,1692115,False,False,False
PRXA,"PROCACCIANTI HOTEL REIT, INC.",,1692345,False,False,False
VEL,"VELOCITY FINANCIAL, INC.",,1692376,False,False,False
CODX,"CO-DIAGNOSTICS, INC.",,1692415,False,False,False
NCSM,"NCS MULTISTAGE HOLDINGS, INC.",,1692427,False,False,False
HTT,QUDIAN INC.,,1692705,False,False,False
KNTK,KINETIK HOLDINGS INC.,,1692787,False,False,False
VST,VISTRA CORP.,,1692819,False,False,False
WTTR,"SELECT WATER SOLUTIONS, INC.",,1693256,False,False,False
MNSB,"MAINSTREET BANCSHARES, INC.",,1693577,False,False,False
LBRT,LIBERTY ENERGY INC.,,1694028,False,False,False
DK,"DELEK US HOLDINGS, INC.",,1694426,False,False,False
ROYL,"ROYALE ENERGY, INC.",,1694617,False,False,False
HYFM,"HYDROFARM HOLDINGS GROUP, INC.",,1695295,False,False,False
GCAN,"GREATER CANNABIS COMPANY, INC.",,1695473,False,False,False
KCRD,"KINDCARD, INC.",,1696025,False,False,False
JRSH,"JERASH HOLDINGS (US), INC.",,1696558,False,False,False
SEI,"SOLARIS OILFIELD INFRASTRUCTURE, INC.",,1697500,False,False,False
AMBR,ICLICK INTERACTIVE ASIA GROUP LTD,,1697818,False,False,False
REKR,"REKOR SYSTEMS, INC.",,1697851,False,False,False
FMFG,"FARMERS & MERCHANTS BANCSHARES, INC.",,1698022,False,False,False
NESR,NATIONAL ENERGY SERVICES REUNITED CORP.,,1698514,False,False,False
XCUR,"EXICURE, INC.",,1698530,False,False,False
STSR,"STRATEGIC STUDENT & SENIOR HOUSING TRUST, INC.",,1698538,False,False,False
MGY,MAGNOLIA OIL & GAS CORP,,1698990,False,False,False
ACEL,"ACCEL ENTERTAINMENT, INC.",,1698991,False,False,False
RNGR,"RANGER ENERGY SERVICES, INC.",,1699039,False,False,False
WHD,"CACTUS, INC.",,1699136,False,False,False
IR,INGERSOLL RAND INC.,,1699150,False,False,False
PMVP,"PMV PHARMACEUTICALS, INC.",,1699382,False,False,False
EVOH,EVOAIR HOLDINGS INC.,,1700844,False,False,False
SPRO,"SPERO THERAPEUTICS, INC.",,1701108,False,False,False
AZTR,"AZITRA, INC.",,1701478,False,False,False
BDTX,"BLACK DIAMOND THERAPEUTICS, INC.",,1701541,False,False,False
BKR,BAKER HUGHES CO,,1701605,False,False,False
SDOT,SADOT GROUP INC.,,1701756,False,False,False
LOVE,LOVESAC CO,,1701758,False,False,False
VS,VERSUS SYSTEMS INC.,,1701963,False,False,False
CRDL,CARDIOL THERAPEUTICS INC.,,1702123,False,False,False
SMPL,SIMPLY GOOD FOODS CO,,1702744,False,False,False
BY,"BYLINE BANCORP, INC.",,1702750,False,False,False
OPTU,"ALTICE USA, INC.",,1702780,False,False,False
ADT,ADT INC.,,1703056,False,False,False
ABCL,ABCELLERA BIOLOGICS INC.,,1703057,False,False,False
VIVC,VIVIC CORP.,,1703073,False,False,False
SCTH,"SECURETECH INNOVATIONS, INC.",,1703157,False,False,False
SE,SEA LTD,,1703399,False,False,False
GPMT,GRANITE POINT MORTGAGE TRUST INC.,,1703644,False,False,False
KRRO,"KORRO BIO, INC.",,1703647,False,False,False
BBCP,"CONCRETE PUMPING HOLDINGS, INC.",,1703956,False,False,False
BJDX,"BLUEJAY DIAGNOSTICS, INC.",,1704287,False,False,False
ZLAB,ZAI LAB LTD,,1704292,False,False,False
FNKO,"FUNKO, INC.",,1704711,False,False,False
AMR,"ALPHA METALLURGICAL RESOURCES, INC.",,1704715,False,False,False
CNNE,"CANNAE HOLDINGS, INC.",,1704720,False,False,False
FATAQ,"FAT BRANDS, INC",,1705012,False,False,False
ANGI,ANGI INC.,,1705110,False,False,False
ETCG,GRAYSCALE ETHEREUM CLASSIC TRUST (ETC),,1705181,False,False,False
AGMH,"AGM GROUP HOLDINGS, INC.",,1705402,False,False,False
VICI,VICI PROPERTIES INC.,,1705696,False,False,False
CBUS,"CIBUS, INC.",,1705843,False,False,False
VIR,"VIR BIOTECHNOLOGY, INC.",,1706431,False,False,False
COSG,COSMOS GROUP HOLDINGS INC.,,1706509,False,False,False
FLZH,"URBAN-GRO, INC.",,1706524,False,False,False
SPCE,"VIRGIN GALACTIC HOLDINGS, INC",,1706946,False,False,False
SLDB,SOLID BIOSCIENCES INC.,,1707502,False,False,False
ESTC,ELASTIC N.V.,,1707753,False,False,False
CENN,CENNTRO INC.,,1707919,False,False,False
LIN,LINDE PLC,,1707925,False,False,False
ECVT,ECOVYST INC.,,1708035,False,False,False
RBBN,RIBBON COMMUNICATIONS INC.,,1708055,False,False,False
LX,LEXINFINTECH HOLDINGS LTD.,,1708259,False,False,False
AIFA,ALLIED GAMING & ENTERTAINMENT INC.,,1708341,False,False,False
ELUT,ELUTIA INC.,,1708527,False,False,False
SER,"SERINA THERAPEUTICS, INC.",,1708599,False,False,False
AAAU,GOLDMAN SACHS PHYSICAL GOLD ETF,,1708646,False,False,False
GFS,GLOBALFOUNDRIES INC.,,1709048,False,False,False
HBB,HAMILTON BEACH BRANDS HOLDING CO,,1709164,False,False,False
FSUN,FIRSTSUN CAPITAL BANCORP,,1709442,False,False,False
XESP,"ELECTRONIC SERVITOR PUBLICATION NETWORK, INC.",,1709542,False,False,False
CTOS,"CUSTOM TRUCK ONE SOURCE, INC.",,1709682,False,False,False
FEDU,FOUR SEASONS EDUCATION (CAYMAN) INC.,,1709819,False,False,False
EWTX,"EDGEWISE THERAPEUTICS, INC.",,1710072,False,False,False
EYE,"NATIONAL VISION HOLDINGS, INC.",,1710155,False,False,False
ETON,"ETON PHARMACEUTICALS, INC.",,1710340,False,False,False
CNR,CONSOL ENERGY INC.,,1710366,False,False,False
JMSB,"JOHN MARSHALL BANCORP, INC.",,1710482,False,False,False
PNXP,PINEAPPLE EXPRESS CANNABIS CO,,1710495,False,False,False
AIHS,SENMIAO TECHNOLOGY LTD,,1711012,False,False,False
EVRG,"EVERGY, INC.",,1711269,False,False,False
KRYS,"KRYSTAL BIOTECH, INC.",,1711279,False,False,False
LOMA,LOMA NEGRA COMPANIA INDUSTRIAL ARGENTINA SOCIEDAD ANONIMA,,1711375,False,False,False
INMB,"INMUNE BIO, INC.",,1711754,False,False,False
RKTO,"HOTH THERAPEUTICS, INC.",,1711786,False,False,False
SWDS,"STARWOOD REAL ESTATE INCOME TRUST, INC.",,1711929,False,False,False
NAAS,NAAS TECHNOLOGY INC.,,1712178,False,False,False
LILA,LIBERTY LATIN AMERICA LTD.,,1712184,False,False,False
TH,TARGET HOSPITALITY CORP.,,1712189,False,False,False
PACK,RANPAK HOLDINGS CORP.,,1712463,False,False,False
BIAF,"BIOAFFINITY TECHNOLOGIES, INC.",,1712762,False,False,False
PAGS,PAGSEGURO DIGITAL LTD.,,1712807,False,False,False
ATPC,AGAPE ATP CORP,,1713210,False,False,False
RDDT,"REDDIT, INC.",,1713445,False,False,False
KXIN,KAIXIN HOLDINGS,,1713539,False,False,False
ZS,"ZSCALER, INC.",,1713683,False,False,False
SKE,SKEENA RESOURCES LTD,,1713748,False,False,False
RFL,"RAFAEL HOLDINGS, INC.",,1713863,False,False,False
AIJTY,JIANPU TECHNOLOGY INC.,,1713923,False,False,False
GAME,"GAMESQUARE HOLDINGS, INC.",,1714562,False,False,False
DNLI,DENALI THERAPEUTICS INC.,,1714899,False,False,False
EMED,"ELECTROMEDICAL TECHNOLOGIES, INC",,1715819,False,False,False
VVOS,"VIVOS THERAPEUTICS, INC.",,1716166,False,False,False
JF,PINTEC TECHNOLOGY HOLDINGS LTD,,1716338,False,False,False
VTAK,"CATHETER PRECISION, INC.",,1716621,False,False,False
ENSC,"ENSYSCE BIOSCIENCES, INC.",,1716947,False,False,False
CEPU,CENTRAL PUERTO S.A.,,1717161,False,False,False
ILPT,INDUSTRIAL LOGISTICS PROPERTIES TRUST,,1717307,False,False,False
BRSP,"BRIGHTSPIRE CAPITAL, INC.",,1717547,False,False,False
BTBD,"BT BRANDS, INC.",,1718224,False,False,False
ROAD,"CONSTRUCTION PARTNERS, INC.",,1718227,False,False,False
HYMC,HYCROFT MINING HOLDING CORP,,1718405,False,False,False
AXIL,"AXIL BRANDS, INC.",,1718500,False,False,False
GTES,GATES INDUSTRIAL CORP PLC,,1718512,False,False,False
IDAI,T STAMP INC,,1718939,False,False,False
NRXP,"NRX PHARMACEUTICALS, INC.",,1719406,False,False,False
MREO,MEREO BIOPHARMA GROUP PLC,,1719714,False,False,False
RDVT,"RED VIOLET, INC.",,1720116,False,False,False
ZCSH,GRAYSCALE ZCASH TRUST (ZEC),,1720265,False,False,False
IBEX,IBEX LTD,,1720420,False,False,False
HIVE,HIVE DIGITAL TECHNOLOGIES LTD.,,1720424,False,False,False
ZEPP,ZEPP HEALTH CORP,,1720446,False,False,False
ACET,"ADICET BIO, INC.",,1720580,False,False,False
RPAY,REPAY HOLDINGS CORP,,1720592,False,False,False
NVT,NVENT ELECTRIC PLC,,1720635,False,False,False
BTAI,"BIOXCEL THERAPEUTICS, INC.",,1720893,False,False,False
LGVN,LONGEVERON INC.,,1721484,False,False,False
OPBK,OP BANCORP,,1722010,False,False,False
AVTR,"AVANTOR, INC.",,1722482,False,False,False
BGFR,BESTGOFER INC.,,1722556,False,False,False
WH,"WYNDHAM HOTELS & RESORTS, INC.",,1722684,False,False,False
BIOE,BIO ESSENCE CORP,,1723059,False,False,False
TLSA,TIZIANA LIFE SCIENCES LTD,,1723069,False,False,False
AMRX,"AMNEAL PHARMACEUTICALS, INC.",,1723128,False,False,False
BITW,BITWISE 10 CRYPTO INDEX FUND,,1723788,False,False,False
STG,SUNLANDS TECHNOLOGY GROUP,,1723935,False,False,False
RCUS,"ARCUS BIOSCIENCES, INC.",,1724521,False,False,False
GHG,GREENTREE HOSPITALITY GROUP LTD.,,1724755,False,False,False
TALO,TALOS ENERGY INC.,,1724965,False,False,False
XYF,X FINANCIAL,,1725033,False,False,False
CANG,CANGO INC.,,1725123,False,False,False
ZNTL,"ZENTALIS PHARMACEUTICALS, INC.",,1725160,False,False,False
ETHE,GRAYSCALE ETHEREUM TRUST (ETH),,1725210,False,False,False
AHCO,ADAPTHEALTH CORP.,,1725255,False,False,False
INBS,INTELLIGENT BIO SOLUTIONS INC.,,1725430,False,False,False
NBND,NETBRANDS CORP.,,1725911,False,False,False
LUCN,"TIPMEFAST, INC.",,1726079,False,False,False
EPSN,EPSILON ENERGY LTD.,,1726126,False,False,False
BH-A,BIGLARI HOLDINGS INC.,,1726173,False,False,False
SEER,"SEER, INC.",,1726445,False,False,False
ADTX,"ADITXT, INC.",,1726711,False,False,False
GSHD,"GOOSEHEAD INSURANCE, INC.",,1726978,False,False,False
SRRK,SCHOLAR ROCK HOLDING CORP,,1727196,False,False,False
COBA,CHILEAN COBALT CORP.,,1727255,False,False,False
FTDR,"FRONTDOOR, INC.",,1727263,False,False,False
GOSS,"GOSSAMER BIO, INC.",,1728117,False,False,False
HUYA,HUYA INC.,,1728190,False,False,False
INM,INMED PHARMACEUTICALS INC.,,1728328,False,False,False
IIIV,"I3 VERTICALS, INC.",,1728688,False,False,False
EPRT,"ESSENTIAL PROPERTIES REALTY TRUST, INC.",,1728951,False,False,False
VMD,"VIEMED HEALTHCARE, INC.",,1729149,False,False,False
XRTX,XORTX THERAPEUTICS INC.,,1729214,False,False,False
CNSP,"CNS PHARMACEUTICALS, INC.",,1729427,False,False,False
KARX,KARBON-X CORP.,,1729637,False,False,False
GDLC,GRAYSCALE DIGITAL LARGE CAP FUND LLC,,1729997,False,False,False
AVGO,BROADCOM INC.,,1730168,False,False,False
KNSA,"KINIKSA PHARMACEUTICALS, LTD.",,1730430,False,False,False
AUTL,AUTOLUS THERAPEUTICS PLC,,1730463,False,False,False
BSFC,BLUE STAR FOODS CORP.,,1730773,False,False,False
EBZT,"EVERYTHING BLOCKCHAIN, INC.",,1730869,False,False,False
BCML,BAYCOM CORP,,1730984,False,False,False
TLRY,"TILRAY BRANDS, INC.",,1731348,False,False,False
EDRY,EURODRY LTD.,,1731388,False,False,False
LTCN,GRAYSCALE LITECOIN TRUST (LTC),,1732406,False,False,False
BCHG,GRAYSCALE BITCOIN CASH TRUST (BCH),,1732409,False,False,False
CNF,CNFINANCE HOLDINGS LTD.,,1733868,False,False,False
NWN,NORTHWEST NATURAL HOLDING CO,,1733998,False,False,False
NIKI,APTORUM GROUP LTD,,1734005,False,False,False
AMTB,AMERANT BANCORP INC.,,1734342,False,False,False
ALYAF,ALITHYA GROUP INC,,1734520,False,False,False
BV,"BRIGHTVIEW HOLDINGS, INC.",,1734713,False,False,False
PATH,"UIPATH, INC.",,1734722,False,False,False
MOVE,MOVANO INC.,,1734750,False,False,False
GTEC,GREENLAND TECHNOLOGIES HOLDING CORP.,,1735041,False,False,False
MGTX,MEIRAGTX HOLDINGS PLC,,1735438,False,False,False
GTX,GARRETT MOTION INC.,,1735707,False,False,False
BXSL,BLACKSTONE SECURED LENDING FUND,,1736035,False,False,False
ACXP,"ACURX PHARMACEUTICALS, INC.",,1736243,False,False,False
ALAB,"ASTERA LABS, INC.",,1736297,False,False,False
NIO,NIO INC.,,1736541,False,False,False
ARLO,"ARLO TECHNOLOGIES, INC.",,1736946,False,False,False
ALLO,"ALLOGENE THERAPEUTICS, INC.",,1737287,False,False,False
JG,AURORA MOBILE LTD,,1737339,False,False,False
OPRA,OPERA LTD,,1737450,False,False,False
BGLC,BIONEXUS GENE LAB CORP,,1737523,False,False,False
PDD,PDD HOLDINGS INC.,,1737806,False,False,False
NCDL,NUVEEN CHURCHILL DIRECT LENDING CORP.,,1737924,False,False,False
CGC,CANOPY GROWTH CORP,,1737927,False,False,False
REPL,"REPLIMUNE GROUP, INC.",,1737953,False,False,False
SKYA,SHARPS TECHNOLOGY INC.,,1737995,False,False,False
CMPX,"COMPASS THERAPEUTICS, INC.",,1738021,False,False,False
CMBMF,CAMBIUM NETWORKS CORP,,1738177,False,False,False
WKEY,WISEKEY INTERNATIONAL HOLDING S.A.,,1738699,False,False,False
KLXE,"KLX ENERGY SERVICES HOLDINGS, INC.",,1738827,False,False,False
YI,"111, INC.",,1738906,False,False,False
ELAN,ELANCO ANIMAL HEALTH INC,,1739104,False,False,False
PHGE,BIOMX INC.,,1739174,False,False,False
RLYB,RALLYBIO CORP,,1739410,False,False,False
ACA,"ARCOSA, INC.",,1739445,False,False,False
UTZ,"UTZ BRANDS, INC.",,1739566,False,False,False
CI,CIGNA GROUP,,1739940,False,False,False
INAB,"IN8BIO, INC.",,1740279,False,False,False
REZI,"RESIDEO TECHNOLOGIES, INC.",,1740332,False,False,False
ELVG,"ELVICTOR GROUP, INC.",,1741489,False,False,False
QFIN,"QIFU TECHNOLOGY, INC.",,1741530,False,False,False
UOKAF,MDJM LTD,,1741534,False,False,False
HKIT,HITEK GLOBAL INC.,,1742341,False,False,False
MTC,"MMTEC, INC.",,1742518,False,False,False
VIOT,"VIOMI TECHNOLOGY CO., LTD",,1742770,False,False,False
RVPH,"REVIVA PHARMACEUTICALS HOLDINGS, INC.",,1742927,False,False,False
JFIN,JIAYIN GROUP INC.,,1743102,False,False,False
GDYN,"GRID DYNAMICS HOLDINGS, INC.",,1743725,False,False,False
CRSR,"CORSAIR GAMING, INC.",,1743759,False,False,False
BBIO,"BRIDGEBIO PHARMA, INC.",,1743881,False,False,False
DIS,WALT DISNEY CO,,1744489,False,False,False
TME,TENCENT MUSIC ENTERTAINMENT GROUP,,1744676,False,False,False
NIU,NIU TECHNOLOGIES,,1744781,False,False,False
VYND,"VYNLEADS, INC.",,1745078,False,False,False
STNE,STONECO LTD.,,1745431,False,False,False
PFSI,"PENNYMAC FINANCIAL SERVICES, INC.",,1745916,False,False,False
BEAM,BEAM THERAPEUTICS INC.,,1745999,False,False,False
BFC,BANK FIRST CORP,,1746109,False,False,False
VGES,MU GLOBAL HOLDING LTD,,1746119,False,False,False
BSVN,BANK7 CORP.,,1746129,False,False,False
EQ,"EQUILLIUM, INC.",,1746466,False,False,False
PLRX,"PLIANT THERAPEUTICS, INC.",,1746473,False,False,False
RVLV,"REVOLVE GROUP, INC.",,1746618,False,False,False
MCBS,"METROCITY BANKSHARES, INC.",,1747068,False,False,False
BALY,BALLY'S CORP,,1747079,False,False,False
KBDC,"KAYNE ANDERSON BDC, INC.",,1747172,False,False,False
OTF,BLUE OWL TECHNOLOGY FINANCE CORP.,,1747777,False,False,False
NEOV,NEOVOLTA INC.,,1748137,False,False,False
AMCR,AMCOR PLC,,1748790,False,False,False
AAMI,BRIGHTSPHERE INVESTMENT GROUP INC.,,1748824,False,False,False
HZEN,GRAYSCALE HORIZEN TRUST (ZEN),,1748945,False,False,False
NFE,NEW FORTRESS ENERGY INC.,,1749723,False,False,False
AEI,ALSET INC.,,1750106,False,False,False
IKT,"INHIBIKASE THERAPEUTICS, INC.",,1750149,False,False,False
CWBHF,"CHARLOTTE'S WEB HOLDINGS, INC.",,1750155,False,False,False
OLMA,"OLEMA PHARMACEUTICALS, INC.",,1750284,False,False,False
DUO,FANGDD NETWORK GROUP LTD.,,1750593,False,False,False
MRBK,MERIDIAN CORP,,1750735,False,False,False
HWKE,"HAWKEYE SYSTEMS, INC.",,1750777,False,False,False
APP,APPLOVIN CORP,,1751008,False,False,False
OZVN,UNITED EXPRESS INC.,,1751707,False,False,False
RBKB,"RHINEBECK BANCORP, INC.",,1751783,False,False,False
DOW,DOW INC.,,1751788,False,False,False
FTHM,FATHOM HOLDINGS INC.,,1753162,False,False,False
MTWO,"M2I GLOBAL, INC.",,1753373,False,False,False
QSJC,"TANCHENG GROUP CO., LTD.",,1753391,False,False,False
BKSY,BLACKSKY TECHNOLOGY INC.,,1753539,False,False,False
SJ,SCIENJOY HOLDING CORP,,1753673,False,False,False
KLRS,"ALLOVIR, INC.",,1754068,False,False,False
ASLE,AERSALE CORP,,1754170,False,False,False
TRLV,TRULIEVE CANNABIS CORP.,,1754195,False,False,False
OBT,"ORANGE COUNTY BANCORP, INC. /DE/",,1754226,False,False,False
FOXA,FOX CORP,,1754301,False,False,False
FUTU,FUTU HOLDINGS LTD,,1754581,False,False,False
AUC,ATIF HOLDINGS LTD,,1755058,False,False,False
ALDS,APPLIFE DIGITAL SOLUTIONS INC,,1755101,False,False,False
CYCN,"CYCLERION THERAPEUTICS, INC.",,1755237,False,False,False
CTVA,"CORTEVA, INC.",,1755672,False,False,False
ABTC,"GRYPHON DIGITAL MINING, INC.",,1755953,False,False,False
NCRA,"NOCERA, INC.",,1756180,False,False,False
TMDX,"TRANSMEDICS GROUP, INC.",,1756262,False,False,False
AAWH,"ASCEND WELLNESS HOLDINGS, INC.",,1756390,False,False,False
IVA,INVENTIVA S.A.,,1756594,False,False,False
TIGR,UP FINTECH HOLDING LTD,,1756699,False,False,False
NVST,ENVISTA HOLDINGS CORP,,1757073,False,False,False
PAIYY,AESTHETIC MEDICAL INTERNATIONAL HOLDINGS GROUP LTD,,1757143,False,False,False
SHPH,"SHUTTLE PHARMACEUTICALS HOLDINGS, INC.",,1757499,False,False,False
ATER,"ATERIAN, INC.",,1757715,False,False,False
INDO,INDONESIA ENERGY CORP LTD,,1757840,False,False,False
STE,STERIS PLC,,1757898,False,False,False
QUBT,QUANTUM COMPUTING INC.,,1758009,False,False,False
KRT,KARAT PACKAGING INC.,,1758021,False,False,False
OSW,ONESPAWORLD HOLDINGS LTD,,1758488,False,False,False
SY,SO-YOUNG INTERNATIONAL INC.,,1758530,False,False,False
TRSO,TRANSUITE.ORG INC.,,1758699,False,False,False
TW,TRADEWEB MARKETS INC.,,1758730,False,False,False
STEM,"STEM, INC.",,1758766,False,False,False
IAUM,ISHARES GOLD TRUST MICRO,,1759124,False,False,False
BHATF,BLUE HAT INTERACTIVE ENTERTAINMENT TECHNOLOGY,,1759136,False,False,False
CABA,"CABALETTA BIO, INC.",,1759138,False,False,False
ZSQR,"COEPTIS THERAPEUTICS HOLDINGS, INC.",,1759186,False,False,False
MIRM,"MIRUM PHARMACEUTICALS, INC.",,1759425,False,False,False
LYFT,"LYFT, INC.",,1759509,False,False,False
NRDE,NU RIDE INC.,,1759546,False,False,False
YJ,YUNJI INC.,,1759614,False,False,False
HYLN,HYLIION HOLDINGS CORP.,,1759631,False,False,False
PRVA,"PRIVIA HEALTH GROUP, INC.",,1759655,False,False,False
PSTL,"POSTAL REALTY TRUST, INC.",,1759774,False,False,False
EH,EHANG HOLDINGS LTD,,1759783,False,False,False
ALTG,ALTA EQUIPMENT GROUP INC.,,1759824,False,False,False
RMTG,"MESO NUMISMATICS, INC.",,1760026,False,False,False
GIFT,"RDE, INC.",,1760233,False,False,False
MVST,"MICROVAST HOLDINGS, INC.",,1760689,False,False,False
NBTX,NANOBIOTIX S.A.,,1760854,False,False,False
BNKK,"SAFETY SHOT, INC.",,1760903,False,False,False
KTB,"KONTOOR BRANDS, INC.",,1760965,False,False,False
PLMR,"PALOMAR HOLDINGS, INC.",,1761312,False,False,False
GXLM,GRAYSCALE STELLAR LUMENS TRUST (XLM),,1761325,False,False,False
BCYC,BICYCLE THERAPEUTICS PLC,,1761612,False,False,False
ERAS,"ERASCA, INC.",,1761918,False,False,False
KAVL,"KAIVAL BRANDS INNOVATIONS GROUP, INC.",,1762239,False,False,False
RCEL,"AVITA MEDICAL, INC.",,1762303,False,False,False
DOYU,DOUYU INTERNATIONAL HOLDINGS LTD,,1762417,False,False,False
VIST,"VISTA ENERGY, S.A.B. DE C.V.",,1762506,False,False,False
AIBT,"MYCOTOPIA THERAPIES, INC.",,1763329,False,False,False
BITB,BITWISE BITCOIN ETF,,1763415,False,False,False
APGH,SEATECH VENTURES CORP.,,1763660,False,False,False
CJAX,COJAX OIL & GAS CORP,,1763925,False,False,False
LTRN,LANTERN PHARMA INC.,,1763950,False,False,False
IMVT,"IMMUNOVANT, INC.",,1764013,False,False,False
CLVT,CLARIVATE PLC,,1764046,False,False,False
DIDIY,DIDI GLOBAL INC.,,1764757,False,False,False
GCGJ,GUOCHUN INTERNATIONAL INC.,,1765048,False,False,False
PSPX,PACIFIC SPORTS EXCHANGE INC.,,1765651,False,False,False
UNCY,"UNICYCIVE THERAPEUTICS, INC.",,1766140,False,False,False
MEC,"MAYVILLE ENGINEERING COMPANY, INC.",,1766368,False,False,False
PNTG,"PENNANT GROUP, INC.",,1766400,False,False,False
AOMR,"ANGEL OAK MORTGAGE REIT, INC.",,1766478,False,False,False
CHWY,"CHEWY, INC.",,1766502,False,False,False
KGS,"KODIAK GAS SERVICES, INC.",,1767042,False,False,False
XPEL,"XPEL, INC.",,1767258,False,False,False
LKNCY,LUCKIN COFFEE INC.,,1767582,False,False,False
RMBI,"RICHMOND MUTUAL BANCORPORATION, INC.",,1767837,False,False,False
ARCT,ARCTURUS THERAPEUTICS HOLDINGS INC.,,1768224,False,False,False
GOTU,GAOTU TECHEDU INC.,,1768259,False,False,False
CRNC,CERENCE INC.,,1768267,False,False,False
CLYM,"ELIEM THERAPEUTICS, INC.",,1768446,False,False,False
ILLR,AGBA GROUP HOLDING LTD.,,1769624,False,False,False
PBFS,"PIONEER BANCORP, INC./MD",,1769663,False,False,False
AMTD,AMTD IDEA GROUP,,1769731,False,False,False
WIMI,WIMI HOLOGRAM CLOUD INC.,,1770088,False,False,False
SANA,"SANA BIOTECHNOLOGY, INC.",,1770121,False,False,False
MITQ,MOVING IMAGE TECHNOLOGIES INC.,,1770236,False,False,False
XRX,XEROX HOLDINGS CORP,,1770450,False,False,False
CODQL,CORONADO GLOBAL RESOURCES INC.,,1770561,False,False,False
TXG,"10X GENOMICS, INC.",,1770787,False,False,False
AFYA,AFYA LTD,,1771007,False,False,False
GO,GROCERY OUTLET HOLDING CORP.,,1771515,False,False,False
VREOF,"GOODNESS GROWTH HOLDINGS, INC.",,1771706,False,False,False
QNTM,FSD PHARMA INC.,,1771885,False,False,False
ADCT,ADC THERAPEUTICS SA,,1771910,False,False,False
APHP,AMERICAN PICTURE HOUSE CORP,,1771995,False,False,False
BRBR,"BELLRING BRANDS, INC.",,1772016,False,False,False
KRUS,"KURA SUSHI USA, INC.",,1772177,False,False,False
SPRU,SPRUCE POWER HOLDING CORP,,1772720,False,False,False
ONEW,ONEWATER MARINE INC.,,1772921,False,False,False
DT,"DYNATRACE, INC.",,1773383,False,False,False
HIMS,"HIMS & HERS HEALTH, INC.",,1773751,False,False,False
AIOT,"POWERFLEET, INC.",,1774170,False,False,False
SKIL,SKILLSOFT CORP.,,1774675,False,False,False
OCG,ORIENTAL CULTURE HOLDING LTD,,1776067,False,False,False
ADV,ADVANTAGE SOLUTIONS INC.,,1776661,False,False,False
CURI,CURIOSITYSTREAM INC.,,1776909,False,False,False
CISO,"CISO GLOBAL, INC.",,1777319,False,False,False
CHPT,"CHARGEPOINT HOLDINGS, INC.",,1777393,False,False,False
PWP,PERELLA WEINBERG PARTNERS,,1777835,False,False,False
AVPT,"AVEPOINT, INC.",,1777921,False,False,False
NBP,I-MAB,,1778016,False,False,False
TSNDF,TERRASCEND CORP.,,1778129,False,False,False
HUIZ,HUIZE HOLDING LTD,,1778982,False,False,False
SRTA,"BLADE AIR MOBILITY, INC.",,1779128,False,False,False
BEAT,"HEARTBEAM, INC.",,1779372,False,False,False
MAPS,"WM TECHNOLOGY, INC.",,1779474,False,False,False
KRKR,36KR HOLDINGS INC.,,1779476,False,False,False
LVLU,"LULU'S FASHION LOUNGE HOLDINGS, INC.",,1780201,False,False,False
ASTS,"AST SPACEMOBILE, INC.",,1780312,False,False,False
CAN,CANAAN INC.,,1780652,False,False,False
EPOW,"SUNRISE NEW ENERGY CO., LTD.",,1780731,False,False,False
MNTS,MOMENTUS INC.,,1781162,False,False,False
ACRV,"ACRIVON THERAPEUTICS, INC.",,1781174,False,False,False
QH,QUHUO LTD,,1781193,False,False,False
OTIS,OTIS WORLDWIDE CORP,,1781335,False,False,False
ANKM,"ANKAM, INC.",,1781629,False,False,False
ACAT,NP LIFE SCIENCES HEALTH INDUSTRY GROUP INC.,,1781726,False,False,False
TCBX,"THIRD COAST BANCSHARES, INC.",,1781730,False,False,False
DAO,"YOUDAO, INC.",,1781753,False,False,False
BWIN,"BALDWIN INSURANCE GROUP, INC.",,1781755,False,False,False
APRE,"APREA THERAPEUTICS, INC.",,1781983,False,False,False
YGMZF,MINGZHU LOGISTICS HOLDINGS LTD,,1782037,False,False,False
ONCO,"ONCONETIX, INC.",,1782107,False,False,False
RELY,"REMITLY GLOBAL, INC.",,1782170,False,False,False
PYXS,"PYXIS ONCOLOGY, INC.",,1782223,False,False,False
BOLD,"BOUNDLESS BIO, INC.",,1782303,False,False,False
STRW,"STRAWBERRY FIELDS REIT, INC.",,1782430,False,False,False
MSDL,MORGAN STANLEY DIRECT LENDING FUND,,1782524,False,False,False
PTCHF,PURETECH HEALTH PLC,,1782999,False,False,False
NCEL,NLS PHARMACEUTICS LTD.,,1783036,False,False,False
CARR,CARRIER GLOBAL CORP,,1783180,False,False,False
PHAT,"PHATHOM PHARMACEUTICALS, INC.",,1783183,False,False,False
TCRX,"TSCAN THERAPEUTICS, INC.",,1783328,False,False,False
UWMC,UWM HOLDINGS CORP,,1783398,False,False,False
HOOD,"ROBINHOOD MARKETS, INC.",,1783879,False,False,False
PNYG,PONY GROUP INC.,,1784058,False,False,False
MDIA,MEDIACO HOLDING INC.,,1784254,False,False,False
BHIC,NOWTRANSIT INC,,1784440,False,False,False
PRCH,"PORCH GROUP, INC.",,1784535,False,False,False
TRNR,"INTERACTIVE STRENGTH, INC.",,1785056,False,False,False
MGX,"METAGENOMI, INC.",,1785279,False,False,False
KPLT,"KATAPULT HOLDINGS, INC.",,1785424,False,False,False
RHNO,PHOENIX PLUS CORP.,,1785493,False,False,False
WBQNL,WOODBRIDGE LIQUIDATION TRUST,,1785494,False,False,False
HOWL,"WEREWOLF THERAPEUTICS, INC.",,1785530,False,False,False
ZCMD,ZHONGCHAO INC.,,1785566,False,False,False
TRIN,TRINITY CAPITAL INC.,,1786108,False,False,False
PINE,"ALPINE INCOME PROPERTY TRUST, INC.",,1786117,False,False,False
NREF,"NEXPOINT REAL ESTATE FINANCE, INC.",,1786248,False,False,False
BILL,"BILL HOLDINGS, INC.",,1786352,False,False,False
REYN,REYNOLDS CONSUMER PRODUCTS INC.,,1786431,False,False,False
VNT,VONTIER CORP,,1786842,False,False,False
SBSW,SIBANYE STILLWATER LTD,,1786909,False,False,False
PASG,"PASSAGE BIO, INC.",,1787297,False,False,False
ARQT,"ARCUTIS BIOTHERAPEUTICS, INC.",,1787306,False,False,False
NKTX,"NKARTA, INC.",,1787400,False,False,False
BSBK,BOGOTA FINANCIAL CORP.,,1787414,False,False,False
XP,XP INC.,,1787425,False,False,False
VBIO,"TIVIC HEALTH SYSTEMS, INC.",,1787740,False,False,False
JSPR,"JASPER THERAPEUTICS, INC.",,1788028,False,False,False
BWMX,"BETTERWARE DE MEXICO, S.A.P.I. DE C.V",,1788257,False,False,False
MCOM,MICROMOBILITY.COM INC.,,1788841,False,False,False
ROOT,"ROOT, INC.",,1788882,False,False,False
XPER,XPERI INC.,,1788999,False,False,False
AEVA,"AEVA TECHNOLOGIES, INC.",,1789029,False,False,False
NXTS,"N2OFF, INC.",,1789192,False,False,False
TIL,"INSTIL BIO, INC.",,1789769,False,False,False
HESM,HESS MIDSTREAM LP,,1789832,False,False,False
FWRG,"FIRST WATCH RESTAURANT GROUP, INC.",,1789940,False,False,False
CGEM,"CULLINAN THERAPEUTICS, INC.",,1789972,False,False,False
ZSTK,FLORA GROWTH CORP.,,1790169,False,False,False
IMRX,IMMUNEERING CORP,,1790340,False,False,False
LI,LI AUTO INC.,,1791706,False,False,False
VTRS,VIATRIS INC,,1792044,False,False,False
BNR,BURNING ROCK BIOTECH LTD,,1792267,False,False,False
OVV,OVINTIV INC.,,1792580,False,False,False
CURV,TORRID HOLDINGS INC.,,1792781,False,False,False
DASH,"DOORDASH, INC.",,1792789,False,False,False
HPK,"HIGHPEAK ENERGY, INC.",,1792849,False,False,False
GNVR,GENVOR INC,,1792941,False,False,False
CTEV,MULTIPLAN CORP,,1793229,False,False,False
UVIX,VS TRUST,,1793497,False,False,False
RSI,"RUSH STREET INTERACTIVE, INC.",,1793659,False,False,False
CDTG,CDT ENVIRONMENTAL TECHNOLOGY INVESTMENT HOLDINGS LTD,,1793895,False,False,False
ZHJD,YCQH AGRICULTURAL TECHNOLOGY CO. LTD,,1794276,False,False,False
IGIC,INTERNATIONAL GENERAL INSURANCE HOLDINGS LTD.,,1794338,False,False,False
YALA,YALLA GROUP LTD,,1794350,False,False,False
GTM,ZOOMINFO TECHNOLOGIES INC.,,1794515,False,False,False
FOUR,"SHIFT4 PAYMENTS, INC.",,1794669,False,False,False
PSBD,PALMER SQUARE CAPITAL BDC INC.,,1794776,False,False,False
SLQT,"SELECTQUOTE, INC.",,1794783,False,False,False
SKFG,"STARK FOCUS GROUP, INC.",,1794942,False,False,False
OSTX,OS THERAPIES INC,,1795091,False,False,False
GTBIF,GREEN THUMB INDUSTRIES INC.,,1795139,False,False,False
SPHR,SPHERE ENTERTAINMENT CO.,,1795250,False,False,False
NNOX,NANO-X IMAGING LTD.,,1795251,False,False,False
KC,KINGSOFT CLOUD HOLDINGS LTD,,1795589,False,False,False
BCAL,SOUTHERN CALIFORNIA BANCORP  CA,,1795815,False,False,False
STEP,STEPSTONE GROUP INC.,,1796022,False,False,False
APG,API GROUP CORP,,1796209,False,False,False
ORIC,"ORIC PHARMACEUTICALS, INC.",,1796280,False,False,False
BTCT,BTC DIGITAL LTD.,,1796514,False,False,False
MAXNQ,"MAXEON SOLAR TECHNOLOGIES, LTD.",,1796898,False,False,False
GFLT,"HEALTHCARE BUSINESS RESOURCES, INC.",,1796949,False,False,False
NTST,NETSTREIT CORP.,,1798100,False,False,False
TMC,TMC THE METALS CO INC.,,1798562,False,False,False
JBIO,"AEROVATE THERAPEUTICS, INC.",,1798749,False,False,False
LUCD,LUCID DIAGNOSTICS INC.,,1799011,False,False,False
STLN,"ONCOLOGY INSTITUTE, INC.",,1799191,False,False,False
EBON,EBANG INTERNATIONAL HOLDINGS INC.,,1799290,False,False,False
ALGS,"ALIGOS THERAPEUTICS, INC.",,1799448,False,False,False
GLSI,"GREENWICH LIFESCIENCES, INC.",,1799788,False,False,False
PPLI,IAC INC.,,1800227,False,False,False
DMRA,"GALECTO, INC.",,1800315,False,False,False
GWLL,"GOLDENWELL BIOTECH, INC.",,1800373,False,False,False
MLGO,MICROALGO INC.,,1800392,False,False,False
RYM,AGRIFY CORP,,1800637,False,False,False
FROG,JFROG LTD,,1800667,False,False,False
OPEN,OPENDOOR TECHNOLOGIES INC.,,1801169,False,False,False
CLOV,"CLOVER HEALTH INVESTMENTS, CORP. /DE",,1801170,False,False,False
MP,MP MATERIALS CORP. / DE,,1801368,False,False,False
BYNO,BYNORDIC ACQUISITION CORP,,1801417,False,False,False
SBIG,"SPRINGBIG HOLDINGS, INC.",,1801602,False,False,False
XPOF,"XPONENTIAL FITNESS, INC.",,1802156,False,False,False
MSPR,"MSP RECOVERY, INC.",,1802450,False,False,False
HRMY,"HARMONY BIOSCIENCES HOLDINGS, INC.",,1802665,False,False,False
RPRX,ROYALTY PHARMA PLC,,1802768,False,False,False
API,"AGORA, INC.",,1802883,False,False,False
AVO,"MISSION PRODUCE, INC.",,1802974,False,False,False
STRG,"STARGUIDE GROUP, INC.",,1803096,False,False,False
CNXC,CONCENTRIX CORP,,1803599,False,False,False
ADEA,ADEIA INC.,,1803696,False,False,False
TALK,"TALKSPACE, INC.",,1803901,False,False,False
PLBY,"PLBY GROUP, INC.",,1803914,False,False,False
LIMX,LIMITLESS X HOLDINGS INC.,,1803977,False,False,False
BFLY,"BUTTERFLY NETWORK, INC.",,1804176,False,False,False
GFAI,"GUARDFORCE AI CO., LTD.",,1804469,False,False,False
DRVN,DRIVEN BRANDS HOLDINGS INC.,,1804745,False,False,False
EOSE,"EOS ENERGY ENTERPRISES, INC.",,1805077,False,False,False
RKT,"ROCKET COMPANIES, INC.",,1805284,False,False,False
EVLV,"EVOLV TECHNOLOGIES HOLDINGS, INC.",,1805385,False,False,False
FFAI,FARADAY FUTURE INTELLIGENT ELECTRIC INC.,,1805521,False,False,False
DFDV,JANOVER INC.,,1805526,False,False,False
JWEL,JOWELL GLOBAL LTD.,,1805594,False,False,False
MKTW,"MARKETWISE, INC.",,1805651,False,False,False
SST,"SYSTEM1, INC.",,1805833,False,False,False
LPRO,OPEN LENDING CORP,,1806201,False,False,False
TSHA,"TAYSHA GENE THERAPIES, INC.",,1806310,False,False,False
WEST,WESTROCK COFFEE CO,,1806347,False,False,False
LGHL,LION GROUP HOLDING LTD,,1806524,False,False,False
VERX,"VERTEX, INC.",,1806837,False,False,False
LYEL,"LYELL IMMUNOPHARMA, INC.",,1806952,False,False,False
OZ,"BELPOINTE PREP, LLC",,1807046,False,False,False
DSGN,"DESIGN THERAPEUTICS, INC.",,1807120,False,False,False
AMST,AMESITE INC.,,1807166,False,False,False
HIGR,HI-GREAT GROUP HOLDING CO,,1807616,False,False,False
PMVC,PMV CONSUMER ACQUISITION CORP.,,1807765,False,False,False
CRDO,CREDO TECHNOLOGY GROUP HOLDING LTD,,1807794,False,False,False
LASE,LASER PHOTONICS CORP,,1807887,False,False,False
SPFX,"STANDARD PREMIUM FINANCE HOLDINGS, INC.",,1807893,False,False,False
LUCY,INNOVATIVE EYEWEAR INC,,1808377,False,False,False
NAUT,"NAUTILUS BIOTECHNOLOGY, INC.",,1808805,False,False,False
PRG,"PROG HOLDINGS, INC.",,1808834,False,False,False
BNTC,BENITEC BIOPHARMA INC.,,1808898,False,False,False
AOUT,"AMERICAN OUTDOOR BRANDS, INC.",,1808997,False,False,False
ALIT,"ALIGHT, INC. / DELAWARE",,1809104,False,False,False
GDRX,"GOODRX HOLDINGS, INC.",,1809519,False,False,False
BEKE,KE HOLDINGS INC.,,1809587,False,False,False
EDBL,EDIBLE GARDEN AG INC,,1809750,False,False,False
MIR,"MIRION TECHNOLOGIES, INC.",,1809987,False,False,False
RXT,"RACKSPACE TECHNOLOGY, INC.",,1810019,False,False,False
ALXO,ALX ONCOLOGY HOLDINGS INC,,1810182,False,False,False
SNTG,SENTAGE HOLDINGS INC.,,1810467,False,False,False
EBC,"EASTERN BANKSHARES, INC.",,1810546,False,False,False
REVB,"REVELATION BIOSCIENCES, INC.",,1810560,False,False,False
U,UNITY SOFTWARE INC.,,1810806,False,False,False
XPEV,XPENG INC.,,1810997,False,False,False
NUVB,NUVATION BIO INC.,,1811063,False,False,False
TPL,TEXAS PACIFIC LAND CORP,,1811074,False,False,False
RNLXY,RENALYTIX PLC,,1811115,False,False,False
LCID,"LUCID GROUP, INC.",,1811210,False,False,False
BAOS,BAOSHENG MEDIA GROUP HOLDINGS LTD,,1811216,False,False,False
QS,QUANTUMSCAPE CORP,,1811414,False,False,False
RBOT,VICARIOUS SURGICAL INC.,,1812173,False,False,False
FOXO,FOXO TECHNOLOGIES INC.,,1812360,False,False,False
RLAY,"RELAY THERAPEUTICS, INC.",,1812364,False,False,False
EZRA,"RELIANCE GLOBAL GROUP, INC.",,1812727,False,False,False
PLNH,PLANET 13 HOLDINGS INC.,,1813452,False,False,False
HSTA,HESTIA INSIGHT INC.,,1813603,False,False,False
DFTX,MIND MEDICINE (MINDMED) INC.,,1813814,False,False,False
LXEH,LIXIANG EDUCATION HOLDING CO. LTD.,,1814067,False,False,False
OBIO,"ORCHESTRA BIOMED HOLDINGS, INC.",,1814114,False,False,False
BURU,"NUBURU, INC.",,1814215,False,False,False
ABX,"ABACUS LIFE, INC.",,1814287,False,False,False
IH,IHUMAN INC.,,1814423,False,False,False
ILAG,INTELLIGENT LIVING APPLICATION GROUP INC.,,1814963,False,False,False
BBXIB,"BBX CAPITAL, INC.",,1814974,False,False,False
KYMR,"KYMERA THERAPEUTICS, INC.",,1815442,False,False,False
TGCB,"TEGO CYBER, INC.",,1815632,False,False,False
LENZ,"LENZ THERAPEUTICS, INC.",,1815776,False,False,False
MNSO,MINISO GROUP HOLDING LTD,,1815846,False,False,False
PTPI,"PETROS PHARMACEUTICALS, INC.",,1815903,False,False,False
ANEB,"ANEBULO PHARMACEUTICALS, INC.",,1815974,False,False,False
LU,LUFAX HOLDING LTD,,1816007,False,False,False
SPIR,"SPIRE GLOBAL, INC.",,1816017,False,False,False
JZXN,"JIUZI HOLDINGS, INC.",,1816172,False,False,False
QSI,QUANTUM-SI INC,,1816431,False,False,False
OUST,"OUSTER, INC.",,1816581,False,False,False
CMPS,COMPASS PATHWAYS PLC,,1816590,False,False,False
OWLT,"OWLET, INC.",,1816708,False,False,False
IRON,"DISC MEDICINE, INC.",,1816736,False,False,False
NXXT,EZFILL HOLDINGS INC,,1817004,False,False,False
VOR,VOR BIOPHARMA INC.,,1817229,False,False,False
HGAS,GLOBAL GAS CORP,,1817232,False,False,False
ASO,"ACADEMY SPORTS & OUTDOORS, INC.",,1817358,False,False,False
SOPAQ,SOCIETY PASS INCORPORATED.,,1817511,False,False,False
JANX,"JANUX THERAPEUTICS, INC.",,1817713,False,False,False
SMTK,"SMARTKEM, INC.",,1817760,False,False,False
SKIN,BEAUTY HEALTH CO,,1818093,False,False,False
CCC,CCC INTELLIGENT SOLUTIONS HOLDINGS INC.,,1818201,False,False,False
WGS,GENEDX HOLDINGS CORP.,,1818331,False,False,False
HUMA,"HUMACYTE, INC.",,1818382,False,False,False
MAX,"MEDIAALPHA, INC.",,1818383,False,False,False
OPFI,OPPFI INC.,,1818502,False,False,False
LIDR,"AEYE, INC.",,1818644,False,False,False
DYN,"DYNE THERAPEUTICS, INC.",,1818794,False,False,False
DWTX,"VIRIOS THERAPEUTICS, INC.",,1818844,False,False,False
SOFI,"SOFI TECHNOLOGIES, INC.",,1818874,False,False,False
TNGX,"TANGO THERAPEUTICS, INC.",,1819133,False,False,False
SES,SES AI CORP,,1819142,False,False,False
BTMD,BIOTE CORP.,,1819253,False,False,False
NRDY,NERDY INC.,,1819404,False,False,False
GANX,"GAIN THERAPEUTICS, INC.",,1819411,False,False,False
GWH,"ESS TECH, INC.",,1819438,False,False,False
XOS,"XOS, INC.",,1819493,False,False,False
UP,WHEELS UP EXPERIENCE INC.,,1819516,False,False,False
BARK,"BARK, INC.",,1819574,False,False,False
LQDA,LIQUIDIA CORP,,1819576,False,False,False
YSG,YATSEN HOLDING LTD,,1819580,False,False,False
MRM,MEDIROM HEALTHCARE TECHNOLOGIES INC.,,1819704,False,False,False
TARS,"TARSUS PHARMACEUTICALS, INC.",,1819790,False,False,False
HTOO,FUSION FUEL GREEN PLC,,1819794,False,False,False
GCMG,GCM GROSVENOR INC.,,1819796,False,False,False
RDW,REDWIRE CORP,,1819810,False,False,False
JOBY,"JOBY AVIATION, INC.",,1819848,False,False,False
DV,"DOUBLEVERIFY HOLDINGS, INC.",,1819928,False,False,False
SKYT,"SKYWATER TECHNOLOGY, INC",,1819974,False,False,False
CIFR,CIPHER MINING INC.,,1819989,False,False,False
RKLB,"ROCKET LAB USA, INC.",,1819994,False,False,False
GRND,GRINDR INC.,,1820144,False,False,False
SCLX,SCILEX HOLDING CO,,1820190,False,False,False
BKKT,"BAKKT HOLDINGS, INC.",,1820302,False,False,False
ARRY,"ARRAY TECHNOLOGIES, INC.",,1820721,False,False,False
GBTG,"GLOBAL BUSINESS TRAVEL GROUP, INC.",,1820872,False,False,False
CXAI,CXAPP INC.,,1820875,False,False,False
AFRM,"AFFIRM HOLDINGS, INC.",,1820953,False,False,False
EVGO,EVGO INC.,,1821159,False,False,False
MSGM,MOTORSPORT GAMES INC.,,1821175,False,False,False
UK,UCOMMUNE INTERNATIONAL LTD,,1821424,False,False,False
YQ,17 EDUCATION & TECHNOLOGY GROUP INC.,,1821468,False,False,False
EXOD,"EXODUS MOVEMENT, INC.",,1821534,False,False,False
MLTX,MOONLAKE IMMUNOTHERAPEUTICS,,1821586,False,False,False
NVTS,NAVITAS SEMICONDUCTOR CORP,,1821769,False,False,False
LESL,"LESLIE'S, INC.",,1821806,False,False,False
OGN,ORGANON & CO.,,1821825,False,False,False
DCGO,DOCGO INC.,,1822359,False,False,False
FHTX,FOGHORN THERAPEUTICS INC.,,1822462,False,False,False
SHC,SOTERA HEALTH CO,,1822479,False,False,False
HLMN,HILLMAN SOLUTIONS CORP.,,1822492,False,False,False
AFCG,"AFC GAMMA, INC.",,1822523,False,False,False
CLNN,CLENE INC.,,1822791,False,False,False
HLLY,HOLLEY INC.,,1822928,False,False,False
SMR,NUSCALE POWER CORP,,1822966,False,False,False
JXN,JACKSON FINANCIAL INC.,,1822993,False,False,False
GPGI,"COMPOSECURE, INC.",,1823144,False,False,False
MRVI,"MARAVAI LIFESCIENCES HOLDINGS, INC.",,1823239,False,False,False
LSPD,LIGHTSPEED COMMERCE INC.,,1823306,False,False,False
GBNY,"GENERATIONS BANCORP NY, INC.",,1823365,False,False,False
AFBI,"AFFINITY BANCSHARES, INC.",,1823406,False,False,False
NOTE,"FISCALNOTE HOLDINGS, INC.",,1823466,False,False,False
ACT,"ENACT HOLDINGS, INC.",,1823529,False,False,False
AENT,ALLIANCE ENTERTAINMENT HOLDING CORP,,1823584,False,False,False
SKYH,SKY HARBOUR GROUP CORP,,1823587,False,False,False
AMAL,AMALGAMATED FINANCIAL CORP.,,1823608,False,False,False
ECXJ,"CXJ GROUP CO., LTD",,1823635,False,False,False
EVEX,"EVE HOLDING, INC.",,1823652,False,False,False
ARKO,ARKO CORP.,,1823794,False,False,False
MYPS,"PLAYSTUDIOS, INC.",,1823878,False,False,False
OWL,BLUE OWL CAPITAL INC.,,1823945,False,False,False
WDH,WATERDROP INC.,,1823986,False,False,False
GRI,"GRI BIO, INC.",,1824293,False,False,False
RSVR,"RESERVOIR MEDIA, INC.",,1824403,False,False,False
ACHR,ARCHER AVIATION INC.,,1824502,False,False,False
CGNT,COGNYTE SOFTWARE LTD.,,1824814,False,False,False
SRZN,"SURROZEN, INC./DE",,1824893,False,False,False
IONQ,"IONQ, INC.",,1824920,False,False,False
OPAD,OFFERPAD SOLUTIONS INC.,,1825024,False,False,False
VELO,"VELO3D, INC.",,1825079,False,False,False
DFH,"DREAM FINDERS HOMES, INC.",,1825088,False,False,False
FRBP,FRANKLIN BSP CAPITAL CORP,,1825248,False,False,False
CHSN,CHANSON INTERNATIONAL HOLDING,,1825349,False,False,False
ONFO,"ONFOLIO HOLDINGS, INC",,1825452,False,False,False
PAX,PATRIA INVESTMENTS LTD,,1825570,False,False,False
RAYA,ERAYAK POWER SOLUTION GROUP INC.,,1825875,False,False,False
BNZI,"BANZAI INTERNATIONAL, INC.",,1826011,False,False,False
TIMB,TIM S.A.,,1826168,False,False,False
VINP,VINCI PARTNERS INVESTMENTS LTD.,,1826286,False,False,False
AVX,AGRIFORCE GROWING SYSTEMS LTD.,,1826397,False,False,False
GLUE,"MONTE ROSA THERAPEUTICS, INC.",,1826457,False,False,False
WOOF,"PETCO HEALTH & WELLNESS COMPANY, INC.",,1826470,False,False,False
MNTK,"MONTAUK RENEWABLES, INC.",,1826600,False,False,False
WETH,WETOUCH TECHNOLOGY INC.,,1826660,False,False,False
TLSI,"TRISALUS LIFE SCIENCES, INC.",,1826667,False,False,False
PDYN,PALLADYNE AI CORP.,,1826681,False,False,False
BODI,"BEACHBODY COMPANY, INC.",,1826889,False,False,False
BCAB,"BIOATLA, INC.",,1826892,False,False,False
CERT,"CERTARA, INC.",,1827090,False,False,False
PLTK,PLAYTIKA HOLDING CORP.,,1828016,False,False,False
STKH,STEAKHOLDER FOODS LTD.,,1828098,False,False,False
KARO,KAROOOOO LTD.,,1828102,False,False,False
HIPO,HIPPO HOLDINGS INC.,,1828105,False,False,False
AUR,"AURORA INNOVATION, INC.",,1828108,False,False,False
FTCI,"FTC SOLAR, INC.",,1828161,False,False,False
BRNS,BARINTHUS BIOTHERAPEUTICS PLC.,,1828185,False,False,False
PHAR,PHARMING GROUP N.V.,,1828316,False,False,False
ENVX,ENOVIX CORP,,1828318,False,False,False
RLX,RLX TECHNOLOGY INC.,,1828365,False,False,False
FTCO,FORTITUDE GOLD CORP,,1828377,False,False,False
NRGV,"ENERGY VAULT HOLDINGS, INC.",,1828536,False,False,False
HNVR,"HANOVER BANCORP, INC. /NY",,1828588,False,False,False
HCWB,HCW BIOLOGICS INC.,,1828673,False,False,False
ASFH,ASIAFIN HOLDINGS CORP.,,1828748,False,False,False
DSP,VIANT TECHNOLOGY INC.,,1828791,False,False,False
ALMU,"AELUMA, INC.",,1828805,False,False,False
FOA,FINANCE OF AMERICA COMPANIES INC.,,1828937,False,False,False
CRCT,"CRICUT, INC.",,1828962,False,False,False
BZFD,"BUZZFEED, INC.",,1828972,False,False,False
TUYA,TUYA INC.,,1829118,False,False,False
BFRG,"BULLFROG AI HOLDINGS, INC.",,1829247,False,False,False
BMNR,"BITMINE IMMERSION TECHNOLOGIES, INC.",,1829311,False,False,False
CARE,"CARTER BANKSHARES, INC.",,1829576,False,False,False
RNAZ,"TRANSCODE THERAPEUTICS, INC.",,1829635,False,False,False
EMPD,"VOLCON, INC.",,1829794,False,False,False
FTH,"SENSEI BIOTHERAPEUTICS, INC.",,1829802,False,False,False
TASK,"TASKUS, INC.",,1829864,False,False,False
PCT,"PURECYCLE TECHNOLOGIES, INC.",,1830033,False,False,False
BMBL,BUMBLE INC.,,1830043,False,False,False
IPW,IPOWER INC.,,1830072,False,False,False
RUM,RUMBLE INC.,,1830081,False,False,False
DNA,"GINKGO BIOWORKS HOLDINGS, INC.",,1830214,False,False,False
PHVS,PHARVARIS N.V.,,1830487,False,False,False
GEG,"GREAT ELM GROUP, INC.",,1831096,False,False,False
AGL,"AGILON HEALTH, INC.",,1831097,False,False,False
JWSMF,JAWS MUSTANG ACQUISITION CORP,,1831359,False,False,False
SOC,SABLE OFFSHORE CORP.,,1831481,False,False,False
LDI,"LOANDEPOT, INC.",,1831631,False,False,False
SHLS,"SHOALS TECHNOLOGIES GROUP, INC.",,1831651,False,False,False
VERA,"VERA THERAPEUTICS, INC.",,1831828,False,False,False
ICU,SEASTAR MEDICAL HOLDING CORP,,1831868,False,False,False
CTKB,"CYTEK BIOSCIENCES, INC.",,1831915,False,False,False
SDST,GLOBAL PARTNER ACQUISITION CORP II,,1831979,False,False,False
IVVD,"INVIVYD, INC.",,1832038,False,False,False
VIPZ,KEYSTAR CORP.,,1832161,False,False,False
AVAH,"AVEANNA HEALTHCARE HOLDINGS, INC.",,1832332,False,False,False
ALHC,"ALIGNMENT HEALTHCARE, INC.",,1832466,False,False,False
SERV,SERVE ROBOTICS INC. /DE/,,1832483,False,False,False
GUER,"GUERRILLA RF, INC.",,1832487,False,False,False
PIII,P3 HEALTH PARTNERS INC.,,1832511,False,False,False
HELP,CYBIN INC.,,1833141,False,False,False
SWIM,"LATHAM GROUP, INC.",,1833197,False,False,False
SABS,"SAB BIOTHERAPEUTICS, INC.",,1833214,False,False,False
MDAI,"SPECTRAL AI, INC.",,1833498,False,False,False
DRS,"LEONARDO DRS, INC.",,1833756,False,False,False
HYPR,"HYPERFINE, INC.",,1833769,False,False,False
CSTAF,CONSTELLATION ACQUISITION CORP I,,1834032,False,False,False
ASAIY,SENDAS DISTRIBUTOR S.A.,,1834048,False,False,False
IBO,IMPACT BIOMEDICAL INC.,,1834105,False,False,False
INNV,INNOVAGE HOLDING CORP.,,1834376,False,False,False
NABL,"N-ABLE, INC.",,1834488,False,False,False
GPAT,GP-ACT III ACQUISITION CORP.,,1834526,False,False,False
CPNG,"COUPANG, INC.",,1834584,False,False,False
HAYW,"HAYWARD HOLDINGS, INC.",,1834622,False,False,False
COYA,"COYA THERAPEUTICS, INC.",,1835022,False,False,False
CNTB,CONNECT BIOPHARMA HOLDINGS LTD,,1835268,False,False,False
MBBC,"MARATHON BANCORP, INC. /MD/",,1835385,False,False,False
IMA,"IKENA ONCOLOGY, INC.",,1835579,False,False,False
PEPG,PEPGEN INC.,,1835597,False,False,False
MHUAF,"MEIHUA INTERNATIONAL MEDICAL TECHNOLOGIES CO., LTD.",,1835615,False,False,False
MRVL,"MARVELL TECHNOLOGY, INC.",,1835632,False,False,False
ZH,ZHIHU INC.,,1835724,False,False,False
KVYO,"KLAVIYO, INC.",,1835830,False,False,False
BETR,BETTER HOME & FINANCE HOLDING CO,,1835856,False,False,False
RTGN,RETINALGENIX TECHNOLOGIES INC.,,1836295,False,False,False
PL,PLANET LABS PBC,,1836833,False,False,False
NVVE,NUVVE HOLDING CORP.,,1836875,False,False,False
BBAI,"BIGBEAR.AI HOLDINGS, INC.",,1836981,False,False,False
SMRT,"SMARTRENT, INC.",,1837014,False,False,False
SYM,SYMBOTIC INC.,,1837240,False,False,False
AEON,"AEON BIOPHARMA, INC.",,1837607,False,False,False
CPPTL,COPPER PROPERTY CTL PASS THROUGH TRUST,,1837671,False,False,False
ZJYL,JIN MEDICAL INTERNATIONAL LTD.,,1837821,False,False,False
HODL,VANECK BITCOIN TRUST,,1838028,False,False,False
BNAI,BRAND ENGAGEMENT NETWORK INC.,,1838163,False,False,False
RGTI,"RIGETTI COMPUTING, INC.",,1838359,False,False,False
YMM,FULL TRUCK ALLIANCE CO. LTD.,,1838413,False,False,False
ALTI,"ALTI GLOBAL, INC.",,1838615,False,False,False
RERE,ATRENEW INC.,,1838957,False,False,False
SPWR,"COMPLETE SOLARIA, INC.",,1838987,False,False,False
HCTI,"HEALTHCARE TRIANGLE, INC.",,1839285,False,False,False
CORZ,"CORE SCIENTIFIC, INC./TX",,1839341,False,False,False
XBP,"XBP EUROPE HOLDINGS, INC.",,1839530,False,False,False
JBI,"JANUS INTERNATIONAL GROUP, INC.",,1839839,False,False,False
WALD,WALDENCAST PLC,,1840199,False,False,False
INKT,"MINK THERAPEUTICS, INC.",,1840229,False,False,False
XLO,"XILIO THERAPEUTICS, INC.",,1840233,False,False,False
VEEA,PLUM ACQUISITION CORP. I,,1840317,False,False,False
SSM,SONO GROUP N.V.,,1840416,False,False,False
OSRH,BELLEVUE LIFE SCIENCES ACQUISITION CORP.,,1840425,False,False,False
BMEA,"BIOMEA FUSION, INC.",,1840439,False,False,False
TBLA,TABOOLA.COM LTD.,,1840502,False,False,False
ELAB,ELEVAI LABS INC.,,1840563,False,False,False
LUCK,BOWLERO CORP.,,1840572,False,False,False
HGTY,"HAGERTY, INC.",,1840776,False,False,False
LOCL,LOCAL BOUNTI CORPORATION/DE,,1840780,False,False,False
SOUN,"SOUNDHOUND AI, INC.",,1840856,False,False,False
COCH,"ENVOY MEDICAL, INC.",,1840877,False,False,False
PAY,"PAYMENTUS HOLDINGS, INC.",,1841156,False,False,False
BRRR,VALKYRIE BITCOIN FUND,,1841175,False,False,False
HOLO,MICROCLOUD HOLOGRAM INC.,,1841209,False,False,False
KTTA,PASITHEA THERAPEUTICS CORP.,,1841330,False,False,False
CADL,"CANDEL THERAPEUTICS, INC.",,1841387,False,False,False
DAVE,DAVE INC./DE,,1841408,False,False,False
VGAS,"VERDE CLEAN FUELS, INC.",,1841425,False,False,False
APA,APA CORP,,1841666,False,False,False
ARBK,ARGO BLOCKCHAIN PLC,,1841675,False,False,False
GROV,"GROVE COLLABORATIVE HOLDINGS, INC.",,1841761,False,False,False
INDI,"INDIE SEMICONDUCTOR, INC.",,1841925,False,False,False
RPC,"P10, INC.",,1841968,False,False,False
DTM,"DT MIDSTREAM, INC.",,1842022,False,False,False
OPAL,OPAL FUELS INC.,,1842279,False,False,False
EONR,HNR ACQUISITION CORP.,,1842556,False,False,False
AISP,"AIRSHIP AI HOLDINGS, INC.",,1842566,False,False,False
BZ,KANZHUN LTD,,1842827,False,False,False
XAGE,CARMELL CORP,,1842939,False,False,False
CNTX,CONTEXT THERAPEUTICS INC.,,1842952,False,False,False
LIEN,SILVER SPIKE INVESTMENT CORP.,,1843162,False,False,False
YHC,LQR HOUSE INC.,,1843165,False,False,False
RMCO,ROYALTY MANAGEMENT HOLDING CORP,,1843656,False,False,False
ZPTA,ZAPATA COMPUTING HOLDINGS INC.,,1843714,False,False,False
LNZA,"LANZATECH GLOBAL, INC.",,1843724,False,False,False
FLYX,FLYEXCLUSIVE INC.,,1843973,False,False,False
MRAI,"MARPAI, INC.",,1844392,False,False,False
ESLA,"ESTRELLA IMMUNOPHARMA, INC.",,1844417,False,False,False
LUNR,"INTUITIVE MACHINES, INC.",,1844452,False,False,False
QTI,"QT IMAGING HOLDINGS, INC.",,1844505,False,False,False
SLDP,"SOLID POWER, INC.",,1844862,False,False,False
VIP,GREENIDGE GENERATION HOLDINGS INC.,,1844971,False,False,False
ANNA,SWIFTMERGE ACQUISITION CORP.,,1845123,False,False,False
CBRRF,CHAIN BRIDGE I,,1845149,False,False,False
LFST,"LIFESTANCE HEALTH GROUP, INC.",,1845257,False,False,False
NPWR,NET POWER INC.,,1845437,False,False,False
CULL,"CULLMAN BANCORP, INC. /MD/",,1845799,False,False,False
PAYO,PAYONEER GLOBAL INC.,,1845815,False,False,False
NXDR,"NEXTDOOR HOLDINGS, INC.",,1846069,False,False,False
JETMF,GLOBAL CROSSING AIRLINES GROUP INC.,,1846084,False,False,False
IMAQ,INTERNATIONAL MEDIA ACQUISITION CORP.,,1846235,False,False,False
OABI,"OMNIAB, INC.",,1846253,False,False,False
FIGS,"FIGS, INC.",,1846576,False,False,False
PSQH,"PSQ HOLDINGS, INC.",,1847064,False,False,False
SAIH,SAI.TECH GLOBAL CORP,,1847075,False,False,False
ASBP,POWERUP ACQUISITION CORP.,,1847345,False,False,False
BCOW,"1895 BANCORP OF WISCONSIN, INC. /MD/",,1847360,False,False,False
NECB,"NORTHEAST COMMUNITY BANCORP, INC./MD/",,1847398,False,False,False
BWMN,BOWMAN CONSULTING GROUP LTD.,,1847590,False,False,False
GNS,GENIUS GROUP LTD,,1847806,False,False,False
EUDA,EUDA HEALTH HOLDINGS LTD,,1847846,False,False,False
BEEP,MOBILE INFRASTRUCTURE CORP,,1847874,False,False,False
DFLI,DRAGONFLY ENERGY HOLDINGS CORP.,,1847986,False,False,False
SGML,SIGMA LITHIUM CORP,,1848309,False,False,False
OKMN,"OKMIN RESOURCES, INC.",,1848334,False,False,False
VRNO,VERANO HOLDINGS CORP.,,1848416,False,False,False
GDLG,GLIDELOGIC CORP.,,1848672,False,False,False
GLAS,GLASS HOUSE BRANDS INC.,,1848731,False,False,False
GDEV,GDEV INC.,,1848739,False,False,False
OKLO,ALTC ACQUISITION CORP.,,1849056,False,False,False
RYAN,"RYAN SPECIALTY HOLDINGS, INC.",,1849253,False,False,False
ONMD,ONEMEDNET CORP,,1849380,False,False,False
TCBS,"TEXAS COMMUNITY BANCSHARES, INC.",,1849466,False,False,False
DJT,TRUMP MEDIA & TECHNOLOGY GROUP CORP.,,1849635,False,False,False
KITT,"NAUTICUS ROBOTICS, INC.",,1849820,False,False,False
CLST,"CATALYST BANCORP, INC.",,1849867,False,False,False
IPSC,"CENTURY THERAPEUTICS, INC.",,1850119,False,False,False
HEPS,D-MARKET ELECTRONIC SERVICES & TRADING,,1850235,False,False,False
PROK,PROKIDNEY CORP.,,1850270,False,False,False
BTCW,WISDOMTREE BITCOIN FUND,,1850391,False,False,False
ACUT,ACCUSTEM SCIENCES INC.,,1850767,False,False,False
TKNO,"ALPHA TEKNOVA, INC.",,1850902,False,False,False
ZETA,ZETA GLOBAL HOLDINGS CORP.,,1851003,False,False,False
CTOR,TENX KEANE ACQUISITION,,1851484,False,False,False
CDAQF,COMPASS DIGITAL ACQUISITION CORP.,,1851909,False,False,False
CNDA,CONCORD ACQUISITION CORP II,,1851959,False,False,False
GCTS,"GCT SEMICONDUCTOR HOLDING, INC.",,1851961,False,False,False
AEAE,ALTENERGY ACQUISITION CORP,,1852016,False,False,False
IXAQF,IX ACQUISITION CORP.,,1852019,False,False,False
NXT,NEXTRACKER INC.,,1852131,False,False,False
GXO,"GXO LOGISTICS, INC.",,1852244,False,False,False
FBTC,FIDELITY WISE ORIGIN BITCOIN FUND,,1852317,False,False,False
DC,DAKOTA GOLD CORP.,,1852353,False,False,False
JZ,JIANZHI EDUCATION TECHNOLOGY GROUP CO LTD,,1852440,False,False,False
SGST,"STRATEGIC STORAGE TRUST VI, INC.",,1852575,False,False,False
MRT,"MARTI TECHNOLOGIES, INC.",,1852767,False,False,False
BRLS,BOREALIS FOODS INC.,,1852973,False,False,False
SOAR,"VOLATO GROUP, INC.",,1853070,False,False,False
KDK,ARES ACQUISITION CORP II,,1853138,False,False,False
EVCM,EVERCOMMERCE INC.,,1853145,False,False,False
HMELF,HOLD ME LTD,,1853630,False,False,False
ATAT,ATOUR LIFESTYLE HOLDINGS LTD,,1853717,False,False,False
DRMA,"DERMATA THERAPEUTICS, INC.",,1853816,False,False,False
DTCX,THUMZUP MEDIA CORP,,1853825,False,False,False
RLFTY,RELIEF THERAPEUTICS HOLDING SA,,1854078,False,False,False
ZVIA,ZEVIA PBC,,1854139,False,False,False
ANSC,AGRICULTURE & NATURAL SOLUTIONS ACQUISITION CORP,,1854149,False,False,False
ORIB,ORION BLISS CORP.,,1854183,False,False,False
SNTI,"SENTI BIOSCIENCES, INC.",,1854270,False,False,False
GGRP,"GLIMPSE GROUP, INC.",,1854445,False,False,False
WINV,WINVEST ACQUISITION CORP.,,1854463,False,False,False
DEVSF,FOCUS IMPACT ACQUISITION CORP.,,1854480,False,False,False
BRQL,"BROOQLY, INC.",,1854526,False,False,False
DDL,DINGDONG (CAYMAN) LTD,,1854545,False,False,False
MINR,MINERVA GOLD INC.,,1854816,False,False,False
SHFS,"SHF HOLDINGS, INC.",,1854963,False,False,False
NLCP,"NEWLAKE CAPITAL PARTNERS, INC.",,1854964,False,False,False
CTNM,"CONTINEUM THERAPEUTICS, INC.",,1855175,False,False,False
TYGO,"TIGO ENERGY, INC.",,1855447,False,False,False
MOBX,"MOBIX LABS, INC",,1855467,False,False,False
AIRJ,MONTANA TECHNOLOGIES CORP.,,1855474,False,False,False
CLDI,"CALIDI BIOTHERAPEUTICS, INC.",,1855485,False,False,False
VEEE,"TWIN VEE POWERCATS, CO.",,1855509,False,False,False
HLP,HONGLI GROUP INC.,,1855557,False,False,False
ZURA,ZURA BIO LTD,,1855644,False,False,False
BLND,"BLEND LABS, INC.",,1855747,False,False,False
BTCO,INVESCO GALAXY BITCOIN ETF,,1855781,False,False,False
SEAT,VIVID SEATS INC.,,1856031,False,False,False
YOU,"CLEAR SECURE, INC.",,1856314,False,False,False
FINW,FINWISE BANCORP,,1856365,False,False,False
VSXY,VICTORIA'S SECRET & CO.,,1856437,False,False,False
SLVM,SYLVAMO CORP,,1856485,False,False,False
CNM,"CORE & MAIN, INC.",,1856525,False,False,False
RANI,"RANI THERAPEUTICS HOLDINGS, INC.",,1856725,False,False,False
INCR,INTERCURE LTD.,,1857030,False,False,False
INDP,"INDAPTUS THERAPEUTICS, INC.",,1857044,False,False,False
DNUT,"KRISPY KREME, INC.",,1857154,False,False,False
GCT,GIGACLOUD TECHNOLOGY INC,,1857816,False,False,False
COOK,"TRAEGER, INC.",,1857853,False,False,False
GDST,GOLDENSTONE ACQUISITION LTD.,,1858007,False,False,False
APO,"APOLLO GLOBAL MANAGEMENT, INC.",,1858681,False,False,False
BFRI,BIOFRONTERA INC.,,1858685,False,False,False
TNYA,"TENAYA THERAPEUTICS, INC.",,1858848,False,False,False
ZVSA,"ZYVERSA THERAPEUTICS, INC.",,1859007,False,False,False
AIRE,REALPHA TECH CORP.,,1859199,False,False,False
CDRE,"CADRE HOLDINGS, INC.",,1860543,False,False,False
ALLR,"ALLARITY THERAPEUTICS, INC.",,1860657,False,False,False
BLCO,BAUSCH & LOMB CORP,,1860742,False,False,False
ASTL,ALGOMA STEEL GROUP INC.,,1860805,False,False,False
TVGN,TEVOGEN BIO HOLDINGS INC.,,1860871,False,False,False
JTAI,JET.AI INC.,,1861622,False,False,False
CNTN,"THARIMMUNE, INC.",,1861657,False,False,False
HSAI,HESAI GROUP,,1861737,False,False,False
DH,DEFINITIVE HEALTHCARE CORP.,,1861795,False,False,False
ECX,ECARX HOLDINGS INC.,,1861974,False,False,False
ZKH,ZKH GROUP LTD,,1862044,False,False,False
CING,CINGULATE INC.,,1862150,False,False,False
AMOD,INSIGHT ACQUISITION CORP. /DE,,1862463,False,False,False
CURR,INFINT ACQUISITION CORP,,1862935,False,False,False
TYRA,"TYRA BIOSCIENCES, INC.",,1863127,False,False,False
MSAI,"MULTISENSOR AI HOLDINGS, INC.",,1863990,False,False,False
ABTS,ABITS GROUP INC,,1864055,False,False,False
INTR,"INTER & CO, INC.",,1864163,False,False,False
VSEE,DIGITAL HEALTH ACQUISITION CORP.,,1864531,False,False,False
FGI,FGI INDUSTRIES LTD.,,1864943,False,False,False
AKA,A.K.A. BRANDS HOLDING CORP.,,1865107,False,False,False
ANGX,SOUTHPORT ACQUISITION CORP,,1865200,False,False,False
KACLF,KAIROUS ACQUISITION CORP. LTD,,1865468,False,False,False
IOBTQ,"IO BIOTECH, INC.",,1865494,False,False,False
ZEO,ZEO ENERGY CORP.,,1865506,False,False,False
NN,NEXTNAV INC.,,1865631,False,False,False
BTSG,"BRIGHTSPRING HEALTH SERVICES, INC.",,1865782,False,False,False
AZ,A2Z SMART TECHNOLOGIES CORP,,1866030,False,False,False
CRGY,CRESCENT ENERGY CO,,1866175,False,False,False
EMAT,WELSBACH TECHNOLOGY METALS ACQUISITION CORP.,,1866226,False,False,False
BROS,DUTCH BROS INC.,,1866581,False,False,False
CCSI,"CONSENSUS CLOUD SOLUTIONS, INC.",,1866633,False,False,False
AMPL,"AMPLITUDE, INC.",,1866692,False,False,False
BRLT,"BRILLIANT EARTH GROUP, INC.",,1866757,False,False,False
OPTX,"SYNTEC OPTICS HOLDINGS, INC.",,1866816,False,False,False
DERM,JOURNEY MEDICAL CORP,,1867066,False,False,False
KD,"KYNDRYL HOLDINGS, INC.",,1867072,False,False,False
XERS,"XERIS BIOPHARMA HOLDINGS, INC.",,1867096,False,False,False
REFI,"CHICAGO ATLANTIC REAL ESTATE FINANCE, INC.",,1867949,False,False,False
CEG,CONSTELLATION ENERGY CORP,,1868275,False,False,False
AVBP,"ARRIVENT BIOPHARMA, INC.",,1868279,False,False,False
YIBO,PLANET IMAGE INTERNATIONAL LTD,,1868395,False,False,False
CYCU,WESTERN ACQUISITION VENTURES CORP.,,1868419,False,False,False
FLNC,"FLUENCE ENERGY, INC.",,1868941,False,False,False
BBOT,HELIX ACQUISITION CORP. II,,1869105,False,False,False
LTH,"LIFE TIME GROUP HOLDINGS, INC.",,1869198,False,False,False
SVRN,OCEANPAL INC.,,1869467,False,False,False
ARKB,ARK 21SHARES BITCOIN ETF,,1869699,False,False,False
OCEA,"OCEAN BIOMEDICAL, INC.",,1869974,False,False,False
CDIO,"CARDIO DIAGNOSTICS HOLDINGS, INC.",,1870144,False,False,False
CERO,"CERO THERAPEUTICS HOLDINGS, INC.",,1870404,False,False,False
SBDS,"SOLO BRANDS, INC.",,1870600,False,False,False
AIRS,"AIRSCULPT TECHNOLOGIES, INC.",,1870940,False,False,False
FOFA,"QUALIS INNOVATIONS, INC.",,1871181,False,False,False
PTLO,PORTILLO'S INC.,,1871509,False,False,False
BZAI,BURTECH ACQUISITION CORP.,,1871638,False,False,False
ANGH,ANGHAMI INC,,1871983,False,False,False
MIBE,MIAMI BREEZE CAR CARE INC,,1872066,False,False,False
RAKR,RAINMAKER WORLDWIDE INC.,,1872292,False,False,False
NA,NANO LABS LTD,,1872302,False,False,False
MDXH,MDXHEALTH SA,,1872529,False,False,False
EMBC,EMBECTA CORP.,,1872789,False,False,False
GDTC,CYTOMED THERAPEUTICS LTD,,1873093,False,False,False
BRWC,BIRDIE WIN CORP,,1873213,False,False,False
BBLR,BUBBLR INC.,,1873722,False,False,False
IMMX,"IMMIX BIOPHARMA, INC.",,1873835,False,False,False
IXHL,INCANNEX HEALTHCARE INC.,,1873875,False,False,False
ONL,ORION OFFICE REIT INC.,,1873923,False,False,False
PDLB,"PONCE FINANCIAL GROUP, INC.",,1874071,False,False,False
CYN,CYNGN INC.,,1874097,False,False,False
RIVN,"RIVIAN AUTOMOTIVE, INC. / DE",,1874178,False,False,False
QUCY,MAINZ BIOMED N.V.,,1874252,False,False,False
SATL,SATELLOGIC INC.,,1874315,False,False,False
HOUR,"HOUR LOOP, INC",,1874875,False,False,False
NRSN,NEUROSENSE THERAPEUTICS LTD.,,1875091,False,False,False
ARHS,"ARHAUS, INC.",,1875444,False,False,False
NVCT,"NUVECTIS PHARMA, INC.",,1875558,False,False,False
SWVL,SWVL HOLDINGS CORP,,1875609,False,False,False
PRE,PRENETICS GLOBAL LTD,,1876431,False,False,False
IMPP,IMPERIAL PETROLEUM INC./MARSHALL ISLANDS,,1876581,False,False,False
ASCBF,ASPAC II ACQUISITION CORP.,,1876716,False,False,False
LICN,LICHEN CHINA LTD,,1876766,False,False,False
ESAB,ESAB CORP,,1877322,False,False,False
THCH,TH INTERNATIONAL LTD,,1877333,False,False,False
CBDW,1606 CORP.,,1877461,False,False,False
ZGN,ERMENEGILDO ZEGNA N.V.,,1877787,False,False,False
CTM,"CASTELLUM, INC.",,1877939,False,False,False
SGHC,SUPER GROUP (SGHC) LTD,,1878057,False,False,False
MAIA,"MAIA BIOTECHNOLOGY, INC.",,1878313,False,False,False
DOUG,DOUGLAS ELLIMAN INC.,,1878897,False,False,False
IE,IVANHOE ELECTRIC INC.,,1879016,False,False,False
ADSE,ADS-TEC ENERGY PUBLIC LTD CO,,1879248,False,False,False
TCRG,CANNAISSEUR GROUP INC.,,1879270,False,False,False
MMCP,"MAG MILE CAPITAL, INC.",,1879293,False,False,False
LRHC,LA ROSA HOLDINGS CORP.,,1879403,False,False,False
SIDU,SIDUS SPACE INC.,,1879726,False,False,False
PEVM,PHOENIX MOTOR INC.,,1879848,False,False,False
PRM,"PERIMETER SOLUTIONS, SA",,1880319,False,False,False
AMZE,"FRESH VINE WINE, INC.",,1880343,False,False,False
VHAI,VOCODIA HOLDINGS CORP,,1880431,False,False,False
ANTX,"AN2 THERAPEUTICS, INC.",,1880438,False,False,False
TPG,TPG INC.,,1880661,False,False,False
MEGL,MAGIC EMPIRE GLOBAL LTD,,1881472,False,False,False
ACDC,PROFRAC HOLDING CORP.,,1881487,False,False,False
STI,SOLIDION TECHNOLOGY INC.,,1881551,False,False,False
NSTS,"NSTS BANCORP, INC.",,1881592,False,False,False
CBLO,"C2 BLOCKCHAIN,INC.",,1882781,False,False,False
GPLL,"GPL HOLDINGS, INC.",,1883083,False,False,False
PGY,PAGAYA TECHNOLOGIES LTD.,,1883085,False,False,False
SVV,"SAVERS VALUE VILLAGE, INC.",,1883313,False,False,False
DKNG,DRAFTKINGS INC.,,1883685,False,False,False
SLND,"SOUTHLAND HOLDINGS, INC.",,1883814,False,False,False
ESGH,ESG INC.,,1883835,False,False,False
ALCE,"ALTERNUS CLEAN ENERGY, INC.",,1883984,False,False,False
SPKL,SPARK I ACQUISITION CORP,,1884046,False,False,False
KWIK,"KWIKCLICK, INC.",,1884164,False,False,False
DTI,DRILLING TOOLS INTERNATIONAL CORP,,1884516,False,False,False
NEXR,JEFFS' BRANDS LTD,,1885408,False,False,False
NMRA,"NEUMORA THERAPEUTICS, INC.",,1885522,False,False,False
MGAM,"MOBILE GLOBAL ESPORTS, INC.",,1886362,False,False,False
SNAL,"SNAIL, INC.",,1886894,False,False,False
SHIM,SHIMMICK CORP,,1887944,False,False,False
AKAN,AKANDA CORP.,,1888014,False,False,False
FMTOF,BYND CANNASOFT ENTERPRISES INC.,,1888151,False,False,False
EE,"EXCELERATE ENERGY, INC.",,1888447,False,False,False
FEAM,"5E ADVANCED MATERIALS, INC.",,1888654,False,False,False
GPCR,STRUCTURE THERAPEUTICS INC.,,1888886,False,False,False
RENEF,CARTESIAN GROWTH CORP II,,1889112,False,False,False
FLD,FTAC EMERALD ACQUISITION CORP.,,1889123,False,False,False
CRBG,"COREBRIDGE FINANCIAL, INC.",,1889539,False,False,False
KVAC,KEEN VISION ACQUISITION CORP.,,1889983,False,False,False
BRCC,BRC INC.,,1891101,False,False,False
GENK,"GEN RESTAURANT GROUP, INC.",,1891856,False,False,False
LDDD,LONGDUODUO CO LTD,,1892316,False,False,False
HTCR,"HEARTCORE ENTERPRISES, INC.",,1892322,False,False,False
ORBS,EIGHTCO HOLDINGS INC.,,1892492,False,False,False
VMCAF,VALUENCE MERGER CORP. I,,1892747,False,False,False
RLEA,RUBBER LEAF INC,,1893657,False,False,False
PRME,"PRIME MEDICINE, INC.",,1894562,False,False,False
XPON,EXPION360 INC.,,1894954,False,False,False
CNTM,MONTEREY CAPITAL ACQUISITION CORP,,1895249,False,False,False
NE,NOBLE CORP PLC,,1895262,False,False,False
GXAI,GAXOS.AI INC.,,1895618,False,False,False
CDT,CONDUIT PHARMACEUTICALS INC.,,1896212,False,False,False
HWH,HWH INTERNATIONAL INC.,,1897245,False,False,False
GETY,"GETTY IMAGES HOLDINGS, INC.",,1898496,False,False,False
VSTD,YOSHIHARU GLOBAL CO.,,1898604,False,False,False
TPET,TRIO PETROLEUM CORP.,,1898766,False,False,False
LVWR,"LIVEWIRE GROUP, INC.",,1898795,False,False,False
AMPX,"AMPRIUS TECHNOLOGIES, INC.",,1899287,False,False,False
WLGSF,"WANG & LEE GROUP, INC.",,1899658,False,False,False
FIP,FTAI INFRASTRUCTURE INC.,,1899883,False,False,False
TETEF,TECHNOLOGY & TELECOMMUNICATION ACQUISITION CORP,,1900679,False,False,False
UCFI,IRON HORSE ACQUISITIONS CORP.,,1901203,False,False,False
ALCYF,ALCHEMY INVESTMENTS ACQUISITION CORP 1,,1901336,False,False,False
ULS,UL SOLUTIONS INC.,,1901440,False,False,False
USCB,"USCB FINANCIAL HOLDINGS, INC.",,1901637,False,False,False
BTMCQ,BITCOIN DEPOT INC.,,1901799,False,False,False
MPTI,"M-TRON INDUSTRIES, INC.",,1902314,False,False,False
NCNO,"NCINO, INC.",,1902733,False,False,False
GRRR,GORILLA TECHNOLOGY GROUP INC.,,1903145,False,False,False
BHM,"BLUEROCK HOMES TRUST, INC.",,1903382,False,False,False
CLRCF,CLIMATEROCK,,1903392,False,False,False
AFRI,FORAFRIC GLOBAL PLC,,1903870,False,False,False
MIRA,"MIRA PHARMACEUTICALS, INC.",,1904286,False,False,False
ZTEK,ZENTEK LTD.,,1904501,False,False,False
JCSE,JE CLEANTECH HOLDINGS LTD,,1905511,False,False,False
TGL,TREASURE GLOBAL INC,,1905956,False,False,False
QDEL,QUIDELORTHO CORP,,1906324,False,False,False
LXEO,"LEXEO THERAPEUTICS, INC.",,1907108,False,False,False
ELBM,ELECTRA BATTERY MATERIALS CORP,,1907184,False,False,False
GRML,REDWOODS ACQUISITION CORP.,,1907223,False,False,False
QBTS,D-WAVE QUANTUM INC.,,1907982,False,False,False
ENDI,ENDI CORP.,,1908984,False,False,False
JUSHF,JUSHI HOLDINGS INC.,,1909747,False,False,False
MBLY,MOBILEYE GLOBAL INC.,,1910139,False,False,False
RPDL,RAPID LINE INC.,,1910975,False,False,False
CRCE,"CIRCLE ENERGY, INC./NV",,1911467,False,False,False
AIEV,FEUTUNE LIGHT ACQUISITION CORP,,1912582,False,False,False
USEA,UNITED MARITIME CORP,,1912847,False,False,False
VFS,VINFAST AUTO LTD.,,1913510,False,False,False
SMNR,DENALI CAPITAL ACQUISITION CORP.,,1913577,False,False,False
VWFB,"VWF BANCORP, INC.",,1913838,False,False,False
BPRN,"PRINCETON BANCORP, INC.",,1913971,False,False,False
ECBK,"ECB BANCORP, INC. /MD/",,1914605,False,False,False
BANL,CBL INTERNATIONAL LTD,,1914805,False,False,False
ISRLF,ISRAEL ACQUISITIONS CORP,,1915328,False,False,False
DINO,HF SINCLAIR CORP,,1915657,False,False,False
NCI,NEO-CONCEPT INTERNATIONAL GROUP HOLDINGS LTD,,1916331,False,False,False
DBHL,ASPEN-1 ACQUISITION INC.,,1918080,False,False,False
FISN,SURFSIDE ACQUISITION INC.,,1918102,False,False,False
PTHS,CHROMOCELL THERAPEUTICS CORP,,1919246,False,False,False
ASST,ASSET ENTITIES INC.,,1920406,False,False,False
FUFU,BITFUFU INC.,,1921158,False,False,False
ASPI,ASP ISOTOPES INC.,,1921865,False,False,False
ATMU,ATMUS FILTRATION TECHNOLOGIES INC.,,1921963,False,False,False
LANV,LANVIN GROUP HOLDINGS LTD,,1922097,False,False,False
SYRA,SYRA HEALTH CORP,,1922335,False,False,False
PGIM,PGIM PRIVATE CREDIT FUND,,1923622,False,False,False
NCL,NORTHANN CORP.,,1923780,False,False,False
NNE,NANO NUCLEAR ENERGY INC.,,1923891,False,False,False
GRNT,"GRANITE RIDGE RESOURCES, INC.",,1928446,False,False,False
RXO,"RXO, INC.",,1929561,False,False,False
HOVR,NEW HORIZON AIRCRAFT LTD.,,1930021,False,False,False
SBC,"PONO CAPITAL TWO, INC.",,1930313,False,False,False
ALRTF,ALR TECHNOLOGIES SG LTD.,,1930419,False,False,False
VCIG,VCI GLOBAL LTD,,1930510,False,False,False
LOBO,LOBO EV TECHNOLOGIES LTD,,1932072,False,False,False
BCCG,BLUE CHIP CAPITAL GROUP INC.,,1932213,False,False,False
GEHC,GE HEALTHCARE TECHNOLOGIES INC.,,1932393,False,False,False
NTCS,NATICS CORP.,,1933359,False,False,False
MLYS,"MINERALYS THERAPEUTICS, INC.",,1933414,False,False,False
NRXS,"NEURAXIS, INC",,1933567,False,False,False
NWTG,"SACKS PARENTE GOLF, INC.",,1934245,False,False,False
MDBH,"MDB CAPITAL HOLDINGS, LLC",,1934642,False,False,False
FG,"F&G ANNUITIES & LIFE, INC.",,1934850,False,False,False
KMFG,KEEMO FASHION GROUP LTD,,1935033,False,False,False
CETI,"CYBER ENVIRO-TECH, INC.",,1935092,False,False,False
AIXI,XIAO-I CORP,,1935172,False,False,False
BHVN,BIOHAVEN LTD.,,1935979,False,False,False
SRFM,SURF AIR MOBILITY INC.,,1936224,False,False,False
NAMS,NEWAMSTERDAM PHARMA CO N.V.,,1936258,False,False,False
SDA,SUNCAR TECHNOLOGY GROUP INC.,,1936804,False,False,False
AMBIQ,AMBIPAR EMERGENCY RESPONSE,,1937441,False,False,False
ZYME,ZYMEWORKS INC.,,1937653,False,False,False
AMCI,ALPHAVEST ACQUISITION CORP.,,1937891,False,False,False
FBYD,"FALCON'S BEYOND GLOBAL, INC.",,1937987,False,False,False
CVKD,"CADRENAL THERAPEUTICS, INC.",,1937993,False,False,False
MGRX,"MANGOCEUTICALS, INC.",,1938046,False,False,False
PAPL,PINEAPPLE FINANCIAL INC.,,1938109,False,False,False
JYD,JAYUD GLOBAL LOGISTICS LTD,,1938186,False,False,False
GLTK,GLOBALTECH CORP,,1938338,False,False,False
FBGL,FBS GLOBAL LTD,,1938534,False,False,False
PALX,UNITE ACQUISITION 3 CORP.,,1938569,False,False,False
APTN,UNITE ACQUISITION 1 CORP.,,1938571,False,False,False
DPU,TOP KINGWIN LTD,,1938865,False,False,False
UCAR,U POWER LTD,,1939780,False,False,False
LMMY,L A M Y,,1939937,False,False,False
SMX,SMX (SECURITY MATTERS) PUBLIC LTD CO,,1940674,False,False,False
MFI,MF INTERNATIONAL LTD,,1940941,False,False,False
TANAF,TIAN'AN TECHNOLOGY GROUP LTD,,1941189,False,False,False
NELR,NEOLARA CORP.,,1941360,False,False,False
MBC,"MASTERBRAND, INC.",,1941365,False,False,False
MWG,MULTI WAYS HOLDINGS LTD,,1941500,False,False,False
BAER,"BRIDGER AEROSPACE GROUP HOLDINGS, INC.",,1941536,False,False,False
SVCO,"SILVACO GROUP, INC.",,1943289,False,False,False
TRSG,TUNGRAY TECHNOLOGIES INC,,1943444,False,False,False
FSEA,"FIRST SEACOAST BANCORP, INC.",,1943802,False,False,False
RBRK,"RUBRIK, INC.",,1943896,False,False,False
CR,CRANE CO,,1944013,False,False,False
KVUE,KENVUE INC.,,1944048,False,False,False
ANL,ADLAI NORTYE LTD.,,1944552,False,False,False
VTS,"VITESSE ENERGY, INC.",,1944558,False,False,False
OMH,OHMYHOME LTD,,1944902,False,False,False
KSEZ,KINETIC SEAS INC.,,1945619,False,False,False
HSPOF,HORIZON SPACE ACQUISITION I CORP.,,1946021,False,False,False
SXTP,"60 DEGREES PHARMACEUTICALS, INC.",,1946563,False,False,False
NAKA,"KINDLY MD, INC.",,1946573,False,False,False
WBUY,WEBUY GLOBAL LTD,,1946703,False,False,False
USGO,U.S. GOLDMINING INC.,,1947244,False,False,False
NMHI,NATURE'S MIRACLE HOLDING INC.,,1947861,False,False,False
MTEN,MINGTENG INTERNATIONAL CORP INC.,,1948099,False,False,False
NWGL,NATURE WOOD GROUP LTD,,1948294,False,False,False
ISPR,ISPIRE TECHNOLOGY INC.,,1948455,False,False,False
SPPL,SIMPPLE LTD.,,1948697,False,False,False
DTCKF,DAVIS COMMODITIES LTD,,1949478,False,False,False
CISS,C3IS INC.,,1951067,False,False,False
SRBK,"SR BANCORP, INC.",,1951276,False,False,False
VSME,VS MEDIA HOLDINGS LTD,,1951294,False,False,False
CTNT,CHEETAH NET SUPPLY CHAIN SERVICE INC.,,1951667,False,False,False
MSGE,MADISON SQUARE GARDEN ENTERTAINMENT CORP.,,1952073,False,False,False
MAMO,MASSIMO GROUP,,1952853,False,False,False
NLOP,NET LEASE OFFICE PROPERTIES,,1952976,False,False,False
STHO,STAR HOLDINGS,,1953366,False,False,False
BCG,"BINAH CAPITAL GROUP, INC.",,1953984,False,False,False
LGCL,LUCAS GC LTD,,1954694,False,False,False
KNF,KNIFE RIVER CORP,,1955520,False,False,False
ZONE,"CLEANCORE SOLUTIONS, INC.",,1956741,False,False,False
TRON,"SRM ENTERTAINMENT, INC.",,1956744,False,False,False
ABVX,ABIVAX S.A.,,1956827,False,False,False
UMAC,"UNUSUAL MACHINES, INC.",,1956955,False,False,False
FEBO,FENBO HOLDINGS LTD,,1957001,False,False,False
DCX,"CHIJET MOTOR COMPANY, INC.",,1957413,False,False,False
ABLV,ABLE VIEW GLOBAL INC.,,1957489,False,False,False
OIO,ESGL HOLDINGS LTD,,1957538,False,False,False
CLB,CORE LABORATORIES INC. /DE/,,1958086,False,False,False
BATRA,"ATLANTA BRAVES HOLDINGS, INC.",,1958140,False,False,False
LZM,LIFEZONE METALS LTD,,1958217,False,False,False
MI,NFT LTD,,1958713,False,False,False
FBLG,"FIBROBIOLOGICS, INC.",,1958777,False,False,False
RENX,SAFE & GREEN DEVELOPMENT CORP,,1959023,False,False,False
LUDG,"LUDWIG ENTERPRISES, INC.",,1960262,False,False,False
INHD,INNO HOLDINGS INC.,,1961847,False,False,False
BOF,BRANCHOUT FOOD INC.,,1962481,False,False,False
LOT,LOTUS TECHNOLOGY INC.,,1962746,False,False,False
ATCH,"ATLASCLEAR HOLDINGS, INC.",,1963088,False,False,False
TURB,"TURBO ENERGY, S.A.",,1963439,False,False,False
RR,RICHTECH ROBOTICS INC.,,1963685,False,False,False
BHRB,BURKE & HERBERT FINANCIAL SERVICES CORP.,,1964333,False,False,False
ORISF,ORIENTAL RISE HOLDINGS LTD,,1964664,False,False,False
SOLV,SOLVENTUM CORP,,1964738,False,False,False
HUT,HUT 8 CORP.,,1964789,False,False,False
ECO,OKEANIS ECO TANKERS CORP.,,1964954,False,False,False
ALUR,"ALLURION TECHNOLOGIES, INC.",,1964979,False,False,False
FTRE,FORTREA HOLDINGS INC.,,1965040,False,False,False
CCG,CHECHE GROUP INC.,,1965473,False,False,False
MSBB,"MERCER BANCORP, INC.",,1967306,False,False,False
VSTS,VESTIS CORP,,1967649,False,False,False
PFSB,"PFS BANCORP, INC.",,1967656,False,False,False
VLTO,VERALTO CORP,,1967680,False,False,False
WS,"WORTHINGTON STEEL, INC.",,1968487,False,False,False
PHIN,PHINIA INC.,,1968915,False,False,False
VTMX,"VESTA REAL ESTATE CORPORATION, S.A.B. DE C.V.",,1969373,False,False,False
UZX,LINKAGE GLOBAL INC,,1969401,False,False,False
USAR,INFLECTION POINT ACQUISITION CORP. II,,1970622,False,False,False
RYDE,RYDE GROUP LTD,,1971115,False,False,False
SBGI,"SINCLAIR, INC.",,1971213,False,False,False
TELO,"TELOMIR PHARMACEUTICALS, INC.",,1971532,False,False,False
BTOC,ARMLOGI HOLDING CORP.,,1972529,False,False,False
ARM,ARM HOLDINGS PLC /UK,,1973239,False,False,False
TKO,"TKO GROUP HOLDINGS, INC.",,1973266,False,False,False
AU,ANGLOGOLD ASHANTI PLC,,1973832,False,False,False
MNY,MONEYHERO LTD,,1974044,False,False,False
NATL,NCR ATLEOS CORP,,1974138,False,False,False
APGE,"APOGEE THERAPEUTICS, INC.",,1974640,False,False,False
FLYE,"FLY-E GROUP, INC.",,1975940,False,False,False
SYNX,SILYNXCOM LTD.,,1976443,False,False,False
NXNT,"NEXSCIENT, INC.",,1976663,False,False,False
USDW,ALIXO-YOLLOO CORP.,,1977837,False,False,False
TWG,TOP WEALTH GROUP HOLDING LTD,,1978057,False,False,False
NPLY,NAPLOY CORP.,,1978111,False,False,False
QETA,QUETTA ACQUISITION CORP,,1978528,False,False,False
GOVB,"GOUVERNEUR BANCORP, INC./MD/",,1978811,False,False,False
TBBB,BBB FOODS INC,,1978954,False,False,False
AFJK,"AIMEI HEALTH TECHNOLOGY CO., LTD.",,1979005,False,False,False
NBBK,"NB BANCORP, INC.",,1979330,False,False,False
CPBI,"CENTRAL PLAINS BANCSHARES, INC.",,1979332,False,False,False
MNR,MACH NATURAL RESOURCES LP,,1980088,False,False,False
ENGN,ENGENE HOLDINGS INC.,,1980845,False,False,False
IBIT,ISHARES BITCOIN TRUST,,1980994,False,False,False
SBET,"SHARPLINK GAMING, INC.",,1981535,False,False,False
CTRI,"CENTURI HOLDINGS, INC.",,1981599,False,False,False
HHH,HOWARD HUGHES HOLDINGS INC.,,1981792,False,False,False
SDHC,SMITH DOUGLAS HOMES CORP.,,1982518,False,False,False
GOAI,EVA LIVE INC,,1983736,False,False,False
AESI,ATLAS ENERGY SOLUTIONS INC.,,1984060,False,False,False
YYGH,YY GROUP HOLDING LTD.,,1985337,False,False,False
KSPI,JOINT STOCK CO KASPI.KZ,,1985487,False,False,False
LDXC,LONDAX CORP.,,1985554,False,False,False
DEFI,TIDAL COMMODITIES TRUST I,,1985840,False,False,False
SHMD,SCHMID GROUP N.V.,,1987240,False,False,False
MRNO,MURANO GLOBAL INVESTMENTS LTD,,1988776,False,False,False
GAFC,GURU APP FACTORY CORP,,1989788,False,False,False
SELXF,SEMILUX INTERNATIONAL LTD.,,1990950,False,False,False
CGON,"CG ONCOLOGY, INC.",,1991792,False,False,False
TE,"FREYR BATTERY, INC. /DE/",,1992243,False,False,False
ZOOZ,ZOOZ POWER LTD.,,1992818,False,False,False
NWE,"NORTHWESTERN ENERGY GROUP, INC.",,1993004,False,False,False
SNT,SENSTAR TECHNOLOGIES CORP,,1993727,False,False,False
HNIT,ACEZTECH CORP,,1994373,False,False,False
KYTX,"KYVERNA THERAPEUTICS, INC.",,1994702,False,False,False
ESMR,E-SMART CORP.,,1995920,False,False,False
BLMH,"BLUM HOLDINGS, INC.",,1996210,False,False,False
GEV,GE VERNOVA INC.,,1996810,False,False,False
BG,BUNGE GLOBAL SA,,1996862,False,False,False
LPA,LOGISTIC PROPERTIES OF THE AMERICAS,,1997711,False,False,False
PAL,"PROFICIENT AUTO LOGISTICS, INC",,1998768,False,False,False
IBAC,IB ACQUISITION CORP.,,1998781,False,False,False
ANRO,"ALTO NEUROSCIENCE, INC.",,1999480,False,False,False
LOAR,LOAR HOLDINGS INC.,,2000178,False,False,False
BKHA,BLACK HAWK ACQUISITION CORP,,2000775,False,False,False
PACS,"PACS GROUP, INC.",,2001184,False,False,False
MGSD,"MAITONG SUNSHINE CULTURAL DEVELOPMENT CO., LTD",,2003750,False,False,False
SW,SMURFIT WESTROCK LTD,,2005951,False,False,False
FDSB,"FIFTH DISTRICT BANCORP, INC.",,2012726,False,False,False
RFAI,RF ACQUISITION CORP II,,2012807,False,False,False
