ticker,company,period_end,fiscal_quarter,currency,revenue,gross_profit,ebit,ebitda,net_income,eps_diluted,gross_margin_pct,ebit_margin_pct,ebitda_margin_pct,net_margin_pct,period_start,period_type,q4_derived,source
VNP,5N Plus Inc.,2025-12-31,FY2025,USD,391062000.0,117496000.0,75159000.0,92528000.0,50566000.0,0.56,30.045,19.219,23.661,12.93,2025-01-01,FY,False,yfinance
VNP,5N Plus Inc.,2024-12-31,FY2024,USD,289281000.0,77868000.0,32777000.0,49568000.0,14672000.0,0.16,26.918,11.331,17.135,5.072,2024-01-01,FY,False,yfinance
VNP,5N Plus Inc.,2023-12-31,FY2023,USD,242371000.0,57538000.0,27508000.0,43618000.0,15399000.0,0.17,23.74,11.35,17.996,6.353,2023-01-01,FY,False,yfinance
VNP,5N Plus Inc.,2022-12-31,FY2022,USD,264223000.0,48508000.0,-12822000.0,4910000.0,-22999000.0,-0.26,18.359,-4.853,1.858,-8.704,2022-01-01,FY,False,yfinance
ARE,Aecon Group Inc.,2025-12-31,FY2025,CAD,5434678000.0,394085000.0,63484000.0,169650000.0,15162000.0,0.23,7.251,1.168,3.122,0.279,2025-01-01,FY,False,yfinance
ARE,Aecon Group Inc.,2024-12-31,FY2024,CAD,4242731000.0,182547000.0,-52751000.0,35098000.0,-59524000.0,-0.95,4.303,-1.243,0.827,-1.403,2024-01-01,FY,False,yfinance
ARE,Aecon Group Inc.,2023-12-31,FY2023,CAD,4643842000.0,255626000.0,234644000.0,313731000.0,161890000.0,2.1,5.505,5.053,6.756,3.486,2023-01-01,FY,False,yfinance
ARE,Aecon Group Inc.,2022-12-31,FY2022,CAD,4696450000.0,355957000.0,100053000.0,194206000.0,30381000.0,0.47,7.579,2.13,4.135,0.647,2022-01-01,FY,False,yfinance
ABRA,AbraSilver Resource Corp.,2025-12-31,FY2025,CAD,0.0,-2210071.0,-57264684.0,-57188228.0,-57638217.0,-0.38,,,,,2025-01-01,FY,False,yfinance
ABRA,AbraSilver Resource Corp.,2024-12-31,FY2024,CAD,0.0,-1561919.0,-23920146.0,-23899252.0,-25096305.0,-0.21,,,,,2024-01-01,FY,False,yfinance
ABRA,AbraSilver Resource Corp.,2023-12-31,FY2023,CAD,0.0,-1736013.0,-17805184.0,-17793818.0,-18793434.0,-0.17,,,,,2023-01-01,FY,False,yfinance
ABRA,AbraSilver Resource Corp.,2022-12-31,FY2022,CAD,0.0,-1594614.0,-20059296.0,-20052432.0,-20904232.0,-0.2,,,,,2022-01-01,FY,False,yfinance
AAV,Advantage Energy Ltd.,2025-12-31,FY2025,CAD,705939000.0,418349000.0,132602000.0,360643000.0,53051000.0,0.31,59.261,18.784,51.087,7.515,2025-01-01,FY,False,yfinance
AAV,Advantage Energy Ltd.,2024-12-31,FY2024,CAD,550102000.0,298142000.0,82378000.0,281867000.0,21719000.0,0.13,54.198,14.975,51.239,3.948,2024-01-01,FY,False,yfinance
AAV,Advantage Energy Ltd.,2023-12-31,FY2023,CAD,551851000.0,357151000.0,166000000.0,314897000.0,101597000.0,0.59,64.719,30.081,57.062,18.41,2023-01-01,FY,False,yfinance
AAV,Advantage Energy Ltd.,2022-12-31,FY2022,CAD,964366000.0,719436000.0,462735000.0,596652000.0,338667000.0,1.75,74.602,47.983,61.87,35.118,2022-01-01,FY,False,yfinance
AC,Air Canada,2025-12-31,FY2025,CAD,22372000000.0,5286000000.0,1395000000.0,3407000000.0,644000000.0,1.86,23.628,6.235,15.229,2.879,2025-01-01,FY,False,yfinance
AC,Air Canada,2024-12-31,FY2024,CAD,22255000000.0,5455000000.0,1246000000.0,3045000000.0,1720000000.0,4.72,24.511,5.599,13.682,7.729,2024-01-01,FY,False,yfinance
AC,Air Canada,2023-12-31,FY2023,CAD,21833000000.0,6150000000.0,3142000000.0,4845000000.0,2276000000.0,5.96,28.168,14.391,22.191,10.425,2023-01-01,FY,False,yfinance
AC,Air Canada,2022-12-31,FY2022,CAD,16556000000.0,2795000000.0,-628000000.0,1012000000.0,-1700000000.0,-4.75,16.882,-3.793,6.113,-10.268,2022-01-01,FY,False,yfinance
AEM,Agnico Eagle Mines Limited,2025-12-31,FY2025,USD,11907851000.0,6921870000.0,6737353000.0,8382650000.0,4461461000.0,8.86,58.129,56.579,70.396,37.467,2025-01-01,FY,False,yfinance
AEM,Agnico Eagle Mines Limited,2024-12-31,FY2024,USD,8285753000.0,3685597000.0,2908032000.0,4422108000.0,1895581000.0,3.78,44.481,35.097,53.37,22.878,2024-01-01,FY,False,yfinance
AEM,Agnico Eagle Mines Limited,2023-12-31,FY2023,USD,6626909000.0,2201875000.0,2450285000.0,3942056000.0,1941307000.0,3.95,33.226,36.975,59.486,29.294,2023-01-01,FY,False,yfinance
AEM,Agnico Eagle Mines Limited,2022-12-31,FY2022,USD,5741162000.0,2003150000.0,1176796000.0,2271487000.0,670249000.0,1.53,34.891,20.498,39.565,11.674,2022-01-01,FY,False,yfinance
AQN,Algonquin Power & Utilities Corp.,2025-12-31,FY2025,USD,2433600000.0,1793800000.0,526700000.0,927000000.0,180800000.0,0.27,73.71,21.643,38.092,7.429,2025-01-01,FY,False,yfinance
AQN,Algonquin Power & Utilities Corp.,2024-12-31,FY2024,USD,2319500000.0,1718700000.0,566500000.0,1043200000.0,-1380500000.0,-1.9,74.098,24.423,44.975,-59.517,2024-01-01,FY,False,yfinance
AQN,Algonquin Power & Utilities Corp.,2023-12-31,FY2023,USD,2403924000.0,1660420000.0,265985000.0,732981000.0,28674000.0,0.03,69.071,11.065,30.491,1.193,2023-01-01,FY,False,yfinance
AQN,Algonquin Power & Utilities Corp.,2022-12-31,FY2022,USD,2765013000.0,1898659000.0,-75920000.0,379600000.0,-211989000.0,-0.33,68.667,-2.746,13.729,-7.667,2022-01-01,FY,False,yfinance
AGI,Alamos Gold Inc.,2025-12-31,FY2025,USD,1808800000.0,999300000.0,1100300000.0,1310000000.0,885800000.0,2.1,55.247,60.83,72.424,48.972,2025-01-01,FY,False,yfinance
AGI,Alamos Gold Inc.,2024-12-31,FY2024,USD,1346900000.0,595800000.0,516600000.0,735000000.0,284300000.0,0.69,44.235,38.355,54.57,21.108,2024-01-01,FY,False,yfinance
AGI,Alamos Gold Inc.,2023-12-31,FY2023,USD,1023300000.0,385600000.0,304000000.0,494200000.0,210000000.0,0.53,37.682,29.708,48.295,20.522,2023-01-01,FY,False,yfinance
AGI,Alamos Gold Inc.,2022-12-31,FY2022,USD,821200000.0,212300000.0,108100000.0,279600000.0,37100000.0,0.09,25.852,13.164,34.048,4.518,2022-01-01,FY,False,yfinance
ATD,Alimentation Couche-Tard Inc.,2026-04-30,FY2026,USD,76506600000.0,14458800000.0,4795200000.0,7162100000.0,3143700000.0,3.37,18.899,6.268,9.361,4.109,2025-05-01,FY,False,yfinance
ATD,Alimentation Couche-Tard Inc.,2025-04-30,FY2025,USD,72856800000.0,13021300000.0,3964700000.0,6076500000.0,2580400000.0,2.71,17.872,5.442,8.34,3.542,2024-05-01,FY,False,yfinance
ATD,Alimentation Couche-Tard Inc.,2024-04-30,FY2024,USD,69263500000.0,12097900000.0,3965000000.0,5730300000.0,2729700000.0,2.82,17.466,5.725,8.273,3.941,2023-05-01,FY,False,yfinance
ATD,Alimentation Couche-Tard Inc.,2023-04-30,FY2023,USD,71856700000.0,12052100000.0,4282000000.0,5815500000.0,3090900000.0,3.06,16.772,5.959,8.093,4.301,2022-05-01,FY,False,yfinance
AAUC,Allied Gold Corporation,2025-12-31,FY2025,USD,1331824000.0,506542000.0,248474000.0,320848000.0,-51847000.0,-0.45,38.034,18.657,24.091,-3.893,2025-01-01,FY,False,yfinance
AAUC,Allied Gold Corporation,2024-12-31,FY2024,USD,730382000.0,220234000.0,-8970000.0,40012000.0,-115632000.0,-1.29,30.153,-1.228,5.478,-15.832,2024-01-01,FY,False,yfinance
AAUC,Allied Gold Corporation,2023-12-31,FY2023,USD,655691000.0,106790000.0,-177152000.0,-131487000.0,-208482000.0,-3.09,16.287,-27.018,-20.053,-31.796,2023-01-01,FY,False,yfinance
AAUC,Allied Gold Corporation,2022-12-31,FY2022,USD,669551000.0,129403000.0,64663000.0,117989000.0,-7421000.0,-0.088783,19.327,9.658,17.622,-1.108,2022-01-01,FY,False,yfinance
AP.UN,Allied Properties Real Estate Investment Trust,2025-12-31,FY2025,CAD,592379000.0,316964000.0,-1197465000.0,-1195586000.0,-1327532000.0,-9.498306,53.507,-202.145,-201.828,-224.102,2025-01-01,FY,False,yfinance
AP.UN,Allied Properties Real Estate Investment Trust,2024-12-31,FY2024,CAD,592040000.0,328474000.0,-229379000.0,-227841000.0,-342530000.0,-2.450754,55.482,-38.744,-38.484,-57.856,2024-01-01,FY,False,yfinance
AP.UN,Allied Properties Real Estate Investment Trust,2023-12-31,FY2023,CAD,563980000.0,317031000.0,-441499000.0,-440000000.0,-425713000.0,-3.045917,56.213,-78.283,-78.017,-75.484,2023-01-01,FY,False,yfinance
AP.UN,Allied Properties Real Estate Investment Trust,2022-12-31,FY2022,CAD,519468000.0,295208000.0,245540000.0,246865000.0,368855000.0,2.694259,56.829,47.268,47.523,71.006,2022-01-01,FY,False,yfinance
ALA,AltaGas Ltd.,2025-12-31,FY2025,CAD,12705000000.0,3687000000.0,1494000000.0,2011000000.0,768000000.0,2.48,29.02,11.759,15.828,6.045,2025-01-01,FY,False,yfinance
ALA,AltaGas Ltd.,2024-12-31,FY2024,CAD,12448000000.0,3247000000.0,1201000000.0,1676000000.0,596000000.0,1.94,26.085,9.648,13.464,4.788,2024-01-01,FY,False,yfinance
ALA,AltaGas Ltd.,2023-12-31,FY2023,CAD,12997000000.0,2885000000.0,1306000000.0,1747000000.0,673000000.0,2.26,22.197,10.048,13.442,5.178,2023-01-01,FY,False,yfinance
ALA,AltaGas Ltd.,2022-12-31,FY2022,CAD,14087000000.0,2949000000.0,1046000000.0,1485000000.0,523000000.0,1.41,20.934,7.425,10.542,3.713,2022-01-01,FY,False,yfinance
AIF,Altus Group Limited,2025-12-31,FY2025,CAD,502889000.0,332160000.0,17208000.0,57592000.0,371947000.0,8.46,66.05,3.422,11.452,73.962,2025-01-01,FY,False,yfinance
AIF,Altus Group Limited,2024-12-31,FY2024,CAD,484075000.0,312148000.0,21337000.0,71752000.0,13423000.0,0.29,64.483,4.408,14.822,2.773,2024-01-01,FY,False,yfinance
AIF,Altus Group Limited,2023-12-31,FY2023,CAD,509732000.0,,-9950000.0,47990000.0,10232000.0,0.22,,-1.952,9.415,2.007,2023-01-01,FY,False,yfinance
AIF,Altus Group Limited,2022-12-31,FY2022,CAD,735451000.0,,18438000.0,77963000.0,-886000.0,-0.02,,2.507,10.601,-0.12,2022-01-01,FY,False,yfinance
USA,Americas Gold And Silver Corporation,2025-12-31,FY2025,USD,117934000.0,11837000.0,-77502000.0,-56268000.0,-87446000.0,-0.272768,10.037,-65.716,-47.711,-74.148,2025-01-01,FY,False,yfinance
USA,Americas Gold And Silver Corporation,2024-12-31,FY2024,USD,100188000.0,-6643000.0,-40950000.0,-16859000.0,-45065000.0,-0.425,-6.631,-40.873,-16.827,-44.98,2024-01-01,FY,False,yfinance
USA,Americas Gold And Silver Corporation,2023-12-31,FY2023,USD,95160000.0,-6347000.0,-32044000.0,-11195000.0,-34958000.0,-0.16,-6.67,-33.674,-11.764,-36.736,2023-01-01,FY,False,yfinance
USA,Americas Gold And Silver Corporation,2022-12-31,FY2022,USD,85016000.0,-8416000.0,-39671000.0,-18331000.0,-43104000.0,-0.23,-9.899,-46.663,-21.562,-50.701,2022-01-01,FY,False,yfinance
ARX,ARC Resources Ltd.,2025-12-31,FY2025,CAD,6612500000.0,3363600000.0,1785200000.0,3332400000.0,1275100000.0,2.19,50.867,26.997,50.395,19.283,2025-01-01,FY,False,yfinance
ARX,ARC Resources Ltd.,2024-12-31,FY2024,CAD,5623900000.0,2726900000.0,1588800000.0,2949500000.0,1124100000.0,1.88,48.488,28.251,52.446,19.988,2024-01-01,FY,False,yfinance
ARX,ARC Resources Ltd.,2023-12-31,FY2023,CAD,6361900000.0,3173000000.0,2162800000.0,3568600000.0,1596500000.0,2.61,49.875,33.996,56.093,25.095,2023-01-01,FY,False,yfinance
ARX,ARC Resources Ltd.,2022-12-31,FY2022,CAD,9850400000.0,5544200000.0,3075400000.0,4389100000.0,2302300000.0,3.47,56.284,31.221,44.558,23.373,2022-01-01,FY,False,yfinance
ARIS,Aris Mining Corporation,2025-12-31,FY2025,USD,927664000.0,460227000.0,245708000.0,299792000.0,78345000.0,0.41,49.611,26.487,32.317,8.445,2025-01-01,FY,False,yfinance
ARIS,Aris Mining Corporation,2024-12-31,FY2024,USD,510604000.0,161695000.0,106653000.0,140729000.0,24582000.0,0.14,31.667,20.888,27.561,4.814,2024-01-01,FY,False,yfinance
ARIS,Aris Mining Corporation,2023-12-31,FY2023,USD,447674000.0,150964000.0,85711000.0,122223000.0,11419000.0,0.08,33.722,19.146,27.302,2.551,2023-01-01,FY,False,yfinance
ARIS,Aris Mining Corporation,2022-12-31,FY2022,USD,399963000.0,171947000.0,86016000.0,119546000.0,-4858000.0,-0.25,42.991,21.506,29.889,-1.215,2022-01-01,FY,False,yfinance
ACO.X,ATCO Ltd.,2025-12-31,FY2025,CAD,5143000000.0,3160000000.0,923000000.0,2336000000.0,150000000.0,1.33,61.443,17.947,45.421,2.917,2025-01-01,FY,False,yfinance
ACO.X,ATCO Ltd.,2024-12-31,FY2024,CAD,4942000000.0,3107000000.0,1445000000.0,2256000000.0,430000000.0,3.83,62.869,29.239,45.65,8.701,2024-01-01,FY,False,yfinance
ACO.X,ATCO Ltd.,2023-12-31,FY2023,CAD,4741000000.0,3034000000.0,1554000000.0,2365000000.0,432000000.0,3.82,63.995,32.778,49.884,9.112,2023-01-01,FY,False,yfinance
ACO.X,ATCO Ltd.,2022-12-31,FY2022,CAD,4978000000.0,3115000000.0,1353000000.0,2070000000.0,370000000.0,3.24,62.575,27.18,41.583,7.433,2022-01-01,FY,False,yfinance
ATZ,Aritzia Inc.,2026-02-28,FY2026,CAD,3702148000.0,1661333000.0,573169000.0,787258000.0,381848000.0,3.2,44.875,15.482,21.265,10.314,2025-03-01,FY,False,yfinance
ATZ,Aritzia Inc.,2025-02-28,FY2025,CAD,2738112000.0,1180619000.0,338950000.0,525603000.0,207790000.0,1.78,43.118,12.379,19.196,7.589,2024-02-29,FY,False,yfinance
ATZ,Aritzia Inc.,2024-02-29,FY2024,CAD,2332350000.0,898981000.0,163446000.0,331485000.0,78780000.0,0.69,38.544,7.008,14.212,3.378,2023-03-01,FY,False,yfinance
ATZ,Aritzia Inc.,2023-02-28,FY2023,CAD,2195630000.0,913992000.0,294886000.0,428788000.0,187588000.0,1.63,41.628,13.431,19.529,8.544,2022-03-01,FY,False,yfinance
ATH,Athabasca Oil Corporation,2025-12-31,FY2025,CAD,1362339000.0,690932000.0,346828000.0,478130000.0,245110000.0,0.49,50.717,25.458,35.096,17.992,2025-01-01,FY,False,yfinance
ATH,Athabasca Oil Corporation,2024-12-31,FY2024,CAD,1442091000.0,751904000.0,668535000.0,783588000.0,467743000.0,0.85,52.14,46.359,54.337,32.435,2024-01-01,FY,False,yfinance
ATH,Athabasca Oil Corporation,2023-12-31,FY2023,CAD,1268525000.0,592842000.0,-8119000.0,102679000.0,-51220000.0,-0.09,46.735,-0.64,8.094,-4.038,2023-01-01,FY,False,yfinance
ATH,Athabasca Oil Corporation,2022-12-31,FY2022,CAD,1504685000.0,731032000.0,237970000.0,357549000.0,572271000.0,0.98,48.584,15.815,23.762,38.033,2022-01-01,FY,False,yfinance
ATRL,AtkinsRéalis Group Inc.,2025-12-31,FY2025,CAD,11002597000.0,972597000.0,3152656000.0,3435065000.0,2628313000.0,15.41,8.84,28.654,31.22,23.888,2025-01-01,FY,False,yfinance
ATRL,AtkinsRéalis Group Inc.,2024-12-31,FY2024,CAD,9668009000.0,844841000.0,523566000.0,768968000.0,283870000.0,1.62,8.739,5.415,7.954,2.936,2024-01-01,FY,False,yfinance
ATRL,AtkinsRéalis Group Inc.,2023-12-31,FY2023,CAD,8634309000.0,765997000.0,503675000.0,752002000.0,287208000.0,1.64,8.872,5.833,8.709,3.326,2023-01-01,FY,False,yfinance
ATRL,AtkinsRéalis Group Inc.,2022-12-31,FY2022,CAD,7549031000.0,413112000.0,89775000.0,341234000.0,9750000.0,0.05,5.472,1.189,4.52,0.129,2022-01-01,FY,False,yfinance
ASM,Avino Silver & Gold Mines Ltd.,2025-12-31,FY2025,USD,92227000.0,48535000.0,40214000.0,40214000.0,26643000.0,0.17,52.626,43.603,43.603,28.889,2025-01-01,FY,False,yfinance
ASM,Avino Silver & Gold Mines Ltd.,2024-12-31,FY2024,USD,66178000.0,23201000.0,14808000.0,18194000.0,8100000.0,0.06,35.058,22.376,27.493,12.24,2024-01-01,FY,False,yfinance
ASM,Avino Silver & Gold Mines Ltd.,2023-12-31,FY2023,USD,43889000.0,7819000.0,-129000.0,2790000.0,542000.0,0.004324,17.815,-0.294,6.357,1.235,2023-01-01,FY,False,yfinance
ASM,Avino Silver & Gold Mines Ltd.,2022-12-31,FY2022,USD,44187000.0,15062000.0,7779000.0,9965000.0,3096000.0,0.03,34.087,17.605,22.552,7.007,2022-01-01,FY,False,yfinance
ATS,ATS Corporation,2026-03-31,FY2026,CAD,2972932000.0,850865000.0,199736000.0,363609000.0,71637000.0,,28.62,6.718,12.231,2.41,2025-04-01,FY,False,yfinance
ATS,ATS Corporation,2025-03-31,FY2025,CAD,2533288000.0,646647000.0,15305000.0,167975000.0,-28049000.0,-0.29,25.526,0.604,6.631,-1.107,2024-04-01,FY,False,yfinance
ATS,ATS Corporation,2024-03-31,FY2024,CAD,3032883000.0,855504000.0,317370000.0,458544000.0,193735000.0,1.97,28.208,10.464,15.119,6.388,2023-04-01,FY,False,yfinance
ATS,ATS Corporation,2023-03-31,FY2023,CAD,2577384000.0,725810000.0,224450000.0,349939000.0,127433000.0,1.38,28.161,8.708,13.577,4.944,2022-04-01,FY,False,yfinance
ATS,ATS Corporation,2022-03-31,FY2022,CAD,,,,,,1.32,,,,,2021-04-01,FY,False,yfinance
AYA,Aya Gold & Silver Inc.,2025-12-31,FY2025,USD,202102000.0,83167000.0,80587000.0,101112000.0,45557000.0,0.32,41.151,39.874,50.03,22.542,2025-01-01,FY,False,yfinance
AYA,Aya Gold & Silver Inc.,2024-12-31,FY2024,USD,39117000.0,5382000.0,-24648000.0,-21278000.0,-21617000.0,-0.2,13.759,-63.011,-54.396,-55.262,2024-01-01,FY,False,yfinance
AYA,Aya Gold & Silver Inc.,2023-12-31,FY2023,USD,42849000.0,15807000.0,9289000.0,14293000.0,5504000.0,0.04,36.89,21.678,33.357,12.845,2023-01-01,FY,False,yfinance
AYA,Aya Gold & Silver Inc.,2022-12-31,FY2022,USD,38245000.0,10284000.0,4831000.0,11173000.0,466000.0,0.01,26.89,12.632,29.214,1.218,2022-01-01,FY,False,yfinance
BTO,B2Gold Corp.,2025-12-31,FY2025,USD,3061238000.0,1530783000.0,1014501000.0,1455332000.0,401908000.0,0.28,50.005,33.14,47.541,13.129,2025-01-01,FY,False,yfinance
BTO,B2Gold Corp.,2024-12-31,FY2024,USD,1902030000.0,706195000.0,-274376000.0,93032000.0,-629891000.0,-0.48,37.128,-14.425,4.891,-33.117,2024-01-01,FY,False,yfinance
BTO,B2Gold Corp.,2023-12-31,FY2023,USD,1934272000.0,780001000.0,334258000.0,736629000.0,10097000.0,0.01,40.325,17.281,38.083,0.522,2023-01-01,FY,False,yfinance
BTO,B2Gold Corp.,2022-12-31,FY2022,USD,1732590000.0,604244000.0,541459000.0,925311000.0,252873000.0,0.24,34.875,31.251,53.406,14.595,2022-01-01,FY,False,yfinance
BDGI,Badger Infrastructure Solutions Ltd.,2025-12-31,FY2025,USD,831702000.0,240814000.0,94927000.0,183661000.0,59228000.0,1.75,28.954,11.414,22.083,7.121,2025-01-01,FY,False,yfinance
BDGI,Badger Infrastructure Solutions Ltd.,2024-12-31,FY2024,USD,744952000.0,218007000.0,82045000.0,160750000.0,47872000.0,1.39,29.265,11.013,21.579,6.426,2024-01-01,FY,False,yfinance
BDGI,Badger Infrastructure Solutions Ltd.,2023-12-31,FY2023,USD,683799000.0,191093000.0,73229000.0,143098000.0,41771000.0,1.21,27.946,10.709,20.927,6.109,2023-01-01,FY,False,yfinance
BDGI,Badger Infrastructure Solutions Ltd.,2022-12-31,FY2022,USD,570812000.0,139150000.0,30440000.0,90024000.0,18290000.0,0.53,24.378,5.333,15.771,3.204,2022-01-01,FY,False,yfinance
BMO,Bank of Montreal,2025-10-31,FY2025,CAD,36099000000.0,,,,8709000000.0,11.44,,,,24.125,2024-11-01,FY,False,yfinance
BMO,Bank of Montreal,2024-10-31,FY2024,CAD,32041000000.0,,,,7318000000.0,9.51,,,,22.839,2023-11-01,FY,False,yfinance
BMO,Bank of Montreal,2023-10-31,FY2023,CAD,31115000000.0,,,,4425000000.0,5.76,,,,14.221,2022-11-01,FY,False,yfinance
BMO,Bank of Montreal,2022-10-31,FY2022,CAD,26259000000.0,,,,13537000000.0,19.99,,,,51.552,2021-11-01,FY,False,yfinance
BNS,Bank of Nova Scotia,2025-10-31,FY2025,CAD,37097000000.0,,,,7789000000.0,5.67,,,,20.996,2024-11-01,FY,False,yfinance
BNS,Bank of Nova Scotia,2024-10-31,FY2024,CAD,33615000000.0,,,,7758000000.0,5.87,,,,23.079,2023-11-01,FY,False,yfinance
BNS,Bank of Nova Scotia,2023-10-31,FY2023,CAD,31694000000.0,,,,7338000000.0,5.72,,,,23.153,2022-11-01,FY,False,yfinance
BNS,Bank of Nova Scotia,2022-10-31,FY2022,CAD,31509000000.0,,,,9916000000.0,8.02,,,,31.47,2021-11-01,FY,False,yfinance
ABX,Barrick Gold Corporation,2025-12-31,FY2025,USD,16956000000.0,8691000000.0,9163000000.0,11069000000.0,4993000000.0,2.93,51.256,54.04,65.281,29.447,2025-01-01,FY,False,yfinance
ABX,Barrick Gold Corporation,2024-12-31,FY2024,USD,12922000000.0,4961000000.0,5031000000.0,6946000000.0,2144000000.0,1.22,38.392,38.934,53.753,16.592,2024-01-01,FY,False,yfinance
ABX,Barrick Gold Corporation,2023-12-31,FY2023,USD,11397000000.0,3465000000.0,3164000000.0,5207000000.0,1272000000.0,0.72,30.403,27.762,45.687,11.161,2023-01-01,FY,False,yfinance
ABX,Barrick Gold Corporation,2022-12-31,FY2022,USD,11013000000.0,3516000000.0,2022000000.0,4019000000.0,432000000.0,0.24,31.926,18.36,36.493,3.923,2022-01-01,FY,False,yfinance
BHC,Bausch Health Companies Inc.,2025-12-31,FY2025,USD,10266000000.0,7253000000.0,1971000000.0,3179000000.0,157000000.0,0.42,70.651,19.199,30.966,1.529,2025-01-01,FY,False,yfinance
BHC,Bausch Health Companies Inc.,2024-12-31,FY2024,USD,9625000000.0,6843000000.0,1555000000.0,2822000000.0,-46000000.0,-0.13,71.096,16.156,29.319,-0.478,2024-01-01,FY,False,yfinance
BHC,Bausch Health Companies Inc.,2023-12-31,FY2023,USD,8757000000.0,6198000000.0,938000000.0,2202000000.0,-592000000.0,-1.62,70.778,10.711,25.146,-6.76,2023-01-01,FY,False,yfinance
BHC,Bausch Health Companies Inc.,2022-12-31,FY2022,USD,8124000000.0,5760000000.0,1335000000.0,2729000000.0,-225000000.0,-0.62,70.901,16.433,33.592,-2.77,2022-01-01,FY,False,yfinance
BTE,Baytex Energy Corp.,2025-12-31,FY2025,CAD,1684648000.0,426576000.0,8322000.0,1273014000.0,-603779000.0,-0.78,25.321,0.494,75.566,-35.84,2025-01-01,FY,False,yfinance
BTE,Baytex Energy Corp.,2024-12-31,FY2024,CAD,1874046000.0,529515000.0,171914000.0,1557824000.0,236597000.0,0.29,28.255,9.173,83.126,12.625,2024-01-01,FY,False,yfinance
BTE,Baytex Energy Corp.,2023-12-31,FY2023,CAD,3382621000.0,869284000.0,-356759000.0,691145000.0,-233356000.0,-0.33,25.699,-10.547,20.432,-6.899,2023-01-01,FY,False,yfinance
BTE,Baytex Energy Corp.,2022-12-31,FY2022,CAD,2889045000.0,1126911000.0,971301000.0,1558351000.0,855605000.0,1.52,39.006,33.62,53.94,29.615,2022-01-01,FY,False,yfinance
BIR,Birchcliff Energy Ltd.,2025-12-31,FY2025,CAD,726702000.0,319040000.0,126013000.0,387349000.0,64874000.0,0.24,43.902,17.34,53.302,8.927,2025-01-01,FY,False,yfinance
BIR,Birchcliff Energy Ltd.,2024-12-31,FY2024,CAD,640925000.0,207845000.0,115579000.0,362226000.0,56100000.0,0.21,32.429,18.033,56.516,8.753,2024-01-01,FY,False,yfinance
BIR,Birchcliff Energy Ltd.,2023-12-31,FY2023,CAD,770880000.0,329221000.0,36262000.0,262776000.0,9780000.0,0.04,42.707,4.704,34.088,1.269,2023-01-01,FY,False,yfinance
BIR,Birchcliff Energy Ltd.,2022-12-31,FY2022,CAD,1358986000.0,859883000.0,871055000.0,1084863000.0,656831000.0,2.38,63.274,64.096,79.829,48.332,2022-01-01,FY,False,yfinance
BCE,BCE Inc.,2025-12-31,FY2025,CAD,24468000000.0,16748000000.0,9482000000.0,14720000000.0,6460000000.0,6.79,68.449,38.753,60.16,26.402,2025-01-01,FY,False,yfinance
BCE,BCE Inc.,2024-12-31,FY2024,CAD,24409000000.0,16704000000.0,2665000000.0,7706000000.0,344000000.0,0.18,68.434,10.918,31.57,1.409,2024-01-01,FY,False,yfinance
BCE,BCE Inc.,2023-12-31,FY2023,CAD,24673000000.0,16747000000.0,4798000000.0,9716000000.0,2263000000.0,2.28,67.876,19.446,39.379,9.172,2023-01-01,FY,False,yfinance
BCE,BCE Inc.,2022-12-31,FY2022,CAD,24174000000.0,16533000000.0,5039000000.0,9762000000.0,2868000000.0,2.98,68.392,20.845,40.382,11.864,2022-01-01,FY,False,yfinance
BDT,Bird Construction Inc.,2025-12-31,FY2025,CAD,3396766000.0,356908000.0,84983000.0,165413000.0,47411000.0,0.86,10.507,2.502,4.87,1.396,2025-01-01,FY,False,yfinance
BDT,Bird Construction Inc.,2024-12-31,FY2024,CAD,3397346000.0,328759000.0,151245000.0,214147000.0,100099000.0,1.84,9.677,4.452,6.303,2.946,2024-01-01,FY,False,yfinance
BDT,Bird Construction Inc.,2023-12-31,FY2023,CAD,2798785000.0,240536000.0,105225000.0,141362000.0,71539000.0,1.33,8.594,3.76,5.051,2.556,2023-01-01,FY,False,yfinance
BDT,Bird Construction Inc.,2022-12-31,FY2022,CAD,2369332000.0,201762000.0,76352000.0,112791000.0,49863000.0,0.93,8.516,3.223,4.76,2.105,2022-01-01,FY,False,yfinance
BB,BlackBerry Limited,2026-02-28,FY2026,USD,549100000.0,418200000.0,65000000.0,82800000.0,53200000.0,0.09,76.161,11.838,15.079,9.689,2025-03-01,FY,False,yfinance
BB,BlackBerry Limited,2025-02-28,FY2025,USD,534900000.0,394900000.0,14500000.0,59200000.0,-79000000.0,-0.01,73.827,2.711,11.067,-14.769,2024-02-29,FY,False,yfinance
BB,BlackBerry Limited,2024-02-29,FY2024,USD,759100000.0,490700000.0,35400000.0,93900000.0,-130200000.0,-0.22,64.642,4.663,12.37,-17.152,2023-03-01,FY,False,yfinance
BB,BlackBerry Limited,2023-02-28,FY2023,USD,526300000.0,366600000.0,-195400000.0,-90700000.0,-734400000.0,-1.35,69.656,-37.127,-17.234,-139.54,2022-03-01,FY,False,yfinance
BEI.UN,Boardwalk Real Estate Investment Trust,2025-12-31,FY2025,CAD,638638000.0,417561000.0,311119000.0,319976000.0,196868000.0,3.84,65.383,48.716,50.103,30.826,2025-01-01,FY,False,yfinance
BEI.UN,Boardwalk Real Estate Investment Trust,2024-12-31,FY2024,CAD,603293000.0,382334000.0,695915000.0,704233000.0,588218000.0,10.41,63.375,115.353,116.732,97.501,2024-01-01,FY,False,yfinance
BEI.UN,Boardwalk Real Estate Investment Trust,2023-12-31,FY2023,CAD,545658000.0,332989000.0,764981000.0,772902000.0,666099000.0,14.54,61.025,140.194,141.646,122.073,2023-01-01,FY,False,yfinance
BEI.UN,Boardwalk Real Estate Investment Trust,2022-12-31,FY2022,CAD,496360000.0,288660000.0,368229000.0,376011000.0,283096000.0,5.23,58.155,74.186,75.754,57.034,2022-01-01,FY,False,yfinance
BBD.B,Bombardier Inc.,2025-12-31,FY2025,USD,9551000000.0,1911000000.0,1282000000.0,1746000000.0,928000000.0,8.95,20.008,13.423,18.281,9.716,2025-01-01,FY,False,yfinance
BBD.B,Bombardier Inc.,2024-12-31,FY2024,USD,8665000000.0,1785000000.0,762000000.0,1207000000.0,370000000.0,3.4,20.6,8.794,13.93,4.27,2024-01-01,FY,False,yfinance
BBD.B,Bombardier Inc.,2023-12-31,FY2023,USD,8046000000.0,1631000000.0,896000000.0,1327000000.0,445000000.0,4.24,20.271,11.136,16.493,5.531,2023-01-01,FY,False,yfinance
BBD.B,Bombardier Inc.,2022-12-31,FY2022,USD,6913000000.0,1257000000.0,308000000.0,723000000.0,-148000000.0,-1.88,18.183,4.455,10.459,-2.141,2022-01-01,FY,False,yfinance
BLX,Boralex Inc.,2025-12-31,FY2025,CAD,849000000.0,,191000000.0,512000000.0,7000000.0,0.06,,22.497,60.306,0.824,2025-01-01,FY,False,yfinance
BLX,Boralex Inc.,2024-12-31,FY2024,CAD,853000000.0,,232000000.0,529000000.0,36000000.0,0.35,,27.198,62.016,4.22,2024-01-01,FY,False,yfinance
BLX,Boralex Inc.,2023-12-31,FY2023,CAD,1022000000.0,,277000000.0,570000000.0,78000000.0,0.76,,27.104,55.773,7.632,2023-01-01,FY,False,yfinance
BLX,Boralex Inc.,2022-12-31,FY2022,CAD,836000000.0,578000000.0,135000000.0,430000000.0,30000000.0,0.3,69.139,16.148,51.435,3.589,2022-01-01,FY,False,yfinance
BLX,Boralex Inc.,2021-12-31,FY2021,CAD,,538000000.0,,,,,,,,,2021-01-01,FY,False,yfinance
BYD,Boyd Group Services Inc.,2025-12-31,FY2025,USD,3142794000.0,1458594000.0,98397000.0,342369000.0,18420000.0,0.82,46.411,3.131,10.894,0.586,2025-01-01,FY,False,yfinance
BYD,Boyd Group Services Inc.,2024-12-31,FY2024,USD,3070342000.0,1396508000.0,100573000.0,325892000.0,24544000.0,1.14,45.484,3.276,10.614,0.799,2024-01-01,FY,False,yfinance
BYD,Boyd Group Services Inc.,2023-12-31,FY2023,USD,2945988000.0,1340064000.0,171239000.0,364090000.0,86656000.0,4.04,45.488,5.813,12.359,2.941,2023-01-01,FY,False,yfinance
BYD,Boyd Group Services Inc.,2022-12-31,FY2022,USD,2432318000.0,1087320000.0,96035000.0,271654000.0,40962000.0,1.91,44.703,3.948,11.169,1.684,2022-01-01,FY,False,yfinance
BAM,Brookfield Asset Management Ltd.,2025-12-31,FY2025,USD,4608000000.0,3235000000.0,3195000000.0,3235000000.0,2485000000.0,1.52,70.204,69.336,70.204,53.928,2025-01-01,FY,False,yfinance
BAM,Brookfield Asset Management Ltd.,2024-12-31,FY2024,USD,3989000000.0,2835000000.0,2661000000.0,2675000000.0,2168000000.0,1.33,71.07,66.708,67.059,54.349,2024-01-01,FY,False,yfinance
BAM,Brookfield Asset Management Ltd.,2023-12-31,FY2023,USD,3714000000.0,2666000000.0,2654000000.0,2668000000.0,1839000000.0,1.12,71.782,71.459,71.836,49.515,2023-01-01,FY,False,yfinance
BAM,Brookfield Asset Management Ltd.,2022-12-31,FY2022,USD,0.0,,22000000.0,35000000.0,19000000.0,4.83371,,,,,2022-01-01,FY,False,yfinance
BBUC,Brookfield Business Corporation,2025-12-31,FY2025,USD,27457000000.0,5306000000.0,4155000000.0,7185000000.0,26000000.0,-0.3,19.325,15.133,26.168,0.095,2025-01-01,FY,False,yfinance
BBUC,Brookfield Business Corporation,2024-12-31,FY2024,USD,40620000000.0,5737000000.0,4470000000.0,7674000000.0,15000000.0,-0.498103,14.124,11.004,18.892,0.037,2024-01-01,FY,False,yfinance
BBUC,Brookfield Business Corporation,2023-12-31,FY2023,USD,55068000000.0,5047000000.0,3509000000.0,7101000000.0,565000000.0,6.49,9.165,6.372,12.895,1.026,2023-01-01,FY,False,yfinance
BBUC,Brookfield Business Corporation,2022-12-31,FY2022,USD,57385000000.0,4275000000.0,2915000000.0,6138000000.0,63000000.0,0.48,7.45,5.08,10.696,0.11,2022-01-01,FY,False,yfinance
BN,Brookfield Corporation,2025-12-31,FY2025,USD,75100000000.0,18127000000.0,21470000000.0,31849000000.0,1307000000.0,0.49,24.137,28.589,42.409,1.74,2025-01-01,FY,False,yfinance
BN,Brookfield Corporation,2024-12-31,FY2024,USD,86006000000.0,18070000000.0,19450000000.0,29187000000.0,641000000.0,0.206667,21.01,22.615,33.936,0.745,2024-01-01,FY,False,yfinance
BN,Brookfield Corporation,2023-12-31,FY2023,USD,95924000000.0,14515000000.0,21619000000.0,30694000000.0,1130000000.0,0.61,15.132,22.538,31.998,1.178,2023-01-01,FY,False,yfinance
BN,Brookfield Corporation,2022-12-31,FY2022,USD,92769000000.0,14258000000.0,17366000000.0,25049000000.0,2056000000.0,1.19,15.369,18.72,27.001,2.216,2022-01-01,FY,False,yfinance
BIP.UN,Brookfield Infrastructure Partners L.P.,2025-12-31,FY2025,USD,23100000000.0,6224000000.0,6609000000.0,10633000000.0,771000000.0,0.9,26.944,28.61,46.03,3.338,2025-01-01,FY,False,yfinance
BIP.UN,Brookfield Infrastructure Partners L.P.,2024-12-31,FY2024,USD,21039000000.0,5363000000.0,4992000000.0,8636000000.0,351000000.0,0.04,25.491,23.727,41.048,1.668,2024-01-01,FY,False,yfinance
BIP.UN,Brookfield Infrastructure Partners L.P.,2023-12-31,FY2023,USD,17931000000.0,4461000000.0,4283000000.0,7022000000.0,367000000.0,0.14,24.879,23.886,39.161,2.047,2023-01-01,FY,False,yfinance
BIP.UN,Brookfield Infrastructure Partners L.P.,2022-12-31,FY2022,USD,14427000000.0,3917000000.0,3534000000.0,5692000000.0,341000000.0,0.14,27.15,24.496,39.454,2.364,2022-01-01,FY,False,yfinance
BEP.UN,Brookfield Renewable Partners L.P.,2025-12-31,FY2025,USD,6407000000.0,3504000000.0,2555000000.0,4980000000.0,-37000000.0,-0.25,54.69,39.878,77.727,-0.577,2025-01-01,FY,False,yfinance
BEP.UN,Brookfield Renewable Partners L.P.,2024-12-31,FY2024,USD,5876000000.0,3296000000.0,1788000000.0,3798000000.0,-218000000.0,-0.89,56.093,30.429,64.636,-3.71,2024-01-01,FY,False,yfinance
BEP.UN,Brookfield Renewable Partners L.P.,2023-12-31,FY2023,USD,5038000000.0,3105000000.0,2195000000.0,4058000000.0,-50000000.0,-0.32,61.632,43.569,80.548,-0.992,2023-01-01,FY,False,yfinance
BEP.UN,Brookfield Renewable Partners L.P.,2022-12-31,FY2022,USD,4711000000.0,3277000000.0,1360000000.0,2958000000.0,-122000000.0,-0.6,69.561,28.869,62.789,-2.59,2022-01-01,FY,False,yfinance
DOO,BRP Inc.,2026-01-31,FY2026,CAD,8442700000.0,1887300000.0,554100000.0,1007900000.0,291600000.0,4.64,22.354,6.563,11.938,3.454,2025-02-01,FY,False,yfinance
DOO,BRP Inc.,2025-01-31,FY2025,CAD,7902900000.0,1777900000.0,345100000.0,772700000.0,-213100000.0,-2.89,22.497,4.367,9.777,-2.696,2024-02-01,FY,False,yfinance
DOO,BRP Inc.,2024-01-31,FY2024,CAD,9963000000.0,2634000000.0,1386200000.0,1777900000.0,743400000.0,9.47,26.438,13.913,17.845,7.462,2023-02-01,FY,False,yfinance
DOO,BRP Inc.,2023-01-31,FY2023,CAD,10033400000.0,2499400000.0,1280100000.0,1590500000.0,863900000.0,10.67,24.911,12.758,15.852,8.61,2022-02-01,FY,False,yfinance
CAE,CAE Inc.,2026-03-31,FY2026,CAD,4914000000.0,1390800000.0,586700000.0,1046800000.0,313100000.0,0.97,28.303,11.939,21.302,6.372,2025-04-01,FY,False,yfinance
CAE,CAE Inc.,2025-03-31,FY2025,CAD,4707900000.0,1300100000.0,707600000.0,1122300000.0,405300000.0,1.27,27.615,15.03,23.839,8.609,2024-04-01,FY,False,yfinance
CAE,CAE Inc.,2024-03-31,FY2024,CAD,4282800000.0,1154500000.0,-210200000.0,164600000.0,-304000000.0,-0.95,26.957,-4.908,3.843,-7.098,2023-04-01,FY,False,yfinance
CAE,CAE Inc.,2023-03-31,FY2023,CAD,4010600000.0,1083500000.0,443700000.0,785900000.0,222700000.0,0.7,27.016,11.063,19.596,5.553,2022-04-01,FY,False,yfinance
CCO,Cameco Corporation,2025-12-31,FY2025,CAD,3481933000.0,970273000.0,872980000.0,1166074000.0,589577000.0,1.35,27.866,25.072,33.489,16.932,2025-01-01,FY,False,yfinance
CCO,Cameco Corporation,2024-12-31,FY2024,CAD,3135772000.0,782582000.0,384880000.0,665582000.0,171853000.0,0.39,24.957,12.274,21.225,5.48,2024-01-01,FY,False,yfinance
CCO,Cameco Corporation,2023-12-31,FY2023,CAD,2587758000.0,561666000.0,579198000.0,799522000.0,360847000.0,0.83,21.705,22.382,30.896,13.944,2023-01-01,FY,False,yfinance
CCO,Cameco Corporation,2022-12-31,FY2022,CAD,1868003000.0,233291000.0,153833000.0,331209000.0,89382000.0,0.22,12.489,8.235,17.731,4.785,2022-01-01,FY,False,yfinance
CM,Canadian Imperial Bank of Commerce,2025-10-31,FY2025,CAD,29014000000.0,,,,8429000000.0,8.57,,,,29.051,2024-11-01,FY,False,yfinance
CM,Canadian Imperial Bank of Commerce,2024-10-31,FY2024,CAD,25526000000.0,,,,7115000000.0,7.28,,,,27.874,2023-11-01,FY,False,yfinance
CM,Canadian Imperial Bank of Commerce,2023-10-31,FY2023,CAD,23299000000.0,,,,5001000000.0,5.17,,,,21.464,2022-11-01,FY,False,yfinance
CM,Canadian Imperial Bank of Commerce,2022-10-31,FY2022,CAD,21764000000.0,,,,6220000000.0,6.68,,,,28.579,2021-11-01,FY,False,yfinance
CAR.UN,Canadian Apartment Properties Real Estate Investment Trust,2025-12-31,FY2025,CAD,1003364000.0,598722000.0,390993000.0,397406000.0,197051000.0,1.232069,59.671,38.968,39.607,19.639,2025-01-01,FY,False,yfinance
CAR.UN,Canadian Apartment Properties Real Estate Investment Trust,2024-12-31,FY2024,CAD,1112742000.0,672030000.0,535936000.0,542299000.0,292742000.0,1.730563,60.394,48.164,48.735,26.308,2024-01-01,FY,False,yfinance
CAR.UN,Canadian Apartment Properties Real Estate Investment Trust,2023-12-31,FY2023,CAD,1065317000.0,630413000.0,-293341000.0,-287135000.0,-411574000.0,-2.426362,59.176,-27.536,-26.953,-38.634,2023-01-01,FY,False,yfinance
CAR.UN,Canadian Apartment Properties Real Estate Investment Trust,2022-12-31,FY2022,CAD,1007268000.0,592444000.0,169256000.0,176718000.0,13637000.0,0.078008,58.817,16.803,17.544,1.354,2022-01-01,FY,False,yfinance
CNR,Canadian National Railway Company,2025-12-31,FY2025,CAD,17304000000.0,7332000000.0,7177000000.0,9115000000.0,4720000000.0,7.57,42.372,41.476,52.676,27.277,2025-01-01,FY,False,yfinance
CNR,Canadian National Railway Company,2024-12-31,FY2024,CAD,17046000000.0,6967000000.0,6743000000.0,8635000000.0,4448000000.0,7.01,40.872,39.558,50.657,26.094,2024-01-01,FY,False,yfinance
CNR,Canadian National Railway Company,2023-12-31,FY2023,CAD,16828000000.0,7151000000.0,7210000000.0,9027000000.0,5625000000.0,8.53,42.495,42.845,53.643,33.426,2023-01-01,FY,False,yfinance
CNR,Canadian National Railway Company,2022-12-31,FY2022,CAD,17107000000.0,7396000000.0,7311000000.0,9040000000.0,5118000000.0,7.44,43.234,42.737,52.844,29.918,2022-01-01,FY,False,yfinance
CNQ,Canadian Natural Resources Limited,2025-12-31,FY2025,CAD,44167000000.0,9401000000.0,14280000000.0,21887000000.0,10820000000.0,5.16,21.285,32.332,49.555,24.498,2025-01-01,FY,False,yfinance
CNQ,Canadian Natural Resources Limited,2024-12-31,FY2024,CAD,41509000000.0,10898000000.0,8732000000.0,15413000000.0,6106000000.0,2.85,26.255,21.036,37.132,14.71,2024-01-01,FY,False,yfinance
CNQ,Canadian Natural Resources Limited,2023-12-31,FY2023,CAD,40835000000.0,11773000000.0,10856000000.0,17269000000.0,8233000000.0,3.735,28.831,26.585,42.29,20.162,2023-01-01,FY,False,yfinance
CNQ,Canadian Natural Resources Limited,2022-12-31,FY2022,CAD,49530000000.0,16260000000.0,14374000000.0,21727000000.0,10937000000.0,4.76,32.829,29.021,43.866,22.082,2022-01-01,FY,False,yfinance
CP,Canadian Pacific Kansas City Limited,2025-12-31,FY2025,CAD,15078000000.0,5609000000.0,6358000000.0,8377000000.0,4141000000.0,4.51,37.2,42.167,55.558,27.464,2025-01-01,FY,False,yfinance
CP,Canadian Pacific Kansas City Limited,2024-12-31,FY2024,CAD,14546000000.0,5179000000.0,5573000000.0,7473000000.0,3718000000.0,3.98,35.604,38.313,51.375,25.56,2024-01-01,FY,False,yfinance
CP,Canadian Pacific Kansas City Limited,2023-12-31,FY2023,CAD,12555000000.0,4388000000.0,-2282000000.0,-739000000.0,3927000000.0,4.21,34.95,-18.176,-5.886,31.278,2023-01-01,FY,False,yfinance
CP,Canadian Pacific Kansas City Limited,2022-12-31,FY2022,CAD,8814000000.0,3329000000.0,4797000000.0,5650000000.0,3517000000.0,3.77,37.769,54.425,64.103,39.902,2022-01-01,FY,False,yfinance
CTC.A,Canadian Tire Corporation Limited,2025-12-31,FY2025,CAD,16315500000.0,5615300000.0,1208200000.0,1972200000.0,526300000.0,9.67,34.417,7.405,12.088,3.226,2025-01-01,FY,False,yfinance
CTC.A,Canadian Tire Corporation Limited,2024-12-31,FY2024,CAD,15516000000.0,5200800000.0,1559700000.0,2314100000.0,887700000.0,15.92,33.519,10.052,14.914,5.721,2024-01-01,FY,False,yfinance
CTC.A,Canadian Tire Corporation Limited,2023-12-31,FY2023,CAD,16656500000.0,5703600000.0,674300000.0,1476500000.0,213300000.0,3.78,34.242,4.048,8.864,1.281,2023-01-01,FY,False,yfinance
CTC.A,Canadian Tire Corporation Limited,2022-12-31,FY2022,CAD,17810600000.0,6097900000.0,1671400000.0,2414900000.0,1044100000.0,17.6,34.237,9.384,13.559,5.862,2022-01-01,FY,False,yfinance
CU,Canadian Utilities Limited,2025-12-31,FY2025,CAD,3690000000.0,2599000000.0,709000000.0,2002000000.0,119000000.0,0.15,70.434,19.214,54.255,3.225,2025-01-01,FY,False,yfinance
CU,Canadian Utilities Limited,2024-12-31,FY2024,CAD,3742000000.0,2601000000.0,1130000000.0,1841000000.0,480000000.0,1.48,69.508,30.198,49.198,12.827,2024-01-01,FY,False,yfinance
CU,Canadian Utilities Limited,2023-12-31,FY2023,CAD,3796000000.0,2571000000.0,1368000000.0,2093000000.0,707000000.0,2.33,67.729,36.038,55.137,18.625,2023-01-01,FY,False,yfinance
CU,Canadian Utilities Limited,2022-12-31,FY2022,CAD,4048000000.0,2734000000.0,1241000000.0,1883000000.0,632000000.0,2.06,67.54,30.657,46.517,15.613,2022-01-01,FY,False,yfinance
CPX,Capital Power Corporation,2025-12-31,FY2025,CAD,3720000000.0,1619000000.0,469000000.0,1049000000.0,160000000.0,0.88,43.522,12.608,28.199,4.301,2025-01-01,FY,False,yfinance
CPX,Capital Power Corporation,2024-12-31,FY2024,CAD,3776000000.0,1989000000.0,1122000000.0,1625000000.0,699000000.0,5.15,52.675,29.714,43.035,18.512,2024-01-01,FY,False,yfinance
CPX,Capital Power Corporation,2023-12-31,FY2023,CAD,4282000000.0,2116000000.0,1104000000.0,1678000000.0,744000000.0,6.04,49.416,25.782,39.187,17.375,2023-01-01,FY,False,yfinance
CPX,Capital Power Corporation,2022-12-31,FY2022,CAD,2929000000.0,1351000000.0,281000000.0,834000000.0,138000000.0,0.84,46.125,9.594,28.474,4.712,2022-01-01,FY,False,yfinance
CJT,Cargojet Inc.,2025-12-31,FY2025,CAD,992700000.0,198900000.0,144300000.0,351400000.0,80200000.0,5.24,20.036,14.536,35.398,8.079,2025-01-01,FY,False,yfinance
CJT,Cargojet Inc.,2024-12-31,FY2024,CAD,1000800000.0,225800000.0,194500000.0,383700000.0,108400000.0,6.68,22.562,19.434,38.339,10.831,2024-01-01,FY,False,yfinance
CJT,Cargojet Inc.,2023-12-31,FY2023,CAD,877500000.0,138100000.0,108500000.0,287000000.0,37300000.0,2.17,15.738,12.365,32.707,4.251,2023-01-01,FY,False,yfinance
CJT,Cargojet Inc.,2022-12-31,FY2022,CAD,979900000.0,247500000.0,253600000.0,395800000.0,190600000.0,10.15,25.258,25.88,40.392,19.451,2022-01-01,FY,False,yfinance
CS,Capstone Copper Corp.,2025-12-31,FY2025,USD,2359890000.0,556040000.0,599166000.0,1080702000.0,315874000.0,0.41,23.562,25.39,45.795,13.385,2025-01-01,FY,False,yfinance
CS,Capstone Copper Corp.,2024-12-31,FY2024,USD,1599222000.0,211553000.0,169196000.0,485350000.0,82906000.0,0.11,13.228,10.58,30.349,5.184,2024-01-01,FY,False,yfinance
CS,Capstone Copper Corp.,2023-12-31,FY2023,USD,1345511000.0,83015000.0,-76021000.0,162174000.0,-101672000.0,-0.15,6.17,-5.65,12.053,-7.556,2023-01-01,FY,False,yfinance
CS,Capstone Copper Corp.,2022-12-31,FY2022,USD,1296024000.0,207796000.0,214929000.0,391102000.0,122199000.0,0.19,16.033,16.584,30.177,9.429,2022-01-01,FY,False,yfinance
CCL.B,CCL Industries Inc.,2025-12-31,FY2025,CAD,7663800000.0,2296200000.0,1192400000.0,1657600000.0,802400000.0,4.57,29.962,15.559,21.629,10.47,2025-01-01,FY,False,yfinance
CCL.B,CCL Industries Inc.,2024-12-31,FY2024,CAD,7245000000.0,2137700000.0,1192100000.0,1624500000.0,843100000.0,4.7,29.506,16.454,22.422,11.637,2024-01-01,FY,False,yfinance
CCL.B,CCL Industries Inc.,2023-12-31,FY2023,CAD,6649600000.0,1914400000.0,844400000.0,1247700000.0,530200000.0,2.95,28.79,12.699,18.764,7.973,2023-01-01,FY,False,yfinance
CCL.B,CCL Industries Inc.,2022-12-31,FY2022,CAD,6382200000.0,1715200000.0,895400000.0,1260700000.0,622700000.0,3.48,26.875,14.03,19.753,9.757,2022-01-01,FY,False,yfinance
CLS,Celestica Inc.,2025-12-31,FY2025,USD,12390900000.0,1494100000.0,1035800000.0,1211500000.0,832500000.0,7.16,12.058,8.359,9.777,6.719,2025-01-01,FY,False,yfinance
CLS,Celestica Inc.,2024-12-31,FY2024,USD,9646000000.0,1033700000.0,584300000.0,736200000.0,428000000.0,3.61,10.716,6.057,7.632,4.437,2024-01-01,FY,False,yfinance
CLS,Celestica Inc.,2023-12-31,FY2023,USD,7961000000.0,754100000.0,384900000.0,515700000.0,244400000.0,2.03,9.472,4.835,6.478,3.07,2023-01-01,FY,False,yfinance
CLS,Celestica Inc.,2022-12-31,FY2022,USD,7250000000.0,649700000.0,290800000.0,406700000.0,180100000.0,1.18,8.961,4.011,5.61,2.484,2022-01-01,FY,False,yfinance
CVE,Cenovus Energy Inc.,2025-12-31,FY2025,CAD,52751000000.0,11816000000.0,5138000000.0,10330000000.0,3930000000.0,2.15,22.4,9.74,19.583,7.45,2025-01-01,FY,False,yfinance
CVE,Cenovus Energy Inc.,2024-12-31,FY2024,CAD,57726000000.0,12765000000.0,4720000000.0,9591000000.0,3142000000.0,1.67,22.113,8.177,16.615,5.443,2024-01-01,FY,False,yfinance
CVE,Cenovus Energy Inc.,2023-12-31,FY2023,CAD,55474000000.0,12704000000.0,5763000000.0,10407000000.0,4109000000.0,2.12,22.901,10.389,18.76,7.407,2023-01-01,FY,False,yfinance
CVE,Cenovus Energy Inc.,2022-12-31,FY2022,CAD,71765000000.0,17134000000.0,9543000000.0,14222000000.0,6450000000.0,3.2,23.875,13.298,19.817,8.988,2022-01-01,FY,False,yfinance
CG,Centerra Gold Inc.,2025-12-31,FY2025,USD,1384562000.0,463793000.0,732452000.0,848088000.0,583988000.0,2.84,33.497,52.901,61.253,42.179,2025-01-01,FY,False,yfinance
CG,Centerra Gold Inc.,2024-12-31,FY2024,USD,1214503000.0,378048000.0,175147000.0,305809000.0,80394000.0,0.35,31.128,14.421,25.18,6.619,2024-01-01,FY,False,yfinance
CG,Centerra Gold Inc.,2023-12-31,FY2023,USD,1094897000.0,264005000.0,14291000.0,143983000.0,-81278000.0,-0.38,24.112,1.305,13.15,-7.423,2023-01-01,FY,False,yfinance
CG,Centerra Gold Inc.,2022-12-31,FY2022,USD,850194000.0,178519000.0,-43754000.0,59675000.0,-77209000.0,-0.31,20.997,-5.146,7.019,-9.081,2022-01-01,FY,False,yfinance
CEU,CES Energy Solutions Corp.,2025-12-31,FY2025,CAD,2494152000.0,590745000.0,290136000.0,394399000.0,204723000.0,0.92,23.685,11.633,15.813,8.208,2025-01-01,FY,False,yfinance
CEU,CES Energy Solutions Corp.,2024-12-31,FY2024,CAD,2353677000.0,581084000.0,270246000.0,355927000.0,191106000.0,0.81,24.688,11.482,15.122,8.119,2024-01-01,FY,False,yfinance
CEU,CES Energy Solutions Corp.,2023-12-31,FY2023,CAD,2163512000.0,479349000.0,227741000.0,300586000.0,154642000.0,0.61,22.156,10.526,13.893,7.148,2023-01-01,FY,False,yfinance
CEU,CES Energy Solutions Corp.,2022-12-31,FY2022,CAD,1922319000.0,396948000.0,155854000.0,230338000.0,95218000.0,0.36,20.649,8.108,11.982,4.953,2022-01-01,FY,False,yfinance
GIB.A,CGI Inc.,2025-09-30,FY2025,CAD,15912673000.0,2611628000.0,2361211000.0,2865333000.0,1658285000.0,,16.412,14.839,18.007,10.421,2024-10-01,FY,False,yfinance
GIB.A,CGI Inc.,2024-09-30,FY2024,CAD,14676152000.0,2416422000.0,2375750000.0,2822924000.0,1692715000.0,7.31,16.465,16.188,19.235,11.534,2023-10-01,FY,False,yfinance
GIB.A,CGI Inc.,2023-09-30,FY2023,CAD,14296360000.0,2313939000.0,2285681000.0,2736123000.0,1631249000.0,6.86,16.186,15.988,19.139,11.41,2022-10-01,FY,False,yfinance
GIB.A,CGI Inc.,2022-09-30,FY2022,CAD,12867201000.0,2090637000.0,2053763000.0,2528385000.0,1466142000.0,6.04,16.248,15.961,19.65,11.394,2021-10-01,FY,False,yfinance
GIB.A,CGI Inc.,2021-09-30,FY2021,CAD,,,,,,5.41,,,,,2020-10-01,FY,False,yfinance
CCA,Cogeco Communications Inc.,2024-08-31,FY2024,CAD,2976524000.0,2492200000.0,688412000.0,1361969000.0,335534000.0,7.83,83.729,23.128,45.757,11.273,2023-09-01,FY,False,yfinance
CCA,Cogeco Communications Inc.,2023-08-31,FY2023,CAD,2984128000.0,2490009000.0,768030000.0,1388496000.0,392273000.0,8.75,83.442,25.737,46.529,13.145,2022-09-01,FY,False,yfinance
CCA,Cogeco Communications Inc.,2022-08-31,FY2022,CAD,2900654000.0,2461045000.0,735196000.0,1356280000.0,423299000.0,9.09,84.844,25.346,46.758,14.593,2021-09-01,FY,False,yfinance
CCA,Cogeco Communications Inc.,2021-08-31,FY2021,CAD,2510453000.0,2111476000.0,689741000.0,1200117000.0,401517000.0,8.4,84.107,27.475,47.805,15.994,2020-09-01,FY,False,yfinance
CSH.UN,Chartwell Retirement Residences,2025-12-31,FY2025,CAD,1100321000.0,450245000.0,194074000.0,441322000.0,29413000.0,0.093482,40.919,17.638,40.108,2.673,2025-01-01,FY,False,yfinance
CSH.UN,Chartwell Retirement Residences,2024-12-31,FY2024,CAD,848542000.0,339363000.0,159638000.0,328204000.0,22408000.0,0.082211,39.994,18.813,38.679,2.641,2024-01-01,FY,False,yfinance
CSH.UN,Chartwell Retirement Residences,2023-12-31,FY2023,CAD,736235000.0,272874000.0,27793000.0,184488000.0,128273000.0,0.537072,37.063,3.775,25.058,17.423,2023-01-01,FY,False,yfinance
CSH.UN,Chartwell Retirement Residences,2022-12-31,FY2022,CAD,706801000.0,242097000.0,121822000.0,279976000.0,49531000.0,0.210992,34.252,17.236,39.612,7.008,2022-01-01,FY,False,yfinance
CHP.UN,Choice Properties Real Estate Investment Trust,2025-12-31,FY2025,CAD,1414621000.0,1015477000.0,533796000.0,536045000.0,-61188000.0,-0.085,71.784,37.734,37.893,-4.325,2025-01-01,FY,False,yfinance
CHP.UN,Choice Properties Real Estate Investment Trust,2024-12-31,FY2024,CAD,1369373000.0,978571000.0,1365179000.0,1367433000.0,784437000.0,1.083974,71.461,99.694,99.858,57.284,2024-01-01,FY,False,yfinance
CHP.UN,Choice Properties Real Estate Investment Trust,2023-12-31,FY2023,CAD,1334804000.0,944736000.0,1358200000.0,1360511000.0,796691000.0,1.100944,70.777,101.753,101.926,59.686,2023-01-01,FY,False,yfinance
CHP.UN,Choice Properties Real Estate Investment Trust,2022-12-31,FY2022,CAD,1264594000.0,900641000.0,1275909000.0,1278110000.0,744253000.0,1.02871,71.22,100.895,101.069,58.853,2022-01-01,FY,False,yfinance
CIGI,Colliers International Group Inc.,2025-12-31,FY2025,USD,5558462000.0,2226081000.0,387080000.0,643095000.0,103100000.0,2.02,40.049,6.964,11.57,1.855,2025-01-01,FY,False,yfinance
CIGI,Colliers International Group Inc.,2024-12-31,FY2024,USD,4822024000.0,1922075000.0,396892000.0,618494000.0,161725000.0,3.22,39.86,8.231,12.826,3.354,2024-01-01,FY,False,yfinance
CIGI,Colliers International Group Inc.,2023-12-31,FY2023,USD,4335141000.0,1738318000.0,306854000.0,509390000.0,65543000.0,1.41,40.098,7.078,11.75,1.512,2023-01-01,FY,False,yfinance
CIGI,Colliers International Group Inc.,2022-12-31,FY2022,USD,4459487000.0,1710002000.0,338141000.0,515562000.0,46253000.0,1.05,38.345,7.583,11.561,1.037,2022-01-01,FY,False,yfinance
CSU,Constellation Software Inc.,2025-12-31,FY2025,USD,11623000000.0,4368000000.0,1195000000.0,2578000000.0,512000000.0,24.15,37.581,10.281,22.18,4.405,2025-01-01,FY,False,yfinance
CSU,Constellation Software Inc.,2024-12-31,FY2024,USD,10066000000.0,3615000000.0,1259000000.0,2485000000.0,731000000.0,34.48,35.913,12.507,24.687,7.262,2024-01-01,FY,False,yfinance
CSU,Constellation Software Inc.,2023-12-31,FY2023,USD,8405000000.0,2944000000.0,428000000.0,1449000000.0,565000000.0,26.67,35.027,5.092,17.24,6.722,2023-01-01,FY,False,yfinance
CSU,Constellation Software Inc.,2022-12-31,FY2022,USD,6622000000.0,2323000000.0,813000000.0,1632000000.0,512000000.0,24.18,35.08,12.277,24.645,7.732,2022-01-01,FY,False,yfinance
CRT.UN,CT Real Estate Investment Trust,2025-12-31,FY2025,CAD,604251000.0,471690000.0,648844000.0,648844000.0,517087000.0,1.786,78.062,107.38,107.38,85.575,2025-01-01,FY,False,yfinance
CRT.UN,CT Real Estate Investment Trust,2024-12-31,FY2024,CAD,578689000.0,452996000.0,557476000.0,557476000.0,434221000.0,1.489,78.28,96.334,96.334,75.035,2024-01-01,FY,False,yfinance
CRT.UN,CT Real Estate Investment Trust,2023-12-31,FY2023,CAD,552772000.0,437249000.0,343916000.0,343916000.0,229434000.0,0.87,79.101,62.217,62.217,41.506,2023-01-01,FY,False,yfinance
CRT.UN,CT Real Estate Investment Trust,2022-12-31,FY2022,CAD,532795000.0,421662000.0,435285000.0,435285000.0,324613000.0,1.185,79.142,81.698,81.698,60.926,2022-01-01,FY,False,yfinance
CRR.UN,Crombie Real Estate Investment Trust,2025-12-31,FY2025,CAD,500074000.0,328152000.0,214366000.0,303279000.0,116479000.0,-0.279748,65.621,42.867,60.647,23.292,2025-01-01,FY,False,yfinance
CRR.UN,Crombie Real Estate Investment Trust,2024-12-31,FY2024,CAD,476360000.0,307020000.0,251323000.0,332853000.0,158265000.0,-0.022195,64.451,52.759,69.874,33.224,2024-01-01,FY,False,yfinance
CRR.UN,Crombie Real Estate Investment Trust,2023-12-31,FY2023,CAD,455119000.0,290842000.0,185632000.0,264467000.0,98821000.0,-0.329901,63.905,40.788,58.109,21.713,2023-01-01,FY,False,yfinance
CRR.UN,Crombie Real Estate Investment Trust,2022-12-31,FY2022,CAD,428079000.0,281818000.0,251380000.0,331216000.0,167800000.0,0.069661,65.833,58.723,77.373,39.198,2022-01-01,FY,False,yfinance
CURA,"Curaleaf Holdings, Inc.",2025-12-31,FY2025,USD,1268135000.0,631022000.0,22615000.0,238657000.0,-273364000.0,-1.05,49.76,1.783,18.82,-21.556,2025-01-01,FY,False,yfinance
CURA,"Curaleaf Holdings, Inc.",2024-12-31,FY2024,USD,1334299000.0,640777000.0,-12742000.0,235275000.0,-238169000.0,-0.96,48.023,-0.955,17.633,-17.85,2024-01-01,FY,False,yfinance
CURA,"Curaleaf Holdings, Inc.",2023-12-31,FY2023,USD,1346632000.0,614449000.0,-23984000.0,187930000.0,-281197000.0,-1.17,45.629,-1.781,13.956,-20.882,2023-01-01,FY,False,yfinance
CURA,"Curaleaf Holdings, Inc.",2022-12-31,FY2022,USD,1275420000.0,626419000.0,2354000.0,167995000.0,-370099000.0,-1.56,49.115,0.185,13.172,-29.018,2022-01-01,FY,False,yfinance
DFY,Definity Financial Corporation,2025-12-31,FY2025,CAD,4873800000.0,,600700000.0,,418200000.0,3.51,,12.325,,8.581,2025-01-01,FY,False,yfinance
DFY,Definity Financial Corporation,2024-12-31,FY2024,CAD,4506900000.0,,588300000.0,,430400000.0,3.69,,13.053,,9.55,2024-01-01,FY,False,yfinance
DFY,Definity Financial Corporation,2023-12-31,FY2023,CAD,4034100000.0,,472500000.0,,350100000.0,3.0,,11.713,,8.679,2023-01-01,FY,False,yfinance
DFY,Definity Financial Corporation,2022-12-31,FY2022,CAD,2994200000.0,,114400000.0,,110900000.0,0.95,,3.821,,3.704,2022-01-01,FY,False,yfinance
DML,Denison Mines Corp.,2025-12-31,FY2025,CAD,4918000.0,,-208677000.0,-190904000.0,-217288000.0,-0.24,,-4243.127,-3881.741,-4418.219,2025-01-01,FY,False,yfinance
DML,Denison Mines Corp.,2024-12-31,FY2024,CAD,4023000.0,-792000.0,-91718000.0,-81789000.0,-91119000.0,-0.1,-19.687,-2279.841,-2033.035,-2264.952,2024-01-01,FY,False,yfinance
DML,Denison Mines Corp.,2023-12-31,FY2023,CAD,1855000.0,-1855000.0,87073000.0,96464000.0,90375000.0,0.1,-100.0,4693.962,5200.216,4871.968,2023-01-01,FY,False,yfinance
DML,Denison Mines Corp.,2022-12-31,FY2022,CAD,8973000.0,3820000.0,10363000.0,19030000.0,14354000.0,0.02,42.572,115.491,212.081,159.969,2022-01-01,FY,False,yfinance
DML,Denison Mines Corp.,2021-12-31,FY2021,CAD,,7379000.0,,,,,,,,,2021-01-01,FY,False,yfinance
DSG,Descartes Systems Group Inc.,2026-01-31,FY2026,USD,728992000.0,561927000.0,218057000.0,305188000.0,163767000.0,1.87,77.083,29.912,41.864,22.465,2025-02-01,FY,False,yfinance
DSG,Descartes Systems Group Inc.,2025-01-31,FY2025,USD,651000000.0,492426000.0,192637000.0,267625000.0,143273000.0,1.64,75.641,29.591,41.11,22.008,2024-02-01,FY,False,yfinance
DSG,Descartes Systems Group Inc.,2024-01-31,FY2024,USD,572931000.0,434636000.0,152515000.0,218490000.0,115907000.0,1.34,75.862,26.62,38.135,20.231,2023-02-01,FY,False,yfinance
DSG,Descartes Systems Group Inc.,2023-01-31,FY2023,USD,486014000.0,372688000.0,134895000.0,200297000.0,102236000.0,1.18,76.683,27.755,41.212,21.036,2022-02-01,FY,False,yfinance
DSV,Discovery Silver Corp.,2025-12-31,FY2025,USD,653213000.0,302688000.0,188171000.0,290147000.0,106810000.0,0.15,46.338,28.807,44.418,16.351,2025-01-01,FY,False,yfinance
DSV,Discovery Silver Corp.,2024-12-31,FY2024,USD,0.0,0.0,-14100000.0,-13823000.0,-15167000.0,-0.04,,,,,2024-01-01,FY,False,yfinance
DSV,Discovery Silver Corp.,2023-12-31,FY2023,USD,0.0,-273604.703754,-11860006.784261,-11585814.111262,-11874351.726217,-0.030152,,,,,2023-01-01,FY,False,yfinance
DSV,Discovery Silver Corp.,2022-12-31,FY2022,USD,0.0,-48822.575892,-30277569.260242,-30064381.815503,-30279818.744474,-0.088417,,,,,2022-01-01,FY,False,yfinance
DOL,Dollarama Inc.,2026-01-31,FY2026,CAD,7255754000.0,3268665000.0,1968305000.0,2428324000.0,1309438000.0,4.73,45.049,27.128,33.468,18.047,2025-02-01,FY,False,yfinance
DOL,Dollarama Inc.,2025-01-31,FY2025,CAD,6413145000.0,2893746000.0,1734350000.0,2145501000.0,1168545000.0,4.16,45.122,27.044,33.455,18.221,2024-02-01,FY,False,yfinance
DOL,Dollarama Inc.,2024-01-31,FY2024,CAD,5867348000.0,2613441000.0,1518102000.0,1883547000.0,1010460000.0,3.56,44.542,25.874,32.102,17.222,2023-02-01,FY,False,yfinance
DOL,Dollarama Inc.,2023-01-31,FY2023,CAD,5052741000.0,2198206000.0,1197689000.0,1529481000.0,801863000.0,2.76,43.505,23.704,30.27,15.87,2022-02-01,FY,False,yfinance
DIR.UN,Dream Industrial Real Estate Investment Trust,2025-12-31,FY2025,CAD,504256000.0,384990000.0,254529000.0,259670000.0,170073000.0,0.58,76.348,50.476,51.496,33.728,2025-01-01,FY,False,yfinance
DIR.UN,Dream Industrial Real Estate Investment Trust,2024-12-31,FY2024,CAD,466218000.0,355432000.0,345027000.0,348532000.0,259611000.0,0.898538,76.237,74.006,74.757,55.684,2024-01-01,FY,False,yfinance
DIR.UN,Dream Industrial Real Estate Investment Trust,2023-12-31,FY2023,CAD,437601000.0,334180000.0,166523000.0,169777000.0,104299000.0,0.37,76.366,38.054,38.797,23.834,2023-01-01,FY,False,yfinance
DIR.UN,Dream Industrial Real Estate Investment Trust,2022-12-31,FY2022,CAD,369567000.0,281587000.0,759807000.0,762880000.0,705885000.0,2.750871,76.194,205.594,206.425,191.003,2022-01-01,FY,False,yfinance
DPM,Dundee Precious Metals Inc.,2025-12-31,FY2025,USD,950481000.0,605922000.0,424913000.0,532317000.0,369226000.0,1.99,63.749,44.705,56.005,38.846,2025-01-01,FY,False,yfinance
DPM,Dundee Precious Metals Inc.,2024-12-31,FY2024,USD,606992000.0,346291000.0,277697000.0,372207000.0,235880000.0,1.31,57.05,45.75,61.32,38.86,2024-01-01,FY,False,yfinance
DPM,Dundee Precious Metals Inc.,2023-12-31,FY2023,USD,520091000.0,275884000.0,207706000.0,292114000.0,192939000.0,1.04,53.045,39.936,56.166,37.097,2023-01-01,FY,False,yfinance
DPM,Dundee Precious Metals Inc.,2022-12-31,FY2022,USD,433490000.0,196822000.0,141844000.0,226073000.0,35923000.0,0.19,45.404,32.721,52.152,8.287,2022-01-01,FY,False,yfinance
ELD,Eldorado Gold Corporation,2025-12-31,FY2025,USD,1803431000.0,867247000.0,571990000.0,832495000.0,507257000.0,2.47,48.089,31.717,46.162,28.127,2025-01-01,FY,False,yfinance
ELD,Eldorado Gold Corporation,2024-12-31,FY2024,USD,1323537000.0,507929000.0,455514000.0,710505000.0,289121000.0,1.41,38.377,34.416,53.682,21.845,2024-01-01,FY,False,yfinance
ELD,Eldorado Gold Corporation,2023-12-31,FY2023,USD,1010099000.0,270065000.0,193872000.0,458197000.0,104630000.0,0.54,26.736,19.193,45.362,10.358,2023-01-01,FY,False,yfinance
ELD,Eldorado Gold Corporation,2022-12-31,FY2022,USD,871461000.0,171690000.0,47072000.0,289465000.0,-353824000.0,-1.93,19.701,5.402,33.216,-40.601,2022-01-01,FY,False,yfinance
EMP.A,Empire Company Limited,2026-04-30,FY2026,CAD,31950000000.0,8664000000.0,625000000.0,1793000000.0,198000000.0,,27.117,1.956,5.612,0.62,2025-05-01,FY,False,yfinance
EMP.A,Empire Company Limited,2025-04-30,FY2025,CAD,31277000000.0,8382000000.0,1316000000.0,2436000000.0,700000000.0,2.93,26.799,4.208,7.788,2.238,2024-05-01,FY,False,yfinance
EMP.A,Empire Company Limited,2024-04-30,FY2024,CAD,30733000000.0,8071000000.0,1335000000.0,2406000000.0,726000000.0,2.92,26.262,4.344,7.829,2.362,2023-05-01,FY,False,yfinance
EMP.A,Empire Company Limited,2023-04-30,FY2023,CAD,30478100000.0,7792700000.0,1250800000.0,2281400000.0,686000000.0,2.64,25.568,4.104,7.485,2.251,2022-05-01,FY,False,yfinance
EMP.A,Empire Company Limited,2022-04-30,FY2022,CAD,,,,,,2.8,,,,,2021-05-01,FY,False,yfinance
EFN,Element Fleet Management Corp.,2025-12-31,FY2025,USD,2320100000.0,869287000.0,529319000.0,1199730000.0,279129000.0,0.69,37.468,22.814,51.71,12.031,2025-01-01,FY,False,yfinance
EFN,Element Fleet Management Corp.,2024-12-31,FY2024,USD,2205045000.0,783958000.0,515074000.0,1126669000.0,387137000.0,0.95,35.553,23.359,51.095,17.557,2024-01-01,FY,False,yfinance
EFN,Element Fleet Management Corp.,2023-12-31,FY2023,USD,1911732000.0,687265000.0,451984000.0,1014815000.0,345599000.0,0.82,35.95,23.643,53.084,18.078,2023-01-01,FY,False,yfinance
EFN,Element Fleet Management Corp.,2022-12-31,FY2022,USD,1444015620.394931,596200265.251989,407739463.601533,852168435.013263,301829501.915709,0.692602,41.288,28.236,59.014,20.902,2022-01-01,FY,False,yfinance
EMA,Emera Incorporated,2025-12-31,FY2025,CAD,8776000000.0,3830000000.0,2189000000.0,3487000000.0,1089000000.0,3.38,43.642,24.943,39.733,12.409,2025-01-01,FY,False,yfinance
EMA,Emera Incorporated,2024-12-31,FY2024,CAD,7200000000.0,2894000000.0,1390000000.0,2555000000.0,567000000.0,1.71,40.194,19.306,35.486,7.875,2024-01-01,FY,False,yfinance
EMA,Emera Incorporated,2023-12-31,FY2023,CAD,7563000000.0,3276000000.0,2111000000.0,3171000000.0,1044000000.0,3.57,43.316,27.912,41.928,13.804,2023-01-01,FY,False,yfinance
EMA,Emera Incorporated,2022-12-31,FY2022,CAD,7588000000.0,3021000000.0,1903000000.0,2862000000.0,1008000000.0,3.55,39.813,25.079,37.717,13.284,2022-01-01,FY,False,yfinance
ENB,Enbridge Inc.,2025-12-31,FY2025,CAD,65194000000.0,21497000000.0,14785000000.0,20446000000.0,7491000000.0,3.22,32.974,22.678,31.362,11.49,2025-01-01,FY,False,yfinance
ENB,Enbridge Inc.,2024-12-31,FY2024,CAD,53473000000.0,19266000000.0,11700000000.0,16867000000.0,5441000000.0,2.34,36.029,21.88,31.543,10.175,2024-01-01,FY,False,yfinance
ENB,Enbridge Inc.,2023-12-31,FY2023,CAD,43649000000.0,17670000000.0,11736000000.0,16349000000.0,6191000000.0,2.84,40.482,26.887,37.456,14.184,2023-01-01,FY,False,yfinance
ENB,Enbridge Inc.,2022-12-31,FY2022,CAD,53309000000.0,16403000000.0,7766000000.0,12083000000.0,3003000000.0,1.28,30.77,14.568,22.666,5.633,2022-01-01,FY,False,yfinance
EDR,Endeavour Silver Corp.,2025-12-31,FY2025,USD,467500000.0,82400000.0,-98600000.0,-24800000.0,-119100000.0,-0.42,17.626,-21.091,-5.305,-25.476,2025-01-01,FY,False,yfinance
EDR,Endeavour Silver Corp.,2024-12-31,FY2024,USD,217600000.0,41600000.0,-21200000.0,9900000.0,-31500000.0,-0.13,19.118,-9.743,4.55,-14.476,2024-01-01,FY,False,yfinance
EDR,Endeavour Silver Corp.,2023-12-31,FY2023,USD,205463000.0,36235000.0,19075000.0,47864000.0,6123000.0,0.03,17.636,9.284,23.296,2.98,2023-01-01,FY,False,yfinance
EDR,Endeavour Silver Corp.,2022-12-31,FY2022,USD,210160000.0,51311000.0,25739000.0,51827000.0,6201000.0,0.03,24.415,12.247,24.661,2.951,2022-01-01,FY,False,yfinance
EFR,Energy Fuels Inc.,2025-12-31,FY2025,USD,65922000.0,13753000.0,-101155000.0,-95724000.0,-85634000.0,-0.38,20.863,-153.446,-145.208,-129.902,2025-01-01,FY,False,yfinance
EFR,Energy Fuels Inc.,2024-12-31,FY2024,USD,78114000.0,22196000.0,-37172000.0,-34045000.0,-47765000.0,-0.28,28.415,-47.587,-43.584,-61.148,2024-01-01,FY,False,yfinance
EFR,Energy Fuels Inc.,2023-12-31,FY2023,USD,37928000.0,19747000.0,-32367000.0,-29616000.0,99862000.0,0.62,52.064,-85.338,-78.085,263.294,2023-01-01,FY,False,yfinance
EFR,Energy Fuels Inc.,2022-12-31,FY2022,USD,12515000.0,4671000.0,-59778000.0,-56509000.0,-59849000.0,-0.38,37.323,-477.651,-451.53,-478.218,2022-01-01,FY,False,yfinance
EQB,EQB Inc.,2025-10-31,FY2025,CAD,1362552000.0,,,,265295000.0,6.65,,,,19.47,2024-11-01,FY,False,yfinance
EQB,EQB Inc.,2024-10-31,FY2024,CAD,1255442000.0,,,,400562000.0,10.11,,,,31.906,2023-11-01,FY,False,yfinance
EQB,EQB Inc.,2022-12-31,FY2022,CAD,782186000.0,,,,270181000.0,7.55,,,,34.542,2022-01-01,FY,False,yfinance
EQB,EQB Inc.,2021-12-31,FY2021,CAD,642907000.0,,,,292530000.0,8.36,,,,45.501,2021-01-01,FY,False,yfinance
EFX,Equifax Inc.,2025-12-31,FY2025,USD,2571000000.0,582000000.0,245000000.0,406000000.0,64000000.0,0.525444,22.637,9.529,15.792,2.489,2025-01-01,FY,False,yfinance
EFX,Equifax Inc.,2024-12-31,FY2024,USD,2414000000.0,504000000.0,184000000.0,369000000.0,32000000.0,0.257767,20.878,7.622,15.286,1.326,2024-01-01,FY,False,yfinance
EFX,Equifax Inc.,2023-12-31,FY2023,USD,2343000000.0,457000000.0,66000000.0,264000000.0,-83000000.0,-0.675013,19.505,2.817,11.268,-3.542,2023-01-01,FY,False,yfinance
EFX,Equifax Inc.,2022-12-31,FY2022,USD,1309901267.31506,237780725.022104,-22344532.861774,72178750.368406,-74375921.013852,-0.766284,18.153,-1.706,5.51,-5.678,2022-01-01,FY,False,yfinance
EQX,Equinox Gold Corp.,2025-12-31,FY2025,USD,1817195000.0,642104000.0,310655000.0,828171000.0,221471000.0,0.35,35.335,17.095,45.574,12.188,2025-01-01,FY,False,yfinance
EQX,Equinox Gold Corp.,2024-12-31,FY2024,USD,912840000.0,204191000.0,624612000.0,847228000.0,339287000.0,0.75,22.369,68.425,92.812,37.168,2024-01-01,FY,False,yfinance
EQX,Equinox Gold Corp.,2023-12-31,FY2023,USD,1088191000.0,108984000.0,74969000.0,291090000.0,28884000.0,0.09,10.015,6.889,26.75,2.654,2023-01-01,FY,False,yfinance
EQX,Equinox Gold Corp.,2022-12-31,FY2022,USD,952196000.0,83938000.0,-58055000.0,130782000.0,-106027000.0,-0.35,8.815,-6.097,13.735,-11.135,2022-01-01,FY,False,yfinance
ERO,Ero Copper Corp.,2025-12-31,FY2025,USD,785844000.0,344629000.0,346323000.0,462030000.0,263723000.0,2.53,43.855,44.07,58.794,33.559,2025-01-01,FY,False,yfinance
ERO,Ero Copper Corp.,2024-12-31,FY2024,USD,470259000.0,180553000.0,-73627000.0,13783000.0,-68475000.0,-0.66,38.394,-15.657,2.931,-14.561,2024-01-01,FY,False,yfinance
ERO,Ero Copper Corp.,2023-12-31,FY2023,USD,427480000.0,156845000.0,125127000.0,208151000.0,92804000.0,0.98,36.691,29.271,48.693,21.71,2023-01-01,FY,False,yfinance
ERO,Ero Copper Corp.,2022-12-31,FY2022,USD,426392000.0,187175000.0,147509000.0,206478000.0,101831000.0,1.1,43.897,34.595,48.424,23.882,2022-01-01,FY,False,yfinance
EIF,Exchange Income Corporation,2025-12-31,FY2025,CAD,3277495000.0,812150000.0,359752000.0,744669000.0,167520000.0,3.12,24.78,10.976,22.721,5.111,2025-01-01,FY,False,yfinance
EIF,Exchange Income Corporation,2024-12-31,FY2024,CAD,2659895000.0,657740000.0,305845000.0,616260000.0,121235000.0,2.55,24.728,11.498,23.169,4.558,2024-01-01,FY,False,yfinance
EIF,Exchange Income Corporation,2023-12-31,FY2023,CAD,2498415000.0,594489000.0,282880000.0,548707000.0,122307000.0,2.65,23.795,11.322,21.962,4.895,2023-01-01,FY,False,yfinance
EIF,Exchange Income Corporation,2022-12-31,FY2022,CAD,2059373000.0,491345000.0,229887000.0,449595000.0,109669000.0,2.64,23.859,11.163,21.832,5.325,2022-01-01,FY,False,yfinance
FFH,Fairfax Financial Holdings Limited,2025-12-31,FY2025,USD,30405400000.0,,7262200000.0,,4772400000.0,213.78,,23.885,,15.696,2025-01-01,FY,False,yfinance
FFH,Fairfax Financial Holdings Limited,2024-12-31,FY2024,USD,26964200000.0,,6287500000.0,,3874900000.0,160.56,,23.318,,14.371,2024-01-01,FY,False,yfinance
FFH,Fairfax Financial Holdings Limited,2023-12-31,FY2023,USD,25803100000.0,,6418300000.0,,4381800000.0,173.24,,24.874,,16.982,2023-01-01,FY,False,yfinance
FFH,Fairfax Financial Holdings Limited,2022-12-31,FY2022,USD,19582600000.0,,5357000000.0,,3374200000.0,43.49,,27.356,,17.231,2022-01-01,FY,False,yfinance
FTT,Finning International Inc.,2025-12-31,FY2025,CAD,10591000000.0,2444000000.0,827000000.0,1219000000.0,658000000.0,3.93,23.076,7.809,11.51,6.213,2025-01-01,FY,False,yfinance
FTT,Finning International Inc.,2024-12-31,FY2024,CAD,9903000000.0,2357000000.0,781000000.0,1173000000.0,509000000.0,3.62,23.801,7.886,11.845,5.14,2024-01-01,FY,False,yfinance
FTT,Finning International Inc.,2023-12-31,FY2023,CAD,10527000000.0,2504000000.0,900000000.0,1279000000.0,523000000.0,3.54,23.786,8.549,12.15,4.968,2023-01-01,FY,False,yfinance
FTT,Finning International Inc.,2022-12-31,FY2022,CAD,9279000000.0,2223000000.0,755000000.0,1088000000.0,503000000.0,3.25,23.957,8.137,11.725,5.421,2022-01-01,FY,False,yfinance
FCR.UN,First Capital Real Estate Investment Trust,2025-12-31,FY2025,CAD,731237000.0,459936000.0,456269000.0,458781000.0,1064030000.0,5.008331,62.898,62.397,62.74,145.511,2025-01-01,FY,False,yfinance
FCR.UN,First Capital Real Estate Investment Trust,2024-12-31,FY2024,CAD,713524000.0,447288000.0,383699000.0,386266000.0,204933000.0,-0.631585,62.687,53.775,54.135,28.721,2024-01-01,FY,False,yfinance
FCR.UN,First Capital Real Estate Investment Trust,2023-12-31,FY2023,CAD,687981000.0,425257000.0,14936000.0,18833000.0,-134056000.0,-0.631791,61.812,2.171,2.737,-19.485,2023-01-01,FY,False,yfinance
FCR.UN,First Capital Real Estate Investment Trust,2022-12-31,FY2022,CAD,693096000.0,425499000.0,-2522000.0,3151000.0,-159997000.0,-0.749337,61.391,-0.364,0.455,-23.084,2022-01-01,FY,False,yfinance
AG,First Majestic Silver Corp.,2025-12-31,FY2025,USD,1265157000.0,450045000.0,409826000.0,674624000.0,164923000.0,0.34,35.572,32.393,53.323,13.036,2025-01-01,FY,False,yfinance
AG,First Majestic Silver Corp.,2024-12-31,FY2024,USD,563631000.0,91900000.0,-11017000.0,114475000.0,-101885000.0,-0.34,16.305,-1.955,20.31,-18.077,2024-01-01,FY,False,yfinance
AG,First Majestic Silver Corp.,2023-12-31,FY2023,USD,576385000.0,25642000.0,-180666000.0,-54496000.0,-135112000.0,-0.48,4.449,-31.345,-9.455,-23.441,2023-01-01,FY,False,yfinance
AG,First Majestic Silver Corp.,2022-12-31,FY2022,USD,626850000.0,16752000.0,-48463000.0,88948000.0,-114276000.0,-0.43,2.672,-7.731,14.19,-18.23,2022-01-01,FY,False,yfinance
FSV,FirstService Corporation,2025-12-31,FY2025,USD,5497500000.0,1846186000.0,340214000.0,525423000.0,145047000.0,3.17,33.582,6.189,9.557,2.638,2025-01-01,FY,False,yfinance
FSV,FirstService Corporation,2024-12-31,FY2024,USD,5216894000.0,1717920000.0,340751000.0,506020000.0,134375000.0,2.97,32.93,6.532,9.7,2.576,2024-01-01,FY,False,yfinance
FSV,FirstService Corporation,2023-12-31,FY2023,USD,4334548000.0,1387540000.0,250702000.0,378636000.0,100391000.0,2.24,32.011,5.784,8.735,2.316,2023-01-01,FY,False,yfinance
FSV,FirstService Corporation,2022-12-31,FY2022,USD,3745835000.0,1180115000.0,219172000.0,329312000.0,121074000.0,2.72,31.505,5.851,8.791,3.232,2022-01-01,FY,False,yfinance
FM,First Quantum Minerals Ltd.,2025-12-31,FY2025,USD,5237000000.0,1458000000.0,1067000000.0,1785000000.0,-28000000.0,-0.03,27.84,20.374,34.084,-0.535,2025-01-01,FY,False,yfinance
FM,First Quantum Minerals Ltd.,2024-12-31,FY2024,USD,4802000000.0,1350000000.0,960000000.0,1593000000.0,2000000.0,0.0,28.113,19.992,33.174,0.042,2024-01-01,FY,False,yfinance
FM,First Quantum Minerals Ltd.,2023-12-31,FY2023,USD,6456000000.0,1292000000.0,155000000.0,1276000000.0,-954000000.0,-1.38,20.012,2.401,19.765,-14.777,2023-01-01,FY,False,yfinance
FM,First Quantum Minerals Ltd.,2022-12-31,FY2022,USD,7626000000.0,2200000000.0,2053000000.0,3283000000.0,1034000000.0,1.49,28.849,26.921,43.05,13.559,2022-01-01,FY,False,yfinance
FTS,Fortis Inc.,2025-12-31,FY2025,CAD,12170000000.0,8799000000.0,3832000000.0,5889000000.0,1799000000.0,3.4,72.301,31.487,48.389,14.782,2025-01-01,FY,False,yfinance
FTS,Fortis Inc.,2024-12-31,FY2024,CAD,11508000000.0,8259000000.0,3580000000.0,5507000000.0,1680000000.0,3.24,71.767,31.109,47.854,14.599,2024-01-01,FY,False,yfinance
FTS,Fortis Inc.,2023-12-31,FY2023,CAD,11517000000.0,7746000000.0,3375000000.0,5148000000.0,1573000000.0,3.1,67.257,29.305,44.699,13.658,2023-01-01,FY,False,yfinance
FTS,Fortis Inc.,2022-12-31,FY2022,CAD,11043000000.0,7091000000.0,2905000000.0,4573000000.0,1394000000.0,2.78,64.213,26.306,41.411,12.623,2022-01-01,FY,False,yfinance
FVI,Fortuna Mining Corp.,2025-12-31,FY2025,USD,947059000.0,466898000.0,426056000.0,617075000.0,287469000.0,0.9,49.3,44.987,65.157,30.354,2025-01-01,FY,False,yfinance
FVI,Fortuna Mining Corp.,2024-12-31,FY2024,USD,677243000.0,233361000.0,168498000.0,344014000.0,128735000.0,0.41,34.457,24.88,50.796,19.009,2024-01-01,FY,False,yfinance
FVI,Fortuna Mining Corp.,2023-12-31,FY2023,USD,842428000.0,190025000.0,14089000.0,233777000.0,-50836000.0,-0.17,22.557,1.672,27.75,-6.034,2023-01-01,FY,False,yfinance
FVI,Fortuna Mining Corp.,2022-12-31,FY2022,USD,681491000.0,146796000.0,-113758000.0,59051000.0,-128132000.0,-0.44,21.54,-16.693,8.665,-18.802,2022-01-01,FY,False,yfinance
FRU,Freehold Royalties Ltd.,2025-12-31,FY2025,CAD,313460000.0,193230000.0,141981000.0,250484000.0,91781000.0,0.56,61.644,45.295,79.909,29.28,2025-01-01,FY,False,yfinance
FRU,Freehold Royalties Ltd.,2024-12-31,FY2024,CAD,309480000.0,199058000.0,206773000.0,308182000.0,149446000.0,0.98,64.32,66.813,99.581,48.289,2024-01-01,FY,False,yfinance
FRU,Freehold Royalties Ltd.,2023-12-31,FY2023,CAD,314575000.0,209463000.0,182716000.0,279340000.0,131904000.0,0.88,66.586,58.083,88.799,41.931,2023-01-01,FY,False,yfinance
FRU,Freehold Royalties Ltd.,2022-12-31,FY2022,CAD,393020000.0,281720000.0,275144000.0,377757000.0,209189000.0,1.39,71.681,70.008,96.116,53.226,2022-01-01,FY,False,yfinance
FNV,Franco-Nevada Corporation,2025-12-31,FY2025,USD,1822800000.0,1347300000.0,1416300000.0,1723000000.0,1112100000.0,5.76,73.914,77.699,94.525,61.011,2025-01-01,FY,False,yfinance
FNV,Franco-Nevada Corporation,2024-12-31,FY2024,USD,1113600000.0,759300000.0,764000000.0,989300000.0,552100000.0,2.87,68.184,68.606,88.838,49.578,2024-01-01,FY,False,yfinance
FNV,Franco-Nevada Corporation,2023-12-31,FY2023,USD,1219000000.0,766600000.0,-364100000.0,-91000000.0,-466400000.0,-2.43,62.888,-29.869,-7.465,-38.261,2023-01-01,FY,False,yfinance
FNV,Franco-Nevada Corporation,2022-12-31,FY2022,USD,1315700000.0,852600000.0,833800000.0,1120000000.0,700600000.0,3.65,64.802,63.373,85.126,53.249,2022-01-01,FY,False,yfinance
GMIN,G Mining Ventures Corp.,2025-12-31,FY2025,USD,580665000.0,399958000.0,369551000.0,392968000.0,287863000.0,1.25,68.879,63.643,67.676,49.575,2025-01-01,FY,False,yfinance
GMIN,G Mining Ventures Corp.,2024-12-31,FY2024,USD,145251000.0,87431000.0,62502000.0,73160000.0,29646000.0,0.18,60.193,43.03,50.368,20.41,2024-01-01,FY,False,yfinance
GMIN,G Mining Ventures Corp.,2023-12-31,FY2023,USD,0.0,0.0,-7180000.0,-7090000.0,-7180000.0,-0.06,,,,,2023-01-01,FY,False,yfinance
GMIN,G Mining Ventures Corp.,2022-12-31,FY2022,USD,0.0,-74438.0,-5382444.0,-5308006.0,-1897416.0,-0.04,,,,,2022-01-01,FY,False,yfinance
GEI,Gibson Energy Inc.,2025-12-31,FY2025,CAD,10689246000.0,456323000.0,396084000.0,571692000.0,197638000.0,1.2,4.269,3.705,5.348,1.849,2025-01-01,FY,False,yfinance
GEI,Gibson Energy Inc.,2024-12-31,FY2024,CAD,11779949000.0,423638000.0,345107000.0,531776000.0,152174000.0,0.93,3.596,2.93,4.514,1.292,2024-01-01,FY,False,yfinance
GEI,Gibson Energy Inc.,2023-12-31,FY2023,CAD,11014694000.0,483328000.0,393316000.0,535794000.0,214211000.0,1.41,4.388,3.571,4.864,1.945,2023-01-01,FY,False,yfinance
GEI,Gibson Energy Inc.,2022-12-31,FY2022,CAD,11035411000.0,394435000.0,355599000.0,500078000.0,223245000.0,1.5,3.574,3.222,4.532,2.023,2022-01-01,FY,False,yfinance
GFL,GFL Environmental Inc.,2025-12-31,FY2025,CAD,6615900000.0,1367300000.0,683100000.0,1999200000.0,3834100000.0,9.99,20.667,10.325,30.218,57.953,2025-01-01,FY,False,yfinance
GFL,GFL Environmental Inc.,2024-12-31,FY2024,CAD,6138800000.0,1128800000.0,-560300000.0,1007500000.0,-722700000.0,-2.11,18.388,-9.127,16.412,-11.773,2024-01-01,FY,False,yfinance
GFL,GFL Environmental Inc.,2023-12-31,FY2023,CAD,7515500000.0,1269400000.0,724800000.0,2214500000.0,45400000.0,0.13,16.89,9.644,29.466,0.604,2023-01-01,FY,False,yfinance
GFL,GFL Environmental Inc.,2022-12-31,FY2022,CAD,6761300000.0,797600000.0,67800000.0,1593300000.0,-311800000.0,-1.08,11.797,1.003,23.565,-4.612,2022-01-01,FY,False,yfinance
WN,George Weston Limited,2025-12-31,FY2025,CAD,64511000000.0,20640000000.0,4751000000.0,7131000000.0,1142000000.0,2.8,31.995,7.365,11.054,1.77,2025-01-01,FY,False,yfinance
WN,George Weston Limited,2024-12-31,FY2024,CAD,60717000000.0,19420000000.0,4198000000.0,6808000000.0,1359000000.0,3.266667,31.984,6.914,11.213,2.238,2024-01-01,FY,False,yfinance
WN,George Weston Limited,2023-12-31,FY2023,CAD,60124000000.0,19611000000.0,4685000000.0,7215000000.0,1540000000.0,3.583333,32.618,7.792,12.0,2.561,2023-01-01,FY,False,yfinance
WN,George Weston Limited,2022-12-31,FY2022,CAD,57048000000.0,18520000000.0,4722000000.0,7129000000.0,1816000000.0,4.053333,32.464,8.277,12.496,3.183,2022-01-01,FY,False,yfinance
GIL,Gildan Activewear Inc.,2025-12-31,FY2025,USD,3619236000.0,1129867000.0,589033000.0,736599000.0,398879000.0,2.61,31.218,16.275,20.352,11.021,2025-01-01,FY,False,yfinance
GIL,Gildan Activewear Inc.,2024-12-31,FY2024,USD,3270590000.0,1003679000.0,599536000.0,737738000.0,400865000.0,2.46,30.688,18.331,22.557,12.257,2024-01-01,FY,False,yfinance
GIL,Gildan Activewear Inc.,2023-12-31,FY2023,USD,3195911000.0,880054000.0,621386000.0,743030000.0,533580000.0,3.03,27.537,19.443,23.249,16.696,2023-01-01,FY,False,yfinance
GIL,Gildan Activewear Inc.,2022-12-31,FY2022,USD,3240482000.0,992412000.0,595191000.0,720117000.0,541540000.0,2.93,30.625,18.367,22.223,16.712,2022-01-01,FY,False,yfinance
GRT.UN,Granite Real Estate Investment Trust,2025-12-31,FY2025,CAD,618702000.0,509461000.0,451980000.0,453174000.0,342340000.0,5.649082,82.344,73.053,73.246,55.332,2025-01-01,FY,False,yfinance
GRT.UN,Granite Real Estate Investment Trust,2024-12-31,FY2024,CAD,569139000.0,471986000.0,479191000.0,480480000.0,360609000.0,5.705839,82.93,84.196,84.422,63.36,2024-01-01,FY,False,yfinance
GRT.UN,Granite Real Estate Investment Trust,2023-12-31,FY2023,CAD,521250000.0,435238000.0,201871000.0,203143000.0,136662000.0,2.138685,83.499,38.728,38.972,26.218,2023-01-01,FY,False,yfinance
GRT.UN,Granite Real Estate Investment Trust,2022-12-31,FY2022,CAD,455579000.0,380358000.0,137340000.0,138938000.0,155768000.0,2.385421,83.489,30.146,30.497,34.191,2022-01-01,FY,False,yfinance
GSY,goeasy Ltd.,2025-12-31,FY2025,CAD,1696789000.0,1169067000.0,937399000.0,1019575000.0,-178370000.0,-10.78,68.899,55.245,60.088,-10.512,2025-01-01,FY,False,yfinance
GSY,goeasy Ltd.,2024-12-31,FY2024,CAD,1534873000.0,1061242000.0,846647000.0,930542000.0,264227000.0,15.21,69.142,55.161,60.627,17.215,2024-01-01,FY,False,yfinance
GSY,goeasy Ltd.,2023-12-31,FY2023,CAD,1250069000.0,851586000.0,654126000.0,740457000.0,247898000.0,14.48,68.123,52.327,59.233,19.831,2023-01-01,FY,False,yfinance
GSY,goeasy Ltd.,2022-12-31,FY2022,CAD,1019336000.0,708260000.0,522556000.0,603862000.0,140161000.0,8.42,69.482,51.264,59.241,13.75,2022-01-01,FY,False,yfinance
HR.UN,H&R Real Estate Investment Trust,2025-12-31,FY2025,CAD,815128000.0,489702000.0,-826554000.0,-826554000.0,-791564000.0,-3.014797,60.077,-101.402,-101.402,-97.109,2025-01-01,FY,False,yfinance
HR.UN,H&R Real Estate Investment Trust,2024-12-31,FY2024,CAD,816990000.0,499338000.0,-20166000.0,-20166000.0,-119714000.0,-0.456995,61.119,-2.468,-2.468,-14.653,2024-01-01,FY,False,yfinance
HR.UN,H&R Real Estate Investment Trust,2023-12-31,FY2023,CAD,847146000.0,522219000.0,182369000.0,182369000.0,61690000.0,0.233815,61.645,21.527,21.527,7.282,2023-01-01,FY,False,yfinance
HR.UN,H&R Real Estate Investment Trust,2022-12-31,FY2022,CAD,834640000.0,512828000.0,1098441000.0,1098441000.0,844823000.0,3.098322,61.443,131.607,131.607,101.22,2022-01-01,FY,False,yfinance
GWO,Great-West Lifeco Inc.,2025-12-31,FY2025,CAD,39104000000.0,,5062000000.0,,4120000000.0,4.26,,12.945,,10.536,2025-01-01,FY,False,yfinance
GWO,Great-West Lifeco Inc.,2024-12-31,FY2024,CAD,34723000000.0,,5371000000.0,,4070000000.0,4.21,,15.468,,11.721,2024-01-01,FY,False,yfinance
GWO,Great-West Lifeco Inc.,2023-12-31,FY2023,CAD,36731000000.0,,3478000000.0,,2868000000.0,2.93,,9.469,,7.808,2023-01-01,FY,False,yfinance
GWO,Great-West Lifeco Inc.,2022-12-31,FY2022,CAD,,,4443000000.0,,3726000000.0,3.86,,,,,2022-01-01,FY,False,yfinance
HBM,Hudbay Minerals Inc.,2025-12-31,FY2025,USD,2211000000.0,743200000.0,1001600000.0,1442800000.0,568500000.0,1.44,33.614,45.301,65.256,25.712,2025-01-01,FY,False,yfinance
HBM,Hudbay Minerals Inc.,2024-12-31,FY2024,USD,2021200000.0,553800000.0,352300000.0,780300000.0,76700000.0,0.2,27.4,17.43,38.606,3.795,2024-01-01,FY,False,yfinance
HBM,Hudbay Minerals Inc.,2023-12-31,FY2023,USD,1690000000.0,392500000.0,257700000.0,650800000.0,66400000.0,0.22,23.225,15.249,38.509,3.929,2023-01-01,FY,False,yfinance
HBM,Hudbay Minerals Inc.,2022-12-31,FY2022,USD,1461440000.0,276888000.0,191256000.0,530319000.0,70382000.0,0.27,18.946,13.087,36.287,4.816,2022-01-01,FY,False,yfinance
HWX,Headwater Exploration Inc.,2025-12-31,FY2025,CAD,618280000.0,325907000.0,203108000.0,330145000.0,153207000.0,0.64,52.712,32.85,53.397,24.78,2025-01-01,FY,False,yfinance
HWX,Headwater Exploration Inc.,2024-12-31,FY2024,CAD,619804000.0,332063000.0,246479000.0,371362000.0,188028000.0,0.8,53.575,39.767,59.916,30.337,2024-01-01,FY,False,yfinance
HWX,Headwater Exploration Inc.,2023-12-31,FY2023,CAD,511234000.0,258124000.0,204696000.0,324893000.0,156072000.0,0.66,50.49,40.04,63.551,30.528,2023-01-01,FY,False,yfinance
HWX,Headwater Exploration Inc.,2022-12-31,FY2022,CAD,458379000.0,265996000.0,212564000.0,291971000.0,162109000.0,0.7,58.03,46.373,63.696,35.366,2022-01-01,FY,False,yfinance
H,Hydro One Limited,2025-12-31,FY2025,CAD,9041000000.0,3349000000.0,2241000000.0,3204000000.0,1339000000.0,2.23,37.042,24.787,35.439,14.81,2025-01-01,FY,False,yfinance
H,Hydro One Limited,2024-12-31,FY2024,CAD,8484000000.0,3033000000.0,1977000000.0,2886000000.0,1156000000.0,1.92,35.75,23.303,34.017,13.626,2024-01-01,FY,False,yfinance
H,Hydro One Limited,2023-12-31,FY2023,CAD,7844000000.0,2838000000.0,1840000000.0,2692000000.0,1085000000.0,1.81,36.181,23.457,34.319,13.832,2023-01-01,FY,False,yfinance
H,Hydro One Limited,2022-12-31,FY2022,CAD,7780000000.0,2798000000.0,1823000000.0,2621000000.0,1050000000.0,1.75,35.964,23.432,33.689,13.496,2022-01-01,FY,False,yfinance
IAU,I-80 Gold Corp.,2025-12-31,FY2025,USD,95193000.0,11506000.0,-173477000.0,-170228000.0,-198847000.0,0.3,12.087,-182.237,-178.824,-208.888,2025-01-01,FY,False,yfinance
IAU,I-80 Gold Corp.,2024-12-31,FY2024,USD,50335000.0,-15723000.0,-88470000.0,-85270000.0,-121533000.0,-0.34,-31.237,-175.762,-169.405,-241.448,2024-01-01,FY,False,yfinance
IAU,I-80 Gold Corp.,2023-12-31,FY2023,USD,54910000.0,-5144000.0,-66528000.0,-57817000.0,-89654000.0,-0.33,-9.368,-121.158,-105.294,-163.274,2023-01-01,FY,False,yfinance
IAU,I-80 Gold Corp.,2022-12-31,FY2022,USD,36958000.0,3569000.0,-73896000.0,-67712000.0,-79197000.0,-0.33,9.657,-199.946,-183.213,-214.289,2022-01-01,FY,False,yfinance
IAG,iA Financial Corporation Inc.,2025-12-31,FY2025,CAD,8663000000.0,,1397000000.0,,1096000000.0,11.29,,16.126,,12.652,2025-01-01,FY,False,yfinance
IAG,iA Financial Corporation Inc.,2024-12-31,FY2024,CAD,7928000000.0,,1290000000.0,,962000000.0,9.77,,16.271,,12.134,2024-01-01,FY,False,yfinance
IAG,iA Financial Corporation Inc.,2023-12-31,FY2023,CAD,8709000000.0,,1059000000.0,,789000000.0,7.48,,12.16,,9.06,2023-01-01,FY,False,yfinance
IAG,iA Financial Corporation Inc.,2022-12-31,FY2022,CAD,,,400000000.0,,334000000.0,2.89,,,,,2022-01-01,FY,False,yfinance
IMG,Iamgold Corporation,2025-12-31,FY2025,USD,2852800000.0,1206200000.0,1074800000.0,1495700000.0,664400000.0,1.14,42.281,37.675,52.429,23.289,2025-01-01,FY,False,yfinance
IMG,Iamgold Corporation,2024-12-31,FY2024,USD,1633000000.0,549900000.0,990500000.0,1265500000.0,819600000.0,1.5,33.674,60.655,77.495,50.19,2024-01-01,FY,False,yfinance
IMG,Iamgold Corporation,2023-12-31,FY2023,USD,987100000.0,124100000.0,93700000.0,315400000.0,94300000.0,0.19,12.572,9.492,31.952,9.553,2023-01-01,FY,False,yfinance
IMG,Iamgold Corporation,2022-12-31,FY2022,USD,958800000.0,147900000.0,31600000.0,273600000.0,-70100000.0,-0.15,15.426,3.296,28.536,-7.311,2022-01-01,FY,False,yfinance
IMO,Imperial Oil Limited,2025-12-31,FY2025,CAD,45203000000.0,5548000000.0,4288000000.0,6867000000.0,3268000000.0,6.48,12.274,9.486,15.191,7.23,2025-01-01,FY,False,yfinance
IMO,Imperial Oil Limited,2024-12-31,FY2024,CAD,48824000000.0,7058000000.0,6280000000.0,8263000000.0,4790000000.0,9.03,14.456,12.863,16.924,9.811,2024-01-01,FY,False,yfinance
IMO,Imperial Oil Limited,2023-12-31,FY2023,CAD,48300000000.0,7115000000.0,6438000000.0,8345000000.0,4889000000.0,8.49,14.731,13.329,17.277,10.122,2023-01-01,FY,False,yfinance
IMO,Imperial Oil Limited,2022-12-31,FY2022,CAD,57234000000.0,10191000000.0,9544000000.0,11441000000.0,7340000000.0,11.44,17.806,16.675,19.99,12.825,2022-01-01,FY,False,yfinance
IGM,IGM Financial Inc.,2025-12-31,FY2025,CAD,3820835000.0,1876195000.0,1570078000.0,1668140000.0,1100969000.0,4.64,49.104,41.093,43.659,28.815,2025-01-01,FY,False,yfinance
IGM,IGM Financial Inc.,2024-12-31,FY2024,CAD,3491825000.0,1701662000.0,1338989000.0,1431664000.0,933514000.0,3.93,48.733,38.346,41.0,26.734,2024-01-01,FY,False,yfinance
IGM,IGM Financial Inc.,2023-12-31,FY2023,CAD,3186368000.0,1550286000.0,1267688000.0,1358232000.0,1148892000.0,4.82,48.654,39.785,42.626,36.056,2023-01-01,FY,False,yfinance
IGM,IGM Financial Inc.,2022-12-31,FY2022,CAD,3149320000.0,1532330000.0,1220280000.0,1307677000.0,867244000.0,3.63,48.656,38.747,41.523,27.538,2022-01-01,FY,False,yfinance
IFC,Intact Financial Corporation,2025-12-31,FY2025,CAD,26073000000.0,,4532000000.0,,3365000000.0,18.35,,17.382,,12.906,2025-01-01,FY,False,yfinance
IFC,Intact Financial Corporation,2024-12-31,FY2024,CAD,24984000000.0,,3100000000.0,,2297000000.0,12.36,,12.408,,9.194,2024-01-01,FY,False,yfinance
IFC,Intact Financial Corporation,2023-12-31,FY2023,CAD,23290000000.0,,2026000000.0,,1316000000.0,6.99,,8.699,,5.65,2023-01-01,FY,False,yfinance
IFC,Intact Financial Corporation,2022-12-31,FY2022,CAD,22539000000.0,,3184000000.0,,2454000000.0,13.63,,14.127,,10.888,2022-01-01,FY,False,yfinance
IPCO,International Petroleum Corporation,2025-12-31,FY2025,USD,772093000.0,128120000.0,88305000.0,218059000.0,28938000.0,0.258052,16.594,11.437,28.243,3.748,2025-01-01,FY,False,yfinance
IPCO,International Petroleum Corporation,2024-12-31,FY2024,USD,913182000.0,210171000.0,171449000.0,310015000.0,102202000.0,0.81,23.015,18.775,33.949,11.192,2024-01-01,FY,False,yfinance
IPCO,International Petroleum Corporation,2023-12-31,FY2023,USD,960203000.0,250514000.0,253976000.0,365279000.0,172951000.0,1.28,26.09,26.45,38.042,18.012,2023-01-01,FY,False,yfinance
IPCO,International Petroleum Corporation,2022-12-31,FY2022,USD,1241814000.0,516709000.0,485827000.0,620263000.0,337683000.0,2.25,41.609,39.122,49.948,27.193,2022-01-01,FY,False,yfinance
IVN,Ivanhoe Mines Ltd.,2025-12-31,FY2025,USD,441615000.0,16958000.0,248891000.0,324606000.0,261555000.0,0.19,3.84,56.359,73.504,59.227,2025-01-01,FY,False,yfinance
IVN,Ivanhoe Mines Ltd.,2024-12-31,FY2024,USD,40818000.0,-10745000.0,188445000.0,208112000.0,228135000.0,0.17,-26.324,461.671,509.853,558.908,2024-01-01,FY,False,yfinance
IVN,Ivanhoe Mines Ltd.,2023-12-31,FY2023,USD,0.0,0.0,287232000.0,289527000.0,318928000.0,0.26,,,,,2023-01-01,FY,False,yfinance
IVN,Ivanhoe Mines Ltd.,2022-12-31,FY2022,USD,0.0,-33912000.0,338043000.0,343913000.0,410864000.0,0.33,,,,,2022-01-01,FY,False,yfinance
IIP.UN,InterRent Real Estate Investment Trust,2025-12-31,FY2025,CAD,249110000.0,182616000.0,79118000.0,80097000.0,18495000.0,0.132243,73.307,31.76,32.153,7.424,2025-01-01,FY,False,yfinance
IIP.UN,InterRent Real Estate Investment Trust,2024-12-31,FY2024,CAD,246254000.0,181795000.0,-97183000.0,-96408000.0,-155646000.0,-1.055203,73.824,-39.465,-39.15,-63.205,2024-01-01,FY,False,yfinance
IIP.UN,InterRent Real Estate Investment Trust,2023-12-31,FY2023,CAD,237135000.0,173632000.0,152610000.0,153597000.0,92240000.0,0.637091,73.221,64.356,64.772,38.898,2023-01-01,FY,False,yfinance
IIP.UN,InterRent Real Estate Investment Trust,2022-12-31,FY2022,CAD,216400000.0,156586000.0,151051000.0,152308000.0,103959000.0,0.732679,72.36,69.802,70.383,48.04,2022-01-01,FY,False,yfinance
JWEL,Jamieson Wellness Inc.,2025-12-31,FY2025,CAD,822056000.0,338332000.0,112246000.0,131903000.0,62437000.0,1.46,41.157,13.654,16.046,7.595,2025-01-01,FY,False,yfinance
JWEL,Jamieson Wellness Inc.,2024-12-31,FY2024,CAD,733780000.0,275610000.0,96070000.0,114602000.0,51914000.0,1.19,37.56,13.092,15.618,7.075,2024-01-01,FY,False,yfinance
JWEL,Jamieson Wellness Inc.,2023-12-31,FY2023,CAD,676172000.0,233559000.0,88455000.0,108778000.0,47882000.0,1.08,34.541,13.082,16.087,7.081,2023-01-01,FY,False,yfinance
JWEL,Jamieson Wellness Inc.,2022-12-31,FY2022,CAD,547369000.0,198338000.0,82920000.0,100168000.0,52808000.0,1.25,36.235,15.149,18.3,9.648,2022-01-01,FY,False,yfinance
KNT,K92 Mining Inc.,2025-12-31,FY2025,USD,595249000.0,438337000.0,388693000.0,416707000.0,270193000.0,1.11,73.639,65.299,70.005,45.392,2025-01-01,FY,False,yfinance
KNT,K92 Mining Inc.,2024-12-31,FY2024,USD,350623000.0,208386000.0,165136000.0,198399000.0,111224000.0,0.46,59.433,47.098,56.585,31.722,2024-01-01,FY,False,yfinance
KNT,K92 Mining Inc.,2023-12-31,FY2023,USD,200255000.0,88709000.0,54598000.0,86453000.0,33163000.0,0.14,44.298,27.264,43.171,16.56,2023-01-01,FY,False,yfinance
KNT,K92 Mining Inc.,2022-12-31,FY2022,USD,188186000.0,91803000.0,62990000.0,83330000.0,35523000.0,0.15,48.783,33.472,44.281,18.877,2022-01-01,FY,False,yfinance
KEL,Kelt Exploration Ltd.,2025-12-31,FY2025,CAD,513085000.0,125778000.0,95321000.0,278892000.0,63058000.0,1.29,24.514,18.578,54.356,12.29,2025-01-01,FY,False,yfinance
KEL,Kelt Exploration Ltd.,2024-12-31,FY2024,CAD,468432000.0,134481000.0,66830000.0,208324000.0,45423000.0,1.11,28.709,14.267,44.473,9.697,2024-01-01,FY,False,yfinance
KEL,Kelt Exploration Ltd.,2023-12-31,FY2023,CAD,495580000.0,184610000.0,115787000.0,241600000.0,85974000.0,0.44,37.251,23.364,48.751,17.348,2023-01-01,FY,False,yfinance
KEL,Kelt Exploration Ltd.,2022-12-31,FY2022,CAD,613358000.0,308604000.0,211659000.0,327842000.0,158758000.0,0.81,50.314,34.508,53.45,25.883,2022-01-01,FY,False,yfinance
KEY,Keyera Corp.,2025-12-31,FY2025,CAD,6854019000.0,1006166000.0,810893000.0,1185838000.0,432335000.0,1.89,14.68,11.831,17.301,6.308,2025-01-01,FY,False,yfinance
KEY,Keyera Corp.,2024-12-31,FY2024,CAD,7138441000.0,1033209000.0,855569000.0,1207961000.0,486628000.0,2.12,14.474,11.985,16.922,6.817,2024-01-01,FY,False,yfinance
KEY,Keyera Corp.,2023-12-31,FY2023,CAD,7053126000.0,1110424000.0,751988000.0,1074502000.0,424032000.0,1.85,15.744,10.662,15.234,6.012,2023-01-01,FY,False,yfinance
KEY,Keyera Corp.,2022-12-31,FY2022,CAD,7060223000.0,917517000.0,599604000.0,857868000.0,328294000.0,1.48,12.996,8.493,12.151,4.65,2022-01-01,FY,False,yfinance
KMP.UN,Killam Apartment Real Estate Investment Trust,2025-12-31,FY2025,CAD,383401000.0,254828000.0,109097000.0,110114000.0,29412000.0,0.242157,66.465,28.455,28.72,7.671,2025-01-01,FY,False,yfinance
KMP.UN,Killam Apartment Real Estate Investment Trust,2024-12-31,FY2024,CAD,364650000.0,240481000.0,464440000.0,465505000.0,667844000.0,5.583008,65.948,127.366,127.658,183.147,2024-01-01,FY,False,yfinance
KMP.UN,Killam Apartment Real Estate Investment Trust,2023-12-31,FY2023,CAD,348150000.0,224043000.0,364960000.0,365629000.0,266323000.0,2.25128,64.352,104.828,105.021,76.497,2023-01-01,FY,False,yfinance
KMP.UN,Killam Apartment Real Estate Investment Trust,2022-12-31,FY2022,CAD,328847000.0,206912000.0,198915000.0,199488000.0,122516000.0,1.048933,62.92,60.489,60.663,37.256,2022-01-01,FY,False,yfinance
K,Kinross Gold Corporation,2025-12-31,FY2025,USD,7051100000.0,3715800000.0,3276500000.0,4381500000.0,2390100000.0,1.95,52.698,46.468,62.139,33.897,2025-01-01,FY,False,yfinance
K,Kinross Gold Corporation,2024-12-31,FY2024,USD,5148800000.0,1878300000.0,1531900000.0,2679400000.0,948800000.0,0.77,36.48,29.753,52.039,18.428,2024-01-01,FY,False,yfinance
K,Kinross Gold Corporation,2023-12-31,FY2023,USD,4239700000.0,1159600000.0,777600000.0,1764400000.0,416300000.0,0.34,27.351,18.341,41.616,9.819,2023-01-01,FY,False,yfinance
K,Kinross Gold Corporation,2022-12-31,FY2022,USD,3455100000.0,515400000.0,174900000.0,958900000.0,-605200000.0,-0.47,14.917,5.062,27.753,-17.516,2022-01-01,FY,False,yfinance
KXS,Kinaxis Inc.,2025-12-31,FY2025,USD,548030000.0,354278000.0,79482000.0,99329000.0,70699000.0,2.45,64.646,14.503,18.125,12.901,2025-01-01,FY,False,yfinance
KXS,Kinaxis Inc.,2024-12-31,FY2024,USD,483111000.0,294583000.0,12738000.0,37666000.0,56000.0,0.0,60.976,2.637,7.797,0.012,2024-01-01,FY,False,yfinance
KXS,Kinaxis Inc.,2023-12-31,FY2023,USD,426971000.0,258897000.0,14102000.0,40386000.0,10060000.0,0.35,60.636,3.303,9.459,2.356,2023-01-01,FY,False,yfinance
KXS,Kinaxis Inc.,2022-12-31,FY2022,USD,366889000.0,235787000.0,27921000.0,52981000.0,20080000.0,0.7,64.267,7.61,14.441,5.473,2022-01-01,FY,False,yfinance
LIF,Labrador Iron Ore Royalty Corporation,2025-12-31,FY2025,CAD,165880000.0,133013000.0,123801000.0,129975000.0,100584000.0,1.57,80.186,74.633,78.355,60.637,2025-01-01,FY,False,yfinance
LIF,Labrador Iron Ore Royalty Corporation,2024-12-31,FY2024,CAD,207507000.0,166338000.0,157022000.0,163279000.0,175039000.0,2.73,80.16,75.671,78.686,84.353,2024-01-01,FY,False,yfinance
LIF,Labrador Iron Ore Royalty Corporation,2023-12-31,FY2023,CAD,200166000.0,160454000.0,151383000.0,157400000.0,186306000.0,2.91,80.16,75.629,78.635,93.076,2023-01-01,FY,False,yfinance
LIF,Labrador Iron Ore Royalty Corporation,2022-12-31,FY2022,CAD,232322000.0,186180000.0,176664000.0,183087000.0,265449000.0,4.15,80.139,76.043,78.807,114.259,2022-01-01,FY,False,yfinance
LNR,Linamar Corporation,2025-12-31,FY2025,CAD,10231764000.0,1517420000.0,892843000.0,1515143000.0,584516000.0,9.73,14.83,8.726,14.808,5.713,2025-01-01,FY,False,yfinance
LNR,Linamar Corporation,2024-12-31,FY2024,CAD,10582022000.0,1504013000.0,602924000.0,1208288000.0,258259000.0,4.2,14.213,5.698,11.418,2.441,2024-01-01,FY,False,yfinance
LNR,Linamar Corporation,2023-12-31,FY2023,CAD,9733532000.0,1322847000.0,773181000.0,1264703000.0,503054000.0,8.17,13.591,7.943,12.993,5.168,2023-01-01,FY,False,yfinance
LNR,Linamar Corporation,2022-12-31,FY2022,CAD,7917911000.0,974810000.0,591425000.0,1032397000.0,426194000.0,6.67,12.311,7.469,13.039,5.383,2022-01-01,FY,False,yfinance
LB,Laurentian Bank of Canada,2025-10-31,FY2025,CAD,982797000.0,,,,139874000.0,2.84,,,,14.232,2024-11-01,FY,False,yfinance
LB,Laurentian Bank of Canada,2024-10-31,FY2024,CAD,1004250000.0,,,,-5499000.0,-0.41,,,,-0.548,2023-11-01,FY,False,yfinance
LB,Laurentian Bank of Canada,2023-10-31,FY2023,CAD,1025510000.0,,,,181087000.0,3.89,,,,17.658,2022-11-01,FY,False,yfinance
LB,Laurentian Bank of Canada,2022-10-31,FY2022,CAD,1034235000.0,,,,226583000.0,4.95,,,,21.908,2021-11-01,FY,False,yfinance
LSPD,Lightspeed Commerce Inc.,2026-03-31,FY2026,USD,1227046000.0,526922000.0,-142782000.0,7980000.0,-144412000.0,-1.04,42.942,-11.636,0.65,-11.769,2025-04-01,FY,False,yfinance
LSPD,Lightspeed Commerce Inc.,2025-03-31,FY2025,USD,1076826000.0,450205000.0,-658028000.0,-557037000.0,-667196000.0,-4.34,41.809,-61.108,-51.73,-61.959,2024-04-01,FY,False,yfinance
LSPD,Lightspeed Commerce Inc.,2024-03-31,FY2024,USD,909270000.0,385250000.0,-159060000.0,-49432000.0,-163964000.0,-1.07,42.369,-17.493,-5.436,-18.032,2023-04-01,FY,False,yfinance
LSPD,Lightspeed Commerce Inc.,2023-03-31,FY2023,USD,730506000.0,331961000.0,-1072174000.0,-956913000.0,-1070009000.0,-7.11,45.443,-146.771,-130.993,-146.475,2022-04-01,FY,False,yfinance
LAC,Lithium Americas Corp.,2025-12-31,FY2025,USD,0.0,,-52841000.0,-51795000.0,-122087000.0,-0.5,,,,,2025-01-01,FY,False,yfinance
LAC,Lithium Americas Corp.,2024-12-31,FY2024,USD,0.0,-46000.0,-28298000.0,-27306000.0,-42528000.0,-0.21,,,,,2024-01-01,FY,False,yfinance
LAC,Lithium Americas Corp.,2023-12-31,FY2023,USD,0.0,-158000.0,-4711000.0,-3884000.0,-5088000.0,-0.03,,,,,2023-01-01,FY,False,yfinance
LAC,Lithium Americas Corp.,2022-12-31,FY2022,USD,0.0,-170000.0,-64207000.0,-62687000.0,-67798000.0,-0.474606,,,,,2022-01-01,FY,False,yfinance
LAC,Lithium Americas Corp.,2021-12-31,FY2021,USD,,-134000.0,,,,,,,,,2021-01-01,FY,False,yfinance
L,Loblaw Companies Limited,2025-12-31,FY2025,CAD,63903000000.0,20032000000.0,4446000000.0,7180000000.0,2667000000.0,2.22,31.348,6.957,11.236,4.174,2025-01-01,FY,False,yfinance
L,Loblaw Companies Limited,2024-12-31,FY2024,CAD,60123000000.0,18835000000.0,3502000000.0,6467000000.0,2171000000.0,1.7475,31.327,5.825,10.756,3.611,2024-01-01,FY,False,yfinance
L,Loblaw Companies Limited,2023-12-31,FY2023,CAD,59529000000.0,19037000000.0,3738000000.0,6644000000.0,2100000000.0,1.63,31.979,6.279,11.161,3.528,2023-01-01,FY,False,yfinance
L,Loblaw Companies Limited,2022-12-31,FY2022,CAD,56504000000.0,17976000000.0,3375000000.0,6170000000.0,1921000000.0,1.4375,31.814,5.973,10.92,3.4,2022-01-01,FY,False,yfinance
LUG,Lundin Gold Inc.,2025-12-31,FY2025,USD,1782940000.0,1226337000.0,1123542000.0,1258673000.0,792151000.0,3.27,68.782,63.016,70.595,44.429,2025-01-01,FY,False,yfinance
LUG,Lundin Gold Inc.,2024-12-31,FY2024,USD,1193050000.0,703386000.0,900659000.0,1037662000.0,426050000.0,1.76,58.957,75.492,86.976,35.711,2024-01-01,FY,False,yfinance
LUG,Lundin Gold Inc.,2023-12-31,FY2023,USD,902518000.0,435180000.0,302784000.0,439417000.0,179457000.0,0.75,48.218,33.549,48.688,19.884,2023-01-01,FY,False,yfinance
LUG,Lundin Gold Inc.,2022-12-31,FY2022,USD,815666000.0,369754000.0,207246000.0,337921000.0,73558000.0,0.31,45.332,25.408,41.429,9.018,2022-01-01,FY,False,yfinance
LUN,Lundin Mining Corporation,2025-12-31,FY2025,USD,4053200000.0,1398000000.0,1216400000.0,1835300000.0,1283000000.0,1.49,34.491,30.011,45.28,31.654,2025-01-01,FY,False,yfinance
LUN,Lundin Mining Corporation,2024-12-31,FY2024,USD,3270100000.0,935800000.0,650000000.0,1224200000.0,-203500000.0,-0.26,28.617,19.877,37.436,-6.223,2024-01-01,FY,False,yfinance
LUN,Lundin Mining Corporation,2023-12-31,FY2023,USD,2743444000.0,601534000.0,550857000.0,1048730000.0,241562000.0,0.31,21.926,20.079,38.227,8.805,2023-01-01,FY,False,yfinance
LUN,Lundin Mining Corporation,2022-12-31,FY2022,USD,3041228000.0,762574000.0,609791000.0,1164541000.0,426851000.0,0.56,25.075,20.051,38.292,14.035,2022-01-01,FY,False,yfinance
MG,Magna International Inc.,2025-12-31,FY2025,USD,42010000000.0,5989000000.0,1583000000.0,3508000000.0,829000000.0,2.93,14.256,3.768,8.35,1.973,2025-01-01,FY,False,yfinance
MG,Magna International Inc.,2024-12-31,FY2024,USD,42836000000.0,5799000000.0,1851000000.0,3779000000.0,1009000000.0,3.52,13.538,4.321,8.822,2.355,2024-01-01,FY,False,yfinance
MG,Magna International Inc.,2023-12-31,FY2023,USD,42797000000.0,5612000000.0,1848000000.0,3596000000.0,1213000000.0,4.23,13.113,4.318,8.402,2.834,2023-01-01,FY,False,yfinance
MG,Magna International Inc.,2022-12-31,FY2022,USD,37840000000.0,4652000000.0,1004000000.0,2423000000.0,592000000.0,2.03,12.294,2.653,6.403,1.564,2022-01-01,FY,False,yfinance
MFC,Manulife Financial Corporation,2025-12-31,FY2025,CAD,53014000000.0,,8624000000.0,,5782000000.0,3.07,,16.267,,10.907,2025-01-01,FY,False,yfinance
MFC,Manulife Financial Corporation,2024-12-31,FY2024,CAD,,,8771000000.0,,5631000000.0,2.84,,,,,2024-01-01,FY,False,yfinance
MFC,Manulife Financial Corporation,2023-12-31,FY2023,CAD,,,8006000000.0,,5463000000.0,2.61,,,,,2023-01-01,FY,False,yfinance
MFC,Manulife Financial Corporation,2022-12-31,FY2022,CAD,24159000000.0,,-2087000000.0,,-2100000000.0,3.68,,-8.639,,-8.692,2022-01-01,FY,False,yfinance
MFI,Maple Leaf Foods Inc.,2025-12-31,FY2025,CAD,3912665000.0,662766000.0,192778000.0,427704000.0,541630000.0,4.25,16.939,4.927,10.931,13.843,2025-01-01,FY,False,yfinance
MFI,Maple Leaf Foods Inc.,2024-12-31,FY2024,CAD,3633404000.0,557349000.0,142317000.0,407490000.0,96599000.0,0.78,15.34,3.917,11.215,2.659,2024-01-01,FY,False,yfinance
MFI,Maple Leaf Foods Inc.,2023-12-31,FY2023,CAD,4841213000.0,451374000.0,2087000.0,273481000.0,-124976000.0,-1.03,9.324,0.043,5.649,-2.582,2023-01-01,FY,False,yfinance
MFI,Maple Leaf Foods Inc.,2022-12-31,FY2022,CAD,4739063000.0,424138000.0,-247594000.0,-13657000.0,-311893000.0,-2.52,8.95,-5.225,-0.288,-6.581,2022-01-01,FY,False,yfinance
MDA,MDA Space Ltd.,2025-12-31,FY2025,CAD,1633200000.0,409700000.0,169400000.0,310000000.0,108500000.0,0.84,25.086,10.372,18.981,6.643,2025-01-01,FY,False,yfinance
MDA,MDA Space Ltd.,2024-12-31,FY2024,CAD,1080100000.0,281700000.0,139000000.0,230000000.0,79400000.0,0.63,26.081,12.869,21.294,7.351,2024-01-01,FY,False,yfinance
MDA,MDA Space Ltd.,2023-12-31,FY2023,CAD,807600000.0,244000000.0,75900000.0,154000000.0,48800000.0,0.4,30.213,9.398,19.069,6.043,2023-01-01,FY,False,yfinance
MDA,MDA Space Ltd.,2022-12-31,FY2022,CAD,641200000.0,228400000.0,47700000.0,123900000.0,26300000.0,0.21,35.621,7.439,19.323,4.102,2022-01-01,FY,False,yfinance
MX,Methanex Corporation,2025-12-31,FY2025,USD,3589224000.0,909089000.0,422930000.0,868941000.0,79876000.0,0.93,25.328,11.783,24.21,2.225,2025-01-01,FY,False,yfinance
MX,Methanex Corporation,2024-12-31,FY2024,USD,3719829000.0,710422000.0,412720000.0,798423000.0,163986000.0,2.39,19.098,11.095,21.464,4.408,2024-01-01,FY,False,yfinance
MX,Methanex Corporation,2023-12-31,FY2023,USD,3723475000.0,655403000.0,402977000.0,794807000.0,174140000.0,2.57,17.602,10.823,21.346,4.677,2023-01-01,FY,False,yfinance
MX,Methanex Corporation,2022-12-31,FY2022,USD,4311188000.0,865087000.0,712899000.0,1085319000.0,353830000.0,4.86,20.066,16.536,25.174,8.207,2022-01-01,FY,False,yfinance
MAU,Montage Gold Corp.,2025-12-31,FY2025,USD,0.0,,-49119000.0,-48330000.0,-49580000.0,-0.14,,,,,2025-01-01,FY,False,yfinance
MAU,Montage Gold Corp.,2024-12-31,FY2024,USD,0.0,,-49033000.0,-48818000.0,-48972000.0,-0.18,,,,,2024-01-01,FY,False,yfinance
MAU,Montage Gold Corp.,2023-12-31,FY2023,USD,0.0,,-13989145.183175,-13815015.829941,-18407960.199005,-0.105533,,,,,2023-01-01,FY,False,yfinance
MAU,Montage Gold Corp.,2022-12-31,FY2022,USD,0.0,,-6330859.858532,-6190145.888594,-7208381.226054,-0.066313,,,,,2022-01-01,FY,False,yfinance
MRU,Metro Inc.,2025-09-30,FY2025,CAD,22006700000.0,4370300000.0,1484300000.0,2078700000.0,1017000000.0,4.11,19.859,6.745,9.446,4.621,2024-10-01,FY,False,yfinance
MRU,Metro Inc.,2024-09-30,FY2024,CAD,21219900000.0,4179300000.0,1416600000.0,1987000000.0,928800000.0,4.11,19.695,6.676,9.364,4.377,2023-10-01,FY,False,yfinance
MRU,Metro Inc.,2023-09-30,FY2023,CAD,20724600000.0,4082200000.0,1471800000.0,1997000000.0,1014800000.0,4.35,19.697,7.102,9.636,4.897,2022-10-01,FY,False,yfinance
MRU,Metro Inc.,2022-09-30,FY2022,CAD,18888900000.0,3783300000.0,1286400000.0,1789700000.0,846100000.0,3.51,20.029,6.81,9.475,4.479,2021-10-01,FY,False,yfinance
MTL,Mullen Group Ltd.,2025-12-31,FY2025,CAD,2133642000.0,493599000.0,180727000.0,327095000.0,91110000.0,1.0,23.134,8.47,15.33,4.27,2025-01-01,FY,False,yfinance
MTL,Mullen Group Ltd.,2024-12-31,FY2024,CAD,1989253000.0,472678000.0,202081000.0,332984000.0,112261000.0,1.23,23.762,10.159,16.739,5.643,2024-01-01,FY,False,yfinance
MTL,Mullen Group Ltd.,2023-12-31,FY2023,CAD,1994721000.0,473876000.0,220989000.0,336878000.0,136719000.0,1.45,23.757,11.079,16.888,6.854,2023-01-01,FY,False,yfinance
MTL,Mullen Group Ltd.,2022-12-31,FY2022,CAD,1999453000.0,459001000.0,246319000.0,358832000.0,158619000.0,1.62,22.956,12.319,17.947,7.933,2022-01-01,FY,False,yfinance
NA,National Bank of Canada,2025-10-31,FY2025,CAD,14016000000.0,,,,4017000000.0,10.07,,,,28.66,2024-11-01,FY,False,yfinance
NA,National Bank of Canada,2024-10-31,FY2024,CAD,11407000000.0,,,,3817000000.0,10.68,,,,33.462,2023-11-01,FY,False,yfinance
NA,National Bank of Canada,2023-10-31,FY2023,CAD,10049000000.0,,,,3291000000.0,9.24,,,,32.75,2022-11-01,FY,False,yfinance
NA,National Bank of Canada,2022-10-31,FY2022,CAD,9619000000.0,,,,3384000000.0,9.61,,,,35.18,2021-11-01,FY,False,yfinance
NXE,NexGen Energy Ltd.,2025-12-31,FY2025,CAD,0.0,,-248837000.0,-246637000.0,-309676000.0,-0.53,,,,,2025-01-01,FY,False,yfinance
NXE,NexGen Energy Ltd.,2024-12-31,FY2024,CAD,0.0,,-49519000.0,-47267000.0,-77559000.0,-0.14,,,,,2024-01-01,FY,False,yfinance
NXE,NexGen Energy Ltd.,2023-12-31,FY2023,CAD,0.0,,75007000.0,76811000.0,80816000.0,0.16,,,,,2023-01-01,FY,False,yfinance
NXE,NexGen Energy Ltd.,2022-12-31,FY2022,CAD,0.0,,-58924000.0,-57110000.0,-56587000.0,-0.12,,,,,2022-01-01,FY,False,yfinance
NFI,NFI Group Inc.,2025-12-31,FY2025,USD,3614564000.0,270294000.0,18642000.0,96198000.0,-142120000.0,-1.1936,7.478,0.516,2.661,-3.932,2025-01-01,FY,False,yfinance
NFI,NFI Group Inc.,2024-12-31,FY2024,USD,3122315000.0,349443000.0,140163000.0,220293000.0,-3296000.0,-0.03,11.192,4.489,7.055,-0.106,2024-01-01,FY,False,yfinance
NFI,NFI Group Inc.,2023-12-31,FY2023,USD,2692481000.0,220765000.0,-33090000.0,47690000.0,-136164000.0,-1.4822,8.199,-1.229,1.771,-5.057,2023-01-01,FY,False,yfinance
NFI,NFI Group Inc.,2022-12-31,FY2022,USD,2060682000.0,49130000.0,-232724000.0,-144229000.0,-276376000.0,-3.5826,2.384,-11.294,-6.999,-13.412,2022-01-01,FY,False,yfinance
NGEX,NGEx Minerals Ltd.,2025-12-31,FY2025,CAD,0.0,,-123260347.0,-123189676.0,-123335862.0,-0.61,,,,,2025-01-01,FY,False,yfinance
NGEX,NGEx Minerals Ltd.,2024-12-31,FY2024,CAD,0.0,,-63542386.0,-63484194.0,-63596812.0,-0.33,,,,,2024-01-01,FY,False,yfinance
NGEX,NGEx Minerals Ltd.,2023-12-31,FY2023,CAD,0.0,,-37646810.0,-37629579.0,-37718192.0,-0.21,,,,,2023-01-01,FY,False,yfinance
NGEX,NGEx Minerals Ltd.,2022-12-31,FY2022,CAD,0.0,,-32364959.0,-32352684.0,-32415262.0,-0.2,,,,,2022-01-01,FY,False,yfinance
NPI,Northland Power Inc.,2025-12-31,FY2025,CAD,2434970000.0,,168805000.0,884389000.0,-163248000.0,-0.65,,6.933,36.32,-6.704,2025-01-01,FY,False,yfinance
NPI,Northland Power Inc.,2024-12-31,FY2024,CAD,2346264000.0,,911664000.0,1585391000.0,271825000.0,1.03,,38.856,67.571,11.585,2024-01-01,FY,False,yfinance
NPI,Northland Power Inc.,2023-12-31,FY2023,CAD,2232779000.0,2021041000.0,286171000.0,938786000.0,-175194000.0,-0.72,90.517,12.817,42.046,-7.846,2023-01-01,FY,False,yfinance
NPI,Northland Power Inc.,2022-12-31,FY2022,CAD,2448815000.0,2178389000.0,1568612000.0,2193313000.0,827733000.0,3.46,88.957,64.056,89.566,33.801,2022-01-01,FY,False,yfinance
NPI,Northland Power Inc.,2021-12-31,FY2021,CAD,,1879762000.0,,,,,,,,,2021-01-01,FY,False,yfinance
NWC,North West Company Inc.,2026-01-31,FY2026,CAD,2598209000.0,881091000.0,212584000.0,333192000.0,139485000.0,2.87,33.911,8.182,12.824,5.369,2025-02-01,FY,False,yfinance
NWC,North West Company Inc.,2025-01-31,FY2025,CAD,2576344000.0,868324000.0,209992000.0,325611000.0,137296000.0,2.83,33.704,8.151,12.638,5.329,2024-02-01,FY,False,yfinance
NWC,North West Company Inc.,2024-01-31,FY2024,CAD,2471678000.0,809419000.0,196657000.0,301933000.0,129391000.0,2.67,32.748,7.956,12.216,5.235,2023-02-01,FY,False,yfinance
NWC,North West Company Inc.,2023-01-31,FY2023,CAD,2352760000.0,747915000.0,181321000.0,279694000.0,122190000.0,2.51,31.789,7.707,11.888,5.193,2022-02-01,FY,False,yfinance
NG,NovaGold Resources Inc.,2025-11-30,FY2025,USD,0.0,-22000.0,-79885000.0,-79885000.0,-94659000.0,-0.25,,,,,2024-12-01,FY,False,yfinance
NG,NovaGold Resources Inc.,2024-11-30,FY2024,USD,0.0,-22000.0,-30123000.0,-30123000.0,-45621000.0,-0.14,,,,,2023-12-01,FY,False,yfinance
NG,NovaGold Resources Inc.,2023-11-30,FY2023,USD,0.0,-10000.0,-33701000.0,-33701000.0,-46803000.0,-0.14,,,,,2022-12-01,FY,False,yfinance
NG,NovaGold Resources Inc.,2022-11-30,FY2022,USD,0.0,-7000.0,-45414000.0,-45414000.0,-53343000.0,-0.16,,,,,2021-12-01,FY,False,yfinance
NTR,Nutrien Ltd.,2025-12-31,FY2025,USD,26885000000.0,8347000000.0,3778000000.0,6147000000.0,2267000000.0,4.66,31.047,14.052,22.864,8.432,2025-01-01,FY,False,yfinance
NTR,Nutrien Ltd.,2024-12-31,FY2024,USD,25972000000.0,7530000000.0,1873000000.0,4212000000.0,674000000.0,1.36,28.993,7.212,16.217,2.595,2024-01-01,FY,False,yfinance
NTR,Nutrien Ltd.,2023-12-31,FY2023,USD,29056000000.0,8474000000.0,2716000000.0,4885000000.0,1258000000.0,2.53,29.164,9.347,16.812,4.33,2023-01-01,FY,False,yfinance
NTR,Nutrien Ltd.,2022-12-31,FY2022,USD,37884000000.0,15424000000.0,10767000000.0,12779000000.0,7660000000.0,14.18,40.714,28.421,33.732,20.22,2022-01-01,FY,False,yfinance
ONEX,Onex Corporation,2025-12-31,FY2025,USD,897000000.0,702000000.0,622000000.0,642000000.0,617000000.0,8.88,78.261,69.342,71.572,68.785,2025-01-01,FY,False,yfinance
ONEX,Onex Corporation,2024-12-31,FY2024,USD,647000000.0,431000000.0,307000000.0,331000000.0,303000000.0,4.0,66.615,47.45,51.159,46.832,2024-01-01,FY,False,yfinance
ONEX,Onex Corporation,2023-12-31,FY2023,USD,1122000000.0,865000000.0,534000000.0,569000000.0,529000000.0,6.65,77.094,47.594,50.713,47.148,2023-01-01,FY,False,yfinance
ONEX,Onex Corporation,2022-12-31,FY2022,USD,437000000.0,163000000.0,236000000.0,302000000.0,235000000.0,2.77,37.3,54.005,69.108,53.776,2022-01-01,FY,False,yfinance
OGC,OceanaGold Corporation,2025-12-31,FY2025,USD,1893200000.0,877500000.0,913800000.0,1165800000.0,628700000.0,2.69,46.35,48.267,61.578,33.208,2025-01-01,FY,False,yfinance
OGC,OceanaGold Corporation,2024-12-31,FY2024,USD,1294000000.0,372300000.0,269600000.0,590800000.0,187400000.0,0.78,28.771,20.835,45.657,14.482,2024-01-01,FY,False,yfinance
OGC,OceanaGold Corporation,2023-12-31,FY2023,USD,1026300000.0,298700000.0,141000000.0,369800000.0,83100000.0,0.36,29.105,13.739,36.032,8.097,2023-01-01,FY,False,yfinance
OGC,OceanaGold Corporation,2022-12-31,FY2022,USD,967400000.0,259800000.0,177700000.0,378900000.0,132600000.0,0.54,26.855,18.369,39.167,13.707,2022-01-01,FY,False,yfinance
OTEX,Open Text Corporation,2025-06-30,FY2025,USD,5168405000.0,3734287000.0,859460000.0,1500704000.0,435868000.0,1.65,72.252,16.629,29.036,8.433,2024-07-01,FY,False,yfinance
OTEX,Open Text Corporation,2024-06-30,FY2024,USD,5769577000.0,4191028000.0,1294612000.0,2102537000.0,465090000.0,1.71,72.64,22.439,36.442,8.061,2023-07-01,FY,False,yfinance
OTEX,Open Text Corporation,2023-06-30,FY2023,USD,4484980000.0,3168393000.0,604247000.0,1261598000.0,150379000.0,0.56,70.645,13.473,28.129,3.353,2022-07-01,FY,False,yfinance
OTEX,Open Text Corporation,2022-06-30,FY2022,USD,3493844000.0,2431643000.0,678528000.0,1182481000.0,397090000.0,1.46,69.598,19.421,33.845,11.365,2021-07-01,FY,False,yfinance
OLA,Orla Mining Ltd.,2025-12-31,FY2025,USD,1057881000.0,562287000.0,313464000.0,459699000.0,106895000.0,0.3,53.152,29.631,43.455,10.105,2025-01-01,FY,False,yfinance
OLA,Orla Mining Ltd.,2024-12-31,FY2024,USD,343918000.0,217640000.0,182649000.0,223739000.0,88981000.0,0.27,63.283,53.108,65.056,25.873,2024-01-01,FY,False,yfinance
OLA,Orla Mining Ltd.,2023-12-31,FY2023,USD,233643000.0,141527000.0,18893000.0,48046000.0,-27010000.0,-0.09,60.574,8.086,20.564,-11.56,2023-01-01,FY,False,yfinance
OLA,Orla Mining Ltd.,2022-12-31,FY2022,USD,193230000.0,127861000.0,86780000.0,102010000.0,45770000.0,0.16,66.17,44.91,52.792,23.687,2022-01-01,FY,False,yfinance
OR,Osisko Gold Royalties Ltd.,2025-12-31,FY2025,USD,277370000.0,232485000.0,245860000.0,282850000.0,206088000.0,1.09,83.818,88.64,101.976,74.301,2025-01-01,FY,False,yfinance
OR,Osisko Gold Royalties Ltd.,2024-12-31,FY2024,USD,191157000.0,151812000.0,38108000.0,71680000.0,16267000.0,0.09,79.417,19.935,37.498,8.51,2024-01-01,FY,False,yfinance
OR,Osisko Gold Royalties Ltd.,2023-12-31,FY2023,USD,183228000.0,129092000.0,-13606000.0,29101000.0,-37426000.0,-0.19599,70.454,-7.426,15.882,-20.426,2023-01-01,FY,False,yfinance
OR,Osisko Gold Royalties Ltd.,2022-12-31,FY2022,USD,160484084.880637,110800176.83466,99809902.740937,138429855.585028,-87499263.188918,-0.486295,69.041,62.193,86.258,-54.522,2022-01-01,FY,False,yfinance
PAAS,Pan American Silver Corp.,2025-12-31,FY2025,USD,3619000000.0,1405000000.0,1293000000.0,1790000000.0,978000000.0,2.56,38.823,35.728,49.461,27.024,2025-01-01,FY,False,yfinance
PAAS,Pan American Silver Corp.,2024-12-31,FY2024,USD,2819000000.0,549000000.0,480000000.0,1051000000.0,112000000.0,0.31,19.475,17.027,37.283,3.973,2024-01-01,FY,False,yfinance
PAAS,Pan American Silver Corp.,2023-12-31,FY2023,USD,2316100000.0,296800000.0,-7400000.0,476800000.0,-103700000.0,-0.32,12.815,-0.32,20.586,-4.477,2023-01-01,FY,False,yfinance
PAAS,Pan American Silver Corp.,2022-12-31,FY2022,USD,1494700000.0,48400000.0,-295700000.0,20300000.0,-341700000.0,-1.62,3.238,-19.783,1.358,-22.861,2022-01-01,FY,False,yfinance
POU,Paramount Resources Ltd.,2025-12-31,FY2025,CAD,1016700000.0,371100000.0,1677300000.0,1927800000.0,1288700000.0,8.78,36.5,164.975,189.613,126.753,2025-01-01,FY,False,yfinance
POU,Paramount Resources Ltd.,2024-12-31,FY2024,CAD,2077500000.0,991800000.0,404600000.0,819900000.0,335900000.0,2.25,47.74,19.475,39.466,16.168,2024-01-01,FY,False,yfinance
POU,Paramount Resources Ltd.,2023-12-31,FY2023,CAD,2053600000.0,1032700000.0,606200000.0,988200000.0,470200000.0,3.17,50.287,29.519,48.12,22.896,2023-01-01,FY,False,yfinance
POU,Paramount Resources Ltd.,2022-12-31,FY2022,CAD,2524400000.0,1462600000.0,872200000.0,1208000000.0,680600000.0,4.63,57.939,34.551,47.853,26.961,2022-01-01,FY,False,yfinance
PXT,Parex Resources Inc.,2025-12-31,FY2025,USD,1015668000.0,386362000.0,237936000.0,438341000.0,255083000.0,2.62,38.04,23.427,43.158,25.115,2025-01-01,FY,False,yfinance
PXT,Parex Resources Inc.,2024-12-31,FY2024,USD,1288186000.0,549071000.0,313635000.0,529405000.0,60680000.0,0.6,42.624,24.347,41.097,4.71,2024-01-01,FY,False,yfinance
PXT,Parex Resources Inc.,2023-12-31,FY2023,USD,1415017000.0,696067000.0,455144000.0,649373000.0,459309000.0,4.32,49.191,32.165,45.892,32.46,2023-01-01,FY,False,yfinance
PXT,Parex Resources Inc.,2022-12-31,FY2022,USD,1643589000.0,960198000.0,803246000.0,952597000.0,611368000.0,5.38,58.421,48.871,57.958,37.197,2022-01-01,FY,False,yfinance
PPTA,Perpetua Resources Corp.,2025-12-31,FY2025,USD,0.0,-168000.0,-112983000.0,-112815000.0,-100392000.0,-1.08,,,,,2025-01-01,FY,False,yfinance
PPTA,Perpetua Resources Corp.,2024-12-31,FY2024,USD,0.0,-120000.0,-14761000.0,-14641000.0,-14483000.0,-0.22,,,,,2024-01-01,FY,False,yfinance
PPTA,Perpetua Resources Corp.,2023-12-31,FY2023,USD,0.0,-83741.0,-14221326.0,-14137585.0,-18771180.0,-0.3,,,,,2023-01-01,FY,False,yfinance
PPTA,Perpetua Resources Corp.,2022-12-31,FY2022,USD,0.0,-61294.0,-29297074.0,-29235780.0,-28713531.0,-0.46,,,,,2022-01-01,FY,False,yfinance
PPL,Pembina Pipeline Corporation,2025-12-31,FY2025,CAD,7778000000.0,3193000000.0,2819000000.0,3806000000.0,1694000000.0,2.66,41.052,36.243,48.933,21.779,2025-01-01,FY,False,yfinance
PPL,Pembina Pipeline Corporation,2024-12-31,FY2024,CAD,7384000000.0,3316000000.0,2315000000.0,3177000000.0,1864000000.0,3.0,44.908,31.352,43.025,25.244,2024-01-01,FY,False,yfinance
PPL,Pembina Pipeline Corporation,2023-12-31,FY2023,CAD,6331000000.0,2840000000.0,2659000000.0,3322000000.0,1776000000.0,2.99,44.859,42.0,52.472,28.052,2023-01-01,FY,False,yfinance
PPL,Pembina Pipeline Corporation,2022-12-31,FY2022,CAD,11611000000.0,3123000000.0,3681000000.0,4364000000.0,2971000000.0,5.12,26.897,31.703,37.585,25.588,2022-01-01,FY,False,yfinance
PET,Pet Valu Holdings Ltd.,2025-12-31,FY2025,CAD,1175556000.0,388840000.0,173693000.0,247380000.0,97800000.0,1.39,33.077,14.775,21.044,8.319,2025-01-01,FY,False,yfinance
PET,Pet Valu Holdings Ltd.,2024-12-31,FY2024,CAD,1097193000.0,364639000.0,165247000.0,231160000.0,87420000.0,1.21,33.234,15.061,21.068,7.968,2024-01-01,FY,False,yfinance
PET,Pet Valu Holdings Ltd.,2023-12-31,FY2023,CAD,1055867000.0,365137000.0,164696000.0,215414000.0,89548000.0,1.24,34.582,15.598,20.402,8.481,2023-01-01,FY,False,yfinance
PET,Pet Valu Holdings Ltd.,2022-12-31,FY2022,CAD,951697000.0,352297000.0,165549000.0,203622000.0,100766000.0,1.4,37.018,17.395,21.396,10.588,2022-01-01,FY,False,yfinance
PEY,Peyto Exploration & Development Corp.,2025-12-31,FY2025,CAD,1103556000.0,649267000.0,607104000.0,994637000.0,418586000.0,2.06,58.834,55.013,90.13,37.931,2025-01-01,FY,False,yfinance
PEY,Peyto Exploration & Development Corp.,2024-12-31,FY2024,CAD,908250000.0,421217000.0,459266000.0,836955000.0,280570000.0,1.42,46.377,50.566,92.15,30.891,2024-01-01,FY,False,yfinance
PEY,Peyto Exploration & Development Corp.,2023-12-31,FY2023,CAD,1010140000.0,595152000.0,442124000.0,758259000.0,292635000.0,1.62,58.918,43.769,75.065,28.97,2023-01-01,FY,False,yfinance
PEY,Peyto Exploration & Development Corp.,2022-12-31,FY2022,CAD,1632061000.0,1074119000.0,564126000.0,866712000.0,390663000.0,2.23,65.814,34.565,53.105,23.937,2022-01-01,FY,False,yfinance
PSK,PrairieSky Royalty Ltd.,2025-12-31,FY2025,CAD,478200000.0,323300000.0,282400000.0,432800000.0,205000000.0,0.87,67.608,59.055,90.506,42.869,2025-01-01,FY,False,yfinance
PSK,PrairieSky Royalty Ltd.,2024-12-31,FY2024,CAD,509200000.0,358300000.0,292800000.0,439800000.0,215300000.0,0.9,70.365,57.502,86.371,42.282,2024-01-01,FY,False,yfinance
PSK,PrairieSky Royalty Ltd.,2023-12-31,FY2023,CAD,513200000.0,365500000.0,314200000.0,455500000.0,227600000.0,0.95,71.22,61.224,88.757,44.349,2023-01-01,FY,False,yfinance
PSK,PrairieSky Royalty Ltd.,2022-12-31,FY2022,CAD,643300000.0,490900000.0,434400000.0,580200000.0,317500000.0,1.33,76.31,67.527,90.191,49.355,2022-01-01,FY,False,yfinance
POW,Power Corporation of Canada,2025-12-31,FY2025,CAD,37649000000.0,,6080000000.0,,2627000000.0,3.94,,16.149,,6.978,2025-01-01,FY,False,yfinance
POW,Power Corporation of Canada,2024-12-31,FY2024,CAD,32971000000.0,,6316000000.0,,2795000000.0,4.19,,19.156,,8.477,2024-01-01,FY,False,yfinance
POW,Power Corporation of Canada,2023-12-31,FY2023,CAD,34646000000.0,,4659000000.0,,2247000000.0,3.3,,13.447,,6.486,2023-01-01,FY,False,yfinance
POW,Power Corporation of Canada,2022-12-31,FY2022,CAD,,,4999000000.0,,2247000000.0,3.22,,,,,2022-01-01,FY,False,yfinance
PBH,Premium Brands Holdings Corporation,2025-12-31,FY2025,CAD,7477200000.0,1388500000.0,296800000.0,507600000.0,40500000.0,0.9,18.57,3.969,6.789,0.542,2025-01-01,FY,False,yfinance
PBH,Premium Brands Holdings Corporation,2024-12-31,FY2024,CAD,6470500000.0,1292600000.0,366000000.0,545500000.0,121500000.0,2.72,19.977,5.656,8.431,1.878,2024-01-01,FY,False,yfinance
PBH,Premium Brands Holdings Corporation,2023-12-31,FY2023,CAD,6261000000.0,1208400000.0,308500000.0,468500000.0,94200000.0,2.11,19.3,4.927,7.483,1.505,2023-01-01,FY,False,yfinance
PBH,Premium Brands Holdings Corporation,2022-12-31,FY2022,CAD,6029800000.0,1103700000.0,305200000.0,465500000.0,160100000.0,3.57,18.304,5.062,7.72,2.655,2022-01-01,FY,False,yfinance
PMZ.UN,Primaris Real Estate Investment Trust,2025-12-31,FY2025,CAD,652572000.0,373419000.0,289170000.0,291274000.0,183185000.0,1.552935,57.223,44.312,44.635,28.071,2025-01-01,FY,False,yfinance
PMZ.UN,Primaris Real Estate Investment Trust,2024-12-31,FY2024,CAD,504616000.0,293515000.0,162568000.0,164614000.0,79473000.0,0.795888,58.166,32.216,32.622,15.749,2024-01-01,FY,False,yfinance
PMZ.UN,Primaris Real Estate Investment Trust,2023-12-31,FY2023,CAD,413594000.0,236249000.0,155891000.0,158486000.0,102271000.0,1.058862,57.121,37.692,38.319,24.727,2023-01-01,FY,False,yfinance
PMZ.UN,Primaris Real Estate Investment Trust,2022-12-31,FY2022,CAD,383402000.0,215125000.0,19968000.0,21829000.0,-12080000.0,-0.123628,56.11,5.208,5.694,-3.151,2022-01-01,FY,False,yfinance
RBA,"RB Global, Inc.",2025-12-31,FY2025,USD,4590700000.0,2128800000.0,727200000.0,1370900000.0,428400000.0,2.04,46.372,15.841,29.863,9.332,2025-01-01,FY,False,yfinance
RBA,"RB Global, Inc.",2024-12-31,FY2024,USD,4284200000.0,2004700000.0,783800000.0,1382600000.0,413100000.0,2.01,46.793,18.295,32.272,9.642,2024-01-01,FY,False,yfinance
RBA,"RB Global, Inc.",2023-12-31,FY2023,USD,3679600000.0,1778400000.0,496200000.0,958300000.0,206500000.0,1.04,48.331,13.485,26.044,5.612,2023-01-01,FY,False,yfinance
RBA,"RB Global, Inc.",2022-12-31,FY2022,USD,1733800000.0,957100000.0,463900000.0,580500000.0,319800000.0,2.86,55.202,26.756,33.481,18.445,2022-01-01,FY,False,yfinance
QBR.B,Quebecor Inc.,2025-12-31,FY2025,CAD,5675300000.0,3244800000.0,1493100000.0,2351100000.0,856000000.0,3.69,57.174,26.309,41.427,15.083,2025-01-01,FY,False,yfinance
QBR.B,Quebecor Inc.,2024-12-31,FY2024,CAD,5638400000.0,3119500000.0,1394400000.0,2337700000.0,747500000.0,3.23,55.326,24.73,41.46,13.257,2024-01-01,FY,False,yfinance
QBR.B,Quebecor Inc.,2023-12-31,FY2023,CAD,5434300000.0,2993300000.0,1259600000.0,2168600000.0,650500000.0,2.8,55.082,23.179,39.906,11.97,2023-01-01,FY,False,yfinance
QBR.B,Quebecor Inc.,2022-12-31,FY2022,CAD,4531900000.0,2631400000.0,1127400000.0,1895100000.0,599700000.0,2.55,58.064,24.877,41.817,13.233,2022-01-01,FY,False,yfinance
RCH,Richelieu Hardware Ltd.,2025-11-30,FY2025,CAD,1964027000.0,481341000.0,138033000.0,213879000.0,85824000.0,1.55,24.508,7.028,10.89,4.37,2024-12-01,FY,False,yfinance
RCH,Richelieu Hardware Ltd.,2024-11-30,FY2024,CAD,1832218000.0,450319000.0,132461000.0,201419000.0,85754000.0,1.53,24.578,7.23,10.993,4.68,2023-12-01,FY,False,yfinance
RCH,Richelieu Hardware Ltd.,2023-11-30,FY2023,CAD,1787754000.0,473351000.0,169477000.0,230404000.0,111474000.0,1.98,26.477,9.48,12.888,6.235,2022-12-01,FY,False,yfinance
RCH,Richelieu Hardware Ltd.,2022-11-30,FY2022,CAD,1802787000.0,507254000.0,238796000.0,287442000.0,168390000.0,2.99,28.137,13.246,15.944,9.341,2021-12-01,FY,False,yfinance
QSR,Restaurant Brands International Inc.,2025-12-31,FY2025,USD,9434000000.0,3193000000.0,2206000000.0,2507000000.0,776000000.0,2.35,33.846,23.384,26.574,8.226,2025-01-01,FY,False,yfinance
QSR,Restaurant Brands International Inc.,2024-12-31,FY2024,USD,8406000000.0,3024000000.0,2400000000.0,2664000000.0,1021000000.0,3.18,35.974,28.551,31.692,12.146,2024-01-01,FY,False,yfinance
QSR,Restaurant Brands International Inc.,2023-12-31,FY2023,USD,7022000000.0,2802000000.0,2048000000.0,2239000000.0,1190000000.0,3.76,39.903,29.165,31.886,16.947,2023-01-01,FY,False,yfinance
QSR,Restaurant Brands International Inc.,2022-12-31,FY2022,USD,6505000000.0,2598000000.0,1877000000.0,2067000000.0,1008000000.0,3.25,39.939,28.855,31.776,15.496,2022-01-01,FY,False,yfinance
REI.UN,RioCan Real Estate Investment Trust,2025-12-31,FY2025,CAD,1436571000.0,798716000.0,347180000.0,348690000.0,69295000.0,0.23,55.599,24.167,24.272,4.824,2025-01-01,FY,False,yfinance
REI.UN,RioCan Real Estate Investment Trust,2024-12-31,FY2024,CAD,1239526000.0,740948000.0,730215000.0,731665000.0,473465000.0,1.58,59.777,58.911,59.028,38.197,2024-01-01,FY,False,yfinance
REI.UN,RioCan Real Estate Investment Trust,2023-12-31,FY2023,CAD,1123871000.0,714408000.0,234385000.0,237017000.0,38802000.0,0.13,63.567,20.855,21.089,3.453,2023-01-01,FY,False,yfinance
REI.UN,RioCan Real Estate Investment Trust,2022-12-31,FY2022,CAD,1213847000.0,712692000.0,418058000.0,422832000.0,236772000.0,0.77,58.713,34.441,34.834,19.506,2022-01-01,FY,False,yfinance
RCI.B,Rogers Communications Inc.,2025-12-31,FY2025,CAD,21712000000.0,9820000000.0,9697000000.0,14585000000.0,6894000000.0,12.74,45.228,44.662,67.175,31.752,2025-01-01,FY,False,yfinance
RCI.B,Rogers Communications Inc.,2024-12-31,FY2024,CAD,20604000000.0,9617000000.0,4429000000.0,9108000000.0,1734000000.0,3.2,46.675,21.496,44.205,8.416,2024-01-01,FY,False,yfinance
RCI.B,Rogers Communications Inc.,2023-12-31,FY2023,CAD,19308000000.0,8581000000.0,3420000000.0,7611000000.0,849000000.0,1.62,44.443,17.713,39.419,4.397,2023-01-01,FY,False,yfinance
RCI.B,Rogers Communications Inc.,2022-12-31,FY2022,CAD,15396000000.0,6393000000.0,3694000000.0,6331000000.0,1680000000.0,3.32,41.524,23.993,41.121,10.912,2022-01-01,FY,False,yfinance
SEA,Seabridge Gold Inc.,2025-12-31,FY2025,CAD,0.0,,-64376000.0,-64298000.0,-53172000.0,-0.53,,,,,2025-01-01,FY,False,yfinance
SEA,Seabridge Gold Inc.,2024-12-31,FY2024,CAD,0.0,,-19256000.0,-19120000.0,-31247000.0,-0.35,,,,,2024-01-01,FY,False,yfinance
SEA,Seabridge Gold Inc.,2023-12-31,FY2023,CAD,0.0,,-33666000.0,-33534000.0,-29266000.0,-0.35,,,,,2023-01-01,FY,False,yfinance
SEA,Seabridge Gold Inc.,2022-12-31,FY2022,CAD,0.0,,4345000.0,4429000.0,-7394000.0,-0.09,,,,,2022-01-01,FY,False,yfinance
RUS,Russel Metals Inc.,2025-12-31,FY2025,CAD,4641500000.0,1012200000.0,247600000.0,340600000.0,168800000.0,3.01,21.808,5.334,7.338,3.637,2025-01-01,FY,False,yfinance
RUS,Russel Metals Inc.,2024-12-31,FY2024,CAD,4261200000.0,889900000.0,238800000.0,314800000.0,161000000.0,2.73,20.884,5.604,7.388,3.778,2024-01-01,FY,False,yfinance
RUS,Russel Metals Inc.,2023-12-31,FY2023,CAD,4505100000.0,977000000.0,377500000.0,444900000.0,266700000.0,4.33,21.687,8.379,9.875,5.92,2023-01-01,FY,False,yfinance
RUS,Russel Metals Inc.,2022-12-31,FY2022,CAD,5070600000.0,1126600000.0,515000000.0,580400000.0,371900000.0,5.91,22.218,10.157,11.446,7.334,2022-01-01,FY,False,yfinance
RY,Royal Bank of Canada,2025-10-31,FY2025,CAD,66532000000.0,,,,20362000000.0,14.07,,,,30.605,2024-11-01,FY,False,yfinance
RY,Royal Bank of Canada,2024-10-31,FY2024,CAD,57491000000.0,,,,16230000000.0,11.25,,,,28.231,2023-11-01,FY,False,yfinance
RY,Royal Bank of Canada,2023-10-31,FY2023,CAD,51591000000.0,,,,14605000000.0,10.32,,,,28.309,2022-11-01,FY,False,yfinance
RY,Royal Bank of Canada,2022-10-31,FY2022,CAD,48775000000.0,,,,15794000000.0,11.06,,,,32.381,2021-11-01,FY,False,yfinance
SAP,Saputo Inc.,2026-03-31,FY2026,CAD,17551000000.0,5796000000.0,1035000000.0,1633000000.0,672000000.0,,33.024,5.897,9.304,3.829,2025-04-01,FY,False,yfinance
SAP,Saputo Inc.,2025-03-31,FY2025,CAD,17812000000.0,5464000000.0,133000000.0,738000000.0,-176000000.0,-0.41,30.676,0.747,4.143,-0.988,2024-04-01,FY,False,yfinance
SAP,Saputo Inc.,2024-03-31,FY2024,CAD,17342000000.0,5428000000.0,524000000.0,1119000000.0,265000000.0,0.63,31.3,3.022,6.453,1.528,2023-04-01,FY,False,yfinance
SAP,Saputo Inc.,2023-03-31,FY2023,CAD,17843000000.0,5425000000.0,875000000.0,1457000000.0,622000000.0,1.48,30.404,4.904,8.166,3.486,2022-04-01,FY,False,yfinance
SAP,Saputo Inc.,2022-03-31,FY2022,CAD,,,,,,0.66,,,,,2021-04-01,FY,False,yfinance
SIA,Sienna Senior Living Inc.,2025-12-31,FY2025,CAD,1004937000.0,,104476000.0,163740000.0,44527000.0,0.49,,10.396,16.294,4.431,2025-01-01,FY,False,yfinance
SIA,Sienna Senior Living Inc.,2024-12-31,FY2024,CAD,893158000.0,,91190000.0,142294000.0,38403000.0,0.5,,10.21,15.932,4.3,2024-01-01,FY,False,yfinance
SIA,Sienna Senior Living Inc.,2023-12-31,FY2023,CAD,785368000.0,,50646000.0,100269000.0,7038000.0,0.1,,6.449,12.767,0.896,2023-01-01,FY,False,yfinance
SIA,Sienna Senior Living Inc.,2022-12-31,FY2022,CAD,718590000.0,,45023000.0,92360000.0,10668000.0,0.15,,6.265,12.853,1.485,2022-01-01,FY,False,yfinance
SHOP,Shopify Inc.,2025-12-31,FY2025,USD,11556000000.0,5555000000.0,1885000000.0,1916000000.0,1231000000.0,0.944088,48.07,16.312,16.58,10.652,2025-01-01,FY,False,yfinance
SHOP,Shopify Inc.,2024-12-31,FY2024,USD,8880000000.0,4472000000.0,1302000000.0,1338000000.0,2019000000.0,1.559579,50.36,14.662,15.068,22.736,2024-01-01,FY,False,yfinance
SHOP,Shopify Inc.,2023-12-31,FY2023,USD,7060000000.0,3515000000.0,74000000.0,144000000.0,132000000.0,0.1,49.788,1.048,2.04,1.87,2023-01-01,FY,False,yfinance
SHOP,Shopify Inc.,2022-12-31,FY2022,USD,5600000000.0,2754000000.0,-687000000.0,-594000000.0,-3460000000.0,-2.73,49.179,-12.268,-10.607,-61.786,2022-01-01,FY,False,yfinance
SES,Secure Energy Services Inc.,2025-12-31,FY2025,CAD,1472000000.0,421000000.0,224000000.0,412000000.0,123000000.0,0.54,28.601,15.217,27.989,8.356,2025-01-01,FY,False,yfinance
SES,Secure Energy Services Inc.,2024-12-31,FY2024,CAD,1421000000.0,422000000.0,758000000.0,931000000.0,582000000.0,2.25,29.697,53.343,65.517,40.957,2024-01-01,FY,False,yfinance
SES,Secure Energy Services Inc.,2023-12-31,FY2023,CAD,8244000000.0,512000000.0,339000000.0,542000000.0,195000000.0,0.65,6.211,4.112,6.574,2.365,2023-01-01,FY,False,yfinance
SES,Secure Energy Services Inc.,2022-12-31,FY2022,CAD,8002000000.0,493000000.0,336000000.0,514000000.0,184000000.0,0.59,6.161,4.199,6.423,2.299,2022-01-01,FY,False,yfinance
SVM,Silvercorp Metals Inc.,2026-03-31,FY2026,USD,438135000.0,253708000.0,92945000.0,129833000.0,-9944000.0,-0.05,57.906,21.214,29.633,-2.27,2025-04-01,FY,False,yfinance
SVM,Silvercorp Metals Inc.,2025-03-31,FY2025,USD,298895000.0,123551000.0,109929000.0,142757000.0,58190000.0,0.28,41.336,36.778,47.762,19.468,2024-04-01,FY,False,yfinance
SVM,Silvercorp Metals Inc.,2024-03-31,FY2024,USD,215187000.0,80589000.0,70168000.0,99136000.0,36306000.0,0.2,37.451,32.608,46.07,16.872,2023-04-01,FY,False,yfinance
SVM,Silvercorp Metals Inc.,2023-03-31,FY2023,USD,208129000.0,70783000.0,35425000.0,64795000.0,20608000.0,0.12,34.009,17.021,31.132,9.902,2022-04-01,FY,False,yfinance
SOBO,South Bow Corporation,2025-12-31,FY2025,USD,1986000000.0,1426000000.0,828000000.0,1075000000.0,433000000.0,1.517771,71.803,41.692,54.129,21.803,2025-01-01,FY,False,yfinance
SOBO,South Bow Corporation,2024-12-31,FY2024,USD,2120000000.0,1498000000.0,806000000.0,1052000000.0,316000000.0,1.52,70.66,38.019,49.623,14.906,2024-01-01,FY,False,yfinance
SOBO,South Bow Corporation,2023-12-31,FY2023,USD,2005000000.0,1410000000.0,782000000.0,1026000000.0,442000000.0,2.13,70.324,39.002,51.172,22.045,2023-01-01,FY,False,yfinance
SKE,Skeena Resources Limited,2025-12-31,FY2025,CAD,0.0,-821000.0,-176644000.0,-175400000.0,-182841000.0,-1.59,,,,,2025-01-01,FY,False,yfinance
SKE,Skeena Resources Limited,2024-12-31,FY2024,CAD,0.0,-859000.0,-150370000.0,-142147000.0,-151939000.0,-1.53,,,,,2024-01-01,FY,False,yfinance
SKE,Skeena Resources Limited,2023-12-31,FY2023,CAD,0.0,-392000.0,-116034000.0,-113634000.0,-108980000.0,-1.29,,,,,2023-01-01,FY,False,yfinance
SKE,Skeena Resources Limited,2022-12-31,FY2022,CAD,0.0,-289000.0,-113047000.0,-111135000.0,-88890000.0,-1.26,,,,,2022-01-01,FY,False,yfinance
SRU.UN,SmartCentres Real Estate Investment Trust,2025-12-31,FY2025,CAD,913913000.0,563042000.0,495682000.0,545577000.0,251815000.0,1.476823,61.608,54.237,59.697,27.553,2025-01-01,FY,False,yfinance
SRU.UN,SmartCentres Real Estate Investment Trust,2024-12-31,FY2024,CAD,918359000.0,547508000.0,471267000.0,547983000.0,236755000.0,1.389691,59.618,51.316,59.67,25.78,2024-01-01,FY,False,yfinance
SRU.UN,SmartCentres Real Estate Investment Trust,2023-12-31,FY2023,CAD,834581000.0,513561000.0,670379000.0,579184000.0,413700000.0,2.429377,61.535,80.325,69.398,49.57,2023-01-01,FY,False,yfinance
SRU.UN,SmartCentres Real Estate Investment Trust,2022-12-31,FY2022,CAD,804598000.0,502604000.0,783481000.0,498734000.0,516049000.0,3.031369,62.466,97.375,61.985,64.137,2022-01-01,FY,False,yfinance
SII,Sprott Inc.,2025-12-31,FY2025,USD,268775000.0,100459000.0,91580000.0,94057000.0,67345000.0,2.61,37.377,34.073,34.995,25.056,2025-01-01,FY,False,yfinance
SII,Sprott Inc.,2024-12-31,FY2024,USD,177261000.0,89730000.0,72097000.0,74318000.0,49294000.0,1.91,50.62,40.673,41.926,27.809,2024-01-01,FY,False,yfinance
SII,Sprott Inc.,2023-12-31,FY2023,USD,141449000.0,57582000.0,54351000.0,57194000.0,41799000.0,1.6,40.709,38.424,40.434,29.551,2023-01-01,FY,False,yfinance
SII,Sprott Inc.,2022-12-31,FY2022,USD,154274000.0,66618000.0,28002000.0,31357000.0,17632000.0,0.67,43.182,18.151,20.326,11.429,2022-01-01,FY,False,yfinance
STN,Stantec Inc.,2025-12-31,FY2025,CAD,8144200000.0,3529000000.0,745100000.0,1096800000.0,479400000.0,4.2,43.331,9.149,13.467,5.886,2025-01-01,FY,False,yfinance
STN,Stantec Inc.,2024-12-31,FY2024,CAD,7500000000.0,3195700000.0,583100000.0,901700000.0,361500000.0,3.17,42.609,7.775,12.023,4.82,2024-01-01,FY,False,yfinance
STN,Stantec Inc.,2023-12-31,FY2023,CAD,6479600000.0,2744700000.0,510400000.0,794000000.0,316500000.0,2.903557,42.359,7.877,12.254,4.885,2023-01-01,FY,False,yfinance
STN,Stantec Inc.,2022-12-31,FY2022,CAD,5677200000.0,2417300000.0,394700000.0,678200000.0,247000000.0,2.22,42.579,6.952,11.946,4.351,2022-01-01,FY,False,yfinance
SCR,Strathcona Resources Ltd.,2025-12-31,FY2025,CAD,4187000000.0,1003000000.0,585000000.0,1282000000.0,911000000.0,4.25,23.955,13.972,30.619,21.758,2025-01-01,FY,False,yfinance
SCR,Strathcona Resources Ltd.,2024-12-31,FY2024,CAD,4448000000.0,1125000000.0,909000000.0,1783000000.0,604000000.0,2.82,25.292,20.436,40.085,13.579,2024-01-01,FY,False,yfinance
SCR,Strathcona Resources Ltd.,2023-12-31,FY2023,CAD,4794600000.0,1120800000.0,1094900000.0,1827800000.0,587200000.0,2.94,23.376,22.836,38.122,12.247,2023-01-01,FY,False,yfinance
SCR,Strathcona Resources Ltd.,2022-12-31,FY2022,CAD,4408100000.0,1290800000.0,1107100000.0,1502800000.0,1358200000.0,0.621147,29.282,25.115,34.092,30.811,2022-01-01,FY,False,yfinance
SSRM,SSR Mining Inc.,2025-12-31,FY2025,USD,1629637000.0,860156000.0,457723000.0,573901000.0,395754000.0,1.85,52.782,28.087,35.216,24.285,2025-01-01,FY,False,yfinance
SSRM,SSR Mining Inc.,2024-12-31,FY2024,USD,995618000.0,351394000.0,-305706000.0,-175514000.0,-261277000.0,-1.29,35.294,-30.705,-17.629,-26.243,2024-01-01,FY,False,yfinance
SSRM,SSR Mining Inc.,2023-12-31,FY2023,USD,1426927000.0,408768000.0,-185792000.0,28220000.0,-98007000.0,-0.48,28.647,-13.02,1.978,-6.868,2023-01-01,FY,False,yfinance
SSRM,SSR Mining Inc.,2022-12-31,FY2022,USD,1148033000.0,358644000.0,259951000.0,441398000.0,194140000.0,0.89,31.24,22.643,38.448,16.911,2022-01-01,FY,False,yfinance
SJ,Stella-Jones Inc.,2025-12-31,FY2025,CAD,3492000000.0,705000000.0,516000000.0,661000000.0,337000000.0,6.09,20.189,14.777,18.929,9.651,2025-01-01,FY,False,yfinance
SJ,Stella-Jones Inc.,2024-12-31,FY2024,CAD,3469000000.0,724000000.0,503000000.0,633000000.0,319000000.0,5.66,20.871,14.5,18.247,9.196,2024-01-01,FY,False,yfinance
SJ,Stella-Jones Inc.,2023-12-31,FY2023,CAD,3319000000.0,688000000.0,499000000.0,608000000.0,326000000.0,5.62,20.729,15.035,18.319,9.822,2023-01-01,FY,False,yfinance
SJ,Stella-Jones Inc.,2022-12-31,FY2022,CAD,3065000000.0,524000000.0,359000000.0,448000000.0,241000000.0,3.93,17.096,11.713,14.617,7.863,2022-01-01,FY,False,yfinance
SLF,Sun Life Financial Inc.,2025-12-31,FY2025,CAD,38447000000.0,,5324000000.0,,3745000000.0,6.15,,13.848,,9.741,2025-01-01,FY,False,yfinance
SLF,Sun Life Financial Inc.,2024-12-31,FY2024,CAD,34483000000.0,,5003000000.0,,3171000000.0,5.26,,14.509,,9.196,2024-01-01,FY,False,yfinance
SLF,Sun Life Financial Inc.,2023-12-31,FY2023,CAD,36354000000.0,,4482000000.0,,3343000000.0,5.26,,12.329,,9.196,2023-01-01,FY,False,yfinance
SLF,Sun Life Financial Inc.,2022-12-31,FY2022,CAD,3429000000.0,,4071000000.0,,3024000000.0,5.21,,118.723,,88.189,2022-01-01,FY,False,yfinance
SPB,Superior Plus Corp.,2025-12-31,FY2025,USD,2460600000.0,1297600000.0,216200000.0,472700000.0,60800000.0,0.25,52.735,8.786,19.211,2.471,2025-01-01,FY,False,yfinance
SPB,Superior Plus Corp.,2024-12-31,FY2024,USD,2382300000.0,1284400000.0,124400000.0,387000000.0,-36800000.0,-0.15,53.914,5.222,16.245,-1.545,2024-01-01,FY,False,yfinance
SPB,Superior Plus Corp.,2023-12-31,FY2023,USD,2482500000.0,1194300000.0,174500000.0,420000000.0,38700000.0,0.17,48.109,7.029,16.918,1.559,2023-01-01,FY,False,yfinance
SPB,Superior Plus Corp.,2022-12-31,FY2022,USD,2490274093.72237,876657824.933687,-28072502.210433,147951665.193045,-82891246.68435,-0.42735,35.203,-1.127,5.941,-3.329,2022-01-01,FY,False,yfinance
SU,Suncor Energy Inc.,2025-12-31,FY2025,CAD,52377000000.0,21674000000.0,8691000000.0,15607000000.0,5918000000.0,4.85,41.381,16.593,29.797,11.299,2025-01-01,FY,False,yfinance
SU,Suncor Energy Inc.,2024-12-31,FY2024,CAD,54881000000.0,22376000000.0,8881000000.0,15835000000.0,6016000000.0,4.72,40.772,16.182,28.853,10.962,2024-01-01,FY,False,yfinance
SU,Suncor Energy Inc.,2023-12-31,FY2023,CAD,52206000000.0,21924000000.0,11375000000.0,17810000000.0,8295000000.0,6.33,41.995,21.789,34.115,15.889,2023-01-01,FY,False,yfinance
SU,Suncor Energy Inc.,2022-12-31,FY2022,CAD,62907000000.0,26874000000.0,13222000000.0,22008000000.0,9077000000.0,6.53,42.72,21.018,34.985,14.429,2022-01-01,FY,False,yfinance
TVE,Tamarack Valley Energy Ltd.,2025-12-31,FY2025,CAD,1650443000.0,591115000.0,26762000.0,557375000.0,-36349000.0,-0.07,35.816,1.622,33.771,-2.202,2025-01-01,FY,False,yfinance
TVE,Tamarack Valley Energy Ltd.,2024-12-31,FY2024,CAD,1741510000.0,584172000.0,289955000.0,877974000.0,162219000.0,0.3,33.544,16.65,50.415,9.315,2024-01-01,FY,False,yfinance
TVE,Tamarack Valley Energy Ltd.,2023-12-31,FY2023,CAD,1723774000.0,502798000.0,237241000.0,868304000.0,94196000.0,0.17,29.168,13.763,50.372,5.465,2023-01-01,FY,False,yfinance
TVE,Tamarack Valley Energy Ltd.,2022-12-31,FY2022,CAD,1462205000.0,615123000.0,489299000.0,866982000.0,345198000.0,0.74,42.068,33.463,59.293,23.608,2022-01-01,FY,False,yfinance
TRP,TC Energy Corporation,2025-12-31,FY2025,CAD,15239000000.0,7643000000.0,8291000000.0,11060000000.0,3519000000.0,3.27,50.154,54.406,72.577,23.092,2025-01-01,FY,False,yfinance
TRP,TC Energy Corporation,2024-12-31,FY2024,CAD,13771000000.0,6606000000.0,8429000000.0,11217000000.0,4698000000.0,4.43,47.97,61.208,81.454,34.115,2024-01-01,FY,False,yfinance
TRP,TC Energy Corporation,2023-12-31,FY2023,CAD,13267000000.0,6668000000.0,5880000000.0,8658000000.0,2922000000.0,2.75,50.26,44.32,65.26,22.025,2023-01-01,FY,False,yfinance
TRP,TC Energy Corporation,2022-12-31,FY2022,CAD,12309000000.0,5797000000.0,2657000000.0,5241000000.0,748000000.0,0.64,47.096,21.586,42.579,6.077,2022-01-01,FY,False,yfinance
TKO,Taseko Mines Limited,2025-12-31,FY2025,CAD,672904000.0,147946000.0,39622000.0,142832000.0,-30076000.0,-0.09,21.986,5.888,21.226,-4.47,2025-01-01,FY,False,yfinance
TKO,Taseko Mines Limited,2024-12-31,FY2024,CAD,608093000.0,117155000.0,93837000.0,168158000.0,-13444000.0,-0.05,19.266,15.431,27.653,-2.211,2024-01-01,FY,False,yfinance
TKO,Taseko Mines Limited,2023-12-31,FY2023,CAD,524972000.0,150414000.0,173964000.0,230904000.0,82726000.0,0.28,28.652,33.138,43.984,15.758,2023-01-01,FY,False,yfinance
TKO,Taseko Mines Limited,2022-12-31,FY2022,CAD,391609000.0,54235000.0,19267000.0,71249000.0,-25971000.0,-0.09,13.849,4.92,18.194,-6.632,2022-01-01,FY,False,yfinance
TECK.B,Teck Resources Limited,2025-12-31,FY2025,CAD,10756000000.0,2657000000.0,2383000000.0,4140000000.0,1401000000.0,2.83,24.702,22.155,38.49,13.025,2025-01-01,FY,False,yfinance
TECK.B,Teck Resources Limited,2024-12-31,FY2024,CAD,9065000000.0,1607000000.0,57000000.0,1783000000.0,406000000.0,0.78,17.728,0.629,19.669,4.479,2024-01-01,FY,False,yfinance
TECK.B,Teck Resources Limited,2023-12-31,FY2023,CAD,6476000000.0,1112000000.0,-64000000.0,861000000.0,2409000000.0,4.59,17.171,-0.988,13.295,37.199,2023-01-01,FY,False,yfinance
TECK.B,Teck Resources Limited,2022-12-31,FY2022,CAD,17316000000.0,8571000000.0,6545000000.0,8219000000.0,3317000000.0,6.19,49.498,37.797,47.465,19.156,2022-01-01,FY,False,yfinance
T,Telus Corporation,2025-12-31,FY2025,CAD,20346000000.0,12640000000.0,2725000000.0,6784000000.0,1113000000.0,0.72,62.125,13.393,33.343,5.47,2025-01-01,FY,False,yfinance
T,Telus Corporation,2024-12-31,FY2024,CAD,20139000000.0,12500000000.0,2642000000.0,6678000000.0,993000000.0,0.67,62.069,13.119,33.16,4.931,2024-01-01,FY,False,yfinance
T,Telus Corporation,2023-12-31,FY2023,CAD,20005000000.0,12468000000.0,2382000000.0,6451000000.0,841000000.0,0.58,62.324,11.907,32.247,4.204,2023-01-01,FY,False,yfinance
T,Telus Corporation,2022-12-31,FY2022,CAD,18292000000.0,11185000000.0,3189000000.0,6641000000.0,1615000000.0,1.15,61.147,17.434,36.305,8.829,2022-01-01,FY,False,yfinance
TVK,TerraVest Industries Inc.,2025-09-30,FY2025,CAD,1371151000.0,381285000.0,170132000.0,291632000.0,86651000.0,4.13,27.808,12.408,21.269,6.32,2024-10-01,FY,False,yfinance
TVK,TerraVest Industries Inc.,2024-09-30,FY2024,CAD,911816000.0,263366000.0,121232000.0,190579000.0,63571000.0,3.29,28.884,13.296,20.901,6.972,2023-10-01,FY,False,yfinance
TVK,TerraVest Industries Inc.,2023-09-30,FY2023,CAD,678350000.0,165959000.0,82953000.0,122848000.0,42073000.0,2.32,24.465,12.229,18.11,6.202,2022-10-01,FY,False,yfinance
TVK,TerraVest Industries Inc.,2022-09-30,FY2022,CAD,576704000.0,124386000.0,67655000.0,102944000.0,45252000.0,2.5,21.568,11.731,17.85,7.847,2021-10-01,FY,False,yfinance
TFII,TFI International Inc.,2025-12-31,FY2025,USD,7884671000.0,1043562000.0,551214000.0,1161718000.0,310553000.0,3.72,13.235,6.991,14.734,3.939,2025-01-01,FY,False,yfinance
TFII,TFI International Inc.,2024-12-31,FY2024,USD,8396830000.0,1251377000.0,712689000.0,1294758000.0,422484000.0,4.96,14.903,8.488,15.42,5.031,2024-01-01,FY,False,yfinance
TFII,TFI International Inc.,2023-12-31,FY2023,USD,7521167000.0,1265392000.0,752238000.0,1194213000.0,504877000.0,5.8,16.824,10.002,15.878,6.713,2023-01-01,FY,False,yfinance
TFII,TFI International Inc.,2022-12-31,FY2022,USD,8812491000.0,1572938000.0,1131135000.0,1561728000.0,823232000.0,9.02,17.849,12.836,17.722,9.342,2022-01-01,FY,False,yfinance
TRI,Thomson Reuters Corporation,2025-12-31,FY2025,USD,7476000000.0,5667000000.0,2117000000.0,3047000000.0,1502000000.0,3.382221,75.803,28.317,40.757,20.091,2025-01-01,FY,False,yfinance
TRI,Thomson Reuters Corporation,2024-12-31,FY2024,USD,7258000000.0,5467000000.0,2230000000.0,3052000000.0,2210000000.0,4.966686,75.324,30.725,42.05,30.449,2024-01-01,FY,False,yfinance
TRI,Thomson Reuters Corporation,2023-12-31,FY2023,USD,6794000000.0,5234000000.0,2225000000.0,2950000000.0,2695000000.0,5.890956,77.039,32.749,43.421,39.667,2023-01-01,FY,False,yfinance
TRI,Thomson Reuters Corporation,2022-12-31,FY2022,USD,6627000000.0,5042000000.0,2286000000.0,3010000000.0,1338000000.0,3.034538,76.083,34.495,45.42,20.19,2022-01-01,FY,False,yfinance
X,TMX Group Limited,2025-12-31,FY2025,CAD,1717200000.0,1125200000.0,1938400000.0,2119100000.0,415700000.0,1.49,65.525,112.881,123.404,24.208,2025-01-01,FY,False,yfinance
X,TMX Group Limited,2024-12-31,FY2024,CAD,1460100000.0,958800000.0,2289400000.0,2455000000.0,481500000.0,1.73,65.667,156.797,168.139,32.977,2024-01-01,FY,False,yfinance
X,TMX Group Limited,2023-12-31,FY2023,CAD,1194100000.0,780100000.0,2267100000.0,2379600000.0,356000000.0,1.28,65.33,189.858,199.28,29.813,2023-01-01,FY,False,yfinance
X,TMX Group Limited,2022-12-31,FY2022,CAD,1114900000.0,749300000.0,1456100000.0,1569900000.0,542700000.0,1.94,67.208,130.604,140.811,48.677,2022-01-01,FY,False,yfinance
TPZ,Topaz Energy Corp.,2025-12-31,FY2025,CAD,324717000.0,189588000.0,197263000.0,332392000.0,128741000.0,0.83,58.386,60.749,102.364,39.647,2025-01-01,FY,False,yfinance
TPZ,Topaz Energy Corp.,2024-12-31,FY2024,CAD,299803000.0,175244000.0,167984000.0,292543000.0,105656000.0,0.72,58.453,56.031,97.578,35.242,2024-01-01,FY,False,yfinance
TPZ,Topaz Energy Corp.,2023-12-31,FY2023,CAD,306691000.0,89300000.0,98033000.0,315424000.0,47644000.0,0.33,29.117,31.965,102.847,15.535,2023-01-01,FY,False,yfinance
TPZ,Topaz Energy Corp.,2022-12-31,FY2022,CAD,356735000.0,147279000.0,141418000.0,350874000.0,99355000.0,0.69,41.285,39.642,98.357,27.851,2022-01-01,FY,False,yfinance
TXG,Torex Gold Resources Inc.,2025-12-31,FY2025,USD,1305600000.0,636900000.0,515200000.0,683900000.0,403400000.0,4.53,48.782,39.461,52.382,30.898,2025-01-01,FY,False,yfinance
TXG,Torex Gold Resources Inc.,2024-12-31,FY2024,USD,1115500000.0,468200000.0,350700000.0,542700000.0,134600000.0,1.55,41.972,31.439,48.651,12.066,2024-01-01,FY,False,yfinance
TXG,Torex Gold Resources Inc.,2023-12-31,FY2023,USD,882600000.0,282500000.0,230400000.0,432800000.0,204400000.0,2.34,32.008,26.105,49.037,23.159,2023-01-01,FY,False,yfinance
TXG,Torex Gold Resources Inc.,2022-12-31,FY2022,USD,868500000.0,303900000.0,286600000.0,488100000.0,188800000.0,2.19,34.991,32.999,56.2,21.739,2022-01-01,FY,False,yfinance
TIH,Toromont Industries Ltd.,2025-12-31,FY2025,CAD,5202837000.0,1322203000.0,716836000.0,1033785000.0,496586000.0,6.11,25.413,13.778,19.87,9.545,2025-01-01,FY,False,yfinance
TIH,Toromont Industries Ltd.,2024-12-31,FY2024,CAD,5021163000.0,1262632000.0,723809000.0,928784000.0,506516000.0,6.13,25.146,14.415,18.497,10.088,2024-01-01,FY,False,yfinance
TIH,Toromont Industries Ltd.,2023-12-31,FY2023,CAD,4622301000.0,1244889000.0,750210000.0,932655000.0,534712000.0,6.45,26.932,16.23,20.177,11.568,2023-01-01,FY,False,yfinance
TIH,Toromont Industries Ltd.,2022-12-31,FY2022,CAD,4115347000.0,1118516000.0,640815000.0,802968000.0,454198000.0,5.47,27.179,15.571,19.512,11.037,2022-01-01,FY,False,yfinance
TD,Toronto-Dominion Bank,2025-10-31,FY2025,CAD,61281000000.0,,,,20538000000.0,11.56,,,,33.514,2024-11-01,FY,False,yfinance
TD,Toronto-Dominion Bank,2024-10-31,FY2024,CAD,56256000000.0,,,,8842000000.0,4.72,,,,15.717,2023-11-01,FY,False,yfinance
TD,Toronto-Dominion Bank,2023-10-31,FY2023,CAD,51524000000.0,,,,10634000000.0,5.52,,,,20.639,2022-11-01,FY,False,yfinance
TD,Toronto-Dominion Bank,2022-10-31,FY2022,CAD,45762000000.0,,,,17429000000.0,9.47,,,,38.086,2021-11-01,FY,False,yfinance
TOU,Tourmaline Oil Corp.,2025-12-31,FY2025,CAD,6302997000.0,2671041000.0,414325000.0,3414576000.0,262672000.0,0.68,42.377,6.573,54.174,4.167,2025-01-01,FY,False,yfinance
TOU,Tourmaline Oil Corp.,2024-12-31,FY2024,CAD,5650043000.0,3519699000.0,1739290000.0,3291253000.0,1264109000.0,3.51,62.295,30.784,58.252,22.373,2024-01-01,FY,False,yfinance
TOU,Tourmaline Oil Corp.,2023-12-31,FY2023,CAD,6242240000.0,4270371000.0,2217561000.0,3521005000.0,1735880000.0,5.03,68.411,35.525,56.406,27.809,2023-01-01,FY,False,yfinance
TOU,Tourmaline Oil Corp.,2022-12-31,FY2022,CAD,8677648000.0,6334257000.0,5936227000.0,7120743000.0,4487049000.0,13.1,72.995,68.408,82.058,51.708,2022-01-01,FY,False,yfinance
TA,TransAlta Corporation,2025-12-31,FY2025,CAD,2405000000.0,1420000000.0,125000000.0,704000000.0,-138000000.0,-0.64,59.044,5.198,29.272,-5.738,2025-01-01,FY,False,yfinance
TA,TransAlta Corporation,2024-12-31,FY2024,CAD,2845000000.0,1794000000.0,569000000.0,1100000000.0,229000000.0,0.59,63.058,20.0,38.664,8.049,2024-01-01,FY,False,yfinance
TA,TransAlta Corporation,2023-12-31,FY2023,CAD,3355000000.0,2183000000.0,1092000000.0,1713000000.0,695000000.0,2.33,65.067,32.548,51.058,20.715,2023-01-01,FY,False,yfinance
TA,TransAlta Corporation,2022-12-31,FY2022,CAD,2976000000.0,1635000000.0,565000000.0,1164000000.0,50000000.0,0.01,54.94,18.985,39.113,1.68,2022-01-01,FY,False,yfinance
TCL.A,Transcontinental Inc.,2025-10-31,FY2025,CAD,2743900000.0,1374600000.0,265500000.0,474500000.0,171000000.0,2.04,50.097,9.676,17.293,6.232,2024-11-01,FY,False,yfinance
TCL.A,Transcontinental Inc.,2024-10-31,FY2024,CAD,2812900000.0,1378000000.0,201100000.0,416300000.0,121300000.0,1.41,48.989,7.149,14.8,4.312,2023-11-01,FY,False,yfinance
TCL.A,Transcontinental Inc.,2023-10-31,FY2023,CAD,2940600000.0,1355400000.0,156800000.0,391700000.0,85800000.0,0.99,46.093,5.332,13.32,2.918,2022-11-01,FY,False,yfinance
TCL.A,Transcontinental Inc.,2022-10-31,FY2022,CAD,2956100000.0,1323600000.0,215600000.0,447500000.0,141200000.0,1.63,44.775,7.293,15.138,4.777,2021-11-01,FY,False,yfinance
TFPM,Triple Flag Precious Metals Corp.,2025-12-31,FY2025,USD,388704000.0,262918000.0,273575000.0,353153000.0,240005000.0,1.18,67.64,70.381,90.854,61.745,2025-01-01,FY,False,yfinance
TFPM,Triple Flag Precious Metals Corp.,2024-12-31,FY2024,USD,268991000.0,155210000.0,-7152000.0,68748000.0,-23084000.0,-0.11,57.701,-2.659,25.558,-8.582,2024-01-01,FY,False,yfinance
TFPM,Triple Flag Precious Metals Corp.,2023-12-31,FY2023,USD,204024000.0,102076000.0,43711000.0,109188000.0,36282000.0,0.18,50.031,21.424,53.517,17.783,2023-01-01,FY,False,yfinance
TFPM,Triple Flag Precious Metals Corp.,2022-12-31,FY2022,USD,151885000.0,87004000.0,63187000.0,113646000.0,55086000.0,0.35,57.283,41.602,74.824,36.268,2022-01-01,FY,False,yfinance
TSU,Trisura Group Ltd.,2025-12-31,FY2025,CAD,867951000.0,,194297000.0,,142246000.0,2.93,,22.386,,16.389,2025-01-01,FY,False,yfinance
TSU,Trisura Group Ltd.,2024-12-31,FY2024,CAD,778830000.0,,161760000.0,,118915000.0,2.49738,,20.77,,15.268,2024-01-01,FY,False,yfinance
TSU,Trisura Group Ltd.,2023-12-31,FY2023,CAD,711339000.0,,92832000.0,,66941000.0,1.42,,13.05,,9.411,2023-01-01,FY,False,yfinance
TSU,Trisura Group Ltd.,2022-12-31,FY2022,CAD,520767000.0,,42389000.0,,27795000.0,0.63,,8.14,,5.337,2022-01-01,FY,False,yfinance
VET,Vermilion Energy Inc.,2025-12-31,FY2025,CAD,1884265000.0,1004166000.0,-192067000.0,551320000.0,-653601000.0,-4.25,53.292,-10.193,29.259,-34.687,2025-01-01,FY,False,yfinance
VET,Vermilion Energy Inc.,2024-12-31,FY2024,CAD,1639336000.0,889595000.0,14687000.0,697927000.0,-46739000.0,-0.3,54.266,0.896,42.574,-2.851,2024-01-01,FY,False,yfinance
VET,Vermilion Energy Inc.,2023-12-31,FY2023,CAD,2199555000.0,1118242000.0,-193070000.0,519549000.0,-237587000.0,-1.45,50.839,-8.778,23.621,-10.802,2023-01-01,FY,False,yfinance
VET,Vermilion Energy Inc.,2022-12-31,FY2022,CAD,3721228000.0,2593243000.0,2133957000.0,2711091000.0,1313062000.0,7.8,69.688,57.346,72.855,35.286,2022-01-01,FY,False,yfinance
VZLA,Vizsla Silver Corp.,2026-04-30,FY2026,USD,0.0,-125000.0,-27308000.0,-27183000.0,-38685000.0,-0.11,,,,,2025-05-01,FY,False,yfinance
VZLA,Vizsla Silver Corp.,2025-04-30,FY2025,USD,0.0,-179000.0,-5820000.0,-5641000.0,-5820000.0,-0.02,,,,,2024-05-01,FY,False,yfinance
VZLA,Vizsla Silver Corp.,2024-04-30,FY2024,USD,0.0,-240695.94738,-11880477.329763,-11639781.382383,-11668670.661487,-0.058532,,,,,2023-05-01,FY,False,yfinance
VZLA,Vizsla Silver Corp.,2023-04-30,FY2023,USD,0.0,-197090.349978,-10279455.996486,-10082365.646508,-9951477.522331,-0.058574,,,,,2022-05-01,FY,False,yfinance
VITL.UN,Vital Infrastructure Property Trust.,2025-12-31,FY2025,CAD,422525000.0,327233000.0,162332000.0,162332000.0,-52852000.0,-0.211414,77.447,38.42,38.42,-12.509,2025-01-01,FY,False,yfinance
VITL.UN,Vital Infrastructure Property Trust.,2024-12-31,FY2024,CAD,462403000.0,364558000.0,-172011000.0,-172011000.0,-299757000.0,-1.20975,78.84,-37.199,-37.199,-64.826,2024-01-01,FY,False,yfinance
VITL.UN,Vital Infrastructure Property Trust.,2023-12-31,FY2023,CAD,507996000.0,401977000.0,-265175000.0,-263909000.0,-347690000.0,-1.429105,79.13,-52.2,-51.951,-68.443,2023-01-01,FY,False,yfinance
VITL.UN,Vital Infrastructure Property Trust.,2022-12-31,FY2022,CAD,452198000.0,364228000.0,368807000.0,370203000.0,64295000.0,0.267175,80.546,81.559,81.867,14.218,2022-01-01,FY,False,yfinance
WCN,Waste Connections Inc.,2025-12-31,FY2025,USD,9466915000.0,4011533000.0,1752467000.0,2984573000.0,1076557000.0,4.17,42.374,18.511,31.526,11.372,2025-01-01,FY,False,yfinance
WCN,Waste Connections Inc.,2024-12-31,FY2024,USD,8919591000.0,3727885000.0,1089737000.0,2253506000.0,617573000.0,2.39,41.794,12.217,25.265,6.924,2024-01-01,FY,False,yfinance
WCN,Waste Connections Inc.,2023-12-31,FY2023,USD,8021951000.0,3277438000.0,1258143000.0,2261354000.0,762800000.0,2.95,40.856,15.684,28.19,9.509,2023-01-01,FY,False,yfinance
WCN,Waste Connections Inc.,2022-12-31,FY2022,USD,7211859000.0,2875847000.0,1251294000.0,2170254000.0,835662000.0,3.24,39.877,17.351,30.093,11.587,2022-01-01,FY,False,yfinance
WDO,Wesdome Gold Mines Ltd.,2025-12-31,FY2025,CAD,914325000.0,569268000.0,520886000.0,608261000.0,349495000.0,2.31,62.261,56.969,66.526,38.224,2025-01-01,FY,False,yfinance
WDO,Wesdome Gold Mines Ltd.,2024-12-31,FY2024,CAD,558184000.0,241861000.0,207470000.0,307744000.0,135471000.0,0.9,43.33,37.169,55.133,24.27,2024-01-01,FY,False,yfinance
WDO,Wesdome Gold Mines Ltd.,2023-12-31,FY2023,CAD,333173000.0,37751000.0,-1557000.0,93631000.0,-6187000.0,-0.04,11.331,-0.467,28.103,-1.857,2023-01-01,FY,False,yfinance
WDO,Wesdome Gold Mines Ltd.,2022-12-31,FY2022,CAD,265483000.0,51112000.0,-745000.0,43817000.0,-14706000.0,-0.1,19.252,-0.281,16.505,-5.539,2022-01-01,FY,False,yfinance
WFG,West Fraser Timber Co. Ltd.,2025-12-31,FY2025,USD,5462000000.0,1278000000.0,-1152000000.0,-608000000.0,-937000000.0,-12.08,23.398,-21.091,-11.131,-17.155,2025-01-01,FY,False,yfinance
WFG,West Fraser Timber Co. Ltd.,2024-12-31,FY2024,USD,6174000000.0,1841000000.0,64000000.0,614000000.0,-5000000.0,-0.07,29.819,1.037,9.945,-0.081,2024-01-01,FY,False,yfinance
WFG,West Fraser Timber Co. Ltd.,2023-12-31,FY2023,USD,6454000000.0,1769000000.0,-204000000.0,337000000.0,-167000000.0,-2.01,27.409,-3.161,5.222,-2.588,2023-01-01,FY,False,yfinance
WFG,West Fraser Timber Co. Ltd.,2022-12-31,FY2022,USD,9701000000.0,4559000000.0,2617000000.0,3206000000.0,1975000000.0,20.86,46.995,26.977,33.048,20.359,2022-01-01,FY,False,yfinance
WPM,Wheaton Precious Metals Corp.,2025-12-31,FY2025,USD,2314600000.0,1671648000.0,1698497000.0,2003663000.0,1471720000.0,3.237,72.222,73.382,86.566,63.584,2025-01-01,FY,False,yfinance
WPM,Wheaton Precious Metals Corp.,2024-12-31,FY2024,USD,1284639000.0,802587000.0,644628000.0,892931000.0,529140000.0,1.165,62.476,50.18,69.508,41.19,2024-01-01,FY,False,yfinance
WPM,Wheaton Precious Metals Corp.,2023-12-31,FY2023,USD,1016045000.0,573440000.0,539265000.0,755191000.0,537644000.0,1.186,56.438,53.075,74.327,52.915,2023-01-01,FY,False,yfinance
WPM,Wheaton Precious Metals Corp.,2022-12-31,FY2022,USD,1065053000.0,565480000.0,669726000.0,903265000.0,669126000.0,1.479,53.094,62.882,84.809,62.826,2022-01-01,FY,False,yfinance
WCP,Whitecap Resources Inc.,2025-12-31,FY2025,CAD,5908800000.0,3460400000.0,1466900000.0,3176200000.0,984600000.0,0.99,58.563,24.826,53.754,16.663,2025-01-01,FY,False,yfinance
WCP,Whitecap Resources Inc.,2024-12-31,FY2024,CAD,3937900000.0,2362600000.0,1165000000.0,2140200000.0,812300000.0,1.36,59.996,29.584,54.349,20.628,2024-01-01,FY,False,yfinance
WCP,Whitecap Resources Inc.,2023-12-31,FY2023,CAD,3848900000.0,2364800000.0,1259300000.0,2124500000.0,889000000.0,1.46,61.441,32.718,55.198,23.098,2023-01-01,FY,False,yfinance
WCP,Whitecap Resources Inc.,2022-12-31,FY2022,CAD,4780400000.0,3112100000.0,2287500000.0,3094000000.0,1676100000.0,2.7,65.101,47.852,64.723,35.062,2022-01-01,FY,False,yfinance
WPK,Winpak Ltd.,2025-12-31,FY2025,USD,1125419000.0,342153000.0,188620000.0,245415000.0,137342000.0,2.25,30.402,16.76,21.807,12.204,2025-01-01,FY,False,yfinance
WPK,Winpak Ltd.,2024-12-31,FY2024,USD,1130895000.0,361626000.0,210840000.0,265398000.0,149455000.0,2.35,31.977,18.644,23.468,13.216,2024-01-01,FY,False,yfinance
WPK,Winpak Ltd.,2023-12-31,FY2023,USD,1141407000.0,334152000.0,200677000.0,250219000.0,148130000.0,2.28,29.275,17.582,21.922,12.978,2023-01-01,FY,False,yfinance
WPK,Winpak Ltd.,2022-12-31,FY2022,USD,1181133000.0,331764000.0,174855000.0,224241000.0,128343000.0,1.97,28.089,14.804,18.985,10.866,2022-01-01,FY,False,yfinance
WSP,WSP Global Inc.,2025-12-31,FY2025,CAD,18285000000.0,13959100000.0,1614100000.0,2365600000.0,964300000.0,7.36,76.342,8.827,12.937,5.274,2025-01-01,FY,False,yfinance
WSP,WSP Global Inc.,2024-12-31,FY2024,CAD,16166800000.0,12172200000.0,1234200000.0,1919500000.0,681400000.0,5.38,75.291,7.634,11.873,4.215,2024-01-01,FY,False,yfinance
WSP,WSP Global Inc.,2023-12-31,FY2023,CAD,14437200000.0,10897000000.0,994600000.0,1667800000.0,550000000.0,4.4,75.479,6.889,11.552,3.81,2023-01-01,FY,False,yfinance
WSP,WSP Global Inc.,2022-12-31,FY2022,CAD,11932900000.0,8957200000.0,706900000.0,1283400000.0,431800000.0,3.58,75.063,5.924,10.755,3.619,2022-01-01,FY,False,yfinance
