ticker,company,period_end,fiscal_quarter,currency,revenue,gross_profit,ebit,ebitda,net_income,eps_diluted,gross_margin_pct,ebit_margin_pct,ebitda_margin_pct,net_margin_pct,period_start,period_type,q4_derived,source
VNP,5N Plus Inc.,2026-03-31,2026-Q1,USD,117893000.0,37778000.0,27573000.0,31981000.0,17762000.0,0.2,32.044,23.388,27.127,15.066,2025-12-30,Q,False,yfinance
VNP,5N Plus Inc.,2025-12-31,2025-Q4,USD,101968000.0,26039000.0,12513000.0,16935000.0,7590000.0,,25.536,12.271,16.608,7.444,2025-10-01,Q,False,yfinance
VNP,5N Plus Inc.,2025-06-30,2025-Q2,USD,95311000.0,29423000.0,19570000.0,23894000.0,15227000.0,0.17,30.871,20.533,25.07,15.976,2025-03-31,Q,False,yfinance
VNP,5N Plus Inc.,2025-03-31,2025-Q1,USD,88888000.0,26996000.0,15825000.0,19953000.0,9573000.0,0.11,30.371,17.803,22.447,10.77,2024-12-30,Q,False,yfinance
VNP,5N Plus Inc.,2024-12-31,2024-Q4,USD,70854000.0,19750000.0,5867000.0,,1006000.0,,27.874,8.28,,1.42,2024-10-01,Q,False,yfinance
ARE,Aecon Group Inc.,2026-06-30,2026-Q2,CAD,1631007000.0,154601000.0,-92562000.0,-62063000.0,-108076000.0,-1.58,9.479,-5.675,-3.805,-6.626,2026-03-31,Q,False,yfinance
ARE,Aecon Group Inc.,2026-03-31,2026-Q1,CAD,1256994000.0,100547000.0,-10647000.0,15383000.0,-17921000.0,-0.28,7.999,-0.847,1.224,-1.426,2025-12-30,Q,False,yfinance
ARE,Aecon Group Inc.,2025-12-31,2025-Q4,CAD,1541228000.0,144114000.0,42620000.0,72680000.0,20721000.0,,9.351,2.765,4.716,1.344,2025-10-01,Q,False,yfinance
ARE,Aecon Group Inc.,2025-06-30,2025-Q2,CAD,1301579000.0,76914000.0,1880000.0,27675000.0,-7625000.0,-0.12,5.909,0.144,2.126,-0.586,2025-03-31,Q,False,yfinance
ARE,Aecon Group Inc.,2025-03-31,2025-Q1,CAD,1061650000.0,41790000.0,-42508000.0,-16552000.0,-37931000.0,-0.6,3.936,-4.004,-1.559,-3.573,2024-12-30,Q,False,yfinance
ARE,Aecon Group Inc.,2024-12-31,2024-Q4,CAD,,,,,,0.21,,,,,2024-10-01,Q,False,yfinance
ABRA,AbraSilver Resource Corp.,2026-03-31,2026-Q1,CAD,0.0,,-13951000.0,-13931000.0,-13951000.0,-0.09,,,,,2025-12-30,Q,False,yfinance
ABRA,AbraSilver Resource Corp.,2025-12-31,2025-Q4,CAD,0.0,-2892221.0,-19165311.0,-19145203.0,-19165311.0,,,,,,2025-10-01,Q,False,yfinance
ABRA,AbraSilver Resource Corp.,2025-09-30,2025-Q3,CAD,0.0,0.0,-16569497.0,-16549609.0,-16569497.0,-0.11,,,,,2025-07-01,Q,False,yfinance
ABRA,AbraSilver Resource Corp.,2025-06-30,2025-Q2,CAD,0.0,,-12837394.0,-12818934.0,-12880530.0,0.08,,,,,2025-03-31,Q,False,yfinance
ABRA,AbraSilver Resource Corp.,2025-03-31,2025-Q1,CAD,0.0,,-8692000.0,-8674000.0,-9023000.0,-0.06,,,,,2024-12-30,Q,False,yfinance
ABRA,AbraSilver Resource Corp.,2024-12-31,2024-Q4,CAD,,-443158.0,,,,,,,,,2024-10-01,Q,False,yfinance
AAV,Advantage Energy Ltd.,2026-06-30,2026-Q2,CAD,204373000.0,120353000.0,74709000.0,129005000.0,45114000.0,0.26,58.889,36.555,63.122,22.074,2026-03-31,Q,False,yfinance
AAV,Advantage Energy Ltd.,2026-03-31,2026-Q1,CAD,206922000.0,132907000.0,55958000.0,115259000.0,29528000.0,0.17,64.23,27.043,55.702,14.27,2025-12-30,Q,False,yfinance
AAV,Advantage Energy Ltd.,2025-12-31,2025-Q4,CAD,182490000.0,112777000.0,25307000.0,81559000.0,9616000.0,,61.799,13.868,44.692,5.269,2025-10-01,Q,False,yfinance
AAV,Advantage Energy Ltd.,2025-06-30,2025-Q2,CAD,164593000.0,95260000.0,111959000.0,168036000.0,72502000.0,0.41,57.876,68.022,102.092,44.049,2025-03-31,Q,False,yfinance
AAV,Advantage Energy Ltd.,2025-03-31,2025-Q1,CAD,221790000.0,140470000.0,-21203000.0,39038000.0,-29024000.0,-0.17,63.335,-9.56,17.601,-13.086,2024-12-30,Q,False,yfinance
AC,Air Canada,2026-03-31,2026-Q1,CAD,5785000000.0,1247000000.0,272000000.0,778000000.0,48000000.0,0.16,21.556,4.702,13.449,0.83,2025-12-30,Q,False,yfinance
AC,Air Canada,2025-12-31,2025-Q4,CAD,5770000000.0,1449000000.0,476000000.0,998000000.0,296000000.0,,25.113,8.25,17.296,5.13,2025-10-01,Q,False,yfinance
AC,Air Canada,2025-06-30,2025-Q2,CAD,5632000000.0,1449000000.0,258000000.0,749000000.0,186000000.0,0.51,25.728,4.581,13.299,3.303,2025-03-31,Q,False,yfinance
AC,Air Canada,2025-03-31,2025-Q1,CAD,5196000000.0,956000000.0,-2000000.0,493000000.0,-102000000.0,-0.4,18.399,-0.038,9.488,-1.963,2024-12-30,Q,False,yfinance
AC,Air Canada,2024-12-31,2024-Q4,CAD,5404000000.0,814000000.0,-545000000.0,-85000000.0,-644000000.0,,15.063,-10.085,-1.573,-11.917,2024-10-01,Q,False,yfinance
AEM,Agnico Eagle Mines Limited,2026-06-30,2026-Q2,USD,3802818000.0,2425804000.0,2338894000.0,2762150000.0,1600453000.0,3.17,63.79,61.504,72.634,42.086,2026-03-31,Q,False,yfinance
AEM,Agnico Eagle Mines Limited,2026-03-31,2026-Q1,USD,4099589000.0,2723736000.0,2575380000.0,2995646000.0,1695461000.0,3.38,66.439,62.82,73.072,41.357,2025-12-30,Q,False,yfinance
AEM,Agnico Eagle Mines Limited,2025-12-31,2025-Q4,USD,3563973000.0,2197936000.0,2276568000.0,2698162000.0,1523061000.0,3.04,61.671,63.877,75.707,42.735,2025-10-01,Q,False,yfinance
AEM,Agnico Eagle Mines Limited,2025-09-30,2025-Q3,USD,3059529000.0,1790261000.0,1599722000.0,2029669000.0,1054958000.0,,58.514,52.287,66.339,34.481,2025-07-01,Q,False,yfinance
AEM,Agnico Eagle Mines Limited,2025-06-30,2025-Q2,USD,2816101000.0,1649958000.0,1644048000.0,2021004000.0,1068711000.0,2.12,58.59,58.38,71.766,37.95,2025-03-31,Q,False,yfinance
AEM,Agnico Eagle Mines Limited,2025-03-31,2025-Q1,USD,,,,,,1.62,,,,,2024-12-30,Q,False,yfinance
AQN,Algonquin Power & Utilities Corp.,2026-03-31,2026-Q1,USD,792400000.0,532000000.0,176700000.0,284900000.0,86200000.0,0.11,67.138,22.299,35.954,10.878,2025-12-30,Q,False,yfinance
AQN,Algonquin Power & Utilities Corp.,2025-12-31,2025-Q4,USD,630700000.0,446800000.0,126400000.0,229700000.0,21000000.0,0.04,70.842,20.041,36.42,3.33,2025-10-01,Q,False,yfinance
AQN,Algonquin Power & Utilities Corp.,2025-09-30,2025-Q3,USD,582700000.0,456400000.0,164800000.0,259500000.0,38900000.0,0.05,78.325,28.282,44.534,6.676,2025-07-01,Q,False,yfinance
AQN,Algonquin Power & Utilities Corp.,2025-06-30,2025-Q2,USD,527800000.0,403200000.0,83900000.0,190900000.0,24100000.0,0.03,76.393,15.896,36.169,4.566,2025-03-31,Q,False,yfinance
AQN,Algonquin Power & Utilities Corp.,2025-03-31,2025-Q1,USD,692400000.0,479700000.0,176100000.0,271400000.0,96800000.0,0.12,69.281,25.433,39.197,13.98,2024-12-30,Q,False,yfinance
AGI,Alamos Gold Inc.,2026-06-30,2026-Q2,USD,594100000.0,362200000.0,413000000.0,462500000.0,270400000.0,0.64,60.966,69.517,77.849,45.514,2026-03-31,Q,False,yfinance
AGI,Alamos Gold Inc.,2026-03-31,2026-Q1,USD,596700000.0,391200000.0,344800000.0,389000000.0,191400000.0,0.45,65.561,57.784,65.192,32.076,2025-12-30,Q,False,yfinance
AGI,Alamos Gold Inc.,2025-12-31,2025-Q4,USD,575300000.0,355800000.0,552500000.0,606100000.0,434900000.0,1.03,61.846,96.037,105.354,75.595,2025-10-01,Q,False,yfinance
AGI,Alamos Gold Inc.,2025-09-30,2025-Q3,USD,462300000.0,268200000.0,236900000.0,288900000.0,276300000.0,,58.014,51.244,62.492,59.766,2025-07-01,Q,False,yfinance
AGI,Alamos Gold Inc.,2025-06-30,2025-Q2,USD,438200000.0,237500000.0,184300000.0,237000000.0,159400000.0,0.38,54.199,42.058,54.085,36.376,2025-03-31,Q,False,yfinance
AGI,Alamos Gold Inc.,2025-03-31,2025-Q1,USD,,,,,,0.04,,,,,2024-12-30,Q,False,yfinance
ATD,Alimentation Couche-Tard Inc.,2026-04-30,2026-Q2,USD,19487900000.0,3502600000.0,1266700000.0,1843000000.0,863400000.0,,17.973,6.5,9.457,4.43,2026-01-29,Q,False,yfinance
ATD,Alimentation Couche-Tard Inc.,2026-01-31,2026-Q1,USD,21805700000.0,4235400000.0,1210200000.0,1936300000.0,757200000.0,0.82,19.423,5.55,8.88,3.472,2025-11-01,Q,False,yfinance
ATD,Alimentation Couche-Tard Inc.,2025-10-31,2025-Q4,USD,17866100000.0,3406800000.0,1132500000.0,1668400000.0,740600000.0,0.79,19.069,6.339,9.338,4.145,2025-08-01,Q,False,yfinance
ATD,Alimentation Couche-Tard Inc.,2025-07-31,2025-Q3,USD,17346900000.0,3314000000.0,1185800000.0,1714400000.0,782500000.0,0.82,19.104,6.836,9.883,4.511,2025-05-01,Q,False,yfinance
ATD,Alimentation Couche-Tard Inc.,2025-04-30,2025-Q2,USD,16270500000.0,2933000000.0,662400000.0,1204700000.0,439400000.0,,18.026,4.071,7.404,2.701,2025-01-29,Q,False,yfinance
ATD,Alimentation Couche-Tard Inc.,2025-01-31,2025-Q1,USD,,,,,,0.68,,,,,2024-11-01,Q,False,yfinance
AAUC,Allied Gold Corporation,2026-03-31,2026-Q1,USD,394110000.0,170928000.0,53581000.0,73603000.0,-58326000.0,-0.47,43.371,13.595,18.676,-14.799,2025-12-30,Q,False,yfinance
AAUC,Allied Gold Corporation,2025-12-31,2025-Q4,USD,427820000.0,207562000.0,114745000.0,129519000.0,-23644000.0,-0.19,48.516,26.821,30.274,-5.527,2025-10-01,Q,False,yfinance
AAUC,Allied Gold Corporation,2025-06-30,2025-Q2,USD,251979000.0,65891000.0,-6069000.0,16034000.0,-25410000.0,-0.22,26.149,-2.409,6.363,-10.084,2025-03-31,Q,False,yfinance
AAUC,Allied Gold Corporation,2025-03-31,2025-Q1,USD,346407000.0,119658000.0,74312000.0,93422000.0,15124000.0,0.13,34.543,21.452,26.969,4.366,2024-12-30,Q,False,yfinance
AAUC,Allied Gold Corporation,2024-12-31,2024-Q4,USD,170846000.0,67222000.0,28315000.0,34562000.0,-10280000.0,-0.09,39.347,16.573,20.23,-6.017,2024-10-01,Q,False,yfinance
AP.UN,Allied Properties Real Estate Investment Trust,2026-06-30,2026-Q2,CAD,140510000.0,69790000.0,-705984000.0,-705526000.0,-744702000.0,-3.804059,49.669,-502.444,-502.118,-529.999,2026-03-31,Q,False,yfinance
AP.UN,Allied Properties Real Estate Investment Trust,2026-03-31,2026-Q1,CAD,143931000.0,69609000.0,-108451000.0,-107987000.0,-146694000.0,-0.749337,48.363,-75.349,-75.027,-101.92,2025-12-30,Q,False,yfinance
AP.UN,Allied Properties Real Estate Investment Trust,2025-12-31,2025-Q4,CAD,148766000.0,75052000.0,-976562000.0,-976058000.0,-1011743000.0,-7.23888,50.45,-656.442,-656.103,-680.09,2025-10-01,Q,False,yfinance
AP.UN,Allied Properties Real Estate Investment Trust,2025-06-30,2025-Q2,CAD,145045000.0,79950000.0,-63230000.0,-62870000.0,-94740000.0,-0.677851,55.121,-43.593,-43.345,-65.318,2025-03-31,Q,False,yfinance
AP.UN,Allied Properties Real Estate Investment Trust,2025-03-31,2025-Q1,CAD,150636000.0,81235000.0,-77989000.0,-77616000.0,-107660000.0,-0.770292,53.928,-51.773,-51.526,-71.47,2024-12-30,Q,False,yfinance
ALA,AltaGas Ltd.,2026-06-30,2026-Q2,CAD,3797000000.0,1092000000.0,500000000.0,637000000.0,291000000.0,0.92,28.76,13.168,16.776,7.664,2026-03-31,Q,False,yfinance
ALA,AltaGas Ltd.,2026-03-31,2026-Q1,CAD,3970000000.0,896000000.0,326000000.0,461000000.0,150000000.0,0.47,22.569,8.212,11.612,3.778,2025-12-30,Q,False,yfinance
ALA,AltaGas Ltd.,2025-12-31,2025-Q4,CAD,3294000000.0,999000000.0,430000000.0,568000000.0,208000000.0,,30.328,13.054,17.243,6.315,2025-10-01,Q,False,yfinance
ALA,AltaGas Ltd.,2025-06-30,2025-Q2,CAD,2844000000.0,862000000.0,340000000.0,466000000.0,180000000.0,0.58,30.309,11.955,16.385,6.329,2025-03-31,Q,False,yfinance
ALA,AltaGas Ltd.,2025-03-31,2025-Q1,CAD,3969000000.0,1205000000.0,628000000.0,756000000.0,397000000.0,1.31,30.36,15.823,19.048,10.003,2024-12-30,Q,False,yfinance
AIF,Altus Group Limited,2026-03-31,2026-Q1,CAD,108235000.0,77238000.0,-5250000.0,4019000.0,-11312000.0,-0.28,71.361,-4.851,3.713,-10.451,2025-12-30,Q,False,yfinance
AIF,Altus Group Limited,2025-12-31,2025-Q4,CAD,108956000.0,,-3784000.0,6103000.0,-13506000.0,,,-3.473,5.601,-12.396,2025-10-01,Q,False,yfinance
AIF,Altus Group Limited,2025-06-30,2025-Q2,CAD,131453000.0,,14930000.0,25236000.0,8764000.0,0.2,,11.358,19.198,6.667,2025-03-31,Q,False,yfinance
AIF,Altus Group Limited,2025-03-31,2025-Q1,CAD,104358000.0,73236000.0,-945000.0,9446000.0,375784000.0,8.2,70.178,-0.906,9.052,360.091,2024-12-30,Q,False,yfinance
AIF,Altus Group Limited,2024-12-31,2024-Q4,CAD,135501000.0,,12391000.0,23118000.0,10638000.0,,,9.145,17.061,7.851,2024-10-01,Q,False,yfinance
USA,Americas Gold And Silver Corporation,2026-03-31,2026-Q1,USD,67799000.0,37057000.0,17298000.0,23705000.0,9982000.0,0.03,54.657,25.514,34.964,14.723,2025-12-30,Q,False,yfinance
USA,Americas Gold And Silver Corporation,2025-12-31,2025-Q4,USD,36864000.0,11233000.0,-32133000.0,-26609000.0,-37717000.0,,30.471,-87.166,-72.182,-102.314,2025-10-01,Q,False,yfinance
USA,Americas Gold And Silver Corporation,2025-09-30,2025-Q3,USD,30596000.0,6754000.0,-13296000.0,-9592000.0,-15708000.0,-0.06,22.075,-43.457,-31.351,-51.34,2025-07-01,Q,False,yfinance
USA,Americas Gold And Silver Corporation,2025-06-30,2025-Q2,USD,26927000.0,-3049000.0,-13601000.0,-7104000.0,-15103000.0,-0.05,-11.323,-50.511,-26.382,-56.089,2025-03-31,Q,False,yfinance
USA,Americas Gold And Silver Corporation,2025-03-31,2025-Q1,USD,23547000.0,-3101000.0,-19233000.0,-13724000.0,-19679000.0,-0.08,-13.169,-81.679,-58.283,-83.573,2024-12-30,Q,False,yfinance
ARX,ARC Resources Ltd.,2026-06-30,2026-Q2,CAD,2411500000.0,1086400000.0,536000000.0,923400000.0,352700000.0,0.62,45.051,22.227,38.292,14.626,2026-03-31,Q,False,yfinance
ARX,ARC Resources Ltd.,2026-03-31,2026-Q1,CAD,2116500000.0,1113100000.0,810600000.0,1226700000.0,584300000.0,1.03,52.592,38.299,57.959,27.607,2025-12-30,Q,False,yfinance
ARX,ARC Resources Ltd.,2025-12-31,2025-Q4,CAD,1761100000.0,885200000.0,392400000.0,839500000.0,259900000.0,0.45,50.264,22.282,47.669,14.758,2025-10-01,Q,False,yfinance
ARX,ARC Resources Ltd.,2025-06-30,2025-Q2,CAD,1536400000.0,759200000.0,513100000.0,862100000.0,396100000.0,0.68,49.414,33.396,56.112,25.781,2025-03-31,Q,False,yfinance
ARX,ARC Resources Ltd.,2025-03-31,2025-Q1,CAD,1795400000.0,987600000.0,556300000.0,905600000.0,404700000.0,0.69,55.007,30.985,50.44,22.541,2024-12-30,Q,False,yfinance
ARIS,Aris Mining Corporation,2026-06-30,2026-Q2,USD,330227000.0,176137000.0,148788000.0,166082000.0,94243000.0,0.45,53.338,45.056,50.293,28.539,2026-03-31,Q,False,yfinance
ARIS,Aris Mining Corporation,2026-03-31,2026-Q1,USD,372479000.0,217029000.0,169080000.0,185230000.0,97614000.0,0.47,58.266,45.393,49.729,26.207,2025-12-30,Q,False,yfinance
ARIS,Aris Mining Corporation,2025-12-31,2025-Q4,USD,308565000.0,167391000.0,107398000.0,124905000.0,50863000.0,0.25,54.248,34.806,40.479,16.484,2025-10-01,Q,False,yfinance
ARIS,Aris Mining Corporation,2025-09-30,2025-Q3,USD,258115000.0,130964000.0,84952000.0,99308000.0,42011000.0,,50.739,32.912,38.474,16.276,2025-07-01,Q,False,yfinance
ARIS,Aris Mining Corporation,2025-06-30,2025-Q2,USD,203456000.0,97553000.0,22597000.0,34290000.0,-16897000.0,-0.09,47.948,11.107,16.854,-8.305,2025-03-31,Q,False,yfinance
ARIS,Aris Mining Corporation,2025-03-31,2025-Q1,USD,,,,,,0.01,,,,,2024-12-30,Q,False,yfinance
ACO.X,ATCO Ltd.,2026-06-30,2026-Q2,CAD,1319000000.0,785000000.0,358000000.0,584000000.0,88000000.0,0.78,59.515,27.142,44.276,6.672,2026-03-31,Q,False,yfinance
ACO.X,ATCO Ltd.,2026-03-31,2026-Q1,CAD,1426000000.0,885000000.0,501000000.0,720000000.0,152000000.0,1.34,62.062,35.133,50.491,10.659,2025-12-30,Q,False,yfinance
ACO.X,ATCO Ltd.,2025-12-31,2025-Q4,CAD,1390000000.0,822000000.0,-179000000.0,601000000.0,-143000000.0,,59.137,-12.878,43.237,-10.288,2025-10-01,Q,False,yfinance
ACO.X,ATCO Ltd.,2025-09-30,2025-Q3,CAD,1184000000.0,719000000.0,323000000.0,536000000.0,85000000.0,0.75,60.726,27.28,45.27,7.179,2025-07-01,Q,False,yfinance
ACO.X,ATCO Ltd.,2025-06-30,2025-Q2,CAD,1158000000.0,728000000.0,296000000.0,507000000.0,64000000.0,0.57,62.867,25.561,43.782,5.527,2025-03-31,Q,False,yfinance
ACO.X,ATCO Ltd.,2025-03-31,2025-Q1,CAD,,,,,,1.28,,,,,2024-12-30,Q,False,yfinance
ATZ,Aritzia Inc.,2026-05-31,2026-Q2,CAD,951009000.0,478025000.0,182035000.0,242256000.0,117263000.0,0.99,50.265,19.141,25.474,12.33,2026-03-01,Q,False,yfinance
ATZ,Aritzia Inc.,2026-02-28,2026-Q1,CAD,1186515000.0,513997000.0,193220000.0,251579000.0,134270000.0,,43.32,16.285,21.203,11.316,2025-11-29,Q,False,yfinance
ATZ,Aritzia Inc.,2025-11-30,2025-Q4,CAD,1040263000.0,478909000.0,203972000.0,258077000.0,138886000.0,1.16,46.037,19.608,24.809,13.351,2025-08-31,Q,False,yfinance
ATZ,Aritzia Inc.,2025-05-31,2025-Q2,CAD,663316000.0,312797000.0,71730000.0,120473000.0,42391000.0,0.36,47.157,10.814,18.162,6.391,2025-03-01,Q,False,yfinance
ATZ,Aritzia Inc.,2025-02-28,2025-Q1,CAD,895118000.0,380104000.0,145691000.0,193602000.0,99642000.0,0.84,42.464,16.276,21.629,11.132,2024-11-29,Q,False,yfinance
ATZ,Aritzia Inc.,2024-11-30,2024-Q4,CAD,,,,,,0.63,,,,,2024-08-31,Q,False,yfinance
ATH,Athabasca Oil Corporation,2026-06-30,2026-Q2,CAD,342612000.0,166480000.0,97663000.0,129571000.0,66172000.0,0.13,48.591,28.505,37.819,19.314,2026-03-31,Q,False,yfinance
ATH,Athabasca Oil Corporation,2026-03-31,2026-Q1,CAD,396277000.0,210258000.0,65333000.0,99827000.0,46285000.0,0.1,53.058,16.487,25.191,11.68,2025-12-30,Q,False,yfinance
ATH,Athabasca Oil Corporation,2025-12-31,2025-Q4,CAD,301028000.0,155205000.0,69145000.0,105131000.0,46596000.0,,51.558,22.97,34.924,15.479,2025-10-01,Q,False,yfinance
ATH,Athabasca Oil Corporation,2025-06-30,2025-Q2,CAD,360070000.0,179147000.0,78908000.0,110159000.0,56870000.0,0.11,49.753,21.915,30.594,15.794,2025-03-31,Q,False,yfinance
ATH,Athabasca Oil Corporation,2025-03-31,2025-Q1,CAD,367844000.0,177946000.0,99852000.0,131043000.0,72004000.0,0.14,48.375,27.145,35.625,19.575,2024-12-30,Q,False,yfinance
ATRL,AtkinsRéalis Group Inc.,2026-03-31,2026-Q1,CAD,2997839000.0,244500000.0,160743000.0,237696000.0,92814000.0,0.56,8.156,5.362,7.929,3.096,2025-12-30,Q,False,yfinance
ATRL,AtkinsRéalis Group Inc.,2025-12-31,2025-Q4,CAD,2934166000.0,238437000.0,128651000.0,202330000.0,95014000.0,,8.126,4.385,6.896,3.238,2025-10-01,Q,False,yfinance
ATRL,AtkinsRéalis Group Inc.,2025-09-30,2025-Q3,CAD,2807785000.0,269152000.0,195452000.0,270319000.0,146683000.0,0.88,9.586,6.961,9.627,5.224,2025-07-01,Q,False,yfinance
ATRL,AtkinsRéalis Group Inc.,2025-06-30,2025-Q2,CAD,2714991000.0,246340000.0,2709936000.0,2783307000.0,2317471000.0,13.32,9.073,99.814,102.516,85.358,2025-03-31,Q,False,yfinance
ATRL,AtkinsRéalis Group Inc.,2025-03-31,2025-Q1,CAD,2545655000.0,218668000.0,118617000.0,179109000.0,69145000.0,0.39,8.59,4.66,7.036,2.716,2024-12-30,Q,False,yfinance
ATRL,AtkinsRéalis Group Inc.,2024-12-31,2024-Q4,CAD,,,,,,0.3,,,,,2024-10-01,Q,False,yfinance
ASM,Avino Silver & Gold Mines Ltd.,2026-03-31,2026-Q1,USD,39433000.0,23418000.0,22890000.0,26227000.0,15913000.0,0.09,59.387,58.048,66.51,40.355,2025-12-30,Q,False,yfinance
ASM,Avino Silver & Gold Mines Ltd.,2025-12-31,2025-Q4,USD,30544000.0,17844000.0,13923000.0,13923000.0,10460000.0,,58.421,45.583,45.583,34.246,2025-10-01,Q,False,yfinance
ASM,Avino Silver & Gold Mines Ltd.,2025-09-30,2025-Q3,USD,21042000.0,9905000.0,10733000.0,11673000.0,7702000.0,0.05,47.073,51.008,55.475,36.603,2025-07-01,Q,False,yfinance
ASM,Avino Silver & Gold Mines Ltd.,2025-06-30,2025-Q2,USD,21805000.0,10224000.0,6625000.0,7549000.0,2864000.0,0.02,46.888,30.383,34.62,13.135,2025-03-31,Q,False,yfinance
ASM,Avino Silver & Gold Mines Ltd.,2025-03-31,2025-Q1,USD,18836000.0,10562000.0,8937000.0,9809000.0,5617000.0,0.04,56.073,47.446,52.076,29.821,2024-12-30,Q,False,yfinance
ASM,Avino Silver & Gold Mines Ltd.,2024-12-31,2024-Q4,USD,,,,,,0.03,,,,,2024-10-01,Q,False,yfinance
ATS,ATS Corporation,2026-03-31,2026-Q1,CAD,747103000.0,188267000.0,8520000.0,55344000.0,-16105000.0,,25.2,1.14,7.408,-2.156,2025-12-30,Q,False,yfinance
ATS,ATS Corporation,2025-12-31,2025-Q4,CAD,760653000.0,224873000.0,57906000.0,98210000.0,29946000.0,0.3,29.563,7.613,12.911,3.937,2025-10-01,Q,False,yfinance
ATS,ATS Corporation,2025-09-30,2025-Q3,CAD,728456000.0,217875000.0,75391000.0,114822000.0,33679000.0,,29.909,10.349,15.762,4.623,2025-07-01,Q,False,yfinance
ATS,ATS Corporation,2025-06-30,2025-Q2,CAD,736720000.0,219850000.0,57919000.0,95233000.0,24117000.0,0.25,29.842,7.862,12.927,3.274,2025-03-31,Q,False,yfinance
ATS,ATS Corporation,2025-03-31,2025-Q1,CAD,574244000.0,61796000.0,-112854000.0,-74814000.0,-68858000.0,,10.761,-19.653,-13.028,-11.991,2024-12-30,Q,False,yfinance
ATS,ATS Corporation,2024-12-31,2024-Q4,CAD,,,,,,0.07,,,,,2024-10-01,Q,False,yfinance
AYA,Aya Gold & Silver Inc.,2026-03-31,2026-Q1,USD,117274000.0,83759000.0,78441000.0,85447000.0,48329000.0,0.33,71.422,66.887,72.861,41.21,2025-12-30,Q,False,yfinance
AYA,Aya Gold & Silver Inc.,2025-12-31,2025-Q4,USD,75319000.0,42609000.0,43111000.0,49924000.0,17398000.0,,56.571,57.238,66.283,23.099,2025-10-01,Q,False,yfinance
AYA,Aya Gold & Silver Inc.,2025-09-30,2025-Q3,USD,54337000.0,21366000.0,16282000.0,21016000.0,12404000.0,0.09,39.321,29.965,38.677,22.828,2025-07-01,Q,False,yfinance
AYA,Aya Gold & Silver Inc.,2025-06-30,2025-Q2,USD,38615000.0,8942000.0,12713000.0,18011000.0,8824000.0,0.06,23.157,32.922,46.642,22.851,2025-03-31,Q,False,yfinance
AYA,Aya Gold & Silver Inc.,2025-03-31,2025-Q1,USD,33831000.0,10247000.0,13420000.0,17101000.0,6930000.0,0.05,30.289,39.668,50.548,20.484,2024-12-30,Q,False,yfinance
AYA,Aya Gold & Silver Inc.,2024-12-31,2024-Q4,USD,,,,,,-0.23,,,,,2024-10-01,Q,False,yfinance
BTO,B2Gold Corp.,2026-03-31,2026-Q1,USD,1158655000.0,609768000.0,520371000.0,520371000.0,199937000.0,0.14,52.627,44.912,44.912,17.256,2025-12-30,Q,False,yfinance
BTO,B2Gold Corp.,2025-12-31,2025-Q4,USD,1053977000.0,551251000.0,382243000.0,382243000.0,170584000.0,0.11,52.302,36.267,36.267,16.185,2025-10-01,Q,False,yfinance
BTO,B2Gold Corp.,2025-09-30,2025-Q3,USD,782948000.0,390345000.0,202517000.0,307182000.0,19313000.0,,49.856,25.866,39.234,2.467,2025-07-01,Q,False,yfinance
BTO,B2Gold Corp.,2025-06-30,2025-Q2,USD,692206000.0,351437000.0,291251000.0,393956000.0,154424000.0,0.1,50.771,42.076,56.913,22.309,2025-03-31,Q,False,yfinance
BTO,B2Gold Corp.,2025-03-31,2025-Q1,USD,532107000.0,237750000.0,138490000.0,228047000.0,57587000.0,0.04,44.681,26.027,42.857,10.822,2024-12-30,Q,False,yfinance
BTO,B2Gold Corp.,2024-12-31,2024-Q4,USD,,,,,,-0.01,,,,,2024-10-01,Q,False,yfinance
BDGI,Badger Infrastructure Solutions Ltd.,2026-06-30,2026-Q2,USD,257129000.0,77551000.0,38684000.0,64763000.0,22467000.0,0.67,30.16,15.045,25.187,8.738,2026-03-31,Q,False,yfinance
BDGI,Badger Infrastructure Solutions Ltd.,2026-03-31,2026-Q1,USD,203244000.0,49863000.0,4217000.0,29094000.0,862000.0,0.03,24.534,2.075,14.315,0.424,2025-12-30,Q,False,yfinance
BDGI,Badger Infrastructure Solutions Ltd.,2025-12-31,2025-Q4,USD,213524000.0,55823000.0,16011000.0,40299000.0,8446000.0,,26.144,7.498,18.873,3.956,2025-10-01,Q,False,yfinance
BDGI,Badger Infrastructure Solutions Ltd.,2025-06-30,2025-Q2,USD,208206000.0,63560000.0,28099000.0,49820000.0,18503000.0,0.55,30.527,13.496,23.928,8.887,2025-03-31,Q,False,yfinance
BDGI,Badger Infrastructure Solutions Ltd.,2025-03-31,2025-Q1,USD,172633000.0,44049000.0,9101000.0,29374000.0,3255000.0,0.1,25.516,5.272,17.015,1.886,2024-12-30,Q,False,yfinance
BDGI,Badger Infrastructure Solutions Ltd.,2024-12-31,2024-Q4,USD,,,,,,0.32,,,,,2024-10-01,Q,False,yfinance
BMO,Bank of Montreal,2026-04-30,2026-Q2,CAD,9537000000.0,,,,2626000000.0,3.53,,,,27.535,2026-01-29,Q,False,yfinance
BMO,Bank of Montreal,2026-01-31,2026-Q1,CAD,9799000000.0,,,,2490000000.0,3.39,,,,25.411,2025-11-01,Q,False,yfinance
BMO,Bank of Montreal,2025-10-31,2025-Q4,CAD,9258000000.0,,,,2288000000.0,,,,,24.714,2025-08-01,Q,False,yfinance
BMO,Bank of Montreal,2025-07-31,2025-Q3,CAD,8943000000.0,,,,2327000000.0,3.14,,,,26.02,2025-05-01,Q,False,yfinance
BMO,Bank of Montreal,2025-04-30,2025-Q2,CAD,8681000000.0,,,,1960000000.0,2.5,,,,22.578,2025-01-29,Q,False,yfinance
BMO,Bank of Montreal,2025-01-31,2025-Q1,CAD,,,,,,2.83,,,,,2024-11-01,Q,False,yfinance
BNS,Bank of Nova Scotia,2026-04-30,2026-Q2,CAD,9615000000.0,,,,2595000000.0,2.0,,,,26.989,2026-01-29,Q,False,yfinance
BNS,Bank of Nova Scotia,2026-01-31,2026-Q1,CAD,9880000000.0,,,,2287000000.0,1.73,,,,23.148,2025-11-01,Q,False,yfinance
BNS,Bank of Nova Scotia,2025-10-31,2025-Q4,CAD,9579000000.0,,,,2219000000.0,,,,,23.165,2025-08-01,Q,False,yfinance
BNS,Bank of Nova Scotia,2025-07-31,2025-Q3,CAD,9329000000.0,,,,2447000000.0,1.84,,,,26.23,2025-05-01,Q,False,yfinance
BNS,Bank of Nova Scotia,2025-04-30,2025-Q2,CAD,8930000000.0,,,,1976000000.0,1.48,,,,22.128,2025-01-29,Q,False,yfinance
BNS,Bank of Nova Scotia,2025-01-31,2025-Q1,CAD,,,,,,0.66,,,,,2024-11-01,Q,False,yfinance
ABX,Barrick Gold Corporation,2026-03-31,2026-Q1,USD,5218000000.0,3119000000.0,3328000000.0,3828000000.0,1602000000.0,0.96,59.774,63.779,73.361,30.701,2025-12-30,Q,False,yfinance
ABX,Barrick Gold Corporation,2025-12-31,2025-Q4,USD,5997000000.0,3285000000.0,4044000000.0,4643000000.0,2406000000.0,,54.777,67.434,77.422,40.12,2025-10-01,Q,False,yfinance
ABX,Barrick Gold Corporation,2025-09-30,2025-Q3,USD,4148000000.0,2258000000.0,2480000000.0,2940000000.0,1302000000.0,0.76,54.436,59.788,70.878,31.389,2025-07-01,Q,False,yfinance
ABX,Barrick Gold Corporation,2025-06-30,2025-Q2,USD,3681000000.0,1803000000.0,1416000000.0,1852000000.0,811000000.0,0.47,48.981,38.468,50.312,22.032,2025-03-31,Q,False,yfinance
ABX,Barrick Gold Corporation,2025-03-31,2025-Q1,USD,3130000000.0,1345000000.0,1176000000.0,1587000000.0,474000000.0,0.27,42.971,37.572,50.703,15.144,2024-12-30,Q,False,yfinance
BHC,Bausch Health Companies Inc.,2026-06-30,2026-Q2,USD,2852000000.0,2080000000.0,744000000.0,1025000000.0,258000000.0,0.68,72.931,26.087,35.94,9.046,2026-03-31,Q,False,yfinance
BHC,Bausch Health Companies Inc.,2026-03-31,2026-Q1,USD,2524000000.0,1786000000.0,-952000000.0,-657000000.0,-1423000000.0,-3.82,70.761,-37.718,-26.03,-56.379,2025-12-30,Q,False,yfinance
BHC,Bausch Health Companies Inc.,2025-12-31,2025-Q4,USD,2796000000.0,1998000000.0,453000000.0,743000000.0,-112000000.0,-0.3,71.459,16.202,26.574,-4.006,2025-10-01,Q,False,yfinance
BHC,Bausch Health Companies Inc.,2025-09-30,2025-Q3,USD,2681000000.0,1931000000.0,630000000.0,936000000.0,179000000.0,,72.025,23.499,34.912,6.677,2025-07-01,Q,False,yfinance
BHC,Bausch Health Companies Inc.,2025-06-30,2025-Q2,USD,2530000000.0,1766000000.0,605000000.0,912000000.0,148000000.0,0.4,69.802,23.913,36.047,5.85,2025-03-31,Q,False,yfinance
BHC,Bausch Health Companies Inc.,2025-03-31,2025-Q1,USD,,,,,,-0.16,,,,,2024-12-30,Q,False,yfinance
BTE,Baytex Energy Corp.,2026-06-30,2026-Q2,CAD,639943000.0,345552000.0,227538000.0,356483000.0,174869000.0,0.24,53.997,35.556,55.705,27.326,2026-03-31,Q,False,yfinance
BTE,Baytex Energy Corp.,2026-03-31,2026-Q1,CAD,452954000.0,201754000.0,-100231000.0,23459000.0,-67326000.0,-0.09,44.542,-22.128,5.179,-14.864,2025-12-30,Q,False,yfinance
BTE,Baytex Energy Corp.,2025-12-31,2025-Q4,CAD,,-195091000.0,-438582000.0,-145065000.0,-856887000.0,,,,,,2025-10-01,Q,False,yfinance
BTE,Baytex Energy Corp.,2025-09-30,2025-Q3,CAD,927648000.0,207291000.0,90881000.0,419974000.0,31968000.0,,22.346,9.797,45.273,3.446,2025-07-01,Q,False,yfinance
BTE,Baytex Energy Corp.,2025-06-30,2025-Q2,CAD,411036000.0,182851000.0,168222000.0,490381000.0,151549000.0,0.2,44.485,40.926,119.304,36.87,2025-03-31,Q,False,yfinance
BTE,Baytex Energy Corp.,2025-03-31,2025-Q1,CAD,,,,,,0.09,,,,,2024-12-30,Q,False,yfinance
BIR,Birchcliff Energy Ltd.,2026-03-31,2026-Q1,CAD,225370000.0,143922000.0,99948000.0,167209000.0,69965000.0,0.25,63.86,44.348,74.193,31.045,2025-12-30,Q,False,yfinance
BIR,Birchcliff Energy Ltd.,2025-12-31,2025-Q4,CAD,193413000.0,28162000.0,45054000.0,112404000.0,27167000.0,,14.561,23.294,58.116,14.046,2025-10-01,Q,False,yfinance
BIR,Birchcliff Energy Ltd.,2025-09-30,2025-Q3,CAD,150147000.0,75863000.0,-7054000.0,60180000.0,-14125000.0,-0.05,50.526,-4.698,40.081,-9.407,2025-07-01,Q,False,yfinance
BIR,Birchcliff Energy Ltd.,2025-06-30,2025-Q2,CAD,171206000.0,95626000.0,24566000.0,88720000.0,-13895000.0,-0.05,55.854,14.349,51.821,-8.116,2025-03-31,Q,False,yfinance
BIR,Birchcliff Energy Ltd.,2025-03-31,2025-Q1,CAD,211936000.0,119389000.0,94274000.0,156872000.0,65727000.0,0.24,56.333,44.482,74.019,31.013,2024-12-30,Q,False,yfinance
BCE,BCE Inc.,2026-03-31,2026-Q1,CAD,6168000000.0,4213000000.0,1350000000.0,2706000000.0,653000000.0,0.66,68.304,21.887,43.872,10.587,2025-12-30,Q,False,yfinance
BCE,BCE Inc.,2025-12-31,2025-Q4,CAD,6404000000.0,4251000000.0,1286000000.0,2656000000.0,630000000.0,0.64,66.38,20.081,41.474,9.838,2025-10-01,Q,False,yfinance
BCE,BCE Inc.,2025-09-30,2025-Q3,CAD,6049000000.0,4284000000.0,5507000000.0,6816000000.0,4540000000.0,,70.822,91.04,112.68,75.054,2025-07-01,Q,False,yfinance
BCE,BCE Inc.,2025-06-30,2025-Q2,CAD,6085000000.0,4173000000.0,1326000000.0,2613000000.0,619000000.0,0.63,68.578,21.791,42.942,10.173,2025-03-31,Q,False,yfinance
BCE,BCE Inc.,2025-03-31,2025-Q1,CAD,5930000000.0,4040000000.0,1363000000.0,2635000000.0,671000000.0,0.68,68.128,22.985,44.435,11.315,2024-12-30,Q,False,yfinance
BDT,Bird Construction Inc.,2026-03-31,2026-Q1,CAD,783368000.0,72302000.0,20100000.0,38260000.0,11403000.0,0.21,9.23,2.566,4.884,1.456,2025-12-30,Q,False,yfinance
BDT,Bird Construction Inc.,2025-12-31,2025-Q4,CAD,877009000.0,97407000.0,-12731000.0,9507000.0,-13956000.0,-0.25,11.107,-1.452,1.084,-1.591,2025-10-01,Q,False,yfinance
BDT,Bird Construction Inc.,2025-09-30,2025-Q3,CAD,951432000.0,101917000.0,48005000.0,67774000.0,31704000.0,0.57,10.712,5.046,7.123,3.332,2025-07-01,Q,False,yfinance
BDT,Bird Construction Inc.,2025-06-30,2025-Q2,CAD,850772000.0,90105000.0,32639000.0,52158000.0,20275000.0,0.37,10.591,3.836,6.131,2.383,2025-03-31,Q,False,yfinance
BDT,Bird Construction Inc.,2025-03-31,2025-Q1,CAD,717553000.0,67479000.0,17070000.0,35974000.0,9388000.0,0.17,9.404,2.379,5.013,1.308,2024-12-30,Q,False,yfinance
BB,BlackBerry Limited,2026-05-31,2026-Q2,USD,152900000.0,119700000.0,15400000.0,19500000.0,8500000.0,0.01,78.286,10.072,12.753,5.559,2026-03-01,Q,False,yfinance
BB,BlackBerry Limited,2026-02-28,2026-Q1,USD,156000000.0,121400000.0,38400000.0,41900000.0,24300000.0,0.04,77.821,24.615,26.859,15.577,2025-11-29,Q,False,yfinance
BB,BlackBerry Limited,2025-11-30,2025-Q4,USD,141800000.0,109900000.0,12500000.0,16500000.0,13700000.0,0.02,77.504,8.815,11.636,9.661,2025-08-31,Q,False,yfinance
BB,BlackBerry Limited,2025-08-31,2025-Q3,USD,129600000.0,96600000.0,12000000.0,16600000.0,13300000.0,0.02,74.537,9.259,12.809,10.262,2025-06-01,Q,False,yfinance
BB,BlackBerry Limited,2025-05-31,2025-Q2,USD,121700000.0,90300000.0,2100000.0,7800000.0,1900000.0,0.0,74.199,1.726,6.409,1.561,2025-03-01,Q,False,yfinance
BEI.UN,Boardwalk Real Estate Investment Trust,2026-06-30,2026-Q2,CAD,160917000.0,107222000.0,19209000.0,21440000.0,-13467000.0,-0.29,66.632,11.937,13.324,-8.369,2026-03-31,Q,False,yfinance
BEI.UN,Boardwalk Real Estate Investment Trust,2026-03-31,2026-Q1,CAD,163833000.0,106222000.0,26847000.0,28937000.0,-5509000.0,-0.2,64.836,16.387,17.662,-3.363,2025-12-30,Q,False,yfinance
BEI.UN,Boardwalk Real Estate Investment Trust,2025-12-31,2025-Q4,CAD,164852000.0,108470000.0,-19416000.0,-17041000.0,-50792000.0,,65.798,-11.778,-10.337,-30.811,2025-10-01,Q,False,yfinance
BEI.UN,Boardwalk Real Estate Investment Trust,2025-06-30,2025-Q2,CAD,157306000.0,104206000.0,103807000.0,105963000.0,76304000.0,1.56,66.244,65.99,67.361,48.507,2025-03-31,Q,False,yfinance
BEI.UN,Boardwalk Real Estate Investment Trust,2025-03-31,2025-Q1,CAD,155708000.0,96544000.0,161149000.0,163168000.0,133750000.0,2.73,62.003,103.494,104.791,85.898,2024-12-30,Q,False,yfinance
BBD.B,Bombardier Inc.,2026-06-30,2026-Q2,USD,2150000000.0,417000000.0,176000000.0,276000000.0,175000000.0,1.68,19.395,8.186,12.837,8.14,2026-03-31,Q,False,yfinance
BBD.B,Bombardier Inc.,2026-03-31,2026-Q1,USD,1599000000.0,297000000.0,43000000.0,122000000.0,53000000.0,0.45,18.574,2.689,7.63,3.315,2025-12-30,Q,False,yfinance
BBD.B,Bombardier Inc.,2025-12-31,2025-Q4,USD,3694000000.0,755000000.0,652000000.0,824000000.0,653000000.0,,20.439,17.65,22.306,17.677,2025-10-01,Q,False,yfinance
BBD.B,Bombardier Inc.,2025-09-30,2025-Q3,USD,2307000000.0,464000000.0,185000000.0,314000000.0,53000000.0,,20.113,8.019,13.611,2.297,2025-07-01,Q,False,yfinance
BBD.B,Bombardier Inc.,2025-06-30,2025-Q2,USD,2028000000.0,411000000.0,295000000.0,387000000.0,178000000.0,1.72,20.266,14.546,19.083,8.777,2025-03-31,Q,False,yfinance
BBD.B,Bombardier Inc.,2025-03-31,2025-Q1,USD,,,,,,0.37,,,,,2024-12-30,Q,False,yfinance
BLX,Boralex Inc.,2026-03-31,2026-Q1,CAD,286000000.0,,63000000.0,151000000.0,-9000000.0,-0.08,,22.028,52.797,-3.147,2025-12-30,Q,False,yfinance
BLX,Boralex Inc.,2025-12-31,2025-Q4,CAD,258000000.0,,66000000.0,152000000.0,14000000.0,,,25.581,58.915,5.426,2025-10-01,Q,False,yfinance
BLX,Boralex Inc.,2025-09-30,2025-Q3,CAD,157000000.0,,3000000.0,85000000.0,-27000000.0,-0.26,,1.911,54.14,-17.197,2025-07-01,Q,False,yfinance
BLX,Boralex Inc.,2025-06-30,2025-Q2,CAD,197000000.0,,31000000.0,110000000.0,-10000000.0,-0.1,,15.736,55.838,-5.076,2025-03-31,Q,False,yfinance
BLX,Boralex Inc.,2025-03-31,2025-Q1,CAD,237000000.0,,91000000.0,165000000.0,30000000.0,0.29,,38.397,69.62,12.658,2024-12-30,Q,False,yfinance
BYD,Boyd Group Services Inc.,2026-03-31,2026-Q1,USD,996676000.0,463685000.0,21483000.0,102595000.0,-7926000.0,-0.28,46.523,2.155,10.294,-0.795,2025-12-30,Q,False,yfinance
BYD,Boyd Group Services Inc.,2025-12-31,2025-Q4,USD,793854000.0,367914000.0,23543000.0,86786000.0,4790000.0,,46.345,2.966,10.932,0.603,2025-10-01,Q,False,yfinance
BYD,Boyd Group Services Inc.,2025-09-30,2025-Q3,USD,790210000.0,365948000.0,33653000.0,95026000.0,10845000.0,0.51,46.31,4.259,12.025,1.372,2025-07-01,Q,False,yfinance
BYD,Boyd Group Services Inc.,2025-06-30,2025-Q2,USD,780407000.0,365438000.0,26296000.0,86510000.0,5422000.0,0.25,46.827,3.37,11.085,0.695,2025-03-31,Q,False,yfinance
BYD,Boyd Group Services Inc.,2025-03-31,2025-Q1,USD,778323000.0,359294000.0,14905000.0,74047000.0,-2637000.0,-0.12,46.163,1.915,9.514,-0.339,2024-12-30,Q,False,yfinance
BAM,Brookfield Asset Management Ltd.,2026-03-31,2026-Q1,USD,1242000000.0,887000000.0,954000000.0,967000000.0,617000000.0,0.38,71.417,76.812,77.858,49.678,2025-12-30,Q,False,yfinance
BAM,Brookfield Asset Management Ltd.,2025-12-31,2025-Q4,USD,1236000000.0,905000000.0,966000000.0,976000000.0,560000000.0,0.34,73.22,78.155,78.964,45.307,2025-10-01,Q,False,yfinance
BAM,Brookfield Asset Management Ltd.,2025-09-30,2025-Q3,USD,1140000000.0,761000000.0,822000000.0,838000000.0,724000000.0,0.44,66.754,72.105,73.509,63.509,2025-07-01,Q,False,yfinance
BAM,Brookfield Asset Management Ltd.,2025-06-30,2025-Q2,USD,1153000000.0,749000000.0,713000000.0,724000000.0,620000000.0,0.38,64.961,61.839,62.793,53.773,2025-03-31,Q,False,yfinance
BAM,Brookfield Asset Management Ltd.,2025-03-31,2025-Q1,USD,1079000000.0,820000000.0,741000000.0,744000000.0,581000000.0,0.36,75.996,68.675,68.953,53.846,2024-12-30,Q,False,yfinance
BBUC,Brookfield Business Corporation,2026-06-30,2026-Q2,USD,6497000000.0,1273000000.0,984000000.0,984000000.0,50000000.0,0.18,19.594,15.145,15.145,0.77,2026-03-31,Q,False,yfinance
BBUC,Brookfield Business Corporation,2026-03-31,2026-Q1,USD,6436000000.0,1310000000.0,1014000000.0,1774000000.0,53000000.0,0.19,20.354,15.755,27.564,0.823,2025-12-30,Q,False,yfinance
BBUC,Brookfield Business Corporation,2025-12-31,2025-Q4,USD,7094000000.0,1473000000.0,1182000000.0,1943000000.0,-29000000.0,-0.478792,20.764,16.662,27.389,-0.409,2025-10-01,Q,False,yfinance
BBUC,Brookfield Business Corporation,2025-09-30,2025-Q3,USD,6919000000.0,1256000000.0,978000000.0,1750000000.0,-12000000.0,,18.153,14.135,25.293,-0.173,2025-07-01,Q,False,yfinance
BBUC,Brookfield Business Corporation,2025-06-30,2025-Q2,USD,6695000000.0,1230000000.0,959000000.0,1726000000.0,39000000.0,0.12,18.372,14.324,25.78,0.583,2025-03-31,Q,False,yfinance
BBUC,Brookfield Business Corporation,2025-03-31,2025-Q1,USD,,,,,,0.38,,,,,2024-12-30,Q,False,yfinance
BN,Brookfield Corporation,2026-03-31,2026-Q1,USD,18580000000.0,4442000000.0,5791000000.0,8422000000.0,102000000.0,0.03,23.907,31.168,45.328,0.549,2025-12-30,Q,False,yfinance
BN,Brookfield Corporation,2025-12-31,2025-Q4,USD,20156000000.0,5180000000.0,6167000000.0,8866000000.0,743000000.0,0.3,25.7,30.596,43.987,3.686,2025-10-01,Q,False,yfinance
BN,Brookfield Corporation,2025-09-30,2025-Q3,USD,18917000000.0,4285000000.0,5102000000.0,7793000000.0,219000000.0,0.08,22.652,26.97,41.196,1.158,2025-07-01,Q,False,yfinance
BN,Brookfield Corporation,2025-06-30,2025-Q2,USD,18083000000.0,4168000000.0,5442000000.0,7976000000.0,272000000.0,0.15,23.049,30.095,44.108,1.504,2025-03-31,Q,False,yfinance
BN,Brookfield Corporation,2025-03-31,2025-Q1,USD,17944000000.0,4494000000.0,4759000000.0,7214000000.0,73000000.0,0.01,25.045,26.521,40.203,0.407,2024-12-30,Q,False,yfinance
BIP.UN,Brookfield Infrastructure Partners L.P.,2026-06-30,2026-Q2,USD,6482000000.0,1590000000.0,1751000000.0,2846000000.0,62000000.0,-0.07,24.529,27.013,43.906,0.956,2026-03-31,Q,False,yfinance
BIP.UN,Brookfield Infrastructure Partners L.P.,2026-03-31,2026-Q1,USD,6301000000.0,1696000000.0,1302000000.0,2377000000.0,0.0,-0.2,26.916,20.663,37.724,0.0,2025-12-30,Q,False,yfinance
BIP.UN,Brookfield Infrastructure Partners L.P.,2025-12-31,2025-Q4,USD,6304000000.0,1803000000.0,1663000000.0,2736000000.0,300000000.0,,28.601,26.38,43.401,4.759,2025-10-01,Q,False,yfinance
BIP.UN,Brookfield Infrastructure Partners L.P.,2025-09-30,2025-Q3,USD,5975000000.0,1559000000.0,2051000000.0,3101000000.0,291000000.0,0.44,26.092,34.326,51.9,4.87,2025-07-01,Q,False,yfinance
BIP.UN,Brookfield Infrastructure Partners L.P.,2025-06-30,2025-Q2,USD,5429000000.0,1434000000.0,1318000000.0,2259000000.0,74000000.0,-0.03,26.414,24.277,41.61,1.363,2025-03-31,Q,False,yfinance
BIP.UN,Brookfield Infrastructure Partners L.P.,2025-03-31,2025-Q1,USD,,,,,,0.04,,,,,2024-12-30,Q,False,yfinance
BEP.UN,Brookfield Renewable Partners L.P.,2026-06-30,2026-Q2,USD,,,,,,-0.37,,,,,2026-03-31,Q,False,yfinance
BEP.UN,Brookfield Renewable Partners L.P.,2026-03-31,2026-Q1,USD,1514000000.0,735000000.0,309000000.0,857000000.0,-115000000.0,-0.4,48.547,20.41,56.605,-7.596,2025-12-30,Q,False,yfinance
BEP.UN,Brookfield Renewable Partners L.P.,2025-12-31,2025-Q4,USD,1539000000.0,731000000.0,1051000000.0,1673000000.0,167000000.0,0.54,47.498,68.291,108.707,10.851,2025-10-01,Q,False,yfinance
BEP.UN,Brookfield Renewable Partners L.P.,2025-09-30,2025-Q3,USD,1596000000.0,875000000.0,562000000.0,1173000000.0,-57000000.0,,54.825,35.213,73.496,-3.571,2025-07-01,Q,False,yfinance
BEP.UN,Brookfield Renewable Partners L.P.,2025-06-30,2025-Q2,USD,1692000000.0,993000000.0,527000000.0,1136000000.0,-54000000.0,,58.688,31.147,67.139,-3.191,2025-03-31,Q,False,yfinance
BEP.UN,Brookfield Renewable Partners L.P.,2025-03-31,2025-Q1,USD,1580000000.0,905000000.0,415000000.0,998000000.0,-93000000.0,-0.35,57.278,26.266,63.165,-5.886,2024-12-30,Q,False,yfinance
BEP.UN,Brookfield Renewable Partners L.P.,2024-12-31,2024-Q4,USD,,,,,,-0.06,,,,,2024-10-01,Q,False,yfinance
DOO,BRP Inc.,2026-04-30,2026-Q2,CAD,2391800000.0,561600000.0,216800000.0,325600000.0,129500000.0,1.75,23.48,9.064,13.613,5.414,2026-01-29,Q,False,yfinance
DOO,BRP Inc.,2026-01-31,2026-Q1,CAD,2457300000.0,553600000.0,92000000.0,208500000.0,48000000.0,0.63,22.529,3.744,8.485,1.953,2025-11-01,Q,False,yfinance
DOO,BRP Inc.,2025-10-31,2025-Q4,CAD,2250300000.0,541200000.0,159400000.0,277200000.0,69100000.0,0.94,24.05,7.083,12.318,3.071,2025-08-01,Q,False,yfinance
DOO,BRP Inc.,2025-07-31,2025-Q3,CAD,1888200000.0,397700000.0,83100000.0,196100000.0,24300000.0,0.33,21.062,4.401,10.386,1.287,2025-05-01,Q,False,yfinance
DOO,BRP Inc.,2025-04-30,2025-Q2,CAD,1846900000.0,394800000.0,219600000.0,326100000.0,150200000.0,2.04,21.376,11.89,17.657,8.133,2025-01-29,Q,False,yfinance
CAE,CAE Inc.,2026-03-31,2026-Q1,CAD,1326700000.0,401000000.0,101800000.0,218700000.0,73100000.0,,30.225,7.673,16.485,5.51,2025-12-30,Q,False,yfinance
CAE,CAE Inc.,2025-12-31,2025-Q4,CAD,1252100000.0,362200000.0,195800000.0,311300000.0,108900000.0,0.34,28.927,15.638,24.862,8.697,2025-10-01,Q,False,yfinance
CAE,CAE Inc.,2025-09-30,2025-Q3,CAD,1236600000.0,319300000.0,155300000.0,269300000.0,73900000.0,0.23,25.821,12.559,21.777,5.976,2025-07-01,Q,False,yfinance
CAE,CAE Inc.,2025-06-30,2025-Q2,CAD,1098600000.0,308300000.0,127500000.0,241200000.0,57200000.0,0.18,28.063,11.606,21.955,5.207,2025-03-31,Q,False,yfinance
CAE,CAE Inc.,2025-03-31,2025-Q1,CAD,1275400000.0,390700000.0,235000000.0,345500000.0,135900000.0,,30.634,18.426,27.09,10.655,2024-12-30,Q,False,yfinance
CAE,CAE Inc.,2024-12-31,2024-Q4,CAD,,,,,,0.53,,,,,2024-10-01,Q,False,yfinance
CCO,Cameco Corporation,2026-03-31,2026-Q1,CAD,845365000.0,301584000.0,185656000.0,252753000.0,130751000.0,0.3,35.675,21.962,29.899,15.467,2025-12-30,Q,False,yfinance
CCO,Cameco Corporation,2025-12-31,2025-Q4,CAD,1200930000.0,272797000.0,300863000.0,387775000.0,199066000.0,,22.715,25.053,32.29,16.576,2025-10-01,Q,False,yfinance
CCO,Cameco Corporation,2025-09-30,2025-Q3,CAD,614555000.0,170250000.0,28694000.0,87802000.0,-141000.0,,27.703,4.669,14.287,-0.023,2025-07-01,Q,False,yfinance
CCO,Cameco Corporation,2025-06-30,2025-Q2,CAD,877016000.0,257090000.0,414358000.0,500830000.0,320888000.0,0.74,29.314,47.246,57.106,36.589,2025-03-31,Q,False,yfinance
CCO,Cameco Corporation,2025-03-31,2025-Q1,CAD,789432000.0,270137000.0,148630000.0,209232000.0,69764000.0,0.16,34.219,18.827,26.504,8.837,2024-12-30,Q,False,yfinance
CM,Canadian Imperial Bank of Commerce,2026-04-30,2026-Q2,CAD,7965000000.0,,,,2457000000.0,2.53,,,,30.847,2026-01-29,Q,False,yfinance
CM,Canadian Imperial Bank of Commerce,2026-01-31,2026-Q1,CAD,8321000000.0,,,,3093000000.0,3.21,,,,37.171,2025-11-01,Q,False,yfinance
CM,Canadian Imperial Bank of Commerce,2025-10-31,2025-Q4,CAD,7550000000.0,,,,2174000000.0,,,,,28.795,2025-08-01,Q,False,yfinance
CM,Canadian Imperial Bank of Commerce,2025-07-31,2025-Q3,CAD,7225000000.0,,,,2094000000.0,2.15,,,,28.983,2025-05-01,Q,False,yfinance
CM,Canadian Imperial Bank of Commerce,2025-04-30,2025-Q2,CAD,6986000000.0,,,,1998000000.0,2.04,,,,28.6,2025-01-29,Q,False,yfinance
CM,Canadian Imperial Bank of Commerce,2025-01-31,2025-Q1,CAD,,,,,,2.19,,,,,2024-11-01,Q,False,yfinance
CAR.UN,Canadian Apartment Properties Real Estate Investment Trust,2026-03-31,2026-Q1,CAD,247900000.0,144403000.0,-136547000.0,-135177000.0,-182453000.0,-1.174547,58.251,-55.081,-54.529,-73.599,2025-12-30,Q,False,yfinance
CAR.UN,Canadian Apartment Properties Real Estate Investment Trust,2025-12-31,2025-Q4,CAD,243298000.0,147946000.0,131608000.0,133435000.0,88405000.0,,60.809,54.093,54.844,36.336,2025-10-01,Q,False,yfinance
CAR.UN,Canadian Apartment Properties Real Estate Investment Trust,2025-09-30,2025-Q3,CAD,,,79609000.0,81090000.0,,,,,,,2025-07-01,Q,False,yfinance
CAR.UN,Canadian Apartment Properties Real Estate Investment Trust,2025-06-30,2025-Q2,CAD,254434000.0,155013000.0,116550000.0,118108000.0,74475000.0,0.463409,60.925,45.808,46.42,29.271,2025-03-31,Q,False,yfinance
CAR.UN,Canadian Apartment Properties Real Estate Investment Trust,2025-03-31,2025-Q1,CAD,253311000.0,141441000.0,63226000.0,64773000.0,7985000.0,0.048993,55.837,24.96,25.571,3.152,2024-12-30,Q,False,yfinance
CAR.UN,Canadian Apartment Properties Real Estate Investment Trust,2024-12-31,2024-Q4,CAD,276361000.0,163886000.0,,,-48813000.0,,59.301,,,-17.663,2024-10-01,Q,False,yfinance
CNR,Canadian National Railway Company,2026-06-30,2026-Q2,CAD,4753000000.0,1972000000.0,1921000000.0,2407000000.0,1249000000.0,2.06,41.49,40.417,50.642,26.278,2026-03-31,Q,False,yfinance
CNR,Canadian National Railway Company,2026-03-31,2026-Q1,CAD,4379000000.0,1763000000.0,1755000000.0,2239000000.0,1146000000.0,1.87,40.26,40.078,51.13,26.17,2025-12-30,Q,False,yfinance
CNR,Canadian National Railway Company,2025-12-31,2025-Q4,CAD,4464000000.0,1961000000.0,1903000000.0,2359000000.0,1248000000.0,2.03,43.929,42.63,52.845,27.957,2025-10-01,Q,False,yfinance
CNR,Canadian National Railway Company,2025-09-30,2025-Q3,CAD,4165000000.0,1767000000.0,1734000000.0,2234000000.0,1139000000.0,,42.425,41.633,53.637,27.347,2025-07-01,Q,False,yfinance
CNR,Canadian National Railway Company,2025-06-30,2025-Q2,CAD,4272000000.0,1827000000.0,1780000000.0,2269000000.0,1172000000.0,1.87,42.767,41.667,53.113,27.434,2025-03-31,Q,False,yfinance
CNR,Canadian National Railway Company,2025-03-31,2025-Q1,CAD,,,,,,1.85,,,,,2024-12-30,Q,False,yfinance
CNQ,Canadian Natural Resources Limited,2025-12-31,2025-Q4,CAD,10710000000.0,2141000000.0,7093000000.0,9631000000.0,5303000000.0,2.54,19.991,66.228,89.925,49.514,2025-10-01,Q,False,yfinance
CNQ,Canadian Natural Resources Limited,2025-09-30,2025-Q3,CAD,11070000000.0,1394000000.0,580000000.0,3791000000.0,600000000.0,,12.593,5.239,34.246,5.42,2025-07-01,Q,False,yfinance
CNQ,Canadian Natural Resources Limited,2025-06-30,2025-Q2,CAD,9675000000.0,2309000000.0,3047000000.0,4812000000.0,2459000000.0,1.17,23.866,31.494,49.736,25.416,2025-03-31,Q,False,yfinance
CNQ,Canadian Natural Resources Limited,2025-03-31,2025-Q1,CAD,12712000000.0,3557000000.0,3355000000.0,5225000000.0,2458000000.0,1.17,27.981,26.392,41.103,19.336,2024-12-30,Q,False,yfinance
CNQ,Canadian Natural Resources Limited,2024-12-31,2024-Q4,CAD,11064000000.0,2859000000.0,1728000000.0,3629000000.0,1138000000.0,0.54,25.841,15.618,32.8,10.286,2024-10-01,Q,False,yfinance
CP,Canadian Pacific Kansas City Limited,2026-06-30,2026-Q2,CAD,4164000000.0,1472000000.0,1596000000.0,2115000000.0,1024000000.0,1.15,35.351,38.329,50.793,24.592,2026-03-31,Q,False,yfinance
CP,Canadian Pacific Kansas City Limited,2026-03-31,2026-Q1,CAD,3701000000.0,1258000000.0,1348000000.0,1860000000.0,846000000.0,0.94,33.991,36.423,50.257,22.859,2025-12-30,Q,False,yfinance
CP,Canadian Pacific Kansas City Limited,2025-12-31,2025-Q4,CAD,3923000000.0,1613000000.0,1707000000.0,2226000000.0,1077000000.0,1.2,41.116,43.513,56.742,27.453,2025-10-01,Q,False,yfinance
CP,Canadian Pacific Kansas City Limited,2025-09-30,2025-Q3,CAD,3661000000.0,1336000000.0,1435000000.0,1938000000.0,920000000.0,,36.493,39.197,52.936,25.13,2025-07-01,Q,False,yfinance
CP,Canadian Pacific Kansas City Limited,2025-06-30,2025-Q2,CAD,3699000000.0,1343000000.0,1799000000.0,2292000000.0,1234000000.0,1.33,36.307,48.635,61.963,33.36,2025-03-31,Q,False,yfinance
CP,Canadian Pacific Kansas City Limited,2025-03-31,2025-Q1,CAD,,,,,,0.97,,,,,2024-12-30,Q,False,yfinance
CTC.A,Canadian Tire Corporation Limited,2026-03-31,2026-Q1,CAD,3570900000.0,1263800000.0,251000000.0,442900000.0,107000000.0,2.02,35.392,7.029,12.403,2.996,2025-12-30,Q,False,yfinance
CTC.A,Canadian Tire Corporation Limited,2025-12-31,2025-Q4,CAD,4551100000.0,1576600000.0,403500000.0,604700000.0,207900000.0,,34.642,8.866,13.287,4.568,2025-10-01,Q,False,yfinance
CTC.A,Canadian Tire Corporation Limited,2025-06-30,2025-Q2,CAD,4201900000.0,1419500000.0,284500000.0,466800000.0,112100000.0,2.04,33.782,6.771,11.109,2.668,2025-03-31,Q,False,yfinance
CTC.A,Canadian Tire Corporation Limited,2025-03-31,2025-Q1,CAD,3456700000.0,1190800000.0,77100000.0,264200000.0,37200000.0,0.67,34.449,2.23,7.643,1.076,2024-12-30,Q,False,yfinance
CTC.A,Canadian Tire Corporation Limited,2024-12-31,2024-Q4,CAD,4507300000.0,1529600000.0,555700000.0,753000000.0,411500000.0,,33.936,12.329,16.706,9.13,2024-10-01,Q,False,yfinance
CU,Canadian Utilities Limited,2026-06-30,2026-Q2,CAD,914000000.0,637000000.0,306000000.0,500000000.0,128000000.0,0.4,69.694,33.479,54.705,14.004,2026-03-31,Q,False,yfinance
CU,Canadian Utilities Limited,2026-03-31,2026-Q1,CAD,1084000000.0,761000000.0,431000000.0,620000000.0,224000000.0,0.75,70.203,39.76,57.196,20.664,2025-12-30,Q,False,yfinance
CU,Canadian Utilities Limited,2025-12-31,2025-Q4,CAD,971000000.0,674000000.0,-242000000.0,505000000.0,-328000000.0,,69.413,-24.923,52.008,-33.78,2025-10-01,Q,False,yfinance
CU,Canadian Utilities Limited,2025-09-30,2025-Q3,CAD,792000000.0,564000000.0,255000000.0,438000000.0,100000000.0,0.29,71.212,32.197,55.303,12.626,2025-07-01,Q,False,yfinance
CU,Canadian Utilities Limited,2025-06-30,2025-Q2,CAD,842000000.0,588000000.0,264000000.0,446000000.0,111000000.0,0.34,69.834,31.354,52.969,13.183,2025-03-31,Q,False,yfinance
CU,Canadian Utilities Limited,2025-03-31,2025-Q1,CAD,,,,,,0.8,,,,,2024-12-30,Q,False,yfinance
CPX,Capital Power Corporation,2026-06-30,2026-Q2,CAD,740000000.0,440000000.0,24000000.0,209000000.0,-44000000.0,-0.33,59.459,3.243,28.243,-5.946,2026-03-31,Q,False,yfinance
CPX,Capital Power Corporation,2026-03-31,2026-Q1,CAD,1205000000.0,447000000.0,105000000.0,268000000.0,15000000.0,0.04,37.095,8.714,22.241,1.245,2025-12-30,Q,False,yfinance
CPX,Capital Power Corporation,2025-12-31,2025-Q4,CAD,1078000000.0,358000000.0,52000000.0,211000000.0,-13000000.0,-0.12,33.21,4.824,19.573,-1.206,2025-10-01,Q,False,yfinance
CPX,Capital Power Corporation,2025-06-30,2025-Q2,CAD,441000000.0,181000000.0,-117000000.0,21000000.0,-132000000.0,-0.92,41.043,-26.531,4.762,-29.932,2025-03-31,Q,False,yfinance
CPX,Capital Power Corporation,2025-03-31,2025-Q1,CAD,988000000.0,499000000.0,261000000.0,387000000.0,151000000.0,1.03,50.506,26.417,39.17,15.283,2024-12-30,Q,False,yfinance
CJT,Cargojet Inc.,2026-03-31,2026-Q1,CAD,254700000.0,40400000.0,18600000.0,78900000.0,4100000.0,0.27,15.862,7.303,30.978,1.61,2025-12-30,Q,False,yfinance
CJT,Cargojet Inc.,2025-12-31,2025-Q4,CAD,284700000.0,67000000.0,44600000.0,98000000.0,26600000.0,1.76,23.534,15.666,34.422,9.343,2025-10-01,Q,False,yfinance
CJT,Cargojet Inc.,2025-06-30,2025-Q2,CAD,238200000.0,49500000.0,13800000.0,62900000.0,-3200000.0,-0.21,20.781,5.793,26.406,-1.343,2025-03-31,Q,False,yfinance
CJT,Cargojet Inc.,2025-03-31,2025-Q1,CAD,249900000.0,52800000.0,61900000.0,110300000.0,48000000.0,2.87,21.128,24.77,44.138,19.208,2024-12-30,Q,False,yfinance
CJT,Cargojet Inc.,2024-12-31,2024-Q4,CAD,293200000.0,73600000.0,90900000.0,139100000.0,71200000.0,,25.102,31.003,47.442,24.284,2024-10-01,Q,False,yfinance
CS,Capstone Copper Corp.,2026-06-30,2026-Q2,USD,739653000.0,251564000.0,203845000.0,316590000.0,74263000.0,0.1,34.011,27.56,42.803,10.04,2026-03-31,Q,False,yfinance
CS,Capstone Copper Corp.,2026-03-31,2026-Q1,USD,652487000.0,235744000.0,216217000.0,311915000.0,102461000.0,0.13,36.13,33.137,47.804,15.703,2025-12-30,Q,False,yfinance
CS,Capstone Copper Corp.,2025-12-31,2025-Q4,USD,684966000.0,232600000.0,162127000.0,275146000.0,50596000.0,,33.958,23.669,40.169,7.387,2025-10-01,Q,False,yfinance
CS,Capstone Copper Corp.,2025-06-30,2025-Q2,USD,543161000.0,107062000.0,86065000.0,205281000.0,23969000.0,0.03,19.711,15.845,37.794,4.413,2025-03-31,Q,False,yfinance
CS,Capstone Copper Corp.,2025-03-31,2025-Q1,USD,533324000.0,84860000.0,41485000.0,161559000.0,-6785000.0,-0.01,15.912,7.779,30.293,-1.272,2024-12-30,Q,False,yfinance
CCL.B,CCL Industries Inc.,2026-03-31,2026-Q1,CAD,1939000000.0,585300000.0,294700000.0,414000000.0,204900000.0,1.17,30.186,15.199,21.351,10.567,2025-12-30,Q,False,yfinance
CCL.B,CCL Industries Inc.,2025-12-31,2025-Q4,CAD,1876200000.0,540800000.0,283000000.0,404200000.0,171100000.0,,28.824,15.084,21.544,9.119,2025-10-01,Q,False,yfinance
CCL.B,CCL Industries Inc.,2025-09-30,2025-Q3,CAD,1965900000.0,595000000.0,305800000.0,421500000.0,210800000.0,1.2,30.266,15.555,21.441,10.723,2025-07-01,Q,False,yfinance
CCL.B,CCL Industries Inc.,2025-06-30,2025-Q2,CAD,1934600000.0,588300000.0,307000000.0,421500000.0,213100000.0,1.21,30.409,15.869,21.787,11.015,2025-03-31,Q,False,yfinance
CCL.B,CCL Industries Inc.,2025-03-31,2025-Q1,CAD,1887100000.0,572100000.0,296600000.0,410400000.0,207400000.0,1.17,30.316,15.717,21.748,10.99,2024-12-30,Q,False,yfinance
CCL.B,CCL Industries Inc.,2024-12-31,2024-Q4,CAD,,,,,,1.01,,,,,2024-10-01,Q,False,yfinance
CLS,Celestica Inc.,2026-06-30,2026-Q2,USD,4698600000.0,577500000.0,462800000.0,506800000.0,368800000.0,3.17,12.291,9.85,10.786,7.849,2026-03-31,Q,False,yfinance
CLS,Celestica Inc.,2026-03-31,2026-Q1,USD,4047000000.0,437200000.0,272300000.0,311900000.0,212300000.0,1.83,10.803,6.728,7.707,5.246,2025-12-30,Q,False,yfinance
CLS,Celestica Inc.,2025-12-31,2025-Q4,USD,3654900000.0,433100000.0,313900000.0,366600000.0,267500000.0,2.31,11.85,8.588,10.03,7.319,2025-10-01,Q,False,yfinance
CLS,Celestica Inc.,2025-09-30,2025-Q3,USD,3194000000.0,416100000.0,323700000.0,364000000.0,267800000.0,,13.028,10.135,11.396,8.384,2025-07-01,Q,False,yfinance
CLS,Celestica Inc.,2025-06-30,2025-Q2,USD,2893400000.0,371000000.0,270800000.0,316100000.0,211000000.0,1.82,12.822,9.359,10.925,7.292,2025-03-31,Q,False,yfinance
CLS,Celestica Inc.,2025-03-31,2025-Q1,USD,,,,,,0.74,,,,,2024-12-30,Q,False,yfinance
CVE,Cenovus Energy Inc.,2026-06-30,2026-Q2,CAD,19088000000.0,5892000000.0,4141000000.0,5626000000.0,2870000000.0,1.53,30.868,21.694,29.474,15.036,2026-03-31,Q,False,yfinance
CVE,Cenovus Energy Inc.,2026-03-31,2026-Q1,CAD,13339000000.0,4245000000.0,2292000000.0,3763000000.0,1570000000.0,0.83,31.824,17.183,28.211,11.77,2025-12-30,Q,False,yfinance
CVE,Cenovus Energy Inc.,2025-12-31,2025-Q4,CAD,13938000000.0,2788000000.0,1220000000.0,2592000000.0,934000000.0,0.5,20.003,8.753,18.597,6.701,2025-10-01,Q,False,yfinance
CVE,Cenovus Energy Inc.,2025-09-30,2025-Q3,CAD,13195000000.0,3327000000.0,1455000000.0,2777000000.0,1286000000.0,,25.214,11.027,21.046,9.746,2025-07-01,Q,False,yfinance
CVE,Cenovus Energy Inc.,2025-06-30,2025-Q2,CAD,12319000000.0,2591000000.0,1170000000.0,2354000000.0,851000000.0,,21.033,9.498,19.109,6.908,2025-03-31,Q,False,yfinance
CVE,Cenovus Energy Inc.,2025-03-31,2025-Q1,CAD,,,,,,0.47,,,,,2024-12-30,Q,False,yfinance
CVE,Cenovus Energy Inc.,2024-12-31,2024-Q4,CAD,,,,,,0.07,,,,,2024-10-01,Q,False,yfinance
CG,Centerra Gold Inc.,2026-06-30,2026-Q2,USD,442712000.0,159011000.0,131456000.0,166166000.0,72118000.0,0.35,35.917,29.693,37.534,16.29,2026-03-31,Q,False,yfinance
CG,Centerra Gold Inc.,2026-03-31,2026-Q1,USD,484694000.0,197611000.0,137334000.0,171437000.0,79431000.0,0.39,40.77,28.334,35.37,16.388,2025-12-30,Q,False,yfinance
CG,Centerra Gold Inc.,2025-12-31,2025-Q4,USD,401557000.0,163386000.0,248045000.0,275842000.0,192772000.0,,40.688,61.771,68.693,48.006,2025-10-01,Q,False,yfinance
CG,Centerra Gold Inc.,2025-09-30,2025-Q3,USD,395163000.0,136432000.0,354757000.0,390852000.0,292188000.0,,34.525,89.775,98.909,73.941,2025-07-01,Q,False,yfinance
CG,Centerra Gold Inc.,2025-06-30,2025-Q2,USD,288343000.0,87438000.0,70502000.0,97378000.0,68573000.0,0.32,30.324,24.451,33.772,23.782,2025-03-31,Q,False,yfinance
CG,Centerra Gold Inc.,2025-03-31,2025-Q1,USD,,,,,,0.13,,,,,2024-12-30,Q,False,yfinance
CEU,CES Energy Solutions Corp.,2026-03-31,2026-Q1,CAD,681506000.0,161639000.0,56275000.0,84104000.0,50262000.0,0.24,23.718,8.257,12.341,7.375,2025-12-30,Q,False,yfinance
CEU,CES Energy Solutions Corp.,2025-12-31,2025-Q4,CAD,664509000.0,161881000.0,91453000.0,118777000.0,68298000.0,,24.361,13.762,17.874,10.278,2025-10-01,Q,False,yfinance
CEU,CES Energy Solutions Corp.,2025-09-30,2025-Q3,CAD,623221000.0,148288000.0,65511000.0,92197000.0,40489000.0,0.18,23.794,10.512,14.794,6.497,2025-07-01,Q,False,yfinance
CEU,CES Energy Solutions Corp.,2025-06-30,2025-Q2,CAD,573991000.0,134500000.0,58820000.0,84307000.0,51834000.0,0.23,23.432,10.248,14.688,9.03,2025-03-31,Q,False,yfinance
CEU,CES Energy Solutions Corp.,2025-03-31,2025-Q1,CAD,632431000.0,146076000.0,74159000.0,98925000.0,44102000.0,0.19,23.098,11.726,15.642,6.973,2024-12-30,Q,False,yfinance
GIB.A,CGI Inc.,2026-06-30,2026-Q2,CAD,4193022000.0,681651000.0,667698000.0,821075000.0,465201000.0,2.23,16.257,15.924,19.582,11.095,2026-03-31,Q,False,yfinance
GIB.A,CGI Inc.,2026-03-31,2026-Q1,CAD,4156169000.0,691573000.0,,817826000.0,444720000.0,2.09,16.64,,19.677,10.7,2025-12-30,Q,False,yfinance
GIB.A,CGI Inc.,2025-12-31,2025-Q4,CAD,4078355000.0,655651000.0,,781245000.0,441996000.0,2.03,16.076,,19.156,10.838,2025-10-01,Q,False,yfinance
GIB.A,CGI Inc.,2025-09-30,2025-Q3,CAD,4013837000.0,667972000.0,,594100000.0,381355000.0,,16.642,,14.801,9.501,2025-07-01,Q,False,yfinance
GIB.A,CGI Inc.,2025-06-30,2025-Q2,CAD,4090182000.0,666349000.0,,758056000.0,408612000.0,1.82,16.291,,18.534,9.99,2025-03-31,Q,False,yfinance
GIB.A,CGI Inc.,2025-03-31,2025-Q1,CAD,,,,,,1.89,,,,,2024-12-30,Q,False,yfinance
CCA,Cogeco Communications Inc.,2026-05-31,2026-Q2,CAD,696681000.0,,-2024958000.0,-1865189000.0,-1356281000.0,-32.28,,-290.658,-267.725,-194.677,2026-03-01,Q,False,yfinance
CCA,Cogeco Communications Inc.,2026-02-28,2026-Q1,CAD,693560000.0,,168898000.0,334089000.0,80006000.0,1.89,,24.352,48.17,11.536,2025-11-29,Q,False,yfinance
CCA,Cogeco Communications Inc.,2025-11-30,2025-Q4,CAD,707247000.0,,181691000.0,353770000.0,88676000.0,2.09,,25.69,50.021,12.538,2025-08-31,Q,False,yfinance
CCA,Cogeco Communications Inc.,2025-05-31,2025-Q2,CAD,730679000.0,,159926000.0,342177000.0,69895000.0,1.64,,21.887,46.83,9.566,2025-03-01,Q,False,yfinance
CCA,Cogeco Communications Inc.,2025-02-28,2025-Q1,CAD,732426000.0,,169855000.0,352775000.0,74674000.0,1.76,,23.191,48.165,10.195,2024-11-29,Q,False,yfinance
CSH.UN,Chartwell Retirement Residences,2026-03-31,2026-Q1,CAD,307300000.0,128089000.0,49114000.0,116646000.0,7992000.0,0.024809,41.682,15.982,37.958,2.601,2025-12-30,Q,False,yfinance
CSH.UN,Chartwell Retirement Residences,2025-12-31,2025-Q4,CAD,297281000.0,122337000.0,46748000.0,118840000.0,7244000.0,,41.152,15.725,39.976,2.437,2025-10-01,Q,False,yfinance
CSH.UN,Chartwell Retirement Residences,2025-09-30,2025-Q3,CAD,279724000.0,114331000.0,34972000.0,96837000.0,-5240000.0,-0.017357,40.873,12.502,34.619,-1.873,2025-07-01,Q,False,yfinance
CSH.UN,Chartwell Retirement Residences,2025-06-30,2025-Q2,CAD,271833000.0,112150000.0,30486000.0,90619000.0,-5769000.0,-0.020072,41.257,11.215,33.336,-2.122,2025-03-31,Q,False,yfinance
CSH.UN,Chartwell Retirement Residences,2025-03-31,2025-Q1,CAD,251483000.0,101427000.0,81869000.0,135027000.0,33178000.0,0.118923,40.332,32.554,53.692,13.193,2024-12-30,Q,False,yfinance
CHP.UN,Choice Properties Real Estate Investment Trust,2026-06-30,2026-Q2,CAD,361331000.0,256031000.0,-26584000.0,-26039000.0,-176381000.0,-0.243684,70.858,-7.357,-7.206,-48.814,2026-03-31,Q,False,yfinance
CHP.UN,Choice Properties Real Estate Investment Trust,2026-03-31,2026-Q1,CAD,361192000.0,256097000.0,61726000.0,61976000.0,-87194000.0,-0.120465,70.903,17.09,17.159,-24.141,2025-12-30,Q,False,yfinance
CHP.UN,Choice Properties Real Estate Investment Trust,2025-12-31,2025-Q4,CAD,354444000.0,253940000.0,98210000.0,98761000.0,-53357000.0,,71.645,27.708,27.864,-15.054,2025-10-01,Q,False,yfinance
CHP.UN,Choice Properties Real Estate Investment Trust,2025-06-30,2025-Q2,CAD,350779000.0,251556000.0,-6400000.0,-5835000.0,-154247000.0,-0.213104,71.714,-1.825,-1.663,-43.973,2025-03-31,Q,False,yfinance
CHP.UN,Choice Properties Real Estate Investment Trust,2025-03-31,2025-Q1,CAD,346912000.0,245849000.0,48895000.0,,-96233000.0,-0.132953,70.868,14.094,,-27.74,2024-12-30,Q,False,yfinance
CIGI,Colliers International Group Inc.,2026-06-30,2026-Q2,USD,1572499000.0,635105000.0,102471000.0,174195000.0,28509000.0,0.56,40.388,6.516,11.078,1.813,2026-03-31,Q,False,yfinance
CIGI,Colliers International Group Inc.,2026-03-31,2026-Q1,USD,1313472000.0,523937000.0,41908000.0,109908000.0,-24030000.0,-0.47,39.889,3.191,8.368,-1.83,2025-12-30,Q,False,yfinance
CIGI,Colliers International Group Inc.,2025-12-31,2025-Q4,USD,1606545000.0,649179000.0,139218000.0,205740000.0,61116000.0,1.19,40.408,8.666,12.806,3.804,2025-10-01,Q,False,yfinance
CIGI,Colliers International Group Inc.,2025-09-30,2025-Q3,USD,1463098000.0,574637000.0,106954000.0,171359000.0,42234000.0,,39.275,7.31,11.712,2.887,2025-07-01,Q,False,yfinance
CIGI,Colliers International Group Inc.,2025-06-30,2025-Q2,USD,1347649000.0,549585000.0,104730000.0,166416000.0,4009000.0,0.08,40.781,7.771,12.349,0.297,2025-03-31,Q,False,yfinance
CIGI,Colliers International Group Inc.,2025-03-31,2025-Q1,USD,,,,,,-0.08,,,,,2024-12-30,Q,False,yfinance
CSU,Constellation Software Inc.,2026-03-31,2026-Q1,USD,3181000000.0,1125000000.0,561000000.0,942000000.0,367000000.0,17.32,35.366,17.636,29.613,11.537,2025-12-30,Q,False,yfinance
CSU,Constellation Software Inc.,2025-12-31,2025-Q4,USD,3177000000.0,1219000000.0,326000000.0,696000000.0,110000000.0,,38.37,10.261,21.907,3.462,2025-10-01,Q,False,yfinance
CSU,Constellation Software Inc.,2025-09-30,2025-Q3,USD,2947000000.0,1124000000.0,303000000.0,662000000.0,210000000.0,9.89,38.14,10.282,22.464,7.126,2025-07-01,Q,False,yfinance
CSU,Constellation Software Inc.,2025-06-30,2025-Q2,USD,2843000000.0,1075000000.0,241000000.0,577000000.0,56000000.0,2.66,37.812,8.477,20.295,1.97,2025-03-31,Q,False,yfinance
CSU,Constellation Software Inc.,2025-03-31,2025-Q1,USD,2653000000.0,947000000.0,325000000.0,643000000.0,136000000.0,6.41,35.695,12.25,24.237,5.126,2024-12-30,Q,False,yfinance
CRT.UN,CT Real Estate Investment Trust,2026-03-31,2026-Q1,CAD,157558000.0,122168000.0,149206000.0,149206000.0,115738000.0,0.409,77.538,94.699,94.699,73.457,2025-12-30,Q,False,yfinance
CRT.UN,CT Real Estate Investment Trust,2025-12-31,2025-Q4,CAD,152917000.0,119440000.0,225645000.0,225645000.0,191316000.0,0.636,78.108,147.56,147.56,125.111,2025-10-01,Q,False,yfinance
CRT.UN,CT Real Estate Investment Trust,2025-06-30,2025-Q2,CAD,149782000.0,117153000.0,134807000.0,134807000.0,103003000.0,0.365,78.216,90.002,90.002,68.769,2025-03-31,Q,False,yfinance
CRT.UN,CT Real Estate Investment Trust,2025-03-31,2025-Q1,CAD,150396000.0,116834000.0,137379000.0,137379000.0,105654000.0,0.363,77.684,91.345,91.345,70.251,2024-12-30,Q,False,yfinance
CRT.UN,CT Real Estate Investment Trust,2024-12-31,2024-Q4,CAD,145436000.0,114567000.0,166623000.0,166623000.0,135334000.0,,78.775,114.568,114.568,93.054,2024-10-01,Q,False,yfinance
CRR.UN,Crombie Real Estate Investment Trust,2026-03-31,2026-Q1,CAD,130297000.0,82840000.0,52728000.0,75670000.0,27802000.0,-0.08198,63.578,40.468,58.075,21.337,2025-12-30,Q,False,yfinance
CRR.UN,Crombie Real Estate Investment Trust,2025-12-31,2025-Q4,CAD,124667000.0,81377000.0,49932000.0,73133000.0,25235000.0,,65.275,40.052,58.663,20.242,2025-10-01,Q,False,yfinance
CRR.UN,Crombie Real Estate Investment Trust,2025-06-30,2025-Q2,CAD,127082000.0,84629000.0,60974000.0,82591000.0,36435000.0,-0.02756,66.594,47.98,64.99,28.67,2025-03-31,Q,False,yfinance
CRR.UN,Crombie Real Estate Investment Trust,2025-03-31,2025-Q1,CAD,123813000.0,78244000.0,48980000.0,71448000.0,24778000.0,-0.102392,63.195,39.56,57.706,20.012,2024-12-30,Q,False,yfinance
CRR.UN,Crombie Real Estate Investment Trust,2024-12-31,2024-Q4,CAD,122992000.0,79547000.0,101673000.0,122869000.0,76143000.0,,64.677,82.666,99.9,61.909,2024-10-01,Q,False,yfinance
CURA,"Curaleaf Holdings, Inc.",2026-03-31,2026-Q1,USD,324231000.0,157290000.0,-3102000.0,49604000.0,69799000.0,0.27,48.512,-0.957,15.299,21.528,2025-12-30,Q,False,yfinance
CURA,"Curaleaf Holdings, Inc.",2025-12-31,2025-Q4,USD,323364000.0,163554000.0,7753000.0,60426000.0,-102111000.0,,50.579,2.398,18.687,-31.578,2025-10-01,Q,False,yfinance
CURA,"Curaleaf Holdings, Inc.",2025-09-30,2025-Q3,USD,320244000.0,159741000.0,1057000.0,55429000.0,-57029000.0,-0.24,49.881,0.33,17.308,-17.808,2025-07-01,Q,False,yfinance
CURA,"Curaleaf Holdings, Inc.",2025-06-30,2025-Q2,USD,314520000.0,152553000.0,6499000.0,62430000.0,-65022000.0,-0.24,48.503,2.066,19.849,-20.673,2025-03-31,Q,False,yfinance
CURA,"Curaleaf Holdings, Inc.",2025-03-31,2025-Q1,USD,306624000.0,155566000.0,8845000.0,61911000.0,-61063000.0,-0.3,50.735,2.885,20.191,-19.915,2024-12-30,Q,False,yfinance
DFY,Definity Financial Corporation,2026-06-30,2026-Q2,CAD,1911900000.0,,226000000.0,,152400000.0,1.25,,11.821,,7.971,2026-03-31,Q,False,yfinance
DFY,Definity Financial Corporation,2026-03-31,2026-Q1,CAD,1793100000.0,,110200000.0,,63900000.0,0.52,,6.146,,3.564,2025-12-30,Q,False,yfinance
DFY,Definity Financial Corporation,2025-12-31,2025-Q4,CAD,1193900000.0,,98700000.0,,58000000.0,,,8.267,,4.858,2025-10-01,Q,False,yfinance
DFY,Definity Financial Corporation,2025-09-30,2025-Q3,CAD,1331100000.0,,257500000.0,,193100000.0,1.59,,19.345,,14.507,2025-07-01,Q,False,yfinance
DFY,Definity Financial Corporation,2025-06-30,2025-Q2,CAD,1171200000.0,,118600000.0,,75100000.0,0.64,,10.126,,6.412,2025-03-31,Q,False,yfinance
DFY,Definity Financial Corporation,2025-03-31,2025-Q1,CAD,,,,,,0.79,,,,,2024-12-30,Q,False,yfinance
DML,Denison Mines Corp.,2026-03-31,2026-Q1,CAD,1106000.0,-353000.0,-108718000.0,-103000000.0,-114879000.0,-0.13,-31.917,-9829.837,-9312.839,-10386.89,2025-12-30,Q,False,yfinance
DML,Denison Mines Corp.,2025-12-31,2025-Q4,CAD,1222000.0,,-41159000.0,-34110000.0,-51287000.0,,,-3368.167,-2791.326,-4196.972,2025-10-01,Q,False,yfinance
DML,Denison Mines Corp.,2025-09-30,2025-Q3,CAD,1045000.0,-164000.0,-130375000.0,-124883000.0,-134965000.0,-0.15,-15.694,-12476.077,-11950.526,-12915.311,2025-07-01,Q,False,yfinance
DML,Denison Mines Corp.,2025-06-30,2025-Q2,CAD,1276000.0,-110000.0,12469000.0,15193000.0,12498000.0,0.01,-8.621,977.194,1190.674,979.467,2025-03-31,Q,False,yfinance
DML,Denison Mines Corp.,2025-03-31,2025-Q1,CAD,1375000.0,1375000.0,-48878000.0,-46370000.0,-43534000.0,-0.05,100.0,-3554.764,-3372.364,-3166.109,2024-12-30,Q,False,yfinance
DML,Denison Mines Corp.,2024-12-31,2024-Q4,CAD,,-28000.0,,,,,,,,,2024-10-01,Q,False,yfinance
DSG,Descartes Systems Group Inc.,2026-04-30,2026-Q2,USD,193621000.0,150175000.0,65518000.0,84269000.0,48476000.0,0.55,77.561,33.838,43.523,25.037,2026-01-29,Q,False,yfinance
DSG,Descartes Systems Group Inc.,2026-01-31,2026-Q1,USD,192757000.0,149499000.0,61581000.0,83971000.0,45604000.0,,77.558,31.947,43.563,23.659,2025-11-01,Q,False,yfinance
DSG,Descartes Systems Group Inc.,2025-10-31,2025-Q4,USD,187681000.0,145209000.0,58583000.0,80755000.0,43899000.0,0.5,77.37,31.214,43.028,23.39,2025-08-01,Q,False,yfinance
DSG,Descartes Systems Group Inc.,2025-07-31,2025-Q3,USD,179815000.0,138227000.0,49733000.0,71738000.0,38020000.0,0.43,76.872,27.658,39.895,21.144,2025-05-01,Q,False,yfinance
DSG,Descartes Systems Group Inc.,2025-04-30,2025-Q2,USD,168739000.0,128992000.0,48160000.0,68724000.0,36244000.0,0.41,76.445,28.541,40.728,21.479,2025-01-29,Q,False,yfinance
DSV,Discovery Silver Corp.,2026-03-31,2026-Q1,USD,285035000.0,170217000.0,146349000.0,178047000.0,81679000.0,0.1,59.718,51.344,62.465,28.656,2025-12-30,Q,False,yfinance
DSV,Discovery Silver Corp.,2025-12-31,2025-Q4,USD,274242000.0,143188000.0,74557000.0,124323000.0,65289000.0,,52.212,27.187,45.333,23.807,2025-10-01,Q,False,yfinance
DSV,Discovery Silver Corp.,2025-09-30,2025-Q3,USD,236961000.0,90709000.0,83839000.0,119622000.0,42439000.0,0.05,38.28,35.381,50.482,17.91,2025-07-01,Q,False,yfinance
DSV,Discovery Silver Corp.,2025-06-30,2025-Q2,USD,142010000.0,68791000.0,38817000.0,55186000.0,5534000.0,0.01,48.441,27.334,38.861,3.897,2025-03-31,Q,False,yfinance
DSV,Discovery Silver Corp.,2025-03-31,2025-Q1,USD,0.0,0.0,-6326000.0,-6268000.0,-6452000.0,-0.02,,,,,2024-12-30,Q,False,yfinance
DOL,Dollarama Inc.,2026-04-30,2026-Q2,CAD,1846089000.0,809989000.0,455605000.0,589418000.0,302274000.0,1.11,43.876,24.679,31.928,16.374,2026-01-29,Q,False,yfinance
DOL,Dollarama Inc.,2026-01-31,2026-Q1,CAD,2101264000.0,956064000.0,590529000.0,717667000.0,392460000.0,,45.499,28.104,34.154,18.677,2025-11-01,Q,False,yfinance
DOL,Dollarama Inc.,2025-10-31,2025-Q4,CAD,1909442000.0,855801000.0,487961000.0,618803000.0,321724000.0,1.17,44.819,25.555,32.408,16.849,2025-08-01,Q,False,yfinance
DOL,Dollarama Inc.,2025-07-31,2025-Q3,CAD,1723838000.0,784490000.0,489284000.0,594284000.0,321498000.0,1.16,45.508,28.383,34.474,18.65,2025-05-01,Q,False,yfinance
DOL,Dollarama Inc.,2025-04-30,2025-Q2,CAD,1521210000.0,672310000.0,400531000.0,497570000.0,273756000.0,0.98,44.196,26.33,32.709,17.996,2025-01-29,Q,False,yfinance
DIR.UN,Dream Industrial Real Estate Investment Trust,2026-03-31,2026-Q1,CAD,130461000.0,97777000.0,90598000.0,92129000.0,62840000.0,0.21,74.947,69.445,70.618,48.168,2025-12-30,Q,False,yfinance
DIR.UN,Dream Industrial Real Estate Investment Trust,2025-12-31,2025-Q4,CAD,131660000.0,100154000.0,47436000.0,48937000.0,30156000.0,,76.07,36.029,37.169,22.904,2025-10-01,Q,False,yfinance
DIR.UN,Dream Industrial Real Estate Investment Trust,2025-06-30,2025-Q2,CAD,124576000.0,94699000.0,67338000.0,68469000.0,46608000.0,0.159706,76.017,54.054,54.962,37.413,2025-03-31,Q,False,yfinance
DIR.UN,Dream Industrial Real Estate Investment Trust,2025-03-31,2025-Q1,CAD,121396000.0,91710000.0,69374000.0,70413000.0,47488000.0,0.16,75.546,57.147,58.003,39.118,2024-12-30,Q,False,yfinance
DIR.UN,Dream Industrial Real Estate Investment Trust,2024-12-31,2024-Q4,CAD,119505000.0,91419000.0,129034000.0,129992000.0,109635000.0,,76.498,107.974,108.775,91.741,2024-10-01,Q,False,yfinance
DPM,Dundee Precious Metals Inc.,2026-06-30,2026-Q2,USD,361543000.0,267141000.0,257270000.0,281734000.0,230046000.0,1.04,73.889,71.159,77.925,63.629,2026-03-31,Q,False,yfinance
DPM,Dundee Precious Metals Inc.,2026-03-31,2026-Q1,USD,310364000.0,223096000.0,190203000.0,214835000.0,165912000.0,0.75,71.882,61.284,69.22,53.457,2025-12-30,Q,False,yfinance
DPM,Dundee Precious Metals Inc.,2025-12-31,2025-Q4,USD,352434000.0,251432000.0,182349000.0,217709000.0,157338000.0,,71.342,51.74,61.773,44.643,2025-10-01,Q,False,yfinance
DPM,Dundee Precious Metals Inc.,2025-09-30,2025-Q3,USD,267413000.0,153566000.0,110196000.0,138377000.0,95985000.0,0.54,57.427,41.208,51.747,35.894,2025-07-01,Q,False,yfinance
DPM,Dundee Precious Metals Inc.,2025-06-30,2025-Q2,USD,186487000.0,116326000.0,93104000.0,116795000.0,82399000.0,0.49,62.378,49.925,62.629,44.185,2025-03-31,Q,False,yfinance
DPM,Dundee Precious Metals Inc.,2025-03-31,2025-Q1,USD,,,,,,0.19,,,,,2024-12-30,Q,False,yfinance
ELD,Eldorado Gold Corporation,2026-06-30,2026-Q2,USD,487456000.0,248425000.0,237337000.0,292036000.0,172817000.0,0.68,50.964,48.689,59.91,35.453,2026-03-31,Q,False,yfinance
ELD,Eldorado Gold Corporation,2026-03-31,2026-Q1,USD,532428000.0,290221000.0,261427000.0,315875000.0,136379000.0,0.68,54.509,49.101,59.327,25.615,2025-12-30,Q,False,yfinance
ELD,Eldorado Gold Corporation,2025-12-31,2025-Q4,USD,561735000.0,289121000.0,227269000.0,297400000.0,240819000.0,,51.469,40.458,52.943,42.871,2025-10-01,Q,False,yfinance
ELD,Eldorado Gold Corporation,2025-09-30,2025-Q3,USD,434727000.0,207758000.0,117510000.0,180852000.0,56027000.0,,47.79,27.031,41.601,12.888,2025-07-01,Q,False,yfinance
ELD,Eldorado Gold Corporation,2025-06-30,2025-Q2,USD,451724000.0,223603000.0,172891000.0,239306000.0,138009000.0,0.67,49.5,38.274,52.976,30.552,2025-03-31,Q,False,yfinance
ELD,Eldorado Gold Corporation,2025-03-31,2025-Q1,USD,,,,,,0.35,,,,,2024-12-30,Q,False,yfinance
EMP.A,Empire Company Limited,2026-04-30,2026-Q2,CAD,7807000000.0,2152000000.0,355000000.0,652000000.0,212000000.0,,27.565,4.547,8.351,2.716,2026-01-29,Q,False,yfinance
EMP.A,Empire Company Limited,2026-01-31,2026-Q1,CAD,7890000000.0,2130000000.0,-430000000.0,-136000000.0,-385000000.0,-1.68,26.996,-5.45,-1.724,-4.88,2025-11-01,Q,False,yfinance
EMP.A,Empire Company Limited,2025-10-31,2025-Q4,CAD,7995000000.0,2147000000.0,310000000.0,598000000.0,159000000.0,0.69,26.854,3.877,7.48,1.989,2025-08-01,Q,False,yfinance
EMP.A,Empire Company Limited,2025-07-31,2025-Q3,CAD,8258000000.0,2235000000.0,390000000.0,679000000.0,212000000.0,0.91,27.065,4.723,8.222,2.567,2025-05-01,Q,False,yfinance
EMP.A,Empire Company Limited,2025-04-30,2025-Q2,CAD,7637100000.0,2108600000.0,320000000.0,605200000.0,172700000.0,0.74,27.61,4.19,7.924,2.261,2025-01-29,Q,False,yfinance
EMP.A,Empire Company Limited,2025-01-31,2025-Q1,CAD,,,,,,0.62,,,,,2024-11-01,Q,False,yfinance
EFN,Element Fleet Management Corp.,2026-03-31,2026-Q1,USD,632658000.0,229445000.0,157065000.0,353177000.0,118542000.0,0.3,36.267,24.826,55.824,18.737,2025-12-30,Q,False,yfinance
EFN,Element Fleet Management Corp.,2025-12-31,2025-Q4,USD,602627000.0,224410000.0,89734000.0,267020000.0,-60719000.0,,37.239,14.89,44.309,-10.076,2025-10-01,Q,False,yfinance
EFN,Element Fleet Management Corp.,2025-09-30,2025-Q3,USD,601094000.0,228004000.0,159577000.0,334224000.0,125232000.0,0.31,37.932,26.548,55.603,20.834,2025-07-01,Q,False,yfinance
EFN,Element Fleet Management Corp.,2025-06-30,2025-Q2,USD,572725000.0,216086000.0,143450000.0,308148000.0,112366000.0,0.28,37.729,25.047,53.804,19.62,2025-03-31,Q,False,yfinance
EFN,Element Fleet Management Corp.,2025-03-31,2025-Q1,USD,543654000.0,200787000.0,132865000.0,286645000.0,102250000.0,0.25,36.933,24.439,52.726,18.808,2024-12-30,Q,False,yfinance
EMA,Emera Incorporated,2026-03-31,2026-Q1,CAD,2813000000.0,1412000000.0,982000000.0,1321000000.0,582000000.0,1.85,50.196,34.909,46.961,20.69,2025-12-30,Q,False,yfinance
EMA,Emera Incorporated,2025-12-31,2025-Q4,CAD,2006000000.0,732000000.0,306000000.0,641000000.0,87000000.0,,36.491,15.254,31.954,4.337,2025-10-01,Q,False,yfinance
EMA,Emera Incorporated,2025-09-30,2025-Q3,CAD,2106000000.0,928000000.0,514000000.0,838000000.0,247000000.0,0.76,44.065,24.406,39.791,11.728,2025-07-01,Q,False,yfinance
EMA,Emera Incorporated,2025-06-30,2025-Q2,CAD,1988000000.0,807000000.0,394000000.0,712000000.0,154000000.0,0.45,40.594,19.819,35.815,7.746,2025-03-31,Q,False,yfinance
EMA,Emera Incorporated,2025-03-31,2025-Q1,CAD,2676000000.0,1363000000.0,975000000.0,1296000000.0,601000000.0,1.96,50.934,36.435,48.43,22.459,2024-12-30,Q,False,yfinance
ENB,Enbridge Inc.,2026-03-31,2026-Q1,CAD,22357000000.0,5793000000.0,3587000000.0,5020000000.0,1778000000.0,0.76,25.911,16.044,22.454,7.953,2025-12-30,Q,False,yfinance
ENB,Enbridge Inc.,2025-12-31,2025-Q4,CAD,17177000000.0,5671000000.0,3671000000.0,5135000000.0,2060000000.0,,33.015,21.372,29.895,11.993,2025-10-01,Q,False,yfinance
ENB,Enbridge Inc.,2025-09-30,2025-Q3,CAD,14639000000.0,4754000000.0,2425000000.0,3823000000.0,788000000.0,0.3,32.475,16.565,26.115,5.383,2025-07-01,Q,False,yfinance
ENB,Enbridge Inc.,2025-06-30,2025-Q2,CAD,14876000000.0,4929000000.0,4168000000.0,5559000000.0,2279000000.0,1.0,33.134,28.018,37.369,15.32,2025-03-31,Q,False,yfinance
ENB,Enbridge Inc.,2025-03-31,2025-Q1,CAD,18502000000.0,6143000000.0,4521000000.0,5929000000.0,2364000000.0,1.03,33.202,24.435,32.045,12.777,2024-12-30,Q,False,yfinance
EDR,Endeavour Silver Corp.,2026-06-30,2026-Q2,USD,212100000.0,73900000.0,85200000.0,111300000.0,66500000.0,0.21,34.842,40.17,52.475,31.353,2026-03-31,Q,False,yfinance
EDR,Endeavour Silver Corp.,2026-03-31,2026-Q1,USD,209700000.0,93300000.0,91700000.0,113000000.0,64900000.0,0.23,44.492,43.729,53.887,30.949,2025-12-30,Q,False,yfinance
EDR,Endeavour Silver Corp.,2025-12-31,2025-Q4,USD,172574000.0,46510000.0,-21289000.0,3688000.0,-23782000.0,,26.951,-12.336,2.137,-13.781,2025-10-01,Q,False,yfinance
EDR,Endeavour Silver Corp.,2025-09-30,2025-Q3,USD,142831000.0,15511000.0,-36462000.0,-12377000.0,-41956000.0,-0.14,10.86,-25.528,-8.665,-29.375,2025-07-01,Q,False,yfinance
EDR,Endeavour Silver Corp.,2025-06-30,2025-Q2,USD,88600000.0,7600000.0,-13500000.0,1700000.0,-20500000.0,-0.07,8.578,-15.237,1.919,-23.138,2025-03-31,Q,False,yfinance
EDR,Endeavour Silver Corp.,2025-03-31,2025-Q1,USD,,,,,,-0.13,,,,,2024-12-30,Q,False,yfinance
EFR,Energy Fuels Inc.,2026-03-31,2026-Q1,USD,35838000.0,14363000.0,-14545000.0,-13117000.0,-10844000.0,-0.04,40.078,-40.585,-36.601,-30.258,2025-12-30,Q,False,yfinance
EFR,Energy Fuels Inc.,2025-12-31,2025-Q4,USD,27102000.0,9496000.0,-22121000.0,-20691000.0,-20789000.0,,35.038,-81.621,-76.345,-76.707,2025-10-01,Q,False,yfinance
EFR,Energy Fuels Inc.,2025-09-30,2025-Q3,USD,17710000.0,4926000.0,-26666000.0,-25276000.0,-16736000.0,,27.815,-150.57,-142.722,-94.5,2025-07-01,Q,False,yfinance
EFR,Energy Fuels Inc.,2025-06-30,2025-Q2,USD,4212000.0,557000.0,-26175000.0,-24835000.0,-21812000.0,-0.1,13.224,-621.439,-589.625,-517.854,2025-03-31,Q,False,yfinance
EFR,Energy Fuels Inc.,2025-03-31,2025-Q1,USD,16898000.0,-1226000.0,-26193000.0,-24922000.0,-26297000.0,-0.13,-7.255,-155.007,-147.485,-155.622,2024-12-30,Q,False,yfinance
EQB,EQB Inc.,2026-04-30,2026-Q2,CAD,302364000.0,,,,50981000.0,1.29,,,,16.861,2026-01-29,Q,False,yfinance
EQB,EQB Inc.,2026-01-31,2026-Q1,CAD,306794000.0,,,,79216000.0,2.11,,,,25.821,2025-11-01,Q,False,yfinance
EQB,EQB Inc.,2025-10-31,2025-Q4,CAD,417838000.0,,,,-5064000.0,,,,,-1.212,2025-08-01,Q,False,yfinance
EQB,EQB Inc.,2025-07-31,2025-Q3,CAD,306129000.0,,,,73014000.0,1.9,,,,23.851,2025-05-01,Q,False,yfinance
EQB,EQB Inc.,2025-04-30,2025-Q2,CAD,315950000.0,,,,89943000.0,2.21,,,,28.467,2025-01-29,Q,False,yfinance
EQB,EQB Inc.,2025-01-31,2025-Q1,CAD,,,,,,2.77,,,,,2024-11-01,Q,False,yfinance
EFX,Equifax Inc.,2026-03-31,2026-Q1,USD,584000000.0,145000000.0,74000000.0,111000000.0,43000000.0,0.35,24.829,12.671,19.007,7.363,2025-12-30,Q,False,yfinance
EFX,Equifax Inc.,2025-12-31,2025-Q4,USD,627000000.0,143000000.0,5000000.0,45000000.0,-57000000.0,-0.467973,22.807,0.797,7.177,-9.091,2025-10-01,Q,False,yfinance
EFX,Equifax Inc.,2025-09-30,2025-Q3,USD,777000000.0,172000000.0,82000000.0,122000000.0,37000000.0,,22.136,10.553,15.701,4.762,2025-07-01,Q,False,yfinance
EFX,Equifax Inc.,2025-06-30,2025-Q2,USD,615000000.0,139000000.0,92000000.0,134000000.0,60000000.0,0.49,22.602,14.959,21.789,9.756,2025-03-31,Q,False,yfinance
EFX,Equifax Inc.,2025-03-31,2025-Q1,USD,552000000.0,128000000.0,67000000.0,106000000.0,24000000.0,0.19,23.188,12.138,19.203,4.348,2024-12-30,Q,False,yfinance
EFX,Equifax Inc.,2024-12-31,2024-Q4,USD,,,,,,0.120828,,,,,2024-10-01,Q,False,yfinance
EQX,Equinox Gold Corp.,2026-03-31,2026-Q1,USD,861593000.0,438496000.0,345704000.0,461804000.0,310111000.0,0.38,50.894,40.124,53.599,35.993,2025-12-30,Q,False,yfinance
EQX,Equinox Gold Corp.,2025-12-31,2025-Q4,USD,95821000.0,,66677000.0,218525000.0,187530000.0,,,69.585,228.055,195.709,2025-10-01,Q,False,yfinance
EQX,Equinox Gold Corp.,2025-09-30,2025-Q3,USD,819010000.0,279896000.0,165877000.0,338350000.0,85575000.0,,34.175,20.253,41.312,10.449,2025-07-01,Q,False,yfinance
EQX,Equinox Gold Corp.,2025-06-30,2025-Q2,USD,478600000.0,159654000.0,159800000.0,159800000.0,23800000.0,0.05,33.359,33.389,33.389,4.973,2025-03-31,Q,False,yfinance
EQX,Equinox Gold Corp.,2025-03-31,2025-Q1,USD,265706000.0,18720000.0,-23115000.0,74446000.0,-75479000.0,-0.17,7.045,-8.699,28.018,-28.407,2024-12-30,Q,False,yfinance
ERO,Ero Copper Corp.,2026-03-31,2026-Q1,USD,263170000.0,105914000.0,133243000.0,171562000.0,108771000.0,1.04,40.245,50.63,65.191,41.331,2025-12-30,Q,False,yfinance
ERO,Ero Copper Corp.,2025-12-31,2025-Q4,USD,320154000.0,164424000.0,108977000.0,149480000.0,76970000.0,,51.358,34.039,46.69,24.042,2025-10-01,Q,False,yfinance
ERO,Ero Copper Corp.,2025-09-30,2025-Q3,USD,177092000.0,57397000.0,56674000.0,88043000.0,35978000.0,,32.411,32.003,49.716,20.316,2025-07-01,Q,False,yfinance
ERO,Ero Copper Corp.,2025-06-30,2025-Q2,USD,163510000.0,67286000.0,84741000.0,109956000.0,70548000.0,0.68,41.151,51.826,67.247,43.146,2025-03-31,Q,False,yfinance
ERO,Ero Copper Corp.,2025-03-31,2025-Q1,USD,125088000.0,55522000.0,95931000.0,114551000.0,80227000.0,0.77,44.386,76.691,91.576,64.136,2024-12-30,Q,False,yfinance
EIF,Exchange Income Corporation,2026-03-31,2026-Q1,CAD,866583000.0,185924000.0,66439000.0,172898000.0,27894000.0,0.49,21.455,7.667,19.952,3.219,2025-12-30,Q,False,yfinance
EIF,Exchange Income Corporation,2025-12-31,2025-Q4,CAD,929547000.0,232105000.0,104013000.0,214451000.0,51566000.0,,24.97,11.19,23.07,5.547,2025-10-01,Q,False,yfinance
EIF,Exchange Income Corporation,2025-09-30,2025-Q3,CAD,959744000.0,248930000.0,124817000.0,228250000.0,68737000.0,1.24,25.937,13.005,23.782,7.162,2025-07-01,Q,False,yfinance
EIF,Exchange Income Corporation,2025-06-30,2025-Q2,CAD,719928000.0,184359000.0,86780000.0,174506000.0,40010000.0,0.75,25.608,12.054,24.239,5.558,2025-03-31,Q,False,yfinance
EIF,Exchange Income Corporation,2025-03-31,2025-Q1,CAD,668276000.0,146756000.0,44142000.0,127462000.0,7207000.0,0.14,21.96,6.605,19.073,1.078,2024-12-30,Q,False,yfinance
EIF,Exchange Income Corporation,2024-12-31,2024-Q4,CAD,,,,,,0.58,,,,,2024-10-01,Q,False,yfinance
FFH,Fairfax Financial Holdings Limited,2026-06-30,2026-Q2,USD,8231100000.0,,2180000000.0,,1392700000.0,63.38,,26.485,,16.92,2026-03-31,Q,False,yfinance
FFH,Fairfax Financial Holdings Limited,2026-03-31,2026-Q1,USD,6413900000.0,,1253300000.0,,695700000.0,31.11,,19.54,,10.847,2025-12-30,Q,False,yfinance
FFH,Fairfax Financial Holdings Limited,2025-12-31,2025-Q4,USD,7701700000.0,,1967000000.0,,1238300000.0,57.57,,25.54,,16.078,2025-10-01,Q,False,yfinance
FFH,Fairfax Financial Holdings Limited,2025-09-30,2025-Q3,USD,7548200000.0,,1777700000.0,,1151700000.0,52.04,,23.551,,15.258,2025-07-01,Q,False,yfinance
FFH,Fairfax Financial Holdings Limited,2025-06-30,2025-Q2,USD,8020300000.0,,2161400000.0,,1436700000.0,61.61,,26.949,,17.913,2025-03-31,Q,False,yfinance
FTT,Finning International Inc.,2026-03-31,2026-Q1,CAD,2501000000.0,602000000.0,189000000.0,284000000.0,121000000.0,0.92,24.07,7.557,11.355,4.838,2025-12-30,Q,False,yfinance
FTT,Finning International Inc.,2025-12-31,2025-Q4,CAD,2690000000.0,617000000.0,185000000.0,279000000.0,115000000.0,0.88,22.937,6.877,10.372,4.275,2025-10-01,Q,False,yfinance
FTT,Finning International Inc.,2025-09-30,2025-Q3,CAD,2842000000.0,616000000.0,240000000.0,335000000.0,154000000.0,1.16,21.675,8.445,11.787,5.419,2025-07-01,Q,False,yfinance
FTT,Finning International Inc.,2025-06-30,2025-Q2,CAD,2609000000.0,619000000.0,200000000.0,303000000.0,285000000.0,2.12,23.726,7.666,11.614,10.924,2025-03-31,Q,False,yfinance
FTT,Finning International Inc.,2025-03-31,2025-Q1,CAD,2450000000.0,592000000.0,202000000.0,302000000.0,104000000.0,0.77,24.163,8.245,12.327,4.245,2024-12-30,Q,False,yfinance
FCR.UN,First Capital Real Estate Investment Trust,2026-06-30,2026-Q2,CAD,185874000.0,118106000.0,65539000.0,66058000.0,24208000.0,0.113891,63.541,35.26,35.539,13.024,2026-03-31,Q,False,yfinance
FCR.UN,First Capital Real Estate Investment Trust,2026-03-31,2026-Q1,CAD,189707000.0,116994000.0,132457000.0,132972000.0,92220000.0,0.433864,61.671,69.822,70.093,48.612,2025-12-30,Q,False,yfinance
FCR.UN,First Capital Real Estate Investment Trust,2025-12-31,2025-Q4,CAD,185377000.0,116775000.0,142357000.0,143042000.0,849522000.0,,62.993,76.793,77.163,458.267,2025-10-01,Q,False,yfinance
FCR.UN,First Capital Real Estate Investment Trust,2025-06-30,2025-Q2,CAD,180196000.0,115906000.0,108222000.0,108841000.0,63481000.0,0.298811,64.322,60.058,60.401,35.229,2025-03-31,Q,False,yfinance
FCR.UN,First Capital Real Estate Investment Trust,2025-03-31,2025-Q1,CAD,184367000.0,112359000.0,105603000.0,106179000.0,84422000.0,0.397428,60.943,57.279,57.591,45.79,2024-12-30,Q,False,yfinance
FCR.UN,First Capital Real Estate Investment Trust,2024-12-31,2024-Q4,CAD,,,,,,0.15,,,,,2024-10-01,Q,False,yfinance
AG,First Majestic Silver Corp.,2026-06-30,2026-Q2,USD,414239000.0,223616000.0,200727000.0,249506000.0,125893000.0,0.22,53.982,48.457,60.232,30.391,2026-03-31,Q,False,yfinance
AG,First Majestic Silver Corp.,2026-03-31,2026-Q1,USD,480938000.0,266596000.0,247549000.0,303972000.0,147486000.0,0.26,55.433,51.472,63.204,30.666,2025-12-30,Q,False,yfinance
AG,First Majestic Silver Corp.,2025-12-31,2025-Q4,USD,467716000.0,237808000.0,262881000.0,335652000.0,83133000.0,,50.845,56.205,71.764,17.774,2025-10-01,Q,False,yfinance
AG,First Majestic Silver Corp.,2025-09-30,2025-Q3,USD,286723000.0,99081000.0,70646000.0,125841000.0,26978000.0,,34.556,24.639,43.889,9.409,2025-07-01,Q,False,yfinance
AG,First Majestic Silver Corp.,2025-06-30,2025-Q2,USD,264726000.0,49351000.0,43032000.0,117090000.0,56579000.0,0.11,18.642,16.255,44.231,21.373,2025-03-31,Q,False,yfinance
AG,First Majestic Silver Corp.,2025-03-31,2025-Q1,USD,,,,,,0.01,,,,,2024-12-30,Q,False,yfinance
FSV,FirstService Corporation,2026-06-30,2026-Q2,USD,1449242000.0,480657000.0,99075000.0,149558000.0,45289000.0,1.0,33.166,6.836,10.32,3.125,2026-03-31,Q,False,yfinance
FSV,FirstService Corporation,2026-03-31,2026-Q1,USD,1317087000.0,430654000.0,47643000.0,95709000.0,19989000.0,0.44,32.697,3.617,7.267,1.518,2025-12-30,Q,False,yfinance
FSV,FirstService Corporation,2025-12-31,2025-Q4,USD,1383376000.0,469284000.0,85830000.0,134596000.0,38978000.0,0.85,33.923,6.204,9.73,2.818,2025-10-01,Q,False,yfinance
FSV,FirstService Corporation,2025-09-30,2025-Q3,USD,1447565000.0,487145000.0,116766000.0,163401000.0,57168000.0,,33.653,8.066,11.288,3.949,2025-07-01,Q,False,yfinance
FSV,FirstService Corporation,2025-06-30,2025-Q2,USD,1415733000.0,480399000.0,98274000.0,143906000.0,46098000.0,1.01,33.933,6.942,10.165,3.256,2025-03-31,Q,False,yfinance
FSV,FirstService Corporation,2025-03-31,2025-Q1,USD,,,,,,0.06,,,,,2024-12-30,Q,False,yfinance
FM,First Quantum Minerals Ltd.,2026-06-30,2026-Q2,USD,1522000000.0,297000000.0,405000000.0,619000000.0,136000000.0,0.16,19.514,26.61,40.67,8.936,2026-03-31,Q,False,yfinance
FM,First Quantum Minerals Ltd.,2026-03-31,2026-Q1,USD,1404000000.0,278000000.0,78000000.0,278000000.0,-196000000.0,-0.24,19.801,5.556,19.801,-13.96,2025-12-30,Q,False,yfinance
FM,First Quantum Minerals Ltd.,2025-12-31,2025-Q4,USD,1475000000.0,416000000.0,449000000.0,640000000.0,25000000.0,0.03,28.203,30.441,43.39,1.695,2025-10-01,Q,False,yfinance
FM,First Quantum Minerals Ltd.,2025-06-30,2025-Q2,USD,1226000000.0,351000000.0,224000000.0,396000000.0,18000000.0,0.02,28.63,18.271,32.3,1.468,2025-03-31,Q,False,yfinance
FM,First Quantum Minerals Ltd.,2025-03-31,2025-Q1,USD,1190000000.0,331000000.0,206000000.0,365000000.0,-23000000.0,-0.03,27.815,17.311,30.672,-1.933,2024-12-30,Q,False,yfinance
FTS,Fortis Inc.,2026-06-30,2026-Q2,CAD,2931000000.0,2212000000.0,923000000.0,1465000000.0,417000000.0,0.78,75.469,31.491,49.983,14.227,2026-03-31,Q,False,yfinance
FTS,Fortis Inc.,2026-03-31,2026-Q1,CAD,3403000000.0,2332000000.0,1046000000.0,1578000000.0,523000000.0,0.99,68.528,30.738,46.371,15.369,2025-12-30,Q,False,yfinance
FTS,Fortis Inc.,2025-12-31,2025-Q4,CAD,3079000000.0,2221000000.0,934000000.0,1446000000.0,444000000.0,,72.134,30.335,46.963,14.42,2025-10-01,Q,False,yfinance
FTS,Fortis Inc.,2025-09-30,2025-Q3,CAD,2938000000.0,2179000000.0,949000000.0,1467000000.0,431000000.0,,74.166,32.301,49.932,14.67,2025-07-01,Q,False,yfinance
FTS,Fortis Inc.,2025-06-30,2025-Q2,CAD,2815000000.0,2101000000.0,905000000.0,1417000000.0,404000000.0,0.76,74.636,32.149,50.337,14.352,2025-03-31,Q,False,yfinance
FTS,Fortis Inc.,2025-03-31,2025-Q1,CAD,,,,,,1.0,,,,,2024-12-30,Q,False,yfinance
FVI,Fortuna Mining Corp.,2026-03-31,2026-Q1,USD,342471000.0,211836000.0,184356000.0,230269000.0,111008000.0,0.35,61.855,53.831,67.238,32.414,2025-12-30,Q,False,yfinance
FVI,Fortuna Mining Corp.,2025-12-31,2025-Q4,USD,270241000.0,148397000.0,124794000.0,169644000.0,68062000.0,,54.913,46.179,62.775,25.186,2025-10-01,Q,False,yfinance
FVI,Fortuna Mining Corp.,2025-09-30,2025-Q3,USD,251362000.0,133130000.0,157755000.0,210795000.0,123589000.0,,52.963,62.76,83.861,49.168,2025-07-01,Q,False,yfinance
FVI,Fortuna Mining Corp.,2025-06-30,2025-Q2,USD,230419000.0,105029000.0,87640000.0,135982000.0,37314000.0,0.12,45.582,38.035,59.015,16.194,2025-03-31,Q,False,yfinance
FVI,Fortuna Mining Corp.,2025-03-31,2025-Q1,USD,195037000.0,80343000.0,59735000.0,104522000.0,58503000.0,0.19,41.194,30.628,53.591,29.996,2024-12-30,Q,False,yfinance
FRU,Freehold Royalties Ltd.,2026-06-30,2026-Q2,CAD,100285000.0,71767000.0,77198000.0,102501000.0,56963000.0,0.34,71.563,76.979,102.21,56.801,2026-03-31,Q,False,yfinance
FRU,Freehold Royalties Ltd.,2026-03-31,2026-Q1,CAD,77818000.0,50288000.0,48426000.0,73189000.0,35113000.0,0.21,64.623,62.23,94.052,45.122,2025-12-30,Q,False,yfinance
FRU,Freehold Royalties Ltd.,2025-12-31,2025-Q4,CAD,69759000.0,39861000.0,23476000.0,50588000.0,14081000.0,,57.141,33.653,72.518,20.185,2025-10-01,Q,False,yfinance
FRU,Freehold Royalties Ltd.,2025-09-30,2025-Q3,CAD,74364000.0,44596000.0,48452000.0,75346000.0,34153000.0,0.21,59.97,65.155,101.321,45.927,2025-07-01,Q,False,yfinance
FRU,Freehold Royalties Ltd.,2025-06-30,2025-Q2,CAD,78272000.0,48251000.0,16983000.0,44274000.0,6236000.0,0.04,61.645,21.697,56.564,7.967,2025-03-31,Q,False,yfinance
FRU,Freehold Royalties Ltd.,2025-03-31,2025-Q1,CAD,,,,,,0.23,,,,,2024-12-30,Q,False,yfinance
FNV,Franco-Nevada Corporation,2026-03-31,2026-Q1,USD,650700000.0,526300000.0,595700000.0,673600000.0,468600000.0,2.43,80.882,91.548,103.519,72.015,2025-12-30,Q,False,yfinance
FNV,Franco-Nevada Corporation,2025-12-31,2025-Q4,USD,597300000.0,460400000.0,466300000.0,553600000.0,367700000.0,1.9,77.08,78.068,92.684,61.56,2025-10-01,Q,False,yfinance
FNV,Franco-Nevada Corporation,2025-09-30,2025-Q3,USD,487700000.0,353500000.0,363200000.0,450200000.0,287500000.0,,72.483,74.472,92.311,58.95,2025-07-01,Q,False,yfinance
FNV,Franco-Nevada Corporation,2025-06-30,2025-Q2,USD,369400000.0,271900000.0,316500000.0,380500000.0,247100000.0,1.28,73.606,85.679,103.005,66.892,2025-03-31,Q,False,yfinance
FNV,Franco-Nevada Corporation,2025-03-31,2025-Q1,USD,368400000.0,261500000.0,270300000.0,338700000.0,209800000.0,1.09,70.983,73.371,91.938,56.949,2024-12-30,Q,False,yfinance
FNV,Franco-Nevada Corporation,2024-12-31,2024-Q4,USD,,,,,,0.91,,,,,2024-10-01,Q,False,yfinance
GMIN,G Mining Ventures Corp.,2026-03-31,2026-Q1,USD,139938000.0,90476000.0,100631000.0,106711000.0,80370000.0,0.34,64.654,71.911,76.256,57.433,2025-12-30,Q,False,yfinance
GMIN,G Mining Ventures Corp.,2025-12-31,2025-Q4,USD,191335000.0,138957000.0,112366000.0,119162000.0,91019000.0,,72.625,58.727,62.279,47.57,2025-10-01,Q,False,yfinance
GMIN,G Mining Ventures Corp.,2025-09-30,2025-Q3,USD,161718000.0,115839000.0,113725000.0,115718000.0,123789000.0,0.54,71.63,70.323,71.555,76.546,2025-07-01,Q,False,yfinance
GMIN,G Mining Ventures Corp.,2025-06-30,2025-Q2,USD,129594000.0,85277000.0,90494000.0,97812000.0,48626000.0,0.21,65.803,69.829,75.476,37.522,2025-03-31,Q,False,yfinance
GMIN,G Mining Ventures Corp.,2025-03-31,2025-Q1,USD,98018000.0,59885000.0,52966000.0,60276000.0,24429000.0,0.11,61.096,54.037,61.495,24.923,2024-12-30,Q,False,yfinance
GMIN,G Mining Ventures Corp.,2024-12-31,2024-Q4,USD,,,,,,0.07,,,,,2024-10-01,Q,False,yfinance
GEI,Gibson Energy Inc.,2026-06-30,2026-Q2,CAD,4833890000.0,163460000.0,145767000.0,192896000.0,82890000.0,0.48,3.382,3.016,3.99,1.715,2026-03-31,Q,False,yfinance
GEI,Gibson Energy Inc.,2026-03-31,2026-Q1,CAD,2754893000.0,65575000.0,36040000.0,85866000.0,-1358000.0,-0.01,2.38,1.308,3.117,-0.049,2025-12-30,Q,False,yfinance
GEI,Gibson Energy Inc.,2025-12-31,2025-Q4,CAD,2304995000.0,112026000.0,88152000.0,134837000.0,41292000.0,,4.86,3.824,5.85,1.791,2025-10-01,Q,False,yfinance
GEI,Gibson Energy Inc.,2025-06-30,2025-Q2,CAD,2759642000.0,119379000.0,115895000.0,158888000.0,60699000.0,0.37,4.326,4.2,5.758,2.2,2025-03-31,Q,False,yfinance
GEI,Gibson Energy Inc.,2025-03-31,2025-Q1,CAD,2747710000.0,119957000.0,98179000.0,140711000.0,49953000.0,0.3,4.366,3.573,5.121,1.818,2024-12-30,Q,False,yfinance
GFL,GFL Environmental Inc.,2026-06-30,2026-Q2,CAD,1947800000.0,385800000.0,-20100000.0,368400000.0,-159800000.0,-0.47,19.807,-1.032,18.914,-8.204,2026-03-31,Q,False,yfinance
GFL,GFL Environmental Inc.,2026-03-31,2026-Q1,CAD,1643800000.0,299800000.0,-132600000.0,213700000.0,-215700000.0,-0.63,18.238,-8.067,13.0,-13.122,2025-12-30,Q,False,yfinance
GFL,GFL Environmental Inc.,2025-12-31,2025-Q4,CAD,1686400000.0,337600000.0,152000000.0,492400000.0,33900000.0,0.06,20.019,9.013,29.198,2.01,2025-10-01,Q,False,yfinance
GFL,GFL Environmental Inc.,2025-09-30,2025-Q3,CAD,1694200000.0,370200000.0,256400000.0,589900000.0,114300000.0,,21.851,15.134,34.819,6.747,2025-07-01,Q,False,yfinance
GFL,GFL Environmental Inc.,2025-06-30,2025-Q2,CAD,1675200000.0,372000000.0,404000000.0,726900000.0,261800000.0,0.66,22.206,24.117,43.392,15.628,2025-03-31,Q,False,yfinance
GFL,GFL Environmental Inc.,2025-03-31,2025-Q1,CAD,,,,,,8.67,,,,,2024-12-30,Q,False,yfinance
WN,George Weston Limited,2026-06-30,2026-Q2,CAD,15201000000.0,5006000000.0,1075000000.0,1626000000.0,143000000.0,0.34,32.932,7.072,10.697,0.941,2026-03-31,Q,False,yfinance
WN,George Weston Limited,2026-03-31,2026-Q1,CAD,14639000000.0,4703000000.0,1030000000.0,1568000000.0,116000000.0,0.27,32.127,7.036,10.711,0.792,2025-12-30,Q,False,yfinance
WN,George Weston Limited,2025-12-31,2025-Q4,CAD,15855000000.0,4520000000.0,966000000.0,1509000000.0,290000000.0,0.72,28.508,6.093,9.518,1.829,2025-10-01,Q,False,yfinance
WN,George Weston Limited,2025-09-30,2025-Q3,CAD,19548000000.0,6355000000.0,1587000000.0,2279000000.0,491000000.0,1.23,32.51,8.118,11.658,2.512,2025-07-01,Q,False,yfinance
WN,George Weston Limited,2025-06-30,2025-Q2,CAD,14608000000.0,4785000000.0,1193000000.0,1711000000.0,268000000.0,0.65,32.756,8.167,11.713,1.835,2025-03-31,Q,False,yfinance
GIL,Gildan Activewear Inc.,2026-06-30,2026-Q2,USD,1582474000.0,459762000.0,164830000.0,233152000.0,-49954000.0,-0.27,29.053,10.416,14.733,-3.157,2026-03-31,Q,False,yfinance
GIL,Gildan Activewear Inc.,2026-03-31,2026-Q1,USD,1165944000.0,278354000.0,-11749000.0,42496000.0,-65789000.0,-0.36,23.874,-1.008,3.645,-5.643,2025-12-30,Q,False,yfinance
GIL,Gildan Activewear Inc.,2025-12-31,2025-Q4,USD,1078493000.0,311958000.0,92713000.0,135207000.0,56113000.0,0.35,28.925,8.597,12.537,5.203,2025-10-01,Q,False,yfinance
GIL,Gildan Activewear Inc.,2025-09-30,2025-Q3,USD,910567000.0,306597000.0,176447000.0,213581000.0,120155000.0,,33.671,19.378,23.456,13.196,2025-07-01,Q,False,yfinance
GIL,Gildan Activewear Inc.,2025-06-30,2025-Q2,USD,918504000.0,289375000.0,194567000.0,232160000.0,137929000.0,0.91,31.505,21.183,25.276,15.017,2025-03-31,Q,False,yfinance
GIL,Gildan Activewear Inc.,2025-03-31,2025-Q1,USD,,,,,,0.56,,,,,2024-12-30,Q,False,yfinance
GRT.UN,Granite Real Estate Investment Trust,2026-03-31,2026-Q1,CAD,165831000.0,134269000.0,126335000.0,126618000.0,91245000.0,1.50459,80.967,76.183,76.354,55.023,2025-12-30,Q,False,yfinance
GRT.UN,Granite Real Estate Investment Trust,2025-12-31,2025-Q4,CAD,161764000.0,133268000.0,178217000.0,178502000.0,135482000.0,,82.384,110.171,110.347,83.753,2025-10-01,Q,False,yfinance
GRT.UN,Granite Real Estate Investment Trust,2025-06-30,2025-Q2,CAD,149264000.0,123397000.0,128757000.0,129062000.0,94999000.0,1.549739,82.67,86.261,86.466,63.645,2025-03-31,Q,False,yfinance
GRT.UN,Granite Real Estate Investment Trust,2025-03-31,2025-Q1,CAD,154665000.0,125647000.0,68744000.0,69058000.0,43850000.0,0.709343,81.238,44.447,44.65,28.352,2024-12-30,Q,False,yfinance
GRT.UN,Granite Real Estate Investment Trust,2024-12-31,2024-Q4,CAD,148043000.0,121145000.0,112312000.0,112636000.0,83758000.0,1.328571,81.831,75.864,76.083,56.577,2024-10-01,Q,False,yfinance
GSY,goeasy Ltd.,2026-03-31,2026-Q1,CAD,412857000.0,274286000.0,221417000.0,241411000.0,-52989000.0,-3.22,66.436,53.63,58.473,-12.835,2025-12-30,Q,False,yfinance
GSY,goeasy Ltd.,2025-12-31,2025-Q4,CAD,446402000.0,306125000.0,254116000.0,274617000.0,-337402000.0,,68.576,56.925,61.518,-75.583,2025-10-01,Q,False,yfinance
GSY,goeasy Ltd.,2025-06-30,2025-Q2,CAD,418311000.0,287450000.0,225643000.0,246202000.0,86543000.0,5.19,68.717,53.941,58.856,20.689,2025-03-31,Q,False,yfinance
GSY,goeasy Ltd.,2025-03-31,2025-Q1,CAD,404923000.0,283838000.0,224436000.0,244959000.0,38709000.0,2.28,70.097,55.427,60.495,9.56,2024-12-30,Q,False,yfinance
GSY,goeasy Ltd.,2024-12-31,2024-Q4,CAD,405185000.0,273687000.0,220618000.0,241415000.0,73825000.0,,67.546,54.449,59.581,18.22,2024-10-01,Q,False,yfinance
HR.UN,H&R Real Estate Investment Trust,2026-03-31,2026-Q1,CAD,184253000.0,79239000.0,-21772000.0,-21772000.0,-34870000.0,-0.131803,43.006,-11.816,-11.816,-18.925,2025-12-30,Q,False,yfinance
HR.UN,H&R Real Estate Investment Trust,2025-12-31,2025-Q4,CAD,203750000.0,139221000.0,-304859000.0,-304859000.0,-250308000.0,,68.329,-149.624,-149.624,-122.851,2025-10-01,Q,False,yfinance
HR.UN,H&R Real Estate Investment Trust,2025-09-30,2025-Q3,CAD,201728000.0,134418000.0,-356485000.0,-356485000.0,-322868000.0,-1.229666,66.633,-176.716,-176.716,-160.051,2025-07-01,Q,False,yfinance
HR.UN,H&R Real Estate Investment Trust,2025-06-30,2025-Q2,CAD,204011000.0,140337000.0,-142470000.0,-142470000.0,-166370000.0,-0.633632,68.789,-69.834,-69.834,-81.55,2025-03-31,Q,False,yfinance
HR.UN,H&R Real Estate Investment Trust,2025-03-31,2025-Q1,CAD,205639000.0,75726000.0,-21308000.0,-21308000.0,-52018000.0,-0.198151,36.825,-10.362,-10.362,-25.296,2024-12-30,Q,False,yfinance
GWO,Great-West Lifeco Inc.,2026-06-30,2026-Q2,CAD,12720000000.0,,1350000000.0,,1089000000.0,1.15,,10.613,,8.561,2026-03-31,Q,False,yfinance
GWO,Great-West Lifeco Inc.,2026-03-31,2026-Q1,CAD,7731000000.0,,1692000000.0,,1242000000.0,1.31,,21.886,,16.065,2025-12-30,Q,False,yfinance
GWO,Great-West Lifeco Inc.,2025-12-31,2025-Q4,CAD,6761000000.0,,1371000000.0,,1097000000.0,,,20.278,,16.225,2025-10-01,Q,False,yfinance
GWO,Great-West Lifeco Inc.,2025-06-30,2025-Q2,CAD,10392000000.0,,1051000000.0,,927000000.0,0.96,,10.114,,8.92,2025-03-31,Q,False,yfinance
GWO,Great-West Lifeco Inc.,2025-03-31,2025-Q1,CAD,10558000000.0,,1181000000.0,,892000000.0,0.92,,11.186,,8.449,2024-12-30,Q,False,yfinance
HBM,Hudbay Minerals Inc.,2026-06-30,2026-Q2,USD,631300000.0,269000000.0,260400000.0,349700000.0,137400000.0,0.34,42.61,41.248,55.394,21.765,2026-03-31,Q,False,yfinance
HBM,Hudbay Minerals Inc.,2026-03-31,2026-Q1,USD,757300000.0,368000000.0,360100000.0,460900000.0,190400000.0,0.48,48.594,47.551,60.861,25.142,2025-12-30,Q,False,yfinance
HBM,Hudbay Minerals Inc.,2025-12-31,2025-Q4,USD,732900000.0,270100000.0,278800000.0,431700000.0,128000000.0,,36.854,38.041,58.903,17.465,2025-10-01,Q,False,yfinance
HBM,Hudbay Minerals Inc.,2025-09-30,2025-Q3,USD,346800000.0,65300000.0,352700000.0,435700000.0,222400000.0,0.56,18.829,101.701,125.634,64.129,2025-07-01,Q,False,yfinance
HBM,Hudbay Minerals Inc.,2025-06-30,2025-Q2,USD,536400000.0,176500000.0,176200000.0,273000000.0,117700000.0,0.3,32.905,32.849,50.895,21.943,2025-03-31,Q,False,yfinance
HBM,Hudbay Minerals Inc.,2025-03-31,2025-Q1,USD,,,,,,0.25,,,,,2024-12-30,Q,False,yfinance
HWX,Headwater Exploration Inc.,2026-06-30,2026-Q2,CAD,237928000.0,140172000.0,111477000.0,141197000.0,85416000.0,0.36,58.914,46.853,59.344,35.9,2026-03-31,Q,False,yfinance
HWX,Headwater Exploration Inc.,2026-03-31,2026-Q1,CAD,176721000.0,103285000.0,46621000.0,75566000.0,35567000.0,0.15,58.445,26.381,42.76,20.126,2025-12-30,Q,False,yfinance
HWX,Headwater Exploration Inc.,2025-12-31,2025-Q4,CAD,151080000.0,82747000.0,38469000.0,67907000.0,29311000.0,,54.77,25.463,44.948,19.401,2025-10-01,Q,False,yfinance
HWX,Headwater Exploration Inc.,2025-06-30,2025-Q2,CAD,144944000.0,71475000.0,49837000.0,82473000.0,38023000.0,0.16,49.312,34.384,56.9,26.233,2025-03-31,Q,False,yfinance
HWX,Headwater Exploration Inc.,2025-03-31,2025-Q1,CAD,170155000.0,93269000.0,65460000.0,97975000.0,50004000.0,0.21,54.814,38.471,57.58,29.387,2024-12-30,Q,False,yfinance
H,Hydro One Limited,2026-03-31,2026-Q1,CAD,2648000000.0,895000000.0,608000000.0,857000000.0,391000000.0,0.65,33.799,22.961,32.364,14.766,2025-12-30,Q,False,yfinance
H,Hydro One Limited,2025-12-31,2025-Q4,CAD,2268000000.0,723000000.0,438000000.0,694000000.0,233000000.0,,31.878,19.312,30.6,10.273,2025-10-01,Q,False,yfinance
H,Hydro One Limited,2025-09-30,2025-Q3,CAD,2299000000.0,923000000.0,654000000.0,897000000.0,421000000.0,0.7,40.148,28.447,39.017,18.312,2025-07-01,Q,False,yfinance
H,Hydro One Limited,2025-06-30,2025-Q2,CAD,2066000000.0,847000000.0,556000000.0,788000000.0,327000000.0,0.54,40.997,26.912,38.141,15.828,2025-03-31,Q,False,yfinance
H,Hydro One Limited,2025-03-31,2025-Q1,CAD,2408000000.0,856000000.0,593000000.0,825000000.0,358000000.0,0.6,35.548,24.626,34.261,14.867,2024-12-30,Q,False,yfinance
IAU,I-80 Gold Corp.,2026-03-31,2026-Q1,USD,52390000.0,16078000.0,-71586000.0,-70636000.0,-78601000.0,-0.09,30.689,-136.641,-134.827,-150.031,2025-12-30,Q,False,yfinance
IAU,I-80 Gold Corp.,2025-12-31,2025-Q4,USD,21290000.0,4684000.0,-82632000.0,-81925000.0,-85560000.0,0.1,22.001,-388.126,-384.805,-401.879,2025-10-01,Q,False,yfinance
IAU,I-80 Gold Corp.,2025-09-30,2025-Q3,USD,32019000.0,3118000.0,-35113000.0,-34265000.0,-41867000.0,-0.05,9.738,-109.663,-107.015,-130.757,2025-07-01,Q,False,yfinance
IAU,I-80 Gold Corp.,2025-06-30,2025-Q2,USD,27836000.0,798000.0,-22385000.0,-21434000.0,-30215000.0,-0.05,2.867,-80.417,-77.001,-108.546,2025-03-31,Q,False,yfinance
IAU,I-80 Gold Corp.,2025-03-31,2025-Q1,USD,14048000.0,2906000.0,-33347000.0,-32604000.0,-41205000.0,-0.1,20.686,-237.379,-232.09,-293.316,2024-12-30,Q,False,yfinance
IAG,iA Financial Corporation Inc.,2026-03-31,2026-Q1,CAD,2484000000.0,,264000000.0,,146000000.0,1.49,,10.628,,5.878,2025-12-30,Q,False,yfinance
IAG,iA Financial Corporation Inc.,2025-12-31,2025-Q4,CAD,347000000.0,,254000000.0,,201000000.0,1.97,,73.199,,57.925,2025-10-01,Q,False,yfinance
IAG,iA Financial Corporation Inc.,2025-09-30,2025-Q3,CAD,3389000000.0,,497000000.0,,373000000.0,3.91,,14.665,,11.006,2025-07-01,Q,False,yfinance
IAG,iA Financial Corporation Inc.,2025-06-30,2025-Q2,CAD,1721000000.0,,387000000.0,,327000000.0,3.43,,22.487,,19.001,2025-03-31,Q,False,yfinance
IAG,iA Financial Corporation Inc.,2025-03-31,2025-Q1,CAD,2720000000.0,,259000000.0,,195000000.0,1.98,,9.522,,7.169,2024-12-30,Q,False,yfinance
IMG,Iamgold Corporation,2026-03-31,2026-Q1,USD,1030100000.0,570700000.0,536400000.0,652100000.0,379700000.0,0.64,55.402,52.073,63.305,36.86,2025-12-30,Q,False,yfinance
IMG,Iamgold Corporation,2025-12-31,2025-Q4,USD,1088100000.0,593600000.0,560300000.0,696600000.0,406600000.0,,54.554,51.493,64.02,37.368,2025-10-01,Q,False,yfinance
IMG,Iamgold Corporation,2025-09-30,2025-Q3,USD,706700000.0,272600000.0,228300000.0,338200000.0,139400000.0,,38.574,32.305,47.856,19.725,2025-07-01,Q,False,yfinance
IMG,Iamgold Corporation,2025-06-30,2025-Q2,USD,580900000.0,198800000.0,183200000.0,278200000.0,78700000.0,0.14,34.223,31.537,47.891,13.548,2025-03-31,Q,False,yfinance
IMG,Iamgold Corporation,2025-03-31,2025-Q1,USD,477100000.0,141200000.0,104100000.0,183800000.0,39700000.0,0.07,29.595,21.819,38.524,8.321,2024-12-30,Q,False,yfinance
IMO,Imperial Oil Limited,2026-03-31,2026-Q1,CAD,12068000000.0,1616000000.0,1243000000.0,1763000000.0,940000000.0,1.94,13.391,10.3,14.609,7.789,2025-12-30,Q,False,yfinance
IMO,Imperial Oil Limited,2025-12-31,2025-Q4,CAD,10879000000.0,866000000.0,638000000.0,1297000000.0,492000000.0,1.0,7.96,5.865,11.922,4.522,2025-10-01,Q,False,yfinance
IMO,Imperial Oil Limited,2025-09-30,2025-Q3,CAD,11614000000.0,1302000000.0,709000000.0,1620000000.0,539000000.0,,11.211,6.105,13.949,4.641,2025-07-01,Q,False,yfinance
IMO,Imperial Oil Limited,2025-06-30,2025-Q2,CAD,10836000000.0,1479000000.0,1246000000.0,1724000000.0,949000000.0,1.86,13.649,11.499,15.91,8.758,2025-03-31,Q,False,yfinance
IMO,Imperial Oil Limited,2025-03-31,2025-Q1,CAD,11874000000.0,1901000000.0,1698000000.0,2229000000.0,1288000000.0,2.52,16.01,14.3,18.772,10.847,2024-12-30,Q,False,yfinance
IMO,Imperial Oil Limited,2024-12-31,2024-Q4,CAD,,,,,,2.37,,,,,2024-10-01,Q,False,yfinance
IGM,IGM Financial Inc.,2026-06-30,2026-Q2,CAD,1069230000.0,981587000.0,365622000.0,365622000.0,261452000.0,1.12,91.803,34.195,34.195,24.452,2026-03-31,Q,False,yfinance
IGM,IGM Financial Inc.,2026-03-31,2026-Q1,CAD,1015554000.0,928500000.0,399613000.0,399613000.0,283816000.0,1.2,91.428,39.349,39.349,27.947,2025-12-30,Q,False,yfinance
IGM,IGM Financial Inc.,2025-12-31,2025-Q4,CAD,1019918000.0,-671129000.0,462831000.0,462831000.0,322394000.0,1.36,-65.802,45.379,45.379,31.61,2025-10-01,Q,False,yfinance
IGM,IGM Financial Inc.,2025-09-30,2025-Q3,CAD,980832000.0,894640000.0,417814000.0,417814000.0,298089000.0,1.26,91.212,42.598,42.598,30.391,2025-07-01,Q,False,yfinance
IGM,IGM Financial Inc.,2025-06-30,2025-Q2,CAD,914937000.0,832628000.0,352418000.0,352418000.0,246709000.0,1.04,91.004,38.518,38.518,26.965,2025-03-31,Q,False,yfinance
IFC,Intact Financial Corporation,2026-06-30,2026-Q2,CAD,6722000000.0,,991000000.0,,720000000.0,3.9,,14.743,,10.711,2026-03-31,Q,False,yfinance
IFC,Intact Financial Corporation,2026-03-31,2026-Q1,CAD,6392000000.0,,1014000000.0,,752000000.0,4.12,,15.864,,11.765,2025-12-30,Q,False,yfinance
IFC,Intact Financial Corporation,2025-12-31,2025-Q4,CAD,6643000000.0,,1264000000.0,,961000000.0,,,19.028,,14.466,2025-10-01,Q,False,yfinance
IFC,Intact Financial Corporation,2025-09-30,2025-Q3,CAD,6698000000.0,,1173000000.0,,861000000.0,4.73,,17.513,,12.855,2025-07-01,Q,False,yfinance
IFC,Intact Financial Corporation,2025-06-30,2025-Q2,CAD,6330000000.0,,1191000000.0,,867000000.0,4.7,,18.815,,13.697,2025-03-31,Q,False,yfinance
IFC,Intact Financial Corporation,2025-03-31,2025-Q1,CAD,,,,,,3.69,,,,,2024-12-30,Q,False,yfinance
IPCO,International Petroleum Corporation,2026-03-31,2026-Q1,USD,191686000.0,37175000.0,25708000.0,56001000.0,12760000.0,0.11,19.394,13.412,29.215,6.657,2025-12-30,Q,False,yfinance
IPCO,International Petroleum Corporation,2025-12-31,2025-Q4,USD,194295000.0,28242000.0,12723000.0,46039000.0,-4940000.0,-0.044055,14.536,6.548,23.695,-2.543,2025-10-01,Q,False,yfinance
IPCO,International Petroleum Corporation,2025-06-30,2025-Q2,USD,180509000.0,23663000.0,28997000.0,60131000.0,13848000.0,0.12,13.109,16.064,33.312,7.672,2025-03-31,Q,False,yfinance
IPCO,International Petroleum Corporation,2025-03-31,2025-Q1,USD,202120000.0,44149000.0,29671000.0,60915000.0,16229000.0,0.13,21.843,14.68,30.138,8.029,2024-12-30,Q,False,yfinance
IPCO,International Petroleum Corporation,2024-12-31,2024-Q4,USD,224683000.0,42774000.0,13307000.0,48132000.0,414000.0,,19.037,5.923,21.422,0.184,2024-10-01,Q,False,yfinance
IVN,Ivanhoe Mines Ltd.,2026-06-30,2026-Q2,USD,152611000.0,44553000.0,49643000.0,76619000.0,49741000.0,0.03,29.194,32.529,50.205,32.593,2026-03-31,Q,False,yfinance
IVN,Ivanhoe Mines Ltd.,2026-03-31,2026-Q1,USD,165529000.0,32992000.0,5050000.0,12096000.0,17000.0,0.0,19.931,3.051,7.307,0.01,2025-12-30,Q,False,yfinance
IVN,Ivanhoe Mines Ltd.,2025-12-31,2025-Q4,USD,138435000.0,17917000.0,44151000.0,71344000.0,54687000.0,,12.943,31.893,51.536,39.504,2025-10-01,Q,False,yfinance
IVN,Ivanhoe Mines Ltd.,2025-06-30,2025-Q2,USD,96757000.0,-3460000.0,22096000.0,36984000.0,44051000.0,0.03,-3.576,22.837,38.224,45.527,2025-03-31,Q,False,yfinance
IVN,Ivanhoe Mines Ltd.,2025-03-31,2025-Q1,USD,77020000.0,-4751000.0,126085000.0,140507000.0,129760000.0,0.1,-6.169,163.704,182.429,168.476,2024-12-30,Q,False,yfinance
IIP.UN,InterRent Real Estate Investment Trust,2026-03-31,2026-Q1,CAD,60885000.0,44662000.0,11263000.0,11517000.0,-4045000.0,-0.028923,73.355,18.499,18.916,-6.644,2025-12-30,Q,False,yfinance
IIP.UN,InterRent Real Estate Investment Trust,2025-12-31,2025-Q4,CAD,62011000.0,45858000.0,32361000.0,32621000.0,16738000.0,,73.951,52.186,52.605,26.992,2025-10-01,Q,False,yfinance
IIP.UN,InterRent Real Estate Investment Trust,2025-09-30,2025-Q3,CAD,62389000.0,45376000.0,18972000.0,19168000.0,3516000.0,0.025168,72.731,30.409,30.723,5.636,2025-07-01,Q,False,yfinance
IIP.UN,InterRent Real Estate Investment Trust,2025-06-30,2025-Q2,CAD,61960000.0,44871000.0,3366000.0,3613000.0,-11573000.0,-0.082842,72.419,5.433,5.831,-18.678,2025-03-31,Q,False,yfinance
IIP.UN,InterRent Real Estate Investment Trust,2025-03-31,2025-Q1,CAD,62750000.0,46511000.0,24419000.0,24695000.0,9814000.0,0.068787,74.121,38.915,39.355,15.64,2024-12-30,Q,False,yfinance
JWEL,Jamieson Wellness Inc.,2026-03-31,2026-Q1,CAD,169750000.0,69085000.0,15394000.0,20421000.0,8809000.0,0.21,40.698,9.069,12.03,5.189,2025-12-30,Q,False,yfinance
JWEL,Jamieson Wellness Inc.,2025-12-31,2025-Q4,CAD,277659000.0,118683000.0,59271000.0,64320000.0,36833000.0,,42.744,21.347,23.165,13.266,2025-10-01,Q,False,yfinance
JWEL,Jamieson Wellness Inc.,2025-06-30,2025-Q2,CAD,199109000.0,80814000.0,23984000.0,28963000.0,13071000.0,0.3,40.588,12.046,14.546,6.565,2025-03-31,Q,False,yfinance
JWEL,Jamieson Wellness Inc.,2025-03-31,2025-Q1,CAD,145963000.0,55220000.0,770000.0,5525000.0,-2446000.0,-0.06,37.832,0.528,3.785,-1.676,2024-12-30,Q,False,yfinance
JWEL,Jamieson Wellness Inc.,2024-12-31,2024-Q4,CAD,244781000.0,100226000.0,57510000.0,61670000.0,36810000.0,,40.945,23.494,25.194,15.038,2024-10-01,Q,False,yfinance
KNT,K92 Mining Inc.,2026-03-31,2026-Q1,USD,236280000.0,179000000.0,169908000.0,181149000.0,116630000.0,0.47,75.758,71.91,76.667,49.361,2025-12-30,Q,False,yfinance
KNT,K92 Mining Inc.,2025-12-31,2025-Q4,USD,176758000.0,130147000.0,107906000.0,116077000.0,75081000.0,,73.63,61.047,65.67,42.477,2025-10-01,Q,False,yfinance
KNT,K92 Mining Inc.,2025-09-30,2025-Q3,USD,177547000.0,133738000.0,124246000.0,131433000.0,85671000.0,0.35,75.325,69.979,74.027,48.253,2025-07-01,Q,False,yfinance
KNT,K92 Mining Inc.,2025-06-30,2025-Q2,USD,96343000.0,63988000.0,54852000.0,60976000.0,39201000.0,0.16,66.417,56.934,63.291,40.689,2025-03-31,Q,False,yfinance
KNT,K92 Mining Inc.,2025-03-31,2025-Q1,USD,144601000.0,110464000.0,101689000.0,108221000.0,70240000.0,0.29,76.392,70.324,74.841,48.575,2024-12-30,Q,False,yfinance
KEL,Kelt Exploration Ltd.,2026-03-31,2026-Q1,CAD,168106000.0,48657000.0,4490000.0,61127000.0,686000.0,0.0,28.944,2.671,36.362,0.408,2025-12-30,Q,False,yfinance
KEL,Kelt Exploration Ltd.,2025-12-31,2025-Q4,CAD,143789000.0,36085000.0,28547000.0,81612000.0,19064000.0,0.38,25.096,19.853,56.758,13.258,2025-10-01,Q,False,yfinance
KEL,Kelt Exploration Ltd.,2025-09-30,2025-Q3,CAD,110377000.0,13425000.0,-5948000.0,37361000.0,-7446000.0,-0.04,12.163,-5.389,33.849,-6.746,2025-07-01,Q,False,yfinance
KEL,Kelt Exploration Ltd.,2025-06-30,2025-Q2,CAD,116418000.0,30031000.0,45534000.0,88962000.0,32461000.0,0.16,25.796,39.113,76.416,27.883,2025-03-31,Q,False,yfinance
KEL,Kelt Exploration Ltd.,2025-03-31,2025-Q1,CAD,142501000.0,46237000.0,27188000.0,70957000.0,18979000.0,0.09,32.447,19.079,49.794,13.319,2024-12-30,Q,False,yfinance
KEY,Keyera Corp.,2026-03-31,2026-Q1,CAD,1300667000.0,5480000.0,-73091000.0,21366000.0,-121970000.0,-0.53,0.421,-5.62,1.643,-9.377,2025-12-30,Q,False,yfinance
KEY,Keyera Corp.,2025-12-31,2025-Q4,CAD,1695762000.0,,204198000.0,305058000.0,90266000.0,0.39,,12.042,17.989,5.323,2025-10-01,Q,False,yfinance
KEY,Keyera Corp.,2025-09-30,2025-Q3,CAD,1788732000.0,226768000.0,163231000.0,254462000.0,85216000.0,0.37,12.678,9.126,14.226,4.764,2025-07-01,Q,False,yfinance
KEY,Keyera Corp.,2025-06-30,2025-Q2,CAD,1609118000.0,273842000.0,220814000.0,312581000.0,126518000.0,0.55,17.018,13.723,19.426,7.863,2025-03-31,Q,False,yfinance
KEY,Keyera Corp.,2025-03-31,2025-Q1,CAD,1760407000.0,260503000.0,222290000.0,313377000.0,130335000.0,0.57,14.798,12.627,17.801,7.404,2024-12-30,Q,False,yfinance
KEY,Keyera Corp.,2024-12-31,2024-Q4,CAD,,217433000.0,,,,,,,,,2024-10-01,Q,False,yfinance
KMP.UN,Killam Apartment Real Estate Investment Trust,2026-03-31,2026-Q1,CAD,96676000.0,61979000.0,71314000.0,71582000.0,50265000.0,0.411763,64.11,73.766,74.043,51.993,2025-12-30,Q,False,yfinance
KMP.UN,Killam Apartment Real Estate Investment Trust,2025-12-31,2025-Q4,CAD,96259000.0,63972000.0,-126751000.0,-126536000.0,-147495000.0,,66.458,-131.677,-131.454,-153.227,2025-10-01,Q,False,yfinance
KMP.UN,Killam Apartment Real Estate Investment Trust,2025-06-30,2025-Q2,CAD,95646000.0,64075000.0,52286000.0,52554000.0,33134000.0,0.274024,66.992,54.666,54.946,34.642,2025-03-31,Q,False,yfinance
KMP.UN,Killam Apartment Real Estate Investment Trust,2025-03-31,2025-Q1,CAD,93024000.0,58995000.0,121094000.0,121364000.0,101912000.0,0.849209,63.419,130.175,130.465,109.555,2024-12-30,Q,False,yfinance
KMP.UN,Killam Apartment Real Estate Investment Trust,2024-12-31,2024-Q4,CAD,92581000.0,61120000.0,62899000.0,63157000.0,363419000.0,,66.018,67.939,68.218,392.542,2024-10-01,Q,False,yfinance
K,Kinross Gold Corporation,2026-06-30,2026-Q2,USD,2238100000.0,1287900000.0,1190400000.0,1465900000.0,844200000.0,0.71,57.544,53.188,65.498,37.719,2026-03-31,Q,False,yfinance
K,Kinross Gold Corporation,2026-03-31,2026-Q1,USD,2407700000.0,1441500000.0,1328400000.0,1604100000.0,843000000.0,0.7,59.87,55.173,66.624,35.013,2025-12-30,Q,False,yfinance
K,Kinross Gold Corporation,2025-12-31,2025-Q4,USD,2023000000.0,1238100000.0,1118500000.0,1386800000.0,906500000.0,,61.201,55.289,68.552,44.81,2025-10-01,Q,False,yfinance
K,Kinross Gold Corporation,2025-09-30,2025-Q3,USD,1802100000.0,918100000.0,859500000.0,1144900000.0,584900000.0,,50.946,47.694,63.531,32.457,2025-07-01,Q,False,yfinance
K,Kinross Gold Corporation,2025-06-30,2025-Q2,USD,1728500000.0,897200000.0,749700000.0,1012600000.0,530700000.0,0.43,51.906,43.373,58.583,30.703,2025-03-31,Q,False,yfinance
K,Kinross Gold Corporation,2025-03-31,2025-Q1,USD,,,,,,0.3,,,,,2024-12-30,Q,False,yfinance
KXS,Kinaxis Inc.,2026-03-31,2026-Q1,USD,165568000.0,114016000.0,40306000.0,44982000.0,29420000.0,1.04,68.864,24.344,27.168,17.769,2025-12-30,Q,False,yfinance
KXS,Kinaxis Inc.,2025-12-31,2025-Q4,USD,144235000.0,94259000.0,23788000.0,28374000.0,19501000.0,0.68,65.351,16.493,19.672,13.52,2025-10-01,Q,False,yfinance
KXS,Kinaxis Inc.,2025-06-30,2025-Q2,USD,136415000.0,87531000.0,18356000.0,23338000.0,18439000.0,0.64,64.165,13.456,17.108,13.517,2025-03-31,Q,False,yfinance
KXS,Kinaxis Inc.,2025-03-31,2025-Q1,USD,132788000.0,86539000.0,18316000.0,23739000.0,15913000.0,0.55,65.171,13.793,17.877,11.984,2024-12-30,Q,False,yfinance
KXS,Kinaxis Inc.,2024-12-31,2024-Q4,USD,123935000.0,75102000.0,-3004000.0,3042000.0,-16316000.0,,60.598,-2.424,2.455,-13.165,2024-10-01,Q,False,yfinance
LIF,Labrador Iron Ore Royalty Corporation,2026-03-31,2026-Q1,CAD,35748000.0,28663000.0,26528000.0,28007000.0,13195000.0,0.21,80.181,74.208,78.346,36.911,2025-12-30,Q,False,yfinance
LIF,Labrador Iron Ore Royalty Corporation,2025-12-31,2025-Q4,CAD,39460000.0,31642000.0,29508000.0,30837000.0,22198000.0,,80.188,74.78,78.147,56.254,2025-10-01,Q,False,yfinance
LIF,Labrador Iron Ore Royalty Corporation,2025-06-30,2025-Q2,CAD,46679000.0,37435000.0,35023000.0,36693000.0,26520000.0,0.42,80.197,75.029,78.607,56.814,2025-03-31,Q,False,yfinance
LIF,Labrador Iron Ore Royalty Corporation,2025-03-31,2025-Q1,CAD,35888000.0,28774000.0,26324000.0,27980000.0,21421000.0,0.33,80.177,73.35,77.965,59.688,2024-12-30,Q,False,yfinance
LIF,Labrador Iron Ore Royalty Corporation,2024-12-31,2024-Q4,CAD,56512000.0,45294000.0,42940000.0,44476000.0,31929000.0,,80.149,75.984,78.702,56.5,2024-10-01,Q,False,yfinance
LNR,Linamar Corporation,2026-03-31,2026-Q1,CAD,2939427000.0,452958000.0,320443000.0,487002000.0,221369000.0,3.71,15.41,10.902,16.568,7.531,2025-12-30,Q,False,yfinance
LNR,Linamar Corporation,2025-12-31,2025-Q4,CAD,2515274000.0,349275000.0,169833000.0,332635000.0,110729000.0,1.85,13.886,6.752,13.225,4.402,2025-10-01,Q,False,yfinance
LNR,Linamar Corporation,2025-09-30,2025-Q3,CAD,2541720000.0,367499000.0,251400000.0,404390000.0,169174000.0,2.82,14.459,9.891,15.91,6.656,2025-07-01,Q,False,yfinance
LNR,Linamar Corporation,2025-06-30,2025-Q2,CAD,2642693000.0,398201000.0,205560000.0,357039000.0,126914000.0,2.12,15.068,7.778,13.51,4.802,2025-03-31,Q,False,yfinance
LNR,Linamar Corporation,2025-03-31,2025-Q1,CAD,2532077000.0,402445000.0,266050000.0,421079000.0,177699000.0,2.94,15.894,10.507,16.63,7.018,2024-12-30,Q,False,yfinance
LB,Laurentian Bank of Canada,2026-04-30,2026-Q2,CAD,213655000.0,,,,-20587000.0,-0.5,,,,-9.636,2026-01-29,Q,False,yfinance
LB,Laurentian Bank of Canada,2026-01-31,2026-Q1,CAD,251555000.0,,,,-20497000.0,-0.58,,,,-8.148,2025-11-01,Q,False,yfinance
LB,Laurentian Bank of Canada,2025-10-31,2025-Q4,CAD,244710000.0,,,,31481000.0,,,,,12.865,2025-08-01,Q,False,yfinance
LB,Laurentian Bank of Canada,2025-07-31,2025-Q3,CAD,246809000.0,,,,37463000.0,0.73,,,,15.179,2025-05-01,Q,False,yfinance
LB,Laurentian Bank of Canada,2025-04-30,2025-Q2,CAD,242516000.0,,,,32329000.0,0.69,,,,13.331,2025-01-29,Q,False,yfinance
LB,Laurentian Bank of Canada,2025-01-31,2025-Q1,CAD,,,,,,0.76,,,,,2024-11-01,Q,False,yfinance
LSPD,Lightspeed Commerce Inc.,2026-06-30,2026-Q2,USD,322704000.0,138559000.0,-253000.0,8169000.0,-2421000.0,-0.02,42.937,-0.078,2.531,-0.75,2026-03-31,Q,False,yfinance
LSPD,Lightspeed Commerce Inc.,2026-03-31,2026-Q1,USD,290795000.0,129109000.0,-43019000.0,-5310000.0,-28567000.0,-0.2,44.399,-14.794,-1.826,-9.824,2025-12-30,Q,False,yfinance
LSPD,Lightspeed Commerce Inc.,2025-12-31,2025-Q4,USD,312346000.0,133577000.0,-32484000.0,5395000.0,-33578000.0,-0.24,42.766,-10.4,1.727,-10.75,2025-10-01,Q,False,yfinance
LSPD,Lightspeed Commerce Inc.,2025-09-30,2025-Q3,USD,318963000.0,135163000.0,-31114000.0,6556000.0,-32700000.0,,42.376,-9.755,2.055,-10.252,2025-07-01,Q,False,yfinance
LSPD,Lightspeed Commerce Inc.,2025-06-30,2025-Q2,USD,304942000.0,129073000.0,-47965000.0,-10461000.0,-49567000.0,-0.35,42.327,-15.729,-3.43,-16.255,2025-03-31,Q,False,yfinance
LSPD,Lightspeed Commerce Inc.,2025-03-31,2025-Q1,USD,,,,,,-3.79,,,,,2024-12-30,Q,False,yfinance
LAC,Lithium Americas Corp.,2026-03-31,2026-Q1,USD,0.0,,-11097000.0,-10770000.0,-409000.0,0.0,,,,,2025-12-30,Q,False,yfinance
LAC,Lithium Americas Corp.,2025-12-31,2025-Q4,USD,0.0,,171095000.0,171339000.0,98746000.0,,,,,,2025-10-01,Q,False,yfinance
LAC,Lithium Americas Corp.,2025-09-30,2025-Q3,USD,0.0,,-199161000.0,-198893000.0,-197684000.0,-0.83,,,,,2025-07-01,Q,False,yfinance
LAC,Lithium Americas Corp.,2025-06-30,2025-Q2,USD,0.0,-10000.0,-13249000.0,-12980000.0,-12447000.0,-0.06,,,,,2025-03-31,Q,False,yfinance
LAC,Lithium Americas Corp.,2025-03-31,2025-Q1,USD,0.0,-12000.0,-6536000.0,-6271000.0,-10702000.0,-0.05,,,,,2024-12-30,Q,False,yfinance
LAC,Lithium Americas Corp.,2024-12-31,2024-Q4,USD,,119000.0,,,,,,,,,2024-10-01,Q,False,yfinance
L,Loblaw Companies Limited,2026-06-30,2026-Q2,CAD,15046000000.0,4851000000.0,1204000000.0,1832000000.0,751000000.0,0.64,32.241,8.002,12.176,4.991,2026-03-31,Q,False,yfinance
L,Loblaw Companies Limited,2026-03-31,2026-Q1,CAD,14484000000.0,4548000000.0,1016000000.0,1635000000.0,594000000.0,0.5,31.4,7.015,11.288,4.101,2025-12-30,Q,False,yfinance
L,Loblaw Companies Limited,2025-12-31,2025-Q4,CAD,15701000000.0,4366000000.0,917000000.0,1536000000.0,656000000.0,,27.807,5.84,9.783,4.178,2025-10-01,Q,False,yfinance
L,Loblaw Companies Limited,2025-09-30,2025-Q3,CAD,19395000000.0,6202000000.0,1378000000.0,2188000000.0,794000000.0,0.66,31.977,7.105,11.281,4.094,2025-07-01,Q,False,yfinance
L,Loblaw Companies Limited,2025-06-30,2025-Q2,CAD,14457000000.0,4634000000.0,1172000000.0,1772000000.0,714000000.0,0.59,32.054,8.107,12.257,4.939,2025-03-31,Q,False,yfinance
L,Loblaw Companies Limited,2025-03-31,2025-Q1,CAD,,,,,,0.42,,,,,2024-12-30,Q,False,yfinance
LUG,Lundin Gold Inc.,2026-03-31,2026-Q1,USD,567380000.0,420703000.0,391028000.0,423932000.0,273331000.0,1.13,74.148,68.918,74.717,48.174,2025-12-30,Q,False,yfinance
LUG,Lundin Gold Inc.,2025-12-31,2025-Q4,USD,526596000.0,373402000.0,334121000.0,369865000.0,234205000.0,,70.909,63.449,70.237,44.475,2025-10-01,Q,False,yfinance
LUG,Lundin Gold Inc.,2025-06-30,2025-Q2,USD,452880000.0,314161000.0,288696000.0,324062000.0,196731000.0,0.82,69.37,63.747,71.556,43.44,2025-03-31,Q,False,yfinance
LUG,Lundin Gold Inc.,2025-03-31,2025-Q1,USD,356345000.0,233546000.0,211059000.0,240671000.0,153500000.0,0.63,65.539,59.229,67.539,43.076,2024-12-30,Q,False,yfinance
LUG,Lundin Gold Inc.,2024-12-31,2024-Q4,USD,341791000.0,215208000.0,201562000.0,235098000.0,129147000.0,,62.965,58.972,68.784,37.785,2024-10-01,Q,False,yfinance
LUN,Lundin Mining Corporation,2026-03-31,2026-Q1,USD,1158800000.0,537500000.0,481400000.0,615700000.0,281400000.0,0.33,46.384,41.543,53.133,24.284,2025-12-30,Q,False,yfinance
LUN,Lundin Mining Corporation,2025-12-31,2025-Q4,USD,1145100000.0,470100000.0,411700000.0,564400000.0,767300000.0,,41.053,35.953,49.288,67.007,2025-10-01,Q,False,yfinance
LUN,Lundin Mining Corporation,2025-06-30,2025-Q2,USD,937200000.0,271300000.0,244000000.0,403300000.0,228500000.0,0.27,28.948,26.035,43.032,24.381,2025-03-31,Q,False,yfinance
LUN,Lundin Mining Corporation,2025-03-31,2025-Q1,USD,919600000.0,306300000.0,267000000.0,400500000.0,124300000.0,0.15,33.308,29.034,43.552,13.517,2024-12-30,Q,False,yfinance
LUN,Lundin Mining Corporation,2024-12-31,2024-Q4,USD,329040000.0,186196000.0,-132364000.0,-106844000.0,-440159000.0,-0.57,56.588,-40.227,-32.471,-133.771,2024-10-01,Q,False,yfinance
MG,Magna International Inc.,2026-06-30,2026-Q2,USD,10980000000.0,1612000000.0,636000000.0,1048000000.0,469000000.0,,14.681,5.792,9.545,4.271,2026-03-31,Q,False,yfinance
MG,Magna International Inc.,2026-03-31,2026-Q1,USD,10381000000.0,1423000000.0,124000000.0,546000000.0,-12000000.0,-0.04,13.708,1.194,5.26,-0.116,2025-12-30,Q,False,yfinance
MG,Magna International Inc.,2025-12-31,2025-Q4,USD,10848000000.0,1754000000.0,222000000.0,919000000.0,-1000000.0,0.0,16.169,2.046,8.472,-0.009,2025-10-01,Q,False,yfinance
MG,Magna International Inc.,2025-09-30,2025-Q3,USD,10462000000.0,1489000000.0,538000000.0,954000000.0,305000000.0,,14.232,5.142,9.119,2.915,2025-07-01,Q,False,yfinance
MG,Magna International Inc.,2025-06-30,2025-Q2,USD,10631000000.0,1504000000.0,548000000.0,965000000.0,379000000.0,1.35,14.147,5.155,9.077,3.565,2025-03-31,Q,False,yfinance
MG,Magna International Inc.,2025-03-31,2025-Q1,USD,,,,,,0.52,,,,,2024-12-30,Q,False,yfinance
MG,Magna International Inc.,2024-12-31,2024-Q4,USD,,,,,,0.71,,,,,2024-10-01,Q,False,yfinance
MFC,Manulife Financial Corporation,2026-03-31,2026-Q1,CAD,11861000000.0,,1855000000.0,,1193000000.0,0.65,,15.639,,10.058,2025-12-30,Q,False,yfinance
MFC,Manulife Financial Corporation,2025-12-31,2025-Q4,CAD,8604000000.0,,2310000000.0,,1562000000.0,,,26.848,,18.154,2025-10-01,Q,False,yfinance
MFC,Manulife Financial Corporation,2025-09-30,2025-Q3,CAD,17309000000.0,,2617000000.0,,1789000000.0,1.02,,15.119,,10.336,2025-07-01,Q,False,yfinance
MFC,Manulife Financial Corporation,2025-06-30,2025-Q2,CAD,41125000000.0,,2619000000.0,,1874000000.0,0.98,,6.368,,4.557,2025-03-31,Q,False,yfinance
MFC,Manulife Financial Corporation,2025-03-31,2025-Q1,CAD,9044000000.0,,1078000000.0,,557000000.0,0.25,,11.92,,6.159,2024-12-30,Q,False,yfinance
MFI,Maple Leaf Foods Inc.,2026-03-31,2026-Q1,CAD,962850000.0,180375000.0,79661000.0,126467000.0,46074000.0,0.36,18.733,8.273,13.135,4.785,2025-12-30,Q,False,yfinance
MFI,Maple Leaf Foods Inc.,2025-12-31,2025-Q4,CAD,991242000.0,158415000.0,6168000.0,54355000.0,391234000.0,,15.981,0.622,5.484,39.469,2025-10-01,Q,False,yfinance
MFI,Maple Leaf Foods Inc.,2025-06-30,2025-Q2,CAD,1362144000.0,235717000.0,105763000.0,167866000.0,57778000.0,0.46,17.305,7.764,12.324,4.242,2025-03-31,Q,False,yfinance
MFI,Maple Leaf Foods Inc.,2025-03-31,2025-Q1,CAD,906664000.0,154142000.0,52015000.0,115669000.0,49563000.0,0.4,17.001,5.737,12.758,5.467,2024-12-30,Q,False,yfinance
MFI,Maple Leaf Foods Inc.,2024-12-31,2024-Q4,CAD,1220863000.0,236298000.0,108320000.0,173203000.0,53535000.0,,19.355,8.872,14.187,4.385,2024-10-01,Q,False,yfinance
MDA,MDA Space Ltd.,2026-03-31,2026-Q1,CAD,464100000.0,115200000.0,47600000.0,78100000.0,29600000.0,0.213473,24.822,10.256,16.828,6.378,2025-12-30,Q,False,yfinance
MDA,MDA Space Ltd.,2025-12-31,2025-Q4,CAD,499100000.0,127100000.0,36100000.0,82400000.0,24000000.0,,25.466,7.233,16.51,4.809,2025-10-01,Q,False,yfinance
MDA,MDA Space Ltd.,2025-09-30,2025-Q3,CAD,409800000.0,108100000.0,44400000.0,87800000.0,24400000.0,0.19,26.379,10.835,21.425,5.954,2025-07-01,Q,False,yfinance
MDA,MDA Space Ltd.,2025-06-30,2025-Q2,CAD,373300000.0,94800000.0,38700000.0,64300000.0,27200000.0,0.21,25.395,10.367,17.225,7.286,2025-03-31,Q,False,yfinance
MDA,MDA Space Ltd.,2025-03-31,2025-Q1,CAD,351000000.0,79700000.0,50200000.0,75500000.0,32900000.0,0.26,22.707,14.302,21.51,9.373,2024-12-30,Q,False,yfinance
MX,Methanex Corporation,2026-06-30,2026-Q2,USD,1395259000.0,638006000.0,400777000.0,521310000.0,197832000.0,2.45,45.727,28.724,37.363,14.179,2026-03-31,Q,False,yfinance
MX,Methanex Corporation,2026-03-31,2026-Q1,USD,973718000.0,203242000.0,61454000.0,181337000.0,-13619000.0,-0.18,20.873,6.311,18.623,-1.399,2025-12-30,Q,False,yfinance
MX,Methanex Corporation,2025-12-31,2025-Q4,USD,968810000.0,198286000.0,-1411000.0,125394000.0,-88757000.0,-1.15,20.467,-0.146,12.943,-9.161,2025-10-01,Q,False,yfinance
MX,Methanex Corporation,2025-09-30,2025-Q3,USD,927435000.0,179339000.0,68864000.0,179735000.0,-7072000.0,,19.337,7.425,19.38,-0.763,2025-07-01,Q,False,yfinance
MX,Methanex Corporation,2025-06-30,2025-Q2,USD,796505000.0,215636000.0,137127000.0,239359000.0,64414000.0,0.93,27.073,17.216,30.051,8.087,2025-03-31,Q,False,yfinance
MX,Methanex Corporation,2025-03-31,2025-Q1,USD,,,,,,1.44,,,,,2024-12-30,Q,False,yfinance
MAU,Montage Gold Corp.,2026-03-31,2026-Q1,USD,0.0,,-8126000.0,-7891000.0,-8149000.0,0.02,,,,,2025-12-30,Q,False,yfinance
MAU,Montage Gold Corp.,2025-12-31,2025-Q4,USD,0.0,,-5522000.0,-5284000.0,-6040000.0,,,,,,2025-10-01,Q,False,yfinance
MAU,Montage Gold Corp.,2025-09-30,2025-Q3,USD,0.0,,-4590000.0,-4389000.0,-4551000.0,-0.01,,,,,2025-07-01,Q,False,yfinance
MAU,Montage Gold Corp.,2025-06-30,2025-Q2,USD,0.0,,-14392000.0,-14215000.0,-14349000.0,-0.04,,,,,2025-03-31,Q,False,yfinance
MAU,Montage Gold Corp.,2025-03-31,2025-Q1,USD,0.0,,-24615000.0,-24442000.0,-24640000.0,0.07,,,,,2024-12-30,Q,False,yfinance
MRU,Metro Inc.,2026-03-31,2026-Q1,CAD,5113000000.0,1027100000.0,364300000.0,508600000.0,246500000.0,1.16,20.088,7.125,9.947,4.821,2025-12-30,Q,False,yfinance
MRU,Metro Inc.,2025-12-31,2025-Q4,CAD,5285800000.0,1041400000.0,339000000.0,482600000.0,225500000.0,1.05,19.702,6.413,9.13,4.266,2025-10-01,Q,False,yfinance
MRU,Metro Inc.,2025-09-30,2025-Q3,CAD,5108700000.0,1021800000.0,320400000.0,460200000.0,216000000.0,1.0,20.001,6.272,9.008,4.228,2025-07-01,Q,False,yfinance
MRU,Metro Inc.,2025-06-30,2025-Q2,CAD,6871000000.0,1357800000.0,470800000.0,655700000.0,322800000.0,1.48,19.761,6.852,9.543,4.698,2025-03-31,Q,False,yfinance
MRU,Metro Inc.,2025-03-31,2025-Q1,CAD,4909900000.0,982400000.0,324900000.0,461000000.0,219400000.0,0.99,20.009,6.617,9.389,4.469,2024-12-30,Q,False,yfinance
MTL,Mullen Group Ltd.,2026-06-30,2026-Q2,CAD,609301000.0,149148000.0,61880000.0,99785000.0,35947000.0,0.37,24.479,10.156,16.377,5.9,2026-03-31,Q,False,yfinance
MTL,Mullen Group Ltd.,2026-03-31,2026-Q1,CAD,547696000.0,119412000.0,41282000.0,79232000.0,21046000.0,0.22,21.803,7.537,14.466,3.843,2025-12-30,Q,False,yfinance
MTL,Mullen Group Ltd.,2025-12-31,2025-Q4,CAD,533882000.0,118622000.0,39926000.0,78533000.0,14606000.0,,22.219,7.478,14.71,2.736,2025-10-01,Q,False,yfinance
MTL,Mullen Group Ltd.,2025-06-30,2025-Q2,CAD,540899000.0,128838000.0,44459000.0,79946000.0,25569000.0,0.28,23.819,8.219,14.78,4.727,2025-03-31,Q,False,yfinance
MTL,Mullen Group Ltd.,2025-03-31,2025-Q1,CAD,497143000.0,107638000.0,36150000.0,70274000.0,17727000.0,0.2,21.651,7.272,14.136,3.566,2024-12-30,Q,False,yfinance
NA,National Bank of Canada,2026-04-30,2026-Q2,CAD,3898000000.0,,,,1234000000.0,3.06,,,,31.657,2026-01-29,Q,False,yfinance
NA,National Bank of Canada,2026-01-31,2026-Q1,CAD,3883000000.0,,,,1254000000.0,3.08,,,,32.295,2025-11-01,Q,False,yfinance
NA,National Bank of Canada,2025-10-31,2025-Q4,CAD,3696000000.0,,,,1059000000.0,,,,,28.653,2025-08-01,Q,False,yfinance
NA,National Bank of Canada,2025-07-31,2025-Q3,CAD,3440000000.0,,,,1065000000.0,2.58,,,,30.959,2025-05-01,Q,False,yfinance
NA,National Bank of Canada,2025-04-30,2025-Q2,CAD,3649000000.0,,,,896000000.0,2.17,,,,24.555,2025-01-29,Q,False,yfinance
NA,National Bank of Canada,2025-01-31,2025-Q1,CAD,,,,,,2.78,,,,,2024-11-01,Q,False,yfinance
NXE,NexGen Energy Ltd.,2026-03-31,2026-Q1,CAD,0.0,,-145117000.0,-144689000.0,-156031000.0,-0.24,,,,,2025-12-30,Q,False,yfinance
NXE,NexGen Energy Ltd.,2025-12-31,2025-Q4,CAD,0.0,,-31882000.0,-31318000.0,-42829000.0,,,,,,2025-10-01,Q,False,yfinance
NXE,NexGen Energy Ltd.,2025-09-30,2025-Q3,CAD,0.0,,-115651000.0,-115093000.0,-129220000.0,,,,,,2025-07-01,Q,False,yfinance
NXE,NexGen Energy Ltd.,2025-06-30,2025-Q2,CAD,0.0,,-72661000.0,-72131000.0,-86693000.0,-0.14,,,,,2025-03-31,Q,False,yfinance
NXE,NexGen Energy Ltd.,2025-03-31,2025-Q1,CAD,0.0,,-28644000.0,-28095000.0,-50935000.0,-0.09,,,,,2024-12-30,Q,False,yfinance
NFI,NFI Group Inc.,2026-03-31,2026-Q1,USD,841978000.0,132292000.0,53500000.0,73451000.0,11512000.0,0.0964,15.712,6.354,8.724,1.367,2025-12-30,Q,False,yfinance
NFI,NFI Group Inc.,2025-12-31,2025-Q4,USD,1025118000.0,174420000.0,258992000.0,278928000.0,166020000.0,,17.015,25.265,27.209,16.195,2025-10-01,Q,False,yfinance
NFI,NFI Group Inc.,2025-06-30,2025-Q2,USD,868169000.0,116240000.0,-112325000.0,-92501000.0,-160774000.0,-1.35,13.389,-12.938,-10.655,-18.519,2025-03-31,Q,False,yfinance
NFI,NFI Group Inc.,2025-03-31,2025-Q1,USD,841420000.0,93960000.0,31956000.0,50137000.0,-6486000.0,-0.0545,11.167,3.798,5.959,-0.771,2024-12-30,Q,False,yfinance
NFI,NFI Group Inc.,2024-12-31,2024-Q4,USD,836989000.0,92261000.0,56104000.0,75676000.0,18563000.0,0.16,11.023,6.703,9.041,2.218,2024-10-01,Q,False,yfinance
NGEX,NGEx Minerals Ltd.,2026-03-31,2026-Q1,CAD,0.0,,-44067975.0,-44050003.0,-44143768.0,-0.2,,,,,2025-12-30,Q,False,yfinance
NGEX,NGEx Minerals Ltd.,2025-12-31,2025-Q4,CAD,0.0,,-38125483.0,-38107012.0,-38144358.0,,,,,,2025-10-01,Q,False,yfinance
NGEX,NGEx Minerals Ltd.,2025-09-30,2025-Q3,CAD,0.0,,-28643267.0,-28626196.0,-28662189.0,-0.14,,,,,2025-07-01,Q,False,yfinance
NGEX,NGEx Minerals Ltd.,2025-06-30,2025-Q2,CAD,0.0,,-21368518.0,-21351281.0,-21387225.0,-0.1,,,,,2025-03-31,Q,False,yfinance
NGEX,NGEx Minerals Ltd.,2025-03-31,2025-Q1,CAD,0.0,,-35123079.0,-35105187.0,-35142090.0,-0.17,,,,,2024-12-30,Q,False,yfinance
NPI,Northland Power Inc.,2026-03-31,2026-Q1,CAD,774581000.0,577371000.0,310337000.0,486098000.0,88615000.0,0.33,74.54,40.065,62.756,11.44,2025-12-30,Q,False,yfinance
NPI,Northland Power Inc.,2025-12-31,2025-Q4,CAD,722841000.0,,448962000.0,625104000.0,245336000.0,,,62.111,86.479,33.941,2025-10-01,Q,False,yfinance
NPI,Northland Power Inc.,2025-09-30,2025-Q3,CAD,554477000.0,,-489972000.0,-304363000.0,-412672000.0,-1.58,,-88.367,-54.892,-74.425,2025-07-01,Q,False,yfinance
NPI,Northland Power Inc.,2025-06-30,2025-Q2,CAD,509132000.0,,-30663000.0,151070000.0,-62744000.0,-0.25,,-6.023,29.672,-12.324,2025-03-31,Q,False,yfinance
NPI,Northland Power Inc.,2025-03-31,2025-Q1,CAD,665145000.0,490221000.0,240478000.0,412578000.0,66832000.0,0.25,73.701,36.154,62.028,10.048,2024-12-30,Q,False,yfinance
NWC,North West Company Inc.,2026-04-30,2026-Q2,CAD,631634000.0,215261000.0,43552000.0,74358000.0,27349000.0,0.56,34.08,6.895,11.772,4.33,2026-01-29,Q,False,yfinance
NWC,North West Company Inc.,2026-01-31,2026-Q1,CAD,675548000.0,230049000.0,58321000.0,89028000.0,37483000.0,,34.054,8.633,13.179,5.549,2025-11-01,Q,False,yfinance
NWC,North West Company Inc.,2025-10-31,2025-Q4,CAD,634315000.0,217135000.0,58709000.0,88881000.0,40073000.0,0.82,34.231,9.255,14.012,6.318,2025-08-01,Q,False,yfinance
NWC,North West Company Inc.,2025-07-31,2025-Q3,CAD,646977000.0,219934000.0,55170000.0,85152000.0,36094000.0,0.74,33.994,8.527,13.162,5.579,2025-05-01,Q,False,yfinance
NWC,North West Company Inc.,2025-04-30,2025-Q2,CAD,641369000.0,213973000.0,40384000.0,70131000.0,25835000.0,0.53,33.362,6.297,10.935,4.028,2025-01-29,Q,False,yfinance
NG,NovaGold Resources Inc.,2026-05-31,2026-Q2,USD,0.0,-5000.0,-21748000.0,-21748000.0,-25493000.0,-0.06,,,,,2026-03-01,Q,False,yfinance
NG,NovaGold Resources Inc.,2026-02-28,2026-Q1,USD,0.0,-6000.0,-11827000.0,-11827000.0,-15435000.0,-0.04,,,,,2025-11-29,Q,False,yfinance
NG,NovaGold Resources Inc.,2025-11-30,2025-Q4,USD,0.0,-5000.0,-11948000.0,-11948000.0,-15622000.0,,,,,,2025-08-31,Q,False,yfinance
NG,NovaGold Resources Inc.,2025-08-31,2025-Q3,USD,0.0,-6000.0,-11819000.0,-11819000.0,-15646000.0,-0.04,,,,,2025-06-01,Q,False,yfinance
NG,NovaGold Resources Inc.,2025-05-31,2025-Q2,USD,0.0,-5000.0,-50568000.0,-50568000.0,-54275000.0,-0.15,,,,,2025-03-01,Q,False,yfinance
NG,NovaGold Resources Inc.,2025-02-28,2025-Q1,USD,,,,,,-0.03,,,,,2024-11-29,Q,False,yfinance
NTR,Nutrien Ltd.,2026-03-31,2026-Q1,USD,6046000000.0,1646000000.0,360000000.0,966000000.0,131000000.0,0.27,27.225,5.954,15.978,2.167,2025-12-30,Q,False,yfinance
NTR,Nutrien Ltd.,2025-12-31,2025-Q4,USD,5340000000.0,1888000000.0,963000000.0,1530000000.0,571000000.0,1.18,35.356,18.034,28.652,10.693,2025-10-01,Q,False,yfinance
NTR,Nutrien Ltd.,2025-09-30,2025-Q3,USD,6007000000.0,1964000000.0,807000000.0,1424000000.0,464000000.0,,32.695,13.434,23.706,7.724,2025-07-01,Q,False,yfinance
NTR,Nutrien Ltd.,2025-06-30,2025-Q2,USD,10438000000.0,3175000000.0,1782000000.0,2396000000.0,1221000000.0,2.5,30.418,17.072,22.955,11.698,2025-03-31,Q,False,yfinance
NTR,Nutrien Ltd.,2025-03-31,2025-Q1,USD,5100000000.0,1320000000.0,226000000.0,797000000.0,11000000.0,0.02,25.882,4.431,15.627,0.216,2024-12-30,Q,False,yfinance
NTR,Nutrien Ltd.,2024-12-31,2024-Q4,USD,,,,,,0.23,,,,,2024-10-01,Q,False,yfinance
ONEX,Onex Corporation,2026-03-31,2026-Q1,USD,187000000.0,137000000.0,129000000.0,133000000.0,129000000.0,1.76,73.262,68.984,71.123,68.984,2025-12-30,Q,False,yfinance
ONEX,Onex Corporation,2025-12-31,2025-Q4,USD,233000000.0,184000000.0,183000000.0,187000000.0,181000000.0,,78.97,78.541,80.258,77.682,2025-10-01,Q,False,yfinance
ONEX,Onex Corporation,2025-09-30,2025-Q3,USD,129000000.0,80000000.0,39000000.0,44000000.0,39000000.0,0.57,62.016,30.233,34.109,30.233,2025-07-01,Q,False,yfinance
ONEX,Onex Corporation,2025-06-30,2025-Q2,USD,324000000.0,277000000.0,243000000.0,249000000.0,229000000.0,3.3,85.494,75.0,76.852,70.679,2025-03-31,Q,False,yfinance
ONEX,Onex Corporation,2025-03-31,2025-Q1,USD,211000000.0,161000000.0,169000000.0,174000000.0,168000000.0,2.36,76.303,80.095,82.464,79.621,2024-12-30,Q,False,yfinance
OGC,OceanaGold Corporation,2026-03-31,2026-Q1,USD,714500000.0,403700000.0,336200000.0,420200000.0,228400000.0,1.01,56.501,47.054,58.81,31.966,2025-12-30,Q,False,yfinance
OGC,OceanaGold Corporation,2025-12-31,2025-Q4,USD,652400000.0,340000000.0,465700000.0,546800000.0,327700000.0,,52.115,71.383,83.814,50.23,2025-10-01,Q,False,yfinance
OGC,OceanaGold Corporation,2025-06-30,2025-Q2,USD,432400000.0,196400000.0,163800000.0,218700000.0,114100000.0,0.49,45.421,37.882,50.578,26.388,2025-03-31,Q,False,yfinance
OGC,OceanaGold Corporation,2025-03-31,2025-Q1,USD,359900000.0,163300000.0,139800000.0,193500000.0,99700000.0,0.42,45.374,38.844,53.765,27.702,2024-12-30,Q,False,yfinance
OGC,OceanaGold Corporation,2024-12-31,2024-Q4,USD,427300000.0,171700000.0,146700000.0,247200000.0,102100000.0,,40.183,34.332,57.852,23.894,2024-10-01,Q,False,yfinance
OTEX,Open Text Corporation,2026-03-31,2026-Q1,USD,1282504000.0,937273000.0,292360000.0,435401000.0,172652000.0,0.7,73.081,22.796,33.949,13.462,2025-12-30,Q,False,yfinance
OTEX,Open Text Corporation,2025-12-31,2025-Q4,USD,1326736000.0,982200000.0,305222000.0,463338000.0,168091000.0,0.66,74.031,23.005,34.923,12.67,2025-10-01,Q,False,yfinance
OTEX,Open Text Corporation,2025-09-30,2025-Q3,USD,1288135000.0,937516000.0,277189000.0,436875000.0,146616000.0,,72.781,21.519,33.915,11.382,2025-07-01,Q,False,yfinance
OTEX,Open Text Corporation,2025-06-30,2025-Q2,USD,1310537000.0,947699000.0,103576000.0,264415000.0,28833000.0,0.11,72.314,7.903,20.176,2.2,2025-03-31,Q,False,yfinance
OTEX,Open Text Corporation,2025-03-31,2025-Q1,USD,1254363000.0,898254000.0,194422000.0,353778000.0,92805000.0,0.35,71.61,15.5,28.204,7.399,2024-12-30,Q,False,yfinance
OTEX,Open Text Corporation,2024-12-31,2024-Q4,USD,,,,,,0.87,,,,,2024-10-01,Q,False,yfinance
OLA,Orla Mining Ltd.,2026-03-31,2026-Q1,USD,378880000.0,223298000.0,148855000.0,196757000.0,75405000.0,0.2,58.936,39.288,51.931,19.902,2025-12-30,Q,False,yfinance
OLA,Orla Mining Ltd.,2025-12-31,2025-Q4,USD,378491000.0,227743000.0,152559000.0,197361000.0,79242000.0,,60.171,40.307,52.144,20.936,2025-10-01,Q,False,yfinance
OLA,Orla Mining Ltd.,2025-09-30,2025-Q3,USD,274973000.0,131281000.0,92834000.0,136479000.0,49273000.0,0.14,47.743,33.761,49.634,17.919,2025-07-01,Q,False,yfinance
OLA,Orla Mining Ltd.,2025-06-30,2025-Q2,USD,263747000.0,131009000.0,105657000.0,146526000.0,48212000.0,0.13,49.672,40.06,55.556,18.28,2025-03-31,Q,False,yfinance
OLA,Orla Mining Ltd.,2025-03-31,2025-Q1,USD,140670000.0,72254000.0,-41114000.0,-24195000.0,-69832000.0,-0.22,51.364,-29.227,-17.2,-49.642,2024-12-30,Q,False,yfinance
OR,Osisko Gold Royalties Ltd.,2026-03-31,2026-Q1,USD,102832000.0,88840000.0,88426000.0,99415000.0,73582000.0,0.39,86.393,85.991,96.677,71.556,2025-12-30,Q,False,yfinance
OR,Osisko Gold Royalties Ltd.,2025-12-31,2025-Q4,USD,90465000.0,77642000.0,77080000.0,87636000.0,65245000.0,,85.825,85.204,96.873,72.122,2025-10-01,Q,False,yfinance
OR,Osisko Gold Royalties Ltd.,2025-09-30,2025-Q3,USD,71625000.0,59099000.0,92972000.0,103465000.0,82845000.0,,82.512,129.804,144.454,115.665,2025-07-01,Q,False,yfinance
OR,Osisko Gold Royalties Ltd.,2025-06-30,2025-Q2,USD,60364000.0,50191000.0,40573000.0,48482000.0,32358000.0,0.17,83.147,67.214,80.316,53.605,2025-03-31,Q,False,yfinance
OR,Osisko Gold Royalties Ltd.,2025-03-31,2025-Q1,USD,54916000.0,45553000.0,35235000.0,43267000.0,25640000.0,0.14,82.95,64.162,78.788,46.689,2024-12-30,Q,False,yfinance
PAAS,Pan American Silver Corp.,2026-03-31,2026-Q1,USD,1154000000.0,608000000.0,665000000.0,778000000.0,457000000.0,1.08,52.686,57.626,67.418,39.601,2025-12-30,Q,False,yfinance
PAAS,Pan American Silver Corp.,2025-12-31,2025-Q4,USD,1179300000.0,567900000.0,557800000.0,692500000.0,451500000.0,1.07,48.156,47.299,58.721,38.285,2025-10-01,Q,False,yfinance
PAAS,Pan American Silver Corp.,2025-09-30,2025-Q3,USD,854600000.0,313000000.0,263300000.0,383800000.0,168600000.0,0.44,36.625,30.81,44.91,19.729,2025-07-01,Q,False,yfinance
PAAS,Pan American Silver Corp.,2025-06-30,2025-Q2,USD,811900000.0,273300000.0,246300000.0,368700000.0,189200000.0,0.52,33.662,30.336,45.412,23.303,2025-03-31,Q,False,yfinance
PAAS,Pan American Silver Corp.,2025-03-31,2025-Q1,USD,773000000.0,251000000.0,234000000.0,353000000.0,169000000.0,0.47,32.471,30.272,45.666,21.863,2024-12-30,Q,False,yfinance
POU,Paramount Resources Ltd.,2026-03-31,2026-Q1,CAD,293000000.0,117200000.0,70900000.0,149200000.0,53200000.0,0.36,40.0,24.198,50.922,18.157,2025-12-30,Q,False,yfinance
POU,Paramount Resources Ltd.,2025-12-31,2025-Q4,CAD,271100000.0,89100000.0,-500000.0,77800000.0,-1900000.0,,32.866,-0.184,28.698,-0.701,2025-10-01,Q,False,yfinance
POU,Paramount Resources Ltd.,2025-06-30,2025-Q2,CAD,170900000.0,48800000.0,5900000.0,65700000.0,4200000.0,0.03,28.555,3.452,38.444,2.458,2025-03-31,Q,False,yfinance
POU,Paramount Resources Ltd.,2025-03-31,2025-Q1,CAD,376300000.0,170700000.0,1674300000.0,1725600000.0,1288800000.0,8.74,45.363,444.938,458.57,342.493,2024-12-30,Q,False,yfinance
POU,Paramount Resources Ltd.,2024-12-31,2024-Q4,CAD,558000000.0,290600000.0,94400000.0,177500000.0,87400000.0,,52.079,16.918,31.81,15.663,2024-10-01,Q,False,yfinance
PXT,Parex Resources Inc.,2026-06-30,2026-Q2,USD,468925000.0,172088000.0,412893000.0,475275000.0,444296000.0,4.61,36.698,88.051,101.354,94.748,2026-03-31,Q,False,yfinance
PXT,Parex Resources Inc.,2026-03-31,2026-Q1,USD,273132000.0,107435000.0,25776000.0,77065000.0,4589000.0,0.05,39.334,9.437,28.215,1.68,2025-12-30,Q,False,yfinance
PXT,Parex Resources Inc.,2025-12-31,2025-Q4,USD,251540000.0,88467000.0,36111000.0,90381000.0,74865000.0,,35.17,14.356,35.931,29.763,2025-10-01,Q,False,yfinance
PXT,Parex Resources Inc.,2025-06-30,2025-Q2,USD,241389000.0,95644000.0,59247000.0,107196000.0,49113000.0,0.5,39.622,24.544,44.408,20.346,2025-03-31,Q,False,yfinance
PXT,Parex Resources Inc.,2025-03-31,2025-Q1,USD,268147000.0,107455000.0,84523000.0,134942000.0,80629000.0,0.82,40.073,31.521,50.324,30.069,2024-12-30,Q,False,yfinance
PPTA,Perpetua Resources Corp.,2026-03-31,2026-Q1,USD,0.0,-115000.0,-55567000.0,-55452000.0,-48627000.0,-0.39,,,,,2025-12-30,Q,False,yfinance
PPTA,Perpetua Resources Corp.,2025-12-31,2025-Q4,USD,0.0,-69116.0,-67180108.0,-67110992.0,-60404948.0,,,,,,2025-10-01,Q,False,yfinance
PPTA,Perpetua Resources Corp.,2025-09-30,2025-Q3,USD,0.0,-35694.0,-30405175.0,-30369481.0,-25756120.0,-0.24,,,,,2025-07-01,Q,False,yfinance
PPTA,Perpetua Resources Corp.,2025-06-30,2025-Q2,USD,0.0,-32257.0,-6821603.0,-6789413.0,-6026329.0,-0.08,,,,,2025-03-31,Q,False,yfinance
PPTA,Perpetua Resources Corp.,2025-03-31,2025-Q1,USD,0.0,-31000.0,-8577000.0,-8546000.0,-8205000.0,-0.12,,,,,2024-12-30,Q,False,yfinance
PPL,Pembina Pipeline Corporation,2026-06-30,2026-Q2,CAD,2152000000.0,933000000.0,811000000.0,1056000000.0,512000000.0,0.82,43.355,37.686,49.071,23.792,2026-03-31,Q,False,yfinance
PPL,Pembina Pipeline Corporation,2026-03-31,2026-Q1,CAD,2106000000.0,929000000.0,784000000.0,1014000000.0,498000000.0,0.8,44.112,37.227,48.148,23.647,2025-12-30,Q,False,yfinance
PPL,Pembina Pipeline Corporation,2025-12-31,2025-Q4,CAD,1913000000.0,827000000.0,789000000.0,1045000000.0,489000000.0,0.78,43.231,41.244,54.626,25.562,2025-10-01,Q,False,yfinance
PPL,Pembina Pipeline Corporation,2025-09-30,2025-Q3,CAD,1791000000.0,658000000.0,555000000.0,796000000.0,286000000.0,,36.739,30.988,44.444,15.969,2025-07-01,Q,False,yfinance
PPL,Pembina Pipeline Corporation,2025-06-30,2025-Q2,CAD,1792000000.0,780000000.0,685000000.0,942000000.0,417000000.0,0.65,43.527,38.225,52.567,23.27,2025-03-31,Q,False,yfinance
PPL,Pembina Pipeline Corporation,2025-03-31,2025-Q1,CAD,,,,,,0.8,,,,,2024-12-30,Q,False,yfinance
PET,Pet Valu Holdings Ltd.,2026-03-31,2026-Q1,CAD,287943000.0,90445000.0,37056000.0,56279000.0,20047000.0,0.29,31.411,12.869,19.545,6.962,2025-12-30,Q,False,yfinance
PET,Pet Valu Holdings Ltd.,2025-12-31,2025-Q4,CAD,326360000.0,107581000.0,50368000.0,70762000.0,29366000.0,,32.964,15.433,21.682,8.998,2025-10-01,Q,False,yfinance
PET,Pet Valu Holdings Ltd.,2025-06-30,2025-Q2,CAD,280647000.0,93642000.0,39745000.0,57403000.0,21810000.0,0.31,33.366,14.162,20.454,7.771,2025-03-31,Q,False,yfinance
PET,Pet Valu Holdings Ltd.,2025-03-31,2025-Q1,CAD,279087000.0,92055000.0,39691000.0,56946000.0,21762000.0,0.31,32.984,14.222,20.404,7.798,2024-12-30,Q,False,yfinance
PET,Pet Valu Holdings Ltd.,2024-12-31,2024-Q4,CAD,295149000.0,100216000.0,50256000.0,67040000.0,28905000.0,0.4,33.954,17.027,22.714,9.793,2024-10-01,Q,False,yfinance
PEY,Peyto Exploration & Development Corp.,2026-03-31,2026-Q1,CAD,414110000.0,291196000.0,238612000.0,340800000.0,171089000.0,0.82,70.319,57.62,82.297,41.315,2025-12-30,Q,False,yfinance
PEY,Peyto Exploration & Development Corp.,2025-12-31,2025-Q4,CAD,307489000.0,190536000.0,168659000.0,268326000.0,125901000.0,,61.965,54.85,87.264,40.945,2025-10-01,Q,False,yfinance
PEY,Peyto Exploration & Development Corp.,2025-09-30,2025-Q3,CAD,224476000.0,119206000.0,136573000.0,231898000.0,90736000.0,0.45,53.104,60.841,103.306,40.421,2025-07-01,Q,False,yfinance
PEY,Peyto Exploration & Development Corp.,2025-06-30,2025-Q2,CAD,259754000.0,149386000.0,132884000.0,228724000.0,87832000.0,0.43,57.511,51.158,88.054,33.814,2025-03-31,Q,False,yfinance
PEY,Peyto Exploration & Development Corp.,2025-03-31,2025-Q1,CAD,311837000.0,190139000.0,168988000.0,265689000.0,114117000.0,0.57,60.974,54.191,85.201,36.595,2024-12-30,Q,False,yfinance
PSK,PrairieSky Royalty Ltd.,2026-06-30,2026-Q2,CAD,,,,,,0.41,,,,,2026-03-31,Q,False,yfinance
PSK,PrairieSky Royalty Ltd.,2026-03-31,2026-Q1,CAD,133800000.0,96100000.0,76500000.0,113100000.0,55800000.0,0.24,71.824,57.175,84.529,41.704,2025-12-30,Q,False,yfinance
PSK,PrairieSky Royalty Ltd.,2025-12-31,2025-Q4,CAD,111700000.0,73700000.0,62400000.0,99200000.0,44400000.0,0.19,65.98,55.864,88.809,39.749,2025-10-01,Q,False,yfinance
PSK,PrairieSky Royalty Ltd.,2025-06-30,2025-Q2,CAD,123600000.0,83900000.0,77000000.0,115900000.0,56300000.0,0.24,67.88,62.298,93.77,45.55,2025-03-31,Q,False,yfinance
PSK,PrairieSky Royalty Ltd.,2025-03-31,2025-Q1,CAD,128100000.0,90000000.0,79400000.0,116200000.0,58400000.0,0.25,70.258,61.983,90.71,45.589,2024-12-30,Q,False,yfinance
PSK,PrairieSky Royalty Ltd.,2024-12-31,2024-Q4,CAD,135600000.0,98100000.0,79000000.0,115300000.0,60200000.0,,72.345,58.26,85.029,44.395,2024-10-01,Q,False,yfinance
POW,Power Corporation of Canada,2026-06-30,2026-Q2,CAD,11916000000.0,,1596000000.0,,709000000.0,1.08,,13.394,,5.95,2026-03-31,Q,False,yfinance
POW,Power Corporation of Canada,2026-03-31,2026-Q1,CAD,6596000000.0,,1966000000.0,,840000000.0,1.27,,29.806,,12.735,2025-12-30,Q,False,yfinance
POW,Power Corporation of Canada,2025-12-31,2025-Q4,CAD,516000000.0,,1324000000.0,,424000000.0,,,256.589,,82.171,2025-10-01,Q,False,yfinance
POW,Power Corporation of Canada,2025-09-30,2025-Q3,CAD,13066000000.0,,1702000000.0,,716000000.0,1.07,,13.026,,5.48,2025-07-01,Q,False,yfinance
POW,Power Corporation of Canada,2025-06-30,2025-Q2,CAD,9197000000.0,,1518000000.0,,785000000.0,1.19,,16.505,,8.535,2025-03-31,Q,False,yfinance
POW,Power Corporation of Canada,2025-03-31,2025-Q1,CAD,,,,,,1.05,,,,,2024-12-30,Q,False,yfinance
PBH,Premium Brands Holdings Corporation,2026-03-31,2026-Q1,CAD,2051000000.0,386200000.0,72700000.0,139000000.0,2900000.0,0.06,18.83,3.545,6.777,0.141,2025-12-30,Q,False,yfinance
PBH,Premium Brands Holdings Corporation,2025-12-31,2025-Q4,CAD,1897100000.0,340600000.0,71900000.0,128100000.0,11700000.0,0.26,17.954,3.79,6.752,0.617,2025-10-01,Q,False,yfinance
PBH,Premium Brands Holdings Corporation,2025-09-30,2025-Q3,CAD,1986000000.0,364300000.0,66300000.0,119400000.0,-1700000.0,-0.04,18.343,3.338,6.012,-0.086,2025-07-01,Q,False,yfinance
PBH,Premium Brands Holdings Corporation,2025-06-30,2025-Q2,CAD,1914900000.0,361900000.0,96800000.0,146600000.0,27900000.0,0.62,18.899,5.055,7.656,1.457,2025-03-31,Q,False,yfinance
PBH,Premium Brands Holdings Corporation,2025-03-31,2025-Q1,CAD,1645900000.0,315900000.0,66500000.0,118200000.0,2600000.0,0.06,19.193,4.04,7.181,0.158,2024-12-30,Q,False,yfinance
PMZ.UN,Primaris Real Estate Investment Trust,2026-06-30,2026-Q2,CAD,175563000.0,101827000.0,14774000.0,15269000.0,-13679000.0,-0.116263,58.0,8.415,8.697,-7.792,2026-03-31,Q,False,yfinance
PMZ.UN,Primaris Real Estate Investment Trust,2026-03-31,2026-Q1,CAD,177772000.0,96129000.0,70514000.0,71006000.0,41918000.0,0.355946,54.074,39.665,39.942,23.58,2025-12-30,Q,False,yfinance
PMZ.UN,Primaris Real Estate Investment Trust,2025-12-31,2025-Q4,CAD,189215000.0,111845000.0,90169000.0,90665000.0,60779000.0,,59.11,47.654,47.916,32.122,2025-10-01,Q,False,yfinance
PMZ.UN,Primaris Real Estate Investment Trust,2025-06-30,2025-Q2,CAD,151605000.0,86348000.0,74944000.0,75428000.0,50379000.0,0.469164,56.956,49.434,49.753,33.23,2025-03-31,Q,False,yfinance
PMZ.UN,Primaris Real Estate Investment Trust,2025-03-31,2025-Q1,CAD,150749000.0,83512000.0,55927000.0,56433000.0,31147000.0,0.306606,55.398,37.099,37.435,20.661,2024-12-30,Q,False,yfinance
RBA,"RB Global, Inc.",2026-03-31,2026-Q1,USD,1234600000.0,562800000.0,217200000.0,385300000.0,135500000.0,0.66,45.586,17.593,31.208,10.975,2025-12-30,Q,False,yfinance
RBA,"RB Global, Inc.",2025-12-31,2025-Q4,USD,1203400000.0,567800000.0,181500000.0,350000000.0,109700000.0,0.53,47.183,15.082,29.084,9.116,2025-10-01,Q,False,yfinance
RBA,"RB Global, Inc.",2025-09-30,2025-Q3,USD,1092700000.0,503600000.0,159900000.0,325700000.0,95500000.0,,46.088,14.633,29.807,8.74,2025-07-01,Q,False,yfinance
RBA,"RB Global, Inc.",2025-06-30,2025-Q2,USD,1186000000.0,545700000.0,193000000.0,349200000.0,109800000.0,0.53,46.012,16.273,29.444,9.258,2025-03-31,Q,False,yfinance
RBA,"RB Global, Inc.",2025-03-31,2025-Q1,USD,1108600000.0,511700000.0,192800000.0,346000000.0,113400000.0,0.55,46.157,17.391,31.211,10.229,2024-12-30,Q,False,yfinance
RBA,"RB Global, Inc.",2024-12-31,2024-Q4,USD,,,,,,0.58,,,,,2024-10-01,Q,False,yfinance
QBR.B,Quebecor Inc.,2026-03-31,2026-Q1,CAD,1395200000.0,817500000.0,372800000.0,582200000.0,225400000.0,0.97,58.594,26.72,41.729,16.155,2025-12-30,Q,False,yfinance
QBR.B,Quebecor Inc.,2025-12-31,2025-Q4,CAD,1546300000.0,888100000.0,377900000.0,593200000.0,211500000.0,,57.434,24.439,38.363,13.678,2025-10-01,Q,False,yfinance
QBR.B,Quebecor Inc.,2025-06-30,2025-Q2,CAD,1380400000.0,801500000.0,378700000.0,592500000.0,217700000.0,0.94,58.063,27.434,42.922,15.771,2025-03-31,Q,False,yfinance
QBR.B,Quebecor Inc.,2025-03-31,2025-Q1,CAD,1343100000.0,755300000.0,333700000.0,549000000.0,190700000.0,0.82,56.236,24.846,40.876,14.198,2024-12-30,Q,False,yfinance
QBR.B,Quebecor Inc.,2024-12-31,2024-Q4,CAD,1499000000.0,769500000.0,336000000.0,572600000.0,177700000.0,0.76,51.334,22.415,38.199,11.855,2024-10-01,Q,False,yfinance
RCH,Richelieu Hardware Ltd.,2026-05-31,2026-Q2,CAD,532053000.0,118168000.0,36552000.0,56142000.0,23239000.0,0.42,22.21,6.87,10.552,4.368,2026-03-01,Q,False,yfinance
RCH,Richelieu Hardware Ltd.,2026-02-28,2026-Q1,CAD,463573000.0,108226000.0,23741000.0,43221000.0,14407000.0,0.26,23.346,5.121,9.323,3.108,2025-11-29,Q,False,yfinance
RCH,Richelieu Hardware Ltd.,2025-11-30,2025-Q4,CAD,510934000.0,129231000.0,39763000.0,59228000.0,25561000.0,,25.293,7.782,11.592,5.003,2025-08-31,Q,False,yfinance
RCH,Richelieu Hardware Ltd.,2025-05-31,2025-Q2,CAD,512196000.0,115394000.0,36253000.0,55220000.0,22511000.0,0.41,22.529,7.078,10.781,4.395,2025-03-01,Q,False,yfinance
RCH,Richelieu Hardware Ltd.,2025-02-28,2025-Q1,CAD,441695000.0,104282000.0,23706000.0,42401000.0,13858000.0,0.25,23.61,5.367,9.6,3.137,2024-11-29,Q,False,yfinance
QSR,Restaurant Brands International Inc.,2026-03-31,2026-Q1,USD,2264000000.0,763000000.0,606000000.0,684000000.0,338000000.0,0.97,33.701,26.767,30.212,14.929,2025-12-30,Q,False,yfinance
QSR,Restaurant Brands International Inc.,2025-12-31,2025-Q4,USD,2466000000.0,831000000.0,621000000.0,697000000.0,113000000.0,0.34,33.698,25.182,28.264,4.582,2025-10-01,Q,False,yfinance
QSR,Restaurant Brands International Inc.,2025-09-30,2025-Q3,USD,2449000000.0,843000000.0,666000000.0,743000000.0,315000000.0,,34.422,27.195,30.339,12.862,2025-07-01,Q,False,yfinance
QSR,Restaurant Brands International Inc.,2025-06-30,2025-Q2,USD,2410000000.0,815000000.0,482000000.0,559000000.0,189000000.0,0.57,33.817,20.0,23.195,7.842,2025-03-31,Q,False,yfinance
QSR,Restaurant Brands International Inc.,2025-03-31,2025-Q1,USD,2109000000.0,704000000.0,437000000.0,508000000.0,159000000.0,0.49,33.381,20.721,24.087,7.539,2024-12-30,Q,False,yfinance
QSR,Restaurant Brands International Inc.,2024-12-31,2024-Q4,USD,,,,,,0.79,,,,,2024-10-01,Q,False,yfinance
REI.UN,RioCan Real Estate Investment Trust,2026-03-31,2026-Q1,CAD,322306000.0,186053000.0,165071000.0,165464000.0,93162000.0,0.32,57.726,51.216,51.338,28.905,2025-12-30,Q,False,yfinance
REI.UN,RioCan Real Estate Investment Trust,2025-12-31,2025-Q4,CAD,347916000.0,198987000.0,200266000.0,200766000.0,128174000.0,,57.194,57.562,57.705,36.841,2025-10-01,Q,False,yfinance
REI.UN,RioCan Real Estate Investment Trust,2025-09-30,2025-Q3,CAD,371170000.0,197450000.0,-51214000.0,-50833000.0,-120338000.0,-0.41,53.197,-13.798,-13.695,-32.421,2025-07-01,Q,False,yfinance
REI.UN,RioCan Real Estate Investment Trust,2025-06-30,2025-Q2,CAD,361654000.0,200200000.0,215604000.0,215918000.0,145615000.0,0.49,55.357,59.616,59.703,40.264,2025-03-31,Q,False,yfinance
REI.UN,RioCan Real Estate Investment Trust,2025-03-31,2025-Q1,CAD,355831000.0,202079000.0,-17476000.0,-17161000.0,-84156000.0,-0.28,56.791,-4.911,-4.823,-23.651,2024-12-30,Q,False,yfinance
RCI.B,Rogers Communications Inc.,2026-06-30,2026-Q2,CAD,5615000000.0,2442000000.0,18000000.0,1245000000.0,-726000000.0,-1.37,43.491,0.321,22.173,-12.93,2026-03-31,Q,False,yfinance
RCI.B,Rogers Communications Inc.,2026-03-31,2026-Q1,CAD,5482000000.0,2364000000.0,1170000000.0,2444000000.0,438000000.0,0.8,43.123,21.343,44.582,7.99,2025-12-30,Q,False,yfinance
RCI.B,Rogers Communications Inc.,2025-12-31,2025-Q4,CAD,6172000000.0,2689000000.0,1411000000.0,2654000000.0,703000000.0,1.37,43.568,22.861,43.001,11.39,2025-10-01,Q,False,yfinance
RCI.B,Rogers Communications Inc.,2025-09-30,2025-Q3,CAD,5348000000.0,2515000000.0,6531000000.0,7776000000.0,5754000000.0,,47.027,122.12,145.4,107.592,2025-07-01,Q,False,yfinance
RCI.B,Rogers Communications Inc.,2025-06-30,2025-Q2,CAD,5216000000.0,2362000000.0,837000000.0,2052000000.0,157000000.0,0.29,45.284,16.047,39.34,3.01,2025-03-31,Q,False,yfinance
RCI.B,Rogers Communications Inc.,2025-03-31,2025-Q1,CAD,,,,,,0.5,,,,,2024-12-30,Q,False,yfinance
SEA,Seabridge Gold Inc.,2026-03-31,2026-Q1,CAD,0.0,,-8168000.0,-8149000.0,-6647000.0,-0.06,,,,,2025-12-30,Q,False,yfinance
SEA,Seabridge Gold Inc.,2025-12-31,2025-Q4,CAD,0.0,,-62249000.0,-62230000.0,-43782000.0,,,,,,2025-10-01,Q,False,yfinance
SEA,Seabridge Gold Inc.,2025-09-30,2025-Q3,CAD,0.0,,-27616000.0,-27597000.0,-32270000.0,-0.32,,,,,2025-07-01,Q,False,yfinance
SEA,Seabridge Gold Inc.,2025-06-30,2025-Q2,CAD,0.0,,10463000.0,10482000.0,12329000.0,0.12,,,,,2025-03-31,Q,False,yfinance
SEA,Seabridge Gold Inc.,2025-03-31,2025-Q1,CAD,0.0,,15026000.0,15047000.0,10551000.0,0.11,,,,,2024-12-30,Q,False,yfinance
RUS,Russel Metals Inc.,2026-03-31,2026-Q1,CAD,1418300000.0,302700000.0,97900000.0,123900000.0,71800000.0,1.3,21.342,6.903,8.736,5.062,2025-12-30,Q,False,yfinance
RUS,Russel Metals Inc.,2025-12-31,2025-Q4,CAD,1093700000.0,232100000.0,47100000.0,70000000.0,30400000.0,,21.222,4.306,6.4,2.78,2025-10-01,Q,False,yfinance
RUS,Russel Metals Inc.,2025-06-30,2025-Q2,CAD,1207300000.0,281500000.0,85800000.0,109000000.0,60400000.0,1.07,23.316,7.107,9.028,5.003,2025-03-31,Q,False,yfinance
RUS,Russel Metals Inc.,2025-03-31,2025-Q1,CAD,1173600000.0,252400000.0,62200000.0,85700000.0,43000000.0,0.75,21.506,5.3,7.302,3.664,2024-12-30,Q,False,yfinance
RUS,Russel Metals Inc.,2024-12-31,2024-Q4,CAD,1039200000.0,211800000.0,42000000.0,62900000.0,26900000.0,0.47,20.381,4.042,6.053,2.589,2024-10-01,Q,False,yfinance
RY,Royal Bank of Canada,2026-04-30,2026-Q2,CAD,17429000000.0,,,,5507000000.0,3.85,,,,31.597,2026-01-29,Q,False,yfinance
RY,Royal Bank of Canada,2026-01-31,2026-Q1,CAD,17923000000.0,,,,5784000000.0,4.03,,,,32.271,2025-11-01,Q,False,yfinance
RY,Royal Bank of Canada,2025-10-31,2025-Q4,CAD,17196000000.0,,,,5432000000.0,,,,,31.589,2025-08-01,Q,False,yfinance
RY,Royal Bank of Canada,2025-07-31,2025-Q3,CAD,16960000000.0,,,,5415000000.0,3.75,,,,31.928,2025-05-01,Q,False,yfinance
RY,Royal Bank of Canada,2025-04-30,2025-Q2,CAD,15656000000.0,,,,4386000000.0,3.02,,,,28.015,2025-01-29,Q,False,yfinance
RY,Royal Bank of Canada,2025-01-31,2025-Q1,CAD,,,,,,3.54,,,,,2024-11-01,Q,False,yfinance
SAP,Saputo Inc.,2026-03-31,2026-Q1,CAD,3311000000.0,1188000000.0,176000000.0,309000000.0,102000000.0,,35.88,5.316,9.333,3.081,2025-12-30,Q,False,yfinance
SAP,Saputo Inc.,2025-12-31,2025-Q4,CAD,4888000000.0,1609000000.0,327000000.0,483000000.0,220000000.0,0.53,32.917,6.69,9.881,4.501,2025-10-01,Q,False,yfinance
SAP,Saputo Inc.,2025-09-30,2025-Q3,CAD,4721000000.0,1524000000.0,282000000.0,438000000.0,185000000.0,0.45,32.281,5.973,9.278,3.919,2025-07-01,Q,False,yfinance
SAP,Saputo Inc.,2025-06-30,2025-Q2,CAD,4631000000.0,1477000000.0,250000000.0,403000000.0,165000000.0,0.4,31.894,5.398,8.702,3.563,2025-03-31,Q,False,yfinance
SAP,Saputo Inc.,2025-03-31,2025-Q1,CAD,4753000000.0,1481000000.0,127000000.0,294000000.0,74000000.0,,31.159,2.672,6.186,1.557,2024-12-30,Q,False,yfinance
SAP,Saputo Inc.,2024-12-31,2024-Q4,CAD,,,,,,-1.22,,,,,2024-10-01,Q,False,yfinance
SIA,Sienna Senior Living Inc.,2026-03-31,2026-Q1,CAD,275413000.0,,34549000.0,53907000.0,16647000.0,0.17,,12.544,19.573,6.044,2025-12-30,Q,False,yfinance
SIA,Sienna Senior Living Inc.,2025-12-31,2025-Q4,CAD,274244000.0,,31270000.0,48234000.0,12967000.0,,,11.402,17.588,4.728,2025-10-01,Q,False,yfinance
SIA,Sienna Senior Living Inc.,2025-09-30,2025-Q3,CAD,252694000.0,,25649000.0,41469000.0,10369000.0,0.11,,10.15,16.411,4.103,2025-07-01,Q,False,yfinance
SIA,Sienna Senior Living Inc.,2025-06-30,2025-Q2,CAD,243754000.0,,17537000.0,31960000.0,5397000.0,0.06,,7.195,13.112,2.214,2025-03-31,Q,False,yfinance
SIA,Sienna Senior Living Inc.,2025-03-31,2025-Q1,CAD,234245000.0,,30020000.0,42077000.0,15794000.0,0.18,,12.816,17.963,6.743,2024-12-30,Q,False,yfinance
SHOP,Shopify Inc.,2026-03-31,2026-Q1,USD,3170000000.0,1546000000.0,498000000.0,505000000.0,-581000000.0,-0.446655,48.77,15.71,15.931,-18.328,2025-12-30,Q,False,yfinance
SHOP,Shopify Inc.,2025-12-31,2025-Q4,USD,3672000000.0,1693000000.0,745000000.0,752000000.0,743000000.0,0.569827,46.106,20.289,20.479,20.234,2025-10-01,Q,False,yfinance
SHOP,Shopify Inc.,2025-09-30,2025-Q3,USD,2844000000.0,1391000000.0,491000000.0,499000000.0,264000000.0,,48.91,17.264,17.546,9.283,2025-07-01,Q,False,yfinance
SHOP,Shopify Inc.,2025-06-30,2025-Q2,USD,2680000000.0,1302000000.0,371000000.0,379000000.0,906000000.0,0.69,48.582,13.843,14.142,33.806,2025-03-31,Q,False,yfinance
SHOP,Shopify Inc.,2025-03-31,2025-Q1,USD,2360000000.0,1169000000.0,278000000.0,286000000.0,-682000000.0,-0.525797,49.534,11.78,12.119,-28.898,2024-12-30,Q,False,yfinance
SHOP,Shopify Inc.,2024-12-31,2024-Q4,USD,,,,,,0.998779,,,,,2024-10-01,Q,False,yfinance
SES,Secure Energy Services Inc.,2026-06-30,2026-Q2,CAD,422000000.0,122000000.0,76000000.0,126000000.0,43000000.0,0.2,28.91,18.009,29.858,10.19,2026-03-31,Q,False,yfinance
SES,Secure Energy Services Inc.,2026-03-31,2026-Q1,CAD,383000000.0,106000000.0,63000000.0,114000000.0,35000000.0,0.16,27.676,16.449,29.765,9.138,2025-12-30,Q,False,yfinance
SES,Secure Energy Services Inc.,2025-12-31,2025-Q4,CAD,,112000000.0,88000000.0,136000000.0,53000000.0,,,,,,2025-10-01,Q,False,yfinance
SES,Secure Energy Services Inc.,2025-06-30,2025-Q2,CAD,355000000.0,90000000.0,59000000.0,105000000.0,31000000.0,0.14,25.352,16.62,29.577,8.732,2025-03-31,Q,False,yfinance
SES,Secure Energy Services Inc.,2025-03-31,2025-Q1,CAD,379000000.0,108000000.0,61000000.0,106000000.0,38000000.0,0.16,28.496,16.095,27.968,10.026,2024-12-30,Q,False,yfinance
SVM,Silvercorp Metals Inc.,2026-03-31,2026-Q1,USD,147359000.0,99959000.0,38634000.0,46784000.0,-722000.0,,67.834,26.218,31.748,-0.49,2025-12-30,Q,False,yfinance
SVM,Silvercorp Metals Inc.,2025-12-31,2025-Q4,USD,126112000.0,77068000.0,13287000.0,23792000.0,-15832000.0,-0.07,61.111,10.536,18.866,-12.554,2025-10-01,Q,False,yfinance
SVM,Silvercorp Metals Inc.,2025-09-30,2025-Q3,USD,83330000.0,40858000.0,6916000.0,15699000.0,-11516000.0,-0.05,49.032,8.3,18.84,-13.82,2025-07-01,Q,False,yfinance
SVM,Silvercorp Metals Inc.,2025-06-30,2025-Q2,USD,81334000.0,35823000.0,,,18126000.0,0.08,44.044,,,22.286,2025-03-31,Q,False,yfinance
SVM,Silvercorp Metals Inc.,2025-03-31,2025-Q1,USD,75113000.0,26146000.0,5013000.0,13709000.0,-7585000.0,,34.809,6.674,18.251,-10.098,2024-12-30,Q,False,yfinance
SVM,Silvercorp Metals Inc.,2024-12-31,2024-Q4,USD,,,39824000.0,48895000.0,,0.12,,,,,2024-10-01,Q,False,yfinance
SOBO,South Bow Corporation,2026-03-31,2026-Q1,USD,491000000.0,353000000.0,184000000.0,248000000.0,77000000.0,0.37,71.894,37.475,50.509,15.682,2025-12-30,Q,False,yfinance
SOBO,South Bow Corporation,2025-12-31,2025-Q4,USD,503000000.0,375000000.0,236000000.0,294000000.0,156000000.0,0.26,74.553,46.918,58.449,31.014,2025-10-01,Q,False,yfinance
SOBO,South Bow Corporation,2025-09-30,2025-Q3,USD,461000000.0,317000000.0,188000000.0,252000000.0,93000000.0,0.45,68.764,40.781,54.664,20.174,2025-07-01,Q,False,yfinance
SOBO,South Bow Corporation,2025-06-30,2025-Q2,USD,524000000.0,382000000.0,207000000.0,270000000.0,96000000.0,0.46,72.901,39.504,51.527,18.321,2025-03-31,Q,False,yfinance
SOBO,South Bow Corporation,2025-03-31,2025-Q1,USD,498000000.0,352000000.0,197000000.0,259000000.0,88000000.0,0.42,70.683,39.558,52.008,17.671,2024-12-30,Q,False,yfinance
SKE,Skeena Resources Limited,2026-03-31,2026-Q1,CAD,0.0,-205000.0,-98708000.0,-98455000.0,-104457000.0,-0.86,,,,,2025-12-30,Q,False,yfinance
SKE,Skeena Resources Limited,2025-12-31,2025-Q4,CAD,0.0,-205000.0,-71204000.0,-70942000.0,-71763000.0,,,,,,2025-10-01,Q,False,yfinance
SKE,Skeena Resources Limited,2025-09-30,2025-Q3,CAD,0.0,-205000.0,-36157000.0,-35885000.0,-36797000.0,-0.32,,,,,2025-07-01,Q,False,yfinance
SKE,Skeena Resources Limited,2025-06-30,2025-Q2,CAD,0.0,-206000.0,-36685000.0,-36395000.0,-36033000.0,-0.31,,,,,2025-03-31,Q,False,yfinance
SKE,Skeena Resources Limited,2025-03-31,2025-Q1,CAD,0.0,-205000.0,-32598000.0,-32178000.0,-38248000.0,-0.36,,,,,2024-12-30,Q,False,yfinance
SRU.UN,SmartCentres Real Estate Investment Trust,2026-03-31,2026-Q1,CAD,231835000.0,137687000.0,177782000.0,180431000.0,105334000.0,0.617754,59.39,76.685,77.827,45.435,2025-12-30,Q,False,yfinance
SRU.UN,SmartCentres Real Estate Investment Trust,2025-12-31,2025-Q4,CAD,234170000.0,143574000.0,177513000.0,179596000.0,105501000.0,,61.312,75.805,76.695,45.053,2025-10-01,Q,False,yfinance
SRU.UN,SmartCentres Real Estate Investment Trust,2025-09-30,2025-Q3,CAD,226690000.0,141337000.0,127828000.0,128346000.0,65667000.0,0.385166,62.348,56.389,56.617,28.968,2025-07-01,Q,False,yfinance
SRU.UN,SmartCentres Real Estate Investment Trust,2025-06-30,2025-Q2,CAD,223715000.0,141345000.0,154945000.0,155951000.0,88509000.0,0.519162,63.181,69.26,69.71,39.563,2025-03-31,Q,False,yfinance
SRU.UN,SmartCentres Real Estate Investment Trust,2025-03-31,2025-Q1,CAD,229338000.0,136786000.0,35394000.0,38031000.0,-7862000.0,-0.04613,59.644,15.433,16.583,-3.428,2024-12-30,Q,False,yfinance
SII,Sprott Inc.,2026-03-31,2026-Q1,USD,141874000.0,47313000.0,42241000.0,42930000.0,29218000.0,1.13,33.349,29.774,30.259,20.594,2025-12-30,Q,False,yfinance
SII,Sprott Inc.,2025-12-31,2025-Q4,USD,107041000.0,41265000.0,38873000.0,39525000.0,28728000.0,,38.551,36.316,36.925,26.838,2025-10-01,Q,False,yfinance
SII,Sprott Inc.,2025-09-30,2025-Q3,USD,57866000.0,14737000.0,17529000.0,18176000.0,13159000.0,,25.467,30.292,31.411,22.74,2025-07-01,Q,False,yfinance
SII,Sprott Inc.,2025-06-30,2025-Q2,USD,62191000.0,24888000.0,19146000.0,19783000.0,13501000.0,0.52,40.019,30.786,31.81,21.709,2025-03-31,Q,False,yfinance
SII,Sprott Inc.,2025-03-31,2025-Q1,USD,41677000.0,19569000.0,16032000.0,16573000.0,11957000.0,0.46,46.954,38.467,39.765,28.69,2024-12-30,Q,False,yfinance
STN,Stantec Inc.,2026-03-31,2026-Q1,CAD,2067700000.0,914100000.0,170400000.0,265200000.0,110800000.0,0.97,44.209,8.241,12.826,5.359,2025-12-30,Q,False,yfinance
STN,Stantec Inc.,2025-12-31,2025-Q4,CAD,2115800000.0,892900000.0,167400000.0,270900000.0,93900000.0,0.82,42.202,7.912,12.804,4.438,2025-10-01,Q,False,yfinance
STN,Stantec Inc.,2025-09-30,2025-Q3,CAD,2140500000.0,927900000.0,226900000.0,316900000.0,150000000.0,1.32,43.35,10.6,14.805,7.008,2025-07-01,Q,False,yfinance
STN,Stantec Inc.,2025-06-30,2025-Q2,CAD,1964300000.0,864700000.0,186700000.0,266400000.0,135400000.0,1.19,44.021,9.505,13.562,6.893,2025-03-31,Q,False,yfinance
STN,Stantec Inc.,2025-03-31,2025-Q1,CAD,1923600000.0,843500000.0,151000000.0,229500000.0,100100000.0,0.88,43.85,7.85,11.931,5.204,2024-12-30,Q,False,yfinance
SCR,Strathcona Resources Ltd.,2026-03-31,2026-Q1,CAD,1134000000.0,261000000.0,93000000.0,235000000.0,39000000.0,0.18,23.016,8.201,20.723,3.439,2025-12-30,Q,False,yfinance
SCR,Strathcona Resources Ltd.,2025-12-31,2025-Q4,CAD,958500000.0,199400000.0,-133300000.0,19400000.0,-98400000.0,,20.803,-13.907,2.024,-10.266,2025-10-01,Q,False,yfinance
SCR,Strathcona Resources Ltd.,2025-06-30,2025-Q2,CAD,995700000.0,204700000.0,242300000.0,419600000.0,230900000.0,1.08,20.558,24.335,42.141,23.19,2025-03-31,Q,False,yfinance
SCR,Strathcona Resources Ltd.,2025-03-31,2025-Q1,CAD,1183000000.0,319000000.0,235000000.0,451000000.0,206000000.0,0.96,26.965,19.865,38.123,17.413,2024-12-30,Q,False,yfinance
SCR,Strathcona Resources Ltd.,2024-12-31,2024-Q4,CAD,1308400000.0,278400000.0,203500000.0,399800000.0,87900000.0,,21.278,15.553,30.556,6.718,2024-10-01,Q,False,yfinance
SSRM,SSR Mining Inc.,2026-03-31,2026-Q1,USD,581778000.0,356479000.0,311231000.0,341411000.0,-106450000.0,-0.52,61.274,53.497,58.684,-18.297,2025-12-30,Q,False,yfinance
SSRM,SSR Mining Inc.,2025-12-31,2025-Q4,USD,521725000.0,302583000.0,209897000.0,241007000.0,181457000.0,,57.997,40.231,46.194,34.78,2025-10-01,Q,False,yfinance
SSRM,SSR Mining Inc.,2025-09-30,2025-Q3,USD,385839000.0,191939000.0,75765000.0,103983000.0,65441000.0,,49.746,19.636,26.95,16.961,2025-07-01,Q,False,yfinance
SSRM,SSR Mining Inc.,2025-06-30,2025-Q2,USD,405455000.0,216270000.0,104899000.0,131136000.0,90075000.0,0.42,53.34,25.872,32.343,22.216,2025-03-31,Q,False,yfinance
SSRM,SSR Mining Inc.,2025-03-31,2025-Q1,USD,316618000.0,149364000.0,107405000.0,138018000.0,58781000.0,0.28,47.175,33.923,43.591,18.565,2024-12-30,Q,False,yfinance
SJ,Stella-Jones Inc.,2026-03-31,2026-Q1,CAD,791000000.0,155000000.0,97000000.0,136000000.0,60000000.0,1.1,19.595,12.263,17.193,7.585,2025-12-30,Q,False,yfinance
SJ,Stella-Jones Inc.,2025-12-31,2025-Q4,CAD,727000000.0,143000000.0,83000000.0,122000000.0,50000000.0,0.91,19.67,11.417,16.781,6.878,2025-10-01,Q,False,yfinance
SJ,Stella-Jones Inc.,2025-06-30,2025-Q2,CAD,1034000000.0,206000000.0,155000000.0,189000000.0,106000000.0,1.91,19.923,14.99,18.279,10.251,2025-03-31,Q,False,yfinance
SJ,Stella-Jones Inc.,2025-03-31,2025-Q1,CAD,773000000.0,168000000.0,143000000.0,179000000.0,93000000.0,1.67,21.734,18.499,23.157,12.031,2024-12-30,Q,False,yfinance
SJ,Stella-Jones Inc.,2024-12-31,2024-Q4,CAD,730000000.0,138000000.0,81000000.0,115000000.0,52000000.0,0.93,18.904,11.096,15.753,7.123,2024-10-01,Q,False,yfinance
SLF,Sun Life Financial Inc.,2026-03-31,2026-Q1,CAD,8762000000.0,,795000000.0,,536000000.0,0.84,,9.073,,6.117,2025-12-30,Q,False,yfinance
SLF,Sun Life Financial Inc.,2025-12-31,2025-Q4,CAD,5513000000.0,,1259000000.0,,793000000.0,,,22.837,,14.384,2025-10-01,Q,False,yfinance
SLF,Sun Life Financial Inc.,2025-09-30,2025-Q3,CAD,12399000000.0,,1578000000.0,,1173000000.0,,,12.727,,9.46,2025-07-01,Q,False,yfinance
SLF,Sun Life Financial Inc.,2025-06-30,2025-Q2,CAD,9197000000.0,,1105000000.0,,778000000.0,1.26,,12.015,,8.459,2025-03-31,Q,False,yfinance
SLF,Sun Life Financial Inc.,2025-03-31,2025-Q1,CAD,11338000000.0,,1382000000.0,,1001000000.0,1.62,,12.189,,8.829,2024-12-30,Q,False,yfinance
SPB,Superior Plus Corp.,2026-03-31,2026-Q1,USD,897400000.0,492400000.0,187700000.0,252300000.0,122200000.0,0.5,54.87,20.916,28.115,13.617,2025-12-30,Q,False,yfinance
SPB,Superior Plus Corp.,2025-12-31,2025-Q4,USD,691000000.0,378300000.0,98300000.0,161500000.0,44300000.0,0.18,54.747,14.226,23.372,6.411,2025-10-01,Q,False,yfinance
SPB,Superior Plus Corp.,2025-09-30,2025-Q3,USD,338000000.0,191500000.0,-92700000.0,-27500000.0,-105800000.0,-0.47,56.657,-27.426,-8.136,-31.302,2025-07-01,Q,False,yfinance
SPB,Superior Plus Corp.,2025-06-30,2025-Q2,USD,423200000.0,228900000.0,-3500000.0,61000000.0,-19400000.0,-0.09,54.088,-0.827,14.414,-4.584,2025-03-31,Q,False,yfinance
SPB,Superior Plus Corp.,2025-03-31,2025-Q1,USD,1008400000.0,498900000.0,214100000.0,277700000.0,141700000.0,0.54,49.474,21.232,27.539,14.052,2024-12-30,Q,False,yfinance
SU,Suncor Energy Inc.,2026-03-31,2026-Q1,CAD,15422000000.0,7532000000.0,3024000000.0,4755000000.0,2100000000.0,1.77,48.839,19.608,30.833,13.617,2025-12-30,Q,False,yfinance
SU,Suncor Energy Inc.,2025-12-31,2025-Q4,CAD,12733000000.0,3783000000.0,2212000000.0,4025000000.0,1476000000.0,1.23,29.71,17.372,31.611,11.592,2025-10-01,Q,False,yfinance
SU,Suncor Energy Inc.,2025-09-30,2025-Q3,CAD,13565000000.0,6350000000.0,2412000000.0,4143000000.0,1619000000.0,,46.812,17.781,30.542,11.935,2025-07-01,Q,False,yfinance
SU,Suncor Energy Inc.,2025-06-30,2025-Q2,CAD,12749000000.0,5181000000.0,1602000000.0,3311000000.0,1134000000.0,0.93,40.638,12.566,25.971,8.895,2025-03-31,Q,False,yfinance
SU,Suncor Energy Inc.,2025-03-31,2025-Q1,CAD,13330000000.0,6360000000.0,2465000000.0,4128000000.0,1689000000.0,1.36,47.712,18.492,30.968,12.671,2024-12-30,Q,False,yfinance
SU,Suncor Energy Inc.,2024-12-31,2024-Q4,CAD,,,,,,0.65,,,,,2024-10-01,Q,False,yfinance
TVE,Tamarack Valley Energy Ltd.,2026-06-30,2026-Q2,CAD,619401000.0,323669000.0,283760000.0,394244000.0,205676000.0,0.43,52.255,45.812,63.649,33.206,2026-03-31,Q,False,yfinance
TVE,Tamarack Valley Energy Ltd.,2026-03-31,2026-Q1,CAD,447221000.0,207830000.0,25900000.0,141049000.0,5645000.0,0.01,46.471,5.791,31.539,1.262,2025-12-30,Q,False,yfinance
TVE,Tamarack Valley Energy Ltd.,2025-12-31,2025-Q4,CAD,373302000.0,140187000.0,98468000.0,211231000.0,61922000.0,,37.553,26.378,56.584,16.588,2025-10-01,Q,False,yfinance
TVE,Tamarack Valley Energy Ltd.,2025-06-30,2025-Q2,CAD,423842000.0,134653000.0,132607000.0,276268000.0,86237000.0,0.17,31.77,31.287,65.182,20.346,2025-03-31,Q,False,yfinance
TVE,Tamarack Valley Energy Ltd.,2025-03-31,2025-Q1,CAD,446978000.0,169629000.0,104001000.0,244320000.0,64258000.0,0.12,37.95,23.268,54.66,14.376,2024-12-30,Q,False,yfinance
TRP,TC Energy Corporation,2026-06-30,2026-Q2,CAD,3957000000.0,1978000000.0,2253000000.0,2990000000.0,1016000000.0,0.95,49.987,56.937,75.562,25.676,2026-03-31,Q,False,yfinance
TRP,TC Energy Corporation,2026-03-31,2026-Q1,CAD,3861000000.0,2028000000.0,2204000000.0,2927000000.0,927000000.0,0.86,52.525,57.084,75.809,24.009,2025-12-30,Q,False,yfinance
TRP,TC Energy Corporation,2025-12-31,2025-Q4,CAD,4168000000.0,2118000000.0,2153000000.0,2872000000.0,1015000000.0,0.94,50.816,51.655,68.906,24.352,2025-10-01,Q,False,yfinance
TRP,TC Energy Corporation,2025-09-30,2025-Q3,CAD,3704000000.0,1798000000.0,2006000000.0,2707000000.0,637000000.0,,48.542,54.158,73.083,17.198,2025-07-01,Q,False,yfinance
TRP,TC Energy Corporation,2025-06-30,2025-Q2,CAD,3744000000.0,1842000000.0,2072000000.0,2743000000.0,861000000.0,0.8,49.199,55.342,73.264,22.997,2025-03-31,Q,False,yfinance
TRP,TC Energy Corporation,2025-03-31,2025-Q1,CAD,,,,,,0.94,,,,,2024-12-30,Q,False,yfinance
TKO,Taseko Mines Limited,2026-03-31,2026-Q1,CAD,237093000.0,85395000.0,50034000.0,79301000.0,16844000.0,0.05,36.018,21.103,33.447,7.104,2025-12-30,Q,False,yfinance
TKO,Taseko Mines Limited,2025-12-31,2025-Q4,CAD,243767000.0,96848000.0,50550000.0,77906000.0,4454000.0,,39.73,20.737,31.959,1.827,2025-10-01,Q,False,yfinance
TKO,Taseko Mines Limited,2025-09-30,2025-Q3,CAD,173906000.0,39242000.0,-3935000.0,24039000.0,-27838000.0,-0.09,22.565,-2.263,13.823,-16.007,2025-07-01,Q,False,yfinance
TKO,Taseko Mines Limited,2025-06-30,2025-Q2,CAD,116082000.0,-4510000.0,14722000.0,40177000.0,21868000.0,0.07,-3.885,12.682,34.611,18.838,2025-03-31,Q,False,yfinance
TKO,Taseko Mines Limited,2025-03-31,2025-Q1,CAD,139149000.0,16366000.0,-21715000.0,710000.0,-28560000.0,-0.09,11.761,-15.606,0.51,-20.525,2024-12-30,Q,False,yfinance
TECK.B,Teck Resources Limited,2026-06-30,2026-Q2,CAD,3605000000.0,1670000000.0,1627000000.0,2084000000.0,854000000.0,1.74,46.325,45.132,57.809,23.689,2026-03-31,Q,False,yfinance
TECK.B,Teck Resources Limited,2026-03-31,2026-Q1,CAD,3943000000.0,1715000000.0,1506000000.0,2014000000.0,819000000.0,1.67,43.495,38.194,51.078,20.771,2025-12-30,Q,False,yfinance
TECK.B,Teck Resources Limited,2025-12-31,2025-Q4,CAD,3058000000.0,990000000.0,976000000.0,1389000000.0,544000000.0,1.11,32.374,31.916,45.422,17.789,2025-10-01,Q,False,yfinance
TECK.B,Teck Resources Limited,2025-09-30,2025-Q3,CAD,3385000000.0,660000000.0,473000000.0,1027000000.0,281000000.0,,19.498,13.973,30.34,8.301,2025-07-01,Q,False,yfinance
TECK.B,Teck Resources Limited,2025-06-30,2025-Q2,CAD,2023000000.0,471000000.0,311000000.0,689000000.0,206000000.0,0.41,23.282,15.373,34.058,10.183,2025-03-31,Q,False,yfinance
TECK.B,Teck Resources Limited,2025-03-31,2025-Q1,CAD,,,,,,0.73,,,,,2024-12-30,Q,False,yfinance
T,Telus Corporation,2026-06-30,2026-Q2,CAD,4920000000.0,3051000000.0,-1549000000.0,-524000000.0,-1840000000.0,-1.17,62.012,-31.484,-10.65,-37.398,2026-03-31,Q,False,yfinance
T,Telus Corporation,2026-03-31,2026-Q1,CAD,4989000000.0,3133000000.0,588000000.0,1576000000.0,136000000.0,0.09,62.798,11.786,31.589,2.726,2025-12-30,Q,False,yfinance
T,Telus Corporation,2025-12-31,2025-Q4,CAD,5230000000.0,3171000000.0,814000000.0,1866000000.0,292000000.0,0.19,60.631,15.564,35.679,5.583,2025-10-01,Q,False,yfinance
T,Telus Corporation,2025-09-30,2025-Q3,CAD,5067000000.0,3125000000.0,988000000.0,1999000000.0,493000000.0,0.32,61.674,19.499,39.451,9.73,2025-07-01,Q,False,yfinance
T,Telus Corporation,2025-06-30,2025-Q2,CAD,5031000000.0,3173000000.0,173000000.0,1177000000.0,7000000.0,0.0,63.069,3.439,23.395,0.139,2025-03-31,Q,False,yfinance
TVK,TerraVest Industries Inc.,2026-03-31,2026-Q1,CAD,442565000.0,109442000.0,33745000.0,74078000.0,10041000.0,0.45,24.729,7.625,16.738,2.269,2025-12-30,Q,False,yfinance
TVK,TerraVest Industries Inc.,2025-12-31,2025-Q4,CAD,408350000.0,102685000.0,65188000.0,102128000.0,33210000.0,1.5,25.146,15.964,25.01,8.133,2025-10-01,Q,False,yfinance
TVK,TerraVest Industries Inc.,2025-09-30,2025-Q3,CAD,419409000.0,114403000.0,43494000.0,97374000.0,18479000.0,,27.277,10.37,23.217,4.406,2025-07-01,Q,False,yfinance
TVK,TerraVest Industries Inc.,2025-06-30,2025-Q2,CAD,405707000.0,105472000.0,32778000.0,71227000.0,11250000.0,0.53,25.997,8.079,17.556,2.773,2025-03-31,Q,False,yfinance
TVK,TerraVest Industries Inc.,2025-03-31,2025-Q1,CAD,311450000.0,90785000.0,50931000.0,69983000.0,28187000.0,1.39,29.149,16.353,22.47,9.05,2024-12-30,Q,False,yfinance
TVK,TerraVest Industries Inc.,2024-12-31,2024-Q4,CAD,,,,,,1.42,,,,,2024-10-01,Q,False,yfinance
TFII,TFI International Inc.,2026-06-30,2026-Q2,USD,2289850000.0,324215000.0,216209000.0,362391000.0,136152000.0,1.65,14.159,9.442,15.826,5.946,2026-03-31,Q,False,yfinance
TFII,TFI International Inc.,2026-03-31,2026-Q1,USD,1949103000.0,200080000.0,89369000.0,240257000.0,43308000.0,0.53,10.265,4.585,12.327,2.222,2025-12-30,Q,False,yfinance
TFII,TFI International Inc.,2025-12-31,2025-Q4,USD,1913992000.0,306704000.0,124160000.0,273962000.0,71652000.0,,16.024,6.487,14.314,3.744,2025-10-01,Q,False,yfinance
TFII,TFI International Inc.,2025-09-30,2025-Q3,USD,1968671000.0,254255000.0,148528000.0,301527000.0,84689000.0,,12.915,7.545,15.316,4.302,2025-07-01,Q,False,yfinance
TFII,TFI International Inc.,2025-06-30,2025-Q2,USD,2037621000.0,265954000.0,167429000.0,323839000.0,98180000.0,1.17,13.052,8.217,15.893,4.818,2025-03-31,Q,False,yfinance
TFII,TFI International Inc.,2025-03-31,2025-Q1,USD,,,,,,0.66,,,,,2024-12-30,Q,False,yfinance
TRI,Thomson Reuters Corporation,2026-03-31,2026-Q1,USD,2087000000.0,1594000000.0,653000000.0,898000000.0,459000000.0,1.046153,76.378,31.289,43.028,21.993,2025-12-30,Q,False,yfinance
TRI,Thomson Reuters Corporation,2025-12-31,2025-Q4,USD,2009000000.0,1516000000.0,537000000.0,777000000.0,332000000.0,0.751605,75.46,26.73,38.676,16.526,2025-10-01,Q,False,yfinance
TRI,Thomson Reuters Corporation,2025-09-30,2025-Q3,USD,1782000000.0,1352000000.0,612000000.0,846000000.0,423000000.0,0.954741,75.87,34.343,47.475,23.737,2025-07-01,Q,False,yfinance
TRI,Thomson Reuters Corporation,2025-06-30,2025-Q2,USD,1785000000.0,1347000000.0,399000000.0,629000000.0,313000000.0,0.700821,75.462,22.353,35.238,17.535,2025-03-31,Q,False,yfinance
TRI,Thomson Reuters Corporation,2025-03-31,2025-Q1,USD,1900000000.0,1452000000.0,569000000.0,795000000.0,434000000.0,0.975055,76.421,29.947,41.842,22.842,2024-12-30,Q,False,yfinance
X,TMX Group Limited,2026-06-30,2026-Q2,CAD,487500000.0,330500000.0,507200000.0,556000000.0,142600000.0,0.51,67.795,104.041,114.051,29.251,2026-03-31,Q,False,yfinance
X,TMX Group Limited,2026-03-31,2026-Q1,CAD,488200000.0,338500000.0,593700000.0,642500000.0,,0.8,69.336,121.61,131.606,,2025-12-30,Q,False,yfinance
X,TMX Group Limited,2025-12-31,2025-Q4,CAD,457800000.0,305800000.0,468200000.0,515200000.0,,0.41,66.798,102.272,112.538,,2025-10-01,Q,False,yfinance
X,TMX Group Limited,2025-06-30,2025-Q2,CAD,421700000.0,272300000.0,499700000.0,544300000.0,,0.26,64.572,118.497,129.073,,2025-03-31,Q,False,yfinance
X,TMX Group Limited,2025-03-31,2025-Q1,CAD,419100000.0,269000000.0,489200000.0,533000000.0,,0.38,64.185,116.726,127.177,,2024-12-30,Q,False,yfinance
TPZ,Topaz Energy Corp.,2026-06-30,2026-Q2,CAD,109674000.0,75464000.0,75810000.0,110020000.0,52483000.0,0.34,68.808,69.123,100.315,47.854,2026-03-31,Q,False,yfinance
TPZ,Topaz Energy Corp.,2026-03-31,2026-Q1,CAD,92252000.0,58575000.0,49646000.0,83323000.0,34039000.0,0.22,63.495,53.816,90.321,36.898,2025-12-30,Q,False,yfinance
TPZ,Topaz Energy Corp.,2025-12-31,2025-Q4,CAD,84398000.0,,104378000.0,104378000.0,76937000.0,,,123.674,123.674,91.16,2025-10-01,Q,False,yfinance
TPZ,Topaz Energy Corp.,2025-06-30,2025-Q2,CAD,78535000.0,43950000.0,62681000.0,97266000.0,42463000.0,0.28,55.962,79.813,123.851,54.069,2025-03-31,Q,False,yfinance
TPZ,Topaz Energy Corp.,2025-03-31,2025-Q1,CAD,88272000.0,54620000.0,44068000.0,77720000.0,28011000.0,0.18,61.877,49.923,88.046,31.733,2024-12-30,Q,False,yfinance
TXG,Torex Gold Resources Inc.,2026-03-31,2026-Q1,USD,539300000.0,312600000.0,292500000.0,349000000.0,207500000.0,2.16,57.964,54.237,64.714,38.476,2025-12-30,Q,False,yfinance
TXG,Torex Gold Resources Inc.,2025-12-31,2025-Q4,USD,465300000.0,250600000.0,199200000.0,253100000.0,166800000.0,,53.858,42.811,54.395,35.848,2025-10-01,Q,False,yfinance
TXG,Torex Gold Resources Inc.,2025-06-30,2025-Q2,USD,253900000.0,101300000.0,80400000.0,109300000.0,83200000.0,0.95,39.898,31.666,43.048,32.769,2025-03-31,Q,False,yfinance
TXG,Torex Gold Resources Inc.,2025-03-31,2025-Q1,USD,170000000.0,75900000.0,54100000.0,86100000.0,39000000.0,0.45,44.647,31.824,50.647,22.941,2024-12-30,Q,False,yfinance
TXG,Torex Gold Resources Inc.,2024-12-31,2024-Q4,USD,295000000.0,141500000.0,63300000.0,111000000.0,60400000.0,,47.966,21.458,37.627,20.475,2024-10-01,Q,False,yfinance
TIH,Toromont Industries Ltd.,2026-06-30,2026-Q2,CAD,1597713000.0,430530000.0,198617000.0,262089000.0,124490000.0,1.51,26.947,12.431,16.404,7.792,2026-03-31,Q,False,yfinance
TIH,Toromont Industries Ltd.,2026-03-31,2026-Q1,CAD,1228072000.0,317339000.0,140578000.0,204538000.0,92698000.0,1.13,25.84,11.447,16.655,7.548,2025-12-30,Q,False,yfinance
TIH,Toromont Industries Ltd.,2025-12-31,2025-Q4,CAD,1421882000.0,388335000.0,227353000.0,319720000.0,157185000.0,1.93,27.311,15.99,22.486,11.055,2025-10-01,Q,False,yfinance
TIH,Toromont Industries Ltd.,2025-06-30,2025-Q2,CAD,1376463000.0,338828000.0,180564000.0,258173000.0,124347000.0,1.52,24.616,13.118,18.756,9.034,2025-03-31,Q,False,yfinance
TIH,Toromont Industries Ltd.,2025-03-31,2025-Q1,CAD,1089622000.0,243575000.0,109664000.0,172943000.0,74436000.0,0.91,22.354,10.064,15.872,6.831,2024-12-30,Q,False,yfinance
TD,Toronto-Dominion Bank,2026-04-30,2026-Q2,CAD,15900000000.0,,,,4251000000.0,2.43,,,,26.736,2026-01-29,Q,False,yfinance
TD,Toronto-Dominion Bank,2026-01-31,2026-Q1,CAD,16501000000.0,,,,4043000000.0,2.34,,,,24.502,2025-11-01,Q,False,yfinance
TD,Toronto-Dominion Bank,2025-10-31,2025-Q4,CAD,15894000000.0,,,,3280000000.0,,,,,20.637,2025-08-01,Q,False,yfinance
TD,Toronto-Dominion Bank,2025-07-31,2025-Q3,CAD,15482000000.0,,,,3336000000.0,1.89,,,,21.548,2025-05-01,Q,False,yfinance
TD,Toronto-Dominion Bank,2025-04-30,2025-Q2,CAD,15004000000.0,,,,11129000000.0,6.27,,,,74.174,2025-01-29,Q,False,yfinance
TD,Toronto-Dominion Bank,2025-01-31,2025-Q1,CAD,,,,,,1.55,,,,,2024-11-01,Q,False,yfinance
TOU,Tourmaline Oil Corp.,2026-06-30,2026-Q2,CAD,1498318000.0,912533000.0,276133000.0,686569000.0,184426000.0,0.47,60.904,18.43,45.823,12.309,2026-03-31,Q,False,yfinance
TOU,Tourmaline Oil Corp.,2026-03-31,2026-Q1,CAD,1776194000.0,1083116000.0,875119000.0,1311526000.0,657560000.0,1.69,60.98,49.269,73.839,37.021,2025-12-30,Q,False,yfinance
TOU,Tourmaline Oil Corp.,2025-12-31,2025-Q4,CAD,1661816000.0,-204219000.0,-869774000.0,827689000.0,-655002000.0,,-12.289,-52.339,49.806,-39.415,2025-10-01,Q,False,yfinance
TOU,Tourmaline Oil Corp.,2025-06-30,2025-Q2,CAD,1430114000.0,891559000.0,723986000.0,1144661000.0,514591000.0,1.35,62.342,50.624,80.04,35.983,2025-03-31,Q,False,yfinance
TOU,Tourmaline Oil Corp.,2025-03-31,2025-Q1,CAD,1812967000.0,1195468000.0,298218000.0,720256000.0,212678000.0,0.56,65.94,16.449,39.728,11.731,2024-12-30,Q,False,yfinance
TA,TransAlta Corporation,2026-06-30,2026-Q2,CAD,487000000.0,433000000.0,147000000.0,252000000.0,49000000.0,0.12,88.912,30.185,51.745,10.062,2026-03-31,Q,False,yfinance
TA,TransAlta Corporation,2026-03-31,2026-Q1,CAD,565000000.0,361000000.0,86000000.0,191000000.0,13000000.0,0.04,63.894,15.221,33.805,2.301,2025-12-30,Q,False,yfinance
TA,TransAlta Corporation,2025-12-31,2025-Q4,CAD,599000000.0,301000000.0,21000000.0,169000000.0,-36000000.0,,50.25,3.506,28.214,-6.01,2025-10-01,Q,False,yfinance
TA,TransAlta Corporation,2025-09-30,2025-Q3,CAD,615000000.0,353000000.0,14000000.0,149000000.0,-49000000.0,,57.398,2.276,24.228,-7.967,2025-07-01,Q,False,yfinance
TA,TransAlta Corporation,2025-06-30,2025-Q2,CAD,433000000.0,334000000.0,-27000000.0,123000000.0,-99000000.0,-0.38,77.136,-6.236,28.406,-22.864,2025-03-31,Q,False,yfinance
TA,TransAlta Corporation,2025-03-31,2025-Q1,CAD,,,,,,0.15,,,,,2024-12-30,Q,False,yfinance
TCL.A,Transcontinental Inc.,2026-04-30,2026-Q2,CAD,269200000.0,154900000.0,11800000.0,29100000.0,226100000.0,2.7,57.541,4.383,10.81,83.99,2026-01-29,Q,False,yfinance
TCL.A,Transcontinental Inc.,2026-01-31,2026-Q1,CAD,263500000.0,148700000.0,7800000.0,25700000.0,29700000.0,0.36,56.433,2.96,9.753,11.271,2025-11-01,Q,False,yfinance
TCL.A,Transcontinental Inc.,2025-10-31,2025-Q4,CAD,732400000.0,365800000.0,64000000.0,115300000.0,42900000.0,,49.945,8.738,15.743,5.857,2025-08-01,Q,False,yfinance
TCL.A,Transcontinental Inc.,2025-07-31,2025-Q3,CAD,684400000.0,343500000.0,56900000.0,108500000.0,38700000.0,0.46,50.19,8.314,15.853,5.655,2025-05-01,Q,False,yfinance
TCL.A,Transcontinental Inc.,2025-04-30,2025-Q2,CAD,283300000.0,155900000.0,28400000.0,46500000.0,35300000.0,0.42,55.03,10.025,16.414,12.46,2025-01-29,Q,False,yfinance
TCL.A,Transcontinental Inc.,2025-01-31,2025-Q1,CAD,,,,,,0.67,,,,,2024-11-01,Q,False,yfinance
TFPM,Triple Flag Precious Metals Corp.,2026-03-31,2026-Q1,USD,146993000.0,105886000.0,130390000.0,150598000.0,116929000.0,0.56,72.035,88.705,102.452,79.547,2025-12-30,Q,False,yfinance
TFPM,Triple Flag Precious Metals Corp.,2025-12-31,2025-Q4,USD,118916000.0,86589000.0,91952000.0,111420000.0,76832000.0,,72.815,77.325,93.696,64.61,2025-10-01,Q,False,yfinance
TFPM,Triple Flag Precious Metals Corp.,2025-09-30,2025-Q3,USD,93456000.0,64059000.0,70279000.0,88991000.0,61916000.0,,68.545,75.2,95.222,66.251,2025-07-01,Q,False,yfinance
TFPM,Triple Flag Precious Metals Corp.,2025-06-30,2025-Q2,USD,94087000.0,62336000.0,61221000.0,61221000.0,55736000.0,0.28,66.254,65.069,65.069,59.239,2025-03-31,Q,False,yfinance
TFPM,Triple Flag Precious Metals Corp.,2025-03-31,2025-Q1,USD,82245000.0,49934000.0,50123000.0,70757000.0,45521000.0,0.23,60.714,60.944,86.032,55.348,2024-12-30,Q,False,yfinance
TSU,Trisura Group Ltd.,2026-03-31,2026-Q1,CAD,215149000.0,,50068000.0,,37409000.0,0.77,,23.271,,17.387,2025-12-30,Q,False,yfinance
TSU,Trisura Group Ltd.,2025-12-31,2025-Q4,CAD,224801000.0,,51280000.0,,37565000.0,,,22.811,,16.71,2025-10-01,Q,False,yfinance
TSU,Trisura Group Ltd.,2025-06-30,2025-Q2,CAD,760363000.0,,50689000.0,,37129000.0,0.76,,6.666,,4.883,2025-03-31,Q,False,yfinance
TSU,Trisura Group Ltd.,2025-03-31,2025-Q1,CAD,195024000.0,,39902000.0,,28990000.0,0.6,,20.46,,14.865,2024-12-30,Q,False,yfinance
TSU,Trisura Group Ltd.,2024-12-31,2024-Q4,CAD,208861000.0,,26408000.0,,19253000.0,0.40434,,12.644,,9.218,2024-10-01,Q,False,yfinance
VET,Vermilion Energy Inc.,2026-06-30,2026-Q2,CAD,563069000.0,344345000.0,238717000.0,404522000.0,134238000.0,0.86,61.155,42.396,71.842,23.84,2026-03-31,Q,False,yfinance
VET,Vermilion Energy Inc.,2026-03-31,2026-Q1,CAD,519125000.0,317931000.0,-215634000.0,-215634000.0,-145538000.0,-0.95,61.244,-41.538,-41.538,-28.035,2025-12-30,Q,False,yfinance
VET,Vermilion Energy Inc.,2025-12-31,2025-Q4,CAD,462453000.0,216971000.0,-459401000.0,-250602000.0,-437653000.0,,46.917,-99.34,-54.19,-94.637,2025-10-01,Q,False,yfinance
VET,Vermilion Energy Inc.,2025-09-30,2025-Q3,CAD,464538000.0,248071000.0,56238000.0,230271000.0,2557000.0,0.02,53.402,12.106,49.57,0.55,2025-07-01,Q,False,yfinance
VET,Vermilion Energy Inc.,2025-06-30,2025-Q2,CAD,472306000.0,248808000.0,165794000.0,349961000.0,-233458000.0,-1.51,52.679,35.103,74.096,-49.429,2025-03-31,Q,False,yfinance
VET,Vermilion Energy Inc.,2025-03-31,2025-Q1,CAD,,,,,,0.1,,,,,2024-12-30,Q,False,yfinance
VZLA,Vizsla Silver Corp.,2026-04-30,2026-Q2,USD,0.0,-32824.012916,-23034316.600616,-23001492.5877,77819942.022604,,,,,,2026-01-29,Q,False,yfinance
VZLA,Vizsla Silver Corp.,2026-01-31,2026-Q1,USD,0.0,,-541171.290181,-541171.290181,-112709901.658594,-0.322912,,,,,2025-11-01,Q,False,yfinance
VZLA,Vizsla Silver Corp.,2025-10-31,2025-Q4,USD,0.0,-79519.821489,-7924089.026841,-7845119.390029,-4902537.493831,-0.014304,,,,,2025-08-01,Q,False,yfinance
VZLA,Vizsla Silver Corp.,2025-07-31,2025-Q3,USD,0.0,-49567.871323,-7390170.609464,-7340602.738141,1217737.164513,0.0,,,,,2025-05-01,Q,False,yfinance
VZLA,Vizsla Silver Corp.,2025-04-30,2025-Q2,USD,0.0,-28743.20668,-4483431.800009,-4454688.593329,-4580814.361824,,,,,,2025-01-29,Q,False,yfinance
VZLA,Vizsla Silver Corp.,2025-01-31,2025-Q1,USD,,,,,,-0.006899,,,,,2024-11-01,Q,False,yfinance
VITL.UN,Vital Infrastructure Property Trust.,2026-03-31,2026-Q1,CAD,74067000.0,47484000.0,17557000.0,17557000.0,-3845000.0,-0.01538,64.11,23.704,23.704,-5.191,2025-12-30,Q,False,yfinance
VITL.UN,Vital Infrastructure Property Trust.,2025-12-31,2025-Q4,CAD,107588000.0,94609000.0,-6339000.0,-6339000.0,-94087000.0,,87.936,-5.892,-5.892,-87.451,2025-10-01,Q,False,yfinance
VITL.UN,Vital Infrastructure Property Trust.,2025-09-30,2025-Q3,CAD,104286000.0,79168000.0,72287000.0,72873000.0,16165000.0,0.064662,75.914,69.316,69.878,15.501,2025-07-01,Q,False,yfinance
VITL.UN,Vital Infrastructure Property Trust.,2025-06-30,2025-Q2,CAD,99004000.0,76308000.0,74736000.0,75279000.0,25960000.0,0.104149,77.076,75.488,76.036,26.221,2025-03-31,Q,False,yfinance
VITL.UN,Vital Infrastructure Property Trust.,2025-03-31,2025-Q1,CAD,111647000.0,77148000.0,24997000.0,24997000.0,-890000.0,-0.003583,69.1,22.389,22.389,-0.797,2024-12-30,Q,False,yfinance
WCN,Waste Connections Inc.,2026-06-30,2026-Q2,USD,2561607000.0,1082390000.0,474933000.0,800810000.0,296399000.0,1.17,42.254,18.54,31.262,11.571,2026-03-31,Q,False,yfinance
WCN,Waste Connections Inc.,2026-03-31,2026-Q1,USD,2370631000.0,1009532000.0,371278000.0,686027000.0,219344000.0,0.86,42.585,15.662,28.939,9.253,2025-12-30,Q,False,yfinance
WCN,Waste Connections Inc.,2025-12-31,2025-Q4,USD,2373306000.0,1009077000.0,427484000.0,746654000.0,258500000.0,1.01,42.518,18.012,31.461,10.892,2025-10-01,Q,False,yfinance
WCN,Waste Connections Inc.,2025-09-30,2025-Q3,USD,2458378000.0,1051524000.0,459223000.0,774553000.0,286271000.0,,42.773,18.68,31.507,11.645,2025-07-01,Q,False,yfinance
WCN,Waste Connections Inc.,2025-06-30,2025-Q2,USD,2407055000.0,1014198000.0,471909000.0,779566000.0,290276000.0,1.12,42.134,19.605,32.387,12.059,2025-03-31,Q,False,yfinance
WCN,Waste Connections Inc.,2025-03-31,2025-Q1,USD,,,,,,0.93,,,,,2024-12-30,Q,False,yfinance
WDO,Wesdome Gold Mines Ltd.,2026-03-31,2026-Q1,CAD,299793000.0,194814000.0,184454000.0,211533000.0,118882000.0,0.78,64.983,61.527,70.56,39.655,2025-12-30,Q,False,yfinance
WDO,Wesdome Gold Mines Ltd.,2025-12-31,2025-Q4,CAD,287875000.0,184717000.0,169478000.0,196000000.0,117403000.0,,64.166,58.872,68.085,40.783,2025-10-01,Q,False,yfinance
WDO,Wesdome Gold Mines Ltd.,2025-06-30,2025-Q2,CAD,208548000.0,132172000.0,127112000.0,144307000.0,82696000.0,0.55,63.377,60.951,69.196,39.653,2025-03-31,Q,False,yfinance
WDO,Wesdome Gold Mines Ltd.,2025-03-31,2025-Q1,CAD,187618000.0,103374000.0,95139000.0,119359000.0,62473000.0,0.41,55.098,50.709,63.618,33.298,2024-12-30,Q,False,yfinance
WDO,Wesdome Gold Mines Ltd.,2024-12-31,2024-Q4,CAD,182611000.0,95589000.0,85820000.0,114868000.0,56629000.0,,52.346,46.996,62.903,31.011,2024-10-01,Q,False,yfinance
WFG,West Fraser Timber Co. Ltd.,2026-06-30,2026-Q2,USD,1434000000.0,381000000.0,-80000000.0,53000000.0,-61000000.0,-0.78,26.569,-5.579,3.696,-4.254,2026-03-31,Q,False,yfinance
WFG,West Fraser Timber Co. Ltd.,2026-03-31,2026-Q1,USD,1334000000.0,345000000.0,-197000000.0,-59000000.0,-188000000.0,-2.4,25.862,-14.768,-4.423,-14.093,2025-12-30,Q,False,yfinance
WFG,West Fraser Timber Co. Ltd.,2025-12-31,2025-Q4,USD,1165000000.0,215000000.0,-913000000.0,-770000000.0,-751000000.0,,18.455,-78.369,-66.094,-64.464,2025-10-01,Q,False,yfinance
WFG,West Fraser Timber Co. Ltd.,2025-09-30,2025-Q3,USD,1307000000.0,203000000.0,-260000000.0,-127000000.0,-204000000.0,,15.532,-19.893,-9.717,-15.608,2025-07-01,Q,False,yfinance
WFG,West Fraser Timber Co. Ltd.,2025-06-30,2025-Q2,USD,1532000000.0,383000000.0,-39000000.0,95000000.0,-24000000.0,-0.38,25.0,-2.546,6.201,-1.567,2025-03-31,Q,False,yfinance
WFG,West Fraser Timber Co. Ltd.,2025-03-31,2025-Q1,USD,,,,,,0.46,,,,,2024-12-30,Q,False,yfinance
WPM,Wheaton Precious Metals Corp.,2026-03-31,2026-Q1,USD,901469000.0,699374000.0,691226000.0,768509000.0,582044000.0,1.279,77.582,76.678,85.251,64.566,2025-12-30,Q,False,yfinance
WPM,Wheaton Precious Metals Corp.,2025-12-31,2025-Q4,USD,864714000.0,663531000.0,650796000.0,737372000.0,558249000.0,,76.734,75.261,85.274,64.559,2025-10-01,Q,False,yfinance
WPM,Wheaton Precious Metals Corp.,2025-09-30,2025-Q3,USD,476257000.0,335988000.0,412732000.0,479005000.0,367216000.0,0.807,70.548,86.662,100.577,77.105,2025-07-01,Q,False,yfinance
WPM,Wheaton Precious Metals Corp.,2025-06-30,2025-Q2,USD,503218000.0,353047000.0,338114000.0,413436000.0,292270000.0,0.643,70.158,67.19,82.158,58.08,2025-03-31,Q,False,yfinance
WPM,Wheaton Precious Metals Corp.,2025-03-31,2025-Q1,USD,470411000.0,319083000.0,296854000.0,373848000.0,253984000.0,0.559,67.831,63.105,79.473,53.992,2024-12-30,Q,False,yfinance
WCP,Whitecap Resources Inc.,2026-06-30,2026-Q2,CAD,2698500000.0,1799700000.0,1218100000.0,1767800000.0,889500000.0,0.73,66.693,45.14,65.51,32.963,2026-03-31,Q,False,yfinance
WCP,Whitecap Resources Inc.,2026-03-31,2026-Q1,CAD,2081500000.0,1287900000.0,77000000.0,626100000.0,22300000.0,0.02,61.874,3.699,30.079,1.071,2025-12-30,Q,False,yfinance
WCP,Whitecap Resources Inc.,2025-12-31,2025-Q4,CAD,1698600000.0,963000000.0,471600000.0,1014300000.0,307200000.0,,56.694,27.764,59.714,18.085,2025-10-01,Q,False,yfinance
WCP,Whitecap Resources Inc.,2025-06-30,2025-Q2,CAD,1446800000.0,860500000.0,446400000.0,846900000.0,310600000.0,0.33,59.476,30.854,58.536,21.468,2025-03-31,Q,False,yfinance
WCP,Whitecap Resources Inc.,2025-03-31,2025-Q1,CAD,1013100000.0,609600000.0,229000000.0,474600000.0,162600000.0,0.27,60.172,22.604,46.846,16.05,2024-12-30,Q,False,yfinance
WPK,Winpak Ltd.,2026-06-30,2026-Q2,USD,294466000.0,90076000.0,46931000.0,61497000.0,33607000.0,0.57,30.59,15.938,20.884,11.413,2026-03-31,Q,False,yfinance
WPK,Winpak Ltd.,2026-03-31,2026-Q1,USD,280034000.0,82857000.0,43269000.0,57840000.0,30969000.0,0.53,29.588,15.451,20.655,11.059,2025-12-30,Q,False,yfinance
WPK,Winpak Ltd.,2025-12-31,2025-Q4,USD,284850000.0,86818000.0,50994000.0,65209000.0,36186000.0,0.6,30.478,17.902,22.892,12.704,2025-10-01,Q,False,yfinance
WPK,Winpak Ltd.,2025-06-30,2025-Q2,USD,272800000.0,80206000.0,41487000.0,55340000.0,30205000.0,0.49,29.401,15.208,20.286,11.072,2025-03-31,Q,False,yfinance
WPK,Winpak Ltd.,2025-03-31,2025-Q1,USD,284802000.0,88545000.0,48669000.0,62705000.0,34576000.0,0.56,31.09,17.089,22.017,12.14,2024-12-30,Q,False,yfinance
WSP,WSP Global Inc.,2026-03-31,2026-Q1,CAD,4550700000.0,3709000000.0,283300000.0,468600000.0,144100000.0,1.07,81.504,6.225,10.297,3.167,2025-12-30,Q,False,yfinance
WSP,WSP Global Inc.,2025-12-31,2025-Q4,CAD,4854100000.0,3672700000.0,425900000.0,611300000.0,256300000.0,1.95,75.662,8.774,12.593,5.28,2025-10-01,Q,False,yfinance
WSP,WSP Global Inc.,2025-06-30,2025-Q2,CAD,4508300000.0,3476000000.0,463300000.0,649300000.0,279400000.0,2.14,77.102,10.277,14.402,6.197,2025-03-31,Q,False,yfinance
WSP,WSP Global Inc.,2025-03-31,2025-Q1,CAD,4388900000.0,3347300000.0,282600000.0,468500000.0,144100000.0,1.1,76.267,6.439,10.675,3.283,2024-12-30,Q,False,yfinance
WSP,WSP Global Inc.,2024-12-31,2024-Q4,CAD,4664900000.0,3394000000.0,317500000.0,507000000.0,166900000.0,1.28,72.756,6.806,10.868,3.578,2024-10-01,Q,False,yfinance
