cik,ticker,company,sic,afs,form,period,priceable
1800,ABT,ABBOTT LABORATORIES,2834,1-LAF,10-Q,20230331,Y
1961,,WORLDS INC,7372,4-NON,10-Q,20230331,N
2098,ACU,ACME UNITED CORP,3420,2-ACC,10-Q,20230331,Y
2178,,"ADAMS RESOURCES & ENERGY, INC.",5172,2-ACC,10-Q,20230331,N
2186,BKTI,BK TECHNOLOGIES,3663,4-NON,10-Q,20230331,Y
2488,AMD,ADVANCED MICRO DEVICES INC,3674,1-LAF,10-Q,20230331,Y
2969,APD,"AIR PRODUCTS & CHEMICALS, INC.",2810,1-LAF,10-Q,20230331,Y
3197,CECO,CECO ENVIRONMENTAL CORP,3564,2-ACC,10-Q,20230331,Y
3453,MATX,"MATSON, INC.",4400,1-LAF,10-Q,20230331,Y
3499,ALX,ALEXANDERS INC,6798,2-ACC,10-Q,20230331,Y
3545,ALCO,"ALICO, INC.",0100,2-ACC,10-Q,20230331,Y
3570,LNG,CHENIERE ENERGY INC,4924,1-LAF,10-Q,20230331,Y
4127,SWKS,SKYWORKS SOLUTIONS INC,3674,1-LAF,10-Q,20230331,Y
4281,HWM,HOWMET AEROSPACE INC.,3350,1-LAF,10-Q,20230331,Y
4447,,HESS CORP,2911,1-LAF,10-Q,20230331,N
4457,UHAL,U-HAUL HOLDING CO /NV/,7510,1-LAF,10-K,20230331,Y
4904,,AMERICAN ELECTRIC POWER CO INC,4911,1-LAF,10-Q,20230331,N
4962,AXP,AMERICAN EXPRESS CO,6199,1-LAF,10-Q,20230331,Y
4977,AFL,AFLAC INC,6321,1-LAF,10-Q,20230331,Y
5272,AIG,"AMERICAN INTERNATIONAL GROUP, INC.",6331,1-LAF,10-Q,20230331,Y
5513,UNM,UNUM GROUP,6321,1-LAF,10-Q,20230331,Y
5981,AVD,AMERICAN VANGUARD CORP,2870,2-ACC,10-Q,20230331,Y
6176,AP,AMPCO PITTSBURGH CORP,3561,4-NON,10-Q,20230331,Y
6201,AAL,AMERICAN AIRLINES GROUP INC.,4512,1-LAF,10-Q,20230331,Y
6281,ADI,ANALOG DEVICES INC,3674,1-LAF,10-Q,20230430,Y
6769,,APACHE CORP,1311,4-NON,10-Q,20230331,N
6845,APOG,"APOGEE ENTERPRISES, INC.",3231,1-LAF,10-K,20230228,Y
6951,AMAT,APPLIED MATERIALS INC /DE,3674,1-LAF,10-Q,20230430,Y
6955,EPAC,ENERPAC TOOL GROUP CORP,3590,1-LAF,10-Q,20230531,Y
7084,ADM,ARCHER-DANIELS-MIDLAND CO,2070,1-LAF,10-Q,20230331,Y
7332,,SOUTHWESTERN ENERGY CO,1311,1-LAF,10-Q,20230331,N
7431,AWI,ARMSTRONG WORLD INDUSTRIES INC,3089,1-LAF,10-Q,20230331,Y
7536,ARW,"ARROW ELECTRONICS, INC",5065,1-LAF,10-Q,20230331,Y
7623,ARTW,ARTS WAY MANUFACTURING CO INC,3523,4-NON,10-Q,20230228,Y
7789,ASB,ASSOCIATED BANC-CORP,6022,1-LAF,10-Q,20230331,Y
8063,ATRO,ASTRONICS CORP,3728,2-ACC,10-Q,20230331,Y
8146,ALOT,"ASTRONOVA, INC.",3577,2-ACC,10-K,20230131,Y
8177,AAME,ATLANTIC AMERICAN CORP,6311,4-NON,10-K,20221231,Y
8504,UAVS,AGEAGLE AERIAL SYSTEMS INC.,3721,4-NON,10-K,20221231,Y
8670,ADP,AUTOMATIC DATA PROCESSING INC,7374,1-LAF,10-Q,20230331,Y
8818,AVY,AVERY DENNISON CORP,2670,1-LAF,10-Q,20230331,Y
8858,AVT,AVNET INC,5065,1-LAF,10-Q,20230331,Y
8868,,AVON PRODUCTS INC,2844,4-NON,10-Q,20230331,N
8947,AZZ,AZZ INC,3470,1-LAF,10-K,20230228,Y
9092,BMI,BADGER METER INC,3824,1-LAF,10-Q,20230331,Y
9326,BCPC,BALCHEM CORP,2800,1-LAF,10-Q,20230331,Y
9389,BALL,BALL CORP,3411,1-LAF,10-Q,20230331,Y
9984,,BARNES GROUP INC,3490,1-LAF,10-Q,20230331,N
10048,BRN,BARNWELL INDUSTRIES INC,1311,4-NON,10-Q,20230331,Y
10254,,EARTHSTONE ENERGY INC,1311,2-ACC,10-Q,20230331,N
10329,BSET,BASSETT FURNITURE INDUSTRIES INC,2511,2-ACC,10-Q,20230531,Y
10456,BAX,BAXTER INTERNATIONAL INC,3841,1-LAF,10-Q,20230331,Y
10795,BDX,BECTON DICKINSON & CO,3841,1-LAF,10-Q,20230331,Y
11544,WRB,BERKLEY W R CORP,6331,1-LAF,10-Q,20230331,Y
12040,BDL,FLANIGANS ENTERPRISES INC,5812,4-NON,10-Q,20230331,Y
12208,BIO,"BIO-RAD LABORATORIES, INC.",3826,1-LAF,10-Q,20230331,Y
12239,DOMH,DOMINARI HOLDINGS INC.,2834,4-NON,10-Q,20230331,Y
12659,HRB,H&R BLOCK INC,7200,1-LAF,10-Q,20230331,Y
12927,BA,BOEING CO,3721,1-LAF,10-Q,20230331,Y
13156,GLXZ,"GALAXY GAMING, INC.",7900,4-NON,10-Q,20230331,Y
14177,BRID,BRIDGFORD FOODS CORP,2013,4-NON,10-Q,20230331,Y
14272,BMY,BRISTOL MYERS SQUIBB CO,2834,1-LAF,10-Q,20230331,Y
14693,BF-A,BROWN FORMAN CORP,2080,1-LAF,10-K,20230430,Y
14707,CAL,CALERES INC,3140,1-LAF,10-Q,20230430,Y
14846,BRT,BRT APARTMENTS CORP.,6798,4-NON,10-Q,20230331,Y
14930,BC,BRUNSWICK CORP,3510,1-LAF,10-Q,20230331,Y
15357,,CHASE GENERAL CORP,2060,4-NON,10-Q,20230331,N
15615,MTZ,MASTEC INC,1623,1-LAF,10-Q,20230331,Y
16040,CBT,CABOT CORP,2890,1-LAF,10-Q,20230331,Y
16058,CACI,CACI INTERNATIONAL INC /DE/,7373,1-LAF,10-Q,20230331,Y
16732,CPB,CAMPBELL SOUP CO,2000,1-LAF,10-Q,20230430,Y
16859,SRL,SCULLY ROYALTY LTD.,6795,4-NON,20-F,20221231,Y
16875,CP,CANADIAN PACIFIC KANSAS CITY LTD/CN,4011,1-LAF,10-Q,20230331,Y
16918,STZ,"CONSTELLATION BRANDS, INC.",2080,1-LAF,10-K,20230228,Y
17313,CSWC,CAPITAL SOUTHWEST CORP,,4-NON,10-K,20230331,Y
17843,CRS,CARPENTER TECHNOLOGY CORP,3312,1-LAF,10-Q,20230331,Y
18230,CAT,CATERPILLAR INC,3531,1-LAF,10-Q,20230331,Y
18255,CATO,CATO CORP,5621,2-ACC,10-Q,20230430,Y
18349,,SYNOVUS FINANCIAL CORP,6021,1-LAF,10-Q,20230331,N
18498,GCO,GENESCO INC,5661,1-LAF,10-Q,20230430,Y
18926,LUMN,"LUMEN TECHNOLOGIES, INC.",4813,1-LAF,10-Q,20230331,Y
19584,CHE,CHEMED CORP,8082,1-LAF,10-Q,20230331,Y
19617,JPM,JPMORGAN CHASE & CO,6021,1-LAF,10-Q,20230331,Y
19745,CPK,CHESAPEAKE UTILITIES CORP,4923,1-LAF,10-Q,20230331,Y
19871,CVR,CHICAGO RIVET & MACHINE CO,3540,4-NON,10-Q,20230331,Y
20212,CHDN,CHURCHILL DOWNS INC,7948,1-LAF,10-Q,20230331,Y
20286,CINF,CINCINNATI FINANCIAL CORP,6331,1-LAF,10-Q,20230331,Y
20520,,"FRONTIER COMMUNICATIONS PARENT, INC.",4813,1-LAF,10-Q,20230331,N
20639,ABCP,AMBASE CORP,6512,4-NON,10-Q,20230331,Y
21076,CLX,CLOROX CO /DE/,2842,1-LAF,10-Q,20230331,Y
21175,CNA,CNA FINANCIAL CORP,6331,1-LAF,10-Q,20230331,Y
21344,KO,COCA COLA CO,2080,1-LAF,10-Q,20230331,Y
21535,COHU,COHU INC,3825,1-LAF,10-Q,20230331,Y
21665,CL,COLGATE PALMOLIVE CO,2844,1-LAF,10-Q,20230331,Y
22356,CBSH,COMMERCE BANCSHARES INC /MO/,6022,1-LAF,10-Q,20230331,Y
22444,CMC,COMMERCIAL METALS CO,3312,1-LAF,10-Q,20230531,Y
22701,SUNE,PINEAPPLE ENERGY INC.,3661,4-NON,10-K,20221231,Y
23111,,COMPUTER TASK GROUP INC,7371,2-ACC,10-Q,20230331,N
23194,CRK,COMSTOCK RESOURCES INC,1311,1-LAF,10-Q,20230331,Y
23197,CMTL,COMTECH TELECOMMUNICATIONS CORP /DE/,3663,2-ACC,10-Q,20230430,Y
23217,CAG,CONAGRA BRANDS INC.,2000,1-LAF,10-Q,20230228,Y
23795,CTO,"CTO REALTY GROWTH, INC.",6798,2-ACC,10-Q,20230331,Y
24090,CIA,"CITIZENS, INC.",6311,2-ACC,10-Q,20230331,Y
24545,TAP-A,MOLSON COORS BEVERAGE CO,2082,1-LAF,10-Q,20230331,Y
24741,GLW,CORNING INC /NY,3357,1-LAF,10-Q,20230331,Y
25232,CUZ,COUSINS PROPERTIES INC,6798,1-LAF,10-Q,20230331,Y
25445,CXT,"CRANE NXT, CO.",3490,1-LAF,10-Q,20230331,Y
25475,CRD-A,CRAWFORD & CO,6411,2-ACC,10-Q,20230331,Y
25743,TXMD,"THERAPEUTICSMD, INC.",2834,4-NON,10-Q,20230331,Y
25895,CRWS,CROWN CRAFTS INC,2211,4-NON,10-K,20230331,Y
26058,CTS,CTS CORP,3672,1-LAF,10-Q,20230331,Y
26172,CMI,CUMMINS INC,3510,1-LAF,10-Q,20230331,Y
26324,CW,CURTISS WRIGHT CORP,3590,1-LAF,10-Q,20230331,Y
26780,DAN,DANA INC,3714,1-LAF,10-Q,20230331,Y
27419,TGT,TARGET CORP,5331,1-LAF,10-Q,20230430,Y
27673,,DEERE JOHN CAPITAL CORP,6153,4-NON,10-Q,20230430,N
27904,DAL,"DELTA AIR LINES, INC.",4512,1-LAF,10-Q,20230331,Y
27996,DLX,DELUXE CORP,2780,1-LAF,10-Q,20230331,Y
28412,,COMERICA INC /NEW/,6021,1-LAF,10-Q,20230331,N
28823,DBD,"DIEBOLD NIXDORF, INC",3578,2-ACC,10-Q,20230331,Y
28917,DDS,"DILLARD'S, INC.",5311,1-LAF,10-Q,20230430,Y
29002,DIOD,DIODES INC /DEL/,3674,1-LAF,10-Q,20230331,Y
29332,DXYN,DIXIE GROUP INC,2273,4-NON,10-Q,20230331,Y
29534,DG,DOLLAR GENERAL CORP,5331,1-LAF,10-Q,20230430,Y
29644,DCI,DONALDSON CO INC,3564,1-LAF,10-Q,20230430,Y
29905,DOV,DOVER CORP,3530,1-LAF,10-Q,20230331,Y
29952,,"CHINA CHANGJIANG MINING & NEW ENERGY COMPANY, LTD.",3621,4-NON,10-K,20221231,N
29989,OMC,OMNICOM GROUP INC.,7311,1-LAF,10-Q,20230331,Y
30305,DCO,DUCOMMUN INC /DE/,3728,2-ACC,10-Q,20230331,Y
30625,FLS,FLOWSERVE CORP,3561,1-LAF,10-Q,20230331,Y
30697,WEN,WENDY'S CO,5810,1-LAF,10-Q,20230331,Y
31107,EML,EASTERN CO,3420,2-ACC,10-Q,20230331,Y
31235,KODK,EASTMAN KODAK CO,3861,2-ACC,10-Q,20230331,Y
31462,ECL,ECOLAB INC.,2840,1-LAF,10-Q,20230331,Y
31667,EDUC,EDUCATIONAL DEVELOPMENT CORP,5190,4-NON,10-K,20230228,Y
31791,RVTY,"REVVITY, INC.",3826,1-LAF,10-Q,20230331,Y
32604,EMR,EMERSON ELECTRIC CO,3600,1-LAF,10-Q,20230331,Y
32621,MSN,EMERSON RADIO CORP,3651,4-NON,10-K,20230331,Y
33002,EBF,"ENNIS, INC.",2761,2-ACC,10-K,20230228,Y
33185,EFX,EQUIFAX INC,7320,1-LAF,10-Q,20230331,Y
33213,EQT,EQT CORP,1311,1-LAF,10-Q,20230331,Y
33488,ESCA,ESCALADE INC,3949,2-ACC,10-Q,20230331,Y
33533,ESP,ESPEY MFG & ELECTRONICS CORP,3679,4-NON,10-Q,20230331,Y
33992,KINS,"KINGSTONE COMPANIES, INC.",6331,4-NON,10-Q,20230331,Y
34067,BOOM,DMC GLOBAL INC.,3390,2-ACC,10-Q,20230331,Y
34088,,EXXON MOBIL CORP,2911,1-LAF,10-Q,20230331,N
34285,RLBY,RELIABILITY INC,3825,4-NON,10-Q,20230331,Y
34563,,FARMER BROTHERS CO,2090,2-ACC,10-Q,20230331,N
34782,SRCE,1ST SOURCE CORP,6022,1-LAF,10-Q,20230331,Y
34903,FRT,FEDERAL REALTY INVESTMENT TRUST,6798,1-LAF,10-Q,20230331,Y
34956,TENX,"TENAX THERAPEUTICS, INC.",2834,4-NON,10-Q,20230331,Y
35527,FITB,FIFTH THIRD BANCORP,6022,1-LAF,10-Q,20230331,Y
36029,FFIN,FIRST FINANCIAL BANKSHARES INC,6022,1-LAF,10-Q,20230331,Y
36104,USB,US BANCORP DE,6021,1-LAF,10-Q,20230331,Y
36146,TRMK,TRUSTMARK CORP,6021,1-LAF,10-Q,20230331,Y
36270,MTB,M&T BANK CORP,6022,1-LAF,10-Q,20230331,Y
36377,FHB,"FIRST HAWAIIAN, INC.",6022,1-LAF,10-Q,20230331,Y
36840,FREVS,FIRST REAL ESTATE INVESTMENT TRUST OF NEW JERSEY,6798,4-NON,10-Q,20230430,Y
36966,FHN,FIRST HORIZON CORP,6021,1-LAF,10-Q,20230331,Y
37472,FLXS,FLEXSTEEL INDUSTRIES INC,2510,2-ACC,10-Q,20230331,Y
37785,FMC,FMC CORP,2800,1-LAF,10-Q,20230331,Y
37808,FNB,FNB CORP/PA/,6021,1-LAF,10-Q,20230331,Y
37996,F,FORD MOTOR CO,3711,1-LAF,10-Q,20230331,Y
38009,,FORD MOTOR CREDIT CO LLC,6159,4-NON,10-Q,20230331,N
38264,FWDI,"FORWARD INDUSTRIES, INC.",3089,4-NON,10-Q,20230331,Y
38723,,1ST FRANKLIN FINANCIAL CORP,6141,4-NON,10-K,20221231,N
38725,FELE,FRANKLIN ELECTRIC CO INC,3621,1-LAF,10-Q,20230331,Y
38777,BEN,FRANKLIN RESOURCES INC,6282,1-LAF,10-Q,20230331,Y
39263,CFR,"CULLEN/FROST BANKERS, INC.",6021,1-LAF,10-Q,20230331,Y
39311,IBCP,INDEPENDENT BANK CORP /MI/,6022,2-ACC,10-Q,20230331,Y
39368,FUL,FULLER H B CO,2891,1-LAF,10-Q,20230531,Y
39899,,TEGNA INC,4833,1-LAF,10-Q,20230331,N
39911,GAP,GAP INC,5651,1-LAF,10-Q,20230430,Y
40211,GATX,GATX CORP,4700,1-LAF,10-Q,20230331,Y
40533,GD,GENERAL DYNAMICS CORP,3730,1-LAF,10-Q,20230331,Y
40545,GE,GENERAL ELECTRIC CO,3600,1-LAF,10-Q,20230331,Y
40570,JOB,GEE GROUP INC.,7361,4-NON,10-Q,20230331,Y
40704,GIS,GENERAL MILLS INC,2040,1-LAF,10-K,20230531,Y
40729,ALLY,ALLY FINANCIAL INC.,6022,1-LAF,10-Q,20230331,Y
40888,,"AEROJET ROCKETDYNE HOLDINGS, INC.",3760,1-LAF,10-Q,20230331,N
40987,GPC,GENUINE PARTS CO,5013,1-LAF,10-Q,20230331,Y
41719,MAGN,GLATFELTER CORP,2621,2-ACC,10-Q,20230331,Y
42582,GT,GOODYEAR TIRE & RUBBER CO /OH/,3011,1-LAF,10-Q,20230331,Y
42682,GRC,GORMAN RUPP CO,3561,2-ACC,10-Q,20230331,Y
42888,GGG,GRACO INC,3561,1-LAF,10-Q,20230331,Y
43196,GTN,GRAY TELEVISION INC,4833,1-LAF,10-Q,20230331,Y
43920,GEF,"GREIF, INC",3412,1-LAF,10-Q,20230430,Y
45012,HAL,HALLIBURTON CO,1389,1-LAF,10-Q,20230331,Y
45876,,HARSCO CORP,8900,1-LAF,10-Q,20230331,N
45919,HHS,HARTE HANKS INC,7331,4-NON,10-Q,20230331,Y
46080,HAS,"HASBRO, INC.",3944,1-LAF,10-Q,20230331,Y
46129,ALNT,ALLIED MOTION TECHNOLOGIES INC,3825,2-ACC,10-Q,20230331,Y
46195,BOH,BANK OF HAWAII CORP,6022,1-LAF,10-Q,20230331,Y
46250,HWKN,HAWKINS INC,5160,1-LAF,10-K,20230331,Y
46619,HEI,HEICO CORP,3724,1-LAF,10-Q,20230430,Y
46765,HP,"HELMERICH & PAYNE, INC.",1381,1-LAF,10-Q,20230331,Y
47111,HSY,HERSHEY CO,2060,1-LAF,10-Q,20230331,Y
47217,HPQ,HP INC,3570,1-LAF,10-Q,20230430,Y
47307,,CRAWFORD UNITED CORP,3823,4-NON,10-Q,20230331,N
48287,HNI,HNI CORP,2522,1-LAF,10-Q,20230331,Y
48465,HRL,HORMEL FOODS CORP /DE/,2011,1-LAF,10-Q,20230430,Y
48898,HUBB,HUBBELL INC,3670,1-LAF,10-Q,20230331,Y
49071,HUM,HUMANA INC,6324,1-LAF,10-Q,20230331,Y
49196,HBAN,HUNTINGTON BANCSHARES INC /MD/,6021,1-LAF,10-Q,20230331,Y
49600,EGP,EASTGROUP PROPERTIES INC,6798,1-LAF,10-Q,20230331,Y
49754,DIN,"DINE BRANDS GLOBAL, INC.",5812,1-LAF,10-Q,20230331,Y
49826,ITW,ILLINOIS TOOL WORKS INC,3560,1-LAF,10-Q,20230331,Y
49938,IMO,IMPERIAL OIL LTD,2911,1-LAF,10-Q,20230331,Y
50292,IEHC,IEH CORP,3678,4-NON,10-K,20220331,Y
50471,TRAK,PARK CITY GROUP INC,7374,4-NON,10-Q,20230331,Y
50493,IMKTA,INGLES MARKETS INC,5411,1-LAF,10-Q,20230331,Y
50725,GFF,GRIFFON CORP,3442,1-LAF,10-Q,20230331,Y
50863,INTC,INTEL CORP,3674,1-LAF,10-Q,20230331,Y
51143,IBM,INTERNATIONAL BUSINESS MACHINES CORP,3570,1-LAF,10-Q,20230331,Y
51253,IFF,INTERNATIONAL FLAVORS & FRAGRANCES INC,2860,1-LAF,10-Q,20230331,Y
51434,IP,INTERNATIONAL PAPER CO /NEW/,2621,1-LAF,10-Q,20230331,Y
51644,,"INTERPUBLIC GROUP OF COMPANIES, INC.",7311,1-LAF,10-Q,20230331,N
52827,RYN,RAYONIER INC,6798,1-LAF,10-Q,20230331,Y
52988,J,JACOBS SOLUTIONS INC.,1600,1-LAF,10-Q,20230331,Y
54187,MAYS,MAYS J W INC,6512,4-NON,10-Q,20230430,Y
54381,,KAMAN CORP,3760,1-LAF,10-Q,20230331,N
55067,,KELLOGG CO,2040,1-LAF,10-Q,20230331,N
55135,KELYA,KELLY SERVICES INC,7363,1-LAF,10-Q,20230331,Y
55234,GAMG,KENILWORTH SYSTEMS CORP,7990,4-NON,10-K,20221231,Y
55242,KMT,KENNAMETAL INC,3541,1-LAF,10-Q,20230331,Y
55529,KEQU,KEWAUNEE SCIENTIFIC CORP /DE/,3821,4-NON,10-K,20230430,Y
55772,,KIMBALL INTERNATIONAL INC,2510,2-ACC,10-Q,20230331,N
55785,KMB,KIMBERLY CLARK CORP,2670,1-LAF,10-Q,20230331,Y
56047,KEX,KIRBY CORP,4400,1-LAF,10-Q,20230331,Y
56679,KFY,KORN FERRY,7361,1-LAF,10-K,20230430,Y
56701,KOSS,KOSS CORP,3651,4-NON,10-Q,20230331,Y
56868,PNRG,PRIMEENERGY RESOURCES CORP,1311,4-NON,10-K,20221231,Y
56873,KR,KROGER CO,5411,1-LAF,10-Q,20230531,Y
56978,KLIC,KULICKE & SOFFA INDUSTRIES INC,3674,1-LAF,10-Q,20230331,Y
57131,LZB,LA-Z-BOY INC,2510,1-LAF,10-K,20230430,Y
57183,,SPIRE MISSOURI INC,4924,4-NON,10-Q,20221231,N
57515,MZTI,LANCASTER COLONY CORP,2030,1-LAF,10-Q,20230331,Y
57725,,LANNETT CO INC,2834,4-NON,10-Q,20230331,N
58361,LEE,"LEE ENTERPRISES, INC",2711,2-ACC,10-Q,20230331,Y
58492,LEG,LEGGETT & PLATT INC,2510,1-LAF,10-Q,20230331,Y
59255,VHI,VALHI INC /DE/,2810,2-ACC,10-Q,20230331,Y
59440,,VECTOR GROUP LTD,2111,1-LAF,10-Q,20230331,N
59478,LLY,ELI LILLY & CO,2834,1-LAF,10-Q,20230331,Y
59527,LECO,LINCOLN ELECTRIC HOLDINGS INC,3540,1-LAF,10-Q,20230331,Y
59558,LNC,LINCOLN NATIONAL CORP,6311,1-LAF,10-Q,20230331,Y
60086,L,LOEWS CORP,6331,1-LAF,10-Q,20230331,Y
60519,LPX,LOUISIANA-PACIFIC CORP,2400,1-LAF,10-Q,20230331,Y
60667,LOW,LOWES COMPANIES INC,5211,1-LAF,10-Q,20230430,Y
60714,LXU,"LSB INDUSTRIES, INC.",2810,2-ACC,10-Q,20230331,Y
61004,LGL,LGL GROUP INC,3679,4-NON,10-Q,20230331,Y
61398,,TELLURIAN INC. /DE/,1311,1-LAF,10-Q,20230331,N
61986,MTW,MANITOWOC CO INC,3531,2-ACC,10-Q,20230331,Y
62234,MCS,MARCUS CORP,7830,2-ACC,10-Q,20230331,Y
62709,MRSH,"MARSH & MCLENNAN COMPANIES, INC.",6411,1-LAF,10-Q,20230331,Y
62996,MAS,MASCO CORP /DE/,3430,1-LAF,10-Q,20230331,Y
63276,MAT,MATTEL INC /DE/,3942,1-LAF,10-Q,20230331,Y
63296,MATW,MATTHEWS INTERNATIONAL CORP,3360,1-LAF,10-Q,20230331,Y
63330,MLP,MAUI LAND & PINEAPPLE CO INC,6500,4-NON,10-Q,20230331,Y
63754,MKC,MCCORMICK & CO INC,2090,1-LAF,10-Q,20230531,Y
63908,MCD,MCDONALDS CORP,5812,1-LAF,10-Q,20230331,Y
64040,SPGI,S&P GLOBAL INC.,7320,1-LAF,10-Q,20230331,Y
64463,SLNH,"SOLUNA HOLDINGS, INC",6199,4-NON,10-Q,20230331,Y
64472,GENC,GENCOR INDUSTRIES INC,3531,4-NON,10-Q,20230331,Y
64803,CVS,CVS HEALTH CORP,5912,1-LAF,10-Q,20230331,Y
64996,MCY,MERCURY GENERAL CORP,6331,1-LAF,10-Q,20230331,Y
65172,MSB,MESABI TRUST,6795,4-NON,10-K,20230131,Y
65270,MEI,METHODE ELECTRONICS INC,3678,1-LAF,10-K,20230430,Y
65312,EVI,"EVI INDUSTRIES, INC.",7200,2-ACC,10-Q,20230331,Y
65596,SIEB,SIEBERT FINANCIAL CORP,6211,4-NON,10-Q,20230331,Y
65759,,MICROPAC INDUSTRIES INC,3674,4-NON,10-Q,20230228,N
65770,MVIS,"MICROVISION, INC.",3679,1-LAF,10-Q,20230331,Y
65984,ETR,ENTERGY CORP /DE/,4911,1-LAF,10-Q,20230331,Y
66004,MSEX,MIDDLESEX WATER CO,4941,1-LAF,10-Q,20230331,Y
66382,MLKN,"MILLERKNOLL, INC.",2520,1-LAF,10-Q,20230228,Y
66418,MXC,MEXCO ENERGY CORP,1311,4-NON,10-K,20230331,Y
66496,MMTRS,MILLS MUSIC TRUST,6794,4-NON,10-Q,20230331,Y
66570,MSA,MSA SAFETY INC,3842,1-LAF,10-Q,20230331,Y
66600,,"QUAD M SOLUTIONS, INC.",1090,4-NON,10-K,20221231,N
66740,MMM,3M CO,3841,1-LAF,10-Q,20230331,Y
66756,,ALLETE INC,4931,1-LAF,10-Q,20230331,N
67215,DY,DYCOM INDUSTRIES INC,1623,1-LAF,10-Q,20230430,Y
67347,MOD,MODINE MANUFACTURING CO,3714,2-ACC,10-K,20230331,Y
67716,MDU,MDU RESOURCES GROUP INC,1400,1-LAF,10-Q,20230331,Y
67887,MOG-A,MOOG INC.,3590,1-LAF,10-Q,20230331,Y
68505,MSI,"MOTOROLA SOLUTIONS, INC.",3663,1-LAF,10-Q,20230331,Y
68622,CTGG,QWEST CORP,4813,4-NON,10-Q,20230331,Y
69422,INTG,INTERGROUP CORP,6513,4-NON,10-Q,20230331,Y
69488,MYE,MYERS INDUSTRIES INC,3089,2-ACC,10-Q,20230331,Y
69633,NSSC,"NAPCO SECURITY TECHNOLOGIES, INC",3669,1-LAF,10-Q,20230331,Y
69733,NATH,"NATHANS FAMOUS, INC.",5812,2-ACC,10-K,20230331,Y
69891,FIZZ,NATIONAL BEVERAGE CORP,2086,1-LAF,10-K,20230430,Y
70145,NFG,NATIONAL FUEL GAS CO,4924,1-LAF,10-Q,20230331,Y
70318,THC,TENET HEALTHCARE CORP,8062,1-LAF,10-Q,20230331,Y
70487,NRC,NATIONAL RESEARCH CORP,8731,2-ACC,10-Q,20230331,Y
70502,NRUC,NATIONAL RURAL UTILITIES COOPERATIVE FINANCE CORP /DC/,6159,4-NON,10-Q,20230228,Y
70858,BAC,BANK OF AMERICA CORP /DE/,6021,1-LAF,10-Q,20230331,Y
70866,VYX,NCR CORP,3578,1-LAF,10-Q,20230331,Y
71557,NUVR,"NUVERA COMMUNICATIONS, INC.",4813,4-NON,10-Q,20230331,Y
71691,NYT,NEW YORK TIMES CO,2711,1-LAF,10-Q,20230331,Y
71829,NPKI,NEWPARK RESOURCES INC,3533,2-ACC,10-Q,20230331,Y
72162,NL,NL INDUSTRIES INC,2810,2-ACC,10-Q,20230331,Y
72205,NOBH,NOBILITY HOMES INC,2451,4-NON,10-Q,20230430,Y
72331,NDSN,NORDSON CORP,3569,1-LAF,10-Q,20230430,Y
72333,,NORDSTROM INC,5651,1-LAF,10-Q,20230430,N
72573,MOV,MOVADO GROUP INC,3873,2-ACC,10-Q,20230430,Y
72741,ES,EVERSOURCE ENERGY,4911,1-LAF,10-Q,20230331,Y
72903,XEL,XCEL ENERGY INC,4931,1-LAF,10-Q,20230331,Y
72909,,NORTHERN STATES POWER CO /WI/,4931,4-NON,10-Q,20230331,N
72971,WFC,WELLS FARGO & COMPANY/MN,6021,1-LAF,10-Q,20230331,Y
73088,,NORTHWESTERN CORP,4931,1-LAF,10-Q,20230331,N
73124,NTRS,NORTHERN TRUST CORP,6022,1-LAF,10-Q,20230331,Y
73290,BMRA,BIOMERICA INC,2835,4-NON,10-Q,20230228,Y
73309,NUE,NUCOR CORP,3312,1-LAF,10-Q,20230331,Y
73756,OII,OCEANEERING INTERNATIONAL INC,1389,1-LAF,10-Q,20230331,Y
74046,ODC,OIL-DRI CORP OF AMERICA,3990,2-ACC,10-Q,20230430,Y
74208,UDR,"UDR, INC.",6798,1-LAF,10-Q,20230331,Y
74260,ORI,OLD REPUBLIC INTERNATIONAL CORP,6351,1-LAF,10-Q,20230331,Y
74303,OLN,OLIN CORP,2800,1-LAF,10-Q,20230331,Y
75208,,OVERSEAS SHIPHOLDING GROUP INC,4412,2-ACC,10-Q,20230331,N
75252,ACH,OWENS & MINOR INC/VA/,5047,1-LAF,10-Q,20230331,Y
75288,OXM,OXFORD INDUSTRIES INC,2320,1-LAF,10-Q,20230430,Y
75340,,P&F INDUSTRIES INC,3540,4-NON,10-Q,20230331,N
75362,PCAR,PACCAR INC,3711,1-LAF,10-Q,20230331,Y
75677,PKG,PACKAGING CORP OF AMERICA,2650,1-LAF,10-Q,20230331,Y
76267,PKE,PARK AEROSPACE CORP,3728,4-NON,10-K,20230228,Y
76282,PKOH,PARK OHIO HOLDINGS CORP,3460,2-ACC,10-Q,20230331,Y
76334,PH,PARKER HANNIFIN CORP,3490,1-LAF,10-Q,20230331,Y
76605,PATK,PATRICK INDUSTRIES INC,3714,1-LAF,10-Q,20230331,Y
77159,,RANGER OIL CORP,1311,2-ACC,10-Q,20230331,N
77281,,PENNSYLVANIA REAL ESTATE INVESTMENT TRUST,6798,4-NON,10-Q,20230331,N
77360,PNR,PENTAIR PLC,3550,1-LAF,10-Q,20230331,Y
77476,PEP,PEPSICO INC,2080,1-LAF,10-Q,20230331,Y
77543,TPC,TUTOR PERINI CORP,1540,2-ACC,10-Q,20230331,Y
77877,,"PDC ENERGY, INC.",1311,1-LAF,10-Q,20230331,N
78003,PFE,PFIZER INC,2834,1-LAF,10-Q,20230331,Y
78128,WTRG,"ESSENTIAL UTILITIES, INC.",4941,1-LAF,10-Q,20230331,Y
78239,PVH,PVH CORP. /DE/,2320,1-LAF,10-Q,20230430,Y
78749,AGYS,AGILYSYS INC,7373,1-LAF,10-K,20230331,Y
78814,PBI,PITNEY BOWES INC /DE/,3579,1-LAF,10-Q,20230331,Y
78890,BCO,BRINKS CO,4731,1-LAF,10-Q,20230331,Y
79282,BRO,"BROWN & BROWN, INC.",6411,1-LAF,10-Q,20230331,Y
79661,PRSI,PORTSMOUTH SQUARE INC,6552,4-NON,10-Q,20230331,Y
79879,PPG,PPG INDUSTRIES INC,2851,1-LAF,10-Q,20230331,Y
80035,PLPC,PREFORMED LINE PRODUCTS CO,1623,2-ACC,10-Q,20230331,Y
80172,NPK,NATIONAL PRESTO INDUSTRIES INC,3480,2-ACC,10-Q,20230331,Y
80420,POWL,POWELL INDUSTRIES INC,3613,2-ACC,10-Q,20230331,Y
80424,PG,PROCTER & GAMBLE CO,2840,1-LAF,10-Q,20230331,Y
80661,PGR,PROGRESSIVE CORP/OH/,6331,1-LAF,10-Q,20230331,Y
81018,,PUBLIC SERVICE CO OF COLORADO,4931,4-NON,10-Q,20230331,N
81061,,PUBLIX SUPER MARKETS INC,5411,4-NON,10-Q,20230331,N
81362,KWR,QUAKER CHEMICAL CORP,2990,1-LAF,10-Q,20230331,Y
81955,RAND,RAND CAPITAL CORP,,4-NON,10-Q,20230331,Y
82020,USLM,UNITED STATES LIME & MINERALS INC,1400,2-ACC,10-Q,20230331,Y
82473,IHT,INNSUITES HOSPITALITY TRUST,6798,4-NON,10-K,20230131,Y
82811,RRX,REGAL REXNORD CORP,3621,1-LAF,10-Q,20230331,Y
83246,,HSBC USA INC /MD/,6021,4-NON,10-Q,20230331,N
83350,RSRV,RESERVE PETROLEUM CO,1311,4-NON,10-Q,20230331,Y
84129,,RITE AID CORP,5912,2-ACC,10-K,20230228,N
84246,RLI,RLI CORP,6331,1-LAF,10-Q,20230331,Y
84748,ROG,ROGERS CORP,2821,1-LAF,10-Q,20230331,Y
84839,ROL,ROLLINS INC,7340,1-LAF,10-Q,20230331,Y
85535,RGLD,ROYAL GOLD INC,6795,1-LAF,10-Q,20230331,Y
85961,R,RYDER SYSTEM INC,7510,1-LAF,10-Q,20230331,Y
86115,SFES,SAFEGUARD SCIENTIFICS INC,6799,4-NON,10-Q,20230331,Y
86312,TRV,"TRAVELERS COMPANIES, INC.",6331,1-LAF,10-Q,20230331,Y
87050,NEON,NEONODE INC.,3679,4-NON,10-Q,20230331,Y
87347,SLB,SCHLUMBERGER LIMITED/NV,1389,1-LAF,10-Q,20230331,Y
87802,SCND,SCIENTIFIC INDUSTRIES INC,3826,4-NON,10-Q,20230331,Y
88000,HKHC,SCOTT'S LIQUID GOLD - INC.,2844,4-NON,10-Q,20230331,Y
88121,SEB,SEABOARD CORP /DE/,5150,1-LAF,10-Q,20230331,Y
88205,SPXC,"SPX TECHNOLOGIES, INC.",3540,1-LAF,10-Q,20230331,Y
88941,SMTC,SEMTECH CORP,3674,1-LAF,10-Q,20230430,Y
88948,SENEA,SENECA FOODS CORP,2033,2-ACC,10-K,20230331,Y
89089,SCI,SERVICE CORP INTERNATIONAL,7200,1-LAF,10-Q,20230331,Y
89140,,SERVOTRONICS INC /DE/,3420,4-NON,10-Q,20230331,N
89439,MLI,MUELLER INDUSTRIES INC,3350,1-LAF,10-Q,20230331,Y
89800,SHW,SHERWIN WILLIAMS CO,5200,1-LAF,10-Q,20230331,Y
90498,SFNC,SIMMONS FIRST NATIONAL CORP,6021,1-LAF,10-Q,20230331,Y
90896,SKY,SKYLINE CHAMPION CORP,2451,1-LAF,10-K,20230331,Y
91142,AOS,SMITH A O CORP,3630,1-LAF,10-Q,20230331,Y
91419,SJM,J M SMUCKER CO,2033,1-LAF,10-K,20230430,Y
91440,SNA,SNAP-ON INC,3420,1-LAF,10-Q,20230331,Y
91576,KEY,KEYCORP /NEW/,6021,1-LAF,10-Q,20230331,Y
91668,SODI,SOLITRON DEVICES INC,3674,4-NON,10-K,20230228,Y
91767,SON,SONOCO PRODUCTS CO,2650,1-LAF,10-Q,20230331,Y
91882,,"DOMINION ENERGY SOUTH CAROLINA, INC.",4931,4-NON,10-Q,20230331,N
92122,SO,SOUTHERN CO,4911,1-LAF,10-Q,20230331,Y
92230,TFC,TRUIST FINANCIAL CORP,6021,1-LAF,10-Q,20230331,Y
92380,LUV,SOUTHWEST AIRLINES CO,4512,1-LAF,10-Q,20230331,Y
92521,,SOUTHWESTERN PUBLIC SERVICE CO,4931,4-NON,10-Q,20230331,N
93314,VNRX,VOLITIONRX LTD,2835,4-NON,10-Q,20230331,Y
93389,SMP,"STANDARD MOTOR PRODUCTS, INC.",3714,1-LAF,10-Q,20230331,Y
93410,CVX,CHEVRON CORP,2911,1-LAF,10-Q,20230331,Y
93556,SWK,"STANLEY BLACK & DECKER, INC.",3420,1-LAF,10-Q,20230331,Y
93676,,STARRETT L S CO,3420,4-NON,10-Q,20230331,N
93751,STT,STATE STREET CORP,6022,1-LAF,10-Q,20230331,Y
94049,SCL,STEPAN CO,2840,1-LAF,10-Q,20230331,Y
94344,STC,STEWART INFORMATION SERVICES CORP,6361,1-LAF,10-Q,20230331,Y
94845,LEVI,LEVI STRAUSS & CO,2300,1-LAF,10-Q,20230228,Y
95029,RGR,STURM RUGER & CO INC,3480,1-LAF,10-Q,20230331,Y
95552,,SUPERIOR INDUSTRIES INTERNATIONAL INC,3714,2-ACC,10-Q,20230331,N
95574,SGC,"SUPERIOR GROUP OF COMPANIES, INC.",2300,2-ACC,10-Q,20230331,Y
95953,ACNT,ASCENT INDUSTRIES CO.,3317,2-ACC,10-Q,20230331,Y
96021,SYY,SYSCO CORP,5140,1-LAF,10-Q,20230331,Y
96223,JEF,JEFFERIES FINANCIAL GROUP INC.,6211,1-LAF,10-Q,20230228,Y
96271,,TAMPA ELECTRIC CO,4911,4-NON,10-Q,20230331,N
96699,,TECHNICAL COMMUNICATIONS CORP,3663,4-NON,10-Q,20230331,N
96793,,SUNLINK HEALTH SYSTEMS INC,8062,4-NON,10-Q,20230331,N
96869,TRC,TEJON RANCH CO,6500,4-NON,10-Q,20230331,Y
96885,,TEL INSTRUMENT ELECTRONICS CORP,3670,4-NON,10-K,20230331,N
96943,TFX,TELEFLEX INC,3841,1-LAF,10-Q,20230331,Y
97134,TNC,TENNANT CO,3580,1-LAF,10-Q,20230331,Y
97210,TER,"TERADYNE, INC",3825,1-LAF,10-Q,20230331,Y
97216,TEX,TEREX CORP,3537,1-LAF,10-Q,20230331,Y
97476,TXN,TEXAS INSTRUMENTS INC,3674,1-LAF,10-Q,20230331,Y
97745,TMO,THERMO FISHER SCIENTIFIC INC.,3829,1-LAF,10-Q,20230331,Y
98222,TDW,TIDEWATER INC,4400,1-LAF,10-Q,20230331,Y
98338,,TSR INC,7371,4-NON,10-Q,20230228,N
98362,TKR,TIMKEN CO,3562,1-LAF,10-Q,20230331,Y
98677,TR,TOOTSIE ROLL INDUSTRIES INC,2060,1-LAF,10-Q,20230331,Y
99106,,TRANS LUX CORP,3990,4-NON,10-Q,20230331,N
99250,,"TRANSCONTINENTAL GAS PIPE LINE COMPANY, LLC",4922,4-NON,10-Q,20230331,N
99302,TRNS,TRANSCAT INC,3825,2-ACC,10-K,20230331,Y
99780,TRN,TRINITY INDUSTRIES INC,3743,1-LAF,10-Q,20230331,Y
100122,,TUCSON ELECTRIC POWER CO,4911,4-NON,10-Q,20230331,N
100378,TWIN,TWIN DISC INC,3560,2-ACC,10-Q,20230331,Y
100493,TSN,"TYSON FOODS, INC.",2015,1-LAF,10-Q,20230331,Y
100517,UAL,"UNITED AIRLINES HOLDINGS, INC.",4512,1-LAF,10-Q,20230331,Y
100591,AGX,ARGAN INC,1700,2-ACC,10-K,20230131,Y
100726,UFI,UNIFI INC,2200,2-ACC,10-Q,20230331,Y
100790,,UNION CARBIDE CORP /NEW/,2860,4-NON,10-Q,20230331,N
100885,UNP,UNION PACIFIC CORP,4011,1-LAF,10-Q,20230331,Y
101199,UFCS,UNITED FIRE GROUP INC,6331,1-LAF,10-Q,20230331,Y
101295,UG,UNITED GUARDIAN INC,2844,4-NON,10-Q,20230331,Y
101382,UMBF,UMB FINANCIAL CORP,6021,1-LAF,10-Q,20230331,Y
101594,BSIN,US ENERGY CORP,1311,4-NON,10-K,20221231,Y
101778,,MARATHON OIL CORP,1311,1-LAF,10-Q,20230331,N
101829,RTX,RAYTHEON TECHNOLOGIES CORP,3724,1-LAF,10-Q,20230331,Y
101984,UEIC,UNIVERSAL ELECTRONICS INC,3651,2-ACC,10-Q,20230331,Y
102037,UVV,UNIVERSAL CORP /VA/,5150,1-LAF,10-K,20230331,Y
102212,UVSP,UNIVEST FINANCIAL CORP,6022,1-LAF,10-Q,20230331,Y
102729,VMI,VALMONT INDUSTRIES INC,3440,1-LAF,10-Q,20230331,Y
102752,VSEC,VSE CORP,8711,2-ACC,10-Q,20230331,Y
103145,VECO,VEECO INSTRUMENTS INC,3559,1-LAF,10-Q,20230331,Y
103379,VFC,V F CORP,2320,1-LAF,10-K,20230331,Y
103595,VLGEA,VILLAGE SUPER MARKET INC,5411,2-ACC,10-Q,20230430,Y
103730,VSH,VISHAY INTERTECHNOLOGY INC,3670,1-LAF,10-Q,20230331,Y
104169,WMT,WALMART INC.,5331,1-LAF,10-Q,20230430,Y
104889,GHC,GRAHAM HOLDINGS CO,8200,1-LAF,10-Q,20230331,Y
104894,ELME,ELME COMMUNITIES,6798,1-LAF,10-Q,20230331,Y
104918,AVA,AVISTA CORP,4931,1-LAF,10-Q,20230331,Y
105016,WSO,WATSCO INC,5070,1-LAF,10-Q,20230331,Y
105132,WDFC,WD 40 CO,2890,1-LAF,10-Q,20230228,Y
105319,WW,"WW INTERNATIONAL, INC.",7200,2-ACC,10-Q,20230331,Y
105418,WMK,WEIS MARKETS INC,5411,1-LAF,10-Q,20230331,Y
105634,EME,"EMCOR GROUP, INC.",1731,1-LAF,10-Q,20230331,Y
105744,GBR,"NEW CONCEPT ENERGY, INC.",1311,4-NON,10-Q,20230331,Y
105770,WST,WEST PHARMACEUTICAL SERVICES INC,3841,1-LAF,10-Q,20230331,Y
106040,WDC,WESTERN DIGITAL CORP,3572,1-LAF,10-Q,20230331,Y
106532,WEYS,WEYCO GROUP INC,5130,2-ACC,10-Q,20230331,Y
106535,WY,WEYERHAEUSER CO,6798,1-LAF,10-Q,20230331,Y
106640,WHR,WHIRLPOOL CORP /DE/,3630,1-LAF,10-Q,20230331,Y
107140,WLY,"JOHN WILEY & SONS, INC.",2731,1-LAF,10-K,20230430,Y
107263,WMB,"WILLIAMS COMPANIES, INC.",4922,1-LAF,10-Q,20230331,Y
107687,WGO,WINNEBAGO INDUSTRIES INC,3716,1-LAF,10-Q,20230531,Y
107815,WELPP,WISCONSIN ELECTRIC POWER CO,4911,4-NON,10-Q,20230331,Y
107833,,WISCONSIN PUBLIC SERVICE CORP,4931,4-NON,10-Q,20230331,N
108312,WWD,"WOODWARD, INC.",3620,1-LAF,10-Q,20230331,Y
108385,WRLD,WORLD ACCEPTANCE CORP,6141,2-ACC,10-K,20230331,Y
108516,WOR,WORTHINGTON INDUSTRIES INC,3310,1-LAF,10-Q,20230228,Y
108985,YORW,YORK WATER CO,4941,4-NON,10-Q,20230331,Y
109177,SPB,"SPECTRUM BRANDS HOLDINGS, INC.",3690,1-LAF,10-Q,20230331,Y
109198,TJX,TJX COMPANIES INC /DE/,5651,1-LAF,10-Q,20230430,Y
109380,ZION,"ZIONS BANCORPORATION, NATIONAL ASSOCIATION /UT/",6021,1-LAF,10-Q,20230331,Y
109563,AIT,APPLIED INDUSTRIAL TECHNOLOGIES INC,5080,1-LAF,10-Q,20230331,Y
109657,GTBP,"GT BIOPHARMA, INC.",2834,4-NON,10-Q,20230331,Y
110019,,NORTHWEST PIPELINE LLC,4922,4-NON,10-Q,20230331,N
110471,WWW,WOLVERINE WORLD WIDE INC /DE/,3140,1-LAF,10-Q,20230331,Y
110621,RPM,RPM INTERNATIONAL INC/DE/,2851,1-LAF,10-Q,20230228,Y
200406,JNJ,JOHNSON & JOHNSON,2834,1-LAF,10-Q,20230331,Y
202058,LHX,"L3HARRIS TECHNOLOGIES, INC. /DE/",3812,1-LAF,10-Q,20230331,Y
202947,CPTP,CAPITAL PROPERTIES INC /RI/,6519,4-NON,10-Q,20230331,Y
203596,WSBC,WESBANCO INC,6021,1-LAF,10-Q,20230331,Y
205402,,GRAYBAR ELECTRIC CO INC,5063,4-NON,10-Q,20230331,N
215466,CDE,"COEUR MINING, INC.",1040,1-LAF,10-Q,20230331,Y
216085,HVT,HAVERTY FURNITURE COMPANIES INC,5712,2-ACC,10-Q,20230331,Y
216228,ITT,ITT INC.,3561,1-LAF,10-Q,20230331,Y
216877,,PISMO COAST VILLAGE INC,7000,4-NON,10-Q,20230331,N
217346,TXT,TEXTRON INC,3720,1-LAF,10-Q,20230331,Y
230557,SIGI,SELECTIVE INSURANCE GROUP INC,6331,1-LAF,10-Q,20230331,Y
275053,NATR,NATURES SUNSHINE PRODUCTS INC,2834,2-ACC,10-Q,20230331,Y
275880,PSN,PARSONS CORP,7373,1-LAF,10-Q,20230331,Y
276720,PCYO,PURE CYCLE CORP,4941,4-NON,10-Q,20230228,Y
277135,GWW,"W.W. GRAINGER, INC.",5000,1-LAF,10-Q,20230331,Y
277509,FSS,FEDERAL SIGNAL CORP /DE/,3711,1-LAF,10-Q,20230331,Y
277638,,DAVEY TREE EXPERT CO,0700,4-NON,10-Q,20230331,N
277948,CSX,CSX CORP,4011,1-LAF,10-Q,20230331,Y
278165,OMQS,OMNIQ CORP.,7373,4-NON,10-Q,20230331,Y
278166,CVCO,CAVCO INDUSTRIES INC.,2451,1-LAF,10-K,20230331,Y
310142,SXT,SENSIENT TECHNOLOGIES CORP,2860,1-LAF,10-Q,20230331,Y
310158,MRK,"MERCK & CO., INC.",2834,1-LAF,10-Q,20230331,Y
310354,SXI,STANDEX INTERNATIONAL CORP/DE/,3580,1-LAF,10-Q,20230331,Y
310522,FNMA,FEDERAL NATIONAL MORTGAGE ASSOCIATION FANNIE MAE,6111,2-ACC,10-Q,20230331,Y
310764,SYK,STRYKER CORP,3841,1-LAF,10-Q,20230331,Y
311094,WABC,WESTAMERICA BANCORPORATION,6021,1-LAF,10-Q,20230331,Y
312257,IVFH,INNOVATIVE FOOD HOLDINGS INC,5141,4-NON,10-Q,20230331,Y
313143,HAE,HAEMONETICS CORP,3841,1-LAF,10-K,20230331,Y
313616,DHR,DANAHER CORP /DE/,3823,1-LAF,10-Q,20230331,Y
313838,SONY,SONY GROUP CORP,3651,1-LAF,20-F,20230331,Y
313927,CHD,CHURCH & DWIGHT CO INC /DE/,2840,1-LAF,10-Q,20230331,Y
314203,MUX,MCEWEN MINING INC.,1040,2-ACC,10-Q,20230331,Y
314227,TOMZ,"TOMI ENVIRONMENTAL SOLUTIONS, INC.",2860,4-NON,10-Q,20230331,Y
314489,BUSE,FIRST BUSEY CORP /NV/,6022,1-LAF,10-Q,20230331,Y
314808,VAL,VALARIS LTD,1381,1-LAF,10-Q,20230331,Y
315131,,PHX MINERALS INC.,1311,4-NON,10-Q,20230331,N
315189,DE,DEERE & CO,3523,1-LAF,10-Q,20230430,Y
315213,RHI,ROBERT HALF INTERNATIONAL INC.,7363,1-LAF,10-Q,20230331,Y
315293,AON,AON PLC,6411,1-LAF,10-Q,20230331,Y
315374,HURC,HURCO COMPANIES INC,3823,2-ACC,10-Q,20230430,Y
315545,PVCT,"PROVECTUS BIOPHARMACEUTICALS, INC.",2834,4-NON,10-Q,20230331,Y
315709,IBOC,INTERNATIONAL BANCSHARES CORP,6022,1-LAF,10-Q,20230331,Y
315852,RRC,RANGE RESOURCES CORP,1311,1-LAF,10-Q,20230331,Y
315858,,BLUEGREEN VACATIONS HOLDING CORP,6500,2-ACC,10-Q,20230331,N
315958,CRMZ,CREDITRISKMONITOR COM INC,7320,4-NON,10-Q,20230331,Y
316253,,ENZO BIOCHEM INC,8071,2-ACC,10-Q,20230430,N
316709,SCHW,SCHWAB CHARLES CORP,6211,1-LAF,10-Q,20230331,Y
316888,ASM,AVINO SILVER & GOLD MINES LTD,1000,4-NON,40-F,20221231,Y
317540,COKE,"COCA-COLA CONSOLIDATED, INC.",2086,1-LAF,10-Q,20230331,Y
317788,APPS,"DIGITAL TURBINE, INC.",6794,1-LAF,10-K,20230331,Y
318154,AMGN,AMGEN INC,2836,1-LAF,10-Q,20230331,Y
318300,PEBO,PEOPLES BANCORP INC,6022,1-LAF,10-Q,20230331,Y
318306,ABEO,ABEONA THERAPEUTICS INC.,2834,4-NON,10-Q,20230331,Y
318673,SNFCA,SECURITY NATIONAL FINANCIAL CORP,6199,4-NON,10-Q,20230331,Y
318833,TISI,TEAM INC,7600,4-NON,10-Q,20230331,Y
319016,FZMD,"FUSE MEDICAL, INC.",5047,4-NON,10-K,20221231,Y
319201,KLAC,KLA CORP,3827,1-LAF,10-Q,20230331,Y
319458,,ENSERVCO CORP,1389,4-NON,10-Q,20230331,N
320017,LSTA,"LISATA THERAPEUTICS, INC.",8090,4-NON,10-Q,20230331,Y
320121,TLS,TELOS CORP,7373,2-ACC,10-Q,20230331,Y
320187,NKE,"NIKE, INC.",3021,1-LAF,10-Q,20230228,Y
320193,AAPL,APPLE INC,3571,1-LAF,10-Q,20230331,Y
320335,GL,GLOBE LIFE INC.,6311,1-LAF,10-Q,20230331,Y
320340,,CORECARD CORP,7372,4-NON,10-Q,20230331,N
350698,AN,"AUTONATION, INC.",5500,1-LAF,10-Q,20230331,Y
350852,CTBI,COMMUNITY TRUST BANCORP INC /KY/,6022,2-ACC,10-Q,20230331,Y
350868,,"ITERIS, INC.",3669,2-ACC,10-K,20230331,N
350894,SEIC,SEI INVESTMENTS CO,6211,1-LAF,10-Q,20230331,Y
351569,ABCB,AMERIS BANCORP,6022,1-LAF,10-Q,20230331,Y
351789,ELSE,ELECTRO SENSORS INC,3823,4-NON,10-Q,20230331,Y
351817,,"SILVERBOW RESOURCES, INC.",1311,2-ACC,10-Q,20230331,N
351834,,SUNOPTA INC.,5150,1-LAF,10-Q,20230331,N
351998,DAIO,DATA I/O CORP,3825,4-NON,10-Q,20230331,Y
352541,LNT,ALLIANT ENERGY CORP,4931,1-LAF,10-Q,20230331,Y
352825,FSTR,FOSTER L B CO,5051,2-ACC,10-Q,20230331,Y
352915,UHS,UNIVERSAL HEALTH SERVICES INC,8062,1-LAF,10-Q,20230331,Y
352955,CKX,"CKX LANDS, INC.",1311,4-NON,10-Q,20230331,Y
352991,AOXY,ADVANCED OXYGEN TECHNOLOGIES INC,6500,4-NON,10-Q,20230331,Y
353184,AIRT,AIR T INC,4513,4-NON,10-K,20230331,Y
354190,AJG,ARTHUR J. GALLAGHER & CO.,6411,1-LAF,10-Q,20230331,Y
354647,CVBF,CVB FINANCIAL CORP,6022,1-LAF,10-Q,20230331,Y
354707,HE,HAWAIIAN ELECTRIC INDUSTRIES INC,4911,1-LAF,10-Q,20230331,Y
354950,HD,"HOME DEPOT, INC.",5211,1-LAF,10-Q,20230430,Y
354963,SHEN,SHENANDOAH TELECOMMUNICATIONS CO/VA/,4813,1-LAF,10-Q,20230331,Y
355019,,FONAR CORP,3845,4-NON,10-Q,20230331,N
355379,,MIDWEST HOLDING INC.,6311,4-NON,10-Q,20230331,N
355811,GNTX,GENTEX CORP,3714,1-LAF,10-Q,20230331,Y
355948,RELL,"RICHARDSON ELECTRONICS, LTD.",5065,2-ACC,10-Q,20230228,Y
356037,CSPI,CSP INC /MA/,7373,4-NON,10-Q,20230331,Y
356171,TCBK,TRICO BANCSHARES /,6022,1-LAF,10-Q,20230331,Y
356309,NJR,NEW JERSEY RESOURCES CORP,4924,1-LAF,10-Q,20230331,Y
356590,,"GLOBAL TECH INDUSTRIES GROUP, INC.",8741,4-NON,10-Q,20230331,N
357173,OSBC,OLD SECOND BANCORP INC,6022,2-ACC,10-Q,20230331,Y
357294,HOV,HOVNANIAN ENTERPRISES INC,1531,2-ACC,10-Q,20230430,Y
357301,TRST,TRUSTCO BANK CORP N Y,6022,1-LAF,10-Q,20230331,Y
700564,FULT,FULTON FINANCIAL CORP,6021,1-LAF,10-Q,20230331,Y
700565,FMBH,"FIRST MID BANCSHARES, INC.",6022,2-ACC,10-Q,20230331,Y
700764,,"VICTORY OILFIELD TECH, INC.",1311,4-NON,10-K,20221231,N
700841,RCMT,"RCM TECHNOLOGIES, INC.",7363,2-ACC,10-Q,20230331,Y
700923,MYRG,MYR GROUP INC.,1623,1-LAF,10-Q,20230331,Y
701288,,ATRION CORP,3841,1-LAF,10-Q,20230331,N
701347,CPF,CENTRAL PACIFIC FINANCIAL CORP,6022,2-ACC,10-Q,20230331,Y
701374,,SIX FLAGS ENTERTAINMENT CORP,7990,1-LAF,10-Q,20230331,N
701719,ELA,ENVELA CORP,5944,4-NON,10-Q,20230331,Y
701985,BBWI,"BATH & BODY WORKS, INC.",5621,1-LAF,10-Q,20230430,Y
702165,NSC,NORFOLK SOUTHERN CORP,4011,1-LAF,10-Q,20230331,Y
703351,EAT,"BRINKER INTERNATIONAL, INC",5812,1-LAF,10-Q,20230331,Y
703604,DSGR,"DISTRIBUTION SOLUTIONS GROUP, INC.",5080,2-ACC,10-Q,20230331,Y
704172,,PHI GROUP INC,8741,4-NON,10-Q,20230331,N
704440,KRMD,"KORU MEDICAL SYSTEMS, INC.",3841,4-NON,10-Q,20230331,Y
704532,ONTO,ONTO INNOVATION INC.,3829,1-LAF,10-Q,20230331,Y
704562,,"AVID BIOSERVICES, INC.",2834,1-LAF,10-K,20230430,N
705432,SBSI,SOUTHSIDE BANCSHARES INC,6022,1-LAF,10-Q,20230331,Y
706129,HBNC,HORIZON BANCORP INC /IN/,6022,1-LAF,10-Q,20230331,Y
706698,UTMD,UTAH MEDICAL PRODUCTS INC,3841,4-NON,10-Q,20230331,Y
706863,UNB,UNION BANKSHARES INC,6022,4-NON,10-Q,20230331,Y
707179,ONB,OLD NATIONAL BANCORP /IN/,6021,1-LAF,10-Q,20230331,Y
707388,,"STAR EQUITY HOLDINGS, INC.",3845,4-NON,10-Q,20230331,N
707511,,REGENERX BIOPHARMACEUTICALS INC,2834,4-NON,10-K,20221231,N
707549,LRCX,LAM RESEARCH CORP,3559,1-LAF,10-Q,20230331,Y
707605,ASRV,AMERISERV FINANCIAL INC /PA/,6021,4-NON,10-Q,20230331,Y
708781,CASS,CASS INFORMATION SYSTEMS INC,7389,2-ACC,10-Q,20230331,Y
708818,,"NEXTGEN HEALTHCARE, INC.",7373,1-LAF,10-K,20230331,N
708821,PAR,PAR TECHNOLOGY CORP,3578,1-LAF,10-Q,20230331,Y
708955,FFBC,FIRST FINANCIAL BANCORP /OH/,6021,1-LAF,10-Q,20230331,Y
709005,NROM,NOBLE ROMANS INC,5812,4-NON,10-K,20221231,Y
709283,QMCO,QUANTUM CORP /DE/,3572,2-ACC,10-K,20230331,Y
709337,FMNB,FARMERS NATIONAL BANC CORP /OH/,6022,2-ACC,10-Q,20230331,Y
711034,THMG,THUNDER MOUNTAIN GOLD INC,1000,4-NON,10-Q,20230331,Y
711377,NEOG,NEOGEN CORP,2835,1-LAF,10-Q,20230228,Y
711404,COO,"COOPER COMPANIES, INC.",3851,1-LAF,10-Q,20230430,Y
711669,CBAN,COLONY BANKCORP INC,6022,2-ACC,10-Q,20230331,Y
711772,,CAMBRIDGE BANCORP,6022,2-ACC,10-Q,20230331,N
712034,ACCO,ACCO BRANDS CORP,2780,1-LAF,10-Q,20230331,Y
712515,EA,ELECTRONIC ARTS INC.,7372,1-LAF,10-K,20230331,Y
712534,FRME,FIRST MERCHANTS CORP,6021,1-LAF,10-Q,20230331,Y
712537,FCF,FIRST COMMONWEALTH FINANCIAL CORP /PA/,6021,1-LAF,10-Q,20230331,Y
712770,OLP,ONE LIBERTY PROPERTIES INC,6798,4-NON,10-Q,20230331,Y
712771,CNOB,"CONNECTONE BANCORP, INC.",6022,1-LAF,10-Q,20230331,Y
713676,PNC,"PNC FINANCIAL SERVICES GROUP, INC.",6021,1-LAF,10-Q,20230331,Y
714256,SMTI,SANARA MEDTECH INC.,3842,4-NON,10-Q,20230331,Y
714310,VLY,VALLEY NATIONAL BANCORP,6021,1-LAF,10-Q,20230331,Y
714395,GABC,"GERMAN AMERICAN BANCORP, INC.",6022,1-LAF,10-Q,20230331,Y
714562,THFF,FIRST FINANCIAL CORP /IN/,6022,2-ACC,10-Q,20230331,Y
714712,JUVF,JUNIATA VALLEY FINANCIAL CORP,6022,4-NON,10-Q,20230331,Y
715072,RNST,RENASANT CORP,6022,1-LAF,10-Q,20230331,Y
715153,HMC,HONDA MOTOR CO LTD,3711,1-LAF,20-F,20230331,Y
715446,ANIX,ANIXA BIOSCIENCES INC,2834,4-NON,10-Q,20230430,Y
715579,ACNB,ACNB CORP,6022,2-ACC,10-Q,20230331,Y
715787,TILE,INTERFACE INC,2273,1-LAF,10-Q,20230331,Y
715957,D,"DOMINION ENERGY, INC",4911,1-LAF,10-Q,20230331,Y
716006,,YELLOW CORP,4213,2-ACC,10-Q,20230331,N
716133,,CINCINNATI BELL INC,4813,4-NON,10-Q,20230331,N
716314,GHM,GRAHAM CORP,3560,2-ACC,10-K,20230331,Y
716605,,PENNS WOODS BANCORP INC,6022,4-NON,10-Q,20230331,N
716634,RDI,READING INTERNATIONAL INC,7830,4-NON,10-Q,20230331,Y
716643,RGS,REGIS CORP,7200,2-ACC,10-Q,20230331,Y
717423,MUR,MURPHY OIL CORP,1311,1-LAF,10-Q,20230331,Y
717605,HXL,HEXCEL CORP /DE/,2821,1-LAF,10-Q,20230331,Y
717806,FUSB,"FIRST US BANCSHARES, INC.",6022,4-NON,10-Q,20230331,Y
717954,UNF,UNIFIRST CORP,7200,1-LAF,10-Q,20230228,Y
718332,RAVE,"RAVE RESTAURANT GROUP, INC.",5140,4-NON,10-Q,20230331,Y
718413,CMTV,COMMUNITY BANCORP /VT,6021,4-NON,10-Q,20230331,Y
718877,,"ACTIVISION BLIZZARD, INC.",7372,1-LAF,10-Q,20230331,N
718937,STAA,STAAR SURGICAL CO,3851,1-LAF,10-Q,20230331,Y
719135,APYX,APYX MEDICAL CORP,3841,4-NON,10-Q,20230331,Y
719220,STBA,S&T BANCORP INC,6022,1-LAF,10-Q,20230331,Y
719274,,GIGA TRONICS INC,3825,4-NON,10-K,20221231,N
719402,FXNC,FIRST NATIONAL CORP /VA/,6022,4-NON,10-Q,20230331,Y
719413,HL,HECLA MINING CO/DE/,1400,1-LAF,10-Q,20230331,Y
719494,,"INRAD OPTICS, INC.",3679,4-NON,10-Q,20230331,N
719733,KTCC,KEY TRONIC CORP,3672,2-ACC,10-Q,20230331,Y
719955,WSM,WILLIAMS SONOMA INC,5700,1-LAF,10-Q,20230430,Y
720005,RJF,RAYMOND JAMES FINANCIAL INC,6211,1-LAF,10-Q,20230331,Y
720154,NOTVQ,"INOTIV, INC.",8731,4-NON,10-Q,20230331,Y
720500,ASYS,AMTECH SYSTEMS INC,3559,4-NON,10-Q,20230331,Y
720672,SF,STIFEL FINANCIAL CORP,6211,1-LAF,10-Q,20230331,Y
720762,NIMU,NON INVASIVE MONITORING SYSTEMS INC /FL/,3845,4-NON,10-Q,20230430,Y
720858,ITIC,INVESTORS TITLE CO,6361,2-ACC,10-Q,20230331,Y
720875,,DYNATRONICS CORP,3841,4-NON,10-Q,20230331,N
721371,CAH,CARDINAL HEALTH INC,5122,1-LAF,10-Q,20230331,Y
721693,CREG,SMART POWERR CORP.,7389,4-NON,10-K,20221231,Y
721994,LKFN,LAKELAND FINANCIAL CORP,6022,1-LAF,10-Q,20230331,Y
722313,NSYS,NORTECH SYSTEMS INC,3679,4-NON,10-Q,20230331,Y
722572,FKWL,FRANKLIN WIRELESS CORP,3661,4-NON,10-Q,20230331,Y
723125,MU,MICRON TECHNOLOGY INC,3674,1-LAF,10-Q,20230531,Y
723188,CBU,"COMMUNITY BANK SYSTEM, INC.",6021,1-LAF,10-Q,20230331,Y
723254,CTAS,CINTAS CORP,2320,1-LAF,10-Q,20230228,Y
723269,,"IRONSTONE PROPERTIES, INC.",6770,4-NON,10-K,20221231,N
723533,WYGC,LONGWEN GROUP CORP.,8742,4-NON,10-Q,20230331,Y
723612,CAR,"AVIS BUDGET GROUP, INC.",7510,1-LAF,10-Q,20230331,Y
723646,FRAF,FRANKLIN FINANCIAL SERVICES CORP /PA/,6022,4-NON,10-Q,20230331,Y
723733,,"MULTI SOLUTIONS II, INC",6770,4-NON,10-K,20230131,N
724004,MLAB,MESA LABORATORIES INC /CO/,3823,1-LAF,10-K,20230331,Y
724445,BZYR,BURZYNSKI RESEARCH INSTITUTE INC,2835,4-NON,10-K,20230228,Y
724742,TPHS,TRINITY PLACE HOLDINGS INC.,6512,4-NON,10-Q,20230331,Y
724910,NVEC,NVE CORP /NEW/,3674,4-NON,10-K,20230331,Y
725363,CVM,CEL SCI CORP,2836,4-NON,10-Q,20230331,Y
725394,DHTI,DALRADA FINANCIAL CORP,7363,4-NON,10-Q,20230331,Y
726516,,"DIRECT INVESTMENT HOLDINGS GROUP, INC.",6798,4-NON,10-K,20221231,N
726601,CCBG,CAPITAL CITY BANK GROUP INC,6022,2-ACC,10-Q,20230331,Y
726728,O,REALTY INCOME CORP,6798,1-LAF,10-Q,20230331,Y
726854,CHCO,CITY HOLDING CO,6021,1-LAF,10-Q,20230331,Y
726865,,LINCOLN NATIONAL LIFE INSURANCE CO /IN/,6311,4-NON,10-Q,20230331,N
726958,CASY,CASEYS GENERAL STORES INC,5500,1-LAF,10-K,20230430,Y
727207,,"ACCELERATE DIAGNOSTICS, INC",3826,4-NON,10-Q,20230331,N
727273,CDZI,CADIZ INC,4941,4-NON,10-Q,20230331,Y
727346,GBCS,"SELECTIS HEALTH, INC.",6798,4-NON,10-K,20221231,Y
727510,ENZN,"ENZON PHARMACEUTICALS, INC.",2836,4-NON,10-Q,20230331,Y
727538,,APACHE OFFSHORE INVESTMENT PARTNERSHIP,1311,4-NON,10-Q,20230331,N
727634,,ISIGN SOLUTIONS INC.,7372,4-NON,10-Q,20230331,N
727892,,RIVERSOURCE LIFE INSURANCE CO,6311,4-NON,10-Q,20230331,N
727920,,EQUITABLE FINANCIAL LIFE INSURANCE CO,6411,4-NON,10-Q,20230331,N
728385,BCHT,MIDWEST ENERGY EMISSIONS CORP.,3829,4-NON,10-K,20221231,Y
728387,CATX,"PERSPECTIVE THERAPEUTICS, INC.",3841,4-NON,10-Q,20230331,Y
728391,,"IPALCO ENTERPRISES, INC.",4911,4-NON,10-Q,20230331,N
728535,JBHT,HUNT J B TRANSPORT SERVICES INC,4213,1-LAF,10-Q,20230331,Y
729580,BELFA,BEL FUSE INC /NJ,3677,2-ACC,10-Q,20230331,Y
729986,UBSI,UNITED BANKSHARES INC/WV,6022,1-LAF,10-Q,20230331,Y
730255,,CALAMP CORP.,3663,2-ACC,10-K,20230228,N
730263,THO,THOR INDUSTRIES INC,3716,1-LAF,10-Q,20230430,Y
730272,RGEN,REPLIGEN CORP,2836,1-LAF,10-Q,20230331,Y
730349,TOFB,TOFUTTI BRANDS INC,2024,4-NON,10-Q,20230331,Y
730464,CVSA,ADTALEM GLOBAL EDUCATION INC.,8200,1-LAF,10-Q,20230331,Y
730708,SBCF,SEACOAST BANKING CORP OF FLORIDA,6022,1-LAF,10-Q,20230331,Y
731012,HCSG,HEALTHCARE SERVICES GROUP INC,8050,1-LAF,10-Q,20230331,Y
731245,,PRESIDENTIAL REALTY CORP/DE/,6798,4-NON,10-Q,20230331,N
731288,,PACCAR FINANCIAL CORP,6153,4-NON,10-Q,20230331,N
731653,UBCP,UNITED BANCORP INC /OH/,6022,4-NON,10-Q,20230331,Y
731766,UNH,UNITEDHEALTH GROUP INC,6324,1-LAF,10-Q,20230331,Y
731802,ATO,ATMOS ENERGY CORP,4924,1-LAF,10-Q,20230331,Y
732026,TRT,TRIO-TECH INTERNATIONAL,3559,4-NON,10-Q,20230331,Y
732417,HBIA,HILLS BANCORPORATION,6022,2-ACC,10-Q,20230331,Y
732712,VZ,VERIZON COMMUNICATIONS INC,4813,1-LAF,10-Q,20230331,Y
732717,T,AT&T INC.,4813,1-LAF,10-Q,20230331,Y
732834,,"CONTINENTAL RESOURCES, INC",1311,4-NON,10-Q,20230331,N
733076,,BRIGHTHOUSE LIFE INSURANCE CO,6311,4-NON,10-Q,20230331,N
733269,RAMP,"LIVERAMP HOLDINGS, INC.",7374,1-LAF,10-K,20230331,Y
733590,TCI,TRANSCONTINENTAL REALTY INVESTORS INC,6798,4-NON,10-Q,20230331,Y
736012,INTZ,INTRUSION INC,3576,4-NON,10-Q,20230331,Y
736772,CCNE,CNB FINANCIAL CORP/PA,6022,2-ACC,10-Q,20230331,Y
737207,,"ADHERA THERAPEUTICS, INC.",2834,4-NON,10-Q,20230331,N
737468,WASH,WASHINGTON TRUST BANCORP INC,6022,1-LAF,10-Q,20230331,Y
737758,TTC,TORO CO,3524,1-LAF,10-Q,20230430,Y
737875,FKYS,FIRST KEYSTONE CORP,6022,4-NON,10-Q,20230331,Y
738214,AMTX,"AEMETIS, INC",2860,2-ACC,10-Q,20230331,Y
739421,CZFS,CITIZENS FINANCIAL SERVICES INC,6022,4-NON,10-Q,20230331,Y
740260,VTR,"VENTAS, INC.",6798,1-LAF,10-Q,20230331,Y
740663,,FIRST OF LONG ISLAND CORP,6021,2-ACC,10-Q,20230331,N
740664,RFIL,R F INDUSTRIES LTD,3678,4-NON,10-Q,20230430,Y
740806,FMBM,F&M BANK CORP,6022,4-NON,10-Q,20230331,Y
740971,,OLD POINT FINANCIAL CORP,6021,4-NON,10-Q,20230331,N
741516,,AMERICAN NATIONAL BANKSHARES INC.,6021,2-ACC,10-Q,20230331,N
742112,,INVACARE CORP,3842,4-NON,10-K,20221231,N
742278,RES,RPC INC,1389,2-ACC,10-Q,20230331,Y
743238,,"SHYFT GROUP, INC.",3711,1-LAF,10-Q,20230331,N
743367,BHB,BAR HARBOR BANKSHARES,6022,2-ACC,10-Q,20230331,Y
743758,,"AIADVERTISING, INC.",5900,4-NON,10-K,20221231,N
744187,REX,REX AMERICAN RESOURCES CORP,2860,2-ACC,10-Q,20230430,Y
744218,CLDX,"CELLDEX THERAPEUTICS, INC.",2835,1-LAF,10-Q,20230331,Y
744452,BNBX,APPLIED DNA SCIENCES INC,7380,4-NON,10-Q,20230331,Y
744825,AMS,AMERICAN SHARED HOSPITAL SERVICES,8071,4-NON,10-Q,20230331,Y
745308,JOE,ST JOE CO,6552,1-LAF,10-Q,20230331,Y
745732,ROST,"ROSS STORES, INC.",5651,1-LAF,10-Q,20230430,Y
746210,TWAV,"OBLONG, INC.",7370,4-NON,10-Q,20230331,Y
746514,NEN,NEW ENGLAND REALTY ASSOCIATES LIMITED PARTNERSHIP,6513,2-ACC,10-Q,20230331,Y
746515,EXPD,EXPEDITORS INTERNATIONAL OF WASHINGTON INC,4731,1-LAF,10-Q,20230331,Y
746598,BRC,BRADY CORP,3990,1-LAF,10-Q,20230430,Y
746838,UIS,UNISYS CORP,7373,1-LAF,10-Q,20230331,Y
747540,SPRS,SURGE COMPONENTS INC,5065,4-NON,10-Q,20230228,Y
748592,ERNA,ETERNA THERAPEUTICS INC.,2834,4-NON,10-Q,20230331,Y
748790,,"GLOBAL CLEAN ENERGY HOLDINGS, INC.",2860,4-NON,10-K,20221231,N
749251,IT,GARTNER INC,8741,1-LAF,10-Q,20230331,Y
749647,IMNN,"IMUNON, INC.",2834,4-NON,10-Q,20230331,Y
749660,,ICAD INC,3841,4-NON,10-Q,20230331,N
750004,LNWO,"LIGHT & WONDER, INC.",7373,1-LAF,10-Q,20230331,Y
750558,QNBC,QNB CORP,6022,4-NON,10-Q,20230331,Y
750574,AUBN,"AUBURN NATIONAL BANCORPORATION, INC",6022,4-NON,10-Q,20230331,Y
750577,HWC,HANCOCK WHITNEY CORP,6022,1-LAF,10-Q,20230331,Y
750686,CAC,CAMDEN NATIONAL CORP,6021,2-ACC,10-Q,20230331,Y
751364,NNN,"NNN REIT, INC.",6798,1-LAF,10-Q,20230331,Y
751365,VIRC,VIRCO MFG CORPORATION,2531,4-NON,10-K,20230131,Y
751978,VICR,VICOR CORP,3679,1-LAF,10-Q,20230331,Y
752294,,ELECTRONIC SYSTEMS TECHNOLOGY INC,3670,4-NON,10-Q,20230331,N
752642,UMH,"UMH PROPERTIES, INC.",6798,1-LAF,10-Q,20230331,Y
752714,MGRC,MCGRATH RENTCORP,7359,1-LAF,10-Q,20230331,Y
753308,NEE,NEXTERA ENERGY INC,4911,1-LAF,10-Q,20230331,Y
754811,GROW,U S GLOBAL INVESTORS INC,6282,4-NON,10-Q,20221231,Y
755001,UTL,UNITIL CORP,4931,1-LAF,10-Q,20230331,Y
758743,,VIDEO DISPLAY CORP,3670,4-NON,10-K,20230228,N
759944,CFG,CITIZENS FINANCIAL GROUP INC/RI,6022,1-LAF,10-Q,20230331,Y
760498,BANF,BANCFIRST CORP /OK/,6021,1-LAF,10-Q,20230331,Y
761648,CDR-PB,"CEDAR REALTY TRUST, INC.",6798,2-ACC,10-Q,20230331,Y
763532,LYTS,LSI INDUSTRIES INC,3640,2-ACC,10-Q,20230331,Y
763563,CHMG,CHEMUNG FINANCIAL CORP,6022,4-NON,10-Q,20230331,Y
763744,LCII,LCI INDUSTRIES,3714,1-LAF,10-Q,20230331,Y
763901,BPOP,"POPULAR, INC.",6022,1-LAF,10-Q,20230331,Y
763907,FUNC,FIRST UNITED CORP/MD/,6021,4-NON,10-Q,20230331,Y
764038,SSB,SOUTHSTATE CORP,6022,1-LAF,10-Q,20230331,Y
764065,CLF,CLEVELAND-CLIFFS INC.,1000,1-LAF,10-Q,20230331,Y
764180,MO,"ALTRIA GROUP, INC.",2111,1-LAF,10-Q,20230331,Y
764195,,VBI VACCINES INC/BC,2834,4-NON,10-Q,20230331,N
764401,IIIN,INSTEEL INDUSTRIES INC,3310,2-ACC,10-Q,20230331,Y
764478,BBY,BEST BUY CO INC,5731,1-LAF,10-Q,20230430,Y
764622,PNW,PINNACLE WEST CAPITAL CORP,4911,1-LAF,10-Q,20230331,Y
764630,AETN,UNITED STATES BASKETBALL LEAGUE INC,6794,4-NON,10-K,20230228,Y
764764,,CATERPILLAR FINANCIAL SERVICES CORP,6159,4-NON,10-Q,20230331,N
764897,,"BROAD STREET REALTY, INC.",6500,4-NON,10-K,20221231,N
765207,FNLC,"FIRST BANCORP, INC /ME/",6021,2-ACC,10-Q,20230331,Y
765880,DOC,"HEALTHPEAK PROPERTIES, INC.",6798,1-LAF,10-Q,20230331,Y
766011,CMCL,CALEDONIA MINING CORP PLC,1040,2-ACC,20-F,20221231,Y
766404,,"MULTI SOFT II, INC",6770,4-NON,10-K,20230131,N
766421,ALK,"ALASKA AIR GROUP, INC.",4512,1-LAF,10-Q,20230331,Y
766704,WELL,WELLTOWER INC.,6798,1-LAF,10-Q,20230331,Y
766792,CVV,CVD EQUIPMENT CORP,3559,4-NON,10-Q,20230331,Y
766829,HTO,SJW GROUP,4941,1-LAF,10-Q,20230331,Y
767405,SBFG,"SB FINANCIAL GROUP, INC.",6022,4-NON,10-Q,20230331,Y
768216,,"LOGICQUEST TECHNOLOGY, INC.",7389,4-NON,10-Q,20230331,N
768408,CYAN,CYANOTECH CORP,2833,4-NON,10-K,20230331,Y
768835,,BIG LOTS INC,5331,2-ACC,10-Q,20230430,N
768899,TBI,"TRUEBLUE, INC.",7363,1-LAF,10-Q,20230331,Y
769397,ADSK,"AUTODESK, INC.",7372,1-LAF,10-Q,20230430,Y
769520,MIDD,MIDDLEBY CORP,3580,1-LAF,10-Q,20230331,Y
770460,PFBX,PEOPLES FINANCIAL CORP /MS/,6022,4-NON,10-Q,20230331,Y
771266,KOPN,KOPIN CORP,3674,4-NON,10-Q,20230331,Y
771497,ABM,ABM INDUSTRIES INC /DE/,7340,1-LAF,10-Q,20230430,Y
771999,DSS,"DSS, INC.",2650,4-NON,10-Q,20230331,Y
772263,NICH,NITCHES INC,2330,4-NON,10-Q,20230228,Y
772406,CRUS,"CIRRUS LOGIC, INC.",3674,1-LAF,10-K,20230331,Y
773141,,"M.D.C. HOLDINGS, INC.",1531,1-LAF,10-Q,20230331,N
773318,,VERITEC INC,8741,4-NON,10-Q,20230331,N
773717,ACRG,"AMERICAN CLEAN RESOURCES GROUP, INC.",1400,4-NON,10-K,20221231,Y
773840,HON,HONEYWELL INTERNATIONAL INC,3724,1-LAF,10-Q,20230331,Y
775057,ALTX,ALTEX INDUSTRIES INC,1311,4-NON,10-Q,20230331,Y
775158,OSK,OSHKOSH CORP,3711,1-LAF,10-Q,20230331,Y
775215,HBT,"HBT FINANCIAL, INC.",6022,2-ACC,10-Q,20230331,Y
776867,WTM,WHITE MOUNTAINS INSURANCE GROUP LTD,6331,1-LAF,10-Q,20230331,Y
776901,INDB,INDEPENDENT BANK CORP,6022,1-LAF,10-Q,20230331,Y
777917,,PRUCO LIFE INSURANCE CO,6311,4-NON,10-Q,20230331,N
778164,ALTO,"ALTO INGREDIENTS, INC.",2860,2-ACC,10-Q,20230331,Y
779152,JKHY,JACK HENRY & ASSOCIATES INC,7373,1-LAF,10-Q,20230331,Y
779544,ARKR,ARK RESTAURANTS CORP,5812,4-NON,10-Q,20230331,Y
780571,ITRI,"ITRON, INC.",3825,1-LAF,10-Q,20230331,Y
783324,VGZ,VISTA GOLD CORP,1040,4-NON,10-Q,20230331,Y
783325,WEC,"WEC ENERGY GROUP, INC.",4931,1-LAF,10-Q,20230331,Y
783412,DJCO,DAILY JOURNAL CORP,2711,4-NON,10-Q,20230331,Y
784199,AORT,"ARTIVION, INC.",3841,1-LAF,10-Q,20230331,Y
784539,EACO,EACO CORP,5065,4-NON,10-Q,20230228,Y
784977,POR,PORTLAND GENERAL ELECTRIC CO /OR/,4911,1-LAF,10-Q,20230331,Y
785161,EHC,ENCOMPASS HEALTH CORP,8060,1-LAF,10-Q,20230331,Y
785786,PLXS,PLEXUS CORP,3672,1-LAF,10-Q,20230331,Y
785956,JJSF,J&J SNACK FOODS CORP,2052,1-LAF,10-Q,20230331,Y
786947,,"ACURA PHARMACEUTICALS, INC",2834,4-NON,10-K,20211231,N
787250,,DPL INC,4931,4-NON,10-Q,20230331,N
787253,NAII,NATURAL ALTERNATIVES INTERNATIONAL INC,2833,4-NON,10-Q,20230331,Y
788329,JOUT,JOHNSON OUTDOORS INC,3949,2-ACC,10-Q,20230331,Y
788611,NTRP,"SIGMA ADDITIVE SOLUTIONS, INC.",3990,4-NON,10-Q,20230331,Y
788784,PEG,PUBLIC SERVICE ENTERPRISE GROUP INC,4931,1-LAF,10-Q,20230331,Y
788816,,OGLETHORPE POWER CORP,4911,4-NON,10-Q,20230331,N
788920,PDEX,PRO DEX INC,3841,4-NON,10-Q,20230331,Y
788965,HNRG,HALLADOR ENERGY CO,1220,2-ACC,10-Q,20230331,Y
789019,MSFT,MICROSOFT CORP,7372,1-LAF,10-Q,20230331,Y
789460,WKC,WORLD FUEL SERVICES CORP,5172,1-LAF,10-Q,20230331,Y
789570,MGM,MGM RESORTS INTERNATIONAL,7011,1-LAF,10-Q,20230331,Y
789933,NC,NACCO INDUSTRIES INC,1221,2-ACC,10-Q,20230331,Y
790051,CSL,CARLISLE COMPANIES INC,3060,1-LAF,10-Q,20230331,Y
790179,,PRESTIGE CAPITAL CORP,6792,4-NON,10-Q,20230331,N
790273,CONC,CONECTISYS CORP,3663,4-NON,10-Q,20230331,Y
790359,NBTB,NBT BANCORP INC,6021,1-LAF,10-Q,20230331,Y
790526,RDNT,"RADNET, INC.",8071,1-LAF,10-Q,20230331,Y
790652,,IMAGING DIAGNOSTIC SYSTEMS INC /FL/,3845,4-NON,10-Q,20230331,N
790816,BDN,BRANDYWINE REALTY TRUST,6798,1-LAF,10-Q,20230331,Y
791908,,XOMA CORP,2834,4-NON,10-Q,20230331,N
791963,OPY,OPPENHEIMER HOLDINGS INC,6211,2-ACC,10-Q,20230331,Y
792935,,ETHEMA HEALTH CORP,8062,4-NON,10-Q,20230331,N
792966,FMAO,FARMERS & MERCHANTS BANCORP INC,6035,4-NON,10-Q,20230331,Y
792987,ASTE,ASTEC INDUSTRIES INC,3531,1-LAF,10-Q,20230331,Y
793074,WERN,WERNER ENTERPRISES INC,4213,1-LAF,10-Q,20230331,Y
793171,,"VITRO BIOPHARMA, INC.",2836,4-NON,10-Q,20230430,N
793306,BDCO,BLUE DOLPHIN ENERGY CO,1311,4-NON,10-K,20221231,Y
793524,REFR,RESEARCH FRONTIERS INC,6794,4-NON,10-Q,20230331,Y
793628,CHNR,CHINA NATURAL RESOURCES INC,1040,4-NON,20-F,20221231,Y
793733,SKYW,SKYWEST INC,4512,1-LAF,10-Q,20230331,Y
793952,HOG,"HARLEY-DAVIDSON, INC.",3751,1-LAF,10-Q,20230331,Y
794170,TOL,"TOLL BROTHERS, INC.",1531,1-LAF,10-Q,20230430,Y
794323,,"LEVEL 3 PARENT, LLC",4813,4-NON,10-Q,20230331,N
794367,M,"MACY'S, INC.",5311,1-LAF,10-Q,20230430,Y
794619,,AMERICAN WOODMARK CORP,2430,1-LAF,10-K,20230430,N
795212,,KASPIEN HOLDINGS INC.,5735,4-NON,10-K,20230131,N
795266,KBH,KB HOME,1531,1-LAF,10-Q,20230228,Y
795403,WTS,WATTS WATER TECHNOLOGIES INC,3490,1-LAF,10-Q,20230331,Y
795800,NEXM,PREMIUM NICKEL RESOURCES LTD.,1000,4-NON,20-F,20221231,Y
796343,ADBE,ADOBE INC.,7372,1-LAF,10-Q,20230531,Y
796505,CLFD,"CLEARFIELD, INC.",3661,1-LAF,10-Q,20230331,Y
796534,NKSH,NATIONAL BANKSHARES INC,6021,4-NON,10-Q,20230331,Y
797465,STLY,"HG HOLDINGS, INC.",6798,4-NON,10-Q,20230331,Y
797468,OXY,OCCIDENTAL PETROLEUM CORP /DE/,1311,1-LAF,10-Q,20230331,Y
797542,QXL,VIEWBIX INC.,7372,4-NON,10-Q,20230331,Y
797564,HSTC,"HST GLOBAL, INC.",2834,4-NON,10-Q,20230331,Y
797721,VSAT,VIASAT INC,3663,1-LAF,10-K,20230331,Y
798081,LAKE,LAKELAND INDUSTRIES INC,3842,2-ACC,10-K,20230131,Y
798287,PAMT,PAM TRANSPORTATION SERVICES INC,4213,2-ACC,10-Q,20230331,Y
798354,FISV,FISERV INC,7389,1-LAF,10-Q,20230331,Y
798359,CSR,CENTERSPACE,6798,1-LAF,10-Q,20230331,Y
798528,OMEX,ODYSSEY MARINE EXPLORATION INC,4400,4-NON,10-Q,20230331,Y
798783,UHT,UNIVERSAL HEALTH REALTY INCOME TRUST,6798,1-LAF,10-Q,20230331,Y
798941,FCNCA,FIRST CITIZENS BANCSHARES INC /DE/,6022,1-LAF,10-Q,20230331,Y
798949,,UNIT CORP,1311,4-NON,10-Q,20230331,N
799165,DWSN,DAWSON GEOPHYSICAL CO,1382,4-NON,10-Q,20230331,Y
799167,MRTN,MARTEN TRANSPORT LTD,4213,1-LAF,10-Q,20230331,Y
799233,HTLD,HEARTLAND EXPRESS INC,4213,1-LAF,10-Q,20230331,Y
799288,LE,"LANDS' END, INC.",5651,2-ACC,10-K,20230131,Y
799292,MHO,"M/I HOMES, INC.",1531,1-LAF,10-Q,20230331,Y
799698,,LADRX CORP,2836,4-NON,10-Q,20230331,N
799850,CRMT,AMERICAS CARMART INC,5500,2-ACC,10-K,20230430,Y
800240,,ODP CORP,5940,1-LAF,10-Q,20230331,N
800457,DGICA,DONEGAL GROUP INC,6331,2-ACC,10-Q,20230331,Y
801337,WBS,WEBSTER FINANCIAL CORP,6021,1-LAF,10-Q,20230331,Y
802481,PPC,PILGRIMS PRIDE CORP,2015,1-LAF,10-Q,20230331,Y
803164,COFS,CHOICEONE FINANCIAL SERVICES INC,6022,4-NON,10-Q,20230331,Y
803578,AIFF,"WAVEDANCER, INC.",7372,4-NON,10-K,20221231,Y
803649,,EQUITY COMMONWEALTH,6798,1-LAF,10-Q,20230331,N
804269,,"GENERAL MOTORS FINANCIAL COMPANY, INC.",6199,4-NON,10-Q,20230331,N
804328,QCOM,QUALCOMM INC/DE,3663,1-LAF,10-Q,20230331,Y
805676,PRK,PARK NATIONAL CORP /OH/,6021,1-LAF,10-Q,20230331,Y
805928,AXGN,"AXOGEN, INC.",3845,2-ACC,10-Q,20230331,Y
806172,SOTK,SONO TEK CORP,3559,4-NON,10-K,20230228,Y
806279,,CODORUS VALLEY BANCORP INC,6035,4-NON,10-Q,20230331,N
806517,,PSYCHEMEDICS CORP,8071,4-NON,10-Q,20230331,N
807707,,VOXX INTERNATIONAL CORP,5065,2-ACC,10-K,20230228,N
807882,JACK,JACK IN THE BOX INC,5812,1-LAF,10-Q,20230430,Y
808326,,EMCORE CORP,3674,2-ACC,10-Q,20230331,N
808362,,BAKER HUGHES HOLDINGS LLC,3533,4-NON,10-Q,20230331,N
809248,,"CARROLS RESTAURANT GROUP, INC.",5812,2-ACC,10-Q,20230331,N
810136,PLAB,PHOTRONICS INC,3674,1-LAF,10-Q,20230430,Y
810332,RJET,MESA AIR GROUP INC,4512,2-ACC,10-Q,20230331,Y
810509,,"NAVIDEA BIOPHARMACEUTICALS, INC.",2835,4-NON,10-Q,20230331,N
810958,CZNC,CITIZENS & NORTHERN CORP,6022,2-ACC,10-Q,20230331,Y
811156,CMS,CMS ENERGY CORP,4931,1-LAF,10-Q,20230331,Y
811212,,"THERMOGENESIS HOLDINGS, INC.",3821,4-NON,10-Q,20230331,N
811222,CDIX,CARDIFF LEXINGTON CORP,8011,4-NON,10-K,20221231,Y
811240,,"BIOLASE, INC",3843,4-NON,10-Q,20230331,N
811532,,CEDAR FAIR L P,7990,1-LAF,10-Q,20230331,N
811589,FBNC,FIRST BANCORP /NC/,6022,1-LAF,10-Q,20230331,Y
811596,KALU,KAISER ALUMINUM CORP,3350,1-LAF,10-Q,20230331,Y
811641,ICCC,IMMUCELL CORP /DE/,2835,4-NON,10-Q,20230331,Y
811808,,"SUMMIT FINANCIAL GROUP, INC.",6022,2-ACC,10-Q,20230331,N
811830,,"SANTANDER HOLDINGS USA, INC.",6021,4-NON,10-Q,20230331,N
812011,MTN,VAIL RESORTS INC,7990,1-LAF,10-Q,20230430,Y
812074,OI,"O-I GLASS, INC. /DE/",3221,1-LAF,10-Q,20230331,Y
812152,,RIDGEFIELD ACQUISITION CORP,6770,4-NON,10-Q,20230331,N
812306,PCYN,PROCYON CORP,2834,4-NON,10-Q,20230331,Y
812796,SNGX,"SOLIGENIX, INC.",2834,4-NON,10-Q,20230331,Y
813298,DXLG,"DESTINATION XL GROUP, INC.",5651,2-ACC,10-Q,20230430,Y
813672,CDNS,CADENCE DESIGN SYSTEMS INC,7372,1-LAF,10-Q,20230331,Y
813716,CIRX,CIRTRAN CORP,2080,4-NON,10-K,20221231,Y
813762,IEP,ICAHN ENTERPRISES L.P.,3714,1-LAF,10-Q,20230331,Y
813828,,PARAMOUNT GLOBAL,4833,1-LAF,10-Q,20230331,N
814453,NWL,NEWELL BRANDS INC.,3089,1-LAF,10-Q,20230331,Y
814547,FICO,FAIR ISAAC CORP,7389,1-LAF,10-Q,20230331,Y
814549,,EBIX INC,7373,2-ACC,10-Q,20230331,N
814585,MBI,MBIA INC,6351,2-ACC,10-Q,20230331,Y
814586,LWAY,"LIFEWAY FOODS, INC.",2020,4-NON,10-Q,20230331,Y
814676,CPSH,CPS TECHNOLOGIES CORP/DE/,3260,4-NON,10-Q,20230331,Y
814926,CAPC,"CAPSTONE COMPANIES, INC.",3640,4-NON,10-Q,20230331,Y
815097,CCL,CARNIVAL CORP,4400,1-LAF,10-Q,20230531,Y
815556,FAST,FASTENAL CO,5200,1-LAF,10-Q,20230331,Y
815917,,JONES FINANCIAL COMPANIES LLLP,6211,4-NON,10-Q,20230331,N
816761,TDC,TERADATA CORP /DE/,7372,1-LAF,10-Q,20230331,Y
816956,CNMD,CONMED CORP,3845,1-LAF,10-Q,20230331,Y
817720,SYNA,SYNAPTICS INC,3674,1-LAF,10-Q,20230331,Y
818033,HRTX,"HERON THERAPEUTICS, INC. /DE/",2834,4-NON,10-Q,20230331,Y
818479,XRAY,DENTSPLY SIRONA INC.,3843,1-LAF,10-Q,20230331,Y
818677,SFDL,SECURITY FEDERAL CORP,6022,4-NON,10-Q,20230331,Y
818686,TEVA,TEVA PHARMACEUTICAL INDUSTRIES LTD,2834,1-LAF,10-Q,20230331,Y
819050,,"FRESH TRACKS THERAPEUTICS, INC.",2836,4-NON,10-Q,20230331,N
819793,AIN,ALBANY INTERNATIONAL CORP /DE/,2221,1-LAF,10-Q,20230331,Y
819913,,HALLMARK FINANCIAL SERVICES INC,6399,4-NON,10-Q,20230331,N
820027,AMP,AMERIPRISE FINANCIAL INC,6282,1-LAF,10-Q,20230331,Y
820313,APH,AMPHENOL CORP /DE/,3678,1-LAF,10-Q,20230331,Y
820318,COHR,COHERENT CORP.,3827,1-LAF,10-Q,20230331,Y
821002,GIII,G III APPAREL GROUP LTD /DE/,2300,1-LAF,10-Q,20230430,Y
821026,ANDE,"ANDERSONS, INC.",5150,1-LAF,10-Q,20230331,Y
821130,AD,UNITED STATES CELLULAR CORP,4812,2-ACC,10-Q,20230331,Y
821189,EOG,EOG RESOURCES INC,1311,1-LAF,10-Q,20230331,Y
821483,PARR,"PAR PACIFIC HOLDINGS, INC.",1311,1-LAF,10-Q,20230331,Y
822370,EMMA,"EMMAUS LIFE SCIENCES, INC.",2834,4-NON,10-Q,20230331,Y
822416,PHM,PULTEGROUP INC/MI/,1531,1-LAF,10-Q,20230331,Y
822663,IPAR,INTER PARFUMS INC,2844,1-LAF,10-Q,20230331,Y
822746,,"AMERICAN NOBLE GAS, INC.",1381,4-NON,10-K,20221231,N
822818,CLH,CLEAN HARBORS INC,4955,1-LAF,10-Q,20230331,Y
823277,CHSCP,CHS INC,5150,4-NON,10-Q,20230228,Y
823546,,"ROCKETFUEL BLOCKCHAIN, INC.",6199,4-NON,10-Q,20221231,N
823768,WM,WASTE MANAGEMENT INC,4953,1-LAF,10-Q,20230331,Y
824142,AAON,"AAON, INC.",3585,1-LAF,10-Q,20230331,Y
824410,,SANDY SPRING BANCORP INC,6021,1-LAF,10-Q,20230331,N
824416,QPRC,QUEST PATENT RESEARCH CORP,5190,4-NON,10-Q,20230331,Y
825171,,37 CAPITAL INC,1000,4-NON,20-F,20221231,N
825313,AB,ALLIANCEBERNSTEIN HOLDING L.P.,6282,1-LAF,10-Q,20230331,Y
825324,GTIM,GOOD TIMES RESTAURANTS INC.,5812,4-NON,10-Q,20230331,Y
825542,SMG,SCOTTS MIRACLE-GRO CO,2870,1-LAF,10-Q,20230331,Y
825788,,DIVALL INSURED INCOME PROPERTIES 2 LIMITED PARTNERSHIP,6500,4-NON,10-Q,20230331,N
826154,ORRF,ORRSTOWN FINANCIAL SERVICES INC,6022,2-ACC,10-Q,20230331,Y
826253,AUSI,AURA SYSTEMS INC,3690,4-NON,10-K,20230228,Y
826675,DX,DYNEX CAPITAL INC,6798,2-ACC,10-Q,20230331,Y
827052,EIX,EDISON INTERNATIONAL,4911,1-LAF,10-Q,20230331,Y
827054,MCHP,MICROCHIP TECHNOLOGY INC,3674,1-LAF,10-K,20230331,Y
827187,SNBRQ,SLEEP NUMBER CORP,2510,2-ACC,10-Q,20230331,Y
827871,,"EAGLE PHARMACEUTICALS, INC.",2834,2-ACC,10-Q,20230331,N
827876,CLSK,"CLEANSPARK, INC.",6199,4-NON,10-Q,20230331,Y
828146,LINK,INTERLINK ELECTRONICS INC,3577,4-NON,10-Q,20230331,Y
828530,,ADMIRAL FINANCIAL CORP,6035,4-NON,10-Q,20230331,N
828944,WSFS,WSFS FINANCIAL CORP,6021,1-LAF,10-Q,20230331,Y
829224,SBUX,STARBUCKS CORP,5810,1-LAF,10-Q,20230331,Y
829323,INUV,"INUVO, INC.",7310,4-NON,10-Q,20230331,Y
830524,,CHASE CORP,3640,2-ACC,10-Q,20230228,N
830616,SCIA,"SCI ENGINEERED MATERIALS, INC.",3620,4-NON,10-Q,20230331,Y
830656,,PRESSURE BIOSCIENCES INC,3826,4-NON,10-K,20221231,N
831001,C,CITIGROUP INC,6021,1-LAF,10-Q,20230331,Y
831259,FCX,FREEPORT-MCMORAN INC,1000,1-LAF,10-Q,20230331,Y
831378,,LVPAI GROUP LTD,6799,4-NON,10-Q,20230430,N
831489,,SCORES HOLDING CO INC,7900,4-NON,10-Q,20210331,N
831547,,SPECTRUM PHARMACEUTICALS INC,2834,4-NON,10-Q,20230331,N
831641,TTEK,TETRA TECH INC,8711,1-LAF,10-Q,20230331,Y
832090,,PARTNERS BANCORP,6022,4-NON,10-Q,20230331,N
832101,IEX,IDEX CORP /DE/,3561,1-LAF,10-Q,20230331,Y
832428,SSP,E.W. SCRIPPS CO,4833,1-LAF,10-Q,20230331,Y
832480,UTGN,UTG INC,6311,4-NON,10-Q,20230331,Y
832489,GOVX,"GEOVAX LABS, INC.",2834,4-NON,10-Q,20230331,Y
832988,SIG,SIGNET JEWELERS LTD,5944,1-LAF,10-Q,20230430,Y
833079,MTH,MERITAGE HOMES CORP,1531,1-LAF,10-Q,20230331,Y
833444,JCI,JOHNSON CONTROLS INTERNATIONAL PLC,3585,1-LAF,10-Q,20230331,Y
833640,POWI,POWER INTEGRATIONS INC,3674,1-LAF,10-Q,20230331,Y
834071,,TOYOTA MOTOR CREDIT CORP,6141,4-NON,10-K,20230331,N
834365,BLFS,BIOLIFE SOLUTIONS INC,3845,2-ACC,10-Q,20230331,Y
835011,MGPI,MGP INGREDIENTS INC,5180,1-LAF,10-Q,20230331,Y
835324,SYBT,"STOCK YARDS BANCORP, INC.",6022,1-LAF,10-Q,20230331,Y
835357,,EQUITABLE FINANCIAL LIFE INSURANCE CO OF AMERICA,6311,4-NON,10-Q,20230331,N
835662,AIXN,"AIXIN LIFE INTERNATIONAL, INC.",5912,4-NON,10-K,20221231,Y
836147,,MIDDLEFIELD BANC CORP,6022,4-NON,10-Q,20230331,N
836157,LNN,LINDSAY CORP,3523,1-LAF,10-Q,20230228,Y
836564,CPMV,MOSAIC IMMUNOENGINEERING INC.,2836,4-NON,10-Q,20230331,Y
836690,ISSC,INNOVATIVE SOLUTIONS & SUPPORT INC,7371,4-NON,10-Q,20230331,Y
836937,,UPD HOLDING CORP.,6770,4-NON,10-K,20220630,N
837010,,VOYA RETIREMENT INSURANCE & ANNUITY CO,6311,4-NON,10-Q,20230331,N
837465,CALY,TOPGOLF CALLAWAY BRANDS CORP.,3949,1-LAF,10-Q,20230331,Y
838875,WVVI,WILLAMETTE VALLEY VINEYARDS INC,2080,4-NON,10-Q,20230331,Y
839087,VASO,VASO CORP,3845,4-NON,10-Q,20230331,Y
839470,WWR,"WESTWATER RESOURCES, INC.",1000,4-NON,10-Q,20230331,Y
839923,VOD,VODAFONE GROUP PUBLIC LTD CO,4812,1-LAF,20-F,20230331,Y
840489,FCFS,"FIRSTCASH HOLDINGS, INC.",5900,1-LAF,10-Q,20230331,Y
840715,CLRO,CLEARONE INC,3661,4-NON,10-Q,20230331,Y
842023,TECH,BIO-TECHNE CORP,2836,1-LAF,10-Q,20230331,Y
842162,LEA,LEAR CORP,3714,1-LAF,10-Q,20230331,Y
842183,,RPT REALTY,6798,1-LAF,10-Q,20230331,N
842517,ISBA,ISABELLA BANK CORP,6022,4-NON,10-Q,20230331,Y
842518,,EVANS BANCORP INC,6021,4-NON,10-Q,20230331,N
842633,TRS,TRIMAS CORP,3460,1-LAF,10-Q,20230331,Y
842717,BRBS,"BLUE RIDGE BANKSHARES, INC.",6022,2-ACC,10-Q,20230331,Y
843006,ACCS,ISSUER DIRECT CORP,2750,4-NON,10-Q,20230331,Y
844059,FRPH,"FRP HOLDINGS, INC.",6500,4-NON,10-Q,20230331,Y
844856,HCMC,HEALTHIER CHOICES MANAGEMENT CORP.,2100,4-NON,10-Q,20230331,Y
844887,,DIAMONDHEAD CASINO CORP,7011,4-NON,10-Q,20230331,N
844965,TTI,TETRA TECHNOLOGIES INC,1311,2-ACC,10-Q,20230331,Y
845385,PIAC,PRINCETON CAPITAL CORP,,4-NON,10-Q,20230331,Y
845698,,GRANT PARK FUTURES FUND LIMITED PARTNERSHIP,6221,4-NON,10-Q,20230331,N
845819,KTEL,"KONATEL, INC.",4899,4-NON,10-K,20221231,Y
845877,AGM,FEDERAL AGRICULTURAL MORTGAGE CORP,6111,1-LAF,10-Q,20230331,Y
846475,,ZYNEX INC,3845,4-NON,10-Q,20230331,N
846617,DCOM,"DIME COMMUNITY BANCSHARES, INC. /NY/",6021,1-LAF,10-Q,20230331,Y
846901,,LAKELAND BANCORP INC,6022,1-LAF,10-Q,20230331,N
846913,FTEK,"FUEL TECH, INC.",3564,4-NON,10-Q,20230331,Y
847942,STQN,STRATEGIC ACQUISITIONS INC /NV/,6770,4-NON,10-Q,20230331,Y
849145,HGBL,HERITAGE GLOBAL INC.,7389,4-NON,10-Q,20230331,Y
849146,LFVN,LIFEVANTAGE CORP,2834,2-ACC,10-Q,20230331,Y
849399,GEN,GEN DIGITAL INC.,7372,1-LAF,10-K,20230331,Y
849636,,RESPIRERX PHARMACEUTICALS INC.,2834,4-NON,10-K,20221231,N
849869,SLGN,SILGAN HOLDINGS INC,3411,1-LAF,10-Q,20230331,Y
850141,HMN,HORACE MANN EDUCATORS CORP /DE/,6331,1-LAF,10-Q,20230331,Y
850209,,"FOOT LOCKER, INC.",5661,1-LAF,10-Q,20230430,N
850261,,"SORRENTO THERAPEUTICS, INC.",2836,1-LAF,10-Q,20230331,N
850429,TG,TREDEGAR CORP,3350,2-ACC,10-Q,20230331,Y
850460,,ENCORE WIRE CORP,3350,1-LAF,10-Q,20230331,N
851205,CGNX,COGNEX CORP,3823,1-LAF,10-Q,20230331,Y
851310,HLIT,HARMONIC INC,3663,2-ACC,10-Q,20230331,Y
851520,EXPO,EXPONENT INC,8742,1-LAF,10-Q,20230331,Y
851968,MHK,MOHAWK INDUSTRIES INC,2273,1-LAF,10-Q,20230331,Y
852772,,DENNY'S CORP,5812,2-ACC,10-Q,20230331,N
853816,LSTR,LANDSTAR SYSTEM INC,4213,1-LAF,10-Q,20230331,Y
854560,GSBC,"GREAT SOUTHERN BANCORP, INC.",6022,2-ACC,10-Q,20230331,Y
854775,DGII,DIGI INTERNATIONAL INC,3576,2-ACC,10-Q,20230331,Y
854800,,"TINGO GROUP, INC.",6411,4-NON,10-Q,20230331,N
855654,,"IMMUNOGEN, INC.",2834,1-LAF,10-Q,20230331,N
855658,LSCC,LATTICE SEMICONDUCTOR CORP,3674,1-LAF,10-Q,20230331,Y
855683,MLSS,MILESTONE SCIENTIFIC INC.,3842,4-NON,10-Q,20230331,Y
855787,,ALPHA ENERGY INC,1311,4-NON,10-K,20221231,N
855874,,COMMUNITY FINANCIAL CORP /MD/,6022,4-NON,10-Q,20230331,N
856982,MMSI,MERIT MEDICAL SYSTEMS INC,3841,1-LAF,10-Q,20230331,Y
856984,USAQ,"QHSLAB, INC.",3841,4-NON,10-Q,20230331,Y
857005,PTC,PTC INC.,7372,1-LAF,10-Q,20230331,Y
857855,UCB,UNITED COMMUNITY BANKS INC,6022,1-LAF,10-Q,20230331,Y
857949,,"CHINA GREEN AGRICULTURE, INC.",2870,4-NON,10-Q,20230331,N
858470,,COTERRA ENERGY INC.,1311,1-LAF,10-Q,20230331,N
858655,,HAYNES INTERNATIONAL INC,3310,2-ACC,10-Q,20230331,N
858877,CSCO,"CISCO SYSTEMS, INC.",3576,1-LAF,10-Q,20230430,Y
859070,FCBC,FIRST COMMUNITY BANKSHARES INC /VA/,6022,2-ACC,10-Q,20230331,Y
859737,,HOLOGIC INC,3844,1-LAF,10-Q,20230331,N
860413,FIBK,FIRST INTERSTATE BANCSYSTEM INC,6022,1-LAF,10-Q,20230331,Y
860543,,JACKSAM CORP,4833,4-NON,10-K,20221231,N
860546,CDP,CORPORATE OFFICE PROPERTIES TRUST,6798,1-LAF,10-Q,20230331,Y
860730,HCA,"HCA HEALTHCARE, INC.",8062,1-LAF,10-Q,20230331,Y
860731,TYL,TYLER TECHNOLOGIES INC,7372,1-LAF,10-Q,20230331,Y
860748,KMPR,KEMPER CORP,6331,1-LAF,10-Q,20230331,Y
861441,,FUTURES PORTFOLIO FUND L.P.,6221,4-NON,10-Q,20230331,N
861459,GVA,GRANITE CONSTRUCTION INC,1600,1-LAF,10-Q,20230331,Y
861838,,"ACERAGEN, INC.",2836,4-NON,10-K,20221231,N
861842,CATY,CATHAY GENERAL BANCORP,6022,1-LAF,10-Q,20230331,Y
861878,,STERICYCLE INC,4955,1-LAF,10-Q,20230331,N
861884,RS,RELIANCE STEEL & ALUMINUM CO,5051,1-LAF,10-Q,20230331,Y
862651,INVU,"INVESTVIEW, INC.",7389,4-NON,10-Q,20230331,Y
862668,ESMC,ESCALON MEDICAL CORP,3845,4-NON,10-Q,20230331,Y
862692,CCEL,CRYO CELL INTERNATIONAL INC,8090,4-NON,10-Q,20230228,Y
862831,FISI,FINANCIAL INSTITUTIONS INC,6021,2-ACC,10-Q,20230331,Y
862861,AIFC,JANONE INC.,5700,4-NON,10-K,20221231,Y
863110,ARTNA,ARTESIAN RESOURCES CORP,4941,4-NON,10-Q,20230331,Y
863436,BHE,BENCHMARK ELECTRONICS INC,3672,1-LAF,10-Q,20230331,Y
863894,VERU,VERU INC.,2834,4-NON,10-Q,20230331,Y
864240,SYPR,SYPRIS SOLUTIONS INC,3823,4-NON,10-Q,20230331,Y
864270,,AMERICAN HONDA FINANCE CORP,6141,4-NON,10-K,20230331,N
864749,TRMB,TRIMBLE INC.,3829,1-LAF,10-Q,20230331,Y
865752,MNST,MONSTER BEVERAGE CORP,2086,1-LAF,10-Q,20230331,Y
866273,MTRX,MATRIX SERVICE CO,1700,2-ACC,10-Q,20230331,Y
866291,ALGM,"ALLEGRO MICROSYSTEMS, INC.",3674,1-LAF,10-K,20230331,Y
866374,FLEX,FLEX LTD.,3672,1-LAF,10-K,20230331,Y
866439,DPLS,"DARKPULSE, INC.",7372,4-NON,10-K,20221231,Y
866706,ESE,ESCO TECHNOLOGIES INC,3669,1-LAF,10-Q,20230331,Y
866787,AZO,AUTOZONE INC,5531,1-LAF,10-Q,20230430,Y
866829,HLX,HELIX ENERGY SOLUTIONS GROUP INC,1389,2-ACC,10-Q,20230331,Y
867038,SPND,SPINDLETOP OIL & GAS CO,1311,4-NON,10-K,20221231,Y
867665,,ABRAXAS PETROLEUM CORP,1311,4-NON,10-K,20221231,N
867773,,SUNPOWER CORP,3674,1-LAF,10-Q,20230331,N
867840,POCI,"PRECISION OPTICS CORPORATION, INC.",3845,4-NON,10-Q,20230331,Y
868082,,EVERFLOW EASTERN PARTNERS LP,1311,4-NON,10-Q,20230331,N
868278,PRPH,"PROPHASE LABS, INC.",2834,4-NON,10-Q,20230331,Y
868671,GBCI,"GLACIER BANCORP, INC.",6022,1-LAF,10-Q,20230331,Y
868780,DORM,"DORMAN PRODUCTS, INC.",3714,1-LAF,10-Q,20230331,Y
868857,ACM,AECOM,8711,1-LAF,10-Q,20230331,Y
871763,MAN,MANPOWERGROUP INC.,7363,1-LAF,10-Q,20230331,Y
872589,REGN,"REGENERON PHARMACEUTICALS, INC.",2834,1-LAF,10-Q,20230331,Y
872912,DCTH,"DELCATH SYSTEMS, INC.",3841,4-NON,10-Q,20230331,Y
873303,SRPT,"SAREPTA THERAPEUTICS, INC.",2834,1-LAF,10-Q,20230331,Y
873860,ONIT,OCWEN FINANCIAL CORP,6162,2-ACC,10-Q,20230331,Y
874015,IONS,IONIS PHARMACEUTICALS INC,2834,1-LAF,10-Q,20230331,Y
874238,STRL,"STERLING INFRASTRUCTURE, INC.",1600,2-ACC,10-Q,20230331,Y
874292,,ADDVANTAGE TECHNOLOGIES GROUP INC,5000,4-NON,10-Q,20230331,N
874396,LCUT,"LIFETIME BRANDS, INC",3420,2-ACC,10-Q,20230331,Y
874499,GPOR,GULFPORT ENERGY CORP,1311,1-LAF,10-Q,20230331,Y
874501,OSG,AMBAC FINANCIAL GROUP INC,6351,1-LAF,10-Q,20230331,Y
874716,IDXX,IDEXX LABORATORIES INC /DE,2835,1-LAF,10-Q,20230331,Y
874761,AES,AES CORP,4991,1-LAF,10-Q,20230331,Y
874766,HIG,"HARTFORD FINANCIAL SERVICES GROUP, INC.",6331,1-LAF,10-Q,20230331,Y
874866,CRVL,CORVEL CORP,6411,1-LAF,10-K,20230331,Y
875045,BIIB,BIOGEN INC.,2836,1-LAF,10-Q,20230331,Y
875320,VRTX,VERTEX PHARMACEUTICALS INC / MA,2834,1-LAF,10-Q,20230331,Y
875355,TULP,INSIGNIA SYSTEMS INC/MN,7310,4-NON,10-Q,20230331,Y
875357,BOKF,BOK FINANCIAL CORP,6021,1-LAF,10-Q,20230331,Y
875582,NTIC,NORTHERN TECHNOLOGIES INTERNATIONAL CORP,3470,4-NON,10-Q,20230228,Y
875657,ULBI,ULTRALIFE CORP,3690,4-NON,10-Q,20230331,Y
875729,BNET,BION ENVIRONMENTAL TECHNOLOGIES INC,2870,4-NON,10-Q,20230331,Y
876167,PRGS,PROGRESS SOFTWARE CORP /MA,7372,1-LAF,10-Q,20230228,Y
876343,LCTX,"LINEAGE CELL THERAPEUTICS, INC.",2836,4-NON,10-Q,20230331,Y
876378,,"ASENSUS SURGICAL, INC.",3841,4-NON,10-Q,20230331,N
876427,MNRO,"MONRO, INC.",7500,1-LAF,10-K,20230331,Y
876437,MTG,MGIC INVESTMENT CORP,6351,1-LAF,10-Q,20230331,Y
876523,EZPW,EZCORP INC,5900,2-ACC,10-Q,20230331,Y
876779,RMTHF,MAGIC SOFTWARE ENTERPRISES LTD,7372,2-ACC,20-F,20221231,Y
876883,STGW,STAGWELL INC,7311,2-ACC,10-Q,20230331,Y
877212,ZBRA,ZEBRA TECHNOLOGIES CORP,3560,1-LAF,10-Q,20230331,Y
877422,,SPARTANNASH CO,5141,1-LAF,10-Q,20230430,N
877860,NHI,NATIONAL HEALTH INVESTORS INC,6798,1-LAF,10-Q,20230331,Y
878828,,WIRELESS TELECOM GROUP INC,3669,4-NON,10-Q,20230331,N
878927,ODFL,"OLD DOMINION FREIGHT LINE, INC.",4213,1-LAF,10-Q,20230331,Y
879101,KIM,KIMCO REALTY CORP,6798,1-LAF,10-Q,20230331,Y
879169,INCY,INCYTE CORP,8731,1-LAF,10-Q,20230331,Y
879407,ARWR,"ARROWHEAD PHARMACEUTICALS, INC.",2834,1-LAF,10-Q,20230331,Y
879526,WNC,WABASH NATIONAL CORP,3715,1-LAF,10-Q,20230331,Y
879585,ATNI,"ATN INTERNATIONAL, INC.",4813,2-ACC,10-Q,20230331,Y
879635,MPB,MID PENN BANCORP INC,6022,2-ACC,10-Q,20230331,Y
879911,AERG,"APPLIED ENERGETICS, INC.",3812,4-NON,10-Q,20230331,Y
880117,JBSS,SANFILIPPO JOHN B & SON INC,2060,1-LAF,10-Q,20230331,Y
880242,BLGO,"BIOLARGO, INC.",2800,4-NON,10-Q,20230331,Y
880266,AGCO,AGCO CORP /DE,3523,1-LAF,10-Q,20230331,Y
880417,CSBB,"CSB BANCORP, INC.",6022,4-NON,10-Q,20230331,Y
880631,WT,"WISDOMTREE, INC.",6211,1-LAF,10-Q,20230331,Y
880641,EFSI,EAGLE FINANCIAL SERVICES INC,6022,4-NON,10-Q,20230331,Y
880807,AMSC,AMERICAN SUPERCONDUCTOR CORP /DE/,3621,2-ACC,10-K,20230331,Y
880984,ACFN,"ACORN ENERGY, INC.",8711,4-NON,10-Q,20230331,Y
881453,,FORTITUDE LIFE INSURANCE & ANNUITY CO,6399,4-NON,10-Q,20230331,N
882095,GILD,"GILEAD SCIENCES, INC.",2836,1-LAF,10-Q,20230331,Y
882184,DHI,HORTON D R INC /DE/,1531,1-LAF,10-Q,20230331,Y
882291,AEMD,AETHLON MEDICAL INC,3841,4-NON,10-K,20230331,Y
882361,APTOF,APTOSE BIOSCIENCES INC.,2836,4-NON,10-Q,20230331,Y
882508,QUIK,QUICKLOGIC CORP,3674,4-NON,10-Q,20230331,Y
882796,BCRX,BIOCRYST PHARMACEUTICALS INC,2836,1-LAF,10-Q,20230331,Y
882800,,"PACIFIC VENTURES GROUP, INC.",2080,4-NON,10-K,20221231,N
882835,ROP,ROPER TECHNOLOGIES INC,3823,1-LAF,10-Q,20230331,Y
883107,SLSN,NANOPHASE TECHNOLOGIES CORP,2844,4-NON,10-Q,20230331,Y
883237,VRTS,"VIRTUS INVESTMENT PARTNERS, INC.",6282,1-LAF,10-Q,20230331,Y
883241,SNPS,SYNOPSYS INC,7372,1-LAF,10-Q,20230430,Y
883569,FOSL,"FOSSIL GROUP, INC.",3873,2-ACC,10-Q,20230331,Y
883902,,"CORNERSTONE BUILDING BRANDS, INC.",3448,1-LAF,10-Q,20230331,N
883948,AUB,ATLANTIC UNION BANKSHARES CORP,6022,1-LAF,10-Q,20230331,Y
883975,MBOT,MICROBOT MEDICAL INC.,2836,4-NON,10-Q,20230331,Y
883984,ICUI,ICU MEDICAL INC/DE,3841,1-LAF,10-Q,20230331,Y
884144,ASUR,ASURE SOFTWARE INC,7373,4-NON,10-Q,20230331,Y
884219,PRSU,VIAD CORP,7389,2-ACC,10-Q,20230331,Y
884269,APT,ALPHA PRO TECH LTD,3842,4-NON,10-Q,20230331,Y
884614,UGI,UGI CORP /PA/,4932,1-LAF,10-Q,20230331,Y
884624,OFIX,ORTHOFIX MEDICAL INC.,3841,2-ACC,10-Q,20230331,Y
884650,,INFINITE GROUP INC,7372,4-NON,10-K,20221231,N
884713,,PRIMO WATER CORP /CN/,2086,1-LAF,10-Q,20230331,N
884887,RCL,ROYAL CARIBBEAN CRUISES LTD,4400,1-LAF,10-Q,20230331,Y
885245,BKE,BUCKLE INC,5651,1-LAF,10-Q,20230430,Y
885275,WBHC,WILSON BANK HOLDING CO,6021,1-LAF,10-Q,20230331,Y
885307,JCTC,JEWETT CAMERON TRADING CO LTD,5211,4-NON,10-Q,20230228,Y
885462,GURE,"GULF RESOURCES, INC.",2800,4-NON,10-Q,20230331,Y
885508,STRS,STRATUS PROPERTIES INC,6552,4-NON,10-Q,20230331,Y
885550,CACC,CREDIT ACCEPTANCE CORP,6141,1-LAF,10-Q,20230331,Y
885568,,OLD DOMINION ELECTRIC COOPERATIVE,4911,4-NON,10-Q,20230331,N
885590,BHC,BAUSCH HEALTH COMPANIES INC.,2834,1-LAF,10-Q,20230331,Y
885639,KSS,KOHLS CORP,5311,1-LAF,10-Q,20230430,Y
885725,BSX,BOSTON SCIENTIFIC CORP,3841,1-LAF,10-Q,20230331,Y
885978,USPH,U S PHYSICAL THERAPY INC /NV,8000,1-LAF,10-Q,20230331,Y
886128,FCEL,FUELCELL ENERGY INC,3620,1-LAF,10-Q,20230430,Y
886136,SGA,SAGA COMMUNICATIONS INC,4832,2-ACC,10-Q,20230331,Y
886158,,BED BATH & BEYOND INC,5700,1-LAF,10-K,20230228,N
886163,LGND,LIGAND PHARMACEUTICALS INC,2834,1-LAF,10-Q,20230331,Y
886206,FC,FRANKLIN COVEY CO,8741,2-ACC,10-Q,20230228,Y
886346,KAI,KADANT INC,3550,1-LAF,10-Q,20230331,Y
886744,GERN,GERON CORP,2834,4-NON,10-Q,20230331,Y
886835,,SUPERIOR ENERGY SERVICES INC,1389,4-NON,10-Q,20230331,N
886982,GS,GOLDMAN SACHS GROUP INC,6211,1-LAF,10-Q,20230331,Y
887153,SIM,"GRUPO SIMEC, S.A.B. DE C.V.",3312,1-LAF,20-F,20221231,Y
887225,KEP,KOREA ELECTRIC POWER CORP,4911,1-LAF,20-F,20221231,Y
887247,,ADAMIS PHARMACEUTICALS CORP,2834,4-NON,10-Q,20230331,N
887343,COLB,"COLUMBIA BANKING SYSTEM, INC.",6022,1-LAF,10-Q,20230331,Y
887359,VCEL,VERICEL CORP,2836,1-LAF,10-Q,20230331,Y
887396,EP,EMPIRE PETROLEUM CORP,1311,4-NON,10-Q,20230331,Y
887596,CAKE,CHEESECAKE FACTORY INC,5812,1-LAF,10-Q,20230331,Y
887733,CENT,CENTRAL GARDEN & PET CO,5190,1-LAF,10-Q,20230331,Y
887905,LTC,LTC PROPERTIES INC,6798,1-LAF,10-Q,20230331,Y
887936,FCN,"FTI CONSULTING, INC",8742,1-LAF,10-Q,20230331,Y
888471,,NESTOR PARTNERS,6221,4-NON,10-Q,20230331,N
888491,OHI,OMEGA HEALTHCARE INVESTORS INC,6798,1-LAF,10-Q,20230331,Y
888721,TRIB,TRINITY BIOTECH PLC,2835,4-NON,20-F,20221231,Y
888746,CCU,UNITED BREWERIES CO INC,2082,1-LAF,20-F,20221231,Y
888981,NNUP,NOCOPI TECHNOLOGIES INC/MD/,3944,4-NON,10-Q,20230331,Y
889123,,REDWOOD MORTGAGE INVESTORS VIII,6500,4-NON,10-Q,20230331,N
889132,PKX,POSCO HOLDINGS INC.,3312,1-LAF,20-F,20221231,Y
889331,LFUS,LITTELFUSE INC /DE,3613,1-LAF,10-Q,20230331,Y
889348,CVU,CPI AEROSTRUCTURES INC,3728,4-NON,10-K,20221231,Y
889609,CPSS,"CONSUMER PORTFOLIO SERVICES, INC.",6199,2-ACC,10-Q,20230331,Y
889900,PTEN,PATTERSON UTI ENERGY INC,1381,1-LAF,10-Q,20230331,Y
889971,LPTH,LIGHTPATH TECHNOLOGIES INC,3674,4-NON,10-Q,20230331,Y
890066,GLBZ,GLEN BURNIE BANCORP,6022,4-NON,10-Q,20230331,Y
890394,PRSO,PERASO INC.,3674,4-NON,10-Q,20230331,Y
890447,,VERTEX ENERGY INC.,2911,1-LAF,10-Q,20230331,N
890541,BLX,"FOREIGN TRADE BANK OF LATIN AMERICA, INC.",6029,2-ACC,20-F,20221231,Y
890564,EFOR,ASGN INC,7363,1-LAF,10-Q,20230331,Y
890821,ENVB,"ENVERIC BIOSCIENCES, INC.",2834,4-NON,10-Q,20230331,Y
890926,RDN,RADIAN GROUP INC,6351,1-LAF,10-Q,20230331,Y
891014,MTX,MINERALS TECHNOLOGIES INC,2810,1-LAF,10-Q,20230331,Y
891024,,"PATTERSON COMPANIES, INC.",5047,1-LAF,10-K,20230430,N
891103,MTCH,"MATCH GROUP, INC.",7370,1-LAF,10-Q,20230331,Y
891166,UVE,"UNIVERSAL INSURANCE HOLDINGS, INC.",6331,2-ACC,10-Q,20230331,Y
891293,,CTI BIOPHARMA CORP,2834,4-NON,10-Q,20230331,N
891417,,NANO MAGIC INC.,3470,4-NON,10-K,20221231,N
891482,FLL,FULL HOUSE RESORTS INC,7011,2-ACC,10-Q,20230331,Y
891532,PESI,PERMA FIX ENVIRONMENTAL SERVICES INC,4955,4-NON,10-Q,20230331,Y
892450,KT,KT CORP,4813,1-LAF,20-F,20221231,Y
892553,,CHART INDUSTRIES INC,3443,1-LAF,10-Q,20230331,N
893538,SM,SM ENERGY CO,1311,1-LAF,10-Q,20230331,Y
893691,,MASONITE INTERNATIONAL CORP,2430,1-LAF,10-Q,20230331,N
893847,HWBK,"HAWTHORN BANCSHARES, INC.",6021,4-NON,10-Q,20230331,Y
893949,MD,"PEDIATRIX MEDICAL GROUP, INC.",8060,1-LAF,10-Q,20230331,Y
894081,,"AIR TRANSPORT SERVICES GROUP, INC.",4513,1-LAF,10-Q,20230331,N
894158,TOVX,"THERIVA BIOLOGICS, INC.",2834,4-NON,10-Q,20230331,Y
894315,SITC,SITE CENTERS CORP.,6798,1-LAF,10-Q,20230331,Y
894405,ARCB,ARCBEST CORP /DE/,4213,1-LAF,10-Q,20230331,Y
894501,GRHI,"GOLD ROCK HOLDINGS, INC.",1531,4-NON,10-Q,20230331,Y
894556,CITR,"GENERAL ENTERPRISE VENTURES, INC.",4955,4-NON,10-Q,20230331,Y
894560,,BIOETHICS LTD,6770,4-NON,10-K,20221231,N
894627,EGY,VAALCO ENERGY INC /DE/,1311,2-ACC,10-K,20221231,Y
894671,OVBC,OHIO VALLEY BANC CORP,6022,4-NON,10-Q,20230331,Y
894871,AREN,"ARENA GROUP HOLDINGS, INC.",4841,2-ACC,10-Q,20230331,Y
895051,,"CASI PHARMACEUTICALS, INC (DE)",2836,4-NON,20-F,20221231,N
895126,EXE,CHESAPEAKE ENERGY CORP,1311,1-LAF,10-Q,20230331,Y
895417,ELS,EQUITY LIFESTYLE PROPERTIES INC,6798,1-LAF,10-Q,20230331,Y
895419,WOLF,"WOLFSPEED, INC.",3674,1-LAF,10-Q,20230331,Y
895421,MS,MORGAN STANLEY,6211,1-LAF,10-Q,20230331,Y
895447,SHOE,SHOE CARNIVAL INC,5661,2-ACC,10-Q,20230430,Y
895456,RCKY,"ROCKY BRANDS, INC.",3140,2-ACC,10-Q,20230331,Y
895464,YBGJ,YUBO INTERNATIONAL BIOTECH LTD,3845,4-NON,10-K,20221231,Y
895665,,"CLEARDAY, INC.",8050,4-NON,10-K,20221231,N
895728,ENB,ENBRIDGE INC,4610,1-LAF,10-Q,20230331,Y
896156,ETD,ETHAN ALLEN INTERIORS INC,2511,2-ACC,10-Q,20230331,Y
896159,CB,CHUBB LTD,6331,1-LAF,10-Q,20230331,Y
896262,,AMEDISYS INC,8082,1-LAF,10-Q,20230331,N
896264,USNA,USANA HEALTH SCIENCES INC,2833,1-LAF,10-Q,20230331,Y
896429,,"CANTALOUPE, INC.",3578,2-ACC,10-Q,20230331,N
896493,GPUS,"AULT ALLIANCE, INC.",3679,4-NON,10-K,20221231,Y
896494,,SENSTAR TECHNOLOGIES LTD.,3669,4-NON,20-F,20221231,N
896622,ATR,"APTARGROUP, INC.",3089,1-LAF,10-Q,20230331,Y
896747,,AMERICAN BIO MEDICA CORP,2834,4-NON,10-Q,20230331,N
896841,,"AVID TECHNOLOGY, INC.",7372,1-LAF,10-Q,20230331,N
896878,INTU,INTUIT INC.,7372,1-LAF,10-Q,20230430,Y
897077,ALG,ALAMO GROUP INC,3523,1-LAF,10-Q,20230331,Y
897078,KOAN,"RESONATE BLENDS, INC.",7372,4-NON,10-K,20221231,Y
897429,,"CHICO'S FAS, INC.",5621,2-ACC,10-Q,20230430,N
897448,AMRN,AMARIN CORP PLCUK,2834,1-LAF,10-Q,20230331,Y
897723,SANM,SANMINA CORP,3672,1-LAF,10-Q,20230331,Y
898171,UWHR,UWHARRIE CAPITAL CORP,6022,4-NON,10-Q,20230331,Y
898173,ORLY,O REILLY AUTOMOTIVE INC,5531,1-LAF,10-Q,20230331,Y
898174,RGA,REINSURANCE GROUP OF AMERICA INC,6311,1-LAF,10-Q,20230331,Y
898293,JBL,JABIL INC,3672,1-LAF,10-Q,20230228,Y
898437,ANIK,"ANIKA THERAPEUTICS, INC.",3841,2-ACC,10-Q,20230331,Y
899051,ALL,ALLSTATE CORP,6331,1-LAF,10-Q,20230331,Y
899394,,"HARBOR DIVERSIFIED, INC.",4512,4-NON,10-K,20221231,N
899460,MNKD,MANNKIND CORP,2834,1-LAF,10-Q,20230331,Y
899629,AKR,ACADIA REALTY TRUST,6798,1-LAF,10-Q,20230331,Y
899689,VNO,VORNADO REALTY TRUST,6798,1-LAF,10-Q,20230331,Y
899715,SKT,"TANGER FACTORY OUTLET CENTERS, INC",6798,1-LAF,10-Q,20230331,Y
899751,TWI,TITAN INTERNATIONAL INC,3312,1-LAF,10-Q,20230331,Y
899923,MYGN,MYRIAD GENETICS INC,2835,1-LAF,10-Q,20230331,Y
900075,CPRT,COPART INC,5500,1-LAF,10-Q,20230430,Y
900391,NTZ,NATUZZI S P A,2510,4-NON,20-F,20221231,Y
901491,PZZA,PAPA JOHNS INTERNATIONAL INC,5812,1-LAF,10-Q,20230331,Y
902791,BBSI,BARRETT BUSINESS SERVICES INC,7363,2-ACC,10-Q,20230331,Y
903129,THRM,GENTHERM INC,3714,1-LAF,10-Q,20230331,Y
903419,ALRS,ALERUS FINANCIAL CORP,6021,2-ACC,10-Q,20230331,Y
903651,INOD,INNODATA INC,7374,4-NON,10-Q,20230331,Y
904851,YPF,YPF SOCIEDAD ANONIMA,2911,1-LAF,20-F,20221231,Y
906107,EQR,EQUITY RESIDENTIAL,6798,1-LAF,10-Q,20230331,Y
906163,NVR,NVR INC,1531,1-LAF,10-Q,20230331,Y
906338,,TARO PHARMACEUTICAL INDUSTRIES LTD,2834,1-LAF,20-F,20230331,N
906345,CPT,CAMDEN PROPERTY TRUST,6798,1-LAF,10-Q,20230331,Y
906465,QCRH,QCR HOLDINGS INC,6022,1-LAF,10-Q,20230331,Y
906553,BYD,BOYD GAMING CORP,7011,1-LAF,10-Q,20230331,Y
906709,NKTR,NEKTAR THERAPEUTICS,2834,1-LAF,10-Q,20230331,Y
907242,MCRI,MONARCH CASINO & RESORT INC,7011,1-LAF,10-Q,20230331,Y
907254,BFS,"SAUL CENTERS, INC.",6798,2-ACC,10-Q,20230331,Y
907471,CASH,"PATHWARD FINANCIAL, INC.",6021,1-LAF,10-Q,20230331,Y
907654,ORKA,"ARCA BIOPHARMA, INC.",2835,4-NON,10-Q,20230331,Y
908255,BWA,BORGWARNER INC,3714,1-LAF,10-Q,20230331,Y
908259,OTLC,"ONCOTELIC THERAPEUTICS, INC.",2834,4-NON,10-K,20221231,Y
908311,CMCT,CREATIVE MEDIA & COMMUNITY TRUST CORP,6798,4-NON,10-Q,20230331,Y
908315,WINA,WINMARK CORP,5900,4-NON,10-Q,20230331,Y
908732,SPTJF,SINOPEC SHANGHAI PETROCHEMICAL CO LTD,2821,1-LAF,20-F,20221231,Y
908937,SIRI,SIRIUS XM HOLDINGS INC.,4832,1-LAF,10-Q,20230331,Y
909037,SQM,CHEMICAL & MINING CO OF CHILE INC,1400,1-LAF,20-F,20221231,Y
909108,,DIAMOND HILL INVESTMENT GROUP INC,6282,2-ACC,10-Q,20230331,N
909327,SUZ,SUZANO S.A.,2621,1-LAF,20-F,20221231,Y
909494,TCX,TUCOWS INC /PA/,7374,2-ACC,10-Q,20230331,Y
909724,TLF,TANDY LEATHER FACTORY INC,3100,4-NON,10-Q,20230331,Y
909832,COST,COSTCO WHOLESALE CORP /NEW,5331,1-LAF,10-Q,20230430,Y
910073,FLG,NEW YORK COMMUNITY BANCORP INC,6036,1-LAF,10-Q,20230331,Y
910108,LXP,LXP INDUSTRIAL TRUST,6798,1-LAF,10-Q,20230331,Y
910267,,TITAN PHARMACEUTICALS INC,2836,4-NON,10-Q,20230331,N
910329,MED,MEDIFAST INC,2090,1-LAF,10-Q,20230331,Y
910406,HAIN,HAIN CELESTIAL GROUP INC,2000,1-LAF,10-Q,20230331,Y
910467,,CAMPBELL STRATEGIC ALLOCATION FUND LP,6221,4-NON,10-Q,20230331,N
910521,DECK,DECKERS OUTDOOR CORP,3021,1-LAF,10-K,20230331,Y
910606,REG,REGENCY CENTERS CORP,6798,1-LAF,10-Q,20230331,Y
910612,CBL,CBL & ASSOCIATES PROPERTIES INC,6798,2-ACC,10-Q,20230331,Y
910631,KOF,COCA COLA FEMSA SAB DE CV,2086,1-LAF,20-F,20221231,Y
910638,DDD,3D SYSTEMS CORP,7372,1-LAF,10-Q,20230331,Y
911147,CNTY,CENTURY CASINOS INC /CO/,7011,2-ACC,10-Q,20230331,Y
911177,CWST,CASELLA WASTE SYSTEMS INC,4953,1-LAF,10-Q,20230331,Y
911216,PTN,PALATIN TECHNOLOGIES INC,2834,4-NON,10-Q,20230331,Y
912061,NHTC,NATURAL HEALTH TRENDS CORP,5190,4-NON,10-Q,20230331,Y
912093,VIAV,VIAVI SOLUTIONS INC.,3674,1-LAF,10-Q,20230331,Y
912242,MAC,MACERICH CO,6798,1-LAF,10-Q,20230331,Y
912463,,GUESS INC,2340,2-ACC,10-Q,20230430,N
912544,NSTM,NOVELSTEM INTERNATIONAL CORP.,5990,4-NON,10-Q,20230331,Y
912562,ROCK,"GIBRALTAR INDUSTRIES, INC.",3310,1-LAF,10-Q,20230331,Y
912593,SUI,SUN COMMUNITIES INC,6798,1-LAF,10-Q,20230331,Y
912595,MAAI,MID AMERICA APARTMENT COMMUNITIES INC.,6798,1-LAF,10-Q,20230331,Y
912603,,"SCHNITZER STEEL INDUSTRIES, INC.",5090,1-LAF,10-Q,20230228,N
912615,URBN,URBAN OUTFITTERS INC,5651,1-LAF,10-K,20230131,Y
912728,FWRD,FORWARD AIR CORP,4731,1-LAF,10-Q,20230331,Y
912752,,SINCLAIR BROADCAST GROUP INC,4833,1-LAF,10-Q,20230331,N
912766,LAUR,"LAUREATE EDUCATION, INC.",8200,1-LAF,10-Q,20230331,Y
912767,UFPI,UFP INDUSTRIES INC,2421,1-LAF,10-Q,20230331,Y
912892,TV,"GRUPO TELEVISA, S.A.B.",4833,1-LAF,20-F,20221231,Y
913059,BBAR,BANCO BBVA ARGENTINA S.A.,6029,2-ACC,20-F,20221231,Y
913142,BDC,BELDEN INC.,3357,1-LAF,10-Q,20230331,Y
913144,RNR,RENAISSANCERE HOLDINGS LTD,6331,1-LAF,10-Q,20230331,Y
913241,SHOO,"STEVEN MADDEN, LTD.",3140,1-LAF,10-Q,20230331,Y
913277,CLAR,CLARUS CORP,3949,2-ACC,10-Q,20230331,Y
913290,FRO,FRONTLINE PLC,4412,1-LAF,20-F,20221231,Y
913341,CFFI,C & F FINANCIAL CORP,6022,2-ACC,10-Q,20230331,Y
913760,SNEX,STONEX GROUP INC.,6200,1-LAF,10-Q,20230331,Y
913778,,BF GARDEN TAX CREDIT FUND IV L.P.,6513,4-NON,10-K,20230331,N
914122,PPIH,"PERMA-PIPE INTERNATIONAL HOLDINGS, INC.",3564,4-NON,10-K,20230131,Y
914139,PRKR,PARKERVISION INC,3663,4-NON,10-Q,20230331,Y
914156,UFPT,UFP TECHNOLOGIES INC,3841,2-ACC,10-Q,20230331,Y
914208,IVZ,INVESCO LTD.,6282,1-LAF,10-Q,20230331,Y
914475,NBIX,NEUROCRINE BIOSCIENCES INC,2836,1-LAF,10-Q,20230331,Y
914712,,"STEEL CONNECT, INC.",7389,4-NON,10-Q,20230430,N
914748,,EVEREST REINSURANCE HOLDINGS INC,6331,4-NON,10-Q,20230331,N
915358,,SIGMATRON INTERNATIONAL INC,3672,4-NON,10-Q,20230131,N
915389,EMN,EASTMAN CHEMICAL CO,2821,1-LAF,10-Q,20230331,Y
915840,BZH,BEAZER HOMES USA INC,1531,2-ACC,10-Q,20230331,Y
915912,AVB,AVALONBAY COMMUNITIES INC,6798,1-LAF,10-Q,20230331,Y
915913,ALB,ALBEMARLE CORP,2821,1-LAF,10-Q,20230331,Y
916076,MLM,MARTIN MARIETTA MATERIALS INC,1400,1-LAF,10-Q,20230331,Y
916365,TSCO,TRACTOR SUPPLY CO /DE/,5200,1-LAF,10-Q,20230331,Y
916540,DAR,DARLING INGREDIENTS INC.,2070,1-LAF,10-Q,20230331,Y
916789,HELE,HELEN OF TROY LTD,3634,1-LAF,10-K,20230228,Y
916793,SILC,SILICOM LTD.,3576,2-ACC,20-F,20221231,Y
916907,SMBC,"SOUTHERN MISSOURI BANCORP, INC.",6036,2-ACC,10-Q,20230331,Y
917225,XPL,SOLITARIO ZINC CORP.,1040,4-NON,10-Q,20230331,Y
917251,ADC,AGREE REALTY CORP,6798,1-LAF,10-Q,20230331,Y
917273,RMBS,RAMBUS INC,3674,1-LAF,10-Q,20230331,Y
917470,,OLYMPIC STEEL INC,5051,2-ACC,10-Q,20230331,N
917491,,FARO TECHNOLOGIES INC,3829,2-ACC,10-Q,20230331,N
917520,IART,INTEGRA LIFESCIENCES HOLDINGS CORP,3841,1-LAF,10-Q,20230331,Y
917851,VALE,VALE S.A.,1000,1-LAF,20-F,20221231,Y
918251,MPAA,MOTORCAR PARTS OF AMERICA INC,3714,2-ACC,10-K,20230331,Y
918541,NNBR,NN INC,3540,2-ACC,10-Q,20230331,Y
918646,EXP,EAGLE MATERIALS INC,3241,1-LAF,10-K,20230331,Y
918965,SCSC,"SCANSOURCE, INC.",5045,1-LAF,10-Q,20230331,Y
919012,AEO,AMERICAN EAGLE OUTFITTERS INC,5651,1-LAF,10-Q,20230430,Y
919864,FNWD,FINWARD BANCORP,6035,4-NON,10-Q,20230331,Y
920112,,HEARTLAND FINANCIAL USA INC,6022,1-LAF,10-Q,20230331,N
920148,LH,LABORATORY CORP OF AMERICA HOLDINGS,8071,1-LAF,10-Q,20230331,Y
920371,SSD,"SIMPSON MANUFACTURING CO., INC.",3420,1-LAF,10-Q,20230331,Y
920427,UNTY,UNITY BANCORP INC /NJ/,6022,2-ACC,10-Q,20230331,Y
920522,ESS,"ESSEX PROPERTY TRUST, INC.",6798,1-LAF,10-Q,20230331,Y
920760,LEN,LENNAR CORP /NEW/,1520,1-LAF,10-Q,20230228,Y
920990,,METRO ONE TELECOMMUNICATIONS INC,4899,4-NON,10-K,20221231,N
921082,HIW,"HIGHWOODS PROPERTIES, INC.",6798,1-LAF,10-Q,20230331,Y
921114,ARMP,"ARMATA PHARMACEUTICALS, INC.",2836,4-NON,10-Q,20230331,Y
921183,,HMN FINANCIAL INC,6035,4-NON,10-Q,20230331,N
921299,KYNB,FIBROGEN INC,2834,1-LAF,10-Q,20230331,Y
921557,RBCAA,REPUBLIC BANCORP INC /KY/,6022,2-ACC,10-Q,20230331,Y
921582,IMAX,IMAX CORP,3861,1-LAF,10-Q,20230331,Y
921638,SSRM,SSR MINING INC.,6795,1-LAF,10-Q,20230331,Y
921738,PENN,"PENN ENTERTAINMENT, INC.",7011,1-LAF,10-Q,20230331,Y
921825,FR,FIRST INDUSTRIAL REALTY TRUST INC,6798,1-LAF,10-Q,20230331,Y
922224,PPL,PPL CORP,4911,1-LAF,10-Q,20230331,Y
922247,,"CYCLO THERAPEUTICS, INC.",2836,4-NON,10-Q,20230331,N
922358,FGPR,FERRELLGAS PARTNERS L P,5900,4-NON,10-Q,20230430,Y
922521,,FALCONSTOR SOFTWARE INC,7372,4-NON,10-Q,20230331,N
922621,ERIE,ERIE INDEMNITY CO,6411,1-LAF,10-Q,20230331,Y
922864,AIV,APARTMENT INVESTMENT & MANAGEMENT CO,6798,1-LAF,10-Q,20230331,Y
923120,GBX,GREENBRIER COMPANIES INC,3743,1-LAF,10-Q,20230228,Y
923139,,FLUSHING FINANCIAL CORP,6022,2-ACC,10-Q,20230331,N
923571,,US XPRESS ENTERPRISES INC,4213,2-ACC,10-Q,20230331,N
923796,GEO,GEO GROUP INC,1520,1-LAF,10-Q,20230331,Y
924095,MVCO,"METAVESCO, INC.",6199,4-NON,10-Q,20230331,Y
924168,EFOI,"ENERGY FOCUS, INC/DE",3640,4-NON,10-Q,20230331,Y
924383,GNSS,GENASYS INC.,3651,4-NON,10-Q,20230331,Y
924396,CRSF,"OPENLOCKER HOLDINGS, INC.",6199,4-NON,10-Q,20230430,Y
924515,GTHP,GUIDED THERAPEUTICS INC,3845,4-NON,10-Q,20230331,Y
924717,,SURMODICS INC,3841,1-LAF,10-Q,20230331,N
924719,SMID,SMITH MIDLAND CORP,3272,4-NON,10-K,20221231,Y
924822,MLR,MILLER INDUSTRIES INC /TN/,3713,2-ACC,10-Q,20230331,Y
924901,,"VERIS RESIDENTIAL, INC.",6798,1-LAF,10-Q,20230331,N
925261,AKO-A,ANDINA BOTTLING CO INC,2086,1-LAF,20-F,20221231,Y
925528,HDSN,HUDSON TECHNOLOGIES INC /NY,5080,2-ACC,10-Q,20230331,Y
925660,,FLEXPOINT SENSOR SYSTEMS INC,3829,4-NON,10-K,20221231,N
925741,BCDA,"BIOCARDIA, INC.",2836,4-NON,10-Q,20230331,Y
926042,,TATA MOTORS LTD/FI,3711,1-LAF,20-F,20230331,N
926282,ADTN,"ADTRAN HOLDINGS, INC.",3661,1-LAF,10-Q,20230331,Y
926326,OMCL,"OMNICELL, INC.",3571,1-LAF,10-Q,20230331,Y
926423,MIND,"MIND TECHNOLOGY, INC",3812,4-NON,10-K,20230131,Y
926617,AWHL,ASPIRA WOMEN'S HEALTH INC.,2835,4-NON,10-Q,20230331,Y
926844,,FUSS BRANDS CORP.,2834,4-NON,10-Q,20230430,N
927003,AEIS,ADVANCED ENERGY INDUSTRIES INC,3679,1-LAF,10-Q,20230331,Y
927066,DVA,DAVITA INC.,8090,1-LAF,10-Q,20230331,Y
927355,,TESSCO TECHNOLOGIES INC,5065,4-NON,10-K,20230331,N
927628,COF,CAPITAL ONE FINANCIAL CORP,6021,1-LAF,10-Q,20230331,Y
927653,MCK,MCKESSON CORP,5122,1-LAF,10-K,20230331,Y
927761,,MYMETICS CORP,2836,4-NON,10-K,20221231,N
928022,,CALLON PETROLEUM CO,1311,1-LAF,10-Q,20230331,N
928054,FTK,FLOTEK INDUSTRIES INC/CN/,2890,4-NON,10-Q,20230331,Y
928340,CWCO,CONSOLIDATED WATER CO. LTD.,4941,4-NON,10-Q,20230331,Y
928465,DIT,AMCON DISTRIBUTING CO,5141,4-NON,10-Q,20230331,Y
928658,CVLG,"COVENANT LOGISTICS GROUP, INC.",4213,2-ACC,10-Q,20230331,Y
928876,TSEM,TOWER SEMICONDUCTOR LTD,3674,1-LAF,20-F,20221231,Y
929008,WCC,WESCO INTERNATIONAL INC,5063,1-LAF,10-Q,20230331,Y
929351,STRZ,LIONS GATE ENTERTAINMENT CORP /CN/,7812,1-LAF,10-K,20230331,Y
930157,RTO,RENTOKIL INITIAL PLC /FI,8741,4-NON,20-F,20221231,Y
930236,RWT,REDWOOD TRUST INC,6798,1-LAF,10-Q,20230331,Y
930245,AASP,GLOBAL ACQUISITIONS CORP,5900,4-NON,10-Q,20230331,Y
930420,KFRC,KFORCE INC,7363,1-LAF,10-Q,20230331,Y
930775,ECIA,ENCISION INC,3841,4-NON,10-K,20230331,Y
931015,PII,POLARIS INC.,3790,1-LAF,10-Q,20230331,Y
931059,,"RENNOVA HEALTH, INC.",8062,4-NON,10-K,20221231,N
931148,EAF,GRAFTECH INTERNATIONAL LTD,3620,1-LAF,10-Q,20230331,Y
931427,TGS,GAS TRANSPORTER OF THE SOUTH INC,4922,1-LAF,20-F,20221231,Y
931584,,UNIVERSAL STAINLESS & ALLOY PRODUCTS INC,3312,2-ACC,10-Q,20230331,N
931755,,AEI INCOME & GROWTH FUND XXI LTD PARTNERSHIP,6500,4-NON,10-Q,20230331,N
932021,GTLL,GLOBAL TECHNOLOGIES LTD,3663,4-NON,10-Q,20230331,Y
932695,CYD,CHINA YUCHAI INTERNATIONAL LTD,3510,2-ACC,20-F,20221231,Y
932696,NSIT,INSIGHT ENTERPRISES INC,5961,1-LAF,10-Q,20230331,Y
932781,FCCO,FIRST COMMUNITY CORP /SC/,6022,4-NON,10-Q,20230331,Y
932782,,MEXICAN PETROLEUM,1311,4-NON,20-F,20221231,N
933034,STRT,STRATTEC SECURITY CORP,3714,2-ACC,10-Q,20230331,Y
933036,UPBD,"UPBOUND GROUP, INC.",7359,1-LAF,10-Q,20230331,Y
933136,,MR. COOPER GROUP INC.,6199,1-LAF,10-Q,20230331,N
933738,,ENGLOBAL CORP,8711,4-NON,10-Q,20230331,N
933972,SCWO,374WATER INC.,3621,4-NON,10-Q,20230331,Y
933974,AZTA,"AZENTA, INC.",3559,1-LAF,10-Q,20230331,Y
934549,ACTG,ACACIA RESEARCH CORP,6794,4-NON,10-Q,20230331,Y
934612,,"BURLINGTON NORTHERN SANTA FE, LLC",4011,4-NON,10-Q,20230331,N
934796,,NETWORK CN INC,7310,4-NON,10-K,20221231,N
935036,ACIW,"ACI WORLDWIDE, INC.",7372,1-LAF,10-Q,20230331,Y
935419,RICK,"RCI HOSPITALITY HOLDINGS, INC.",5812,2-ACC,10-Q,20230331,Y
935494,,NATIONAL INSTRUMENTS CORP,7372,1-LAF,10-Q,20230331,N
935703,DLTR,"DOLLAR TREE, INC.",5331,1-LAF,10-Q,20230430,Y
936340,DTE,DTE ENERGY CO,4911,1-LAF,10-Q,20230331,Y
936395,CIEN,CIENA CORP,3661,1-LAF,10-Q,20230430,Y
936468,LMT,LOCKHEED MARTIN CORP,3760,1-LAF,10-Q,20230331,Y
936528,WAFD,WASHINGTON FEDERAL INC,6021,1-LAF,10-Q,20230331,Y
937098,TNET,"TRINET GROUP, INC.",7389,1-LAF,10-Q,20230331,Y
937556,,MASIMO CORP,3845,1-LAF,10-Q,20230331,N
937834,,METROPOLITAN LIFE INSURANCE CO,6311,4-NON,10-Q,20230331,N
939767,EXEL,"EXELIXIS, INC.",2836,1-LAF,10-Q,20230331,Y
939930,PYYX,"PYXUS INTERNATIONAL, INC.",5150,4-NON,10-K,20230331,Y
940942,HUBG,"HUB GROUP, INC.",4731,1-LAF,10-Q,20230331,Y
940944,DRI,DARDEN RESTAURANTS INC,5812,1-LAF,10-Q,20230228,Y
942126,TAIT,TAITRON COMPONENTS INC,5065,4-NON,10-Q,20230331,Y
943452,WAB,WESTINGHOUSE AIR BRAKE TECHNOLOGIES CORP,3743,1-LAF,10-Q,20230331,Y
943535,WHEN,"WORLD HEALTH ENERGY HOLDINGS, INC.",7372,4-NON,10-K,20221231,Y
943819,RMD,RESMED INC,3841,1-LAF,10-Q,20230331,Y
944075,SCKT,"SOCKET MOBILE, INC.",3571,4-NON,10-Q,20230331,Y
944130,,"MINISTRY PARTNERS INVESTMENT COMPANY, LLC",6199,4-NON,10-Q,20230331,N
944148,CBZ,"CBIZ, INC.",7389,1-LAF,10-Q,20230331,Y
944314,,"LIFE STORAGE, INC.",6798,1-LAF,10-Q,20230331,N
944480,,GSE SYSTEMS INC,7372,4-NON,10-K,20221231,N
944695,THG,"HANOVER INSURANCE GROUP, INC.",6331,1-LAF,10-Q,20230331,Y
944745,CIVB,"CIVISTA BANCSHARES, INC.",6022,2-ACC,10-Q,20230331,Y
944809,OPK,"OPKO HEALTH, INC.",2834,1-LAF,10-Q,20230331,Y
945114,GIC,GLOBAL INDUSTRIAL CO,5084,2-ACC,10-Q,20230331,Y
945394,SVC,SERVICE PROPERTIES TRUST,6798,1-LAF,10-Q,20230331,Y
945617,,"AMERICAN CANNABIS COMPANY, INC.",4833,4-NON,10-K,20221231,N
945764,,DENBURY INC,1311,1-LAF,10-Q,20230331,N
945841,POOL,POOL CORP,5090,1-LAF,10-Q,20230331,Y
945983,CLMB,"CLIMB GLOBAL SOLUTIONS, INC.",5045,2-ACC,10-Q,20230331,Y
946155,,TIAA REAL ESTATE ACCOUNT,6500,4-NON,10-Q,20230331,N
946394,ELLO,ELLOMAY CAPITAL LTD.,4911,2-ACC,20-F,20221231,Y
946454,,FG GROUP HOLDINGS INC.,3861,4-NON,10-Q,20230331,N
946486,WINT,WINDTREE THERAPEUTICS INC /DE/,2836,4-NON,10-Q,20230331,Y
946563,RVP,RETRACTABLE TECHNOLOGIES INC,3841,4-NON,10-Q,20230331,Y
946581,TTWO,TAKE TWO INTERACTIVE SOFTWARE INC,7372,1-LAF,10-K,20230331,Y
946644,AIM,AIM IMMUNOTECH INC.,2836,4-NON,10-Q,20230331,Y
946647,,PREMIER FINANCIAL CORP,6022,1-LAF,10-Q,20230331,N
946673,BANR,BANNER CORP,6022,1-LAF,10-Q,20230331,Y
947484,ACGL,ARCH CAPITAL GROUP LTD.,6331,1-LAF,10-Q,20230331,Y
947559,,FIRST BANCSHARES INC /MS/,6021,2-ACC,10-Q,20230331,N
948320,LFMD,"LIFEMD, INC.",8011,4-NON,10-Q,20230331,Y
948708,SMSI,"SMITH MICRO SOFTWARE, INC.",7372,4-NON,10-Q,20230331,Y
949039,,"DIAMOND OFFSHORE DRILLING, INC.",1381,2-ACC,10-Q,20230331,N
949157,CENX,CENTURY ALUMINUM CO,3334,2-ACC,10-Q,20230331,Y
949858,ACHV,"ACHIEVE LIFE SCIENCES, INC.",2835,4-NON,10-Q,20230331,Y
949870,SAM,BOSTON BEER CO INC,2082,1-LAF,10-Q,20230331,Y
949961,IOR,INCOME OPPORTUNITY REALTY INVESTORS INC /TX/,6798,4-NON,10-Q,20230331,Y
1000045,OMCC,NICHOLAS FINANCIAL INC,6153,4-NON,10-K,20230331,Y
1000177,NAT,NORDIC AMERICAN TANKERS LTD,4400,2-ACC,20-F,20221231,Y
1000209,MFIN,MEDALLION FINANCIAL CORP,6199,2-ACC,10-Q,20230331,Y
1000228,HSIC,HENRY SCHEIN INC,5047,1-LAF,10-Q,20230331,Y
1000229,,CORE LABORATORIES N V,1389,1-LAF,10-Q,20230331,N
1000230,OCC,OPTICAL CABLE CORP,3357,4-NON,10-Q,20230430,Y
1000623,MATV,"MATIV HOLDINGS, INC.",2621,1-LAF,10-Q,20230331,Y
1000683,,BLONDER TONGUE LABORATORIES INC,3663,4-NON,10-K,20221231,N
1000694,NVAX,NOVAVAX INC,2836,1-LAF,10-Q,20230331,Y
1000697,WAT,WATERS CORP /DE/,3826,1-LAF,10-Q,20230331,Y
1000753,NSP,"INSPERITY, INC.",7363,1-LAF,10-Q,20230331,Y
1001082,,DISH NETWORK CORP,4841,1-LAF,10-Q,20230331,N
1001115,GEOS,GEOSPACE TECHNOLOGIES CORP,3829,4-NON,10-Q,20230331,Y
1001171,BYFC,BROADWAY FINANCIAL CORP DE,6035,4-NON,10-K,20221231,Y
1001233,SGMOQ,"SANGAMO THERAPEUTICS, INC",2836,1-LAF,10-Q,20230331,Y
1001250,EL,ESTEE LAUDER COMPANIES INC,2844,1-LAF,10-Q,20230331,Y
1001290,BAP,CREDICORP LTD,6029,1-LAF,20-F,20221231,Y
1001316,TGTX,"TG THERAPEUTICS, INC.",2834,1-LAF,10-Q,20230331,Y
1001385,NWPX,NORTHWEST PIPE CO,3317,2-ACC,10-Q,20230331,Y
1001601,MGTI,"MGT CAPITAL INVESTMENTS, INC.",6199,4-NON,10-Q,20230331,Y
1001614,REPX,"RILEY EXPLORATION PERMIAN, INC.",1311,2-ACC,10-Q,20230331,Y
1001807,TLK,PERUSAHAAN PERSEROAN PERSERO PT TELEKOMUNIKASI INDONESIA TBK,4813,1-LAF,20-F,20221231,Y
1001838,SCCO,SOUTHERN COPPER CORP/,1000,1-LAF,10-Q,20230331,Y
1001902,,INTEVAC INC,3559,4-NON,10-Q,20230331,N
1001907,ASTC,ASTROTECH CORP,3826,4-NON,10-Q,20230331,Y
1002047,NTAP,"NETAPP, INC.",3572,1-LAF,10-K,20230430,Y
1002242,E,ENI SPA,1311,1-LAF,20-F,20221231,Y
1002590,SGU,"STAR GROUP, L.P.",5990,2-ACC,10-Q,20230331,Y
1002638,OTEX,OPEN TEXT CORP,7373,1-LAF,10-Q,20230331,Y
1002910,AEE,AMEREN CORP,4931,1-LAF,10-Q,20230331,Y
1003078,MSM,MSC INDUSTRIAL DIRECT CO INC,5084,1-LAF,10-Q,20230228,Y
1003815,,BCTC IV ASSIGNOR CORP,6513,4-NON,10-Q,20230331,N
1004156,,ARAUCO & CONSTITUTION PULP INC,2611,4-NON,20-F,20221231,N
1004315,NGG,NATIONAL GRID PLC,4922,1-LAF,20-F,20230331,Y
1004434,AMG,"AFFILIATED MANAGERS GROUP, INC.",6282,1-LAF,10-Q,20230331,Y
1004702,OCFC,OCEANFIRST FINANCIAL CORP,6035,1-LAF,10-Q,20230331,Y
1004724,RHEP,"REGIONAL HEALTH PROPERTIES, INC",6519,4-NON,10-K,20221231,Y
1004980,PCG,PG&E CORP,4931,1-LAF,10-Q,20230331,Y
1004989,SGRP,"SPAR GROUP, INC.",7389,4-NON,10-K,20221231,Y
1005101,MGLD,"MARYGOLD COMPANIES, INC.",6199,4-NON,10-Q,20230331,Y
1005210,SPH,SUBURBAN PROPANE PARTNERS LP,5900,1-LAF,10-Q,20230331,Y
1005229,CMCO,COLUMBUS MCKINNON CORP,3531,1-LAF,10-K,20230331,Y
1005284,OLED,UNIVERSAL DISPLAY CORP PA,3670,1-LAF,10-Q,20230331,Y
1005286,LFCR,"LIFECORE BIOMEDICAL, INC. DE",2834,2-ACC,10-Q,20230228,Y
1005731,IDT,IDT CORP,4813,2-ACC,10-Q,20230430,Y
1005757,,CSG SYSTEMS INTERNATIONAL INC,7374,1-LAF,10-Q,20230331,N
1005817,TMP,TOMPKINS FINANCIAL CORP,6022,1-LAF,10-Q,20230331,Y
1006028,PURE,"PURE BIOSCIENCE, INC.",2890,4-NON,10-Q,20230430,Y
1006045,IRIX,IRIDEX CORP,3845,4-NON,10-Q,20230331,Y
1006281,PLX,"PROTALIX BIOTHERAPEUTICS, INC.",2836,4-NON,10-Q,20230331,Y
1006655,EPM,EVOLUTION PETROLEUM CORP,1311,4-NON,10-Q,20230331,Y
1006830,CBKM,CONSUMERS BANCORP INC /OH/,6021,4-NON,10-Q,20230331,Y
1006837,VATE,INNOVATE CORP.,3440,2-ACC,10-Q,20230331,Y
1007019,JVA,COFFEE HOLDING CO INC,2090,4-NON,10-Q,20230131,Y
1007273,,BANK OF SOUTH CAROLINA CORP,6022,4-NON,10-Q,20230331,N
1007587,KVHI,KVH INDUSTRIES INC DE,3663,2-ACC,10-Q,20230331,Y
1008586,,STREAMLINE HEALTH SOLUTIONS INC.,7373,4-NON,10-K,20230131,N
1008653,,"ECOMAX, INC",7200,4-NON,10-Q,20230331,N
1008848,,"ACORDA THERAPEUTICS, INC.",2836,4-NON,10-Q,20230331,N
1009829,JAKK,JAKKS PACIFIC INC,3944,4-NON,10-K,20221231,Y
1009891,AIRI,AIR INDUSTRIES GROUP,3728,4-NON,10-K,20221231,Y
1009922,NSFDF,NXT ENERGY SOLUTIONS INC.,1382,4-NON,20-F,20221231,Y
1010086,SIGA,SIGA TECHNOLOGIES INC,2834,2-ACC,10-Q,20230331,Y
1010134,ICTSF,ICTS INTERNATIONAL N V,7389,4-NON,20-F,20221231,Y
1010470,PROV,PROVIDENT FINANCIAL HOLDINGS INC,6035,4-NON,10-Q,20230331,Y
1011509,AUMN,GOLDEN MINERALS CO,1040,4-NON,10-Q,20230331,Y
1011662,,GLOBAL DIGITAL SOLUTIONS INC,2844,4-NON,10-K,20221231,N
1012019,RUSHA,RUSH ENTERPRISES INC TX,5500,1-LAF,10-Q,20230331,Y
1012100,,SEALED AIR CORP/DE,2820,1-LAF,10-Q,20230331,N
1012477,,AVADEL PHARMACEUTICALS PLC,2834,4-NON,10-Q,20230331,N
1013131,BVN,BUENAVENTURA MINING CO INC,1000,1-LAF,20-F,20221231,Y
1013237,FDS,FACTSET RESEARCH SYSTEMS INC,7370,1-LAF,10-Q,20230228,Y
1013272,NWFL,NORWOOD FINANCIAL CORP,6022,4-NON,10-Q,20230331,Y
1013462,,ANSYS INC,7372,1-LAF,10-Q,20230331,N
1013488,BJRI,BJS RESTAURANTS INC,5812,2-ACC,10-Q,20230331,Y
1013706,,"WILHELMINA INTERNATIONAL, INC.",8742,4-NON,10-Q,20230331,N
1013857,PEGA,PEGASYSTEMS INC,7374,1-LAF,10-Q,20230331,Y
1013871,NRG,"NRG ENERGY, INC.",4911,1-LAF,10-Q,20230331,Y
1013880,TTEC,"TTEC HOLDINGS, INC.",7363,1-LAF,10-Q,20230331,Y
1013934,STRA,"STRATEGIC EDUCATION, INC.",8200,1-LAF,10-Q,20230331,Y
1014052,DTGI,"DIGERATI TECHNOLOGIES, INC.",7374,4-NON,10-Q,20230430,Y
1014111,,"GLASSBRIDGE ENTERPRISES, INC.",6282,4-NON,10-K,20221231,N
1014473,VRSN,VERISIGN INC/CA,7371,1-LAF,10-Q,20230331,Y
1014739,OPCH,"OPTION CARE HEALTH, INC.",8082,1-LAF,10-Q,20230331,Y
1014763,AIMD,"AINOS, INC.",2834,4-NON,10-K,20221231,Y
1015155,,CHARLES & COLVARD LTD,3910,4-NON,10-Q,20230331,N
1015328,WTFC,WINTRUST FINANCIAL CORP,6022,1-LAF,10-Q,20230331,Y
1015383,POWW,"AMMO, INC.",3480,2-ACC,10-K,20230331,Y
1015647,AAUAF,ALMADEN MINERALS LTD,1000,4-NON,20-F,20221231,Y
1015650,SKM,SK TELECOM CO LTD,4812,1-LAF,20-F,20221231,Y
1015739,AWRE,AWARE INC /MA/,7372,4-NON,10-Q,20230331,Y
1015922,CHKP,CHECK POINT SOFTWARE TECHNOLOGIES LTD,7372,1-LAF,20-F,20221231,Y
1016178,CARV,CARVER BANCORP INC,6035,4-NON,10-K,20230331,Y
1016281,CSV,CARRIAGE SERVICES INC,7200,2-ACC,10-Q,20230331,Y
1016504,INBP,INTEGRATED BIOPHARMA INC,2834,4-NON,10-Q,20230331,Y
1017303,TACT,TRANSACT TECHNOLOGIES INC,3577,4-NON,10-Q,20230331,Y
1017480,,HIBBETT INC,5940,2-ACC,10-Q,20230430,N
1017491,,"SEELOS THERAPEUTICS, INC.",2834,4-NON,10-Q,20230331,N
1017655,PAYD,PAID INC,7389,4-NON,10-Q,20230331,Y
1018164,WLFC,WILLIS LEASE FINANCE CORP,5080,2-ACC,10-Q,20230331,Y
1018399,,ENTERPRISE BANCORP INC /MA/,6022,2-ACC,10-Q,20230331,N
1018724,AMZN,AMAZON COM INC,5961,1-LAF,10-Q,20230331,Y
1018735,NYMXF,NYMOX PHARMACEUTICAL CORP,2835,4-NON,20-F,20221231,Y
1018840,ANF,ABERCROMBIE & FITCH CO /DE/,5651,1-LAF,10-Q,20230430,Y
1018963,ATI,ATI INC,3317,1-LAF,10-Q,20230331,Y
1018979,AMSF,AMERISAFE INC,6331,1-LAF,10-Q,20230331,Y
1019034,BKYI,BIO KEY INTERNATIONAL INC,7372,4-NON,10-K,20221231,Y
1019671,,SEACHANGE INTERNATIONAL INC,7372,4-NON,10-K,20230131,N
1019849,PAG,"PENSKE AUTOMOTIVE GROUP, INC.",5500,1-LAF,10-Q,20230331,Y
1020214,CERS,CERUS CORP,3841,1-LAF,10-Q,20230331,Y
1020569,IRM,IRON MOUNTAIN INC,6798,1-LAF,10-Q,20230331,Y
1020710,DXPE,DXP ENTERPRISES INC,5084,2-ACC,10-K,20221231,Y
1020859,UNFI,UNITED NATURAL FOODS INC,5141,1-LAF,10-Q,20230430,Y
1021096,,"TROIKA MEDIA GROUP, INC.",4841,4-NON,10-Q,20230331,N
1021162,,TRIUMPH GROUP INC,3720,1-LAF,10-K,20230331,N
1021435,,HOPTO INC.,7372,4-NON,10-K,20221231,N
1021561,NUS,"NU SKIN ENTERPRISES, INC.",5122,1-LAF,10-Q,20230331,Y
1021635,OGE,OGE ENERGY CORP.,4911,1-LAF,10-Q,20230331,Y
1021860,NOV,NOV INC.,3533,1-LAF,10-Q,20230331,Y
1021917,AWCA,"AWAYSIS CAPITAL, INC.",6512,4-NON,10-Q,20230331,Y
1022079,DGX,QUEST DIAGNOSTICS INC,8071,1-LAF,10-Q,20230331,Y
1022321,GEL,GENESIS ENERGY LP,4610,1-LAF,10-Q,20230331,Y
1022408,PLUS,EPLUS INC,5045,1-LAF,10-K,20230331,Y
1022505,SDCH,"SIDECHANNEL, INC.",7374,4-NON,10-Q,20230331,Y
1022652,INSG,INSEEGO CORP.,3669,2-ACC,10-Q,20230331,Y
1022671,STLD,STEEL DYNAMICS INC,3312,1-LAF,10-Q,20230331,Y
1022837,SMFG,"SUMITOMO MITSUI FINANCIAL GROUP, INC.",6029,1-LAF,20-F,20230331,Y
1022899,PTIX,"PROTAGENIC THERAPEUTICS, INC.NEW",2834,4-NON,10-Q,20230331,Y
1023024,ANIP,ANI PHARMACEUTICALS INC,2834,2-ACC,10-Q,20230331,Y
1023128,LAD,LITHIA MOTORS INC,5500,1-LAF,10-Q,20230331,Y
1023313,FORR,"FORRESTER RESEARCH, INC.",8700,2-ACC,10-Q,20230331,Y
1023458,XAEIU,AEI INCOME & GROWTH FUND XXII LTD PARTNERSHIP,6500,4-NON,10-Q,20230331,Y
1023459,SLP,"SIMULATIONS PLUS, INC.",7373,1-LAF,10-Q,20230228,Y
1023731,EGHT,8X8 INC /DE/,7374,2-ACC,10-K,20230331,Y
1023994,OLOX,SAFE & GREEN HOLDINGS CORP.,5030,4-NON,10-Q,20230331,Y
1024305,COTY,COTY INC.,2844,1-LAF,10-Q,20230331,Y
1024478,ROK,"ROCKWELL AUTOMATION, INC",3829,1-LAF,10-Q,20230331,Y
1024795,HLIO,"HELIOS TECHNOLOGIES, INC.",3490,1-LAF,10-Q,20230331,Y
1025378,WPC,W. P. CAREY INC.,6798,1-LAF,10-Q,20230331,Y
1025561,,SHARPLINK GAMING LTD.,7372,4-NON,10-Q,20230331,N
1025771,WHLT,CHASE PACKAGING CORP,0700,4-NON,10-Q,20230331,Y
1025835,EFSC,ENTERPRISE FINANCIAL SERVICES CORP,6022,1-LAF,10-Q,20230331,Y
1025996,KRC,KILROY REALTY CORP,6798,1-LAF,10-Q,20230331,Y
1026214,FMCC,FEDERAL HOME LOAN MORTGAGE CORP,6111,2-ACC,10-Q,20230331,Y
1026655,CMT,CORE MOLDING TECHNOLOGIES INC,3089,4-NON,10-Q,20230331,Y
1026662,CLWT,EURO TECH HOLDINGS CO LTD,5040,4-NON,20-F,20221231,Y
1026980,APWC,ASIA PACIFIC WIRE & CABLE CORP LTD,3357,4-NON,20-F,20221231,Y
1027664,ESLT,ELBIT SYSTEMS LTD,3728,1-LAF,20-F,20221231,Y
1027838,TCMD,TACTILE SYSTEMS TECHNOLOGY INC,3841,2-ACC,10-Q,20230331,Y
1028918,,PACIFIC PREMIER BANCORP INC,6022,1-LAF,10-Q,20230331,N
1029125,,"PANBELA THERAPEUTICS, INC.",2834,4-NON,10-Q,20230331,N
1029142,,DYNAVAX TECHNOLOGIES CORP,2834,1-LAF,10-Q,20230331,N
1029199,EEFT,"EURONET WORLDWIDE, INC.",6099,1-LAF,10-Q,20230331,Y
1029744,,SONIC FOUNDRY INC,3663,4-NON,10-Q,20230331,N
1029800,,URSTADT BIDDLE PROPERTIES INC,6798,2-ACC,10-Q,20230430,N
1030192,IDR,"IDAHO STRATEGIC RESOURCES, INC.",1040,4-NON,10-Q,20230331,Y
1030469,OFG,OFG BANCORP,6022,1-LAF,10-Q,20230331,Y
1030471,UTSI,UTSTARCOM HOLDINGS CORP.,3669,4-NON,20-F,20221231,Y
1031029,,"STARTEK, INC.",7363,4-NON,10-Q,20230331,N
1031093,SVBL,"SILVER BULL RESOURCES, INC.",1000,4-NON,10-Q,20230430,Y
1031203,GPI,GROUP 1 AUTOMOTIVE INC,5500,1-LAF,10-Q,20230331,Y
1031235,SELF,"GLOBAL SELF STORAGE, INC.",6798,4-NON,10-Q,20230331,Y
1031296,FE,FIRSTENERGY CORP,4911,1-LAF,10-Q,20230331,Y
1031308,BSY,BENTLEY SYSTEMS INC,7372,1-LAF,10-Q,20230331,Y
1031316,FSP,FRANKLIN STREET PROPERTIES CORP /MA/,6798,2-ACC,10-Q,20230331,Y
1031623,,GULF ISLAND FABRICATION INC,3440,4-NON,10-Q,20230331,N
1032033,SLM,SLM CORP,6141,1-LAF,10-Q,20230331,Y
1032208,SRE,SEMPRA ENERGY,4932,1-LAF,10-Q,20230331,Y
1032220,MMS,"MAXIMUS, INC.",7389,1-LAF,10-Q,20230331,Y
1032975,LOGI,LOGITECH INTERNATIONAL S.A.,3577,1-LAF,10-K,20230331,Y
1033767,UMC,UNITED MICROELECTRONICS CORP,3674,1-LAF,20-F,20221231,Y
1034054,SBAC,SBA COMMUNICATIONS CORP,6798,1-LAF,10-Q,20230331,Y
1034670,ALV,AUTOLIV INC,3714,1-LAF,10-Q,20230331,Y
1034760,WYY,WIDEPOINT CORP,7373,4-NON,10-Q,20230331,Y
1034842,RIGL,RIGEL PHARMACEUTICALS INC,2834,2-ACC,10-Q,20230331,Y
1035002,VLO,VALERO ENERGY CORP/TX,2911,1-LAF,10-Q,20230331,Y
1035092,SHBI,SHORE BANCSHARES INC,6021,4-NON,10-Q,20230331,Y
1035201,CWT,CALIFORNIA WATER SERVICE GROUP,4941,1-LAF,10-Q,20230331,Y
1035267,ISRG,INTUITIVE SURGICAL INC,3842,1-LAF,10-Q,20230331,Y
1035354,ELOX,"ELOXX PHARMACEUTICALS, INC.",2836,4-NON,10-Q,20230331,Y
1035443,ARE,"ALEXANDRIA REAL ESTATE EQUITIES, INC.",6798,1-LAF,10-Q,20230331,Y
1035976,,"FNCB BANCORP, INC.",6021,4-NON,10-Q,20230331,N
1035983,FIX,COMFORT SYSTEMS USA INC,1731,1-LAF,10-Q,20230331,Y
1036044,INVE,"IDENTIV, INC.",3577,2-ACC,10-Q,20230331,Y
1036262,INTT,INTEST CORP,3825,4-NON,10-Q,20230331,Y
1036848,,MEGA MATRIX CORP.,7359,4-NON,10-Q,20230331,N
1037038,RL,RALPH LAUREN CORP,2320,1-LAF,10-K,20230331,Y
1037390,,"INDUS REALTY TRUST, INC.",6500,4-NON,10-Q,20230331,N
1037540,BXP,BOSTON PROPERTIES INC,6798,1-LAF,10-Q,20230331,Y
1037646,MTD,METTLER TOLEDO INTERNATIONAL INC/,3826,1-LAF,10-Q,20230331,Y
1037676,,"ARCH RESOURCES, INC.",1221,1-LAF,10-Q,20230331,N
1037868,AME,AMETEK INC/,3823,1-LAF,10-Q,20230331,Y
1037976,JLL,JONES LANG LASALLE INC,6531,1-LAF,10-Q,20230331,Y
1038074,SLAB,SILICON LABORATORIES INC.,3674,1-LAF,10-Q,20230331,Y
1038133,,HESKA CORP,2835,1-LAF,10-Q,20230331,N
1038277,INIS,INTERNATIONAL ISOTOPES INC,3823,4-NON,10-K,20221231,Y
1038357,,PIONEER NATURAL RESOURCES CO,1311,1-LAF,10-Q,20230331,N
1038509,,PRUCO LIFE INSURANCE OF NEW JERSEY,6311,4-NON,10-Q,20230331,N
1038773,SMBK,SMARTFINANCIAL INC.,6021,2-ACC,10-Q,20230331,Y
1039065,OSIS,OSI SYSTEMS INC,3674,1-LAF,10-Q,20230331,Y
1039280,NTWK,NETSOL TECHNOLOGIES INC,7372,4-NON,10-Q,20230331,Y
1039399,FORM,FORMFACTOR INC,3674,1-LAF,10-Q,20230331,Y
1039466,,NOVACCESS GLOBAL INC.,2834,4-NON,10-Q,20230331,N
1039684,OKE,ONEOK INC /NEW/,4923,1-LAF,10-Q,20230331,Y
1039828,ANG-PD,AMERICAN EQUITY INVESTMENT LIFE HOLDING CO,6311,1-LAF,10-Q,20230331,Y
1040130,PETS,PETMED EXPRESS INC,5912,2-ACC,10-K,20230331,Y
1040161,PXLW,"PIXELWORKS, INC",3674,4-NON,10-Q,20230331,Y
1040470,AEHR,AEHR TEST SYSTEMS,3825,4-NON,10-Q,20230228,Y
1040829,RHP,"RYMAN HOSPITALITY PROPERTIES, INC.",6798,1-LAF,10-Q,20230331,Y
1040896,IDN,"INTELLICHECK, INC.",7372,4-NON,10-Q,20230331,Y
1040971,SLG,SL GREEN REALTY CORP,6798,1-LAF,10-Q,20230331,Y
1041024,RMTI,"ROCKWELL MEDICAL, INC.",2834,4-NON,10-Q,20230331,Y
1041061,YUM,YUM BRANDS INC,5812,1-LAF,10-Q,20230331,Y
1041368,RVSB,RIVERVIEW BANCORP INC,6035,4-NON,10-K,20230331,Y
1041514,LSAK,LESAKA TECHNOLOGIES INC,6099,2-ACC,10-Q,20230331,Y
1041657,UONE,"URBAN ONE, INC.",4832,2-ACC,10-K,20221231,Y
1041668,CHKIF,CHINA SOUTHERN AIRLINES CO LTD,4512,1-LAF,20-F,20221231,Y
1041792,ELPC,ENERGY CO OF PARANA,4911,1-LAF,20-F,20221231,Y
1041803,PSMT,PRICESMART INC,5331,1-LAF,10-Q,20230228,Y
1041859,PLCE,"CHILDRENS PLACE, INC.",5651,2-ACC,10-Q,20230430,Y
1041934,FOCL,EDAP TMS SA,3845,2-ACC,20-F,20221231,Y
1042046,AFG,AMERICAN FINANCIAL GROUP INC,6331,1-LAF,10-Q,20230331,Y
1042074,,"CYMABAY THERAPEUTICS, INC.",2834,4-NON,10-Q,20230331,N
1042187,YHGJ,YUNHONG CTI LTD.,3060,4-NON,10-K,20221231,Y
1042418,INTI,"INHIBITOR THERAPEUTICS, INC.",2834,4-NON,10-Q,20230331,Y
1042642,,DISH DBS CORP,4899,4-NON,10-Q,20230331,N
1042729,MBWM,MERCANTILE BANK CORP,6022,2-ACC,10-Q,20230331,Y
1042776,PDM,"PIEDMONT OFFICE REALTY TRUST, INC.",6512,1-LAF,10-Q,20230331,Y
1042893,INVX,DRIL-QUIP INC,3533,1-LAF,10-Q,20230331,Y
1043000,SNDA,"SONIDA SENIOR LIVING, INC.",8050,4-NON,10-Q,20230331,Y
1043150,EEGI,"ELINE ENTERTAINMENT GROUP, INC.",1520,4-NON,10-Q,20230331,Y
1043186,SLNG,"STABILIS SOLUTIONS, INC.",4924,4-NON,10-Q,20230331,Y
1043219,NLY,ANNALY CAPITAL MANAGEMENT INC,6798,1-LAF,10-Q,20230331,Y
1043277,CHRW,"C. H. ROBINSON WORLDWIDE, INC.",4731,1-LAF,10-Q,20230331,Y
1043337,SRI,STONERIDGE INC,3714,2-ACC,10-Q,20230331,Y
1043509,SAH,SONIC AUTOMOTIVE INC,5500,1-LAF,10-Q,20230331,Y
1043604,,JUNIPER NETWORKS INC,3576,1-LAF,10-Q,20230331,N
1043894,,WOLF ENERGY SERVICES INC.,3559,4-NON,10-K,20230331,N
1043951,,CAMPBELL FUND TRUST,6221,4-NON,10-Q,20230331,N
1043961,PRPO,"PRECIPIO, INC.",3826,4-NON,10-Q,20230331,Y
1044378,,BIOCEPT INC,8071,4-NON,10-K,20221231,N
1044777,OSPN,ONESPAN INC.,7373,2-ACC,10-Q,20230331,Y
1045450,EPR,EPR PROPERTIES,6798,1-LAF,10-Q,20230331,Y
1045609,PLD,"PROLOGIS, INC.",6798,1-LAF,10-Q,20230331,Y
1045742,LIVE,LIVE VENTURES INC,5900,4-NON,10-Q,20230331,Y
1045810,NVDA,NVIDIA CORP,3674,1-LAF,10-Q,20230430,Y
1045942,TRCK,"TRACK GROUP, INC.",3669,4-NON,10-Q,20230331,Y
1045986,FORTY,FORMULA SYSTEMS (1985) LTD,7371,1-LAF,20-F,20221231,Y
1046025,HFWA,HERITAGE FINANCIAL CORP /WA/,6036,1-LAF,10-Q,20230331,Y
1046050,TSBK,TIMBERLAND BANCORP INC,6036,4-NON,10-Q,20230331,Y
1046102,RBA,RITCHIE BROS AUCTIONEERS INC,7389,1-LAF,10-Q,20230331,Y
1046179,TSM,TAIWAN SEMICONDUCTOR MANUFACTURING CO LTD,3674,1-LAF,20-F,20221231,Y
1046257,INGR,INGREDION INC,2040,1-LAF,10-Q,20230331,Y
1046311,CHH,CHOICE HOTELS INTERNATIONAL INC /DE,7011,1-LAF,10-Q,20230331,Y
1046568,PRDO,PERDOCEO EDUCATION CORP,8200,1-LAF,10-Q,20230331,Y
1046995,,EMAGIN CORP,3674,4-NON,10-Q,20230331,N
1047127,AMKR,"AMKOR TECHNOLOGY, INC.",3674,1-LAF,10-Q,20230331,Y
1047335,NHC,NATIONAL HEALTHCARE CORP,8051,1-LAF,10-Q,20230331,Y
1047340,DMC,FRESH DEL MONTE PRODUCE INC,0100,1-LAF,10-Q,20230331,Y
1047862,ED,CONSOLIDATED EDISON INC,4931,1-LAF,10-Q,20230331,Y
1048268,IESC,"IES HOLDINGS, INC.",1731,2-ACC,10-Q,20230331,Y
1048286,MAR,MARRIOTT INTERNATIONAL INC /MD/,7011,1-LAF,10-Q,20230331,Y
1048477,BMRN,BIOMARIN PHARMACEUTICAL INC,2834,1-LAF,10-Q,20230331,Y
1048695,FFIV,"F5, INC.",3576,1-LAF,10-Q,20230331,Y
1049011,,KID CASTLE EDUCATIONAL CORP,5040,4-NON,10-K,20221231,N
1049502,MKSI,MKS INSTRUMENTS INC,3823,1-LAF,10-Q,20230331,Y
1049521,MRCY,MERCURY SYSTEMS INC,3670,1-LAF,10-Q,20230331,Y
1049606,CIX,COMPX INTERNATIONAL INC,3420,4-NON,10-Q,20230331,Y
1049659,SID,NATIONAL STEEL CO,3310,1-LAF,20-F,20221231,Y
1049782,,BROOKLINE BANCORP INC,6035,1-LAF,10-Q,20230331,N
1050377,CNXN,PC CONNECTION INC,5961,2-ACC,10-Q,20230331,Y
1050441,EGBN,EAGLE BANCORP INC,6022,1-LAF,10-Q,20230331,Y
1050446,MSTR,MICROSTRATEGY INC,7372,1-LAF,10-Q,20230331,Y
1050606,SALM,"SALEM MEDIA GROUP, INC. /DE/",4832,4-NON,10-Q,20230331,Y
1050743,PGC,PEAPACK GLADSTONE FINANCIAL CORP,6029,2-ACC,10-Q,20230331,Y
1050797,COLM,COLUMBIA SPORTSWEAR CO,2300,1-LAF,10-Q,20230331,Y
1050825,,STEELCASE INC,2522,1-LAF,10-K,20230228,N
1050915,PWR,"QUANTA SERVICES, INC.",1731,1-LAF,10-Q,20230331,Y
1051343,,COMMUNITY WEST BANCSHARES /,6022,4-NON,10-Q,20230331,N
1051470,CCI,CROWN CASTLE INC.,6798,1-LAF,10-Q,20230331,Y
1051512,TDS,TELEPHONE & DATA SYSTEMS INC /DE/,4813,1-LAF,10-Q,20230331,Y
1051514,,"STRATA SKIN SCIENCES, INC.",3841,4-NON,10-Q,20230331,N
1051627,AXTI,AXT INC,3674,2-ACC,10-Q,20230331,Y
1052354,MADL,MAN AHL DIVERSIFIED I LP,6221,4-NON,10-Q,20230331,Y
1052752,GTY,GETTY REALTY CORP /MD/,6500,1-LAF,10-Q,20230331,Y
1053352,,HERITAGE COMMERCE CORP,6022,2-ACC,10-Q,20230331,N
1053369,ELTP,ELITE PHARMACEUTICALS INC /NV/,2834,4-NON,10-K,20230331,Y
1053507,AMT,AMERICAN TOWER CORP /MA/,6798,1-LAF,10-Q,20230331,Y
1053584,,MACATAWA BANK CORP,6022,4-NON,10-Q,20230331,N
1053691,CRVO,DIFFUSION PHARMACEUTICALS INC.,2834,4-NON,10-Q,20230331,Y
1053706,CRAI,"CRA INTERNATIONAL, INC.",8111,2-ACC,10-Q,20230331,Y
1054102,IDXG,"INTERPACE BIOSCIENCES, INC.",3841,4-NON,10-Q,20230331,Y
1054721,,BSQUARE CORP /WA,7389,4-NON,10-Q,20230331,N
1054905,IOSP,INNOSPEC INC.,2800,1-LAF,10-Q,20230331,Y
1055160,MFA,"MFA FINANCIAL, INC.",6798,1-LAF,10-Q,20230331,Y
1055726,INO,"INOVIO PHARMACEUTICALS, INC.",3841,4-NON,10-Q,20230331,Y
1056285,,"KIRKLAND'S, INC",5990,4-NON,10-K,20230131,N
1056288,FHI,"FEDERATED HERMES, INC.",6282,1-LAF,10-Q,20230331,Y
1056358,MTEX,MANNATECH INC,2833,4-NON,10-Q,20230331,Y
1056696,MANH,MANHATTAN ASSOCIATES INC,7372,1-LAF,10-Q,20230331,Y
1056903,AWR,AMERICAN STATES WATER CO,4941,1-LAF,10-Q,20230331,Y
1056943,PFIS,PEOPLES FINANCIAL SERVICES CORP.,6021,2-ACC,10-Q,20230331,Y
1057060,HZO,MARINEMAX INC,5531,2-ACC,10-Q,20230331,Y
1057083,,PC TEL INC,3663,2-ACC,10-Q,20230331,N
1057352,CSGP,"COSTAR GROUP, INC.",7389,1-LAF,10-Q,20230331,Y
1057379,HCKT,"HACKETT GROUP, INC.",8742,2-ACC,10-Q,20230331,Y
1057706,FBP,FIRST BANCORP /PR/,6022,1-LAF,10-Q,20230331,Y
1057877,IDA,IDACORP INC,4911,1-LAF,10-Q,20230331,Y
1058090,CMG,CHIPOTLE MEXICAN GRILL INC,5812,1-LAF,10-Q,20230331,Y
1058290,CTSH,COGNIZANT TECHNOLOGY SOLUTIONS CORP,7371,1-LAF,10-Q,20230331,Y
1058307,NXPL,NEXTPLAT CORP,4813,4-NON,10-Q,20230331,Y
1058623,CMLS,CUMULUS MEDIA INC,4832,2-ACC,10-Q,20230331,Y
1058811,IMMR,IMMERSION CORP,3577,4-NON,10-Q,20230331,Y
1058867,,GUARANTY BANCSHARES INC /TX/,6021,2-ACC,10-Q,20230331,N
1059142,GHI,GREYSTONE HOUSING IMPACT INVESTORS LP,6199,4-NON,10-Q,20230331,Y
1059262,,SP PLUS CORP,7510,1-LAF,10-Q,20230331,N
1059556,MCO,MOODYS CORP /DE/,7320,1-LAF,10-Q,20230331,Y
1060219,,"SALISBURY BANCORP, INC.",6035,4-NON,10-Q,20230331,N
1060391,RSG,"REPUBLIC SERVICES, INC.",4953,1-LAF,10-Q,20230331,Y
1060736,,SEAGEN INC.,2836,1-LAF,10-Q,20230331,N
1060822,CRI,CARTERS INC,2300,1-LAF,10-Q,20230331,Y
1061027,,"VIRACTA THERAPEUTICS, INC.",2834,4-NON,10-Q,20230331,N
1061069,AWX,AVALON HOLDINGS CORP,4953,4-NON,10-Q,20230331,Y
1061164,,PEREGRINE INDUSTRIES INC,3569,4-NON,10-Q,20230430,N
1061219,EPD,ENTERPRISE PRODUCTS PARTNERS L.P.,4922,1-LAF,10-Q,20230331,Y
1061630,BXMT,"BLACKSTONE MORTGAGE TRUST, INC.",6798,1-LAF,10-Q,20230331,Y
1061736,FMX,MEXICAN ECONOMIC DEVELOPMENT INC,2086,1-LAF,20-F,20221231,Y
1061983,CYTK,CYTOKINETICS INC,2834,1-LAF,10-Q,20230331,Y
1062128,,"ARTEMIS THERAPEUTICS, INC.",2890,4-NON,10-Q,20230331,N
1062231,DCH,AMERICAN AXLE & MANUFACTURING HOLDINGS INC,3714,1-LAF,10-Q,20230331,Y
1062506,ALDA,ATLANTICA INC,6770,4-NON,10-Q,20230331,Y
1062822,LXRX,"LEXICON PHARMACEUTICALS, INC.",2834,4-NON,10-Q,20230331,Y
1063344,,HERSHA HOSPITALITY TRUST,6798,2-ACC,10-Q,20230331,N
1063537,,RICEBRAN TECHNOLOGIES,2040,4-NON,10-Q,20230331,N
1063761,SPG,SIMON PROPERTY GROUP INC /DE/,6798,1-LAF,10-Q,20230331,Y
1064722,,GIVEMEPOWER CORP,6500,4-NON,10-K,20221231,N
1064728,BTU,PEABODY ENERGY CORP,1221,1-LAF,10-Q,20230331,Y
1065059,LEU,CENTRUS ENERGY CORP,1400,2-ACC,10-Q,20230331,Y
1065078,NTIP,"NETWORK-1 TECHNOLOGIES, INC.",6794,4-NON,10-Q,20230331,Y
1065088,EBAY,EBAY INC,7389,1-LAF,10-Q,20230331,Y
1065201,,AMERINST INSURANCE GROUP LTD,6399,4-NON,10-Q,20230331,N
1065280,NFLX,NETFLIX INC,7841,1-LAF,10-Q,20230331,Y
1065696,LKQ,LKQ CORP,5010,1-LAF,10-Q,20230331,Y
1065837,,SKECHERS USA INC,3140,1-LAF,10-Q,20230331,N
1066194,EGAN,EGAIN CORP,7372,4-NON,10-Q,20230331,Y
1066605,,HEIDRICK & STRUGGLES INTERNATIONAL INC,7361,2-ACC,10-Q,20230331,N
1066656,,CERES CLASSIC L.P.,6221,4-NON,10-Q,20230331,N
1066684,TGLO,THEGLOBE COM INC,7310,4-NON,10-Q,20230331,Y
1066719,,"TAIHE GROUP, INC.",8071,4-NON,10-Q,20230331,N
1066764,BESS,BITECH TECHNOLOGIES CORP,4911,4-NON,10-Q,20230331,Y
1066923,FTFT,FUTURE FINTECH GROUP INC.,7389,4-NON,10-K,20221231,Y
1067294,CBRL,"CRACKER BARREL OLD COUNTRY STORE, INC",5812,1-LAF,10-Q,20230430,Y
1067491,INFY,INFOSYS LTD,7371,1-LAF,20-F,20230331,Y
1067701,URI,"UNITED RENTALS, INC.",7359,1-LAF,10-Q,20230331,Y
1067837,,"AUDACY, INC.",4832,2-ACC,10-Q,20230331,N
1067873,,AS-IP TECH INC,3728,4-NON,10-Q,20230331,N
1067983,BRK-B,BERKSHIRE HATHAWAY INC,6331,1-LAF,10-Q,20230331,Y
1068148,,PARK OHIO INDUSTRIES INC/OH,3460,4-NON,10-Q,20230331,N
1068689,ATDS,"DATA443 RISK MITIGATION, INC.",7372,4-NON,10-Q,20230331,Y
1068851,PB,PROSPERITY BANCSHARES INC,6022,1-LAF,10-Q,20230331,Y
1068875,,"AVANTAX, INC.",6199,1-LAF,10-Q,20230331,N
1069157,EWBC,EAST WEST BANCORP INC,6022,1-LAF,10-Q,20230331,Y
1069183,AXON,"AXON ENTERPRISE, INC.",3480,1-LAF,10-Q,20230331,Y
1069202,LII,LENNOX INTERNATIONAL INC,3585,1-LAF,10-Q,20230331,Y
1069258,KTOS,"KRATOS DEFENSE & SECURITY SOLUTIONS, INC.",3760,1-LAF,10-Q,20230331,Y
1069308,,ACER THERAPEUTICS INC.,2834,4-NON,10-Q,20230331,N
1069394,FSI,FLEXIBLE SOLUTIONS INTERNATIONAL INC,2890,4-NON,10-Q,20230331,Y
1069530,FLNA,CASSAVA SCIENCES INC,2834,1-LAF,10-Q,20230331,Y
1069533,RGCO,RGC RESOURCES INC,4923,4-NON,10-Q,20230331,Y
1069878,TREX,TREX CO INC,2400,1-LAF,10-Q,20230331,Y
1069899,PAHC,PHIBRO ANIMAL HEALTH CORP,2834,2-ACC,10-Q,20230331,Y
1070050,APCX,APPTECH PAYMENTS CORP.,7372,4-NON,10-Q,20230331,Y
1070081,PTCT,"PTC THERAPEUTICS, INC.",2834,1-LAF,10-Q,20230331,Y
1070235,BB,BLACKBERRY LTD,7372,1-LAF,10-Q,20230531,Y
1070296,FCAP,FIRST CAPITAL INC,6035,4-NON,10-Q,20230331,Y
1070304,IX,ORIX CORP,6159,1-LAF,20-F,20230331,Y
1070412,CNX,CNX RESOURCES CORP,1311,1-LAF,10-Q,20230331,Y
1070423,PAA,PLAINS ALL AMERICAN PIPELINE LP,4610,1-LAF,10-Q,20230331,Y
1070494,ACAD,ACADIA PHARMACEUTICALS INC,2834,1-LAF,10-Q,20230331,Y
1070524,GCBC,GREENE COUNTY BANCORP INC,6036,4-NON,10-Q,20230331,Y
1070680,CFBK,CF BANKSHARES INC.,6021,4-NON,10-Q,20230331,Y
1070750,HST,"HOST HOTELS & RESORTS, INC.",6798,1-LAF,10-Q,20230331,Y
1070985,CXW,"CORECIVIC, INC.",6798,1-LAF,10-Q,20230331,Y
1071236,RRBI,RED RIVER BANCSHARES INC,6022,2-ACC,10-Q,20230331,Y
1071255,,"GOLDEN ENTERTAINMENT, INC.",7990,1-LAF,10-Q,20230331,N
1071321,TKC,TURKCELL ILETISIM HIZMETLERI A S,4813,1-LAF,20-F,20221231,Y
1071371,,BANCOLOMBIA SA,6029,1-LAF,20-F,20221231,N
1071438,BAK,BRASKEM SA,2860,1-LAF,20-F,20221231,Y
1071739,CNC,CENTENE CORP,6324,1-LAF,10-Q,20230331,Y
1072379,NWBO,NORTHWEST BIOTHERAPEUTICS INC,2834,1-LAF,10-Q,20230331,Y
1072627,KWY,KINGSWAY FINANCIAL SERVICES INC,6331,4-NON,10-Q,20230331,Y
1072725,GDRZF,GOLD RESERVE INC,1040,4-NON,20-F,20221231,Y
1072842,,FIRST CAPITAL INTERNATIONAL INC,3571,4-NON,10-Q,20230331,N
1073748,,YUMMIES INC,6770,4-NON,10-Q,20230331,N
1074828,USBC,"KNOW LABS, INC.",3829,4-NON,10-Q,20230331,Y
1074871,MODD,"MODULAR MEDICAL, INC.",3841,4-NON,10-K,20230331,Y
1074902,LCNB,LCNB CORP,6021,4-NON,10-Q,20230331,Y
1075415,DHC,DIVERSIFIED HEALTHCARE TRUST,6798,2-ACC,10-Q,20230331,Y
1075531,BKNG,BOOKING HOLDINGS INC.,4700,1-LAF,10-Q,20230331,Y
1075706,CIZN,CITIZENS HOLDING CO /MS/,6022,4-NON,10-Q,20230331,Y
1075736,CXDO,"CREXENDO, INC.",4813,4-NON,10-Q,20230331,Y
1076378,CX,CEMEX SAB DE CV,3241,1-LAF,20-F,20221231,Y
1076682,,"POLARITYTE, INC.",2836,4-NON,10-Q,20230331,N
1076930,NOVT,NOVANTA INC,3690,1-LAF,10-Q,20230331,Y
1077183,NEO,NEOGENOMICS INC,8734,1-LAF,10-Q,20230331,Y
1077428,TCBI,TEXAS CAPITAL BANCSHARES INC/TX,6022,1-LAF,10-Q,20230331,Y
1077688,HOFT,HOOKER FURNISHINGS CORP,2510,2-ACC,10-K,20230131,Y
1078075,NTCT,NETSCOUT SYSTEMS INC,7373,1-LAF,10-K,20230331,Y
1078207,,"NAUTILUS, INC.",3949,4-NON,10-K,20230331,N
1078271,EXTR,EXTREME NETWORKS INC,3576,1-LAF,10-Q,20230331,Y
1080014,INVA,"INNOVIVA, INC.",2834,1-LAF,10-Q,20230331,Y
1080319,,"ELYS GAME TECHNOLOGY, CORP.",7372,4-NON,10-K,20221231,N
1080340,LOAN,"MANHATTAN BRIDGE CAPITAL, INC",6798,4-NON,10-Q,20230331,Y
1080448,PGOL,PATRIOT GOLD CORP,1040,4-NON,10-Q,20230331,Y
1080657,SQFT,"PRESIDIO PROPERTY TRUST, INC.",6798,4-NON,10-Q,20230331,Y
1081316,,BERKSHIRE HATHAWAY ENERGY CO,4900,4-NON,10-Q,20230331,N
1081745,INLX,"INTELLINETICS, INC.",7372,2-ACC,10-Q,20230331,Y
1081834,KUBR,KUBER RESOURCES CORP,4832,4-NON,10-K,20221231,Y
1082038,,DURECT CORP,2834,4-NON,10-Q,20230331,N
1082324,VHC,VIRNETX HOLDING CORP,6794,4-NON,10-Q,20230331,Y
1082554,UTHR,UNITED THERAPEUTICS CORP,2834,1-LAF,10-Q,20230331,Y
1082733,VISM,"VISIUM TECHNOLOGIES, INC.",7371,4-NON,10-Q,20230331,Y
1083220,XELB,"XCEL BRANDS, INC.",6794,4-NON,10-K,20221231,Y
1083301,WULF,TERAWULF INC.,7374,4-NON,10-Q,20230331,Y
1083446,ASTH,"APOLLO MEDICAL HOLDINGS, INC.",8742,1-LAF,10-Q,20230331,Y
1083490,SRRE,SUNRISE REAL ESTATE GROUP INC,6513,4-NON,10-K,20221231,Y
1083522,JSDA,JONES SODA CO,2080,4-NON,10-Q,20230331,Y
1083743,FLUX,"FLUX POWER HOLDINGS, INC.",3690,4-NON,10-Q,20230331,Y
1084048,ZD,"ZIFF DAVIS, INC.",4822,1-LAF,10-Q,20230331,Y
1084133,,"REAL BRANDS, INC.",2080,4-NON,10-K,20221231,N
1084201,SVA,SINOVAC BIOTECH LTD,2834,2-ACC,20-F,20221231,Y
1084267,MOBQ,"MOBIQUITY TECHNOLOGIES, INC.",7310,4-NON,10-Q,20230331,Y
1084475,NIHK,"VIDEO RIVER NETWORKS, INC.",6500,4-NON,10-K,20221231,Y
1084551,CRDV,COMMUNITY REDEVELOPMENT INC.,6552,4-NON,10-K,20221231,Y
1084554,LTBR,LIGHTBRIDGE CORP,8742,4-NON,10-Q,20230331,Y
1084765,RGP,"RESOURCES CONNECTION, INC.",7389,2-ACC,10-Q,20230228,Y
1084869,FLWS,1 800 FLOWERS COM INC,5990,2-ACC,10-Q,20230331,Y
1084961,ECPG,ENCORE CAPITAL GROUP INC,6153,1-LAF,10-Q,20230331,Y
1084991,NGS,NATURAL GAS SERVICES GROUP INC,1389,4-NON,10-Q,20230331,Y
1085243,VTSI,"VIRTRA, INC",3990,4-NON,10-Q,20230331,Y
1085277,SKVI,"SKINVISIBLE, INC.",2834,4-NON,10-Q,20230331,Y
1085392,,PUGET ENERGY INC /WA,4911,4-NON,10-Q,20230331,N
1085869,,PERFICIENT INC,7371,1-LAF,10-Q,20230331,N
1085913,FMCB,FARMERS & MERCHANTS BANCORP,6021,2-ACC,10-Q,20230331,Y
1086222,AKAM,AKAMAI TECHNOLOGIES INC,7389,1-LAF,10-Q,20230331,Y
1086303,HCIL,HEYU BIOLOGICAL TECHNOLOGY CORP,2833,4-NON,10-Q,20230331,Y
1086434,AUDC,AUDIOCODES LTD,3661,1-LAF,20-F,20221231,Y
1086600,ARLP,ALLIANCE RESOURCE PARTNERS LP,1221,1-LAF,10-Q,20230331,Y
1086745,FABC,"AYRO, INC.",4899,4-NON,10-Q,20230331,Y
1087294,CPIX,CUMBERLAND PHARMACEUTICALS INC,2834,4-NON,10-Q,20230331,Y
1088034,USIO,"USIO, INC.",6099,4-NON,10-Q,20230331,Y
1088413,GLGI,"GREYSTONE LOGISTICS, INC.",3559,4-NON,10-Q,20230228,Y
1088638,,"MASTERMIND, INC.",7310,4-NON,10-Q,20230331,N
1088856,CORT,CORCEPT THERAPEUTICS INC,2834,1-LAF,10-Q,20230331,Y
1089063,DKS,"DICK'S SPORTING GOODS, INC.",5940,1-LAF,10-Q,20230430,Y
1089297,,NOVAGANT CORP,4700,4-NON,10-K,20230331,N
1089815,EHSI,"U.S. NEUROSURGICAL HOLDINGS, INC.",8093,4-NON,10-K,20221231,Y
1089819,,CLECO CORPORATE HOLDINGS LLC,4911,4-NON,10-Q,20230331,N
1089872,GAIA,"GAIA, INC",7812,4-NON,10-Q,20230331,Y
1089907,SWKHL,SWK HOLDINGS CORP,6159,4-NON,10-Q,20230331,Y
1090009,SFST,SOUTHERN FIRST BANCSHARES INC,6021,2-ACC,10-Q,20230331,Y
1090012,DVN,DEVON ENERGY CORP/DE,1311,1-LAF,10-Q,20230331,Y
1090396,TBTC,TABLE TRAC INC,7990,4-NON,10-Q,20230331,Y
1090425,LAMR,LAMAR ADVERTISING CO/NEW,6798,1-LAF,10-Q,20230331,Y
1090727,UPS,UNITED PARCEL SERVICE INC,4210,1-LAF,10-Q,20230331,Y
1090872,A,"AGILENT TECHNOLOGIES, INC.",3826,1-LAF,10-Q,20230430,Y
1091223,MTLS,MATERIALISE NV,7372,2-ACC,20-F,20221231,Y
1091596,AURX,"NUO THERAPEUTICS, INC.",3841,4-NON,10-K,20221231,Y
1091667,CHTR,"CHARTER COMMUNICATIONS, INC. /MO/",4841,1-LAF,10-Q,20230331,Y
1091748,,"ARGO GROUP INTERNATIONAL HOLDINGS, LTD.",6361,1-LAF,10-Q,20230331,N
1091883,,CIRCOR INTERNATIONAL INC,3490,2-ACC,10-Q,20230331,N
1091907,,WORLD WRESTLING ENTERTAINMENTINC,7812,1-LAF,10-Q,20230331,N
1092570,FULO,FULLNET COMMUNICATIONS INC,4813,4-NON,10-Q,20230331,Y
1092699,SPSC,SPS COMMERCE INC,7372,1-LAF,10-Q,20230331,Y
1092796,SWBI,"SMITH & WESSON BRANDS, INC.",3480,2-ACC,10-K,20230430,Y
1093557,DXCM,DEXCOM INC,3841,1-LAF,10-Q,20230331,Y
1093636,,"SAXON CAPITAL GROUP, INC./DE",7374,4-NON,10-Q,20230331,N
1093672,PEBK,PEOPLES BANCORP OF NORTH CAROLINA INC,6022,4-NON,10-Q,20230331,Y
1093691,PLUG,PLUG POWER INC,3620,1-LAF,10-Q,20230331,Y
1094038,MRKR,"MARKER THERAPEUTICS, INC.",2834,4-NON,10-Q,20230331,Y
1094285,TDY,TELEDYNE TECHNOLOGIES INC,3812,1-LAF,10-Q,20230331,Y
1094324,SIFY,SIFY TECHNOLOGIES LTD,7370,2-ACC,20-F,20230331,Y
1094517,TM,TOYOTA MOTOR CORP/,3711,1-LAF,20-F,20230331,Y
1094831,BGC,"BGC PARTNERS, INC.",6200,1-LAF,10-Q,20230331,Y
1094972,UGP,ULTRAPAR HOLDINGS INC,4924,1-LAF,20-F,20221231,Y
1095073,EG,EVEREST RE GROUP LTD,6331,1-LAF,10-Q,20230331,Y
1095315,,PFSWEB INC,7389,2-ACC,10-Q,20230331,N
1095565,HSTM,HEALTHSTREAM INC,7370,2-ACC,10-Q,20230331,Y
1095651,SAFE,SAFEHOLD INC.,6798,1-LAF,10-Q,20230331,Y
1095981,PSTV,"PLUS THERAPEUTICS, INC.",3841,4-NON,10-Q,20230331,Y
1096056,LXFR,LUXFER HOLDINGS PLC,2810,2-ACC,10-Q,20230331,Y
1096275,WKSP,WORKSPORT LTD,3714,4-NON,10-Q,20230331,Y
1096343,MKL,MARKEL CORP,6331,1-LAF,10-Q,20230331,Y
1096752,EPC,EDGEWELL PERSONAL CARE CO,2844,1-LAF,10-Q,20230331,Y
1096938,UEEC,"UNITED HEALTH PRODUCTS, INC.",3842,4-NON,10-Q,20230331,Y
1097149,ALGN,ALIGN TECHNOLOGY INC,3842,1-LAF,10-Q,20230331,Y
1097864,ON,ON SEMICONDUCTOR CORP,3674,1-LAF,10-Q,20230331,Y
1098009,,AMERICA GREAT HEALTH,2834,4-NON,10-Q,20230331,N
1098146,PNBK,PATRIOT NATIONAL BANCORP INC,6021,4-NON,10-Q,20230331,Y
1098151,FDBC,FIDELITY D & D BANCORP INC,6021,4-NON,10-Q,20230331,Y
1098462,MTLK,METALINK LTD,3674,4-NON,20-F,20221231,Y
1098880,,INTELGENX TECHNOLOGIES CORP.,2834,4-NON,10-Q,20230331,N
1098972,AGEN,AGENUS INC,2836,2-ACC,10-Q,20230331,Y
1099132,,MANHATTAN SCIENTIFICS INC,3690,4-NON,10-K,20221231,N
1099160,BBGI,BEASLEY BROADCAST GROUP INC,4832,4-NON,10-Q,20230331,Y
1099219,MET,METLIFE INC,6311,1-LAF,10-Q,20230331,Y
1099369,DSNY,DESTINY MEDIA TECHNOLOGIES INC,7372,4-NON,10-Q,20230228,Y
1099590,MELI,MERCADOLIBRE INC,7389,1-LAF,10-Q,20230331,Y
1099800,EW,EDWARDS LIFESCIENCES CORP,3842,1-LAF,10-Q,20230331,Y
1100397,,"AYALA PHARMACEUTICALS, INC.",2834,4-NON,10-Q,20230331,N
1100682,CRL,"CHARLES RIVER LABORATORIES INTERNATIONAL, INC.",8731,1-LAF,10-Q,20230331,Y
1101026,ZIVO,"ZIVO BIOSCIENCE, INC.",2836,4-NON,10-Q,20230331,Y
1101215,BFH,"BREAD FINANCIAL HOLDINGS, INC.",7389,1-LAF,10-Q,20230331,Y
1101239,EQIX,EQUINIX INC,6798,1-LAF,10-Q,20230331,Y
1101302,ENTG,ENTEGRIS INC,3089,1-LAF,10-Q,20230331,Y
1101396,,"DELTA APPAREL, INC",5130,2-ACC,10-Q,20230331,N
1101433,QMCI,QUOTEMEDIA INC,7389,4-NON,10-Q,20230331,Y
1101680,,DZS INC.,3661,2-ACC,10-Q,20230331,N
1102112,,PACWEST BANCORP,6021,1-LAF,10-Q,20230331,N
1102238,ARL,AMERICAN REALTY INVESTORS INC,6510,4-NON,10-Q,20230331,Y
1102432,,"VIKING ENERGY GROUP, INC.",1311,4-NON,10-Q,20230331,N
1102942,,"INNOVAQOR, INC.",7373,4-NON,10-K,20221231,N
1102993,LPSN,LIVEPERSON INC,7372,1-LAF,10-Q,20230331,Y
1103090,RSCF,"REFLECT SCIENTIFIC, INC.",3821,4-NON,10-Q,20230331,Y
1103795,QSEP,"QS ENERGY, INC.",3533,4-NON,10-Q,20230331,Y
1103833,CRWE,"CROWN EQUITY HOLDINGS, INC.",5734,4-NON,10-Q,20230331,Y
1103982,MDLZ,"MONDELEZ INTERNATIONAL, INC.",2000,1-LAF,10-Q,20230331,Y
1104038,VRME,"VERIFYME, INC.",7373,4-NON,10-Q,20230331,Y
1104280,,SANGUI BIOTECH INTERNATIONAL INC,2834,4-NON,10-Q,20230331,N
1104485,NOG,"NORTHERN OIL & GAS, INC.",1311,1-LAF,10-Q,20230331,Y
1104506,INSM,INSMED INC,2834,1-LAF,10-Q,20230331,Y
1104657,MTRN,MATERION CORP,3460,1-LAF,10-Q,20230331,Y
1105101,GIGM,GIGAMEDIA LTD,7370,4-NON,20-F,20221231,Y
1106644,CPHI,"CHINA PHARMA HOLDINGS, INC.",2834,4-NON,10-Q,20230331,Y
1106838,,"SONNET BIOTHERAPEUTICS HOLDINGS, INC.",2834,4-NON,10-Q,20230331,N
1107280,OVTZ,OCULUS VISIONTECH INC.,7389,4-NON,10-Q,20230331,Y
1107421,TCRT,"ALAUNOS THERAPEUTICS, INC.",2834,4-NON,10-Q,20230331,Y
1107843,QLYS,"QUALYS, INC.",7372,1-LAF,10-Q,20230331,Y
1108109,CYH,COMMUNITY HEALTH SYSTEMS INC,8062,2-ACC,10-Q,20230331,Y
1108134,BBT,BERKSHIRE HILLS BANCORP INC,6036,1-LAF,10-Q,20230331,Y
1108205,CRIS,CURIS INC,2836,4-NON,10-Q,20230331,Y
1108329,PCCYF,PETROCHINA CO LTD,1311,1-LAF,20-F,20221231,Y
1108426,TXNM,PNM RESOURCES INC,4911,1-LAF,10-Q,20230331,Y
1108524,CRM,"SALESFORCE, INC.",7372,1-LAF,10-Q,20230430,Y
1108630,,LIVE CURRENT MEDIA INC.,7389,4-NON,10-K,20221231,N
1108645,,"CORRELATE INFRASTRUCTURE PARTNERS, INC.",4931,4-NON,10-Q,20230331,N
1108967,,"ORBITAL INFRASTRUCTURE GROUP, INC.",5065,4-NON,10-K,20221231,N
1109116,EVC,ENTRAVISION COMMUNICATIONS CORP,4833,2-ACC,10-Q,20230331,Y
1109242,HAFC,HANMI FINANCIAL CORP,6021,2-ACC,10-Q,20230331,Y
1109354,BRKR,BRUKER CORP,3826,1-LAF,10-Q,20230331,Y
1109357,EXC,EXELON CORP,4931,1-LAF,10-Q,20230331,Y
1109448,,ALLIANCEBERNSTEIN L.P.,6282,4-NON,10-Q,20230331,N
1110607,KLNG,"KOIL ENERGY SOLUTIONS, INC.",3533,4-NON,10-Q,20230331,Y
1110611,,ON24 INC.,7372,2-ACC,10-Q,20230331,N
1110646,NTES,"NETEASE, INC.",7372,1-LAF,20-F,20221231,Y
1110803,ILMN,"ILLUMINA, INC.",3826,1-LAF,10-Q,20230331,Y
1110805,,NUSTAR ENERGY L.P.,4610,1-LAF,10-Q,20230331,N
1111335,VC,VISTEON CORP,3714,1-LAF,10-Q,20230331,Y
1111485,RXST,"RXSIGHT, INC.",3851,4-NON,10-Q,20230331,Y
1111711,NI,NISOURCE INC.,4931,1-LAF,10-Q,20230331,Y
1111741,DYNR,DYNARESOURCE INC,1000,4-NON,10-K,20221231,Y
1111928,IPGP,IPG PHOTONICS CORP,3674,1-LAF,10-Q,20230331,Y
1113148,,"INFINITY PHARMACEUTICALS, INC.",2834,4-NON,10-Q,20230331,N
1113169,TROW,PRICE T ROWE GROUP INC,6200,1-LAF,10-Q,20230331,Y
1113232,ACLS,AXCELIS TECHNOLOGIES INC,3559,1-LAF,10-Q,20230331,Y
1113313,AVNI,ARVANA INC,6770,4-NON,10-K,20221231,Y
1113809,BBW,BUILD-A-BEAR WORKSHOP INC,5945,2-ACC,10-K,20230131,Y
1114483,ITGR,INTEGER HOLDINGS CORP,3845,1-LAF,10-Q,20230331,Y
1114700,GGAL,GRUPO FINANCIERO GALICIA SA,6029,1-LAF,20-F,20221231,Y
1114925,LTRX,LANTRONIX INC,3576,4-NON,10-Q,20230331,Y
1114927,FNRN,FIRST NORTHERN COMMUNITY BANCORP,6035,4-NON,10-Q,20230331,Y
1114936,UMEW,UMEWORLD LTD,7372,4-NON,20-F,20220930,Y
1114995,PI,IMPINJ INC,3679,1-LAF,10-Q,20230331,Y
1115055,,PINNACLE FINANCIAL PARTNERS INC,6021,1-LAF,10-Q,20230331,N
1115128,,QUOTIENT TECHNOLOGY INC.,7310,2-ACC,10-Q,20230331,N
1115837,,MOBILE TELESYSTEMS PUBLIC JOINT STOCK CO,4812,4-NON,20-F,20221231,N
1116132,TPR,"TAPESTRY, INC.",3100,1-LAF,10-Q,20230331,Y
1116463,OSUR,ORASURE TECHNOLOGIES INC,3841,2-ACC,10-Q,20230331,Y
1116942,TTMI,TTM TECHNOLOGIES INC,3672,1-LAF,10-Q,20230331,Y
1117057,PLAG,PLANET GREEN HOLDINGS CORP.,2030,4-NON,10-Q,20230331,Y
1117171,,"CBAK ENERGY TECHNOLOGY, INC.",3690,4-NON,10-K,20221231,N
1117297,QNST,"QUINSTREET, INC",7389,1-LAF,10-Q,20230331,Y
1117480,,CHIMERIX INC,2834,4-NON,10-Q,20230331,N
1118004,,BANCPLUS CORP,6022,4-NON,10-Q,20230331,N
1118072,,SKINOVATION PHARMACEUTICAL INC,6770,4-NON,10-Q,20230331,N
1118417,,"MODEL N, INC.",7370,1-LAF,10-Q,20230331,N
1119190,RWAX,"HUMBL, INC.",5000,4-NON,10-K,20221231,Y
1119769,CRNT,CERAGON NETWORKS LTD,3663,2-ACC,20-F,20221231,Y
1120193,NDAQ,"NASDAQ, INC.",6200,1-LAF,10-Q,20230331,Y
1120370,BWEN,"BROADWIND, INC.",3360,4-NON,10-Q,20230331,Y
1120914,PDFS,PDF SOLUTIONS INC,7372,2-ACC,10-Q,20230331,Y
1120970,LODE,COMSTOCK INC.,2860,4-NON,10-Q,20230331,Y
1121142,,MAXAR TECHNOLOGIES INC.,3663,1-LAF,10-Q,20230331,N
1121484,OIS,"OIL STATES INTERNATIONAL, INC",3533,2-ACC,10-Q,20230331,Y
1121702,,"YIELD10 BIOSCIENCE, INC.",0100,4-NON,10-Q,20230331,N
1121788,GRMN,GARMIN LTD,3812,1-LAF,10-Q,20230331,Y
1121795,GHST,GHST WORLD INC.,7372,4-NON,10-Q,20230331,Y
1122411,ASX,"ASE TECHNOLOGY HOLDING CO., LTD.",3674,1-LAF,20-F,20221231,Y
1122491,,BRF S.A.,2011,1-LAF,20-F,20221231,N
1122904,NTGR,"NETGEAR, INC.",3661,2-ACC,10-Q,20230331,Y
1122976,AVNT,AVIENT CORP,2821,1-LAF,10-Q,20230331,Y
1123134,IMOS,CHIPMOS TECHNOLOGIES INC,3674,1-LAF,20-F,20221231,Y
1123360,GPN,GLOBAL PAYMENTS INC,7389,1-LAF,10-Q,20230331,Y
1123452,ASR,SOUTHEAST AIRPORT GROUP,4581,1-LAF,20-F,20221231,Y
1123494,HBIO,HARVARD BIOSCIENCE INC,3826,2-ACC,10-Q,20230331,Y
1123596,BABB,"BAB, INC.",5812,4-NON,10-Q,20230228,Y
1123658,SNPMF,CHINA PETROLEUM & CHEMICAL CORP,2911,1-LAF,20-F,20221231,Y
1123799,WIT,WIPRO LTD,7371,1-LAF,20-F,20230331,Y
1123852,,NORTHERN STATES POWER CO,4931,4-NON,10-Q,20230331,N
1124105,GYRE,"CATALYST BIOSCIENCES, INC.",2834,4-NON,10-Q,20230331,Y
1124140,,EXACT SCIENCES CORP,8071,1-LAF,10-Q,20230331,N
1124198,FLR,FLUOR CORP,1600,1-LAF,10-Q,20230331,Y
1124524,CYRX,"CRYOPORT, INC.",2834,1-LAF,10-Q,20230331,Y
1124610,,"VMWARE, INC.",7372,1-LAF,10-Q,20230430,N
1124796,LASR,"NLIGHT, INC.",3674,2-ACC,10-Q,20230331,Y
1124941,,BEACON ROOFING SUPPLY INC,5030,1-LAF,10-Q,20230331,N
1125345,MGNX,MACROGENICS INC,2834,4-NON,10-Q,20230331,Y
1125376,ENSG,"ENSIGN GROUP, INC",8051,1-LAF,10-Q,20230331,Y
1125699,,DAIS CORP,3990,4-NON,10-K,20221231,N
1126234,,"LUMOS PHARMA, INC.",2834,4-NON,10-Q,20230331,N
1126328,PFG,PRINCIPAL FINANCIAL GROUP INC,6321,1-LAF,10-Q,20230331,Y
1126741,GSIT,GSI TECHNOLOGY INC,3674,4-NON,10-K,20230331,Y
1126956,SR,SPIRE INC,4924,1-LAF,10-Q,20230331,Y
1126975,,"MAGELLAN MIDSTREAM PARTNERS, L.P.",4610,1-LAF,10-Q,20230331,N
1127371,CWBC,CENTRAL VALLEY COMMUNITY BANCORP,6022,4-NON,10-Q,20230331,Y
1127475,DBMM,"DIGITAL BRAND MEDIA & MARKETING GROUP, INC.",7389,4-NON,10-Q,20230228,Y
1127537,LUNG,PULMONX CORP,3841,4-NON,10-Q,20230331,Y
1127703,,PROASSURANCE CORP,6331,1-LAF,10-Q,20230331,N
1128189,PKTX,"PROTOKINETIX, INC.",2834,4-NON,10-Q,20230331,Y
1128281,SKAS,"SAKER AVIATION SERVICES, INC.",4581,4-NON,10-K,20221231,Y
1128353,,ENERTECK CORP,2890,4-NON,10-K,20221231,N
1128361,HOPE,HOPE BANCORP INC,6021,1-LAF,10-Q,20230331,Y
1128928,FLO,FLOWERS FOODS INC,2000,1-LAF,10-Q,20230430,Y
1129137,AMX,AMERICA MOVIL SAB DE CV/,4813,1-LAF,20-F,20221231,Y
1129155,,MARINE PRODUCTS CORP,3730,2-ACC,10-Q,20230331,N
1130144,BSRR,SIERRA BANCORP,6022,2-ACC,10-Q,20230331,Y
1130166,BGMS,"CYCLACEL PHARMACEUTICALS, INC.",2834,4-NON,10-Q,20230331,Y
1130310,CNP,CENTERPOINT ENERGY INC,4911,1-LAF,10-Q,20230331,Y
1130464,BKH,BLACK HILLS CORP /SD/,4911,1-LAF,10-Q,20230331,Y
1130598,TRAW,"ONCONOVA THERAPEUTICS, INC.",2834,4-NON,10-Q,20230331,Y
1130713,BBBY,"OVERSTOCK.COM, INC",5961,1-LAF,10-Q,20230331,Y
1130889,,CANCER CAPITAL CORP,6770,4-NON,10-Q,20230331,N
1131312,ZNOG,ZION OIL & GAS INC,1382,4-NON,10-Q,20230331,Y
1131554,,SYNCHRONOSS TECHNOLOGIES INC,7371,2-ACC,10-Q,20230331,N
1131903,FCCN,SPECTRAL CAPITAL CORP,7374,4-NON,10-Q,20230331,Y
1132105,SPWH,"SPORTSMAN'S WAREHOUSE HOLDINGS, INC.",5940,2-ACC,10-K,20230131,Y
1132509,NNAX,NEW MOMENTUM CORP.,8741,4-NON,10-Q,20230331,Y
1132597,ITUB,ITAU UNIBANCO HOLDING S.A.,6022,1-LAF,20-F,20221231,Y
1132651,ATLO,AMES NATIONAL CORP,6021,4-NON,10-Q,20230331,Y
1132924,CHT,CHUNGHWA TELECOM CO LTD,4812,1-LAF,20-F,20221231,Y
1133062,JANL,JANEL CORP,7389,4-NON,10-Q,20230331,Y
1133311,TZOO,TRAVELZOO,7310,4-NON,10-Q,20230331,Y
1133416,GALT,GALECTIN THERAPEUTICS INC,2834,4-NON,10-Q,20230331,Y
1133421,NOC,NORTHROP GRUMMAN CORP /DE/,3812,1-LAF,10-Q,20230331,Y
1133470,,CALAVO GROWERS INC,0700,1-LAF,10-Q,20230430,N
1133519,MCUJF,MEDICURE INC,2834,4-NON,20-F,20221231,Y
1133818,BPTH,BIO-PATH HOLDINGS INC,2834,4-NON,10-Q,20230331,Y
1133869,CAPR,"CAPRICOR THERAPEUTICS, INC.",2834,4-NON,10-Q,20230331,Y
1134115,THM,INTERNATIONAL TOWER HILL MINES LTD,1000,4-NON,10-Q,20230331,Y
1134765,CHUC,"CHARLIE'S HOLDINGS, INC.",2833,4-NON,10-K,20221231,Y
1135951,RDY,DR REDDYS LABORATORIES LTD,2834,1-LAF,20-F,20230331,Y
1136174,,"ONTRAK, INC.",8090,4-NON,10-K,20221231,N
1136294,,WILLIAMS INDUSTRIAL SERVICES GROUP INC.,1600,4-NON,10-Q,20230331,N
1136352,,CRESTWOOD EQUITY PARTNERS LP,4923,1-LAF,10-Q,20230331,N
1136869,ZBH,"ZIMMER BIOMET HOLDINGS, INC.",3842,1-LAF,10-Q,20230331,Y
1136893,FIS,"FIDELITY NATIONAL INFORMATION SERVICES, INC.",7389,1-LAF,10-Q,20230331,Y
1137091,PSIX,"POWER SOLUTIONS INTERNATIONAL, INC.",3510,4-NON,10-K,20221231,Y
1137547,,UNITED SECURITY BANCSHARES,6021,4-NON,10-Q,20230331,N
1137774,PRU,PRUDENTIAL FINANCIAL INC,6311,1-LAF,10-Q,20230331,Y
1137789,STX,SEAGATE TECHNOLOGY HOLDINGS PLC,3572,1-LAF,10-Q,20230331,Y
1137883,BCLI,BRAINSTORM CELL THERAPEUTICS INC.,2836,4-NON,10-Q,20230331,Y
1138118,CBRE,"CBRE GROUP, INC.",6500,1-LAF,10-Q,20230331,Y
1138476,PFHO,PACIFIC HEALTH CARE ORGANIZATION INC,8090,4-NON,10-Q,20230331,Y
1138608,,"BLOOMIOS, INC.",2833,4-NON,10-K,20221231,N
1138639,,INFINERA CORP,3661,1-LAF,10-Q,20230331,N
1138723,ARAY,ACCURAY INC,3841,2-ACC,10-Q,20230331,Y
1138724,,"GLOBAL ARENA HOLDING, INC.",7372,4-NON,10-K,20221231,N
1138867,EESH,"EESTECH, INC.",4941,4-NON,10-Q,20230331,Y
1138978,,"NOVO INTEGRATED SCIENCES, INC.",3510,4-NON,10-K,20220831,N
1140102,HQI,"HIREQUEST, INC.",7363,4-NON,10-Q,20230331,Y
1140215,REED,"REED'S, INC.",2086,4-NON,10-K,20221231,Y
1140536,WTW,WILLIS TOWERS WATSON PLC,6411,1-LAF,10-Q,20230331,Y
1140859,COR,AMERISOURCEBERGEN CORP,5122,1-LAF,10-Q,20230331,Y
1141103,,CROSS COUNTRY HEALTHCARE INC,7363,1-LAF,10-Q,20230331,N
1141197,PED,PEDEVCO CORP,1311,4-NON,10-Q,20230331,Y
1141240,LQMT,LIQUIDMETAL TECHNOLOGIES INC,2800,4-NON,10-Q,20230331,Y
1141284,ASNS,ACTELIS NETWORKS INC,3669,4-NON,10-Q,20230331,Y
1141391,MA,MASTERCARD INC,7389,1-LAF,10-Q,20230331,Y
1141688,LARK,LANDMARK BANCORP INC,6021,4-NON,10-Q,20230331,Y
1141964,PCMC,PUBLIC CO MANAGEMENT CORP,6770,4-NON,10-Q,20230331,Y
1142417,NXST,"NEXSTAR MEDIA GROUP, INC.",4833,1-LAF,10-Q,20230331,Y
1142596,,NUVASIVE INC,3841,1-LAF,10-Q,20230331,N
1142750,AMN,AMN HEALTHCARE SERVICES INC,7363,1-LAF,10-Q,20230331,Y
1143513,GLAD,GLADSTONE CAPITAL CORP,,4-NON,10-Q,20230331,Y
1144215,AYI,ACUITY BRANDS INC,3640,1-LAF,10-Q,20230228,Y
1144519,,BUNGELTD,2070,1-LAF,10-Q,20230331,N
1144546,,"HFACTOR, INC.",4813,4-NON,10-K,20221231,N
1144879,APLD,APPLIED DIGITAL CORP.,6199,4-NON,10-Q,20230228,Y
1144967,HDB,HDFC BANK LTD,6029,1-LAF,20-F,20230331,Y
1144980,ABG,ASBURY AUTOMOTIVE GROUP INC,5500,1-LAF,10-Q,20230331,Y
1145197,PODD,INSULET CORP,3841,1-LAF,10-Q,20230331,Y
1145255,HNNA,HENNESSY ADVISORS INC,6282,4-NON,10-Q,20230331,Y
1145604,NIKA,"NIKA PHARMACEUTICALS, INC",3790,4-NON,10-K,20221231,Y
1145765,,GLOBAL MACRO TRUST,6221,4-NON,10-Q,20230331,N
1145898,,CHINESEWORLDNET COM INC,7389,4-NON,20-F,20221231,N
1145986,ASPN,ASPEN AEROGELS INC,5030,2-ACC,10-Q,20230331,Y
1156039,ELV,"ELEVANCE HEALTH, INC.",6324,1-LAF,10-Q,20230331,Y
1156041,AGIG,HOUSTON AMERICAN ENERGY CORP,1311,4-NON,10-Q,20230331,Y
1156174,,LAKE AREA CORN PROCESSORS LLC,2860,4-NON,10-Q,20230331,N
1156375,CME,CME GROUP INC.,6200,1-LAF,10-Q,20230331,Y
1156388,,BIG 5 SPORTING GOODS CORP,5940,2-ACC,10-Q,20230331,N
1156784,,"CARBONMETA TECHNOLOGIES, INC.",7372,4-NON,10-K,20221231,N
1157408,LRN,"STRIDE, INC.",8200,1-LAF,10-Q,20230331,Y
1157557,CIG,ENERGY CO OF MINAS GERAIS,4911,1-LAF,20-F,20221231,Y
1157601,MDGL,"MADRIGAL PHARMACEUTICALS, INC.",2834,1-LAF,10-Q,20230331,Y
1157647,WNEB,"WESTERN NEW ENGLAND BANCORP, INC.",6035,2-ACC,10-Q,20230331,Y
1157762,,CHINA AUTOMOTIVE SYSTEMS INC,3714,4-NON,10-Q,20230331,N
1158114,AAOI,"APPLIED OPTOELECTRONICS, INC.",3674,4-NON,10-Q,20230331,Y
1158172,SCOR,"COMSCORE, INC.",7389,2-ACC,10-Q,20230331,Y
1158324,CCOI,"COGENT COMMUNICATIONS HOLDINGS, INC.",4899,1-LAF,10-Q,20230331,Y
1158420,,GREEN GIANT INC.,6500,4-NON,10-Q,20230331,N
1158449,AAP,ADVANCE AUTO PARTS INC,5531,1-LAF,10-Q,20230430,Y
1158463,JBLU,JETBLUE AIRWAYS CORP,4512,1-LAF,10-Q,20230331,Y
1158780,PLUR,PLURI INC.,2836,4-NON,10-Q,20230331,Y
1158895,LMAT,LEMAITRE VASCULAR INC,3841,1-LAF,10-Q,20230331,Y
1159036,HALO,"HALOZYME THERAPEUTICS, INC.",2836,1-LAF,10-Q,20230331,Y
1159152,JHX,JAMES HARDIE INDUSTRIES PLC,3272,1-LAF,20-F,20230331,Y
1159167,,IROBOT CORP,3630,1-LAF,10-Q,20230331,N
1160308,SVRA,SAVARA INC,2834,4-NON,10-Q,20230331,Y
1160330,BBD,BANK BRADESCO,6022,1-LAF,20-F,20221231,Y
1160791,,GOLD RESOURCE CORP,1040,2-ACC,10-Q,20230331,N
1160798,,"C2E ENERGY, INC.",1311,4-NON,10-Q,20230331,N
1160945,,NOVA STAR INNOVATIONS INC,6770,4-NON,10-Q,20230331,N
1161125,BCH,BANK OF CHILE,6029,1-LAF,20-F,20221231,Y
1161582,,"GROWLIFE, INC.",3231,4-NON,10-K,20221231,N
1161611,ALMMF,ALUMINUM CORP OF CHINA LTD,3334,1-LAF,20-F,20221231,Y
1161728,MGEE,MGE ENERGY INC,4900,1-LAF,10-Q,20230331,Y
1161814,KIQSF,KELSO TECHNOLOGIES INC,3743,4-NON,20-F,20221231,Y
1162194,LAB,STANDARD BIOTOOLS INC.,3826,2-ACC,10-Q,20230331,Y
1162283,MGHL,MORGAN GROUP HOLDING CO,6200,4-NON,10-Q,20230331,Y
1162461,,CUTERA INC,3845,1-LAF,10-K,20221231,N
1162896,PROP,PRAIRIE OPERATING CO.,6199,4-NON,10-Q,20230331,Y
1163165,COP,CONOCOPHILLIPS,2911,1-LAF,10-Q,20230331,Y
1163302,,UNITED STATES STEEL CORP,3312,1-LAF,10-Q,20230331,N
1163370,NRIM,NORTHRIM BANCORP INC,6035,2-ACC,10-Q,20230331,Y
1163560,,GRUPO TMM SAB,4412,4-NON,20-F,20221231,N
1163609,SDSYA,SOUTH DAKOTA SOYBEAN PROCESSORS LLC,2070,4-NON,10-Q,20230331,Y
1163653,NMR,NOMURA HOLDINGS INC,6211,1-LAF,20-F,20230331,Y
1163668,SPFI,"SOUTH PLAINS FINANCIAL, INC.",6022,2-ACC,10-Q,20230331,Y
1163739,NBR,NABORS INDUSTRIES LTD,1381,1-LAF,10-Q,20230331,Y
1164727,NEM,NEWMONT CORP /DE/,1040,1-LAF,10-Q,20230331,Y
1164771,NAK,NORTHERN DYNASTY MINERALS LTD,1040,,40-F,20221231,Y
1164863,NPO,"ENPRO INDUSTRIES, INC",3050,1-LAF,10-Q,20230331,Y
1165002,WHG,WESTWOOD HOLDINGS GROUP INC,6282,4-NON,10-Q,20230331,Y
1166003,XPO,"XPO, INC.",4700,1-LAF,10-Q,20230331,Y
1166388,,VERINT SYSTEMS INC,7373,1-LAF,10-Q,20230430,N
1166663,TEN,TSAKOS ENERGY NAVIGATION LTD,4412,2-ACC,20-F,20221231,Y
1166691,CMCSA,COMCAST CORP,4841,1-LAF,10-Q,20230331,Y
1166708,BWMG,"BROWNIE'S MARINE GROUP, INC",3949,4-NON,10-Q,20230331,Y
1166834,,SHL TELEMEDICINE LTD,8011,4-NON,20-F,20221231,N
1166928,WTBA,WEST BANCORPORATION INC,6022,2-ACC,10-Q,20230331,Y
1167419,RIOT,"RIOT PLATFORMS, INC.",6199,1-LAF,10-Q,20230331,Y
1168081,,DESERT HAWK GOLD CORP.,1040,4-NON,10-Q,20230331,N
1168455,PLBC,PLUMAS BANCORP,6153,4-NON,10-Q,20230331,Y
1169445,,COMPUTER PROGRAMS & SYSTEMS INC,7371,2-ACC,10-Q,20230331,N
1169561,CVLT,COMMVAULT SYSTEMS INC,7372,1-LAF,10-K,20230331,Y
1169770,BANC,"BANC OF CALIFORNIA, INC.",6021,1-LAF,10-Q,20230331,Y
1169987,,"HTG MOLECULAR DIAGNOSTICS, INC",3826,4-NON,10-Q,20230331,N
1170010,KMX,CARMAX INC,5500,1-LAF,10-K,20230228,Y
1170858,SBS,COMPANHIA DE SANEAMENTO BASICO DO ESTADO DE SAO PAULO-SABESP,4941,1-LAF,20-F,20221231,Y
1171008,ADMG,ADAMANT DRI PROCESSING & MINERALS GROUP,1000,4-NON,10-Q,20230331,Y
1171155,RLGT,"RADIANT LOGISTICS, INC",4731,2-ACC,10-Q,20230331,Y
1171326,EUBG,ENTREPRENEUR UNIVERSE BRIGHT GROUP,8742,4-NON,10-Q,20230331,Y
1171486,NRP,NATURAL RESOURCE PARTNERS LP,1221,2-ACC,10-Q,20230331,Y
1171759,RRGB,RED ROBIN GOURMET BURGERS INC,5812,2-ACC,10-Q,20230430,Y
1171838,SUND,"SUNDANCE STRATEGIES, INC.",6411,4-NON,10-K,20230331,Y
1172052,SAFT,SAFETY INSURANCE GROUP INC,6331,1-LAF,10-Q,20230331,Y
1172178,LBSR,LIBERTY STAR URANIUM & METALS CORP.,1000,4-NON,10-K,20230131,Y
1172222,,HAWAIIAN HOLDINGS INC,4512,1-LAF,10-Q,20230331,N
1172358,DMLP,"DORCHESTER MINERALS, L.P.",1311,1-LAF,10-Q,20230331,Y
1172631,,"SUNWORKS, INC.",3690,4-NON,10-Q,20230331,N
1173204,CNVS,CINEVERSE CORP.,7841,4-NON,10-K,20230331,Y
1173281,,"NEUBASE THERAPEUTICS, INC.",2834,4-NON,10-Q,20230331,N
1173313,ABVC,"ABVC BIOPHARMA, INC.",2834,4-NON,10-Q,20230331,Y
1173382,CAE,CAE INC,3690,,40-F,20230331,Y
1173420,NG,NOVAGOLD RESOURCES INC,1040,1-LAF,10-Q,20230228,Y
1173489,CEVA,CEVA INC,7370,1-LAF,10-Q,20230331,Y
1173514,HY,"HYSTER-YALE MATERIALS HANDLING, INC.",3537,2-ACC,10-Q,20230331,Y
1174850,NIC,NICOLET BANKSHARES INC,6021,1-LAF,10-Q,20230331,Y
1174891,GEDC,"CALETHOS, INC.",6798,4-NON,10-K,20221231,Y
1174922,WYNN,WYNN RESORTS LTD,7011,1-LAF,10-Q,20230331,Y
1174940,OGEN,ORAGENICS INC,2834,4-NON,10-K,20221231,Y
1175151,CTSO,CYTOSORBENTS CORP,3841,4-NON,10-Q,20230331,Y
1175454,CPAY,FLEETCOR TECHNOLOGIES INC,7389,1-LAF,10-Q,20230331,Y
1175535,,WHITESTONE REIT,6798,2-ACC,10-Q,20230331,N
1175680,CYDY,CYTODYN INC.,2834,1-LAF,10-Q,20230228,Y
1176309,ORMP,ORAMED PHARMACEUTICALS INC.,2834,4-NON,10-Q,20230331,Y
1176334,MMLP,MARTIN MIDSTREAM PARTNERS L.P.,5171,2-ACC,10-Q,20230331,Y
1176948,ARES,ARES MANAGEMENT CORP,6282,1-LAF,10-Q,20230331,Y
1177394,SNX,TD SYNNEX CORP,5045,1-LAF,10-Q,20230228,Y
1177609,FIVE,"FIVE BELOW, INC",5331,1-LAF,10-Q,20230430,Y
1177648,ENTA,ENANTA PHARMACEUTICALS INC,2834,1-LAF,10-Q,20230331,Y
1177702,SAIA,SAIA INC,4213,1-LAF,10-Q,20230331,Y
1178253,SCYX,SCYNEXIS INC,2834,4-NON,10-Q,20230331,Y
1178670,ALNY,"ALNYLAM PHARMACEUTICALS, INC.",2834,1-LAF,10-Q,20230331,Y
1178697,SONM,SONIM TECHNOLOGIES INC,3661,4-NON,10-Q,20230331,Y
1178711,,"PARATEK PHARMACEUTICALS, INC.",2834,2-ACC,10-Q,20230331,N
1178879,,"AMICUS THERAPEUTICS, INC.",2834,1-LAF,10-Q,20230331,N
1178970,PFS,PROVIDENT FINANCIAL SERVICES INC,6035,1-LAF,10-Q,20230331,Y
1179821,BGI,BIRKS GROUP INC.,5944,4-NON,20-F,20230331,Y
1179929,MOH,"MOLINA HEALTHCARE, INC.",6324,1-LAF,10-Q,20230331,Y
1180262,HLF,HERBALIFE LTD.,5122,1-LAF,10-Q,20230331,Y
1182731,,CONNEXIONONE CORP.,7370,4-NON,10-Q,20230331,N
1183765,,"MOLECULAR TEMPLATES, INC.",2834,4-NON,10-Q,20230331,N
1185198,,AEI INCOME & GROWTH FUND 25 LLC,6500,4-NON,10-Q,20230331,N
1185348,PRAA,PRA GROUP INC,7320,1-LAF,10-Q,20230331,Y
1187953,CELZ,"CREATIVE MEDICAL TECHNOLOGY HOLDINGS, INC.",2836,4-NON,10-Q,20230331,Y
1192448,GKOS,GLAUKOS CORP,3841,1-LAF,10-Q,20230331,Y
1193311,,ONCOR ELECTRIC DELIVERY CO LLC,4911,4-NON,10-Q,20230331,N
1195734,,POTBELLY CORP,5812,2-ACC,10-Q,20230331,N
1196298,NEPH,NEPHROS INC,3841,4-NON,10-Q,20230331,Y
1198415,,"ALTEGRIS WINTON FUTURES FUND, L.P.",6221,4-NON,10-Q,20230331,N
1200375,CDXS,"CODEXIS, INC.",2860,2-ACC,10-Q,20230331,Y
1201792,APEI,AMERICAN PUBLIC EDUCATION INC,8200,2-ACC,10-Q,20230331,Y
1205059,,REPLICEL LIFE SCIENCES INC.,2836,4-NON,20-F,20221231,N
1205922,VCNX,"VACCINEX, INC.",2834,4-NON,10-Q,20230331,Y
1206264,SGI,"TEMPUR SEALY INTERNATIONAL, INC.",2510,1-LAF,10-Q,20230331,Y
1209028,,ARLINGTON ASSET INVESTMENT CORP.,6798,4-NON,10-Q,20230331,N
1209709,,CERES TACTICAL SYSTEMATIC L.P.,6221,4-NON,10-Q,20230331,N
1210618,,"SPI ENERGY CO., LTD.",3674,4-NON,10-K,20221231,N
1210677,FA,FIRST ADVANTAGE CORP,7389,1-LAF,10-Q,20230331,Y
1210708,STRR,"HUDSON GLOBAL, INC.",7363,4-NON,10-K,20221231,Y
1211583,FENC,FENNEC PHARMACEUTICALS INC.,2836,4-NON,10-Q,20230331,Y
1211805,MYSZ,"MY SIZE, INC.",7372,4-NON,10-K,20221231,Y
1212545,WAL,WESTERN ALLIANCE BANCORPORATION,6022,1-LAF,10-Q,20230331,Y
1213037,CRDF,"CARDIFF ONCOLOGY, INC.",2836,4-NON,10-Q,20230331,Y
1213660,,BIMI INTERNATIONAL MEDICAL INC.,5122,4-NON,10-K,20221231,N
1213809,DYAI,DYADIC INTERNATIONAL INC,2836,4-NON,10-Q,20230331,Y
1214816,AXS,AXIS CAPITAL HOLDINGS LTD,6331,1-LAF,10-Q,20230331,Y
1217234,CDNA,"CAREDX, INC.",8071,1-LAF,10-Q,20230331,Y
1218683,BGDE,MAWSON INFRASTRUCTURE GROUP INC.,6199,4-NON,10-Q,20230331,Y
1219601,CCK,CROWN HOLDINGS INC,3411,1-LAF,10-Q,20230331,Y
1220754,,MODIVCARE INC,4700,1-LAF,10-Q,20230331,N
1221029,CPAC,CEMENTOS PACASMAYO SAA,3241,2-ACC,20-F,20221231,Y
1222333,GLD,SPDR GOLD TRUST,6221,1-LAF,10-Q,20230331,Y
1223389,,CONNS INC,5731,2-ACC,10-Q,20230430,N
1224133,MCHX,MARCHEX INC,7389,4-NON,10-Q,20230331,Y
1224608,CNO,"CNO FINANCIAL GROUP, INC.",6321,1-LAF,10-Q,20230331,Y
1226616,MNOV,MEDICINOVA INC,2834,4-NON,10-Q,20230331,Y
1227265,,CERES ORION L.P.,6221,4-NON,10-Q,20230331,N
1227500,EQBK,EQUITY BANCSHARES INC,6022,2-ACC,10-Q,20230331,Y
1227636,STIM,"NEURONETICS, INC.",3841,4-NON,10-Q,20230331,Y
1227654,CMP,COMPASS MINERALS INTERNATIONAL INC,1400,1-LAF,10-Q,20230331,Y
1228454,BCBP,BCB BANCORP INC,6035,2-ACC,10-Q,20230331,Y
1228627,IRD,"OCUPHIRE PHARMA, INC.",2834,4-NON,10-Q,20230331,Y
1230058,KANP,KAANAPALI LAND LLC,6552,4-NON,10-K,20221231,Y
1230245,PIPR,PIPER SANDLER COMPANIES,6211,1-LAF,10-Q,20230331,Y
1231339,,"ASTRA ENERGY, INC.",4911,4-NON,10-Q,20230228,N
1231457,GNLX,GENELUX CORP,2834,4-NON,10-Q,20230331,Y
1232524,JAZZ,JAZZ PHARMACEUTICALS PLC,2834,1-LAF,10-Q,20230331,Y
1232582,AHT,ASHFORD HOSPITALITY TRUST INC,6798,2-ACC,10-Q,20230331,Y
1234006,GOOD,GLADSTONE COMMERCIAL CORP,6519,1-LAF,10-Q,20230331,Y
1235468,LQDT,LIQUIDITY SERVICES INC,7389,2-ACC,10-Q,20230331,Y
1235912,CVRX,"CVRX, INC.",3841,4-NON,10-Q,20230331,Y
1236275,QXO,"SILVERSUN TECHNOLOGIES, INC.",7374,4-NON,10-Q,20230331,Y
1237831,GMED,GLOBUS MEDICAL INC,3841,1-LAF,10-Q,20230331,Y
1239819,,LUNA INNOVATIONS INC,8731,4-NON,10-Q,20230331,N
1253176,,VAPOTHERM INC,3841,2-ACC,10-Q,20230331,N
1253347,,COMMONWEALTH INCOME & GROWTH FUND V,7350,4-NON,10-K,20221231,N
1253689,CBIO,GLYCOMIMETICS INC,2834,4-NON,10-Q,20230331,Y
1253986,ABR,ARBOR REALTY TRUST INC,6798,1-LAF,10-Q,20230331,Y
1254699,QVCCQ,QVC INC,5961,4-NON,10-Q,20230331,Y
1257640,KRO,KRONOS WORLDWIDE INC,2810,2-ACC,10-Q,20230331,Y
1258602,NNI,NELNET INC,6141,1-LAF,10-Q,20230331,Y
1259429,OXSQ,OXFORD SQUARE CAPITAL CORP.,,4-NON,10-Q,20230331,Y
1260221,TDG,TRANSDIGM GROUP INC,3728,1-LAF,10-Q,20230331,Y
1260990,,"ONCTERNAL THERAPEUTICS, INC.",2834,4-NON,10-Q,20230331,N
1261002,GNOLF,GENOIL INC,1389,4-NON,20-F,20221231,Y
1261249,,AGILE THERAPEUTICS INC,2834,4-NON,10-Q,20230331,N
1261333,DOCU,"DOCUSIGN, INC.",7372,1-LAF,10-Q,20230430,Y
1261379,,FRONTIER FUNDS,6221,4-NON,10-K,20221231,N
1261654,UTI,UNIVERSAL TECHNICAL INSTITUTE INC,8200,2-ACC,10-Q,20230331,Y
1262039,FTNT,"FORTINET, INC.",3577,1-LAF,10-Q,20230331,Y
1262104,LITS,"MEI PHARMA, INC.",2834,4-NON,10-Q,20230331,Y
1262823,WLK,WESTLAKE CORP,2860,1-LAF,10-Q,20230331,Y
1262976,CMPR,CIMPRESS PLC,2750,1-LAF,10-Q,20230331,Y
1263043,SHG,SHINHAN FINANCIAL GROUP CO LTD,6021,1-LAF,20-F,20221231,Y
1263364,COPR,IDAHO COPPER CORP,6770,4-NON,10-Q,20230430,Y
1264136,WF,WOORI FINANCIAL GROUP INC.,6029,1-LAF,20-F,20221231,Y
1265131,HTH,HILLTOP HOLDINGS INC.,6022,1-LAF,10-Q,20230331,Y
1266806,VANI,"VIVANI MEDICAL, INC.",3845,4-NON,10-Q,20230331,Y
1267238,AIZ,"ASSURANT, INC.",6399,1-LAF,10-Q,20230331,Y
1267395,AHL-PD,ASPEN INSURANCE HOLDINGS LTD,6331,4-NON,20-F,20221231,Y
1267425,,BF GARDEN TAX CREDIT FUND V L.P.,6513,4-NON,10-K,20230331,N
1267426,,BCTC V ASSIGNOR CORP,6513,4-NON,10-Q,20230331,N
1267565,COLL,"COLLEGIUM PHARMACEUTICAL, INC",2834,1-LAF,10-Q,20230331,Y
1267602,,ALIMERA SCIENCES INC,2834,4-NON,10-Q,20230331,N
1267813,,"MARINUS PHARMACEUTICALS, INC.",2834,4-NON,10-Q,20230331,N
1268896,CILJF,CHINA LIFE INSURANCE CO LTD,6311,1-LAF,20-F,20221231,Y
1269026,SINT,"SINTX TECHNOLOGIES, INC.",3841,4-NON,10-Q,20230331,Y
1270073,,"INTERCEPT PHARMACEUTICALS, INC.",2834,2-ACC,10-Q,20230331,N
1270436,COHN,COHEN & CO INC.,6211,4-NON,10-Q,20230331,Y
1271833,,CCO HOLDINGS LLC,4841,4-NON,10-Q,20230331,N
1272842,AIRG,AIRGAIN INC,3663,4-NON,10-Q,20230331,Y
1273441,GTE,GRAN TIERRA ENERGY INC.,1311,2-ACC,10-Q,20230331,Y
1273685,ADAM,NEW YORK MORTGAGE TRUST INC,6798,1-LAF,10-Q,20230331,Y
1273813,AGO,ASSURED GUARANTY LTD,6351,1-LAF,10-Q,20230331,Y
1273931,,MONEYGRAM INTERNATIONAL INC,7389,1-LAF,10-Q,20230331,N
1274173,,JANUS HENDERSON GROUP PLC,6282,1-LAF,10-Q,20230331,N
1274494,FSLR,"FIRST SOLAR, INC.",3674,1-LAF,10-Q,20230331,Y
1274737,XGN,EXAGEN INC.,8071,4-NON,10-Q,20230331,Y
1274792,,MERRIMACK PHARMACEUTICALS INC,2834,4-NON,10-Q,20230331,N
1275014,UCTT,"ULTRA CLEAN HOLDINGS, INC.",3674,1-LAF,10-Q,20230331,Y
1275101,BOTJ,BANK OF THE JAMES FINANCIAL GROUP INC,6022,4-NON,10-Q,20230331,Y
1275158,NDLS,NOODLES & CO,5812,2-ACC,10-Q,20230331,Y
1275168,FSBC,FIVE STAR BANCORP,6022,4-NON,10-Q,20230331,Y
1275477,BMNM,"BIMINI CAPITAL MANAGEMENT, INC.",6798,4-NON,10-Q,20230331,Y
1276187,ET,ENERGY TRANSFER LP,4922,1-LAF,10-Q,20230331,Y
1276520,GNW,GENWORTH FINANCIAL INC,6311,1-LAF,10-Q,20230331,Y
1276531,,"SCIENTIFIC ENERGY, INC",6794,4-NON,10-K,20221231,N
1276671,,BANCO ITAU CHILE,6029,1-LAF,20-F,20221231,N
1277250,,"CHARGE ENTERPRISES, INC.",4822,2-ACC,10-Q,20230331,N
1277902,MVBF,MVB FINANCIAL CORP,6022,2-ACC,10-Q,20230331,Y
1277998,,MANUFACTURED HOUSING PROPERTIES INC.,6500,4-NON,10-Q,20230331,N
1278021,MKTX,MARKETAXESS HOLDINGS INC,6211,1-LAF,10-Q,20230331,Y
1278027,BGS,"B&G FOODS, INC.",2000,1-LAF,10-Q,20230331,Y
1278680,IAU,ISHARES GOLD TRUST,6221,1-LAF,10-Q,20230331,Y
1278752,MFIC,MIDCAP FINANCIAL INVESTMENT CORP,,1-LAF,10-Q,20230331,Y
1279620,ZDPY,"ZONED PROPERTIES, INC.",6512,4-NON,10-Q,20230331,Y
1279695,,UNIVERSAL BIOSENSORS INC,3841,4-NON,10-Q,20230331,N
1279704,CLRB,"CELLECTAR BIOSCIENCES, INC.",2834,4-NON,10-Q,20230331,Y
1279715,IWSH,"WRIGHT INVESTORS SERVICE HOLDINGS, INC.",6282,4-NON,10-Q,20230331,Y
1280058,BLKB,BLACKBAUD INC,7372,1-LAF,10-Q,20230331,Y
1280263,AMBA,AMBARELLA INC,3674,1-LAF,10-Q,20230430,Y
1280452,MPWR,MONOLITHIC POWER SYSTEMS INC,3674,1-LAF,10-Q,20230331,Y
1280776,IMUX,"IMMUNIC, INC.",2834,4-NON,10-Q,20230331,Y
1280784,HTGC,"HERCULES CAPITAL, INC.",,1-LAF,10-Q,20230331,Y
1281761,RF,REGIONS FINANCIAL CORP,6021,1-LAF,10-Q,20230331,Y
1281845,,"UNIQUE LOGISTICS INTERNATIONAL, INC.",4731,4-NON,10-Q,20230228,N
1281895,RCKT,"ROCKET PHARMACEUTICALS, INC.",2834,1-LAF,10-Q,20230331,Y
1281984,WDLF,"DECENTRAL LIFE, INC.",6199,4-NON,10-Q,20230331,Y
1282224,DLPN,"DOLPHIN ENTERTAINMENT, INC.",7200,4-NON,10-Q,20230331,Y
1282631,NLST,NETLIST INC,3674,1-LAF,10-Q,20230331,Y
1282637,NEU,NEWMARKET CORP,2860,1-LAF,10-Q,20230331,Y
1282648,BATL,BATTALION OIL CORP,1311,4-NON,10-Q,20230331,Y
1282977,,GREENHILL & CO INC,6211,2-ACC,10-Q,20230331,N
1282980,DROR,NOVINT TECHNOLOGIES INC,3577,4-NON,10-Q,20230331,Y
1283140,,HOLLY ENERGY PARTNERS LP,4610,1-LAF,10-Q,20230331,N
1283699,TMUS,"T-MOBILE US, INC.",4812,1-LAF,10-Q,20230331,Y
1283789,,"REYNALDO'S MEXICAN FOOD COMPANY, INC.",6770,4-NON,10-Q,20230331,N
1284454,,YONG BAI CHAO NEW RETAIL CORP,3714,4-NON,10-K,20221231,N
1284812,CNS,"COHEN & STEERS, INC.",6282,1-LAF,10-Q,20230331,Y
1285543,,"ZERIFY, INC.",7372,4-NON,10-K,20221231,N
1285550,CLPT,"CLEARPOINT NEURO, INC.",3841,4-NON,10-Q,20230331,Y
1285785,MOS,MOSAIC CO,2870,1-LAF,10-Q,20230331,Y
1285819,OMER,OMEROS CORP,2834,2-ACC,10-Q,20230331,Y
1286043,KRG,KITE REALTY GROUP TRUST,6798,1-LAF,10-Q,20230331,Y
1286139,LZ,"LEGALZOOM.COM, INC.",7374,1-LAF,10-Q,20230331,Y
1286459,,ALL FOR ONE MEDIA CORP.,7900,4-NON,10-Q,20230331,N
1286613,LINC,LINCOLN EDUCATIONAL SERVICES CORP,8200,2-ACC,10-Q,20230331,Y
1286648,,GZ6G TECHNOLOGIES CORP.,4812,4-NON,10-K,20221231,N
1286681,DPZ,DOMINOS PIZZA INC,5140,1-LAF,10-Q,20230331,Y
1287032,PSEC,PROSPECT CAPITAL CORP,,1-LAF,10-Q,20230331,Y
1287098,MXCT,"MAXCYTE, INC.",8731,4-NON,10-Q,20230331,Y
1287213,PLOW,"DOUGLAS DYNAMICS, INC",3531,1-LAF,10-Q,20230331,Y
1287750,ARCC,ARES CAPITAL CORP,,1-LAF,10-Q,20230331,Y
1287865,MPT,MEDICAL PROPERTIES TRUST INC,6798,1-LAF,10-Q,20230331,Y
1288403,WTI,W&T OFFSHORE INC,1311,2-ACC,10-Q,20230331,Y
1288469,MXL,"MAXLINEAR, INC",3674,1-LAF,10-Q,20230331,Y
1288750,,TIMBERLINE RESOURCES CORP,1040,4-NON,10-Q,20230331,N
1288847,FIVN,"FIVE9, INC.",7374,1-LAF,10-Q,20230331,Y
1288855,OPHC,"OPTIMUMBANK HOLDINGS, INC.",6021,4-NON,10-Q,20230331,Y
1289237,,"U. S. PREMIUM BEEF, LLC",0200,4-NON,10-Q,20230331,N
1289308,ENS,ENERSYS,3690,1-LAF,10-K,20230331,Y
1289340,STXS,"STEREOTAXIS, INC.",3845,4-NON,10-Q,20230331,Y
1289419,MORN,"MORNINGSTAR, INC.",6282,1-LAF,10-Q,20230331,Y
1289460,TXRH,"TEXAS ROADHOUSE, INC.",5812,1-LAF,10-Q,20230331,Y
1289490,EXR,EXTRA SPACE STORAGE INC.,6798,1-LAF,10-Q,20230331,Y
1289636,,PROFIRE ENERGY INC,3533,4-NON,10-Q,20230331,N
1289848,HURN,HURON CONSULTING GROUP INC.,8742,1-LAF,10-Q,20230331,Y
1289850,,"NEUROMETRIX, INC.",3841,4-NON,10-Q,20230331,N
1289945,SPOK,"SPOK HOLDINGS, INC",4812,2-ACC,10-Q,20230331,Y
1290109,LPL,"LG DISPLAY CO., LTD.",3679,1-LAF,20-F,20221231,Y
1290476,,VILLAGE BANK & TRUST FINANCIAL CORP.,6022,4-NON,10-Q,20230331,N
1290658,ITOX,"IIOT-OXYS, INC.",7372,4-NON,10-K,20221231,Y
1290677,TPB,"TURNING POINT BRANDS, INC.",2100,2-ACC,10-Q,20230331,Y
1290900,CVGI,"COMMERCIAL VEHICLE GROUP, INC.",3714,2-ACC,10-Q,20230331,Y
1291855,SPCB,SUPERCOM LTD,3674,4-NON,20-F,20221231,Y
1292519,,INVIVO THERAPEUTICS HOLDINGS CORP.,3841,4-NON,10-Q,20230331,N
1293282,,TECHTARGET INC,4822,1-LAF,10-Q,20230331,N
1293310,,"HUMANIGEN, INC",2834,4-NON,10-Q,20230331,N
1293818,CFOR,OPGEN INC,8071,4-NON,10-Q,20230331,Y
1293971,,"BLUEBIRD BIO, INC.",2836,4-NON,10-Q,20230331,N
1294133,INGN,INOGEN INC,3842,2-ACC,10-Q,20230331,Y
1295401,TBBK,"BANCORP, INC.",6021,1-LAF,10-Q,20230331,Y
1295514,MDWK,"MDWERKS, INC.",6770,4-NON,10-Q,20230331,Y
1295810,SHO,"SUNSTONE HOTEL INVESTORS, INC.",7011,1-LAF,10-Q,20230331,Y
1295947,PBH,PRESTIGE CONSUMER HEALTHCARE INC.,2834,1-LAF,10-K,20230331,Y
1296445,ORA,"ORMAT TECHNOLOGIES, INC.",4911,1-LAF,10-Q,20230331,Y
1296484,TOPS,TOP SHIPS INC.,4412,4-NON,20-F,20221231,Y
1296774,NCTY,THE9 LTD,7389,4-NON,20-F,20221231,Y
1296884,,"LIGHTSTONE VALUE PLUS REIT I, INC.",6798,4-NON,10-Q,20230331,N
1297184,AMPH,"AMPHASTAR PHARMACEUTICALS, INC.",2834,1-LAF,10-Q,20230331,Y
1297341,KFFB,KENTUCKY FIRST FEDERAL BANCORP,6035,4-NON,10-Q,20230331,Y
1297937,PRKA,"PARKS AMERICA, INC",7990,4-NON,10-Q,20230331,Y
1297989,EXLS,"EXLSERVICE HOLDINGS, INC.",7389,1-LAF,10-Q,20230331,Y
1297996,DLR,"DIGITAL REALTY TRUST, INC.",6798,1-LAF,10-Q,20230331,Y
1298675,CUBE,CUBESMART,6798,1-LAF,10-Q,20230331,Y
1298946,DRH,DIAMONDROCK HOSPITALITY CO,6798,1-LAF,10-Q,20230331,Y
1299130,PACB,"PACIFIC BIOSCIENCES OF CALIFORNIA, INC.",3826,1-LAF,10-Q,20230331,Y
1299709,AX,"AXOS FINANCIAL, INC.",6035,1-LAF,10-Q,20230331,Y
1299969,CHCI,"COMSTOCK HOLDING COMPANIES, INC.",6500,4-NON,10-Q,20230331,Y
1300514,LVS,LAS VEGAS SANDS CORP,7011,1-LAF,10-Q,20230331,Y
1300524,,AMERICAN INTERNATIONAL HOLDINGS CORP.,8000,4-NON,10-K,20221231,N
1300734,,"SHINECO, INC.",0100,4-NON,10-Q,20230331,N
1300781,,"DH ENCHANTMENT, INC.",5122,4-NON,10-K,20230331,N
1300938,,"ABCO ENERGY, INC.",1700,4-NON,10-K,20221231,N
1301236,,SOTHERLY HOTELS INC.,6798,4-NON,10-Q,20230331,N
1301787,BXC,BLUELINX HOLDINGS INC.,5031,2-ACC,10-Q,20230331,Y
1301991,,"SMARTMETRIC, INC.",3990,4-NON,10-Q,20230331,N
1302028,,"MANITEX INTERNATIONAL, INC.",3559,2-ACC,10-Q,20230331,N
1302215,HLI,"HOULIHAN LOKEY, INC.",6282,1-LAF,10-K,20230331,Y
1302387,BVFL,"BV FINANCIAL, INC.",6035,4-NON,10-Q,20230331,Y
1303942,,BANKFINANCIAL CORP,6035,4-NON,10-Q,20230331,N
1304161,PBSV,"PHARMA-BIO SERV, INC.",8742,4-NON,10-Q,20230430,Y
1304280,,NOVELIS INC.,3350,4-NON,10-K,20230331,N
1304409,AHNRF,ATHENA GOLD CORP,1040,4-NON,10-Q,20230331,Y
1304421,,"CONSOLIDATED COMMUNICATIONS HOLDINGS, INC.",4813,2-ACC,10-Q,20230331,N
1304492,ATEX,ANTERIX INC.,4813,4-NON,10-K,20230331,Y
1305168,,"ARC DOCUMENT SOLUTIONS, INC.",7330,2-ACC,10-Q,20230331,N
1305253,,"EIGER BIOPHARMACEUTICALS, INC.",2836,4-NON,10-Q,20230331,N
1305773,,CONFORMIS INC,3842,4-NON,10-Q,20230331,N
1306830,CE,CELANESE CORP,2820,1-LAF,10-Q,20230331,Y
1307579,LIQT,LIQTECH INTERNATIONAL INC,3590,4-NON,10-Q,20230331,Y
1307624,,"HEALTHTECH SOLUTIONS, INC./UT",3841,4-NON,10-K,20221231,N
1307748,IVT,INVENTRUST PROPERTIES CORP.,6798,1-LAF,10-Q,20230331,Y
1307954,HUN,HUNTSMAN CORP,2800,1-LAF,10-Q,20230331,Y
1308208,ULH,"UNIVERSAL LOGISTICS HOLDINGS, INC.",4213,2-ACC,10-Q,20230331,Y
1308547,DLB,"DOLBY LABORATORIES, INC.",6794,1-LAF,10-Q,20230331,Y
1308606,,"SPIRIT REALTY CAPITAL, INC.",6512,1-LAF,10-Q,20230331,N
1309057,,"CHINA HEALTH INDUSTRIES HOLDINGS, INC.",2834,4-NON,10-Q,20230331,N
1309082,CEIN,"CAMBER ENERGY, INC.",1311,4-NON,10-Q,20230331,Y
1309108,WEX,WEX INC.,7389,1-LAF,10-Q,20230331,Y
1309402,GPRE,GREEN PLAINS INC.,2860,1-LAF,10-Q,20230331,Y
1310383,,"SUMMIT HEALTHCARE REIT, INC",6798,4-NON,10-Q,20230331,N
1310488,BFNH,"BIOFORCE NANOSCIENCES HOLDINGS, INC.",3826,4-NON,10-Q,20230331,Y
1310527,,"QSAM BIOSCIENCES, INC.",2842,4-NON,10-Q,20230331,N
1310630,CFOO,CHINA FOODS HOLDINGS LTD.,2833,4-NON,10-Q,20230331,Y
1311370,LAZ,LAZARD LTD,6282,1-LAF,10-Q,20230331,Y
1311673,YTFD,"YALE TRANSACTION FINDERS, INC.",6770,4-NON,10-Q,20230331,Y
1313275,,BRIGHTCOVE INC,7374,2-ACC,10-Q,20230331,N
1313310,GRVY,"GRAVITY CO., LTD.",7389,2-ACC,20-F,20221231,Y
1314052,AVXL,ANAVEX LIFE SCIENCES CORP.,2836,1-LAF,10-Q,20230331,Y
1314102,EYPT,"EYEPOINT PHARMACEUTICALS, INC.",3826,4-NON,10-Q,20230331,Y
1314152,,"JLL INCOME PROPERTY TRUST, INC.",6798,4-NON,10-Q,20230331,N
1314196,OLB,"OLB GROUP, INC.",7389,4-NON,10-Q,20230331,Y
1314727,SONO,SONOS INC,3651,1-LAF,10-Q,20230331,Y
1315061,,RIDGEWOOD ENERGY O FUND LLC,1382,4-NON,10-Q,20230331,N
1315098,RBLX,ROBLOX CORP,7372,1-LAF,10-Q,20230331,Y
1315257,KOP,KOPPERS HOLDINGS INC.,2400,2-ACC,10-Q,20230331,Y
1315399,PKBK,"PARKE BANCORP, INC.",6022,4-NON,10-Q,20230331,Y
1316517,,"KANDI TECHNOLOGIES GROUP, INC.",3711,2-ACC,10-Q,20230331,N
1316835,BLDR,"BUILDERS FIRSTSOURCE, INC.",5211,1-LAF,10-Q,20230331,Y
1316944,,FEDERAL HOME LOAN BANK OF SAN FRANCISCO,6111,4-NON,10-Q,20230331,N
1317630,,ITC HOLDINGS CORP.,4911,4-NON,10-Q,20230331,N
1317833,,"GOLDEN ALLY LIFETECH GROUP, INC.",3590,4-NON,10-K,20221231,N
1317945,OFLX,"OMEGA FLEX, INC.",3430,2-ACC,10-Q,20230331,Y
1318008,ZUMZ,ZUMIEZ INC,5600,2-ACC,10-Q,20230430,Y
1318220,WCN,"WASTE CONNECTIONS, INC.",4953,1-LAF,10-Q,20230331,Y
1318482,KDOZF,KIDOZ INC.,7900,4-NON,20-F,20221231,Y
1318484,CTRN,CITI TRENDS INC,5600,2-ACC,10-K,20230131,Y
1318568,,EVERI HOLDINGS INC.,7990,1-LAF,10-Q,20230331,N
1318605,TSLA,"TESLA, INC.",3711,1-LAF,10-Q,20230331,Y
1318742,,NCL CORP LTD.,4400,4-NON,10-Q,20230331,N
1319150,PBMLF,PACIFIC BOOKER MINERALS INC.,1000,4-NON,20-F,20230131,Y
1319161,WMG,WARNER MUSIC GROUP CORP.,7900,1-LAF,10-Q,20230331,Y
1319229,,TRANSMONTAIGNE PARTNERS LLC,4610,4-NON,10-Q,20230331,N
1319643,,LODE-STAR MINING INC.,1040,4-NON,10-Q,20230331,N
1319947,DBI,DESIGNER BRANDS INC.,5661,1-LAF,10-Q,20230430,Y
1320350,LNSR,"LENSAR, INC.",3841,4-NON,10-Q,20230331,Y
1320414,,SELECT MEDICAL HOLDINGS CORP,8060,1-LAF,10-Q,20230331,N
1320461,CPS,COOPER-STANDARD HOLDINGS INC.,3714,2-ACC,10-Q,20230331,Y
1320695,,"TREEHOUSE FOODS, INC.",2030,1-LAF,10-Q,20230331,N
1320760,TSSI,"TSS, INC.",8742,4-NON,10-Q,20230331,Y
1320854,RAIL,"FREIGHTCAR AMERICA, INC.",3743,4-NON,10-Q,20230331,Y
1321517,,STRATOS RENEWABLES CORP,2860,4-NON,10-Q,20230331,N
1321655,PLTR,PALANTIR TECHNOLOGIES INC.,7372,1-LAF,10-Q,20230331,Y
1321732,PEN,PENUMBRA INC,3841,1-LAF,10-Q,20230331,Y
1321741,GAIN,GLADSTONE INVESTMENT CORPORATIONDE,,4-NON,10-K,20230331,Y
1321828,,DATA CALL TECHNOLOGIES,7389,4-NON,10-Q,20230331,N
1321834,QCLS,"MYMD PHARMACEUTICALS, INC.",2835,4-NON,10-Q,20230331,Y
1322439,,EAGLE BULK SHIPPING INC.,4412,2-ACC,10-Q,20230331,N
1323468,GLP,GLOBAL PARTNERS LP,5171,1-LAF,10-Q,20230331,Y
1323885,ATRC,"ATRICURE, INC.",3841,1-LAF,10-Q,20230331,Y
1324272,,"RUTHS HOSPITALITY GROUP, INC.",5812,1-LAF,10-Q,20230331,N
1324404,CF,"CF INDUSTRIES HOLDINGS, INC.",2870,1-LAF,10-Q,20230331,Y
1324424,EXPE,"EXPEDIA GROUP, INC.",4700,1-LAF,10-Q,20230331,Y
1324736,,HERO TECHNOLOGIES INC.,2833,4-NON,10-Q,20230331,N
1324759,HGYN,HONG YUAN HOLDING GROUP,2821,4-NON,10-Q,20230331,Y
1324948,RBC,RBC BEARINGS INC,3562,1-LAF,10-K,20230331,Y
1325618,IRMD,IRADIMED CORP,3841,4-NON,10-Q,20230331,Y
1325670,FRST,PRIMIS FINANCIAL CORP.,6022,2-ACC,10-Q,20230331,Y
1325676,,CERES TACTICAL COMMODITY L.P.,6221,4-NON,10-Q,20230331,N
1325702,MX,MAGNACHIP SEMICONDUCTOR CORP,3674,1-LAF,10-Q,20230331,Y
1325814,,FEDERAL HOME LOAN BANK OF DES MOINES,6111,4-NON,10-Q,20230331,N
1325878,,FEDERAL HOME LOAN BANK OF TOPEKA,6111,4-NON,10-Q,20230331,N
1325964,LWLG,"LIGHTWAVE LOGIC, INC.",3080,1-LAF,10-Q,20230331,Y
1326003,,BLACKROCK CAPITAL INVESTMENT CORP,,4-NON,10-Q,20230331,N
1326110,IBRX,"IMMUNITYBIO, INC.",2836,4-NON,10-Q,20230331,Y
1326141,,LAZARD GROUP LLC,6282,4-NON,10-Q,20230331,N
1326160,DUK,DUKE ENERGY CORP,4931,1-LAF,10-Q,20230331,Y
1326190,ALT,"ALTIMMUNE, INC.",2834,4-NON,10-Q,20230331,Y
1326200,GNK,GENCO SHIPPING & TRADING LTD,4412,1-LAF,10-Q,20230331,Y
1326321,,AEI INCOME & GROWTH FUND 26 LLC,6500,4-NON,10-Q,20230331,N
1326380,GME,GAMESTOP CORP.,5734,1-LAF,10-Q,20230430,Y
1326706,FEED,"NANOVIBRONIX, INC.",3842,4-NON,10-K,20221231,Y
1326732,XNCR,XENCOR INC,2834,1-LAF,10-Q,20230331,Y
1326771,,FEDERAL HOME LOAN BANK OF CINCINNATI,6111,4-NON,10-Q,20230331,N
1326801,META,"META PLATFORMS, INC.",7370,1-LAF,10-Q,20230331,Y
1327068,USO,"UNITED STATES OIL FUND, LP",6221,1-LAF,10-Q,20230331,Y
1327273,,"LYRA THERAPEUTICS, INC.",3841,4-NON,10-Q,20230331,N
1327318,,"TRUECAR, INC.",7370,2-ACC,10-Q,20230331,N
1327567,PANW,PALO ALTO NETWORKS INC,3577,1-LAF,10-Q,20230430,Y
1327607,MYFW,FIRST WESTERN FINANCIAL INC,6022,2-ACC,10-Q,20230331,Y
1327688,OOMA,OOMA INC,7374,2-ACC,10-K,20230131,Y
1327811,WDAY,"WORKDAY, INC.",7374,1-LAF,10-Q,20230430,Y
1327978,ZARE,ARES REAL ESTATE INCOME TRUST INC.,6798,4-NON,10-Q,20230331,Y
1328237,DBC,INVESCO DB COMMODITY INDEX TRACKING FUND,6221,1-LAF,10-Q,20230331,Y
1328581,BCC,BOISE CASCADE CO,5030,1-LAF,10-Q,20230331,Y
1328598,FXE,INVESCO CURRENCYSHARES EURO TRUST,6221,4-NON,10-Q,20230331,Y
1328792,TPCS,TECHPRECISION CORP,3440,4-NON,10-K,20230331,Y
1328919,GASS,STEALTHGAS INC.,4412,2-ACC,20-F,20221231,Y
1329394,SIMO,SILICON MOTION TECHNOLOGY CORP,3674,1-LAF,20-F,20221231,Y
1329606,CETY,"CLEAN ENERGY TECHNOLOGIES, INC.",3621,4-NON,10-K,20221231,Y
1329842,,FEDERAL HOME LOAN BANK OF NEW YORK,6111,4-NON,10-Q,20230331,N
1330399,,FEDERAL HOME LOAN BANK OF PITTSBURGH,6111,4-NON,10-Q,20230331,N
1330568,SLV,ISHARES SILVER TRUST,6221,1-LAF,10-Q,20230331,Y
1331421,SDCO,"HALLMARK VENTURE GROUP, INC.",6500,4-NON,10-K,20221231,Y
1331451,,FEDERAL HOME LOAN BANK OF CHICAGO,6111,4-NON,10-Q,20230331,N
1331463,,FEDERAL HOME LOAN BANK OF BOSTON,6111,4-NON,10-Q,20230331,N
1331465,,FEDERAL HOME LOAN BANK OF ATLANTA,6111,4-NON,10-Q,20230331,N
1331520,HOMB,HOME BANCSHARES INC,6022,1-LAF,10-Q,20230331,Y
1331612,,"INNOVATIVE MEDTECH, INC.",5040,4-NON,10-Q,20230331,N
1331754,,FEDERAL HOME LOAN BANK OF INDIANAPOLIS,6111,4-NON,10-Q,20230331,N
1331757,,FEDERAL HOME LOAN BANK OF DALLAS,6111,4-NON,10-Q,20230331,N
1331875,FNF,"FIDELITY NATIONAL FINANCIAL, INC.",6361,1-LAF,10-Q,20230331,Y
1332174,GSG,ISHARES S&P GSCI COMMODITY-INDEXED TRUST,6221,1-LAF,10-Q,20230331,Y
1332349,BKD,BROOKDALE SENIOR LIVING INC.,8050,1-LAF,10-Q,20230331,Y
1332551,ACR,ACRES COMMERCIAL REALTY CORP.,6798,2-ACC,10-Q,20230331,Y
1333274,MERC,MERCER INTERNATIONAL INC.,2611,1-LAF,10-Q,20230331,Y
1333493,EHTH,"EHEALTH, INC.",6411,2-ACC,10-Q,20230331,Y
1333822,LEDS,SEMILEDS CORP,3674,4-NON,10-Q,20230228,Y
1333835,,CASA SYSTEMS INC,3663,2-ACC,10-Q,20230331,N
1333986,EQH,"EQUITABLE HOLDINGS, INC.",6411,1-LAF,10-Q,20230331,Y
1334036,CROX,"CROCS, INC.",3021,1-LAF,10-Q,20230331,Y
1334325,CODA,"CODA OCTOPUS GROUP, INC.",3812,4-NON,10-Q,20230430,Y
1334933,UEC,URANIUM ENERGY CORP,1090,1-LAF,10-Q,20230430,Y
1334978,CCO,"CLEAR CHANNEL OUTDOOR HOLDINGS, INC.",7310,2-ACC,10-Q,20230331,Y
1335105,NMAD,"LIXTE BIOTECHNOLOGY HOLDINGS, INC.",2834,4-NON,10-Q,20230331,Y
1335112,,"LOGIQ, INC.",7389,4-NON,10-K,20221231,N
1335258,LYV,"LIVE NATION ENTERTAINMENT, INC.",7900,1-LAF,10-Q,20230331,Y
1335730,MFG,MIZUHO FINANCIAL GROUP INC,6021,1-LAF,20-F,20230331,Y
1336047,,"BOARDWALK PIPELINE PARTNERS, LP",4922,4-NON,10-Q,20230331,N
1336917,UAA,"UNDER ARMOUR, INC.",2300,1-LAF,10-K,20230331,Y
1336920,LDOS,"LEIDOS HOLDINGS, INC.",7373,1-LAF,10-Q,20230331,Y
1337013,INFU,"INFUSYSTEM HOLDINGS, INC",3841,2-ACC,10-Q,20230331,Y
1337068,MGYR,"MAGYAR BANCORP, INC.",6035,4-NON,10-Q,20230331,Y
1337117,ITRN,ITURAN LOCATION & CONTROL LTD.,5065,2-ACC,20-F,20221231,Y
1337298,FF,FUTUREFUEL CORP.,2860,2-ACC,10-Q,20230331,Y
1337619,,"ENVESTNET, INC.",7389,1-LAF,10-Q,20230331,N
1338065,,"DCP MIDSTREAM, LP",4922,1-LAF,10-Q,20230331,N
1338474,,RIDGEWOOD ENERGY Q FUND LLC,1382,4-NON,10-Q,20230331,N
1338749,,POTLATCHDELTIC CORP,6798,1-LAF,10-Q,20230331,N
1338929,AHRO,"AUTHENTIC HOLDINGS, INC.",5130,4-NON,10-K,20221231,Y
1339005,FEMY,FEMASYS INC,3841,4-NON,10-Q,20230331,Y
1339605,,"H&E EQUIPMENT SERVICES, INC.",7350,1-LAF,10-Q,20230331,N
1339688,LCGMF,LION COPPER & GOLD CORP.,1000,4-NON,10-Q,20230331,Y
1339970,ATYR,ATYR PHARMA INC,2836,4-NON,10-Q,20230331,Y
1340122,,"CALUMET SPECIALTY PRODUCTS PARTNERS, L.P.",2911,2-ACC,10-Q,20230331,N
1340476,DRTTF,DIRTT ENVIRONMENTAL SOLUTIONS LTD,7372,2-ACC,10-Q,20230331,Y
1340677,SVM,SILVERCORP METALS INC,1040,,40-F,20230331,Y
1341170,ESEA,EUROSEAS LTD.,4412,4-NON,20-F,20221231,Y
1341235,ALDX,"ALDEYRA THERAPEUTICS, INC.",2834,4-NON,10-Q,20230331,Y
1341317,BWB,BRIDGEWATER BANCSHARES INC,6022,2-ACC,10-Q,20230331,Y
1341318,,"LAKE SHORE BANCORP, INC.",6035,4-NON,10-Q,20230331,N
1341439,ORCL,ORACLE CORP,7372,1-LAF,10-K,20230531,Y
1341726,,"GULFSLOPE ENERGY, INC.",1311,4-NON,10-Q,20230331,N
1341766,CELH,"CELSIUS HOLDINGS, INC.",2086,1-LAF,10-Q,20230331,Y
1342219,,"NAMLIONG SKYCOSMOS, INC.",2860,4-NON,10-Q,20230331,N
1342338,HIMX,"HIMAX TECHNOLOGIES, INC.",3674,1-LAF,20-F,20221231,Y
1342423,LMNR,LIMONEIRA CO,0100,2-ACC,10-Q,20230430,Y
1342792,,WORLDWIDE STRATEGIES INC,7372,4-NON,10-Q,20230430,N
1342936,,"ADVANCED VOICE RECOGNITION SYSTEMS, INC",1311,4-NON,10-Q,20230331,N
1342958,KUST,"DIGITAL ALLY, INC.",3663,4-NON,10-Q,20230331,Y
1343009,CNBX,CNBX PHARMACEUTICALS INC.,2834,4-NON,10-Q,20230228,Y
1343465,SNPW,SUN PACIFIC HOLDING CORP.,7310,4-NON,10-K,20221231,Y
1345016,YELP,YELP INC,7200,1-LAF,10-Q,20230331,Y
1345126,CODI,COMPASS DIVERSIFIED HOLDINGS,2510,1-LAF,10-Q,20230331,Y
1346022,ENRT,ENERTOPIA CORP.,1000,4-NON,10-Q,20230228,Y
1346610,SOS,SOS LTD,6199,4-NON,20-F,20221231,Y
1346655,,"CMG HOLDINGS GROUP, INC.",7310,4-NON,10-K,20221231,N
1346830,TVRD,"CARA THERAPEUTICS, INC.",2834,4-NON,10-Q,20230331,Y
1346917,GNTOF,GENTOR RESOURCES INC.,1000,4-NON,20-F,20221231,Y
1347178,VNDA,VANDA PHARMACEUTICALS INC.,2834,1-LAF,10-Q,20230331,Y
1347242,LIPO,LIPELLA PHARMACEUTICALS INC,2834,4-NON,10-Q,20230331,Y
1347426,BMA,MACRO BANK INC.,6029,1-LAF,20-F,20221231,Y
1347491,,ALEXANDER TECH CORP,6770,4-NON,10-Q,20220731,N
1347557,PAC,PACIFIC AIRPORT GROUP,4581,1-LAF,20-F,20221231,Y
1347652,,"CORENERGY INFRASTRUCTURE TRUST, INC.",6798,4-NON,10-Q,20230331,N
1347858,XXII,"22ND CENTURY GROUP, INC.",2111,4-NON,10-Q,20230331,Y
1348362,LEXX,LEXARIA BIOSCIENCE CORP.,2834,4-NON,10-Q,20230228,Y
1349436,SD,SANDRIDGE ENERGY INC,1311,2-ACC,10-Q,20230331,Y
1349706,TOGI,IMPERALIS HOLDING CORP.,3620,4-NON,10-K,20221231,Y
1350073,,"ICONIC BRANDS, INC.",2080,4-NON,10-Q,20230331,N
1350102,ASTI,"ASCENT SOLAR TECHNOLOGIES, INC.",3674,4-NON,10-Q,20230331,Y
1350156,PAXH,PREAXIA HEALTH CARE PAYMENT SYSTEMS INC.,5700,4-NON,10-Q,20230228,Y
1350593,MWA,"MUELLER WATER PRODUCTS, INC.",3490,1-LAF,10-Q,20230331,Y
1350653,ATEC,"ALPHATEC HOLDINGS, INC.",3841,2-ACC,10-Q,20230331,Y
1351636,SSTI,"SOUNDTHINKING, INC.",7372,4-NON,10-Q,20230331,Y
1351901,,COMMONWEALTH INCOME & GROWTH FUND VI,7350,4-NON,10-K,20221231,N
1352010,EPAM,"EPAM SYSTEMS, INC.",7371,1-LAF,10-Q,20230331,Y
1352081,,CARDINAL ETHANOL LLC,2860,4-NON,10-Q,20230331,N
1352190,,RIDGEWOOD ENERGY S FUND LLC,1382,4-NON,10-Q,20230331,N
1352952,CNFN,CFN ENTERPRISES INC.,7389,4-NON,10-K,20221231,Y
1353283,,SPLUNK INC,7372,1-LAF,10-Q,20230430,N
1353538,,"APPGATE, INC.",7372,4-NON,10-Q,20230331,N
1353611,FXB,INVESCO CURRENCYSHARES BRITISH POUND STERLING TRUST,6221,4-NON,10-Q,20230331,Y
1353612,FXC,INVESCO CURRENCYSHARES CANADIAN DOLLAR TRUST,6221,4-NON,10-Q,20230331,Y
1353613,FXY,INVESCO CURRENCYSHARES JAPANESE YEN TRUST,6221,4-NON,10-Q,20230331,Y
1353614,FXA,INVESCO CURRENCYSHARES AUSTRALIAN DOLLAR TRUST,6221,4-NON,10-Q,20230331,Y
1353615,FXF,INVESCO CURRENCYSHARES SWISS FRANC TRUST,6221,4-NON,10-Q,20230331,Y
1354327,,"PGT INNOVATIONS, INC.",3442,1-LAF,10-Q,20230331,N
1354866,BYRN,BYRNA TECHNOLOGIES INC.,3690,4-NON,10-Q,20230228,Y
1355096,QVCAQ,"QURATE RETAIL, INC.",5961,1-LAF,10-Q,20230331,Y
1355250,,INNOVATION PHARMACEUTICALS INC.,2834,4-NON,10-Q,20230331,N
1355736,AVCRF,AVRICORE HEALTH INC.,2834,4-NON,20-F,20221231,Y
1355790,ISCO,INTERNATIONAL STEM CELL CORP,2834,4-NON,10-Q,20230331,Y
1355839,IPM,"PALTALK, INC.",7389,4-NON,10-Q,20230331,Y
1355848,TOON,"GENIUS BRANDS INTERNATIONAL, INC.",7812,4-NON,10-K,20221231,Y
1356090,PGEN,"PRECIGEN, INC.",2834,2-ACC,10-Q,20230331,Y
1356093,CREX,"CREATIVE REALITIES, INC.",7373,4-NON,10-Q,20230331,Y
1356115,NXDT,NEXPOINT DIVERSIFIED REAL ESTATE TRUST,6798,4-NON,10-Q,20230331,Y
1356570,,WNS (HOLDINGS) LTD,7389,1-LAF,20-F,20230331,N
1356576,SUPN,"SUPERNUS PHARMACEUTICALS, INC.",2834,1-LAF,10-Q,20230331,Y
1357459,PALI,"PALISADE BIO, INC.",2836,4-NON,10-Q,20230331,Y
1357615,KBR,"KBR, INC.",1600,1-LAF,10-Q,20230331,Y
1357671,CRTD,"CREATD, INC.",7819,4-NON,10-K,20221231,Y
1357874,DTIL,PRECISION BIOSCIENCES INC,2836,2-ACC,10-Q,20230331,Y
1357878,,"REGENEREX PHARMA, INC.",2834,4-NON,10-K,20230331,N
1357971,ESOA,ENERGY SERVICES OF AMERICA CORP,1623,4-NON,10-Q,20230331,Y
1358190,ITP,"IT TECH PACKAGING, INC.",2670,4-NON,10-Q,20230331,Y
1358403,,"BELLICUM PHARMACEUTICALS, INC",2834,4-NON,10-Q,20230331,N
1358633,SNBH,SENTIENT BRANDS HOLDINGS INC.,5734,4-NON,10-K,20221231,Y
1358762,,REATA PHARMACEUTICALS INC,2834,1-LAF,10-Q,20230331,N
1359687,,"RED TRAIL ENERGY, LLC",2860,4-NON,10-Q,20230331,N
1359841,,HANESBRANDS INC.,5600,1-LAF,10-Q,20230331,N
1359931,TARA,"PROTARA THERAPEUTICS, INC.",2836,4-NON,10-Q,20230331,Y
1360214,HROW,"HARROW HEALTH, INC.",2834,4-NON,10-Q,20230331,Y
1360442,DOGP,"CANNABIS SATIVA, INC.",7200,4-NON,10-Q,20230331,Y
1360565,WFCF,"WHERE FOOD COMES FROM, INC.",7372,4-NON,10-Q,20230331,Y
1360604,HR,HEALTHCARE REALTY TRUST INC,6798,1-LAF,10-Q,20230331,Y
1360901,EVR,EVERCORE INC.,6282,1-LAF,10-Q,20230331,Y
1361113,VRNS,VARONIS SYSTEMS INC,7372,1-LAF,10-Q,20230331,Y
1361538,PRIM,PRIMORIS SERVICES CORP,1623,1-LAF,10-Q,20230331,Y
1361658,TNL,TRAVEL & LEISURE CO.,7011,1-LAF,10-Q,20230331,Y
1362004,ICFI,"ICF INTERNATIONAL, INC.",8742,1-LAF,10-Q,20230331,Y
1362190,AEYE,AUDIOEYE INC,7372,4-NON,10-Q,20230331,Y
1362468,ALGT,ALLEGIANT TRAVEL CO,4512,1-LAF,10-Q,20230331,Y
1362516,CLRI,"CLEARTRONIC, INC.",4812,4-NON,10-Q,20230331,Y
1362703,,"THERALINK TECHNOLOGIES, INC.",2834,4-NON,10-Q,20230331,N
1362705,,EVOLVE TRANSITION INFRASTRUCTURE LP,1311,4-NON,10-Q,20230331,N
1362988,AYR,AIRCASTLE LTD,7359,4-NON,10-K,20230228,Y
1363829,,ENSTAR GROUP LTD,6331,1-LAF,10-Q,20230331,N
1364250,DEI,DOUGLAS EMMETT INC,6798,1-LAF,10-Q,20230331,Y
1364397,,RIDGEWOOD ENERGY T FUND LLC,1382,4-NON,10-Q,20230331,N
1364479,HRI,HERC HOLDINGS INC,7350,1-LAF,10-Q,20230331,Y
1364742,,BLACKROCK INC.,6211,1-LAF,10-Q,20230331,N
1364885,,"SPIRIT AEROSYSTEMS HOLDINGS, INC.",3728,1-LAF,10-Q,20230331,N
1364954,CHGG,"CHEGG, INC",8200,1-LAF,10-Q,20230331,Y
1365135,WU,WESTERN UNION CO,7389,1-LAF,10-Q,20230331,Y
1365388,HSTI,"HIGH SIERRA TECHNOLOGIES, INC.",6770,4-NON,10-K,20221231,Y
1365916,,"AMYRIS, INC.",2860,2-ACC,10-Q,20230331,N
1366561,,SMARTSHEET INC,7372,1-LAF,10-Q,20230430,N
1366868,GSAT,"GLOBALSTAR, INC.",4899,1-LAF,10-Q,20230331,Y
1367083,SNOA,"SONOMA PHARMACEUTICALS, INC.",2834,4-NON,10-K,20230331,Y
1367408,,SINO AMERICAN OIL CO,1311,4-NON,10-Q,20230331,N
1367644,EBS,EMERGENT BIOSOLUTIONS INC.,2834,1-LAF,10-Q,20230331,Y
1367859,CZWI,CITIZENS COMMUNITY BANCORP INC.,6035,4-NON,10-Q,20230331,Y
1368148,,"ATHERSYS, INC / NEW",2834,4-NON,10-K,20221231,N
1368265,CLNE,CLEAN ENERGY FUELS CORP.,4932,1-LAF,10-Q,20230331,Y
1368275,,W&E SOURCE CORP.,4700,4-NON,10-Q,20230331,N
1368365,,"REMARK HOLDINGS, INC.",4899,4-NON,10-K,20221231,N
1368458,SBH,"SALLY BEAUTY HOLDINGS, INC.",5990,1-LAF,10-Q,20230331,Y
1368514,ADMA,"ADMA BIOLOGICS, INC.",2836,4-NON,10-Q,20230331,Y
1368622,AVAV,AEROVIRONMENT INC,3721,1-LAF,10-K,20230430,Y
1368637,,PETROLIA ENERGY CORP,1311,4-NON,10-K,20221231,N
1368757,,"GTJ REIT, INC.",6798,4-NON,10-Q,20230331,N
1369290,MYO,"MYOMO, INC.",3842,4-NON,10-Q,20230331,Y
1369568,,"CATALYST PHARMACEUTICALS, INC.",2834,2-ACC,10-Q,20230331,N
1370053,ANAB,"ANAPTYSBIO, INC",2834,4-NON,10-Q,20230331,Y
1370450,WLDN,"WILLDAN GROUP, INC.",8711,2-ACC,10-Q,20230331,Y
1370637,ETSY,ETSY INC,7389,1-LAF,10-Q,20230331,Y
1370755,TCPC,BLACKROCK TCP CAPITAL CORP.,,1-LAF,10-Q,20230331,Y
1370946,OC,OWENS CORNING,3290,1-LAF,10-Q,20230331,Y
1371128,NEWH,"NEWHYDROGEN, INC.",3081,4-NON,10-Q,20230331,Y
1371285,TRUP,"TRUPANION, INC.",6324,1-LAF,10-Q,20230331,Y
1371451,,HIGHWATER ETHANOL LLC,2860,4-NON,10-Q,20230430,N
1371489,III,INFORMATION SERVICES GROUP INC.,8742,2-ACC,10-Q,20230331,Y
1372020,,GREAT LAKES DREDGE & DOCK CORP,1600,1-LAF,10-Q,20230331,N
1372299,OCGN,"OCUGEN, INC.",2836,4-NON,10-Q,20230331,Y
1372514,KPRX,KIORA PHARMACEUTICALS INC,2834,4-NON,10-Q,20230331,Y
1372612,BOX,BOX INC,7372,1-LAF,10-Q,20230430,Y
1372807,BCIC,PORTMAN RIDGE FINANCE CORP,,4-NON,10-Q,20230331,Y
1373670,GRBK,"GREEN BRICK PARTNERS, INC.",1531,2-ACC,10-Q,20230331,Y
1373715,NOW,"SERVICENOW, INC.",7372,1-LAF,10-Q,20230331,Y
1374310,CBOE,"CBOE GLOBAL MARKETS, INC.",6200,1-LAF,10-Q,20230331,Y
1374328,FTLF,"FITLIFE BRANDS, INC.",2833,4-NON,10-Q,20230331,Y
1374339,PMN,PROMIS NEUROSCIENCES INC.,2834,4-NON,10-Q,20230331,Y
1374567,LUVU,"LUVU BRANDS, INC.",2510,4-NON,10-Q,20230331,Y
1374690,LRMR,"LARIMAR THERAPEUTICS, INC.",2834,4-NON,10-Q,20230331,Y
1374881,,KINGFISH HOLDING CORP,1540,4-NON,10-Q,20230331,N
1375195,,CORETEC GROUP INC.,3669,4-NON,10-Q,20230331,N
1375205,URG,UR-ENERGY INC,1040,4-NON,10-Q,20230331,Y
1375348,GLNS,GOLDEN STAR RESOURCE CORP.,1090,4-NON,10-Q,20230331,Y
1375365,SMCI,"SUPER MICRO COMPUTER, INC.",3571,1-LAF,10-Q,20230331,Y
1375793,,"METALERT, INC.",3663,4-NON,10-K,20221231,N
1375877,CSIQ,CANADIAN SOLAR INC.,3674,1-LAF,20-F,20221231,Y
1376139,CVI,CVR ENERGY INC,2911,1-LAF,10-Q,20230331,Y
1376227,UNG,"UNITED STATES NATURAL GAS FUND, LP",6221,2-ACC,10-Q,20230331,Y
1376231,VPRB,"VPR BRANDS, LP.",7372,4-NON,10-K,20221231,Y
1376321,CNET,ZW DATA ACTION TECHNOLOGIES INC.,7370,4-NON,10-K,20221231,Y
1376339,MDXG,"MIMEDX GROUP, INC.",3841,2-ACC,10-Q,20230331,Y
1376793,CVAT,"CAVITATION TECHNOLOGIES, INC.",0700,4-NON,10-Q,20230331,Y
1376804,RDCT,"VNUE, INC.",7822,4-NON,10-K,20221231,Y
1376986,TVE,TENNESSEE VALLEY AUTHORITY,4911,4-NON,10-Q,20230331,Y
1377121,PTGX,"PROTAGONIST THERAPEUTICS, INC",2834,4-NON,10-Q,20230331,Y
1377149,CRVW,CAREVIEW COMMUNICATIONS INC,3663,4-NON,10-Q,20230331,Y
1377178,,RIDGEWOOD ENERGY U FUND LLC,1382,4-NON,10-Q,20230331,N
1377630,NCMI,"NATIONAL CINEMEDIA, INC.",7310,4-NON,10-K,20221231,Y
1377789,AVNW,"AVIAT NETWORKS, INC.",3663,2-ACC,10-Q,20230331,Y
1377936,SAR,SARATOGA INVESTMENT CORP.,,4-NON,10-K,20230228,Y
1378239,OMAB,CENTRAL NORTH AIRPORT GROUP,4581,1-LAF,20-F,20221231,Y
1378453,,TRAVELCENTERS OF AMERICA INC. /MD/,5500,2-ACC,10-Q,20230331,N
1378590,BLIN,"BRIDGELINE DIGITAL, INC.",7372,4-NON,10-Q,20230331,Y
1378950,PRTS,"CARPARTS.COM, INC.",5531,2-ACC,10-Q,20230331,Y
1378992,,"BERRY GLOBAL GROUP, INC.",3089,1-LAF,10-Q,20230331,N
1379006,NNVC,"NANOVIRICIDES, INC.",2834,4-NON,10-Q,20230331,Y
1379041,EIG,"EMPLOYERS HOLDINGS, INC.",6331,1-LAF,10-Q,20230331,Y
1379245,,"ENIGMA-BULWARK, LTD",7381,4-NON,10-Q,20160331,N
1379785,BBDC,"BARINGS BDC, INC.",,1-LAF,10-Q,20230331,Y
1380106,RPID,"RAPID MICRO BIOSYSTEMS, INC.",3826,4-NON,10-Q,20230331,Y
1381197,IBKR,"INTERACTIVE BROKERS GROUP, INC.",6211,1-LAF,10-Q,20230331,Y
1381507,,"LIMEADE, INC",7372,4-NON,10-Q,20230331,N
1381531,,DOMTAR CORP,2621,4-NON,10-Q,20230331,N
1381668,TFSL,TFS FINANCIAL CORP,6035,1-LAF,10-Q,20230331,Y
1381871,,"BOWMO, INC.",3751,4-NON,10-K,20221231,N
1382101,STRO,"SUTRO BIOPHARMA, INC.",2836,4-NON,10-Q,20230331,Y
1382230,,"ESSA BANCORP, INC.",6036,4-NON,10-Q,20230331,N
1382574,SCNX,"TRXADE HEALTH, INC",5122,4-NON,10-Q,20230331,Y
1382821,,REDFIN CORP,6531,1-LAF,10-Q,20230331,N
1383057,DBP,INVESCO DB PRECIOUS METALS FUND,6221,4-NON,10-Q,20230331,Y
1383058,DBO,INVESCO DB OIL FUND,6221,2-ACC,10-Q,20230331,Y
1383062,DBE,INVESCO DB ENERGY FUND,6221,4-NON,10-Q,20230331,Y
1383082,DBA,INVESCO DB AGRICULTURE FUND,6221,1-LAF,10-Q,20230331,Y
1383084,DBB,INVESCO DB BASE METALS FUND,6221,4-NON,10-Q,20230331,Y
1383088,,CYTTA CORP.,7372,4-NON,10-Q,20230331,N
1383149,UDN,INVESCO DB US DOLLAR INDEX BEARISH FUND,6221,4-NON,10-Q,20230331,Y
1383151,,INVESCO DB US DOLLAR INDEX BULLISH FUND,6221,1-LAF,10-Q,20230331,N
1383312,BR,"BROADRIDGE FINANCIAL SOLUTIONS, INC.",7389,1-LAF,10-Q,20230331,Y
1383414,PNNT,PENNANTPARK INVESTMENT CORP,,4-NON,10-Q,20230331,Y
1383650,CQP,"CHENIERE ENERGY PARTNERS, L.P.",4924,1-LAF,10-Q,20230331,Y
1383701,,HISTOGEN INC.,2834,4-NON,10-Q,20230331,N
1384101,VCYT,"VERACYTE, INC.",8071,1-LAF,10-Q,20230331,Y
1384195,REI,"RING ENERGY, INC.",1311,2-ACC,10-Q,20230331,Y
1384905,RNG,"RINGCENTRAL, INC.",7374,1-LAF,10-Q,20230331,Y
1385157,TEL,TE CONNECTIVITY LTD.,5065,1-LAF,10-Q,20230331,Y
1385280,CNK,"CINEMARK HOLDINGS, INC.",7830,1-LAF,10-Q,20230331,Y
1385613,GLRE,"GREENLIGHT CAPITAL RE, LTD.",6331,2-ACC,10-Q,20230331,Y
1385662,,RIDGEWOOD ENERGY V FUND LLC,1382,4-NON,10-Q,20230331,N
1385818,AYTU,"AYTU BIOPHARMA, INC",2834,4-NON,10-Q,20230331,Y
1385849,UUUU,ENERGY FUELS INC,1400,1-LAF,10-Q,20230331,Y
1386044,TAAG,"FREEDOM HOLDINGS, INC.",6163,4-NON,10-Q,20221231,Y
1386049,,"BEYOND COMMERCE, INC.",7374,4-NON,10-Q,20230331,N
1386278,GDOT,GREEN DOT CORP,6199,1-LAF,10-Q,20230331,Y
1386301,RSSS,"RESEARCH SOLUTIONS, INC.",7389,4-NON,10-Q,20230331,Y
1386570,NAGE,CHROMADEX CORP.,2833,4-NON,10-Q,20230331,Y
1387061,,"LIGHTSTONE VALUE PLUS REIT V, INC.",6798,4-NON,10-Q,20230331,N
1387467,AOSL,ALPHA & OMEGA SEMICONDUCTOR LTD,3674,1-LAF,10-Q,20230331,Y
1388319,,"U.S. STEM CELL, INC.",8731,4-NON,10-K,20221231,N
1388320,ATNM,"ACTINIUM PHARMACEUTICALS, INC.",2834,4-NON,10-Q,20230331,Y
1388658,IRTC,"IRHYTHM TECHNOLOGIES, INC.",3841,1-LAF,10-Q,20230331,Y
1389002,,MARIN SOFTWARE INC,7374,4-NON,10-Q,20230331,N
1389050,AROC,"ARCHROCK, INC.",4922,1-LAF,10-Q,20230331,Y
1389067,,TAUTACHROME INC.,7372,4-NON,10-K,20221231,N
1389170,TRGP,TARGA RESOURCES CORP.,4922,1-LAF,10-Q,20230331,Y
1389518,,"CLUBHOUSE MEDIA GROUP, INC.",7900,4-NON,10-Q,20230331,N
1389545,SDEV,"NOVABAY PHARMACEUTICALS, INC.",2834,4-NON,10-Q,20230331,Y
1390478,SLS,"SELLAS LIFE SCIENCES GROUP, INC.",2834,4-NON,10-Q,20230331,Y
1390777,BNY,BANK OF NEW YORK MELLON CORP,6022,1-LAF,10-Q,20230331,Y
1391127,,"EDGIO, INC.",7389,2-ACC,10-K,20221231,N
1391135,LIFD,LFTD PARTNERS INC.,2834,4-NON,10-Q,20230331,Y
1391426,CLNV,CLEAN VISION CORP,2860,4-NON,10-Q,20230331,Y
1391933,QNTO,QUAINT OAK BANCORP INC,6036,4-NON,10-Q,20230331,Y
1392326,CCEC,CAPITAL PRODUCT PARTNERS L.P.,4412,2-ACC,20-F,20221231,Y
1392380,GEVO,"GEVO, INC.",2860,4-NON,10-Q,20230331,Y
1392449,GPLB,GREEN PLANET BIO ENGINEERING CO. LTD.,2836,4-NON,10-Q,20230331,Y
1392545,,"LIGHTNING GAMING, INC.",7372,4-NON,10-K,20221231,N
1392694,SURG,"SURGEPAYS, INC.",7310,4-NON,10-Q,20230331,Y
1392972,,"PROS HOLDINGS, INC.",7371,1-LAF,10-Q,20230331,N
1393052,VEEV,VEEVA SYSTEMS INC,7372,1-LAF,10-Q,20230430,Y
1393311,PSA,PUBLIC STORAGE,6798,1-LAF,10-Q,20230331,Y
1393434,OCUL,"OCULAR THERAPEUTIX, INC",2834,4-NON,10-Q,20230331,Y
1393540,,IGEN NETWORKS CORP,7363,4-NON,10-Q,20230331,N
1393584,AMWL,AMERICAN WELL CORP,7389,1-LAF,10-Q,20230331,Y
1393612,,DISCOVER FINANCIAL SERVICES,6141,1-LAF,10-Q,20230331,N
1393726,TIPT,TIPTREE INC.,6331,2-ACC,10-Q,20230331,Y
1393772,BUDZ,"WEED, INC.",8731,4-NON,10-Q,20230331,Y
1393781,QIND,QUALITY INDUSTRIAL CORP.,3590,4-NON,10-Q,20230331,Y
1393818,BX,BLACKSTONE INC.,6282,1-LAF,10-Q,20230331,Y
1393883,DHX,"DHI GROUP, INC.",7389,2-ACC,10-Q,20230331,Y
1394056,OSS,"ONE STOP SYSTEMS, INC.",3571,4-NON,10-Q,20230331,Y
1394108,SUIC,SUIC WORLDWIDE HOLDINGS LTD.,2860,4-NON,10-K,20221231,Y
1394319,,"TRACON PHARMACEUTICALS, INC.",2836,4-NON,10-Q,20230331,N
1394638,DWAY,"DRIVEITAWAY HOLDINGS, INC.",8200,4-NON,10-Q,20230331,Y
1395064,TAK,TAKEDA PHARMACEUTICAL CO LTD,2834,1-LAF,20-F,20230331,Y
1395213,EDN,EDENOR,4911,4-NON,20-F,20221231,Y
1395585,,FIRST TRINITY FINANCIAL CORP,6311,4-NON,10-Q,20230331,N
1395937,SNDX,SYNDAX PHARMACEUTICALS INC,2834,1-LAF,10-Q,20230331,Y
1395942,OPLN,"KAR AUCTION SERVICES, INC.",5500,1-LAF,10-Q,20230331,Y
1396009,VMC,VULCAN MATERIALS CO,1400,1-LAF,10-Q,20230331,Y
1396033,,"LL FLOORING HOLDINGS, INC.",5211,2-ACC,10-Q,20230331,N
1396440,MAIN,MAIN STREET CAPITAL CORP,,1-LAF,10-Q,20230331,Y
1396536,DUOT,"DUOS TECHNOLOGIES GROUP, INC.",7372,4-NON,10-Q,20230331,Y
1396814,PCRX,"PACIRA BIOSCIENCES, INC.",2834,1-LAF,10-Q,20230331,Y
1396878,UGA,"UNITED STATES GASOLINE FUND, LP",6221,2-ACC,10-Q,20230331,Y
1397016,OPXS,OPTEX SYSTEMS HOLDINGS INC,3827,4-NON,10-Q,20230331,Y
1397047,,"FLEXSHOPPER, INC.",7359,4-NON,10-K,20221231,N
1397183,IVDA,"IVEDA SOLUTIONS, INC.",7372,4-NON,10-Q,20230331,Y
1397187,LULU,LULULEMON ATHLETICA INC.,2300,1-LAF,10-Q,20230430,Y
1397702,,SILK ROAD MEDICAL INC,3841,1-LAF,10-Q,20230331,N
1397911,LPLA,LPL FINANCIAL HOLDINGS INC.,6200,1-LAF,10-Q,20230331,Y
1398453,,"XINYUAN REAL ESTATE CO., LTD.",1520,4-NON,20-F,20221231,N
1398659,G,GENPACT LTD,8742,1-LAF,10-Q,20230331,Y
1398733,AQST,"AQUESTIVE THERAPEUTICS, INC.",2834,4-NON,10-Q,20230331,Y
1398805,BEEM,BEAM GLOBAL,3674,4-NON,10-Q,20230331,Y
1398987,,ANYWHERE REAL ESTATE INC.,6531,1-LAF,10-Q,20230331,N
1399306,,BREWBILT BREWING CO,2082,4-NON,10-K,20221231,N
1399352,,"COOL TECHNOLOGIES, INC.",8200,4-NON,10-K,20221231,N
1399520,STKS,"ONE GROUP HOSPITALITY, INC.",5812,2-ACC,10-Q,20230331,Y
1400810,HCI,"HCI GROUP, INC.",6331,2-ACC,10-Q,20230331,Y
1400891,IHRT,"IHEARTMEDIA, INC.",4832,1-LAF,10-Q,20230331,Y
1401040,DMAC,DIAMEDICA THERAPEUTICS INC.,2834,4-NON,10-Q,20230331,Y
1401257,FET,"FORUM ENERGY TECHNOLOGIES, INC.",3533,2-ACC,10-Q,20230331,Y
1401521,ACIC,UNITED INSURANCE HOLDINGS CORP.,6331,4-NON,10-K,20221231,Y
1401564,,"FIRST FINANCIAL NORTHWEST, INC.",6022,4-NON,10-Q,20230331,N
1401667,PBYI,"PUMA BIOTECHNOLOGY, INC.",2834,2-ACC,10-Q,20230331,Y
1401708,,NANOSTRING TECHNOLOGIES INC,2836,1-LAF,10-Q,20230331,N
1401914,DARE,"DARE BIOSCIENCE, INC.",2834,4-NON,10-Q,20230331,Y
1402057,CDW,CDW CORP,5961,1-LAF,10-Q,20230331,Y
1402328,SBFM,"SUNSHINE BIOPHARMA, INC",2834,4-NON,10-K,20221231,Y
1402436,SSNC,SS&C TECHNOLOGIES HOLDINGS INC,7372,1-LAF,10-Q,20230331,Y
1402479,,"MEDAVAIL HOLDINGS, INC.",5912,4-NON,10-K,20221231,N
1402829,ORN,ORION GROUP HOLDINGS INC,1600,2-ACC,10-Q,20230331,Y
1402945,,PROGRESSIVE CARE INC.,5912,4-NON,10-Q,20230331,N
1403161,V,VISA INC.,7389,1-LAF,10-Q,20230331,Y
1403256,,"SCULPTOR CAPITAL MANAGEMENT, INC.",6282,2-ACC,10-Q,20230331,N
1403431,,"HERITAGE-CRYSTAL CLEAN, INC.",4950,2-ACC,10-Q,20230331,N
1403475,BMRC,BANK OF MARIN BANCORP,6022,2-ACC,10-Q,20230331,Y
1403528,OAK-PA,"OAKTREE CAPITAL GROUP, LLC",6282,4-NON,10-Q,20230331,Y
1403568,ULTA,"ULTA BEAUTY, INC.",5990,1-LAF,10-Q,20230430,Y
1403708,,EVOKE PHARMA INC,2834,4-NON,10-Q,20230331,N
1404281,ELDN,"ELEDON PHARMACEUTICALS, INC.",2834,4-NON,10-Q,20230331,Y
1404644,NGNE,"NEOLEUKIN THERAPEUTICS, INC.",2834,4-NON,10-Q,20230331,Y
1404655,HUBS,HUBSPOT INC,7372,1-LAF,10-Q,20230331,Y
1404804,OMTK,OMNITEK ENGINEERING CORP,3714,4-NON,10-K,20221231,Y
1404912,KKR,KKR & CO. INC.,6282,1-LAF,10-Q,20230331,Y
1405495,IDCC,"INTERDIGITAL, INC.",6794,1-LAF,10-Q,20230331,Y
1405513,UNL,"UNITED STATES 12 MONTH NATURAL GAS FUND, LP",6221,4-NON,10-Q,20230331,Y
1405528,USL,"UNITED STATES 12 MONTH OIL FUND, LP",6221,2-ACC,10-Q,20230331,Y
1406587,FOR,FORESTAR GROUP INC.,6500,2-ACC,10-Q,20230331,Y
1406666,CALX,"CALIX, INC",4899,1-LAF,10-Q,20230331,Y
1407573,,AMERICREW INC.,6770,4-NON,10-Q,20221231,N
1407583,BHLL,BUNKER HILL MINING CORP.,1000,4-NON,10-K,20221231,Y
1407623,,RETAIL OPPORTUNITY INVESTMENTS CORP,6798,1-LAF,10-Q,20230331,N
1407878,,"DIGITAL LOCATIONS, INC.",4953,4-NON,10-Q,20230331,N
1407973,SONX,"SONENDO, INC.",3843,4-NON,10-Q,20230331,Y
1408057,,ICORECONNECT INC.,7372,4-NON,10-Q,20230331,N
1408075,GPK,GRAPHIC PACKAGING HOLDING CO,2650,1-LAF,10-Q,20230331,Y
1408100,,"KENNEDY-WILSON HOLDINGS, INC.",6500,1-LAF,10-Q,20230331,N
1408146,SCYYF,SCANDIUM INTERNATIONAL MINING CORP.,1000,4-NON,10-Q,20230331,Y
1408198,MSCI,MSCI INC.,7389,1-LAF,10-Q,20230331,Y
1408443,MIST,MILESTONE PHARMACEUTICALS INC.,2834,4-NON,10-Q,20230331,Y
1408534,FGBI,"FIRST GUARANTY BANCSHARES, INC.",6035,2-ACC,10-Q,20230331,Y
1408710,FN,FABRINET,3661,1-LAF,10-Q,20230331,Y
1409036,TARSF,ALIANZA MINERALS LTD.,1040,4-NON,20-F,20220930,Y
1409171,TITN,TITAN MACHINERY INC.,5990,2-ACC,10-Q,20230430,Y
1409175,,"MOTOS AMERICA, INC.",7389,4-NON,10-K,20220731,N
1409197,BSPK,"BESPOKE EXTRACTS, INC.",2834,4-NON,10-K,20221231,Y
1409269,,VENUS CONCEPT INC.,3841,4-NON,10-Q,20230331,N
1409375,OESX,"ORION ENERGY SYSTEMS, INC.",3640,4-NON,10-K,20230331,Y
1409446,,NATE'S FOOD CO.,6199,4-NON,10-Q,20230228,N
1409493,CIM,CHIMERA INVESTMENT CORP,6798,1-LAF,10-Q,20230331,Y
1409624,,"HIMALAYA TECHNOLOGIES, INC",1311,4-NON,10-Q,20230430,N
1409947,,RIDGEWOOD ENERGY W FUND LLC,1382,4-NON,10-Q,20230331,N
1409970,HAPN,LENDINGCLUB CORP,6141,1-LAF,10-Q,20230331,Y
1409999,,"BLACK BIRD BIOTECH, INC.",3990,4-NON,10-Q,20230331,N
1410098,CRMD,CORMEDIX INC.,2834,4-NON,10-Q,20230331,Y
1410187,,CANNONAU CORP.,4700,4-NON,10-Q,20230331,N
1410384,QTWO,"Q2 HOLDINGS, INC.",7372,1-LAF,10-Q,20230331,Y
1410428,XWEL,"XWELL, INC.",7200,4-NON,10-K,20221231,Y
1410636,AWK,"AMERICAN WATER WORKS COMPANY, INC.",4941,1-LAF,10-Q,20230331,Y
1410738,VPLM,VOIP-PAL.COM INC,3661,4-NON,10-Q,20230331,Y
1410939,,"IVERIC BIO, INC.",2834,1-LAF,10-Q,20230331,N
1411059,,"KBS REAL ESTATE INVESTMENT TRUST II, INC.",6798,4-NON,10-K,20221231,N
1411207,ALSN,ALLISON TRANSMISSION HOLDINGS INC,3714,1-LAF,10-Q,20230331,Y
1411342,EFC,ELLINGTON FINANCIAL INC.,6500,1-LAF,10-Q,20230331,Y
1411494,,"APOLLO ASSET MANAGEMENT, INC.",6282,4-NON,10-Q,20230331,N
1411579,AMC,"AMC ENTERTAINMENT HOLDINGS, INC.",7830,1-LAF,10-Q,20230331,Y
1411685,VTGN,"VISTAGEN THERAPEUTICS, INC.",2834,4-NON,10-K,20230331,Y
1411688,,"CONTAINER STORE GROUP, INC.",5700,2-ACC,10-K,20230331,N
1411690,BNGO,"BIONANO GENOMICS, INC.",3826,4-NON,10-Q,20230331,Y
1411906,,"AMPIO PHARMACEUTICALS, INC.",2834,4-NON,10-Q,20230331,N
1412095,TROO,"TROOPS, INC. /CAYMAN ISLANDS/",3663,4-NON,20-F,20221231,Y
1412100,MHLA,"MAIDEN HOLDINGS, LTD.",6331,2-ACC,10-Q,20230331,Y
1412126,RMSL,REMSLEEP HOLDINGS INC.,7200,4-NON,10-K,20221231,Y
1412408,PHR,"PHREESIA, INC.",7389,1-LAF,10-Q,20230430,Y
1412486,COCP,"COCRYSTAL PHARMA, INC.",2834,4-NON,10-Q,20230331,Y
1412502,,STERLING REAL ESTATE TRUST,6798,4-NON,10-Q,20230331,N
1412558,EVO,EVOTEC SE,2834,1-LAF,20-F,20221231,Y
1412659,,"REGENICIN, INC.",3841,4-NON,10-Q,20230331,N
1412665,,"MIDWESTONE FINANCIAL GROUP, INC.",6022,2-ACC,10-Q,20230331,N
1413119,KBLB,"KRAIG BIOCRAFT LABORATORIES, INC",2820,4-NON,10-Q,20230331,Y
1413329,PM,PHILIP MORRIS INTERNATIONAL INC.,2111,1-LAF,10-Q,20230331,Y
1413447,NXPI,NXP SEMICONDUCTORS N.V.,3674,1-LAF,10-Q,20230331,Y
1413745,YDKG,AIRNET TECHNOLOGY INC.,7311,4-NON,20-F,20221231,Y
1413754,,"MARIZYME, INC.",2834,4-NON,10-Q,20230331,N
1413837,,FIRST FOUNDATION INC.,6022,1-LAF,10-Q,20230331,N
1413855,AIFU,FANHUA INC.,6411,2-ACC,20-F,20221231,Y
1413891,HWNI,"HIGH WIRE NETWORKS, INC.",4813,4-NON,10-K,20221231,Y
1413898,,DALLASNEWS CORP,2711,4-NON,10-Q,20230331,N
1413909,DSGT,DSG GLOBAL INC.,7373,4-NON,10-K,20221231,Y
1414382,CLEV,CONCRETE LEVELING SYSTEMS INC,3590,4-NON,10-Q,20230430,Y
1414932,OCSL,OAKTREE SPECIALTY LENDING CORP,,1-LAF,10-Q,20230331,Y
1414953,MOJO,EQUATOR BEVERAGE CO,2086,4-NON,10-Q,20230331,Y
1415311,AGQ,PROSHARES TRUST II,6221,1-LAF,10-Q,20230331,Y
1415332,LTUM,LITHIUM CORP,1000,4-NON,10-K,20221231,Y
1415397,RAPH,RAPHAEL PHARMACEUTICAL INC.,2833,4-NON,10-Q,20230331,Y
1415404,ECHO,ECHOSTAR CORP,4899,1-LAF,10-Q,20230331,Y
1415744,NMEX,NORTHERN MINERALS & EXPLORATION LTD.,1040,4-NON,10-Q,20230430,Y
1416090,BSAI,INCEPTION MINING INC.,1040,4-NON,10-K,20221231,Y
1416265,,"PROSPER MARKETPLACE, INC",6199,4-NON,10-Q,20230331,N
1416697,BLPG,"BLUE LINE PROTECTION GROUP, INC.",5900,4-NON,10-Q,20230331,Y
1417398,,"HILLENBRAND, INC.",3990,1-LAF,10-Q,20230331,N
1417663,SNWV,"SANUWAVE HEALTH, INC.",3841,4-NON,10-Q,20230331,Y
1417664,,"VALUE EXCHANGE INTERNATIONAL, INC.",7380,4-NON,10-Q,20230331,N
1417892,,EMEREN GROUP LTD,3674,4-NON,20-F,20221231,N
1417926,IVF,"INVO BIOSCIENCE, INC.",3841,4-NON,10-K,20221231,Y
1418076,SLRC,SLR INVESTMENT CORP.,,1-LAF,10-Q,20230331,Y
1418121,APLE,"APPLE HOSPITALITY REIT, INC.",6798,1-LAF,10-Q,20230331,Y
1418135,KDP,KEURIG DR PEPPER INC.,2080,1-LAF,10-Q,20230331,Y
1418302,,RENEWABLE ENERGY ACQUISITION CORP.,6770,4-NON,10-Q,20230331,N
1418372,,"SALAMANDER INNISBROOK, LLC",7900,4-NON,10-K,20221231,N
1418819,IRDM,IRIDIUM COMMUNICATIONS INC.,3669,1-LAF,10-Q,20230331,Y
1419041,FBRX,"FORTE BIOSCIENCES, INC.",2834,4-NON,10-Q,20230331,Y
1419051,,"THERAPEUTIC SOLUTIONS INTERNATIONAL, INC.",3841,4-NON,10-Q,20230331,N
1419275,RTB,RYVYL INC.,8742,4-NON,10-K,20221231,Y
1419536,CBNK,CAPITAL BANCORP INC,6021,2-ACC,10-Q,20230331,Y
1419554,BBLG,BONE BIOLOGICS CORP,3842,4-NON,10-Q,20230331,Y
1419612,SEDG,"SOLAREDGE TECHNOLOGIES, INC.",3674,1-LAF,10-Q,20230331,Y
1419793,OCLN,"ORIGINCLEAR, INC.",1623,4-NON,10-K,20221231,Y
1419806,REEMF,RARE ELEMENT RESOURCES LTD,1040,4-NON,10-Q,20230331,Y
1419951,DTST,DATA STORAGE CORP,7374,4-NON,10-Q,20230331,Y
1420520,ATOM,ATOMERA INC,3674,4-NON,10-Q,20230331,Y
1420529,AACG,ATA CREATIVITY GLOBAL,8200,4-NON,20-F,20221231,Y
1420565,RNTX,AILERON THERAPEUTICS INC,2834,4-NON,10-Q,20230331,Y
1420720,IBIO,"IBIO, INC.",2834,4-NON,10-Q,20230331,Y
1420800,ENOV,ENOVIS CORP,3842,1-LAF,10-Q,20230331,Y
1421204,,"REBUS HOLDINGS, INC.",2834,4-NON,10-Q,20230331,N
1421461,IPI,"INTREPID POTASH, INC.",1400,2-ACC,10-Q,20230331,Y
1421517,ERII,"ENERGY RECOVERY, INC.",3559,1-LAF,10-Q,20230331,Y
1421636,,"C-BOND SYSTEMS, INC",6799,4-NON,10-Q,20230331,N
1422142,WHWK,"AADI BIOSCIENCE, INC.",2834,4-NON,10-Q,20230331,Y
1422143,KURA,"KURA ONCOLOGY, INC.",2834,1-LAF,10-Q,20230331,Y
1422183,FSK,FS KKR CAPITAL CORP,,1-LAF,10-Q,20230331,Y
1422892,SGLY,SINGULARITY FUTURE TECHNOLOGY LTD.,4731,4-NON,10-Q,20230331,Y
1422930,PUBM,"PUBMATIC, INC.",7370,1-LAF,10-Q,20230331,Y
1423221,NX,QUANEX BUILDING PRODUCTS CORP,3350,1-LAF,10-Q,20230430,Y
1423689,AGNC,AGNC INVESTMENT CORP.,6798,1-LAF,10-Q,20230331,Y
1423774,,ZUORA INC,7372,1-LAF,10-K,20230131,N
1423869,PCB,PCB BANCORP,6022,2-ACC,10-Q,20230331,Y
1423902,WES,"WESTERN MIDSTREAM PARTNERS, LP",4922,1-LAF,10-Q,20230331,Y
1424182,BNL,"BROADSTONE NET LEASE, INC.",6798,1-LAF,10-Q,20230331,Y
1424404,,WOLVERINE RESOURCES CORP.,1000,4-NON,10-Q,20230228,N
1424657,CUEN,CUENTAS INC.,5140,4-NON,10-Q,20230331,Y
1424768,VYCO,VYCOR MEDICAL INC,3841,4-NON,10-K,20221231,Y
1424844,,"SOUTHWEST IOWA RENEWABLE ENERGY, LLC",2860,4-NON,10-Q,20230331,N
1424864,RYES,RISE GOLD CORP.,1000,4-NON,10-Q,20230430,Y
1424929,FOXF,FOX FACTORY HOLDING CORP,3751,1-LAF,10-Q,20230331,Y
1425205,IOVA,"IOVANCE BIOTHERAPEUTICS, INC.",2836,1-LAF,10-Q,20230331,Y
1425287,WKHS,WORKHORSE GROUP INC.,3711,4-NON,10-Q,20230331,Y
1425292,UAN,"CVR PARTNERS, LP",2870,2-ACC,10-Q,20230331,Y
1425355,SUIG,"MILL CITY VENTURES III, LTD",6153,4-NON,10-K,20221231,Y
1425450,KIDS,ORTHOPEDIATRICS CORP,3841,4-NON,10-Q,20230331,Y
1425627,SOBR,"SOBR SAFE, INC.",2721,4-NON,10-Q,20230331,Y
1426332,,NGM BIOPHARMACEUTICALS INC,2834,1-LAF,10-Q,20230331,N
1426506,,SMG INDUSTRIES INC.,4700,4-NON,10-K,20221231,N
1426800,ASMB,"ASSEMBLY BIOSCIENCES, INC.",2834,4-NON,10-Q,20230331,Y
1427570,HIND,RESHAPE LIFESCIENCES INC.,3841,4-NON,10-K,20221231,Y
1427925,TLPH,ACELRX PHARMACEUTICALS INC,2834,4-NON,10-Q,20230331,Y
1428205,ARR,"ARMOUR RESIDENTIAL REIT, INC.",6798,1-LAF,10-Q,20230331,Y
1428336,HQY,"HEALTHEQUITY, INC.",7389,1-LAF,10-Q,20230430,Y
1428439,ROKU,"ROKU, INC",4841,1-LAF,10-Q,20230331,Y
1429260,FBIO,"FORTRESS BIOTECH, INC.",2834,4-NON,10-Q,20230331,Y
1429393,TKLS,"TRUTANKLESS, INC.",3630,4-NON,10-Q,20220331,Y
1429560,,TREVENA INC,2834,4-NON,10-Q,20230331,N
1429764,BLNK,BLINK CHARGING CO.,3790,1-LAF,10-Q,20230331,Y
1430162,CSAN,COSAN S.A.,5500,1-LAF,20-F,20221231,Y
1430300,GWSO,"GLOBAL WARMING SOLUTIONS, INC.",5960,4-NON,10-K,20221231,Y
1430306,TNXP,TONIX PHARMACEUTICALS HOLDING CORP.,2834,4-NON,10-Q,20230331,Y
1430319,,"C & C TOURS, INC.",6770,4-NON,10-Q,20230331,N
1430723,SFBS,"SERVISFIRST BANCSHARES, INC.",6022,1-LAF,10-Q,20230331,Y
1431074,,"BERGIO INTERNATIONAL, INC.",3910,4-NON,10-Q,20230331,N
1431567,OVLY,OAK VALLEY BANCORP,6022,4-NON,10-Q,20230331,Y
1431695,,OLO INC.,7389,1-LAF,10-Q,20230331,N
1431852,OGG,OSISKO DEVELOPMENT CORP.,1040,,40-F,20221231,Y
1431959,,META MATERIALS INC.,3674,4-NON,10-Q,20230331,N
1432133,KLTR,KALTURA INC,7372,2-ACC,10-Q,20230331,Y
1432364,AZUL,AZUL SA,4512,1-LAF,20-F,20221231,Y
1433195,APPF,APPFOLIO INC,7372,1-LAF,10-Q,20230331,Y
1433270,AR,ANTERO RESOURCES CORP,1311,1-LAF,10-Q,20230331,Y
1433309,PLTYF,"PLASTEC TECHNOLOGIES, LTD.",3089,4-NON,20-F,20221231,Y
1433551,SGLA,SINO GREEN LAND CORP.,5140,4-NON,10-Q,20230331,Y
1433607,NSPR,"INSPIREMD, INC.",3841,4-NON,10-Q,20230331,Y
1433642,HLNE,HAMILTON LANE INC,6282,1-LAF,10-K,20230331,Y
1433660,JBTM,JOHN BEAN TECHNOLOGIES CORP,3550,1-LAF,10-Q,20230331,Y
1434070,,RIDGEWOOD ENERGY Y FUND LLC,1382,4-NON,10-Q,20230331,N
1434316,FATE,FATE THERAPEUTICS INC,2836,1-LAF,10-Q,20230331,Y
1434524,CLIR,CLEARSIGN TECHNOLOGIES CORP,3823,4-NON,10-Q,20230331,Y
1434588,LOPE,"GRAND CANYON EDUCATION, INC.",8200,1-LAF,10-Q,20230331,Y
1434601,TMGI,"MARQUIE GROUP, INC.",4832,4-NON,10-Q,20230228,Y
1434621,TREE,"LENDINGTREE, INC.",6163,2-ACC,10-Q,20230331,Y
1434647,ZVRA,"ZEVRA THERAPEUTICS, INC.",2834,4-NON,10-Q,20230331,Y
1434728,GWRS,"GLOBAL WATER RESOURCES, INC.",4941,4-NON,10-Q,20230331,Y
1434737,,"SPIRITS TIME INTERNATIONAL, INC.",1311,4-NON,10-K,20221231,N
1434868,,"ESPERION THERAPEUTICS, INC.",2834,4-NON,10-Q,20230331,N
1435049,,"CHINOOK THERAPEUTICS, INC.",2834,1-LAF,10-Q,20230331,N
1435064,CETX,CEMTREX INC,3670,4-NON,10-Q,20230331,Y
1435181,PHBI,PHARMAGREEN BIOTECH INC.,4581,4-NON,10-Q,20230331,Y
1435508,,"FIRST SAVINGS FINANCIAL GROUP, INC.",6035,2-ACC,10-Q,20230331,N
1435617,PWDY,"POWERDYNE INTERNATIONAL, INC.",7374,4-NON,10-Q,20230331,Y
1435812,,AREM PACIFIC CORP,7200,4-NON,10-Q,20230331,N
1436126,MG,"MISTRAS GROUP, INC.",8711,2-ACC,10-Q,20230331,Y
1436208,LEGH,LEGACY HOUSING CORP,2451,2-ACC,10-Q,20230331,Y
1436229,BTCS,BTCS INC.,6199,4-NON,10-Q,20230331,Y
1436425,HBCP,"HOME BANCORP, INC.",6036,2-ACC,10-Q,20230331,Y
1436975,,"LIGHTSTONE VALUE PLUS REIT II, INC.",6798,4-NON,10-Q,20230331,N
1437071,IVR,INVESCO MORTGAGE CAPITAL INC.,6798,2-ACC,10-Q,20230331,Y
1437107,WBD,"WARNER BROS. DISCOVERY, INC.",4841,1-LAF,10-Q,20230331,Y
1437226,MHH,"MASTECH DIGITAL, INC.",8742,4-NON,10-Q,20230331,Y
1437283,RPMT,"REGO PAYMENT ARCHITECTURES, INC.",7372,4-NON,10-Q,20230331,Y
1437352,,"EVERBRIDGE, INC.",7372,1-LAF,10-Q,20230331,N
1437402,ARDX,"ARDELYX, INC.",2834,4-NON,10-Q,20230331,Y
1437479,ENBP,ENB FINANCIAL CORP,6021,4-NON,10-Q,20230331,Y
1437517,CLOQ,"CYBERLOQ TECHNOLOGIES, INC.",7372,4-NON,10-Q,20230331,Y
1437578,BFAM,BRIGHT HORIZONS FAMILY SOLUTIONS INC.,8351,1-LAF,10-Q,20230331,Y
1437750,TRXA,T-REX ACQUISITION CORP.,6199,4-NON,10-Q,20230331,Y
1437925,MRDN,"GOLDEN MATRIX GROUP, INC.",7372,4-NON,10-Q,20230430,Y
1437958,CCB,COASTAL FINANCIAL CORP,6022,2-ACC,10-Q,20230331,Y
1438133,TNDM,TANDEM DIABETES CARE INC,3841,1-LAF,10-Q,20230331,Y
1438231,,DIGIMARC CORP,7373,4-NON,10-Q,20230331,N
1438423,MRAM,EVERSPIN TECHNOLOGIES INC,3674,4-NON,10-Q,20230331,Y
1438461,ELRE,YINFU GOLD CORP.,1090,4-NON,10-K,20230331,Y
1438533,TVTX,"TRAVERE THERAPEUTICS, INC.",2834,1-LAF,10-Q,20230331,Y
1438569,GRFS,GRIFOLS SA,2834,1-LAF,20-F,20221231,Y
1438943,RNGE,"MALACHITE INNOVATIONS, INC.",8731,4-NON,10-Q,20230331,Y
1439095,,MRC GLOBAL INC.,5084,1-LAF,10-Q,20230331,N
1439124,AXIA,BRAZILIAN ELECTRIC POWER CO,4911,1-LAF,20-F,20221231,Y
1439222,AGIO,"AGIOS PHARMACEUTICALS, INC.",2834,1-LAF,10-Q,20230331,Y
1439237,,QUALITY ONLINE EDUCATION GROUP INC.,8700,4-NON,10-Q,20230228,N
1439264,MVNC,BONANZA GOLDFIELDS CORP.,8742,4-NON,10-K,20221231,Y
1439288,ZWS,ZURN ELKAY WATER SOLUTIONS CORP,3560,1-LAF,10-Q,20230331,Y
1439725,BDSX,BIODESIX INC,8071,4-NON,10-Q,20230331,Y
1440153,,"BAKHU HOLDINGS, CORP.",6794,4-NON,10-Q,20230430,N
1440972,LAR,LITHIUM AMERICAS CORP.,1000,,40-F,20221231,Y
1441082,,HEALING CO INC.,1000,4-NON,10-Q,20230331,N
1441236,CLW,CLEARWATER PAPER CORP,2631,2-ACC,10-Q,20230331,Y
1441683,APPN,APPIAN CORP,7372,1-LAF,10-Q,20230331,Y
1441816,MDB,"MONGODB, INC.",7372,1-LAF,10-Q,20230430,Y
1442145,VRSK,"VERISK ANALYTICS, INC.",7374,1-LAF,10-Q,20230331,Y
1442236,QRHC,QUEST RESOURCE HOLDING CORP,4953,4-NON,10-Q,20230331,Y
1442836,,"MERSANA THERAPEUTICS, INC.",2834,4-NON,10-Q,20230331,N
1443089,,"WEARABLE HEALTH SOLUTIONS, INC.",3669,4-NON,10-Q,20230331,N
1443611,,SINGLEPOINT INC.,5960,4-NON,10-Q,20230331,N
1443646,BAH,BOOZ ALLEN HAMILTON HOLDING CORP,8742,1-LAF,10-K,20230331,Y
1443669,PRLB,PROTO LABS INC,3440,1-LAF,10-Q,20230331,Y
1443863,BICX,BIOCORRX INC.,8093,4-NON,10-Q,20230331,Y
1444192,GRCE,ACASTI PHARMA INC.,2834,4-NON,10-K,20230331,Y
1444380,,NEVRO CORP,3841,1-LAF,10-Q,20230331,N
1444839,BRVO,BRAVO MULTINATIONAL INC.,7990,4-NON,10-Q,20230331,Y
1445109,,CLEAN COAL TECHNOLOGIES INC.,1311,4-NON,10-K,20221231,N
1445283,,"KINETA, INC./DE",2834,4-NON,10-Q,20230331,N
1445305,WK,WORKIVA INC,7372,1-LAF,10-Q,20230331,Y
1445467,AVPMF,AVRUPA MINERALS LTD.,1090,4-NON,20-F,20211231,Y
1445499,,IMPEL PHARMACEUTICALS INC,2834,4-NON,10-Q,20230331,N
1445815,BIXT,"BIOXYTRAN, INC",2834,4-NON,10-Q,20230331,Y
1445831,,NEWPOINT FINANCIAL CORP,7997,4-NON,10-K,20221231,N
1445930,KB,KB FINANCIAL GROUP INC.,6029,1-LAF,20-F,20221231,Y
1445942,TMRC,TEXAS MINERAL RESOURCES CORP.,1040,4-NON,10-Q,20230228,Y
1446159,AGPU,PREDICTIVE ONCOLOGY INC.,3842,4-NON,10-Q,20230331,Y
1446371,,"STRATEGIC REALTY TRUST, INC.",6798,4-NON,10-Q,20230331,N
1446687,,"SILVER STAR PROPERTIES REIT, INC",6500,4-NON,10-K,20221231,N
1446847,IRWD,IRONWOOD PHARMACEUTICALS INC,2834,1-LAF,10-Q,20230331,Y
1447028,ABUS,ARBUTUS BIOPHARMA CORP,2834,4-NON,10-Q,20230331,Y
1447051,,TERRITORIAL BANCORP INC.,6035,4-NON,10-Q,20230331,N
1447362,CSTL,CASTLE BIOSCIENCES INC,8071,4-NON,10-Q,20230331,Y
1447380,MFON,MOBIVITY HOLDINGS CORP.,7372,4-NON,10-K,20221231,Y
1447669,TWLO,TWILIO INC,7372,1-LAF,10-Q,20230331,Y
1448038,RWDMU,REDWOOD MORTGAGE INVESTORS IX,6500,4-NON,10-Q,20230331,Y
1448056,,"NEW RELIC, INC.",7372,1-LAF,10-K,20230331,N
1448431,OPRX,OPTIMIZERX CORP,7389,4-NON,10-Q,20230331,Y
1448597,,AUGUSTA GOLD CORP.,1000,4-NON,10-Q,20230331,N
1448705,BASA,"BASANITE, INC.",3990,4-NON,10-Q,20230331,Y
1448893,ESNT,ESSENT GROUP LTD.,6351,1-LAF,10-Q,20230331,Y
1449349,RDGL,VIVOS INC,3841,4-NON,10-Q,20230331,Y
1449488,,CSI COMPRESSCO LP,1389,2-ACC,10-Q,20230331,N
1449792,PPSI,"PIONEER POWER SOLUTIONS, INC.",3612,4-NON,10-K,20221231,Y
1449794,EMYB,"EMBASSY BANCORP, INC.",6022,4-NON,10-Q,20230331,Y
1450307,,CORPORATE UNIVERSE INC,3690,4-NON,10-K,20221231,N
1450704,VIVK,"VIVAKOR, INC.",4953,4-NON,10-K,20221231,Y
1450922,SIVR,ABRDN SILVER ETF TRUST,6221,1-LAF,10-Q,20230331,Y
1450923,SGOL,ABRDN GOLD ETF TRUST,6221,1-LAF,10-Q,20230331,Y
1451448,GMBL,"ESPORTS ENTERTAINMENT GROUP, INC.",7900,4-NON,10-Q,20230331,Y
1451505,RIG,TRANSOCEAN LTD.,1381,1-LAF,10-Q,20230331,Y
1451512,,"UNRIVALED BRANDS, INC.",3510,4-NON,10-K,20221231,N
1451809,SITM,SITIME CORP,3674,1-LAF,10-Q,20230331,Y
1452477,SEVN,SEVEN HILLS REALTY TRUST,6798,4-NON,10-Q,20230331,Y
1452857,,STEEL PARTNERS HOLDINGS L.P.,3390,2-ACC,10-Q,20230331,N
1452936,,"PACIFIC OAK STRATEGIC OPPORTUNITY REIT, INC.",6798,4-NON,10-Q,20230331,N
1452965,,MINERVA SURGICAL INC,3841,4-NON,10-Q,20230331,N
1453593,XTNT,"XTANT MEDICAL HOLDINGS, INC.",2836,4-NON,10-Q,20230331,Y
1453687,RNAC,SELECTA BIOSCIENCES INC,2834,4-NON,10-Q,20230331,Y
1454510,,LNPR GROUP INC.,6770,4-NON,10-Q,20230331,N
1454742,GMER,"GOOD GAMING, INC.",7372,4-NON,10-K,20221231,Y
1454789,,"ASTRIA THERAPEUTICS, INC.",2834,4-NON,10-Q,20230331,N
1454938,TEAD,OUTBRAIN INC.,7370,2-ACC,10-Q,20230331,Y
1455365,CGTX,COGNITION THERAPEUTICS INC,2836,4-NON,10-Q,20230331,Y
1455684,,"TPI COMPOSITES, INC",3510,1-LAF,10-Q,20230331,N
1455741,,"RIDGEWOOD ENERGY X FUND, LLC",1382,4-NON,10-Q,20230331,N
1455863,COLD,AMERICOLD REALTY TRUST,6798,1-LAF,10-Q,20230331,Y
1456189,LEAT,LEATT CORP,3751,4-NON,10-Q,20230331,Y
1456772,OPI,OFFICE PROPERTIES INCOME TRUST,6500,1-LAF,10-Q,20230331,Y
1456802,,CENTURY COBALT CORP.,6500,4-NON,10-Q,20220831,N
1456857,,"MJ HOLDINGS, INC.",7389,4-NON,10-K,20221231,N
1457919,,RIDGEWOOD ENERGY A-1 FUND LLC,1382,4-NON,10-Q,20230331,N
1458412,,"CROSSFIRST BANKSHARES, INC.",6022,2-ACC,10-Q,20230331,N
1459188,CHEV,"FUEL DOCTOR HOLDINGS, INC.",5013,4-NON,10-Q,20230331,Y
1459200,ALRM,"ALARM.COM HOLDINGS, INC.",7372,1-LAF,10-Q,20230331,Y
1459417,,"2U, INC.",7372,1-LAF,10-Q,20230331,N
1459839,SIBN,"SI-BONE, INC.",3841,4-NON,10-Q,20230331,Y
1459862,PALL,ABRDN PALLADIUM ETF TRUST,6221,2-ACC,10-Q,20230331,Y
1460235,PPLT,ABRDN PLATINUM ETF TRUST,6221,1-LAF,10-Q,20230331,Y
1460329,FLNT,"FLUENT, INC.",7310,4-NON,10-Q,20230331,Y
1460602,,ORGENESIS INC.,2834,4-NON,10-Q,20230331,N
1460702,AIXC,"QUALIGEN THERAPEUTICS, INC.",2834,4-NON,10-K,20221231,Y
1461219,,GRAHAM ALTERNATIVE INVESTMENT FUND I LLC,6221,4-NON,10-Q,20230331,N
1461237,,GRAHAM ALTERNATIVE INVESTMENT FUND II LLC,6221,4-NON,10-Q,20230331,N
1462056,BLZE,"BACKBLAZE, INC.",7372,4-NON,10-Q,20230331,Y
1462103,,"MEWBOURNE ENERGY PARTNERS 09-A, L.P.",1311,4-NON,10-Q,20230331,N
1462120,LOB,"LIVE OAK BANCSHARES, INC.",6022,1-LAF,10-Q,20230331,Y
1462223,NIXX,"RECRUITER.COM GROUP, INC.",7371,4-NON,10-Q,20230331,Y
1462418,ASPS,ALTISOURCE PORTFOLIO SOLUTIONS S.A.,7380,4-NON,10-Q,20230331,Y
1463101,ENPH,"ENPHASE ENERGY, INC.",3674,1-LAF,10-Q,20230331,Y
1463208,TLSS,"TRANSPORTATION & LOGISTICS SYSTEMS, INC.",4700,4-NON,10-Q,20230331,Y
1463361,,"UNITY BIOTECHNOLOGY, INC.",2834,4-NON,10-Q,20230331,N
1463389,,"ATEL 14, LLC",7359,4-NON,10-Q,20230331,N
1463913,,US ALLIANCE CORP,6311,4-NON,10-Q,20230331,N
1463972,VUZI,VUZIX CORP,3663,4-NON,10-Q,20230331,Y
1464343,ATLC,ATLANTICUS HOLDINGS CORP,6141,2-ACC,10-Q,20230331,Y
1464423,PMT,PENNYMAC MORTGAGE INVESTMENT TRUST,6798,1-LAF,10-Q,20230331,Y
1464790,RILY,"B. RILEY FINANCIAL, INC.",6282,1-LAF,10-Q,20230331,Y
1465128,STWD,"STARWOOD PROPERTY TRUST, INC.",6798,1-LAF,10-Q,20230331,Y
1465470,SHMP,NATURALSHRIMP INC,0900,4-NON,10-K,20230331,Y
1465740,TWO,TWO HARBORS INVESTMENT CORP.,6798,1-LAF,10-Q,20230331,Y
1465872,,VANTAGE DRILLING INTERNATIONAL,1381,4-NON,10-Q,20230331,N
1465885,,WESTERN ASSET MORTGAGE CAPITAL CORP,6798,2-ACC,10-Q,20230331,N
1466026,MSBI,"MIDLAND STATES BANCORP, INC.",6022,2-ACC,10-Q,20230331,Y
1466085,IRT,"INDEPENDENCE REALTY TRUST, INC.",6798,1-LAF,10-Q,20230331,Y
1466258,TT,TRANE TECHNOLOGIES PLC,3822,1-LAF,10-Q,20230331,Y
1466593,OTTR,OTTER TAIL CORP,4911,1-LAF,10-Q,20230331,Y
1467154,,"NOVAN, INC.",2834,4-NON,10-Q,20230331,N
1467373,ACN,ACCENTURE PLC,7389,1-LAF,10-Q,20230531,Y
1467623,DBX,"DROPBOX, INC.",7372,1-LAF,10-Q,20230331,Y
1467760,ARI,"APOLLO COMMERCIAL REAL ESTATE FINANCE, INC.",6798,1-LAF,10-Q,20230331,Y
1467858,GM,GENERAL MOTORS CO,3711,1-LAF,10-Q,20230331,Y
1467913,,808 RENEWABLE ENERGY CORP,4932,4-NON,10-K,20221231,N
1468174,H,HYATT HOTELS CORP,7011,1-LAF,10-Q,20230331,Y
1468327,RENT,"RENT THE RUNWAY, INC.",5990,2-ACC,10-K,20230131,Y
1468328,ADUS,ADDUS HOMECARE CORP,8082,1-LAF,10-Q,20230331,Y
1468639,VICP,"VICAPSYS LIFE SCIENCES, INC.",2834,4-NON,10-K,20221231,Y
1468666,,SECUREWORKS CORP,7372,2-ACC,10-Q,20230430,N
1468748,KOD,KODIAK SCIENCES INC.,2836,4-NON,10-Q,20230331,Y
1468910,,MILLBURN MULTI-MARKETS FUND L.P.,6221,4-NON,10-Q,20230331,N
1468929,NXGL,"NEXGEL, INC.",3841,4-NON,10-Q,20230331,Y
1468978,SITS,"SOUTHERN ITS INTERNATIONAL, INC.",7372,4-NON,10-Q,20150630,Y
1469038,,X METAVERSE INC.,4813,4-NON,10-K,20221231,N
1469115,,RIDGEDALE HOLDINGS INC.,6510,4-NON,10-Q,20230331,N
1469367,RUN,SUNRUN INC.,3690,1-LAF,10-Q,20230331,Y
1469395,PAM,PAMPA ENERGY INC.,4911,1-LAF,20-F,20221231,Y
1469443,RKDA,"ARCADIA BIOSCIENCES, INC.",0100,4-NON,10-Q,20230331,Y
1470683,AEHL,ANTELOPE ENTERPRISE HOLDINGS LTD,3250,4-NON,20-F,20221231,Y
1471265,NWBI,"NORTHWEST BANCSHARES, INC.",6021,1-LAF,10-Q,20230331,Y
1471727,SRXH,BETTER CHOICE CO INC.,2080,4-NON,10-Q,20230331,Y
1471781,GTCH,GBT TECHNOLOGIES INC.,8742,4-NON,10-K,20221231,Y
1471824,CANE,TEUCRIUM COMMODITY TRUST,6221,1-LAF,10-Q,20230331,Y
1472012,IMNM,IMMUNOME INC.,2834,4-NON,10-Q,20230331,Y
1472072,CCM,CONCORD MEDICAL SERVICES HOLDINGS LTD,8011,4-NON,20-F,20221231,Y
1472091,PDSB,PDS BIOTECHNOLOGY CORP,2834,4-NON,10-Q,20230331,Y
1472494,BNO,"UNITED STATES BRENT OIL FUND, LP",6221,2-ACC,10-Q,20230331,Y
1472619,,LONCOR GOLD INC.,1040,4-NON,20-F,20221231,N
1472787,FAF,FIRST AMERICAN FINANCIAL CORP,6361,1-LAF,10-Q,20230331,Y
1473334,XMAX,"NOVA LIFESTYLE, INC.",2510,4-NON,10-K,20221231,Y
1473490,GLAI,"WALL STREET MEDIA CO, INC.",5960,4-NON,10-Q,20230331,Y
1473579,,NANOMIX CORP,2834,4-NON,10-K,20221231,N
1473844,,"STELLAR BANCORP, INC.",6021,2-ACC,10-Q,20230331,N
1474098,PEB,PEBBLEBROOK HOTEL TRUST,6798,1-LAF,10-Q,20230331,Y
1474167,COSM,COSMOS HEALTH INC.,5122,4-NON,10-K,20221231,Y
1474432,P,"PURE STORAGE, INC.",3572,1-LAF,10-K,20230131,Y
1474464,,NEW YORK REIT LIQUIDATING LLC,6798,2-ACC,10-Q,20230331,N
1474558,,"KAT EXPLORATION, INC.",6770,4-NON,10-Q,20230228,N
1474627,NEGG,"NEWEGG COMMERCE, INC.",5990,4-NON,20-F,20221231,Y
1474735,GNRC,GENERAC HOLDINGS INC.,3621,1-LAF,10-Q,20230331,Y
1474835,,INTELLIPHARMACEUTICS INTERNATIONAL INC.,2834,4-NON,20-F,20221130,N
1474903,BGSF,"BGSF, INC.",7363,2-ACC,10-Q,20230331,Y
1475115,,"EVENTBRITE, INC.",7370,1-LAF,10-Q,20230331,N
1475348,,LUTHER BURBANK CORP,6022,2-ACC,10-Q,20230331,N
1475841,NBHC,NATIONAL BANK HOLDINGS CORP,6021,1-LAF,10-Q,20230331,Y
1475922,PRI,"PRIMERICA, INC.",6311,1-LAF,10-Q,20230331,Y
1476034,MCB,METROPOLITAN BANK HOLDING CORP.,6022,1-LAF,10-Q,20230331,Y
1476045,CLDT,CHATHAM LODGING TRUST,6798,2-ACC,10-Q,20230331,Y
1476150,TRNO,TERRENO REALTY CORP,6500,1-LAF,10-Q,20230331,Y
1476204,PECO,"PHILLIPS EDISON & COMPANY, INC.",6798,1-LAF,10-Q,20230331,Y
1476765,GBDC,"GOLUB CAPITAL BDC, INC.",,1-LAF,10-Q,20230331,Y
1476840,EXFY,"EXPENSIFY, INC.",7372,1-LAF,10-Q,20230331,Y
1476963,,"NIGHTHAWK BIOSCIENCES, INC.",2834,4-NON,10-Q,20230331,N
1477009,CANN,TREES CORP (COLORADO),5912,4-NON,10-K,20221231,Y
1477246,,S&W SEED CO,0100,4-NON,10-Q,20230331,N
1477294,ST,SENSATA TECHNOLOGIES HOLDING PLC,3823,1-LAF,10-Q,20230331,Y
1477333,NET,"CLOUDFLARE, INC.",7372,1-LAF,10-Q,20230331,Y
1477449,TDOC,"TELADOC HEALTH, INC.",8011,1-LAF,10-Q,20230331,Y
1477641,DQ,DAQO NEW ENERGY CORP.,3674,1-LAF,20-F,20221231,Y
1477720,ASAN,"ASANA, INC.",7372,1-LAF,10-Q,20230430,Y
1477815,SG,"SWEETGREEN, INC.",5812,1-LAF,10-Q,20230331,Y
1477845,ANVS,"ANNOVIS BIO, INC.",2834,4-NON,10-Q,20230331,Y
1478069,,CONTRAFECT CORP,2834,4-NON,10-Q,20230331,N
1478242,IQV,IQVIA HOLDINGS INC.,8731,1-LAF,10-Q,20230331,Y
1478320,ADPT,ADAPTIVE BIOTECHNOLOGIES CORP,2836,1-LAF,10-Q,20230331,Y
1478454,EBMT,"EAGLE BANCORP MONTANA, INC.",6022,4-NON,10-Q,20230331,Y
1479094,STAG,"STAG INDUSTRIAL, INC.",6798,1-LAF,10-Q,20230331,Y
1479247,USCI,UNITED STATES COMMODITY INDEX FUNDS TRUST,6221,2-ACC,10-Q,20230331,Y
1479290,,"REVANCE THERAPEUTICS, INC.",2834,1-LAF,10-Q,20230331,N
1479419,KALA,"KALA PHARMACEUTICALS, INC.",2834,4-NON,10-Q,20230331,Y
1479681,NUTX,"NUTEX HEALTH, INC.",7389,1-LAF,10-Q,20230331,Y
1479915,,CQENS TECHNOLOGIES INC.,2834,4-NON,10-K,20221231,N
1481028,HYSR,"SUNHYDROGEN, INC.",3674,4-NON,10-Q,20230331,Y
1481241,PSHG,PERFORMANCE SHIPPING INC.,4412,4-NON,20-F,20221231,Y
1481443,TCRI,"TECHCOM, INC.",6770,4-NON,10-Q,20230331,Y
1481504,XERI,"XERIANT, INC.",3721,4-NON,10-Q,20230331,Y
1481513,JKS,"JINKOSOLAR HOLDING CO., LTD.",3674,1-LAF,20-F,20221231,Y
1481582,RYZ,RYERSON HOLDING CORP,5051,2-ACC,10-Q,20230331,Y
1481646,,"ACCOLADE, INC.",7389,1-LAF,10-K,20230228,N
1481792,QUAD,"QUAD/GRAPHICS, INC.",2750,2-ACC,10-Q,20230331,Y
1482430,KBSR,"KBS REAL ESTATE INVESTMENT TRUST III, INC.",6798,4-NON,10-Q,20230331,Y
1482512,HPP,"HUDSON PACIFIC PROPERTIES, INC.",6500,1-LAF,10-Q,20230331,Y
1482541,BNC,CEA INDUSTRIES INC.,0700,4-NON,10-Q,20230331,Y
1482554,HFUS,HARTFORD GREAT HEALTH CORP.,7374,4-NON,10-Q,20230430,Y
1482981,COCO,"VITA COCO COMPANY, INC.",2080,2-ACC,10-Q,20230331,Y
1483386,GLTR,ABRDN PRECIOUS METALS BASKET ETF TRUST,6221,1-LAF,10-Q,20230331,Y
1483510,,"EXPRESS, INC.",5600,2-ACC,10-Q,20230430,N
1483646,,"BLACKSTAR ENTERPRISE GROUP, INC.",6199,4-NON,10-K,20221231,N
1483994,HTHT,H WORLD GROUP LTD,7011,1-LAF,20-F,20221231,Y
1484565,,SOLENO THERAPEUTICS INC,3845,4-NON,10-Q,20230331,N
1484612,OM,"OUTSET MEDICAL, INC.",3845,1-LAF,10-Q,20230331,Y
1484769,FUBO,FUBOTV INC. /FL,7812,2-ACC,10-Q,20230331,Y
1484778,TDUP,THREDUP INC.,5961,2-ACC,10-Q,20230331,Y
1485003,,CARISMA THERAPEUTICS INC.,2834,4-NON,10-Q,20230331,N
1485029,,"NEW ASIA HOLDINGS, INC.",3949,4-NON,10-K,20221231,N
1485074,,"FREEZE TAG, INC.",7372,4-NON,10-Q,20230331,N
1486159,CHRD,CHORD ENERGY CORP,1311,1-LAF,10-Q,20230331,Y
1486957,BWXT,"BWX TECHNOLOGIES, INC.",3510,1-LAF,10-Q,20230331,Y
1487091,QWTR,"QUEST WATER GLOBAL, INC.",3585,4-NON,10-K,20221231,Y
1487197,BRFH,BARFRESH FOOD GROUP INC.,2030,4-NON,10-Q,20230331,Y
1487198,,"ASPEN GROUP, INC.",8200,4-NON,10-Q,20230131,N
1487428,HRZN,HORIZON TECHNOLOGY FINANCE CORP,,4-NON,10-Q,20230331,Y
1487712,,AIR LEASE CORP,7359,1-LAF,10-Q,20230331,N
1487718,BLTH,"BOXSCORE BRANDS, INC.",5960,4-NON,10-K,20221231,Y
1487839,,LUOKUNG TECHNOLOGY CORP.,7371,4-NON,20-F,20221231,N
1487918,OFS,OFS CAPITAL CORP,,4-NON,10-Q,20230331,Y
1487931,,FISION CORP,7374,4-NON,10-Q,20220930,N
1487952,VPG,"VISHAY PRECISION GROUP, INC.",3670,2-ACC,10-Q,20230331,Y
1488039,ATOS,"ATOSSA THERAPEUTICS, INC.",2834,4-NON,10-Q,20230331,Y
1488139,AMRC,"AMERESCO, INC.",1700,1-LAF,10-Q,20230331,Y
1488813,CUBI,"CUSTOMERS BANCORP, INC.",6022,1-LAF,10-Q,20230331,Y
1488917,ELMD,"ELECTROMED, INC.",3845,4-NON,10-Q,20230331,Y
1489096,,"THERMON GROUP HOLDINGS, INC.",3620,2-ACC,10-K,20230331,N
1489300,ZLME,ZHANLING INTERNATIONAL LTD,1000,4-NON,10-Q,20230331,Y
1489393,LYB,LYONDELLBASELL INDUSTRIES N.V.,2860,1-LAF,10-Q,20230331,Y
1489588,,"HOME BISTRO, INC. /NV/",5960,4-NON,10-Q,20220731,N
1489874,GGROU,GOLDEN GROWERS COOPERATIVE,0700,4-NON,10-Q,20230331,Y
1490161,SOWG,SOW GOOD INC.,2000,4-NON,10-K,20221231,Y
1490281,GRPN,"GROUPON, INC.",7311,2-ACC,10-Q,20230331,Y
1490349,PFX,PHENIXFIN CORP,,4-NON,10-Q,20230331,Y
1490906,CFFN,"CAPITOL FEDERAL FINANCIAL, INC.",6035,1-LAF,10-Q,20230331,Y
1490927,,FRANKLIN BSP LENDING CORP,,4-NON,10-Q,20230331,N
1490978,SDGR,"SCHRODINGER, INC.",2834,1-LAF,10-Q,20230331,Y
1491262,,"MEWBOURNE ENERGY PARTNERS 10-A, L.P.",1381,4-NON,10-Q,20230331,N
1491419,LVO,"LIVEONE, INC.",5812,4-NON,10-K,20230331,Y
1491487,,"TAKUNG ART CO., LTD",5990,4-NON,10-K,20221231,N
1492091,,AUSCRETE CORP,3272,4-NON,10-K,20221231,N
1492298,SBRA,"SABRA HEALTH CARE REIT, INC.",6798,1-LAF,10-Q,20230331,Y
1492422,,"APELLIS PHARMACEUTICALS, INC.",2834,1-LAF,10-Q,20230331,N
1492426,,HORIZON THERAPEUTICS PUBLIC LTD CO,2834,1-LAF,10-Q,20230331,N
1492617,FWFW,"FLYWHEEL ADVANCED TECHNOLOGY, INC.",7380,4-NON,10-Q,20230331,Y
1492674,,"T2 BIOSYSTEMS, INC.",3841,4-NON,10-Q,20230331,N
1492691,KNX,KNIGHT-SWIFT TRANSPORTATION HOLDINGS INC.,4213,1-LAF,10-Q,20230331,Y
1493137,LCTC,"LIFELOC TECHNOLOGIES, INC",3826,4-NON,10-Q,20230331,Y
1493225,,"NORTHFIELD BANCORP, INC.",6035,1-LAF,10-Q,20230331,N
1493594,MTSI,"MACOM TECHNOLOGY SOLUTIONS HOLDINGS, INC.",3674,1-LAF,10-Q,20230331,Y
1493712,STME,CELL MEDX CORP.,5900,4-NON,10-K,20220531,Y
1493761,TBCH,TURTLE BEACH CORP,3669,2-ACC,10-Q,20230331,Y
1494259,CARG,"CARGURUS, INC.",7374,1-LAF,10-Q,20230331,Y
1494319,,UNIVAR SOLUTIONS INC.,5160,1-LAF,10-Q,20230331,N
1494413,TWOH,TWO HANDS CORP,7389,4-NON,10-K,20221231,Y
1494558,AMBO,AMBOW EDUCATION HOLDING LTD.,8200,4-NON,20-F,20221231,Y
1494582,BOC,BOSTON OMAHA CORP,6510,4-NON,10-Q,20230331,Y
1494650,,"OPTINOSE, INC.",2834,4-NON,10-Q,20230331,N
1494891,SRTS,"SENSUS HEALTHCARE, INC.",3841,4-NON,10-Q,20230331,Y
1494904,GBLI,"GLOBAL INDEMNITY GROUP, LLC",6331,2-ACC,10-Q,20230331,Y
1495231,IZEA,"IZEA WORLDWIDE, INC.",7310,4-NON,10-Q,20230331,Y
1495240,LAND,GLADSTONE LAND CORP,6798,1-LAF,10-Q,20230331,Y
1495320,VRA,"VERA BRADLEY, INC.",3100,2-ACC,10-Q,20230430,Y
1495932,AGNT,"EXP WORLD HOLDINGS, INC.",6531,1-LAF,10-Q,20230331,Y
1496099,NMFC,NEW MOUNTAIN FINANCE CORP,,1-LAF,10-Q,20230331,Y
1496323,,"IGM BIOSCIENCES, INC.",2834,4-NON,10-Q,20230331,N
1496383,,ILUSTRATO PICTURES INTERNATIONAL INC.,3711,4-NON,10-K,20221231,N
1496443,PAYS,"PAYSIGN, INC.",7389,4-NON,10-Q,20230331,Y
1496454,,"CNL HEALTHCARE PROPERTIES, INC.",6798,4-NON,10-Q,20230331,N
1496963,,"SQUARESPACE, INC.",7372,2-ACC,10-Q,20230331,N
1497645,INN,"SUMMIT HOTEL PROPERTIES, INC.",6798,1-LAF,10-Q,20230331,Y
1497649,GSTX,GRAPHENE & SOLAR TECHNOLOGIES LTD,1000,4-NON,10-K,20220930,Y
1497770,WD,"WALKER & DUNLOP, INC.",6199,1-LAF,10-Q,20230331,Y
1498067,CTGL,"CITRINE GLOBAL, CORP.",7372,4-NON,10-Q,20230331,Y
1498148,AITX,ARTIFICIAL INTELLIGENCE TECHNOLOGY SOLUTIONS INC.,3714,4-NON,10-K,20230228,Y
1498233,,"CEPTON, INC.",3714,4-NON,10-Q,20230331,N
1498382,HURA,"KINTARA THERAPEUTICS, INC.",2834,4-NON,10-Q,20230331,Y
1498547,CMRF,"CIM REAL ESTATE FINANCE TRUST, INC.",6798,4-NON,10-Q,20230331,Y
1498576,,CHINACACHE INTERNATIONAL HOLDINGS LTD.,7374,4-NON,20-F,20221231,N
1498710,,"SPIRIT AIRLINES, INC.",4512,1-LAF,10-Q,20230331,N
1498828,,HOWARD HUGHES CORP,6798,1-LAF,10-Q,20230331,N
1499200,,"SABINE PASS LIQUEFACTION, LLC",4924,4-NON,10-Q,20230331,N
1499422,RBB,RBB BANCORP,6022,2-ACC,10-K,20221231,Y
1499494,DXF,DUNXIN FINANCIAL HOLDINGS LTD,6199,4-NON,20-F,20221231,Y
1499505,AGRO,ADECOAGRO S.A.,0100,2-ACC,20-F,20221231,Y
1499543,NOAH,NOAH HOLDINGS LTD,6282,1-LAF,20-F,20221231,Y
1499620,TAL,TAL EDUCATION GROUP,8200,1-LAF,20-F,20230228,Y
1499717,,"STAFFING 360 SOLUTIONS, INC.",7363,4-NON,10-K,20221231,N
1499785,,TENGJUN BIOTECHNOLOGY CORP.,2080,2-ACC,10-K,20221231,N
1499832,TSQ,"TOWNSQUARE MEDIA, INC.",4832,2-ACC,10-Q,20230331,Y
1499961,BINI,MULLEN AUTOMOTIVE INC.,7374,4-NON,10-Q,20230331,Y
1500123,,ITEM 9 LABS CORP.,3843,4-NON,10-Q,20230331,N
1500198,NMTC,NEUROONE MEDICAL TECHNOLOGIES CORP,3841,4-NON,10-Q,20230331,Y
1500217,AAT,"AMERICAN ASSETS TRUST, INC.",6798,1-LAF,10-Q,20230331,Y
1500305,,SUSTAINABLE PROJECTS GROUP INC.,1311,4-NON,10-Q,20230331,N
1500375,HFBL,"HOME FEDERAL BANCORP, INC. OF LOUISIANA",6035,4-NON,10-Q,20230331,Y
1500435,GPRO,"GOPRO, INC.",3861,1-LAF,10-Q,20230331,Y
1500881,EU,ENCORE ENERGY CORP.,1090,,40-F,20221231,Y
1501078,,OCONEE FEDERAL FINANCIAL CORP.,6035,4-NON,10-Q,20230331,N
1501134,,INVITAE CORP,8071,1-LAF,10-Q,20230331,N
1501570,,"VERITEX HOLDINGS, INC.",6022,1-LAF,10-Q,20230331,N
1501585,HII,"HUNTINGTON INGALLS INDUSTRIES, INC.",3730,1-LAF,10-Q,20230331,Y
1501697,XFOR,"X4 PHARMACEUTICALS, INC",2836,4-NON,10-Q,20230331,Y
1501729,,FS ENERGY & POWER FUND,,4-NON,10-Q,20230331,N
1501756,,"ADVERUM BIOTECHNOLOGIES, INC.",2836,4-NON,10-Q,20230331,N
1501796,AURA,"AURA BIOSCIENCES, INC.",2836,4-NON,10-Q,20230331,Y
1501958,,"CHINA LIAONING DINGXU ECOLOGICAL AGRICULTURE DEVELOPMENT, INC.",0100,4-NON,10-Q,20220630,N
1501989,CTMX,"CYTOMX THERAPEUTICS, INC.",2834,4-NON,10-Q,20230331,Y
1502152,,GLOBESTAR THERAPEUTICS CORP,2834,4-NON,10-Q,20230331,N
1502292,PRHI,"CONIFER HOLDINGS, INC.",6331,4-NON,10-Q,20230331,Y
1502377,CTGO,"CONTANGO ORE, INC.",1040,4-NON,10-Q,20230331,Y
1502557,KPEA,KUN PENG INTERNATIONAL LTD.,8200,4-NON,10-Q,20230331,Y
1502966,FUNI,"DIGIPATH, INC.",8734,4-NON,10-Q,20230331,Y
1503274,QTRX,QUANTERIX CORP,3826,2-ACC,10-Q,20230331,Y
1503584,CMRE,COSTAMARE INC.,4412,2-ACC,20-F,20221231,Y
1503658,WNHK,LIQUIDVALUE DEVELOPMENT INC.,6500,4-NON,10-Q,20230331,Y
1503707,,"NORTHSTAR HEALTHCARE INCOME, INC.",6798,4-NON,10-Q,20230331,N
1503802,KPTI,KARYOPHARM THERAPEUTICS INC.,2834,1-LAF,10-Q,20230331,Y
1504008,BKU,"BANKUNITED, INC.",6035,1-LAF,10-Q,20230331,Y
1504167,,"TIMBER PHARMACEUTICALS, INC.",2834,4-NON,10-Q,20230331,N
1504239,,"POINT OF CARE NANO-TECHNOLOGY, INC.",2836,4-NON,10-Q,20230430,N
1504461,NGL,NGL ENERGY PARTNERS LP,4922,2-ACC,10-K,20230331,Y
1504619,PFLT,PENNANTPARK FLOATING RATE CAPITAL LTD.,,4-NON,10-Q,20230331,Y
1504678,LOOP,"LOOP INDUSTRIES, INC.",2800,4-NON,10-K,20230228,Y
1504764,AVAL,GRUPO AVAL ACCIONES Y VALORES S.A.,6029,1-LAF,20-F,20221231,Y
1504776,WRBY,WARBY PARKER INC.,3851,1-LAF,10-Q,20230331,Y
1505155,UPLD,"UPLAND SOFTWARE, INC.",7372,2-ACC,10-Q,20230331,Y
1505497,BRTX,"BIORESTORATIVE THERAPIES, INC.",8090,4-NON,10-Q,20230331,Y
1505512,,REGULUS THERAPEUTICS INC.,2834,4-NON,10-Q,20230331,N
1505611,,"DECISIONPOINT SYSTEMS, INC.",7370,4-NON,10-Q,20230331,N
1505732,BWFG,"BANKWELL FINANCIAL GROUP, INC.",6022,4-NON,10-Q,20230331,Y
1505952,DOMO,"DOMO, INC.",7372,1-LAF,10-Q,20230430,Y
1506251,CTXR,"CITIUS PHARMACEUTICALS, INC.",2834,4-NON,10-Q,20230331,Y
1506293,PINS,"PINTEREST, INC.",7370,1-LAF,10-Q,20230331,Y
1506307,KMI,"KINDER MORGAN, INC.",4922,1-LAF,10-Q,20230331,Y
1506492,NUWE,"NUWELLIS, INC.",3845,4-NON,10-Q,20230331,Y
1506928,,AVINGER INC,3841,4-NON,10-Q,20230331,N
1506929,VRDR,"VERDE RESOURCES, INC.",1040,4-NON,10-Q,20230331,Y
1506983,GCTK,"GLUCOTRACK, INC.",3841,4-NON,10-Q,20230331,Y
1507079,FND,"FLOOR & DECOR HOLDINGS, INC.",5211,1-LAF,10-Q,20230331,Y
1507605,MARA,"MARATHON DIGITAL HOLDINGS, INC.",7374,1-LAF,10-Q,20230331,Y
1507957,IPWR,IDEAL POWER INC.,3674,4-NON,10-Q,20230331,Y
1508348,,"AMERICANN, INC.",8742,4-NON,10-Q,20230331,N
1508381,,BIONIK LABORATORIES CORP.,3842,4-NON,10-K,20230331,N
1508475,VNET,"VNET GROUP, INC.",7370,1-LAF,20-F,20221231,Y
1508478,ARCO,ARCOS DORADOS HOLDINGS INC.,5812,1-LAF,20-F,20221231,Y
1508655,TSLX,"SIXTH STREET SPECIALTY LENDING, INC.",,1-LAF,10-Q,20230331,Y
1509223,,RENREN INC.,5500,4-NON,10-Q,20230331,N
1509261,RZLT,"REZOLUTE, INC.",2834,4-NON,10-Q,20230331,Y
1509470,NSLR,SURO CAPITAL CORP.,,4-NON,10-Q,20230331,Y
1509589,,"CIVITAS RESOURCES, INC.",1311,1-LAF,10-Q,20230331,N
1509646,FENG,PHOENIX NEW MEDIA LTD,4833,4-NON,20-F,20221231,Y
1509745,CYPH,"LEAP THERAPEUTICS, INC.",2834,4-NON,10-Q,20230331,Y
1509786,,GUSKIN GOLD CORP.,1040,4-NON,10-Q,20230331,N
1509957,NASC,CAN B CORP,5122,4-NON,10-K,20221231,Y
1509991,KOS,KOSMOS ENERGY LTD.,1311,1-LAF,10-Q,20230331,Y
1510295,MPC,MARATHON PETROLEUM CORP,2911,1-LAF,10-Q,20230331,Y
1510518,,GENUFOOD ENERGY ENZYMES CORP.,2833,4-NON,10-Q,20230331,N
1510593,XNET,XUNLEI LTD,7372,2-ACC,20-F,20221231,Y
1510832,,BIOPOWER OPERATIONS CORP,6199,4-NON,10-K,20221130,N
1510964,CVSI,"CV SCIENCES, INC.",2834,4-NON,10-Q,20230331,Y
1511337,RLJ,RLJ LODGING TRUST,6798,1-LAF,10-Q,20230331,Y
1511737,UI,UBIQUITI INC.,3663,1-LAF,10-Q,20230331,Y
1511820,STEK,STEMTECH CORP,7370,4-NON,10-K,20221231,Y
1512228,NB,NIOCORP DEVELOPMENTS LTD,1000,4-NON,10-Q,20230331,Y
1512499,LIND,"LINDBLAD EXPEDITIONS HOLDINGS, INC.",4700,2-ACC,10-Q,20230331,Y
1512673,XYZ,"BLOCK, INC.",7372,1-LAF,10-Q,20230331,Y
1512762,CHRS,"COHERUS BIOSCIENCES, INC.",2836,2-ACC,10-Q,20230331,Y
1512886,NTRR,NEUTRA CORP.,2833,4-NON,10-K,20230131,Y
1512922,PETV,"PETVIVO HOLDINGS, INC.",3841,4-NON,10-K,20230331,Y
1512927,,"CHINA UNITED INSURANCE SERVICE, INC.",6411,4-NON,10-Q,20230331,N
1512931,,MONROE CAPITAL CORP,,4-NON,10-Q,20230331,N
1513363,FDUS,FIDUS INVESTMENT CORP,,4-NON,10-Q,20230331,Y
1513525,ADIL,"ADIAL PHARMACEUTICALS, INC.",2834,4-NON,10-Q,20230331,Y
1513761,NCLH,NORWEGIAN CRUISE LINE HOLDINGS LTD.,4400,1-LAF,10-Q,20230331,Y
1513818,,"ARAVIVE, INC.",2834,4-NON,10-Q,20230331,N
1513845,NBIS,YANDEX N.V.,7370,1-LAF,20-F,20221231,Y
1514056,,"TRAQIQ, INC.",7371,4-NON,10-Q,20230331,N
1514183,SILO,"SILO PHARMA, INC.",2300,4-NON,10-Q,20230331,Y
1514281,MITT,"AG MORTGAGE INVESTMENT TRUST, INC.",6798,2-ACC,10-Q,20230331,Y
1514416,BAND,BANDWIDTH INC.,7372,2-ACC,10-Q,20230331,Y
1514443,AGSS,"AMERIGUARD SECURITY SERVICES, INC.",7381,4-NON,10-Q,20230331,Y
1514705,SXC,"SUNCOKE ENERGY, INC.",3312,2-ACC,10-Q,20230331,Y
1514743,,"IF BANCORP, INC.",6035,4-NON,10-Q,20230331,N
1514946,AXIM,"AXIM BIOTECHNOLOGIES, INC.",2834,4-NON,10-K,20221231,Y
1514991,AMCX,AMC NETWORKS INC.,4841,1-LAF,10-Q,20230331,Y
1515139,WAST,"METAWORKS PLATFORMS, INC.",7389,4-NON,10-Q,20230331,Y
1515156,ARQ,"ADVANCED EMISSIONS SOLUTIONS, INC.",2890,2-ACC,10-Q,20230331,Y
1515673,RARE,ULTRAGENYX PHARMACEUTICAL INC.,2834,1-LAF,10-Q,20230331,Y
1515816,,"PLYMOUTH INDUSTRIAL REIT, INC.",6798,2-ACC,10-Q,20230331,N
1516513,DOCS,"DOXIMITY, INC.",7371,1-LAF,10-K,20230331,Y
1516551,SKYE,"SKYE BIOSCIENCE, INC.",2834,4-NON,10-Q,20230331,Y
1516912,OBK,"ORIGIN BANCORP, INC.",6022,1-LAF,10-Q,20230331,Y
1517006,,"GATOS SILVER, INC.",1040,4-NON,10-K,20221231,N
1517022,AKBA,"AKEBIA THERAPEUTICS, INC.",2834,2-ACC,10-Q,20230331,Y
1517175,CHEF,"CHEFS' WAREHOUSE, INC.",5141,1-LAF,10-Q,20230331,Y
1517228,VISN,"COMMSCOPE HOLDING COMPANY, INC.",3663,1-LAF,10-Q,20230331,Y
1517302,APAM,ARTISAN PARTNERS ASSET MANAGEMENT INC.,6282,1-LAF,10-Q,20230331,Y
1517375,SPT,"SPROUT SOCIAL, INC.",7372,1-LAF,10-Q,20230331,Y
1517389,JFIL,"JUBILANT FLAME INTERNATIONAL, LTD",7371,4-NON,10-K,20230228,Y
1517399,SUPV,GRUPO SUPERVIELLE S.A.,6029,2-ACC,20-F,20221231,Y
1517413,FSLY,"FASTLY, INC.",7372,1-LAF,10-Q,20230331,Y
1517496,SLAIY,BIT MINING LTD,7374,4-NON,20-F,20221231,Y
1517681,PPCB,"PROPANC BIOPHARMA, INC.",2834,4-NON,10-Q,20230331,Y
1518336,DREM,DREAM HOMES & DEVELOPMENT CORP.,8200,4-NON,10-K,20221231,Y
1518461,AMPG,"AMPLITECH GROUP, INC.",3669,4-NON,10-Q,20230331,Y
1518621,ORC,"ORCHID ISLAND CAPITAL, INC.",6798,2-ACC,10-Q,20230331,Y
1518715,MCHB,"HOMESTREET, INC.",6022,2-ACC,10-Q,20230331,Y
1519061,TSEOQ,TRINSEO PLC,2821,1-LAF,10-Q,20230331,Y
1519117,,"ATEL 15, LLC",7359,4-NON,10-Q,20230331,N
1519177,,SOLLENSYS CORP.,7374,4-NON,10-K,20221231,N
1519401,RM,REGIONAL MANAGEMENT CORP.,6141,2-ACC,10-Q,20230331,Y
1519449,SKWD,"SKYWARD SPECIALTY INSURANCE GROUP, INC.",6331,4-NON,10-Q,20230331,Y
1519751,FBIN,"FORTUNE BRANDS INNOVATIONS, INC.",2430,1-LAF,10-Q,20230331,Y
1520006,MTDR,MATADOR RESOURCES CO,1311,1-LAF,10-Q,20230331,Y
1520118,MWAI,"INTEGRATED VENTURES, INC.",6199,4-NON,10-Q,20230331,Y
1520262,ALKS,ALKERMES PLC.,2834,1-LAF,10-Q,20230331,Y
1520358,MAMA,"MAMAMANCINI'S HOLDINGS, INC.",2013,4-NON,10-K,20230131,Y
1520504,VLRS,"CONTROLADORA VUELA COMPANIA DE AVIACION, S.A.B. DE C.V.",4512,1-LAF,20-F,20221231,Y
1520697,ACHC,"ACADIA HEALTHCARE COMPANY, INC.",8093,1-LAF,10-Q,20230331,Y
1521036,LNTH,"LANTHEUS HOLDINGS, INC.",2835,1-LAF,10-Q,20230331,Y
1521332,APTV,APTIV PLC,3714,1-LAF,10-Q,20230331,Y
1521945,,"PROSPECT FLOATING RATE & ALTERNATIVE INCOME FUND, INC.",,4-NON,10-Q,20230331,N
1521951,FBIZ,"FIRST BUSINESS FINANCIAL SERVICES, INC.",6022,2-ACC,10-Q,20230331,Y
1522222,,"CLS HOLDINGS USA, INC.",5900,4-NON,10-Q,20230228,N
1522540,MQ,"MARQETA, INC.",7372,1-LAF,10-Q,20230331,Y
1522602,,"COHBAR, INC.",2834,4-NON,10-Q,20230331,N
1522727,USAC,"USA COMPRESSION PARTNERS, LP",4922,1-LAF,10-Q,20230331,Y
1522767,MRMD,MARIMED INC.,2833,2-ACC,10-Q,20230331,Y
1522860,,"ACUTUS MEDICAL, INC.",3841,4-NON,10-Q,20230331,N
1524025,TLYS,"TILLY'S, INC.",5600,2-ACC,10-K,20230131,Y
1524358,VAC,MARRIOTT VACATIONS WORLDWIDE CORP,6531,1-LAF,10-Q,20230331,Y
1524472,XYL,XYLEM INC.,3561,1-LAF,10-Q,20230331,Y
1524741,,"U.S. SILICA HOLDINGS, INC.",1400,1-LAF,10-Q,20230331,N
1524872,,THUNDER ENERGIES CORP,3559,4-NON,10-Q,20230331,N
1524931,,"CHUY'S HOLDINGS, INC.",5812,2-ACC,10-Q,20230331,N
1525221,VTOL,BRISTOW GROUP INC.,4522,2-ACC,10-Q,20230331,Y
1525306,FSTJ,FIRST AMERICA RESOURCES CORP,5065,4-NON,10-Q,20230331,Y
1525769,PLAY,"DAVE & BUSTER'S ENTERTAINMENT, INC.",5812,1-LAF,10-Q,20230430,Y
1526113,GNL,"GLOBAL NET LEASE, INC.",6798,1-LAF,10-Q,20230331,Y
1526119,VSTM,"VERASTEM, INC.",2834,4-NON,10-Q,20230331,Y
1526125,GDS,GDS HOLDINGS LTD,7370,1-LAF,20-F,20221231,Y
1526243,PPTA,PERPETUA RESOURCES CORP.,1040,4-NON,10-Q,20230331,Y
1526520,TRIP,"TRIPADVISOR, INC.",7370,1-LAF,10-Q,20230331,Y
1527096,,MIROMATRIX MEDICAL INC.,2836,4-NON,10-Q,20230331,N
1527102,,"EVERGREEN SUSTAINABLE ENTERPRISES, INC.",7389,4-NON,10-K,20221231,N
1527166,CG,CARLYLE GROUP INC.,6282,1-LAF,10-Q,20230331,Y
1527352,NXL,"NEXALIN TECHNOLOGY, INC.",3845,4-NON,10-Q,20230331,Y
1527469,ATH-PA,ATHENE HOLDING LTD,6311,4-NON,10-Q,20230331,Y
1527508,,PACTIV EVERGREEN INC.,2673,2-ACC,10-Q,20230331,N
1527541,WHLR,"WHEELER REAL ESTATE INVESTMENT TRUST, INC.",6798,4-NON,10-Q,20230331,Y
1527590,RC,READY CAPITAL CORP,6798,1-LAF,10-Q,20230331,Y
1527599,SYBX,"SYNLOGIC, INC.",2834,4-NON,10-Q,20230331,Y
1527613,CIMG,"NUZEE, INC.",5900,4-NON,10-Q,20230331,Y
1527636,ATHM,AUTOHOME INC.,7374,1-LAF,20-F,20221231,Y
1527702,IQST,IQSTEL INC,4813,4-NON,10-K,20221231,Y
1527728,LNAI,ENOCHIAN BIOSCIENCES INC,2834,4-NON,10-Q,20230331,Y
1527753,PSNL,"PERSONALIS, INC.",8071,4-NON,10-Q,20230331,Y
1527762,CD,MERCURITY FINTECH HOLDING INC.,6199,4-NON,20-F,20221231,Y
1528115,ANNX,"ANNEXON, INC.",2834,4-NON,10-Q,20230331,Y
1528129,,"VITAL ENERGY, INC.",1311,1-LAF,10-Q,20230331,N
1528172,ENDV,"ENDONOVO THERAPEUTICS, INC.",3845,4-NON,10-K,20221231,Y
1528188,WNFT,WORLDWIDE NFT INC.,7374,4-NON,10-Q,20230331,Y
1528287,NPCE,NEUROPACE INC,3841,4-NON,10-Q,20230331,Y
1528356,GNE,GENIE ENERGY LTD.,4931,2-ACC,10-Q,20230331,Y
1528396,GWRE,"GUIDEWIRE SOFTWARE, INC.",7372,1-LAF,10-Q,20230430,Y
1528849,RH,RH,5712,1-LAF,10-Q,20230430,Y
1528930,,"FRANCHISE GROUP, INC.",6794,1-LAF,10-Q,20230331,N
1528985,INRE,"INLAND REAL ESTATE INCOME TRUST, INC.",6798,4-NON,10-Q,20230331,Y
1529113,XTIA,INPIXON,7371,4-NON,10-K,20221231,Y
1529192,VIPS,VIPSHOP HOLDINGS LTD,5961,1-LAF,20-F,20221231,Y
1529274,ALKT,"ALKAMI TECHNOLOGY, INC.",7372,2-ACC,10-Q,20230331,Y
1529377,ACRE,ARES COMMERCIAL REAL ESTATE CORP,6798,2-ACC,10-Q,20230331,Y
1529628,SND,"SMART SAND, INC.",1400,4-NON,10-Q,20230331,Y
1529864,ENVA,"ENOVA INTERNATIONAL, INC.",6141,1-LAF,10-Q,20230331,Y
1530163,,"SAMSARA LUGGAGE, INC.",5990,4-NON,10-K,20221231,N
1530185,ATVK,"AMERITEK VENTURES, INC.",3714,4-NON,10-Q,20230331,Y
1530238,JOYY,JOYY INC.,7374,1-LAF,20-F,20221231,Y
1530249,FSBW,"FS BANCORP, INC.",6036,2-ACC,10-Q,20230331,Y
1530425,ARRT,"ARTISAN CONSUMER GOODS, INC.",1000,4-NON,10-Q,20230331,Y
1530721,CPRI,CAPRI HOLDINGS LTD,3100,1-LAF,10-K,20230331,Y
1530746,KAYS,"KAYA HOLDINGS, INC.",2834,4-NON,10-K,20221231,Y
1530766,STEX,"BIOSIG TECHNOLOGIES, INC.",3845,4-NON,10-Q,20230331,Y
1530804,TROX,TRONOX HOLDINGS PLC,2810,1-LAF,10-Q,20230331,Y
1530950,POST,"POST HOLDINGS, INC.",2040,1-LAF,10-Q,20230331,Y
1530979,HNST,"HONEST COMPANY, INC.",5961,2-ACC,10-Q,20230331,Y
1531031,ESQ,"ESQUIRE FINANCIAL HOLDINGS, INC.",6029,4-NON,10-Q,20230331,Y
1531048,,"INARI MEDICAL, INC.",3841,1-LAF,10-Q,20230331,N
1531152,BJ,"BJ'S WHOLESALE CLUB HOLDINGS, INC.",5331,1-LAF,10-Q,20230430,Y
1531177,SGHT,"SIGHT SCIENCES, INC.",3841,4-NON,10-Q,20230331,Y
1531978,,"PARAGON 28, INC.",3841,2-ACC,10-Q,20230331,N
1532286,NINE,"NINE ENERGY SERVICE, INC.",1389,4-NON,10-Q,20230331,Y
1532346,,"ATRECA, INC.",2834,4-NON,10-Q,20230331,N
1532383,VNJA,VANJIA CORP,1531,4-NON,10-Q,20230331,Y
1532619,PW,POWER REIT,6798,4-NON,10-Q,20230331,Y
1532961,,"NV5 GLOBAL, INC.",7380,1-LAF,10-Q,20230331,N
1533030,,"CRYOMASS TECHNOLOGIES, INC.",3420,4-NON,10-Q,20230331,N
1533040,PHIO,PHIO PHARMACEUTICALS CORP.,2834,4-NON,10-Q,20230331,Y
1533615,XRN,GLOBAL MEDICAL REIT INC.,6798,1-LAF,10-Q,20230331,Y
1533743,PCSA,"PROCESSA PHARMACEUTICALS, INC.",2834,4-NON,10-Q,20230331,Y
1533758,,HUGHES SATELLITE SYSTEMS CORP,4899,4-NON,10-Q,20230331,N
1533924,AMPY,AMPLIFY ENERGY CORP.,1311,2-ACC,10-Q,20230331,Y
1533998,DRIO,DARIOHEALTH CORP.,3841,4-NON,10-Q,20230331,Y
1534120,AVTX,"AVALO THERAPEUTICS, INC.",2834,4-NON,10-Q,20230331,Y
1534133,CALC,"CALCIMEDICA, INC.",2834,4-NON,10-Q,20230331,Y
1534154,AUID,AUTHID INC.,7372,4-NON,10-Q,20230331,Y
1534248,CMMB,CHEMOMAB THERAPEUTICS LTD.,2834,4-NON,10-Q,20230331,Y
1534254,CION,CION INVESTMENT CORP,,2-ACC,10-Q,20230331,Y
1534504,PBF,PBF ENERGY INC.,2911,1-LAF,10-Q,20230331,Y
1534525,XBIO,"XENETIC BIOSCIENCES, INC.",2834,4-NON,10-Q,20230331,Y
1534675,TGLS,TECNOGLASS INC.,3211,2-ACC,10-Q,20230331,Y
1534701,PSX,PHILLIPS 66,2911,1-LAF,10-Q,20230331,Y
1534708,BLNE,"EASTSIDE DISTILLING, INC.",2080,4-NON,10-Q,20230331,Y
1534969,SERA,"SERA PROGNOSTICS, INC.",8071,4-NON,10-Q,20230331,Y
1534992,,"FIESTA RESTAURANT GROUP, INC.",5812,2-ACC,10-Q,20230331,N
1535079,,MCX TECHNOLOGIES CORP,7372,4-NON,10-Q,20230331,N
1535527,CRWD,"CROWDSTRIKE HOLDINGS, INC.",7372,1-LAF,10-Q,20230430,Y
1535778,MSIF,"MSC INCOME FUND, INC.",,4-NON,10-Q,20230331,Y
1535929,VOYA,"VOYA FINANCIAL, INC.",6311,1-LAF,10-Q,20230331,Y
1535955,LPCN,LIPOCINE INC.,2834,4-NON,10-Q,20230331,Y
1536089,,VIRTUAL INTERACTIVE TECHNOLOGIES CORP.,7372,4-NON,10-Q,20230331,N
1536394,,"U.S. LIGHTING GROUP, INC.",3640,4-NON,10-K,20221231,N
1537028,,"INDEPENDENCE CONTRACT DRILLING, INC.",1381,4-NON,10-Q,20230331,N
1537054,GOGO,GOGO INC.,4899,1-LAF,10-Q,20230331,Y
1537435,TGEN,TECOGEN INC.,3585,4-NON,10-Q,20230331,Y
1537561,,"ARCH THERAPEUTICS, INC.",3841,4-NON,10-Q,20230331,N
1538210,,"NEXIMMUNE, INC.",2834,4-NON,10-Q,20230331,N
1538263,HTB,"HOMETRUST BANCSHARES, INC.",6035,2-ACC,10-Q,20230331,Y
1538495,ETST,"EARTH SCIENCE TECH, INC.",2834,4-NON,10-K,20230331,Y
1538716,OPRT,OPORTUN FINANCIAL CORP,6199,2-ACC,10-Q,20230331,Y
1538849,CAPL,CROSSAMERICA PARTNERS LP,5172,2-ACC,10-Q,20230331,Y
1538990,,STORE CAPITAL LLC,6798,4-NON,10-Q,20230331,N
1539029,,"CLEARSIDE BIOMEDICAL, INC.",2834,4-NON,10-Q,20230331,N
1539638,TFIN,"TRIUMPH FINANCIAL, INC.",6022,1-LAF,10-Q,20230331,Y
1539680,HMMR,HAMMER FIBER OPTICS HOLDINGS CORP,4899,4-NON,10-Q,20230430,Y
1539778,,RAYONT INC.,8090,4-NON,10-Q,20230331,N
1539838,FANG,"DIAMONDBACK ENERGY, INC.",1311,1-LAF,10-Q,20230331,Y
1539850,STCB,"STARCO BRANDS, INC.",7311,4-NON,10-K,20221231,Y
1540159,EDSA,"EDESA BIOTECH, INC.",2834,4-NON,10-Q,20230331,Y
1540684,ATLX,ATLAS LITHIUM CORP,1400,4-NON,10-Q,20230331,Y
1541119,SFBC,"SOUND FINANCIAL BANCORP, INC.",6035,4-NON,10-Q,20230331,Y
1541157,AKTX,AKARI THERAPEUTICS PLC,2834,4-NON,20-F,20221231,Y
1541401,ESRT,"EMPIRE STATE REALTY TRUST, INC.",6798,1-LAF,10-Q,20230331,Y
1541884,,PROLUNG INC,3841,4-NON,10-K,20221231,N
1542447,,"RREEF PROPERTY TRUST, INC.",6798,4-NON,10-Q,20230331,N
1543151,UBER,"UBER TECHNOLOGIES, INC",7389,1-LAF,10-Q,20230331,Y
1543418,TMQ,TRILOGY METALS INC.,1040,4-NON,10-Q,20230228,Y
1543623,,US NUCLEAR CORP.,3829,4-NON,10-K,20221231,N
1543637,NUMD,"NU-MED PLUS, INC.",3841,4-NON,10-Q,20230331,Y
1543652,FFLO,"FREE FLOW, INC.",5531,4-NON,10-K,20221231,Y
1543916,,"FORGEROCK, INC.",7372,1-LAF,10-Q,20230331,N
1544190,,"SHEPHERD'S FINANCE, LLC",6153,4-NON,10-Q,20230331,N
1544206,CGBD,"CARLYLE SECURED LENDING, INC.",,1-LAF,10-Q,20230331,Y
1544227,TPST,"TEMPEST THERAPEUTICS, INC.",2834,4-NON,10-Q,20230331,Y
1544400,,NFINITI INC.,1382,4-NON,10-Q,20230430,N
1544522,FRSH,FRESHWORKS INC.,7372,1-LAF,10-Q,20230331,Y
1545654,,"ALEXANDER & BALDWIN, INC.",6798,1-LAF,10-Q,20230331,N
1546296,IPDN,"PROFESSIONAL DIVERSITY NETWORK, INC.",7370,4-NON,10-Q,20230331,Y
1546417,BLMN,"BLOOMIN' BRANDS, INC.",5812,1-LAF,10-Q,20230331,Y
1546652,OUNZ,VANECK MERK GOLD TRUST,6221,2-ACC,10-K,20230131,Y
1546853,SKKY,"SKKYNET CLOUD SYSTEMS, INC.",7372,4-NON,10-Q,20230430,Y
1547459,NGVC,"NATURAL GROCERS BY VITAMIN COTTAGE, INC.",5411,2-ACC,10-Q,20230331,Y
1547546,LFT,"LUMENT FINANCE TRUST, INC.",6798,4-NON,10-Q,20230331,Y
1547903,NMIH,"NMI HOLDINGS, INC.",6351,1-LAF,10-Q,20230331,Y
1549084,CHRN,"EKSO BIONICS HOLDINGS, INC.",3569,4-NON,10-Q,20230331,Y
1549145,BIOF,"BLUE BIOFUELS, INC.",2860,4-NON,10-Q,20230331,Y
1549346,SSTK,"SHUTTERSTOCK, INC.",7374,1-LAF,10-Q,20230331,Y
1549595,NRIX,"NURIX THERAPEUTICS, INC.",2834,4-NON,10-Q,20230228,Y
1549631,QURT,"QUARTA-RAD, INC.",3823,4-NON,10-K,20221231,Y
1549802,JD,"JD.COM, INC.",5990,1-LAF,20-F,20221231,Y
1549922,,"SUMMIT MIDSTREAM PARTNERS, LP",4922,2-ACC,10-Q,20230331,N
1549966,SAMG,SILVERCREST ASSET MANAGEMENT GROUP INC.,6282,2-ACC,10-Q,20230331,Y
1550222,,"MIKE THE PIKE PRODUCTIONS, INC.",7812,4-NON,10-Q,20230331,N
1550603,,"MALVERN BANCORP, INC.",6035,4-NON,10-Q,20230331,N
1550695,,PERFORMANT FINANCIAL CORP,7380,2-ACC,10-Q,20230331,N
1550913,MKZR,"MACKENZIE REALTY CAPITAL, INC.",6798,4-NON,10-Q,20230331,Y
1551152,ABBV,ABBVIE INC.,2834,1-LAF,10-Q,20230331,Y
1551182,ETN,EATON CORP PLC,3590,1-LAF,10-Q,20230331,Y
1551306,PGNY,"PROGYNY, INC.",8090,1-LAF,10-Q,20230331,Y
1551693,,"SIENTRA, INC.",3842,4-NON,10-K,20221231,N
1551887,,DUESENBERG TECHNOLOGIES INC.,7372,4-NON,10-Q,20230131,N
1551901,SCM,STELLUS CAPITAL INVESTMENT CORP,,4-NON,10-Q,20230331,Y
1551986,,"9 METERS BIOPHARMA, INC.",2834,4-NON,10-Q,20230331,N
1552000,MPLX,MPLX LP,4610,1-LAF,10-Q,20230331,Y
1552033,TRU,TRANSUNION,7320,1-LAF,10-Q,20230331,Y
1552189,PLSH,"PANACEA LIFE SCIENCES HOLDINGS, INC.",2833,4-NON,10-Q,20230331,Y
1552198,WHF,"WHITEHORSE FINANCE, INC.",,4-NON,10-Q,20230331,Y
1552275,SUN,SUNOCO LP,2911,1-LAF,10-Q,20230331,Y
1552493,,CNH INDUSTRIAL CAPITAL LLC,6159,4-NON,10-Q,20230331,N
1552670,TAOP,TAOPING INC.,7372,4-NON,20-F,20221231,Y
1552743,,UNIVERSAL GLOBAL HUB INC.,6770,4-NON,10-K,20221231,N
1552797,DKL,"DELEK LOGISTICS PARTNERS, LP",4610,2-ACC,10-Q,20230331,Y
1552800,TTSH,"TILE SHOP HOLDINGS, INC.",5700,2-ACC,10-Q,20230331,Y
1552979,,"CHINA DE XIAO QUAN CARE GROUP CO., LTD",5961,4-NON,10-K,20221231,N
1553079,ESBA,"EMPIRE STATE REALTY OP, L.P.",6798,1-LAF,10-Q,20230331,Y
1553404,,PACIFIC GREEN TECHNOLOGIES INC.,4955,4-NON,10-K,20230331,N
1553643,RLMD,"RELMADA THERAPEUTICS, INC.",2834,4-NON,10-Q,20230331,Y
1553788,SBEV,"SPLASH BEVERAGE GROUP, INC.",2080,4-NON,10-Q,20230331,Y
1553846,RDHL,REDHILL BIOPHARMA LTD.,2834,2-ACC,20-F,20221231,Y
1554818,AUUD,AUDDIA INC.,7374,4-NON,10-Q,20230331,Y
1554859,,"SEMLER SCIENTIFIC, INC.",3845,4-NON,10-Q,20230331,N
1555074,,ALTISOURCE ASSET MANAGEMENT CORP,6500,4-NON,10-Q,20230331,N
1555214,,"WALLY WORLD MEDIA, INC",7374,4-NON,10-Q,20230331,N
1555279,MASS,908 DEVICES INC.,3829,4-NON,10-Q,20230331,Y
1555280,ZTS,ZOETIS INC.,2834,1-LAF,10-Q,20230331,Y
1556179,,"ROCKY MOUNTAIN INDUSTRIALS, INC.",7380,4-NON,10-K,20230331,N
1556263,,"SYROS PHARMACEUTICALS, INC.",2834,4-NON,10-Q,20230331,N
1556266,,"TD HOLDINGS, INC.",5050,4-NON,10-Q,20230331,N
1556593,RITM,RITHM CAPITAL CORP.,6798,1-LAF,10-Q,20230331,Y
1556727,FNWB,FIRST NORTHWEST BANCORP,6036,4-NON,10-Q,20230331,Y
1556739,THRY,"THRYV HOLDINGS, INC.",7310,2-ACC,10-Q,20230331,Y
1556801,MYCB,"MY CITY BUILDERS, INC.",6500,4-NON,10-Q,20230430,Y
1556898,,"TECHPOINT, INC.",3674,4-NON,10-K,20221231,N
1557376,ZEOX,"ORGANICELL REGENERATIVE MEDICINE, INC.",2836,4-NON,10-Q,20230430,Y
1557746,ACRS,"ACLARIS THERAPEUTICS, INC.",2834,1-LAF,10-Q,20230331,Y
1557798,CIIT,"TIANCI INTERNATIONAL, INC.",1311,4-NON,10-Q,20230430,Y
1558569,ISPC,ISPECIMEN INC.,8731,4-NON,10-Q,20230331,Y
1558583,,ARCIMOTO INC,3751,4-NON,10-K,20221231,N
1558740,WNLV,WINVEST GROUP LTD,7812,4-NON,10-K,20221231,Y
1559053,PRTA,PROTHENA CORP PUBLIC LTD CO,2834,1-LAF,10-Q,20230331,Y
1559157,,"SUNSTOCK, INC.",5331,4-NON,10-Q,20230331,N
1559356,,"IMMUNE THERAPEUTICS, INC.",2834,4-NON,10-K,20221231,N
1559432,TXO,"TXO ENERGY PARTNERS, L.P.",1311,4-NON,10-Q,20230331,Y
1559720,ABNB,"AIRBNB, INC.",7340,1-LAF,10-Q,20230331,Y
1559865,EVTC,"EVERTEC, INC.",7374,1-LAF,10-Q,20230331,Y
1559998,,"GAUCHO GROUP HOLDINGS, INC.",6552,4-NON,10-K,20221231,N
1560241,,"G1 THERAPEUTICS, INC.",2834,4-NON,10-Q,20230331,N
1560258,ECOR,"ELECTROCORE, INC.",3845,4-NON,10-Q,20230331,Y
1560293,TNON,"TENON MEDICAL, INC.",3841,4-NON,10-Q,20230331,Y
1560327,RPD,"RAPID7, INC.",7372,1-LAF,10-Q,20230331,Y
1560385,FWONA,LIBERTY MEDIA CORP,4833,1-LAF,10-Q,20230331,Y
1560452,,TEXAS REPUBLIC CAPITAL CORP,6311,4-NON,10-Q,20230331,N
1560672,EARN,ELLINGTON RESIDENTIAL MORTGAGE REIT,6798,4-NON,10-Q,20230331,Y
1561032,NHP,"HEALTHCARE TRUST, INC.",6798,4-NON,10-Q,20230331,Y
1561550,DDOG,"DATADOG, INC.",7372,1-LAF,10-Q,20230331,Y
1561680,,"TRI POINTE HOMES, INC.",1531,1-LAF,10-Q,20230331,N
1561880,,"LEGACY EDUCATION ALLIANCE, INC.",8200,4-NON,10-K,20221231,N
1561894,HASI,"HANNON ARMSTRONG SUSTAINABLE INFRASTRUCTURE CAPITAL, INC.",6798,1-LAF,10-Q,20230331,Y
1561921,TELA,"TELA BIO, INC.",3841,4-NON,10-Q,20230331,Y
1562088,DUOL,"DUOLINGO, INC.",7372,1-LAF,10-Q,20230331,Y
1562151,CWGL,"CRIMSON WINE GROUP, LTD",2080,4-NON,10-Q,20230331,Y
1562401,AMH,AMERICAN HOMES 4 RENT,6798,1-LAF,10-Q,20230331,Y
1562463,INBK,FIRST INTERNET BANCORP,6022,2-ACC,10-Q,20230331,Y
1562476,,TAYLOR MORRISON HOME CORP,1531,1-LAF,10-Q,20230331,N
1562528,FBRT,"FRANKLIN BSP REALTY TRUST, INC.",6798,1-LAF,10-Q,20230331,Y
1563190,COMP,"COMPASS, INC.",7371,1-LAF,10-Q,20230331,Y
1563298,,ENERGY & WATER DEVELOPMENT CORP,3585,4-NON,10-Q,20230331,N
1563577,GRTX,"GALERA THERAPEUTICS, INC.",2834,4-NON,10-Q,20230331,Y
1563665,HRGN,"BIOSTAGE, INC.",3841,4-NON,10-Q,20230331,Y
1563756,,"LIGHTSTONE VALUE PLUS REIT III, INC.",6798,4-NON,10-Q,20230331,N
1563880,TRVI,"TREVI THERAPEUTICS, INC.",2834,4-NON,10-Q,20230331,Y
1563922,,GREENBACKER RENEWABLE ENERGY CO LLC,4911,4-NON,10-Q,20230331,N
1564406,,"OAK STREET HEALTH, INC.",8000,1-LAF,10-Q,20230331,N
1564408,SNAP,SNAP INC,7370,1-LAF,10-Q,20230331,Y
1564618,,"INDEPENDENT BANK GROUP, INC.",6022,1-LAF,10-Q,20230331,N
1564708,NWSA,NEWS CORP,2711,1-LAF,10-Q,20230331,Y
1564824,,ALLAKOS INC.,2834,4-NON,10-Q,20230331,N
1564902,PRKS,"SEAWORLD ENTERTAINMENT, INC.",7990,1-LAF,10-Q,20230331,Y
1565228,VISL,"VISLINK TECHNOLOGIES, INC.",3669,4-NON,10-Q,20230331,Y
1565687,INTA,"INTAPP, INC.",7372,2-ACC,10-Q,20230331,Y
1566011,,PBF HOLDING CO LLC,2911,4-NON,10-Q,20230331,N
1566044,YARW,VYNE THERAPEUTICS INC.,2834,4-NON,10-Q,20230331,Y
1566243,,ARAX HOLDINGS CORP,5812,4-NON,10-Q,20230430,N
1566469,,"NANTHEALTH, INC.",7374,4-NON,10-K,20221231,N
1566610,TONX,"VERB TECHNOLOGY COMPANY, INC.",7200,4-NON,10-K,20221231,Y
1566826,LGMK,"LOGICMARK, INC.",3842,4-NON,10-Q,20230331,Y
1567094,CNH,CNH INDUSTRIAL N.V.,3531,1-LAF,10-Q,20230331,Y
1567514,,"INTRA-CELLULAR THERAPIES, INC.",2834,1-LAF,10-Q,20230331,N
1567683,CWEN,"CLEARWAY ENERGY, INC.",4911,1-LAF,10-Q,20230331,Y
1567892,,MALLINCKRODT PLC,2834,2-ACC,10-Q,20230331,N
1567900,ALOY,BLACKBOXSTOCKS INC.,7371,4-NON,10-K,20221231,Y
1567925,,"SILA REALTY TRUST, INC.",6798,4-NON,10-Q,20230331,N
1568100,PD,"PAGERDUTY, INC.",7372,1-LAF,10-Q,20230430,Y
1568162,,"NECESSITY RETAIL REIT, INC.",6798,1-LAF,10-Q,20230331,N
1568385,BMTM,"BRIGHT MOUNTAIN MEDIA, INC.",7371,4-NON,10-Q,20230331,Y
1568651,OSCR,"OSCAR HEALTH, INC.",6324,1-LAF,10-Q,20230331,Y
1568969,LOTT,"APPYEA, INC",7371,4-NON,10-Q,20230331,Y
1569187,AHRT,"ARMADA HOFFLER PROPERTIES, INC.",6500,1-LAF,10-Q,20230331,Y
1569345,CXM,"SPRINKLR, INC.",7372,1-LAF,10-K,20230131,Y
1569994,WSBF,"WATERSTONE FINANCIAL, INC.",6035,2-ACC,10-Q,20230331,Y
1570132,ANVI,"ANVI GLOBAL HOLDINGS, INC.",5400,4-NON,10-K,20230228,Y
1570562,EOLS,"EVOLUS, INC.",2834,4-NON,10-Q,20230331,Y
1570585,LBTYA,LIBERTY GLOBAL PLC,4841,1-LAF,10-Q,20230331,Y
1570827,VCTR,"VICTORY CAPITAL HOLDINGS, INC.",6282,2-ACC,10-Q,20230331,Y
1570843,GEBRF,GREENBRIAR CAPITAL CORP.,6500,4-NON,20-F,20221231,Y
1571123,SAIC,SCIENCE APPLICATIONS INTERNATIONAL CORP,7373,1-LAF,10-K,20230131,Y
1571283,REXR,"REXFORD INDUSTRIAL REALTY, INC.",6798,1-LAF,10-Q,20230331,Y
1571329,,LOGAN RIDGE FINANCE CORP.,,4-NON,10-Q,20230331,N
1571398,,VECTA INC.,6035,4-NON,10-Q,20230331,N
1571776,CHMI,CHERRY HILL MORTGAGE INVESTMENT CORP,6798,4-NON,10-Q,20230331,Y
1571934,TAOX,"SYNAPTOGENIX, INC.",2834,4-NON,10-Q,20230331,Y
1571949,ICE,"INTERCONTINENTAL EXCHANGE, INC.",6200,1-LAF,10-Q,20230331,Y
1571996,DELL,DELL TECHNOLOGIES INC.,3571,1-LAF,10-Q,20230430,Y
1572334,VABK,VIRGINIA NATIONAL BANKSHARES CORP,6021,4-NON,10-Q,20230331,Y
1572386,GWTI,GREENWAY TECHNOLOGIES INC,2090,4-NON,10-K,20221231,Y
1572565,,INDOOR HARVEST CORP,3590,4-NON,10-Q,20230331,N
1572621,,AENZA S.A.A.,1600,2-ACC,20-F,20221231,N
1572694,GSBD,"GOLDMAN SACHS BDC, INC.",,1-LAF,10-Q,20230331,Y
1573221,REAL,"THEREALREAL, INC.",5900,2-ACC,10-Q,20230331,Y
1573516,MUSA,MURPHY USA INC.,5500,1-LAF,10-Q,20230331,Y
1574085,BHR,BRAEMAR HOTELS & RESORTS INC.,6798,2-ACC,10-Q,20230331,Y
1574094,RNXT,"RENOVORX, INC.",2834,4-NON,10-Q,20230331,Y
1574197,FPH,"FIVE POINT HOLDINGS, LLC",6500,2-ACC,10-Q,20230331,Y
1574235,PULM,"PULMATRIX, INC.",2834,4-NON,10-Q,20230331,Y
1574540,,PHYSICIANS REALTY TRUST,6798,1-LAF,10-Q,20230331,N
1575048,,"ATEL 16, LLC",7359,4-NON,10-Q,20230331,N
1575051,,SISECAM RESOURCES LP,1400,2-ACC,10-Q,20230331,N
1575142,BDPT,"BIOADAPTIVES, INC.",2834,4-NON,10-Q,20230331,Y
1575295,,ALLIED CORP.,5961,4-NON,10-Q,20230228,N
1575434,,"VERICITY, INC.",6311,4-NON,10-Q,20230331,N
1575515,SFM,"SPROUTS FARMERS MARKET, INC.",5411,1-LAF,10-Q,20230331,Y
1575659,,"RAPID THERAPEUTIC SCIENCE LABORATORIES, INC.",2834,4-NON,10-Q,20230331,N
1575793,WATT,ENERGOUS CORP,3663,4-NON,10-Q,20230331,Y
1575828,,EXPRO GROUP HOLDINGS N.V.,1389,1-LAF,10-Q,20230331,N
1575858,PUBC,PUREBASE CORP,2870,4-NON,10-Q,20230228,Y
1575965,GLPI,"GAMING & LEISURE PROPERTIES, INC.",6798,1-LAF,10-Q,20230331,Y
1576018,SPNT,SIRIUSPOINT LTD,6331,2-ACC,10-Q,20230331,Y
1576197,SENR,"STRATEGIC ENVIRONMENTAL & ENERGY RESOURCES, INC.",4955,4-NON,10-K,20221231,Y
1576263,,"MIRATI THERAPEUTICS, INC.",2834,1-LAF,10-Q,20230331,N
1576280,GH,"GUARDANT HEALTH, INC.",8071,1-LAF,10-Q,20230331,Y
1576427,CRTO,CRITEO S.A.,7311,1-LAF,10-Q,20230331,Y
1576873,ABAT,AMERICAN BATTERY TECHNOLOGY CO,1000,4-NON,10-Q,20230331,Y
1576885,ABOS,"ACUMEN PHARMACEUTICALS, INC.",2836,4-NON,10-Q,20230331,Y
1576914,,MIX TELEMATICS LTD,7372,2-ACC,10-K,20230331,N
1576940,CCS,"CENTURY COMMUNITIES, INC.",1531,1-LAF,10-Q,20230331,Y
1576942,SFIX,"STITCH FIX, INC.",5961,1-LAF,10-Q,20230430,Y
1577134,,"TERRA INCOME FUND 6, LLC",6798,4-NON,10-Q,20230331,N
1577445,ODYS,SCOUTCAM INC.,3827,4-NON,10-Q,20230331,Y
1577526,AI,"C3.AI, INC.",7372,1-LAF,10-K,20230430,Y
1577670,LADR,LADDER CAPITAL CORP,6798,1-LAF,10-Q,20230331,Y
1577916,,"PREMIER, INC.",8741,1-LAF,10-Q,20230331,N
1578329,,APEX 11 INC.,6770,4-NON,10-K,20221231,N
1578348,ICMB,"INVESTCORP CREDIT MANAGEMENT BDC, INC.",,4-NON,10-Q,20230331,Y
1578453,DLNG,DYNAGAS LNG PARTNERS LP,4400,4-NON,20-F,20221231,Y
1578732,MMI,"MARCUS & MILLICHAP, INC.",6531,1-LAF,10-Q,20230331,Y
1578742,,"GPB AUTOMOTIVE PORTFOLIO, LP",5500,4-NON,10-Q,20230331,N
1579157,VNCE,VINCE HOLDING CORP.,5600,4-NON,10-K,20230131,Y
1579214,,"EMERALD HOLDING, INC.",7389,2-ACC,10-Q,20230331,N
1579241,ALLE,ALLEGION PLC,7381,1-LAF,10-Q,20230331,Y
1579298,BURL,"BURLINGTON STORES, INC.",5311,1-LAF,10-Q,20230430,Y
1579428,AXSM,"AXSOME THERAPEUTICS, INC.",2834,1-LAF,10-Q,20230331,Y
1579684,TDAY,"GANNETT CO., INC.",2711,2-ACC,10-Q,20230331,Y
1579733,VITL,"VITAL FARMS, INC.",2000,2-ACC,10-Q,20230331,Y
1579877,OUT,OUTFRONT MEDIA INC.,6798,1-LAF,10-Q,20230331,Y
1580063,,"BIORA THERAPEUTICS, INC.",2834,4-NON,10-Q,20230331,N
1580149,BIVI,BIOVIE INC.,2834,4-NON,10-Q,20230331,Y
1580345,TPVG,TRIPLEPOINT VENTURE GROWTH BDC CORP.,,4-NON,10-Q,20230331,Y
1580490,IONI,I-ON DIGITAL CORP.,2082,4-NON,10-K,20221231,Y
1580560,FLYW,FLYWIRE CORP,7389,1-LAF,10-Q,20230331,Y
1580670,LGIH,"LGI HOMES, INC.",1531,1-LAF,10-Q,20230331,Y
1580808,ATEN,"A10 NETWORKS, INC.",3576,1-LAF,10-Q,20230331,Y
1580864,VRM,"VROOM, INC.",5500,2-ACC,10-Q,20230331,Y
1580905,IBP,"INSTALLED BUILDING PRODUCTS, INC.",1520,1-LAF,10-Q,20230331,Y
1581068,BRX,BRIXMOR PROPERTY GROUP INC.,6798,1-LAF,10-Q,20230331,Y
1581091,RMAX,"RE/MAX HOLDINGS, INC.",6531,2-ACC,10-Q,20230331,Y
1581280,TWST,TWIST BIOSCIENCE CORP,2836,1-LAF,10-Q,20230331,Y
1581552,,"ENERGY 11, L.P.",1311,4-NON,10-Q,20230331,N
1581760,LIF,"LIFE360, INC.",7374,4-NON,10-Q,20230331,Y
1581804,NVGS,NAVIGATOR HOLDINGS LTD.,4412,2-ACC,20-F,20221231,Y
1581874,,"TERRA SECURED INCOME FUND 5, LLC",6798,4-NON,10-Q,20230331,N
1581990,PAGP,PLAINS GP HOLDINGS LP,4610,1-LAF,10-Q,20230331,Y
1582249,,RASNA THERAPEUTICS INC.,2834,4-NON,10-Q,20230331,N
1582313,XENE,XENON PHARMACEUTICALS INC.,2834,1-LAF,10-Q,20230331,Y
1582554,MTNB,"MATINAS BIOPHARMA HOLDINGS, INC.",2834,4-NON,10-Q,20230331,Y
1582961,DOCN,"DIGITALOCEAN HOLDINGS, INC.",7370,1-LAF,10-Q,20230331,Y
1582982,CCLD,"CARECLOUD, INC.",7372,4-NON,10-Q,20230331,Y
1583107,TBPH,"THERAVANCE BIOPHARMA, INC.",2834,1-LAF,10-Q,20230331,Y
1583648,PVLA,"PIERIS PHARMACEUTICALS, INC.",2834,4-NON,10-Q,20230331,Y
1583708,S,"SENTINELONE, INC.",7372,1-LAF,10-Q,20230430,Y
1583771,HEPA,"HEPION PHARMACEUTICALS, INC.",2834,4-NON,10-K,20221231,Y
1584207,OMF,"ONEMAIN HOLDINGS, INC.",6141,1-LAF,10-Q,20230331,Y
1584480,GTIC,"STARTECH LABS, INC.",7372,4-NON,10-Q,20230228,Y
1584509,ARMK,ARAMARK,5812,1-LAF,10-Q,20230331,Y
1584549,VFF,"VILLAGE FARMS INTERNATIONAL, INC.",0100,2-ACC,10-Q,20230331,Y
1584693,SSGC,HEALTHCARE INTEGRATED TECHNOLOGIES INC.,7900,4-NON,10-Q,20230430,Y
1584751,,TALIS BIOMEDICAL CORP,3826,4-NON,10-Q,20230331,N
1584754,,"AKOUSTIS TECHNOLOGIES, INC.",3661,4-NON,10-Q,20230331,N
1584831,OXBR,OXBRIDGE RE HOLDINGS LTD,6331,4-NON,10-Q,20230331,Y
1585101,HGIT,"HINES GLOBAL INCOME TRUST, INC.",6798,4-NON,10-Q,20230331,Y
1585149,,DENGFENG GROUP LTD,7990,4-NON,10-Q,20210531,N
1585364,PRGO,PERRIGO CO PLC,2834,1-LAF,10-Q,20230331,Y
1585389,SMA,"SMARTSTOP SELF STORAGE REIT, INC.",6798,4-NON,10-Q,20230331,Y
1585521,ZM,"ZOOM VIDEO COMMUNICATIONS, INC.",7370,1-LAF,10-Q,20230430,Y
1585608,JAGX,"JAGUAR HEALTH, INC.",2834,4-NON,10-Q,20230331,Y
1585689,HLT,HILTON WORLDWIDE HOLDINGS INC.,7011,1-LAF,10-Q,20230331,Y
1586454,,PRIME MERIDIAN HOLDING CO,6022,4-NON,10-Q,20230331,N
1586554,CBDY,TARGET GROUP INC.,2833,4-NON,10-Q,20230331,Y
1587264,,ENETI INC.,4412,2-ACC,20-F,20221231,N
1587523,KN,KNOWLES CORP,3651,1-LAF,10-Q,20230331,Y
1587732,OGS,"ONE GAS, INC.",4924,1-LAF,10-Q,20230331,Y
1587987,NEWT,"NEWTEKONE, INC.",6021,2-ACC,10-Q,20230331,Y
1588014,ADMQ,"ADM ENDEAVORS, INC.",7310,4-NON,10-Q,20230331,Y
1588084,TANH,TANTECH HOLDINGS LTD,2860,4-NON,20-F,20221231,Y
1588272,,"NEXPOINT CAPITAL, INC.",,4-NON,10-Q,20230331,N
1588489,GBTC,GRAYSCALE BITCOIN TRUST (BTC),6221,1-LAF,10-Q,20230331,Y
1588972,,"SOCIETAL CDMO, INC.",2834,4-NON,10-Q,20230331,N
1588978,PRCT,PROCEPT BIOROBOTICS CORP,3841,1-LAF,10-Q,20230331,Y
1589061,GYRO,"GYRODYNE, LLC",6512,4-NON,10-Q,20230331,Y
1589149,GWAV,"GREENWAVE TECHNOLOGY SOLUTIONS, INC.",5051,4-NON,10-Q,20230331,Y
1589150,RGBP,REGEN BIOPHARMA INC,2834,4-NON,10-Q,20230331,Y
1589361,,WHITE RIVER ENERGY CORP.,4700,4-NON,10-K,20230331,N
1589526,BLBD,BLUE BIRD CORP,3713,2-ACC,10-Q,20230331,Y
1590364,FTAI,FTAI AVIATION LTD.,7350,1-LAF,10-Q,20230331,Y
1590418,FCUV,FOCUS UNIVERSAL INC.,3823,4-NON,10-Q,20230331,Y
1590560,QURE,UNIQURE N.V.,2834,1-LAF,10-Q,20230331,Y
1590584,CVEO,CIVEO CORP,7000,2-ACC,10-Q,20230331,Y
1590695,,"TWINLAB CONSOLIDATED HOLDINGS, INC.",2833,4-NON,10-Q,20230331,N
1590714,ESI,ELEMENT SOLUTIONS INC,2890,1-LAF,10-Q,20230331,Y
1590715,AREC,AMERICAN RESOURCES CORP,1220,4-NON,10-Q,20230331,Y
1590717,CTRE,"CARETRUST REIT, INC.",6798,1-LAF,10-Q,20230331,Y
1590750,VRDN,"VIRIDIAN THERAPEUTICS, INC.DE",8071,4-NON,10-Q,20230331,Y
1590877,RGNX,REGENXBIO INC.,2836,1-LAF,10-Q,20230331,Y
1590895,CZR,"CAESARS ENTERTAINMENT, INC.",7011,1-LAF,10-Q,20230331,Y
1590955,PAYC,"PAYCOM SOFTWARE, INC.",7372,1-LAF,10-Q,20230331,Y
1590976,MBUU,"MALIBU BOATS, INC.",3730,1-LAF,10-Q,20230331,Y
1591165,,"H-CYTE, INC.",3841,4-NON,10-K,20221231,N
1591565,,"BALLY, CORP.",5200,4-NON,10-K,20220930,N
1591587,,"ASSETMARK FINANCIAL HOLDINGS, INC.",6282,2-ACC,10-Q,20230331,N
1591588,GOLD,"A-MARK PRECIOUS METALS, INC.",5094,2-ACC,10-Q,20230331,Y
1591670,FPI,FARMLAND PARTNERS INC.,6798,4-NON,10-Q,20230331,Y
1591698,PCTY,PAYLOCITY HOLDING CORP,7372,1-LAF,10-Q,20230331,Y
1591890,FGNX,"FG FINANCIAL GROUP, INC.",6331,4-NON,10-Q,20230331,Y
1591913,IPSI,"INNOVATIVE PAYMENT SOLUTIONS, INC.",5961,4-NON,10-Q,20230331,Y
1591956,ANY,SPHERE 3D CORP.,6199,4-NON,10-Q,20230331,Y
1592000,,"ENLINK MIDSTREAM, LLC",4922,1-LAF,10-Q,20230331,N
1592057,,ENVIVA INC.,2400,1-LAF,10-Q,20230331,N
1592386,VIRT,"VIRTU FINANCIAL, INC.",6211,1-LAF,10-Q,20230331,Y
1592560,VSA,"TARENA INTERNATIONAL, INC.",8200,4-NON,20-F,20221231,Y
1592782,,NUKKLEUS INC.,8742,4-NON,10-K,20220930,N
1593001,NGTF,"NIGHTFOOD HOLDINGS, INC.",2060,4-NON,10-Q,20230331,Y
1593034,,ENDO INTERNATIONAL PLC,2834,4-NON,10-Q,20230331,N
1593184,BRGX,"FINDIT, INC.",7370,4-NON,10-K,20221231,Y
1593204,,"HUAIZHONG HEALTH GROUP, INC.",7372,4-NON,10-Q,20230131,N
1593222,,"CITY OFFICE REIT, INC.",6798,2-ACC,10-Q,20230331,N
1593538,NAVI,NAVIENT CORP,6211,1-LAF,10-Q,20230331,Y
1593548,,"PLAYAGS, INC.",3990,2-ACC,10-Q,20230331,N
1593549,LIVG,"LIVENTO GROUP, INC.",7372,4-NON,10-Q,20230331,Y
1593773,,KANGE CORP,7371,4-NON,10-Q,20230228,N
1593899,AVIR,"ATEA PHARMACEUTICALS, INC.",2834,2-ACC,10-Q,20230331,Y
1594204,RBTK,ZHEN DING RESOURCES INC.,1000,4-NON,10-Q,20230331,Y
1594555,,"HV BANCORP, INC.",6022,4-NON,10-Q,20230331,N
1594968,VEST,"VESTIAGE, INC.",7900,4-NON,10-Q,20230331,Y
1595097,CRBP,"CORBUS PHARMACEUTICALS HOLDINGS, INC.",2834,4-NON,10-Q,20230331,Y
1595248,GNPX,"GENPREX, INC.",2834,4-NON,10-Q,20230331,Y
1595527,NYC,AMERICAN STRATEGIC INVESTMENT CO.,6798,4-NON,10-Q,20230331,Y
1595761,WB,WEIBO CORP,7370,1-LAF,20-F,20221231,Y
1595974,MGNI,"MAGNITE, INC.",7370,1-LAF,10-Q,20230331,Y
1596062,,Q BIOMED INC.,2834,4-NON,10-K,20221130,N
1596532,ANET,"ARISTA NETWORKS, INC.",3576,1-LAF,10-Q,20230331,Y
1596783,,"CATALENT, INC.",2834,1-LAF,10-Q,20230331,N
1596812,ENLV,ENLIVEX THERAPEUTICS LTD.,2834,2-ACC,20-F,20221231,Y
1596856,,LEJU HOLDINGS LTD,6500,4-NON,20-F,20221231,N
1596961,RDNW,"RUMBLEON, INC.",7371,2-ACC,10-Q,20230331,Y
1596967,MC,MOELIS & CO,6282,1-LAF,10-Q,20230331,Y
1596993,LPG,DORIAN LPG LTD.,4412,2-ACC,10-K,20230331,Y
1597033,SABR,SABRE CORP,7370,1-LAF,10-Q,20230331,Y
1597095,TOUR,TUNIU CORP,4700,4-NON,20-F,20221231,Y
1597264,,BLUEPRINT MEDICINES CORP,2834,1-LAF,10-Q,20230331,N
1597313,,"VIEWRAY, INC.",3845,4-NON,10-Q,20230331,N
1597553,,"SAGE THERAPEUTICS, INC.",2834,1-LAF,10-Q,20230331,N
1597672,RYAM,RAYONIER ADVANCED MATERIALS INC.,2611,2-ACC,10-Q,20230331,Y
1597835,CMCM,CHEETAH MOBILE INC.,7372,4-NON,20-F,20221231,Y
1597846,GRNQ,GREENPRO CAPITAL CORP.,7374,4-NON,10-Q,20230331,Y
1597892,JRSS,JRSIS HEALTH CARE CORP,8060,4-NON,10-K,20221231,Y
1598428,MTUS,TIMKENSTEEL CORP,3312,1-LAF,10-Q,20230331,Y
1598599,IPHA,INNATE PHARMA SA,2836,4-NON,20-F,20221231,Y
1598646,NERV,"MINERVA NEUROSCIENCES, INC.",2834,4-NON,10-Q,20230331,Y
1598665,HRTG,"HERITAGE INSURANCE HOLDINGS, INC.",6331,2-ACC,10-Q,20230331,Y
1598981,SKYX,SKYX PLATFORMS CORP.,3640,4-NON,10-Q,20230331,Y
1599117,MNTR,"MENTOR CAPITAL, INC.",6799,4-NON,10-Q,20230331,Y
1599298,SMMT,SUMMIT THERAPEUTICS INC.,2834,4-NON,10-Q,20230331,Y
1599407,LBRA,1847 HOLDINGS LLC,8742,4-NON,10-K,20221231,Y
1599489,,VERITIV CORP,5110,1-LAF,10-Q,20230331,N
1599617,DNOW,NOW INC.,3533,1-LAF,10-Q,20230331,Y
1599901,,"AVIDITY BIOSCIENCES, INC.",2834,1-LAF,10-Q,20230331,N
1600033,ELF,"E.L.F. BEAUTY, INC.",2844,1-LAF,10-K,20230331,Y
1600132,,"BELLEROPHON THERAPEUTICS, INC.",2834,4-NON,10-Q,20230331,N
1600347,,HAPI METAVERSE INC.,8742,4-NON,10-Q,20230331,N
1600422,,"SUPERIOR DRILLING PRODUCTS, INC.",3533,4-NON,10-Q,20230331,N
1600438,,GMS INC.,5030,1-LAF,10-K,20230430,N
1600620,AUPH,AURINIA PHARMACEUTICALS INC.,2834,1-LAF,10-Q,20230331,Y
1600626,,PEAKSTONE REALTY TRUST,6798,4-NON,10-Q,20230331,N
1600641,DIBS,"1STDIBS.COM, INC.",5961,4-NON,10-Q,20230331,Y
1600847,,GAMIDA CELL LTD.,2836,4-NON,10-Q,20230331,N
1600983,KSCP,"KNIGHTSCOPE, INC.",3669,4-NON,10-Q,20230331,Y
1601046,KEYS,"KEYSIGHT TECHNOLOGIES, INC.",3823,1-LAF,10-Q,20230430,Y
1601485,ELTX,ANGION BIOMEDICA CORP.,2834,4-NON,10-Q,20230331,Y
1601548,VVX,"V2X, INC.",8744,2-ACC,10-Q,20230331,Y
1601712,SYF,SYNCHRONY FINANCIAL,6199,1-LAF,10-Q,20230331,Y
1601830,RXRX,"RECURSION PHARMACEUTICALS, INC.",2836,1-LAF,10-Q,20230331,Y
1601936,CYTOF,ALTAMIRA THERAPEUTICS LTD.,2834,4-NON,20-F,20221231,Y
1602065,,VIPER ENERGY PARTNERS LP,1311,1-LAF,10-Q,20230331,N
1602409,FNGR,"FINGERMOTION, INC.",7372,4-NON,10-K,20230228,Y
1602658,ISTR,INVESTAR HOLDING CORP,6022,2-ACC,10-Q,20230331,Y
1603145,XIFR,"NEXTERA ENERGY PARTNERS, LP",4911,1-LAF,10-Q,20230331,Y
1603207,,VASCULAR BIOGENICS LTD.,2834,4-NON,10-Q,20230331,N
1603454,CELC,CELCUITY INC.,8071,4-NON,10-Q,20230331,Y
1603480,,TCW DIRECT LENDING LLC,,4-NON,10-K,20221231,N
1603756,,"AXONICS, INC.",3841,1-LAF,10-Q,20230331,N
1603793,NRIS,"NORRIS INDUSTRIES, INC.",1311,4-NON,10-K,20230228,Y
1603923,WFRD,WEATHERFORD INTERNATIONAL PLC,3533,1-LAF,10-Q,20230331,Y
1603978,AQB,"AQUABOUNTY TECHNOLOGIES, INC.",0900,4-NON,10-Q,20230331,Y
1604028,WMS,"ADVANCED DRAINAGE SYSTEMS, INC.",3086,1-LAF,10-K,20230331,Y
1604191,GRDX,"FIRST WAVE BIOPHARMA, INC.",2834,4-NON,10-Q,20230331,Y
1604464,ATRA,"ATARA BIOTHERAPEUTICS, INC.",2836,1-LAF,10-Q,20230331,Y
1604477,,SQZ BIOTECHNOLOGIES CO,2836,4-NON,10-Q,20230331,N
1604481,CMBT,EURONAV NV,4412,1-LAF,20-F,20221231,Y
1604643,,EVOQUA WATER TECHNOLOGIES CORP.,3580,1-LAF,10-Q,20230331,N
1604665,WLKP,WESTLAKE CHEMICAL PARTNERS LP,2860,2-ACC,10-Q,20230331,Y
1604738,,ASHFORD INC.,8742,4-NON,10-Q,20230331,N
1604778,QRVO,"QORVO, INC.",3674,1-LAF,10-K,20230331,Y
1604821,NTRA,"NATERA, INC.",8071,1-LAF,10-Q,20230331,Y
1604868,GRWG,GROWGENERATION CORP.,5200,2-ACC,10-Q,20230331,Y
1604950,,SCPHARMACEUTICALS INC.,2834,4-NON,10-Q,20230331,N
1605057,VMNT,"VEMANTI GROUP, INC.",6199,4-NON,10-Q,20230331,Y
1605301,CBFV,"CB FINANCIAL SERVICES, INC.",6022,4-NON,10-Q,20230331,Y
1605331,AERA,AB INTERNATIONAL GROUP CORP.,6794,4-NON,10-Q,20230228,Y
1605481,NGLD,NEVADA CANYON GOLD CORP.,1040,4-NON,10-Q,20230331,Y
1605607,,"PARAMOUNT GROUP, INC.",6798,1-LAF,10-Q,20230331,N
1605888,CIRC,"SEQLL, INC.",3826,4-NON,10-Q,20230331,Y
1606163,LMB,"LIMBACH HOLDINGS, INC.",1700,4-NON,10-Q,20230331,Y
1606268,,"VIA RENEWABLES, INC.",4931,2-ACC,10-Q,20230331,N
1606366,LOCO,"EL POLLO LOCO HOLDINGS, INC.",5812,2-ACC,10-Q,20230331,Y
1606498,AVNS,"AVANOS MEDICAL, INC.",3842,1-LAF,10-Q,20230331,Y
1606698,,"ALPINE 4 HOLDINGS, INC.",3669,4-NON,10-Q,20220930,N
1606745,,"LIBERTY TRIPADVISOR HOLDINGS, INC.",7374,4-NON,10-Q,20230331,N
1606757,KE,"KIMBALL ELECTRONICS, INC.",3672,2-ACC,10-Q,20230331,Y
1606909,PANL,PANGAEA LOGISTICS SOLUTIONS LTD.,4412,2-ACC,10-Q,20230331,Y
1607678,VKTX,"VIKING THERAPEUTICS, INC.",2834,4-NON,10-Q,20230331,Y
1607939,,"UDEMY, INC.",8200,1-LAF,10-Q,20230331,N
1607962,LFWD,REWALK ROBOTICS LTD.,3842,4-NON,10-Q,20230331,Y
1608092,KITL,KISSES FROM ITALY INC.,5810,4-NON,10-Q,20230331,Y
1609065,PBHC,"PATHFINDER BANCORP, INC.",6022,4-NON,10-Q,20230331,Y
1609151,WEAV,"WEAVE COMMUNICATIONS, INC.",7372,2-ACC,10-Q,20230331,Y
1609253,CRC,CALIFORNIA RESOURCES CORP,1311,1-LAF,10-Q,20230331,Y
1609550,INSP,"INSPIRE MEDICAL SYSTEMS, INC.",3841,1-LAF,10-Q,20230331,Y
1609711,GDDY,GODADDY INC.,7373,1-LAF,10-Q,20230331,Y
1609804,OEC,ORION ENGINEERED CARBONS S.A.,2890,1-LAF,10-Q,20230331,Y
1609809,MCRB,"SERES THERAPEUTICS, INC.",2834,1-LAF,10-Q,20230331,Y
1609988,,FLOOIDCX CORP.,7389,4-NON,10-Q,20230331,N
1610250,BOOT,"BOOT BARN HOLDINGS, INC.",5661,1-LAF,10-K,20230331,Y
1610601,MOMO,HELLO GROUP INC.,7372,1-LAF,20-F,20221231,Y
1610618,,"CIDARA THERAPEUTICS, INC.",2836,4-NON,10-Q,20230331,N
1610682,,USD PARTNERS LP,4013,2-ACC,10-Q,20230331,N
1610718,ODRS,"OUTDOOR SPECIALTY PRODUCTS, INC.",3949,4-NON,10-Q,20230331,Y
1610820,BCTX,BRIACELL THERAPEUTICS CORP.,2834,4-NON,10-Q,20230430,Y
1610853,HSDT,"HELIUS MEDICAL TECHNOLOGIES, INC.",3845,4-NON,10-Q,20230331,Y
1610940,BDRY,ETF MANAGERS GROUP COMMODITY TRUST I,6221,4-NON,10-Q,20230331,Y
1610950,,"SYNEOS HEALTH, INC.",8731,1-LAF,10-Q,20230331,N
1611052,PCOR,"PROCORE TECHNOLOGIES, INC.",7372,1-LAF,10-Q,20230331,Y
1611282,,"PISHPOSH, INC.",5960,4-NON,10-Q,20230331,N
1611547,UE,URBAN EDGE PROPERTIES,6500,1-LAF,10-Q,20230331,Y
1611647,FRPT,"FRESHPET, INC.",2040,1-LAF,10-Q,20230331,Y
1611746,SPRC,SCISPARC LTD.,2834,4-NON,20-F,20221231,Y
1611747,SCNI,BIONDVAX PHARMACEUTICALS LTD.,2836,4-NON,10-K,20221231,Y
1611852,,"ROAN HOLDINGS GROUP CO., LTD.",6159,4-NON,20-F,20221231,N
1611983,LBRDA,LIBERTY BROADBAND CORP,4841,1-LAF,10-Q,20230331,Y
1612188,,TEO FOODS INC,2090,4-NON,10-K,20221231,N
1612630,JYNT,JOINT CORP,6794,4-NON,10-Q,20230331,Y
1612720,NEXT,NEXTDECADE CORP.,4923,4-NON,10-Q,20230331,Y
1613103,MDT,MEDTRONIC PLC,3845,1-LAF,10-K,20230430,Y
1613685,,TRENDMAKER INC. LTD.,2731,4-NON,10-Q,20230331,N
1613780,DBVT,DBV TECHNOLOGIES S.A.,2836,4-NON,10-Q,20230331,Y
1614067,,"ARIDIS PHARMACEUTICALS, INC.",2834,4-NON,10-K,20221231,N
1614178,YEXT,"YEXT, INC.",7374,2-ACC,10-Q,20230430,Y
1614556,,STAR ALLIANCE INTERNATIONAL CORP.,1040,4-NON,10-Q,20230331,N
1614806,RPT,GREAT AJAX CORP.,6798,2-ACC,10-Q,20230331,Y
1615063,INSE,"INSPIRED ENTERTAINMENT, INC.",7372,2-ACC,10-Q,20230331,Y
1615165,VERI,"VERITONE, INC.",7374,2-ACC,10-Q,20230331,Y
1615219,DCOY,"SALARIUS PHARMACEUTICALS, INC.",2834,4-NON,10-Q,20230331,Y
1615222,,"MOODY NATIONAL REIT II, INC.",6798,4-NON,10-Q,20230331,N
1615780,,"TEARDROPPERS, INC.",7310,4-NON,10-K,20221231,N
1615903,IFS,INTERCORP FINANCIAL SERVICES INC.,6029,1-LAF,20-F,20221231,Y
1616000,XHR,"XENIA HOTELS & RESORTS, INC.",7011,1-LAF,10-Q,20230331,Y
1616156,WEWA,"WEWARDS, INC.",7370,4-NON,10-Q,20230228,Y
1616262,RMCF,"ROCKY MOUNTAIN CHOCOLATE FACTORY, INC.",2060,4-NON,10-K,20230228,Y
1616291,,JUPAI HOLDINGS LTD,6282,4-NON,20-F,20221231,N
1616318,,VISTA OUTDOOR INC.,3480,1-LAF,10-K,20230331,N
1616533,PENG,"SMART GLOBAL HOLDINGS, INC.",3674,1-LAF,10-Q,20230228,Y
1616543,SENS,"SENSEONICS HOLDINGS, INC.",3823,4-NON,10-Q,20230331,Y
1616707,W,WAYFAIR INC.,5961,1-LAF,10-Q,20230331,Y
1616736,GGBY,ALPHA INVESTMENT INC.,6500,4-NON,10-K,20221231,Y
1616741,,"PATRIOT TRANSPORTATION HOLDING, INC.",4210,4-NON,10-Q,20230331,N
1616788,,LEGACY VENTURES INTERNATIONAL INC.,3841,4-NON,10-Q,20230331,N
1616862,AXTA,AXALTA COATING SYSTEMS LTD.,2851,1-LAF,10-Q,20230331,Y
1617242,KRNY,KEARNY FINANCIAL CORP.,6035,1-LAF,10-Q,20230331,Y
1617406,PK,PARK HOTELS & RESORTS INC.,7011,1-LAF,10-Q,20230331,Y
1617553,ZIP,"ZIPRECRUITER, INC.",7370,1-LAF,10-Q,20230331,Y
1617640,ZG,"ZILLOW GROUP, INC.",7389,1-LAF,10-Q,20230331,Y
1617765,,SALONA GLOBAL MEDICAL DEVICE CORP,3841,4-NON,10-Q,20230331,N
1618181,GLDM,WORLD GOLD TRUST,6221,1-LAF,10-Q,20230331,Y
1618500,,MEDIGUS LTD.,3841,4-NON,20-F,20221231,N
1618563,,NATIONAL STORAGE AFFILIATES TRUST,6798,1-LAF,10-Q,20230331,N
1618673,PFGC,PERFORMANCE FOOD GROUP CO,5141,1-LAF,10-Q,20230331,Y
1618694,,GUGGENHEIM CREDIT INCOME FUND 2016 T,,4-NON,10-Q,20230331,N
1618696,,GUGGENHEIM CREDIT INCOME FUND 2019,,4-NON,10-Q,20230331,N
1618697,,GUGGENHEIM CREDIT INCOME FUND,,4-NON,10-Q,20230331,N
1618732,NTNX,"NUTANIX, INC.",7372,1-LAF,10-Q,20230131,Y
1618755,QSP,RESTAURANT BRANDS INTERNATIONAL LIMITED PARTNERSHIP,5812,1-LAF,10-Q,20230331,Y
1618756,QSR,RESTAURANT BRANDS INTERNATIONAL INC.,5812,1-LAF,10-Q,20230331,Y
1618835,EVFM,"EVOFEM BIOSCIENCES, INC.",2834,4-NON,10-Q,20230331,Y
1618921,,"WALGREENS BOOTS ALLIANCE, INC.",5912,1-LAF,10-Q,20230531,N
1619096,SNTW,SUMMIT NETWORKS INC.,4953,4-NON,10-Q,20230331,Y
1619227,CLOW,"CLOUDWEB, INC.",7370,4-NON,10-Q,20230331,Y
1619312,LTSV,"LIGHTSTONE VALUE PLUS REIT IV, INC.",6798,4-NON,10-Q,20230331,Y
1619544,JFU,9F INC.,6199,2-ACC,20-F,20221231,Y
1619856,CRBU,"CARIBOU BIOSCIENCES, INC.",2836,4-NON,10-Q,20230331,Y
1620179,,"EXELA TECHNOLOGIES, INC.",7389,2-ACC,10-K,20221231,N
1620280,,UNITI GROUP INC.,6798,1-LAF,10-Q,20230331,N
1620393,NXRT,"NEXPOINT RESIDENTIAL TRUST, INC.",6798,1-LAF,10-Q,20230331,Y
1620459,JRVR,"JAMES RIVER GROUP HOLDINGS, LTD.",6331,1-LAF,10-Q,20230331,Y
1620463,LONA,"ATHIRA PHARMA, INC.",2836,4-NON,10-Q,20230331,Y
1620533,SHAK,SHAKE SHACK INC.,5810,1-LAF,10-Q,20230331,Y
1620749,PHCI,PANAMERA HOLDINGS CORP,8742,4-NON,10-Q,20230430,Y
1621221,ARTL,"ARTELO BIOSCIENCES, INC.",2834,4-NON,10-Q,20230331,Y
1621227,ADAPY,ADAPTIMMUNE THERAPEUTICS PLC,2836,4-NON,10-Q,20230331,Y
1621434,BSM,"BLACK STONE MINERALS, L.P.",1311,1-LAF,10-Q,20230331,Y
1621443,,"ZYNERBA PHARMACEUTICALS, INC.",2834,4-NON,10-Q,20230331,N
1621563,,"SUMMIT MATERIALS, INC.",1400,1-LAF,10-Q,20230331,N
1621672,SLE,"SUPER LEAGUE GAMING, INC.",7900,4-NON,10-Q,20230331,Y
1621832,AQMS,"AQUA METALS, INC.",3341,4-NON,10-Q,20230331,Y
1621906,WSTRF,WESTERN URANIUM & VANADIUM CORP.,1090,4-NON,10-K,20221231,Y
1622057,,NASCENT BIOTECH INC.,2834,4-NON,10-K,20230331,N
1622194,DEA,"EASTERLY GOVERNMENT PROPERTIES, INC.",6798,1-LAF,10-Q,20230331,Y
1622229,COGT,"COGENT BIOSCIENCES, INC.",2834,4-NON,10-Q,20230331,Y
1622244,OWPC,"ONE WORLD PRODUCTS, INC.",2834,4-NON,10-K,20221231,Y
1622345,POLA,"POLAR POWER, INC.",3690,4-NON,10-Q,20230331,Y
1622879,,"MEDICINE MAN TECHNOLOGIES, INC.",8742,4-NON,10-Q,20230331,N
1623526,STOK,"STOKE THERAPEUTICS, INC.",2834,4-NON,10-Q,20230331,Y
1623590,,HWGC HOLDINGS LTD,6199,4-NON,10-K,20221231,N
1623925,AM,ANTERO MIDSTREAM CORP,4922,1-LAF,10-Q,20230331,Y
1624140,,NINE ALLIANCE SCIENCE & TECHNOLOGY GROUP,3100,4-NON,10-Q,20230331,N
1624322,BFST,"BUSINESS FIRST BANCSHARES, INC.",6022,2-ACC,10-Q,20230331,Y
1624326,PAVM,PAVMED INC.,3841,4-NON,10-Q,20230331,Y
1624512,BOXL,BOXLIGHT CORP,8200,4-NON,10-Q,20230331,Y
1624794,CSW,"CSW INDUSTRIALS, INC.",2891,1-LAF,10-K,20230331,Y
1624985,SFCX,TRIBAL RIDES INTERNATIONAL CORP.,7389,4-NON,10-K,20221231,Y
1625101,PLSE,"PULSE BIOSCIENCES, INC.",3841,4-NON,10-Q,20230331,Y
1625278,NRDS,"NERDWALLET, INC.",7374,2-ACC,10-Q,20230331,Y
1625288,,"NEXIEN BIOPHARMA, INC.",2834,4-NON,10-Q,20230331,N
1625414,BZUN,BAOZUN INC.,5961,2-ACC,20-F,20221231,Y
1625641,LAW,"CS DISCO, INC.",7372,2-ACC,10-Q,20230331,Y
1625941,,ARES INDUSTRIAL REAL ESTATE INCOME TRUST INC.,6798,4-NON,10-Q,20230331,N
1626115,PJT,PJT PARTNERS INC.,6282,1-LAF,10-Q,20230331,Y
1626199,,"ALPINE IMMUNE SCIENCES, INC.",2834,4-NON,10-Q,20230331,N
1626450,CMRC,"BIGCOMMERCE HOLDINGS, INC.",7372,1-LAF,10-Q,20230331,Y
1626644,ODYY,"ODYSSEY HEALTH, INC.",3841,4-NON,10-Q,20230430,Y
1626745,FVTI,"FORTUNE VALLEY TREASURES, INC.",5900,4-NON,10-Q,20230331,Y
1626878,XBIT,XBIOTECH INC.,2834,4-NON,10-Q,20230331,Y
1626971,CRVS,"CORVUS PHARMACEUTICALS, INC.",2834,4-NON,10-Q,20230331,Y
1627014,,"BLACK KNIGHT, INC.",7372,1-LAF,10-Q,20230331,N
1627041,,VISIBER57 CORP.,7372,4-NON,10-Q,20230228,N
1627223,CC,CHEMOURS CO,2800,1-LAF,10-Q,20230331,Y
1627282,CWD,CALIBERCOS INC.,6500,4-NON,10-Q,20230331,Y
1627469,,"PHOTOZOU HOLDINGS, INC.",7310,4-NON,10-Q,20230228,N
1627475,UPWK,"UPWORK, INC",7374,1-LAF,10-Q,20230331,Y
1627480,,"PV NANO CELL, LTD.",2890,4-NON,20-F,20221231,N
1627554,,"PEDRO'S LIST, INC.",3949,4-NON,10-Q,20230430,N
1628063,SRG,SERITAGE GROWTH PROPERTIES,6500,2-ACC,10-Q,20230331,Y
1628171,RVMD,"REVOLUTION MEDICINES, INC.",2836,1-LAF,10-Q,20230331,Y
1628369,CWK,CUSHMAN & WAKEFIELD PLC,6500,1-LAF,10-Q,20230331,Y
1628908,EVH,"EVOLENT HEALTH, INC.",8741,1-LAF,10-Q,20230331,Y
1628945,,CUE HEALTH INC.,3826,2-ACC,10-Q,20230331,N
1629019,MBIN,MERCHANTS BANCORP,6022,2-ACC,10-Q,20230331,Y
1629205,,INNOVATION1 BIOTECH INC.,2834,4-NON,10-Q,20230228,N
1629210,PZG,PARAMOUNT GOLD NEVADA CORP.,1000,4-NON,10-Q,20230331,Y
1629665,,"MULIANG VIAGOO TECHNOLOGY, INC.",2870,4-NON,10-K,20221231,N
1630113,BTCY,BIOTRICITY INC.,3841,4-NON,10-K,20230331,Y
1630176,HYEX,HEALTHY EXTRACTS INC.,2833,4-NON,10-Q,20230331,Y
1630212,CHGA,AVALON GLOBOCARE CORP.,2836,4-NON,10-Q,20230331,Y
1630472,TRTX,"TPG RE FINANCE TRUST, INC.",6798,1-LAF,10-Q,20230331,Y
1630627,TMCI,"TREACE MEDICAL CONCEPTS, INC.",3841,4-NON,10-Q,20230331,Y
1630805,BW,"BABCOCK & WILCOX ENTERPRISES, INC.",3433,2-ACC,10-Q,20230331,Y
1631256,,"KBS GROWTH & INCOME REIT, INC.",6798,4-NON,10-Q,20230331,N
1631282,,DATASEA INC.,7372,4-NON,10-Q,20230331,N
1631569,CHCT,COMMUNITY HEALTHCARE TRUST INC,6798,1-LAF,10-Q,20230331,Y
1631574,WVE,WAVE LIFE SCIENCES LTD.,2834,4-NON,10-Q,20230331,Y
1631596,KREF,KKR REAL ESTATE FINANCE TRUST INC.,6798,1-LAF,10-Q,20230331,Y
1631761,YRD,YIREN DIGITAL LTD.,6199,4-NON,20-F,20221231,Y
1632121,BLNC,"BALANCE LABS, INC.",8742,4-NON,10-K,20221231,Y
1632127,CABO,"CABLE ONE, INC.",4841,1-LAF,10-Q,20230331,Y
1632790,ENR,"ENERGIZER HOLDINGS, INC.",3690,1-LAF,10-Q,20230331,Y
1632970,AHR,"AMERICAN HEALTHCARE REIT, INC.",6798,4-NON,10-Q,20230331,Y
1633070,,AXCELLA HEALTH INC.,2836,4-NON,10-Q,20230331,N
1633336,CCAP,"CRESCENT CAPITAL BDC, INC.",,4-NON,10-Q,20230331,Y
1633917,PYPL,"PAYPAL HOLDINGS, INC.",7389,1-LAF,10-Q,20230331,Y
1633931,,TOPBUILD CORP,1700,1-LAF,10-Q,20230331,N
1633932,,ESSA PHARMA INC.,2834,4-NON,10-Q,20230331,N
1633978,LITE,LUMENTUM HOLDINGS INC.,3669,1-LAF,10-Q,20230331,Y
1634293,,"EXCEED WORLD, INC.",8200,4-NON,10-Q,20230331,N
1634447,,"ISUN, INC.",3674,4-NON,10-K,20221231,N
1634452,,AB PRIVATE CREDIT INVESTORS CORP,,4-NON,10-Q,20230331,N
1634997,,"AVANGRID, INC.",4911,1-LAF,10-Q,20230331,N
1635088,ROIV,ROIVANT SCIENCES LTD.,2834,4-NON,10-K,20230331,Y
1635282,RMNI,"RIMINI STREET, INC.",7389,2-ACC,10-Q,20230331,Y
1635650,,GREEN PLAINS PARTNERS LP,2860,2-ACC,10-Q,20230331,N
1635984,,"NATIONAL WESTERN LIFE GROUP, INC.",6311,2-ACC,10-Q,20230331,N
1636051,FUST,FUSE GROUP HOLDING INC.,1000,4-NON,10-Q,20230331,Y
1636222,WING,WINGSTOP INC.,5812,1-LAF,10-Q,20230331,Y
1636282,SYRE,"AEGLEA BIOTHERAPEUTICS, INC.",2834,4-NON,10-Q,20230331,Y
1636422,HCAT,"HEALTH CATALYST, INC.",7370,1-LAF,10-Q,20230331,Y
1636519,MSGS,MADISON SQUARE GARDEN SPORTS CORP.,7990,1-LAF,10-Q,20230331,Y
1636651,OVID,OVID THERAPEUTICS INC.,2834,2-ACC,10-Q,20230331,Y
1637207,PLNT,"PLANET FITNESS, INC.",7997,1-LAF,10-Q,20230331,Y
1637459,KHC,KRAFT HEINZ CO,2030,1-LAF,10-Q,20230331,Y
1637715,OKUR,"RENEO PHARMACEUTICALS, INC.",2834,4-NON,10-Q,20230331,Y
1637736,,ELECTRAMECCANICA VEHICLES CORP.,3711,4-NON,10-K,20221231,N
1637757,,CLEARWAY ENERGY LLC,4911,4-NON,10-Q,20230331,N
1637866,,"DEEP GREEN WASTE & RECYCLING, INC.",4955,4-NON,10-K,20221231,N
1637873,ACVA,ACV AUCTIONS INC.,7389,1-LAF,10-Q,20230331,Y
1637880,,"TRI-STATE GENERATION & TRANSMISSION ASSOCIATION, INC.",4911,4-NON,10-Q,20230331,N
1638097,ENTX,ENTERA BIO LTD.,2836,4-NON,10-Q,20230331,Y
1638287,MTVA,"NEUROBO PHARMACEUTICALS, INC.",2834,4-NON,10-Q,20230331,Y
1638290,MCFT,"MASTERCRAFT BOAT HOLDINGS, INC.",3730,2-ACC,10-Q,20230331,Y
1638833,SGRY,"SURGERY PARTNERS, INC.",8062,1-LAF,10-Q,20230331,Y
1638911,DUKR,UAS DRONE CORP.,3721,4-NON,10-Q,20230331,Y
1639068,HBUV,HUBILU VENTURE CORP,6510,4-NON,10-K,20221231,Y
1639142,,PLYMOUTH ROCK TECHNOLOGIES INC.,1040,4-NON,20-F,20221130,N
1639300,OLLI,"OLLIE'S BARGAIN OUTLET HOLDINGS, INC.",5331,1-LAF,10-Q,20230430,Y
1639691,LIVN,LIVANOVA PLC,3845,1-LAF,10-Q,20230331,Y
1639825,PTON,"PELOTON INTERACTIVE, INC.",3949,1-LAF,10-Q,20230331,Y
1639877,GSM,FERROGLOBE PLC,1000,1-LAF,20-F,20221231,Y
1640043,PXS,PYXIS TANKERS INC.,4412,4-NON,20-F,20221231,Y
1640147,SNOW,SNOWFLAKE INC.,7372,1-LAF,10-Q,20230430,Y
1640265,,"GPB HOLDINGS II, LP",8742,4-NON,10-Q,20230331,N
1640266,VYGR,"VOYAGER THERAPEUTICS, INC.",2836,4-NON,10-Q,20230331,Y
1640384,PWCM,"LM FUNDING AMERICA, INC.",6199,4-NON,10-Q,20230331,Y
1640428,EVER,"EVERQUOTE, INC.",7370,2-ACC,10-Q,20230331,Y
1640982,,"ATEL 17, LLC",7359,4-NON,10-Q,20230331,N
1641281,BOLT,"BOLT BIOTHERAPEUTICS, INC.",2834,4-NON,10-Q,20230331,Y
1641398,GDC,GD CULTURE GROUP LTD,5050,4-NON,10-Q,20230331,Y
1641489,VTVT,VTV THERAPEUTICS INC.,2834,4-NON,10-Q,20230331,Y
1641601,RVRF,RIVER FINANCIAL CORP,6022,4-NON,10-Q,20230331,Y
1641614,PMTS,CPI CARD GROUP INC.,2750,2-ACC,10-Q,20230331,Y
1641631,XAIR,"BEYOND AIR, INC.",3841,4-NON,10-K,20230331,Y
1641640,,NABRIVA THERAPEUTICS PLC,2834,4-NON,10-K,20221231,N
1641751,,BREWBILT MANUFACTURING INC.,5047,4-NON,10-K,20221231,N
1642122,ACGP,"ASSOCIATED CAPITAL GROUP, INC.",6211,4-NON,10-Q,20230331,Y
1642159,SIGY,"SIGYN THERAPEUTICS, INC.",3841,4-NON,10-Q,20230331,Y
1642375,,"GUARDION HEALTH SCIENCES, INC.",2834,4-NON,10-K,20221231,N
1642380,IMDX,ONCOCYTE CORP,2835,4-NON,10-K,20221231,Y
1642453,,"DASEKE, INC.",4700,2-ACC,10-Q,20230331,N
1642545,,"SHOCKWAVE MEDICAL, INC.",3841,1-LAF,10-Q,20230331,N
1642862,,"VENTURE LENDING & LEASING VIII, INC.",,4-NON,10-Q,20230331,N
1642896,IOT,SAMSARA INC.,7373,1-LAF,10-Q,20230430,Y
1642985,,MOBILE INFRASTRUCTURE CORP,6798,4-NON,10-Q,20230331,N
1643154,ITHUF,"IANTHUS CAPITAL HOLDINGS, INC.",0100,4-NON,10-Q,20230331,Y
1643615,ONT,"MONTROSE ENVIRONMENTAL GROUP, INC.",8742,1-LAF,10-Q,20230331,Y
1643721,BOTX,"LEAFBUYER TECHNOLOGIES, INC.",4700,4-NON,10-Q,20230331,Y
1643918,BDRX,BIODEXA PHARMACEUTICALS PLC,2834,4-NON,20-F,20221231,Y
1643953,PRPL,"PURPLE INNOVATION, INC.",2510,2-ACC,10-Q,20230331,Y
1643988,,"LOOP MEDIA, INC.",7363,4-NON,10-Q,20230331,N
1644378,RMR,RMR GROUP INC.,8742,2-ACC,10-Q,20230331,Y
1644406,,"HOSTESS BRANDS, INC.",2050,1-LAF,10-Q,20230331,N
1644488,,SHARING SERVICES GLOBAL CORP,5122,4-NON,10-K,20230331,N
1644903,YCBD,"CBDMD, INC.",2844,4-NON,10-Q,20230331,Y
1644963,ATXI,"AVENUE THERAPEUTICS, INC.",2834,4-NON,10-Q,20230331,Y
1645070,,STERLING CHECK CORP.,7374,2-ACC,10-Q,20230331,N
1645113,NVCR,NOVOCURE LTD,3841,1-LAF,10-Q,20230331,Y
1645155,WBSR,WEBSTAR TECHNOLOGY GROUP INC.,7372,4-NON,10-K,20221231,Y
1645460,CUE,"CUE BIOPHARMA, INC.",2834,4-NON,10-Q,20230331,Y
1645469,MNPR,MONOPAR THERAPEUTICS,2834,4-NON,10-Q,20230331,Y
1645569,,"DICE THERAPEUTICS, INC.",2834,4-NON,10-Q,20230331,N
1645590,HPE,HEWLETT PACKARD ENTERPRISE CO,5045,1-LAF,10-Q,20230430,Y
1645666,,"KEZAR LIFE SCIENCES, INC.",2834,4-NON,10-Q,20230331,N
1645873,MDV,MODIV INC.,6798,4-NON,10-Q,20230331,Y
1646188,ONDS,ONDAS HOLDINGS INC.,3663,4-NON,10-Q,20230331,Y
1646972,ACI,"ALBERTSONS COMPANIES, INC.",5411,1-LAF,10-K,20230228,Y
1647088,WSC,WILLSCOT MOBILE MINI HOLDINGS CORP.,7350,1-LAF,10-Q,20230331,Y
1647639,UPST,"UPSTART HOLDINGS, INC.",6199,1-LAF,10-Q,20230331,Y
1647822,SVMB,SAVMOBI TECHNOLOGY INC.,7372,4-NON,10-Q,20230228,Y
1648087,AREB,AMERICAN REBEL HOLDINGS INC,3089,4-NON,10-K,20221231,Y
1648365,,"TINGO, INC.",7310,4-NON,10-K,20221231,N
1648636,TRLEF,TRILLION ENERGY INTERNATIONAL INC.,1311,4-NON,20-F,20221231,Y
1648903,,"FIRST FOODS GROUP, INC.",7812,4-NON,10-K,20221231,N
1648960,MYSE,"DATCHAT, INC.",4822,4-NON,10-Q,20230331,Y
1649094,PCVX,"VAXCYTE, INC.",2836,1-LAF,10-Q,20230331,Y
1649096,CLPR,CLIPPER REALTY INC.,6798,2-ACC,10-Q,20230331,Y
1649739,BAFN,BAYFIRST FINANCIAL CORP.,6022,4-NON,10-Q,20230331,Y
1649744,DLTH,DULUTH HOLDINGS INC.,5600,2-ACC,10-Q,20230430,Y
1649749,FBK,FB FINANCIAL CORP,6022,1-LAF,10-Q,20230331,Y
1649904,RYTM,"RHYTHM PHARMACEUTICALS, INC.",2834,4-NON,10-Q,20230331,Y
1649989,OTLK,"OUTLOOK THERAPEUTICS, INC.",2836,4-NON,10-Q,20230331,Y
1650101,ATXG,ADDENTAX GROUP CORP.,7330,4-NON,10-K,20230331,Y
1650132,FCPT,"FOUR CORNERS PROPERTY TRUST, INC.",6798,1-LAF,10-Q,20230331,Y
1650164,TOST,"TOAST, INC.",7374,1-LAF,10-Q,20230331,Y
1650372,TEAM,ATLASSIAN CORP,7372,1-LAF,10-Q,20230331,Y
1650575,BRQSF,"BORQS TECHNOLOGIES, INC.",7373,4-NON,20-F,20221231,Y
1650648,FDMT,"4D MOLECULAR THERAPEUTICS, INC.",2836,4-NON,10-Q,20230331,Y
1650664,EDIT,"EDITAS MEDICINE, INC.",2836,1-LAF,10-Q,20230331,Y
1650696,LSF,"LAIRD SUPERFOOD, INC.",2000,4-NON,10-Q,20230331,Y
1650729,SITE,"SITEONE LANDSCAPE SUPPLY, INC.",5040,1-LAF,10-Q,20230331,Y
1650739,,"AJIA INNOGROUP HOLDINGS, LTD.",7200,4-NON,10-Q,20230331,N
1651052,,FOCUS FINANCIAL PARTNERS INC.,6282,1-LAF,10-Q,20230331,N
1651308,ONC,"BEIGENE, LTD.",2834,1-LAF,10-Q,20230331,Y
1651311,,MERUS N.V.,2834,1-LAF,10-Q,20230331,N
1651407,,"CHECKPOINT THERAPEUTICS, INC.",2834,4-NON,10-Q,20230331,N
1651561,,"TABULA RASA HEALTHCARE, INC.",7389,4-NON,10-Q,20230331,N
1651562,COUR,"COURSERA, INC.",7372,1-LAF,10-Q,20230331,Y
1651721,GIPR,"GENERATION INCOME PROPERTIES, INC.",6798,4-NON,10-Q,20230331,Y
1651932,XITO,"XENOUS HOLDINGS, INC.",6770,4-NON,10-K,20230331,Y
1651944,,"DERMTECH, INC.",8071,4-NON,10-Q,20230331,N
1651958,,EOS INC.,2844,4-NON,10-Q,20230331,N
1651992,ASFT,"APPSOFT TECHNOLOGIES, INC.",7372,4-NON,10-K,20221231,Y
1652044,GOOGL,ALPHABET INC.,7370,1-LAF,10-Q,20230331,Y
1652130,NTLA,"INTELLIA THERAPEUTICS, INC.",2835,1-LAF,10-Q,20230331,Y
1652535,ICHR,"ICHOR HOLDINGS, LTD.",3674,1-LAF,10-Q,20230331,Y
1652539,SNRG,SUSGLOBAL ENERGY CORP.,4953,4-NON,10-K,20221231,Y
1652561,DQWS,DSWISS INC,2844,4-NON,10-Q,20230331,Y
1652958,EDGM,"EDGEMODE, INC.",8082,4-NON,10-K,20221231,Y
1653087,ALEC,"ALECTOR, INC.",2836,1-LAF,10-Q,20230331,Y
1653247,,WAITR HOLDINGS INC.,7389,4-NON,10-K,20221231,N
1653384,RWAY,RUNWAY GROWTH FINANCE CORP.,,4-NON,10-Q,20230331,Y
1653477,NGVT,INGEVITY CORP,2800,1-LAF,10-Q,20230331,Y
1653482,GTLB,GITLAB INC.,7372,1-LAF,10-Q,20230430,Y
1653558,PRTH,"PRIORITY TECHNOLOGY HOLDINGS, INC.",7389,4-NON,10-Q,20230331,Y
1653653,RRR,"RED ROCK RESORTS, INC.",7011,1-LAF,10-Q,20230331,Y
1653909,BIRD,"ALLBIRDS, INC.",2300,2-ACC,10-Q,20230331,Y
1654151,,"DECIPHERA PHARMACEUTICALS, INC.",2834,1-LAF,10-Q,20230331,N
1654595,MDRR,"MEDALIST DIVERSIFIED REIT, INC.",6798,4-NON,10-Q,20230331,Y
1654672,,"PINEAPPLE, INC.",8742,4-NON,10-K,20221231,N
1655050,BCSF,"BAIN CAPITAL SPECIALTY FINANCE, INC.",,1-LAF,10-Q,20230331,Y
1655210,BYND,"BEYOND MEAT, INC.",2000,1-LAF,10-Q,20230331,Y
1655759,ARVN,"ARVINAS, INC.",2834,1-LAF,10-Q,20230331,Y
1655887,,OWL ROCK CAPITAL CORP II,,4-NON,10-Q,20230331,N
1655888,OBDC,OWL ROCK CAPITAL CORP,,1-LAF,10-Q,20230331,Y
1655971,,"GLACIER WORLDWIDE, INC.",7389,4-NON,10-Q,20230331,N
1656472,CRON,CRONOS GROUP INC.,2833,1-LAF,10-Q,20230331,Y
1656501,,"BORROWMONEY.COM, INC.",7389,4-NON,10-Q,20230228,N
1656536,,"DECIBEL THERAPEUTICS, INC.",2834,4-NON,10-Q,20230331,N
1656634,,"GRITSTONE BIO, INC.",2836,4-NON,10-Q,20230331,N
1657045,,NEXT-CHEMX CORPORATION.,8742,4-NON,10-Q,20230331,N
1657312,,VERONA PHARMA PLC,2834,4-NON,10-Q,20230331,N
1657573,XMTR,"XOMETRY, INC.",7389,1-LAF,10-Q,20230331,Y
1657642,SLBK,"SKYLINE BANKSHARES, INC.",6022,4-NON,10-Q,20230331,Y
1657788,KRP,"KIMBELL ROYALTY PARTNERS, LP",1311,1-LAF,10-Q,20230331,Y
1657853,HTZ,"HERTZ GLOBAL HOLDINGS, INC",7510,1-LAF,10-Q,20230331,Y
1658247,CRNX,"CRINETICS PHARMACEUTICALS, INC.",2834,1-LAF,10-Q,20230331,Y
1658520,,"OS SUPPORT, INC.",7371,4-NON,10-Q,20221231,N
1658521,,"MOUNTAIN TOP PROPERTIES, INC.",6770,4-NON,10-Q,20230331,N
1658551,AMLX,"AMYLYX PHARMACEUTICALS, INC.",2834,4-NON,10-Q,20230331,Y
1658566,PR,PERMIAN RESOURCES CORP,1311,1-LAF,10-Q,20230331,Y
1659166,FTV,FORTIVE CORP,3823,1-LAF,10-Q,20230331,Y
1659207,,FELLAZO CORP,2750,4-NON,10-Q,20230228,N
1659323,,ITERUM THERAPEUTICS PLC,2834,4-NON,10-Q,20230331,N
1659494,COE,51TALK ONLINE EDUCATION GROUP,8200,4-NON,20-F,20221231,Y
1659617,MBRX,"MOLECULIN BIOTECH, INC.",2834,4-NON,10-Q,20230331,Y
1659939,ENIC,ENEL CHILE S.A.,4911,1-LAF,20-F,20221231,Y
1660134,OKTA,"OKTA, INC.",7372,1-LAF,10-Q,20230430,Y
1660280,TENB,"TENABLE HOLDINGS, INC.",7372,1-LAF,10-Q,20230331,Y
1660334,VRCA,VERRICA PHARMACEUTICALS INC.,2834,4-NON,10-Q,20230331,Y
1660734,TRTN-PA,TRITON INTERNATIONAL LTD,7359,1-LAF,10-Q,20230331,Y
1661039,,"TPT GLOBAL TECH, INC.",4899,4-NON,10-K,20221231,N
1661053,NVNO,ENVVENO MEDICAL CORP,3841,4-NON,10-Q,20230331,Y
1661059,NXTC,"NEXTCURE, INC.",2834,4-NON,10-Q,20230331,Y
1661181,ORGO,ORGANOGENESIS HOLDINGS INC.,2834,2-ACC,10-Q,20230331,Y
1661306,,"HANCOCK PARK CORPORATE INCOME, INC.",,4-NON,10-Q,20230331,N
1661458,,"HIGHLANDS REIT, INC.",6798,4-NON,10-Q,20230331,N
1661460,,"POSEIDA THERAPEUTICS, INC.",2836,2-ACC,10-Q,20230331,N
1661600,SATT,SATIVUS TECH CORP.,8742,4-NON,10-Q,20230331,Y
1661779,,"STARTENGINE CROWDFUNDING, INC.",6199,4-NON,10-Q,20230331,N
1661998,QTTB,"HOMOLOGY MEDICINES, INC.",2834,4-NON,10-Q,20230331,Y
1662244,,"CYTEIR THERAPEUTICS, INC.",2834,4-NON,10-Q,20230331,N
1662574,,"GROM SOCIAL ENTERPRISES, INC.",7370,4-NON,10-K,20221231,N
1662579,CCCC,"C4 THERAPEUTICS, INC.",2836,4-NON,10-Q,20230331,Y
1662684,KULR,"KULR TECHNOLOGY GROUP, INC.",3670,4-NON,10-Q,20230331,Y
1662774,QNCX,"QUINCE THERAPEUTICS, INC.",2836,4-NON,10-Q,20230331,Y
1662972,BSTT,"BLACKSTONE REAL ESTATE INCOME TRUST, INC.",6798,4-NON,10-Q,20230331,Y
1662991,SEZL,SEZZLE INC.,7389,4-NON,10-Q,20230331,Y
1664703,BE,BLOOM ENERGY CORP,3620,1-LAF,10-Q,20230331,Y
1664710,KROS,"KEROS THERAPEUTICS, INC.",2834,2-ACC,10-Q,20230331,Y
1664740,,MBC FUNDING II CORP.,6798,4-NON,10-Q,20230331,N
1665300,PHUN,"PHUNWARE, INC.",7374,4-NON,10-Q,20230331,Y
1665918,USFD,US FOODS HOLDING CORP.,5140,1-LAF,10-Q,20230331,Y
1665988,BVS,BIOVENTUS INC.,3841,2-ACC,10-Q,20230331,Y
1666071,CDLX,"CARDLYTICS, INC.",7370,1-LAF,10-Q,20230331,Y
1666134,BL,"BLACKLINE, INC.",7372,1-LAF,10-Q,20230331,Y
1666138,ATKR,ATKORE INC.,3690,1-LAF,10-Q,20230331,Y
1666178,,LAZURITON NANO BIOTECHNOLOGY (U.S.A.) INC.,5190,4-NON,10-K,20211231,N
1666244,CFTR-PA,"CANTOR FITZGERALD INCOME TRUST, INC.",6798,4-NON,10-Q,20230331,Y
1666291,CMTG,"CLAROS MORTGAGE TRUST, INC.",6500,1-LAF,10-Q,20230331,Y
1666384,,"AG TWIN BROOK BDC, INC.",,4-NON,10-Q,20230331,N
1666700,DD,"DUPONT DE NEMOURS, INC.",2821,1-LAF,10-Q,20230331,Y
1667011,AIP,"ARTERIS, INC.",3674,4-NON,10-Q,20230331,Y
1667313,ZDGE,"ZEDGE, INC.",7372,4-NON,10-Q,20230430,Y
1668010,DBGI,"DIGITAL BRANDS GROUP, INC.",5600,4-NON,10-K,20221231,Y
1668243,URGN,UROGEN PHARMA LTD.,2834,4-NON,10-Q,20230331,Y
1668370,,"TOUGHBUILT INDUSTRIES, INC",3420,4-NON,10-Q,20230331,N
1668397,MEDP,"MEDPACE HOLDINGS, INC.",8731,1-LAF,10-Q,20230331,Y
1668438,IMTE,INTEGRATED MEDIA TECHNOLOGY LTD,3651,4-NON,20-F,20221231,Y
1668523,,GSG GROUP INC.,2750,4-NON,10-K,20221231,N
1668673,,"PETIQ, INC.",5122,2-ACC,10-Q,20230331,N
1669162,KNSL,"KINSALE CAPITAL GROUP, INC.",6331,1-LAF,10-Q,20230331,Y
1669400,,"VERITAS FARMS, INC.",0100,4-NON,10-K,20221231,N
1669779,CWH,"CAMPING WORLD HOLDINGS, INC.",5500,1-LAF,10-Q,20230331,Y
1669811,DFIN,"DONNELLEY FINANCIAL SOLUTIONS, INC.",7380,1-LAF,10-Q,20230331,Y
1670076,ULCC,"FRONTIER GROUP HOLDINGS, INC.",4512,2-ACC,10-Q,20230331,Y
1670196,,DESEO SWIMWEAR INC.,2300,4-NON,10-K,20221231,N
1670541,ADNT,ADIENT PLC,3714,1-LAF,10-Q,20230331,Y
1670592,YETI,"YETI HOLDINGS, INC.",3949,1-LAF,10-Q,20230331,Y
1671284,,BRIGHT HEALTH GROUP INC.,6324,2-ACC,10-Q,20230331,N
1671502,QNRX,"QUOIN PHARMACEUTICALS, LTD.",3841,4-NON,10-Q,20230331,Y
1671584,APVO,APTEVO THERAPEUTICS INC.,2834,4-NON,10-Q,20230331,Y
1671818,,"ONCORUS, INC.",2834,4-NON,10-Q,20230331,N
1671858,SPRY,"ARS PHARMACEUTICALS, INC.",2834,4-NON,10-Q,20230331,Y
1671933,TTD,"TRADE DESK, INC.",7370,1-LAF,10-Q,20230331,Y
1672013,GOLF,ACUSHNET HOLDINGS CORP.,3949,1-LAF,10-Q,20230331,Y
1672572,,LANDBAY INC,1040,4-NON,10-K,20230331,N
1672619,ELVN,"ENLIVEN THERAPEUTICS, INC.",2834,4-NON,10-Q,20230331,Y
1672688,ABSI,ABSCI CORP,8731,4-NON,10-Q,20230331,Y
1672773,,"ARBORETUM SILVERLEAF INCOME FUND, L.P.",7359,4-NON,10-Q,20230331,N
1672909,CPHC,CANTERBURY PARK HOLDING CORP,7948,4-NON,10-Q,20230331,Y
1673358,YUMC,"YUM CHINA HOLDINGS, INC.",5812,1-LAF,10-Q,20230331,Y
1673431,,IA ENERGY CORP.,2800,4-NON,10-K,20221231,N
1673481,SEGG,LOTTERY.COM INC.,7372,4-NON,10-Q,20220630,Y
1673504,AGLY,ATLANTIS GLORY INC.,8742,4-NON,10-Q,20230331,Y
1673772,,"RAPT THERAPEUTICS, INC.",2834,4-NON,10-Q,20230331,N
1673985,ASIX,ADVANSIX INC.,2821,1-LAF,10-Q,20230331,Y
1674101,VRT,VERTIV HOLDINGS CO,3679,1-LAF,10-Q,20230331,Y
1674168,HGV,HILTON GRAND VACATIONS INC.,7000,1-LAF,10-Q,20230331,Y
1674227,WORX,SCWORX CORP.,7990,4-NON,10-K,20221231,Y
1674335,JELD,"JELD-WEN HOLDING, INC.",2430,1-LAF,10-Q,20230331,Y
1674356,TPTS,"TERRA PROPERTY TRUST, INC.",6798,4-NON,10-Q,20230331,Y
1674365,,APTINYX INC.,2834,4-NON,10-Q,20230331,N
1674416,CRSP,CRISPR THERAPEUTICS AG,2836,1-LAF,10-Q,20230331,Y
1674440,YYAI,CONNEXA SPORTS TECHNOLOGIES INC.,3949,4-NON,10-K,20220430,Y
1674760,,GOLDMAN SACHS PRIVATE MIDDLE MARKET CREDIT LLC,,4-NON,10-Q,20230331,N
1674862,ASH,ASHLAND INC.,5160,1-LAF,10-Q,20230331,Y
1674910,VVV,VALVOLINE INC,2990,1-LAF,10-Q,20230331,Y
1674930,FLGT,"FULGENT GENETICS, INC.",8071,1-LAF,10-Q,20230331,Y
1675033,GECC,GREAT ELM CAPITAL CORP.,,4-NON,10-Q,20230331,Y
1675149,AA,ALCOA CORP,3334,1-LAF,10-Q,20230331,Y
1675634,,"SHIFTPIXY, INC.",7361,4-NON,10-Q,20230228,N
1675644,FVCB,"FVCBANKCORP, INC.",6022,4-NON,10-Q,20230331,Y
1676047,NTRB,NUTRIBAND INC.,3842,4-NON,10-K,20230131,Y
1676163,SSII,"SS INNOVATIONS INTERNATIONAL, INC.",3841,4-NON,10-Q,20230331,Y
1676238,BRZE,"BRAZE, INC.",7372,1-LAF,10-Q,20230430,Y
1676479,,"CAPSTAR FINANCIAL HOLDINGS, INC.",6022,2-ACC,10-Q,20230331,N
1676580,,VISION ENERGY CORP,2810,4-NON,10-Q,20230331,N
1676725,IDYA,"IDEAYA BIOSCIENCES, INC.",2834,4-NON,10-Q,20230331,Y
1677250,ZTO,ZTO EXPRESS (CAYMAN) INC.,4210,1-LAF,20-F,20221231,Y
1677576,IIPR,INNOVATIVE INDUSTRIAL PROPERTIES INC,6500,1-LAF,10-Q,20230331,Y
1677703,CNDT,CONDUENT INC,7389,1-LAF,10-Q,20230331,Y
1677897,UPYY,UPAY,7372,4-NON,10-K,20230228,Y
1677940,BYSI,BEYONDSPRING INC.,2834,4-NON,20-F,20221231,Y
1678660,PRLD,PRELUDE THERAPEUTICS INC,2834,4-NON,10-Q,20230331,Y
1678848,,BITMIS CORP.,2833,4-NON,10-Q,20230331,N
1679049,INSW,"INTERNATIONAL SEAWAYS, INC.",4400,1-LAF,10-Q,20230331,Y
1679063,,"CHICKEN SOUP FOR THE SOUL ENTERTAINMENT, INC.",7819,4-NON,10-Q,20230331,N
1679268,TUSK,"MAMMOTH ENERGY SERVICES, INC.",1389,4-NON,10-Q,20230331,Y
1679273,LW,"LAMB WESTON HOLDINGS, INC.",2030,1-LAF,10-Q,20230228,Y
1679363,,"MORPHIC HOLDING, INC.",2834,4-NON,10-Q,20230331,N
1679688,DBRG,"DIGITALBRIDGE GROUP, INC.",6798,1-LAF,10-Q,20230331,Y
1679788,COIN,"COINBASE GLOBAL, INC.",6199,1-LAF,10-Q,20230331,Y
1679817,OZSC,"OZOP ENERGY SOLUTIONS, INC.",3690,4-NON,10-K,20221231,Y
1680048,MBIO,"MUSTANG BIO, INC.",2834,4-NON,10-Q,20230331,Y
1680062,ACMR,"ACM RESEARCH, INC.",3559,1-LAF,10-Q,20230331,Y
1680132,CSUI,CANNABIS SUISSE CORP.,2600,4-NON,10-Q,20230228,Y
1680139,HLYK,HEALTHLYNKED CORP,8011,4-NON,10-Q,20230331,Y
1680237,,CHINA KING SPIRIT GROUP LTD.,2400,4-NON,10-Q,20230331,N
1680247,PUMP,PROPETRO HOLDING CORP.,1389,1-LAF,10-Q,20230331,Y
1680367,STTK,"SHATTUCK LABS, INC.",2834,4-NON,10-Q,20230331,Y
1680378,SNES,"SENESTECH, INC.",2870,4-NON,10-Q,20230331,Y
1680379,,"STERLING BANCORP, INC.",6035,2-ACC,10-Q,20230331,N
1680581,FULC,"FULCRUM THERAPEUTICS, INC.",2834,4-NON,10-Q,20230331,Y
1680873,HFFG,HF FOODS GROUP INC.,5140,2-ACC,10-Q,20230331,Y
1680935,,HUAHUI EDUCATION GROUP LTD,8200,4-NON,20-F,20221231,N
1681087,TECX,"AVROBIO, INC.",2836,4-NON,10-Q,20230331,Y
1681206,NODK,"NI HOLDINGS, INC.",6331,2-ACC,10-Q,20230331,Y
1681459,FTI,TECHNIPFMC PLC,3533,1-LAF,10-Q,20230331,Y
1681556,GXXM,"GEX MANAGEMENT, INC.",8742,4-NON,10-K,20221231,Y
1681622,VREX,VAREX IMAGING CORP,3679,1-LAF,10-Q,20230331,Y
1681682,NDRA,ENDRA LIFE SCIENCES INC.,3845,4-NON,10-Q,20230331,Y
1681769,,CLANCY CORP,2840,4-NON,10-Q,20230430,N
1681903,,"ICC HOLDINGS, INC.",6331,4-NON,10-Q,20230331,N
1682149,DVLT,"WISA TECHNOLOGIES, INC.",3674,4-NON,10-Q,20230331,Y
1682220,SACH,SACHEM CAPITAL CORP.,6798,4-NON,10-Q,20230331,Y
1682265,ONAR,"RELIANT HOLDINGS, INC.",1700,4-NON,10-K,20221231,Y
1682639,HYPD,"EYENOVIA, INC.",2834,4-NON,10-Q,20230331,Y
1682745,VRRM,VERRA MOBILITY CORP,4700,1-LAF,10-Q,20230331,Y
1682852,MRNA,"MODERNA, INC.",2836,1-LAF,10-Q,20230331,Y
1683131,,FORZA INNOVATIONS INC,3442,4-NON,10-Q,20230331,N
1683252,,TOKEN COMMUNITIES LTD.,7374,4-NON,10-Q,20230331,N
1683541,ACB,AURORA CANNABIS INC,2833,,40-F,20230331,Y
1683553,SPRB,"SPRUCE BIOSCIENCES, INC.",2834,4-NON,10-Q,20230331,Y
1683606,CARS,CARS.COM INC.,7374,1-LAF,10-Q,20230331,Y
1683695,IMXI,"INTERNATIONAL MONEY EXPRESS, INC.",7389,2-ACC,10-Q,20230331,Y
1684144,ZOMDF,ZOMEDICA CORP.,2834,4-NON,10-Q,20230331,Y
1684425,PETZ,"TDH HOLDINGS, INC.",2000,4-NON,20-F,20221231,Y
1684682,,"CNL STRATEGIC CAPITAL, LLC",6282,4-NON,10-Q,20230331,N
1684688,ATCX,JUPITER GOLD CORP,1040,4-NON,20-F,20221231,Y
1685040,BHF,"BRIGHTHOUSE FINANCIAL, INC.",6311,1-LAF,10-Q,20230331,Y
1685428,,LUMIRADX LTD,2834,2-ACC,20-F,20221231,N
1685766,,MOVEIX INC.,3790,4-NON,10-Q,20230331,N
1686850,,"MOTUS GI HOLDINGS, INC.",3841,4-NON,10-Q,20230331,N
1687065,,"CHINA WUYI MOUNTAIN, LTD.",2086,4-NON,10-Q,20221130,N
1687187,METC,"RAMACO RESOURCES, INC.",1220,2-ACC,10-Q,20230331,Y
1687221,,"REV GROUP, INC.",3711,2-ACC,10-Q,20230430,N
1687229,INVH,INVITATION HOMES INC.,6510,1-LAF,10-Q,20230331,Y
1687277,RETO,"RETO ECO-SOLUTIONS, INC.",3290,4-NON,20-F,20221231,Y
1687542,FRGT,"FREIGHT TECHNOLOGIES, INC.",8742,4-NON,20-F,20221231,Y
1687919,,FORGE INNOVATION DEVELOPMENT CORP.,6552,4-NON,10-Q,20230331,N
1687926,,"ZEUUS, INC.",7380,4-NON,10-Q,20230331,N
1687932,JILL,"J.JILL, INC.",2330,2-ACC,10-Q,20230430,Y
1688126,CRCW,CRYPTO CO,7374,4-NON,10-K,20221231,Y
1688476,,NEXTIER OILFIELD SOLUTIONS INC.,1389,1-LAF,10-Q,20230331,N
1688568,DXC,DXC TECHNOLOGY CO,7374,1-LAF,10-K,20230331,Y
1688757,ESTA,ESTABLISHMENT LABS HOLDINGS INC.,3842,1-LAF,10-Q,20230331,Y
1689084,,QRONS INC.,2836,4-NON,10-Q,20230331,N
1689375,TRDA,"ENTRADA THERAPEUTICS, INC.",2834,4-NON,10-Q,20230331,Y
1689382,,TRILOGY INTERNATIONAL PARTNERS INC.,4812,4-NON,10-Q,20230331,N
1689548,PRAX,"PRAXIS PRECISION MEDICINES, INC.",2834,4-NON,10-Q,20230331,Y
1689657,,PHENOMEX INC.,3826,4-NON,10-Q,20230331,N
1689731,,"SOUTHERN STATES BANCSHARES, INC.",6022,4-NON,10-Q,20230331,N
1689796,JBGS,JBG SMITH PROPERTIES,6798,1-LAF,10-Q,20230331,Y
1689923,,"ALTERYX, INC.",7372,1-LAF,10-Q,20230331,N
1690012,ICR-PA,"INPOINT COMMERCIAL REAL ESTATE INCOME, INC.",6798,4-NON,10-Q,20230331,Y
1690080,FRMM,180 LIFE SCIENCES CORP.,2834,4-NON,10-Q,20230331,Y
1690334,SMHI,SEACOR MARINE HOLDINGS INC.,4412,2-ACC,10-Q,20230331,Y
1690384,,"BIOCRUDE TECHNOLOGIES USA, INC.",4953,4-NON,10-Q,20230331,N
1690437,BAR,GRANITESHARES GOLD TRUST,6221,1-LAF,10-Q,20230331,Y
1690511,GOOS,CANADA GOOSE HOLDINGS INC.,2300,1-LAF,20-F,20230331,Y
1690536,,"FS CREDIT REAL ESTATE INCOME TRUST, INC.",6798,4-NON,10-Q,20230331,N
1690585,DNTH,"MAGENTA THERAPEUTICS, INC.",2834,4-NON,10-Q,20230331,Y
1690680,NMRK,"NEWMARK GROUP, INC.",6531,1-LAF,10-Q,20230331,Y
1690820,CVNA,CARVANA CO.,5500,1-LAF,10-Q,20230331,Y
1690842,PLTM,GRANITESHARES PLATINUM TRUST,6221,4-NON,10-Q,20230331,Y
1691077,,"EVMO, INC.",7374,4-NON,10-K,20221231,N
1691303,HCC,"WARRIOR MET COAL, INC.",1220,1-LAF,10-Q,20230331,Y
1691421,LMND,"LEMONADE, INC.",6331,1-LAF,10-Q,20230331,Y
1691445,FINV,FINVOLUTION GROUP,6163,1-LAF,20-F,20221231,Y
1691493,NU,NU HOLDINGS LTD.,6199,4-NON,20-F,20221231,Y
1691936,,"STRYVE FOODS, INC.",2000,4-NON,10-K,20221231,N
1692063,SNDR,"SCHNEIDER NATIONAL, INC.",4213,1-LAF,10-Q,20230331,Y
1692115,SWX,"SOUTHWEST GAS HOLDINGS, INC.",4923,1-LAF,10-Q,20230331,Y
1692345,PRXA,"PROCACCIANTI HOTEL REIT, INC.",6798,4-NON,10-Q,20230331,Y
1692376,VEL,"VELOCITY FINANCIAL, INC.",6199,2-ACC,10-Q,20230331,Y
1692412,,PLAYA HOTELS & RESORTS N.V.,7011,1-LAF,10-Q,20230331,N
1692415,CODX,"CO-DIAGNOSTICS, INC.",3841,4-NON,10-Q,20230331,Y
1692427,NCSM,"NCS MULTISTAGE HOLDINGS, INC.",1389,4-NON,10-Q,20230331,Y
1692705,HTT,QUDIAN INC.,6199,2-ACC,20-F,20221231,Y
1692787,KNTK,KINETIK HOLDINGS INC.,4922,2-ACC,10-Q,20230331,Y
1692819,VST,VISTRA CORP.,4911,1-LAF,10-Q,20230331,Y
1692830,,"SATSUMA PHARMACEUTICALS, INC.",2834,4-NON,10-Q,20230331,N
1692951,,"COTTONWOOD COMMUNITIES, INC.",6798,4-NON,10-Q,20230331,N
1693011,,"INOZYME PHARMA, INC.",2834,4-NON,10-Q,20230331,N
1693256,WTTR,"SELECT ENERGY SERVICES, INC.",1389,2-ACC,10-Q,20230331,Y
1693317,,"CHENIERE CORPUS CHRISTI HOLDINGS, LLC",4924,4-NON,10-Q,20230331,N
1693577,MNSB,"MAINSTREET BANCSHARES, INC.",6022,4-NON,10-Q,20230331,Y
1693687,,"MS YOUNG ADVENTURE ENTERPRISE, INC.",8742,4-NON,10-Q,20230331,N
1694028,LBRT,LIBERTY ENERGY INC.,1389,1-LAF,10-Q,20230331,Y
1694426,DK,"DELEK US HOLDINGS, INC.",2911,1-LAF,10-Q,20230331,Y
1694617,ROYL,"ROYALE ENERGY, INC.",1311,4-NON,10-K,20221231,Y
1694665,,"EVELO BIOSCIENCES, INC.",2834,4-NON,10-Q,20230331,N
1695295,HYFM,"HYDROFARM HOLDINGS GROUP, INC.",5190,2-ACC,10-Q,20230331,Y
1695473,GCAN,"GREATER CANNABIS COMPANY, INC.",2834,4-NON,10-K,20221231,Y
1695963,,KORTH DIRECT MORTGAGE INC.,6162,4-NON,10-Q,20230331,N
1696025,KCRD,"KINDCARD, INC.",5940,4-NON,10-K,20230131,Y
1696088,,"ENERGY RESOURCES 12, L.P.",1311,4-NON,10-Q,20230331,N
1696195,,KINETIC GROUP INC.,7310,4-NON,10-Q,20230331,N
1696355,,BRIGHT SCHOLAR EDUCATION HOLDINGS LTD,8200,4-NON,20-F,20220831,N
1696411,,CRONA CORP.,7389,4-NON,10-K,20221231,N
1696558,JRSH,"JERASH HOLDINGS (US), INC.",2300,4-NON,10-K,20230331,Y
1697500,SEI,"SOLARIS OILFIELD INFRASTRUCTURE, INC.",3533,2-ACC,10-Q,20230331,Y
1697532,,APPLIED THERAPEUTICS INC.,2834,4-NON,10-Q,20230331,N
1697818,AMBR,ICLICK INTERACTIVE ASIA GROUP LTD,7372,4-NON,20-F,20221231,Y
1697834,,"STEM HOLDINGS, INC.",2833,4-NON,10-Q,20230331,N
1697851,REKR,"REKOR SYSTEMS, INC.",3669,4-NON,10-Q,20230331,Y
1697935,,"MAPTELLIGENT, INC.",4700,4-NON,10-Q,20230331,N
1698022,FMFG,"FARMERS & MERCHANTS BANCSHARES, INC.",6036,4-NON,10-Q,20230331,Y
1698113,,"PARTS ID, INC.",7311,4-NON,10-K,20221231,N
1698538,STSR,"STRATEGIC STUDENT & SENIOR HOUSING TRUST, INC.",6798,4-NON,10-Q,20230331,Y
1698702,,ARION GROUP CORP.,5090,4-NON,10-K,20230131,N
1698990,MGY,MAGNOLIA OIL & GAS CORP,1311,1-LAF,10-Q,20230331,Y
1698991,ACEL,"ACCEL ENTERTAINMENT, INC.",7900,2-ACC,10-Q,20230331,Y
1699039,RNGR,"RANGER ENERGY SERVICES, INC.",1389,2-ACC,10-Q,20230331,Y
1699136,WHD,"CACTUS, INC.",3533,1-LAF,10-Q,20230331,Y
1699150,IR,INGERSOLL RAND INC.,3560,1-LAF,10-Q,20230331,Y
1699382,PMVP,"PMV PHARMACEUTICALS, INC.",2834,4-NON,10-Q,20230331,Y
1699709,VNOV,YIJIA GROUP CORP.,5130,4-NON,10-K,20230430,Y
1699838,,"CONFLUENT, INC.",7372,1-LAF,10-Q,20230331,N
1700844,EVOH,EVOAIR HOLDINGS INC.,3585,4-NON,10-Q,20230228,Y
1700849,,VADO CORP.,7310,4-NON,10-Q,20230331,N
1701051,,"WIDEOPENWEST, INC.",4841,1-LAF,10-Q,20230331,N
1701108,SPRO,"SPERO THERAPEUTICS, INC.",2834,4-NON,10-Q,20230331,Y
1701114,,"BLUE APRON HOLDINGS, INC.",5961,2-ACC,10-Q,20230331,N
1701541,BDTX,"BLACK DIAMOND THERAPEUTICS, INC.",2836,4-NON,10-Q,20230331,Y
1701605,BKR,BAKER HUGHES CO,3533,1-LAF,10-Q,20230331,Y
1701732,,ALTAIR ENGINEERING INC.,7372,1-LAF,10-Q,20230331,N
1701756,SDOT,"MUSCLE MAKER, INC.",5810,4-NON,10-Q,20230331,Y
1701758,LOVE,LOVESAC CO,5712,2-ACC,10-Q,20230430,Y
1702015,,"AIS HOLDINGS GROUP, INC.",6770,4-NON,10-K,20230331,N
1702510,,"CARLYLE CREDIT SOLUTIONS, INC.",,4-NON,10-Q,20230331,N
1702744,SMPL,SIMPLY GOOD FOODS CO,2000,1-LAF,10-Q,20230228,Y
1702750,BY,"BYLINE BANCORP, INC.",6022,2-ACC,10-Q,20230331,Y
1702780,OPTU,"ALTICE USA, INC.",4841,1-LAF,10-Q,20230331,Y
1702924,WRAP,"WRAP TECHNOLOGIES, INC.",3480,4-NON,10-Q,20230331,Y
1703056,ADT,ADT INC.,7381,1-LAF,10-Q,20230331,Y
1703057,ABCL,ABCELLERA BIOLOGICS INC.,2834,1-LAF,10-Q,20230331,Y
1703073,VIVC,VIVIC CORP.,7990,4-NON,10-Q,20230331,Y
1703141,,"DESPEGAR.COM, CORP.",4700,2-ACC,20-F,20221231,N
1703157,SCTH,"SECURETECH INNOVATIONS, INC.",3714,4-NON,10-K,20221231,Y
1703399,SE,SEA LTD,7380,1-LAF,20-F,20221231,Y
1703644,GPMT,GRANITE POINT MORTGAGE TRUST INC.,6798,2-ACC,10-Q,20230331,Y
1703647,KRRO,"FREQUENCY THERAPEUTICS, INC.",2834,4-NON,10-Q,20230331,Y
1703956,BBCP,"CONCRETE PUMPING HOLDINGS, INC.",1700,2-ACC,10-Q,20230430,Y
1704287,BJDX,"BLUEJAY DIAGNOSTICS, INC.",3841,4-NON,10-Q,20230331,Y
1704292,ZLAB,ZAI LAB LTD,2834,1-LAF,10-Q,20230331,Y
1704711,FNKO,"FUNKO, INC.",3944,1-LAF,10-Q,20230331,Y
1704715,AMR,"ALPHA METALLURGICAL RESOURCES, INC.",1221,1-LAF,10-Q,20230331,Y
1704720,CNNE,"CANNAE HOLDINGS, INC.",5810,1-LAF,10-Q,20230331,Y
1704760,,"AMERICAN VIRTUAL CLOUD TECHNOLOGIES, INC.",7373,4-NON,10-K,20221231,N
1704795,,"BANTEC, INC.",3721,4-NON,10-Q,20230331,N
1705012,FATAQ,"FAT BRANDS, INC",5812,4-NON,10-Q,20230331,Y
1705110,ANGI,ANGI INC.,7310,1-LAF,10-Q,20230331,Y
1705181,ETCG,GRAYSCALE ETHEREUM CLASSIC TRUST (ETC),6221,4-NON,10-Q,20230331,Y
1705338,,SPARK NETWORKS SE,7200,2-ACC,10-Q,20230331,N
1705696,VICI,VICI PROPERTIES INC.,6798,1-LAF,10-Q,20230331,Y
1705843,CBUS,"CALYXT, INC.",2870,4-NON,10-Q,20230331,Y
1705873,,BERRY CORP (BRY),1311,2-ACC,10-Q,20230331,N
1706431,VIR,"VIR BIOTECHNOLOGY, INC.",2836,1-LAF,10-Q,20230331,Y
1706509,COSG,COSMOS GROUP HOLDINGS INC.,6199,4-NON,10-Q,20230331,Y
1706524,FLZH,"URBAN-GRO, INC.",5080,4-NON,10-Q,20230331,Y
1706946,SPCE,"VIRGIN GALACTIC HOLDINGS, INC",4700,1-LAF,10-Q,20230331,Y
1707502,SLDB,SOLID BIOSCIENCES INC.,2836,4-NON,10-Q,20230331,Y
1707753,ESTC,ELASTIC N.V.,7372,1-LAF,10-K,20230430,Y
1707910,REBN,"REBORN COFFEE, INC.",5812,4-NON,10-K,20221231,Y
1707919,CENN,CENNTRO ELECTRIC GROUP LTD,3711,4-NON,10-K,20221231,Y
1707925,LIN,LINDE PLC,2810,1-LAF,10-Q,20230331,Y
1708035,ECVT,ECOVYST INC.,2800,1-LAF,10-Q,20230331,Y
1708055,RBBN,RIBBON COMMUNICATIONS INC.,7373,2-ACC,10-Q,20230331,Y
1708176,,HALL OF FAME RESORT & ENTERTAINMENT CO,7990,4-NON,10-Q,20230331,N
1708259,LX,LEXINFINTECH HOLDINGS LTD.,6199,2-ACC,20-F,20221231,Y
1708331,,"VIRPAX PHARMACEUTICALS, INC.",2834,4-NON,10-Q,20230331,N
1708341,AIFA,ALLIED GAMING & ENTERTAINMENT INC.,7900,4-NON,10-Q,20230331,Y
1708410,,SIMPLICITY ESPORTS & GAMING CO,5810,4-NON,10-Q,20230228,N
1708441,MYND,"GRAVITAS EDUCATION HOLDINGS, INC.",8200,4-NON,20-F,20221231,Y
1708493,,"HARPOON THERAPEUTICS, INC.",2836,4-NON,10-Q,20230331,N
1708527,ELUT,"AZIYO BIOLOGICS, INC.",2836,4-NON,10-Q,20230331,Y
1708599,SER,"AGEX THERAPEUTICS, INC.",2834,4-NON,10-Q,20230331,Y
1708646,AAAU,GOLDMAN SACHS PHYSICAL GOLD ETF,6221,4-NON,10-Q,20230331,Y
1709048,GFS,GLOBALFOUNDRIES INC.,3674,1-LAF,20-F,20221231,Y
1709164,HBB,HAMILTON BEACH BRANDS HOLDING CO,3634,2-ACC,10-Q,20230331,Y
1709442,FSUN,FIRSTSUN CAPITAL BANCORP,6021,4-NON,10-Q,20230331,Y
1709505,,BEST INC.,4210,4-NON,20-F,20221231,N
1709542,,ELECTRONIC SERVITOR PUBLICATION NETWORK INC.,2833,4-NON,10-Q,20230331,N
1709626,NCNA,NUCANA PLC,2834,4-NON,20-F,20221231,Y
1709682,CTOS,"CUSTOM TRUCK ONE SOURCE, INC.",7359,2-ACC,10-Q,20230331,Y
1709768,,SENTINEL ENERGY SERVICES INC.,6770,4-NON,10-Q,20230331,N
1709819,FEDU,FOUR SEASONS EDUCATION (CAYMAN) INC.,8200,4-NON,20-F,20230228,Y
1710072,EWTX,"EDGEWISE THERAPEUTICS, INC.",2834,4-NON,10-Q,20230331,Y
1710155,EYE,"NATIONAL VISION HOLDINGS, INC.",3851,1-LAF,10-Q,20230331,Y
1710340,ETON,"ETON PHARMACEUTICALS, INC.",2834,4-NON,10-Q,20230331,Y
1710350,BTBT,"BIT DIGITAL, INC",6199,4-NON,20-F,20221231,Y
1710366,CNR,CONSOL ENERGY INC.,1220,1-LAF,10-Q,20230331,Y
1710482,JMSB,"JOHN MARSHALL BANCORP, INC.",6022,4-NON,10-Q,20230331,Y
1710495,PNXP,PINEAPPLE EXPRESS CANNABIS CO,7372,4-NON,10-K,20230131,Y
1711269,EVRG,"EVERGY, INC.",4931,1-LAF,10-Q,20230331,Y
1711279,KRYS,"KRYSTAL BIOTECH, INC.",2836,1-LAF,10-Q,20230331,Y
1711291,,CURO GROUP HOLDINGS CORP.,6199,2-ACC,10-Q,20230331,N
1711375,LOMA,LOMA NEGRA COMPANIA INDUSTRIAL ARGENTINA SOCIEDAD ANONIMA,3241,2-ACC,20-F,20221231,Y
1711754,INMB,"INMUNE BIO, INC.",2836,4-NON,10-Q,20230331,Y
1711786,RKTO,"HOTH THERAPEUTICS, INC.",2834,4-NON,10-Q,20230331,Y
1711799,,"NUVEEN GLOBAL CITIES REIT, INC.",6798,4-NON,10-Q,20230331,N
1711929,SWDS,"STARWOOD REAL ESTATE INCOME TRUST, INC.",6798,4-NON,10-Q,20230331,Y
1711933,,"AKOYA BIOSCIENCES, INC.",3826,4-NON,10-Q,20230331,N
1712178,NAAS,NAAS TECHNOLOGY INC.,5990,4-NON,20-F,20221231,Y
1712184,LILA,LIBERTY LATIN AMERICA LTD.,4841,1-LAF,10-Q,20230331,Y
1712189,TH,TARGET HOSPITALITY CORP.,7000,2-ACC,10-Q,20230331,Y
1712463,PACK,RANPAK HOLDINGS CORP.,2670,2-ACC,10-Q,20230331,Y
1712762,BIAF,"BIOAFFINITY TECHNOLOGIES, INC.",8731,4-NON,10-Q,20230331,Y
1712807,PAGS,PAGSEGURO DIGITAL LTD.,7374,1-LAF,20-F,20221231,Y
1713210,ATPC,AGAPE ATP CORP,8000,4-NON,10-Q,20230331,Y
1713407,,BROOKFIELD REAL ESTATE INCOME TRUST INC.,6798,4-NON,10-Q,20230331,N
1713539,KXIN,KAIXIN AUTO HOLDINGS,5500,4-NON,20-F,20221231,Y
1713683,ZS,"ZSCALER, INC.",7371,1-LAF,10-Q,20230430,Y
1713863,RFL,"RAFAEL HOLDINGS, INC.",6500,4-NON,10-Q,20230430,Y
1713923,AIJTY,JIANPU TECHNOLOGY INC.,7370,4-NON,20-F,20221231,Y
1714174,BUR,BURFORD CAPITAL LTD,6199,1-LAF,20-F,20221231,Y
1714899,DNLI,DENALI THERAPEUTICS INC.,2836,1-LAF,10-Q,20230331,Y
1715268,,"GOLUB CAPITAL BDC 3, INC.",,4-NON,10-Q,20230331,N
1715433,LCHD,LEADER CAPITAL HOLDINGS CORP.,7371,4-NON,10-Q,20221130,Y
1715611,,BODY & MIND INC.,2834,4-NON,10-Q,20230430,N
1715768,,"TRANSPHORM, INC.",3674,4-NON,10-K,20230331,N
1715819,EMED,"ELECTROMEDICAL TECHNOLOGIES, INC",3841,4-NON,10-Q,20230331,Y
1715933,,TCW DIRECT LENDING VII LLC,,4-NON,10-Q,20230331,N
1716166,VVOS,"VIVOS THERAPEUTICS, INC.",3841,4-NON,10-Q,20230331,Y
1716324,,REGNUM CORP.,7819,4-NON,10-K,20221231,N
1716338,JF,PINTEC TECHNOLOGY HOLDINGS LTD,7370,4-NON,20-F,20221231,Y
1716583,,HYZON MOTORS INC.,3620,4-NON,10-Q,20220630,N
1716621,VTAK,"RA MEDICAL SYSTEMS, INC.",3841,4-NON,10-Q,20230331,Y
1716947,ENSC,"ENSYSCE BIOSCIENCES, INC.",2834,4-NON,10-Q,20230331,Y
1717161,CEPU,CENTRAL PUERTO S.A.,4911,2-ACC,20-F,20221231,Y
1717307,ILPT,INDUSTRIAL LOGISTICS PROPERTIES TRUST,6798,1-LAF,10-Q,20230331,Y
1717310,,"VENTURE LENDING & LEASING IX, INC.",,4-NON,10-Q,20230331,N
1717547,BRSP,"BRIGHTSPIRE CAPITAL, INC.",6798,1-LAF,10-Q,20230331,Y
1717556,,"VINCO VENTURES, INC.",3944,4-NON,10-Q,20220930,N
1718108,,"SURFACE ONCOLOGY, INC.",2836,4-NON,10-Q,20230331,N
1718224,BTBD,"BT BRANDS, INC.",5812,4-NON,10-K,20221231,Y
1718227,ROAD,"CONSTRUCTION PARTNERS, INC.",1600,1-LAF,10-Q,20230331,Y
1718405,HYMC,HYCROFT MINING HOLDING CORP,1040,4-NON,10-Q,20230331,Y
1718500,AXIL,REVIV3 PROCARE CO,2844,4-NON,10-Q,20230228,Y
1718512,GTES,GATES INDUSTRIAL CORP PLC,3560,1-LAF,10-Q,20230331,Y
1718852,,"PROMETHEUS BIOSCIENCES, INC.",2834,1-LAF,10-Q,20230331,N
1718939,IDAI,T STAMP INC,7372,4-NON,10-Q,20230331,Y
1719395,,"EARGO, INC.",3842,4-NON,10-Q,20230331,N
1719406,NRXP,"NRX PHARMACEUTICALS, INC.",2834,4-NON,10-Q,20230331,Y
1719489,,"KALEYRA, INC.",7374,2-ACC,10-Q,20230331,N
1720025,,ALLEGRO MERGER CORP.,6770,4-NON,10-Q,20230331,N
1720116,RDVT,"RED VIOLET, INC.",7372,4-NON,10-Q,20230331,Y
1720265,ZCSH,GRAYSCALE ZCASH TRUST (ZEC),6221,4-NON,10-Q,20230331,Y
1720286,,INTERNET SCIENCES INC.,4899,4-NON,10-Q,20230331,N
1720424,HIVE,HIVE BLOCKCHAIN TECHNOLOGIES LTD.,6199,,40-F,20230331,Y
1720446,ZEPP,ZEPP HEALTH CORP,3571,4-NON,20-F,20221231,Y
1720580,ACET,"ADICET BIO, INC.",2834,4-NON,10-Q,20230331,Y
1720592,RPAY,REPAY HOLDINGS CORP,7389,1-LAF,10-Q,20230331,Y
1720635,NVT,NVENT ELECTRIC PLC,3550,1-LAF,10-Q,20230331,Y
1720671,,"HASHICORP, INC.",7371,1-LAF,10-Q,20230430,N
1720893,BTAI,"BIOXCEL THERAPEUTICS, INC.",2834,4-NON,10-Q,20230331,Y
1720990,,FISKER INC./DE,3711,1-LAF,10-Q,20230331,N
1721056,HSCT,HOOPS SCOUTING USA,7374,4-NON,10-Q,20230331,Y
1721181,,HEADHUNTER GROUP PLC,7363,2-ACC,20-F,20221231,N
1721386,,LANDSEA HOMES CORP,1531,2-ACC,10-Q,20230331,N
1721484,LGVN,LONGEVERON INC.,2834,4-NON,10-Q,20230331,Y
1721741,,"LAZYDAYS HOLDINGS, INC.",5500,2-ACC,10-Q,20230331,N
1721947,,JAMF HOLDING CORP.,7372,1-LAF,10-Q,20230331,N
1722010,OPBK,OP BANCORP,6022,4-NON,10-Q,20230331,Y
1722438,,"DOMA HOLDINGS, INC.",6361,2-ACC,10-Q,20230331,N
1722482,AVTR,"AVANTOR, INC.",3826,1-LAF,10-Q,20230331,Y
1722556,BGFR,BESTGOFER INC.,7200,4-NON,10-Q,20230228,Y
1722684,WH,"WYNDHAM HOTELS & RESORTS, INC.",7011,1-LAF,10-Q,20230331,Y
1722731,FDCTD,"FDCTECH, INC.",7372,4-NON,10-K,20221231,Y
1722964,,"Y-MABS THERAPEUTICS, INC.",2834,4-NON,10-Q,20230331,N
1722969,,ATLIS MOTOR VEHICLES INC,3713,4-NON,10-Q,20230331,N
1723059,BIOE,BIO ESSENCE CORP,2834,4-NON,10-Q,20230331,Y
1723069,TLSA,TIZIANA LIFE SCIENCES LTD,2834,4-NON,20-F,20221231,Y
1723089,,CHAMPIONX CORP,3530,1-LAF,10-Q,20230331,N
1723128,AMRX,"AMNEAL PHARMACEUTICALS, INC.",2834,2-ACC,10-Q,20230331,Y
1723580,,"BURGERFI INTERNATIONAL, INC.",5812,4-NON,10-K,20221231,N
1723596,,"COLUMBIA FINANCIAL, INC.",6035,1-LAF,10-Q,20230331,N
1723648,,"LIVEVOX HOLDINGS, INC.",7374,4-NON,10-Q,20230331,N
1723690,BILI,BILIBILI INC.,7374,1-LAF,20-F,20221231,Y
1723788,BITW,BITWISE 10 CRYPTO INDEX FUND,6221,4-NON,10-Q,20230331,Y
1723935,STG,SUNLANDS TECHNOLOGY GROUP,8200,4-NON,20-F,20221231,Y
1724521,RCUS,"ARCUS BIOSCIENCES, INC.",2834,1-LAF,10-Q,20230331,Y
1724755,GHG,GREENTREE HOSPITALITY GROUP LTD.,7011,4-NON,20-F,20221231,Y
1724965,TALO,TALOS ENERGY INC.,1311,1-LAF,10-Q,20230331,Y
1724979,,RAIN ONCOLOGY INC.,2834,4-NON,10-Q,20230331,N
1725033,XYF,X FINANCIAL,6199,2-ACC,20-F,20221231,Y
1725057,,CERIDIAN HCM HOLDING INC.,7372,1-LAF,10-Q,20230331,N
1725123,CANG,CANGO INC.,7372,2-ACC,20-F,20221231,Y
1725134,,"DIGITAL MEDIA SOLUTIONS, INC.",7389,4-NON,10-Q,20230331,N
1725160,ZNTL,"ZENTALIS PHARMACEUTICALS, INC.",2834,1-LAF,10-Q,20230331,Y
1725210,ETHE,GRAYSCALE ETHEREUM TRUST (ETH),6221,1-LAF,10-Q,20230331,Y
1725255,AHCO,ADAPTHEALTH CORP.,8082,1-LAF,10-Q,20230331,Y
1725430,INBS,INTELLIGENT BIO SOLUTIONS INC.,3841,4-NON,10-Q,20230331,Y
1725516,,"RENEWABLE INNOVATIONS, INC.",7310,4-NON,10-Q,20230228,N
1725872,,"BM TECHNOLOGIES, INC.",6022,4-NON,10-Q,20230331,N
1725882,,INX LTD,6199,4-NON,20-F,20221231,N
1725911,NBND,NETBRANDS CORP.,2050,4-NON,10-Q,20230331,Y
1726079,LUCN,"TIPMEFAST, INC.",7389,4-NON,10-Q,20230331,Y
1726126,EPSN,EPSILON ENERGY LTD.,1311,4-NON,10-Q,20230331,Y
1726173,BH-A,BIGLARI HOLDINGS INC.,5812,2-ACC,10-Q,20230331,Y
1726445,SEER,"SEER, INC.",3826,4-NON,10-Q,20230331,Y
1726548,,BC PARTNERS LENDING CORP,,4-NON,10-Q,20230331,N
1726711,ADTX,"ADITXT, INC.",2834,4-NON,10-K,20221231,Y
1726822,,SOUL BIOTECHNOLOGY CORP,2833,4-NON,10-Q,20230331,N
1726978,GSHD,"GOOSEHEAD INSURANCE, INC.",6411,1-LAF,10-Q,20230331,Y
1727196,SRRK,SCHOLAR ROCK HOLDING CORP,2836,4-NON,10-Q,20230331,Y
1727255,COBA,CHILEAN COBALT CORP.,1000,4-NON,10-Q,20230331,Y
1727263,FTDR,"FRONTDOOR, INC.",7340,1-LAF,10-Q,20230331,Y
1728117,GOSS,"GOSSAMER BIO, INC.",2834,4-NON,10-Q,20230331,Y
1728190,HUYA,HUYA INC.,7370,2-ACC,20-F,20221231,Y
1728205,,PIEDMONT LITHIUM INC.,1400,1-LAF,10-Q,20230331,N
1728328,INM,INMED PHARMACEUTICALS INC.,2834,4-NON,10-Q,20230331,Y
1728688,IIIV,"I3 VERTICALS, INC.",7389,2-ACC,10-Q,20230331,Y
1728951,EPRT,"ESSENTIAL PROPERTIES REALTY TRUST, INC.",6798,1-LAF,10-Q,20230331,Y
1729149,VMD,"VIEMED HEALTHCARE, INC.",8090,2-ACC,10-Q,20230331,Y
1729214,XRTX,XORTX THERAPEUTICS INC.,2834,4-NON,20-F,20221231,Y
1729427,CNSP,"CNS PHARMACEUTICALS, INC.",2834,4-NON,10-Q,20230331,Y
1729637,KARX,KARBON-X CORP.,2844,4-NON,10-Q,20230228,Y
1729750,,"KUBIENT, INC.",7373,4-NON,10-Q,20230331,N
1729944,,"IMAC HOLDINGS, INC.",8093,4-NON,10-Q,20230331,N
1729997,GDLC,GRAYSCALE DIGITAL LARGE CAP FUND LLC,6221,4-NON,10-Q,20230331,Y
1730168,AVGO,BROADCOM INC.,3674,1-LAF,10-Q,20230430,Y
1730346,,"CHARAH SOLUTIONS, INC.",4955,4-NON,10-K,20221231,N
1730430,KNSA,"KINIKSA PHARMACEUTICALS, LTD.",2834,4-NON,10-Q,20230331,Y
1730732,,3FORCES INC.,7370,4-NON,10-Q,20230331,N
1730773,BSFC,BLUE STAR FOODS CORP.,2092,4-NON,10-K,20221231,Y
1730869,EBZT,"EVERYTHING BLOCKCHAIN, INC.",7372,4-NON,10-K,20230131,Y
1730984,BCML,BAYCOM CORP,6022,4-NON,10-Q,20230331,Y
1731289,,NIKOLA CORP,3711,1-LAF,10-Q,20230331,N
1731348,TLRY,"TILRAY BRANDS, INC.",2833,1-LAF,10-Q,20230228,Y
1731388,EDRY,EURODRY LTD.,4400,4-NON,20-F,20221231,Y
1732406,LTCN,GRAYSCALE LITECOIN TRUST (LTC),6221,4-NON,10-Q,20230331,Y
1732409,BCHG,GRAYSCALE BITCOIN CASH TRUST (BCH),6221,4-NON,10-Q,20230331,Y
1732845,,WESTROCK CO,2650,1-LAF,10-Q,20230331,N
1733257,,"FINCH THERAPEUTICS GROUP, INC.",2836,4-NON,10-Q,20230331,N
1733294,,GENERATION BIO CO.,2834,2-ACC,10-Q,20230331,N
1733298,,QUTOUTIAO INC.,7370,4-NON,20-F,20221231,N
1733413,,"TFF PHARMACEUTICALS, INC.",2834,4-NON,10-Q,20230331,N
1733443,,"CHOSEN, INC.",7812,4-NON,10-Q,20230331,N
1733868,CNF,CNFINANCE HOLDINGS LTD.,6199,2-ACC,20-F,20221231,Y
1733998,NWN,NORTHWEST NATURAL HOLDING CO,4924,1-LAF,10-Q,20230331,Y
1734005,NIKI,APTORUM GROUP LTD,2834,4-NON,20-F,20221231,Y
1734262,,COOTEK(CAYMAN)INC.,7374,4-NON,20-F,20221231,N
1734342,AMTB,AMERANT BANCORP INC.,6021,1-LAF,10-Q,20230331,Y
1734520,ALYAF,ALITHYA GROUP INC,7370,,40-F,20230331,Y
1734713,BV,"BRIGHTVIEW HOLDINGS, INC.",0700,2-ACC,10-Q,20230331,Y
1734722,PATH,"UIPATH, INC.",7372,1-LAF,10-Q,20230430,Y
1734750,MOVE,MOVANO INC.,3845,4-NON,10-Q,20230331,Y
1734875,,"MID-SOUTHERN BANCORP, INC.",6035,4-NON,10-Q,20230331,N
1735041,GTEC,GREENLAND TECHNOLOGIES HOLDING CORP.,3560,4-NON,10-Q,20230331,Y
1735092,,"GOFBA, INC.",7374,4-NON,10-Q,20230331,N
1735438,MGTX,MEIRAGTX HOLDINGS PLC,2836,4-NON,10-Q,20230331,Y
1735707,GTX,GARRETT MOTION INC.,3714,2-ACC,10-Q,20230331,Y
1735948,,GREENBROOK TMS INC.,8090,4-NON,20-F,20221231,N
1736035,BXSL,BLACKSTONE SECURED LENDING FUND,,1-LAF,10-Q,20230331,Y
1736243,ACXP,"ACURX PHARMACEUTICALS, INC.",2834,4-NON,10-Q,20230331,Y
1736541,NIO,NIO INC.,3711,1-LAF,20-F,20221231,Y
1736865,,"GOLDEN DEVELOPING SOLUTIONS, INC.",5900,4-NON,10-K,20221231,N
1736946,ARLO,"ARLO TECHNOLOGIES, INC.",3651,2-ACC,10-Q,20230331,Y
1737193,,LUDUSON G INC.,7372,4-NON,10-Q,20230331,N
1737287,ALLO,"ALLOGENE THERAPEUTICS, INC.",2836,1-LAF,10-Q,20230331,Y
1737339,JG,AURORA MOBILE LTD,7370,2-ACC,20-F,20221231,Y
1737372,,"SYSOREX, INC.",7371,4-NON,10-K,20221231,N
1737450,OPRA,OPERA LTD,7372,2-ACC,20-F,20221231,Y
1737523,BGLC,BIONEXUS GENE LAB CORP,8071,4-NON,10-Q,20230331,Y
1737706,SDRL,SEADRILL LTD,1381,1-LAF,20-F,20221231,Y
1737806,PDD,PDD HOLDINGS INC.,7389,1-LAF,20-F,20221231,Y
1737924,NCDL,NUVEEN CHURCHILL DIRECT LENDING CORP.,,4-NON,10-Q,20230331,Y
1737927,CGC,CANOPY GROWTH CORP,2833,1-LAF,10-K,20230331,Y
1737953,REPL,"REPLIMUNE GROUP, INC.",2836,4-NON,10-K,20230331,Y
1737995,SKYA,SHARPS TECHNOLOGY INC.,3841,4-NON,10-Q,20230331,Y
1738021,CMPX,"COMPASS THERAPEUTICS, INC.",2836,4-NON,10-Q,20230331,Y
1738177,CMBMF,CAMBIUM NETWORKS CORP,3663,2-ACC,10-Q,20230331,Y
1738699,WKEY,WISEKEY INTERNATIONAL HOLDING S.A.,7374,4-NON,20-F,20221231,Y
1738827,KLXE,"KLX ENERGY SERVICES HOLDINGS, INC.",1389,4-NON,10-Q,20230331,Y
1738906,YI,"111, INC.",5912,2-ACC,20-F,20221231,Y
1739104,ELAN,ELANCO ANIMAL HEALTH INC,2834,1-LAF,10-Q,20230331,Y
1739174,PHGE,BIOMX INC.,2836,4-NON,10-Q,20230331,Y
1739410,RLYB,RALLYBIO CORP,2834,4-NON,10-Q,20230331,Y
1739426,,RVL PHARMACEUTICALS PLC,2834,4-NON,10-Q,20230331,N
1739445,ACA,"ARCOSA, INC.",3440,1-LAF,10-Q,20230331,Y
1739566,UTZ,"UTZ BRANDS, INC.",2090,1-LAF,10-Q,20230331,Y
1739614,,"INHIBRX, INC.",2836,4-NON,10-Q,20230331,N
1739936,,MOMENTIVE GLOBAL INC.,7370,1-LAF,10-Q,20230331,N
1739940,CI,CIGNA GROUP,6324,1-LAF,10-Q,20230331,Y
1739942,,SOLARWINDS CORP,7372,1-LAF,10-Q,20230331,N
1740279,INAB,"IN8BIO, INC.",2836,4-NON,10-Q,20230331,Y
1740332,REZI,"RESIDEO TECHNOLOGIES, INC.",5072,1-LAF,10-Q,20230331,Y
1740742,,UNICOIN INC.,7372,4-NON,10-Q,20230331,N
1741231,,"TATTOOED CHEF, INC.",2090,2-ACC,10-K,20221231,N
1741257,,"BANGFU TECHNOLOGY GROUP CO., LTD.",7372,4-NON,10-Q,20230331,N
1741489,ELVG,"ELVICTOR GROUP, INC.",8742,4-NON,10-Q,20230331,Y
1741530,QFIN,"QIFU TECHNOLOGY, INC.",6199,1-LAF,20-F,20221231,Y
1741534,UOKAF,MDJM LTD,6531,4-NON,20-F,20221231,Y
1741830,,"KRONOS BIO, INC.",2834,4-NON,10-Q,20230331,N
1742313,,MONROE CAPITAL INCOME PLUS CORP,,4-NON,10-Q,20230331,N
1742341,HKIT,HITEK GLOBAL INC.,7372,4-NON,20-F,20221231,Y
1742518,MTC,"MMTEC, INC.",7372,4-NON,20-F,20221231,Y
1742770,VIOT,"VIOMI TECHNOLOGY CO., LTD",3630,4-NON,20-F,20221231,Y
1742924,,LIVENT CORP.,2800,1-LAF,10-Q,20230331,N
1742927,RVPH,"REVIVA PHARMACEUTICALS HOLDINGS, INC.",2834,4-NON,10-Q,20230331,Y
1743102,JFIN,JIAYIN GROUP INC.,6199,4-NON,20-F,20221231,Y
1743415,,SCP PRIVATE CREDIT INCOME BDC LLC,,4-NON,10-Q,20230331,N
1743725,GDYN,"GRID DYNAMICS HOLDINGS, INC.",7372,1-LAF,10-Q,20230331,Y
1743745,GNLN,"GREENLANE HOLDINGS, INC.",5099,4-NON,10-Q,20230331,Y
1743759,CRSR,"CORSAIR GAMING, INC.",3577,2-ACC,10-Q,20230331,Y
1743881,BBIO,"BRIDGEBIO PHARMA, INC.",2834,1-LAF,10-Q,20230331,Y
1743907,,"SUN COUNTRY AIRLINES HOLDINGS, INC.",4512,2-ACC,10-Q,20230331,N
1744489,DIS,WALT DISNEY CO,7990,1-LAF,10-Q,20230331,Y
1744494,ADNH,"ADVENT TECHNOLOGIES HOLDINGS, INC.",3690,4-NON,10-Q,20230331,Y
1744659,,"AKERO THERAPEUTICS, INC.",2834,4-NON,10-Q,20230331,N
1744676,TME,TENCENT MUSIC ENTERTAINMENT GROUP,4832,1-LAF,20-F,20221231,Y
1744781,NIU,NIU TECHNOLOGIES,3711,2-ACC,20-F,20221231,Y
1745020,,"THESEUS PHARMACEUTICALS, INC.",2834,4-NON,10-Q,20230331,N
1745078,VYND,"VYNLEADS, INC.",7200,4-NON,10-Q,20230331,Y
1745431,STNE,STONECO LTD.,7374,1-LAF,20-F,20221231,Y
1745916,PFSI,"PENNYMAC FINANCIAL SERVICES, INC.",6162,1-LAF,10-Q,20230331,Y
1745999,BEAM,BEAM THERAPEUTICS INC.,2836,1-LAF,10-Q,20230331,Y
1746109,BFC,BANK FIRST CORP,6021,2-ACC,10-Q,20230331,Y
1746119,VGES,MU GLOBAL HOLDING LTD,7200,4-NON,10-Q,20230430,Y
1746129,BSVN,BANK7 CORP.,6022,4-NON,10-Q,20230331,Y
1746278,,"GOLOGIQ, INC.",7370,4-NON,10-Q,20230331,N
1746466,EQ,"EQUILLIUM, INC.",2834,4-NON,10-Q,20230331,Y
1746473,PLRX,"PLIANT THERAPEUTICS, INC.",2834,4-NON,10-Q,20230331,Y
1746618,RVLV,"REVOLVE GROUP, INC.",5961,1-LAF,10-Q,20230331,Y
1747009,,EQUITRANS MIDSTREAM CORP,4922,1-LAF,10-Q,20230331,N
1747068,MCBS,"METROCITY BANKSHARES, INC.",6022,2-ACC,10-Q,20230331,Y
1747079,BALY,BALLY'S CORP,7011,1-LAF,10-Q,20230331,Y
1747172,KBDC,"KAYNE ANDERSON BDC, INC.",,4-NON,10-Q,20230331,Y
1747748,,QUALTRICS INTERNATIONAL INC.,7372,1-LAF,10-Q,20230331,N
1747777,OTF,OWL ROCK TECHNOLOGY FINANCE CORP.,,4-NON,10-Q,20230331,Y
1748137,NEOV,NEOVOLTA INC.,3690,4-NON,10-Q,20230331,Y
1748790,AMCR,AMCOR PLC,3990,1-LAF,10-Q,20230331,Y
1748824,AAMI,BRIGHTSPHERE INVESTMENT GROUP INC.,6282,1-LAF,10-Q,20230331,Y
1748907,,ORCHARD THERAPEUTICS PLC,2836,4-NON,10-Q,20230331,N
1748945,HZEN,GRAYSCALE HORIZEN TRUST (ZEN),6199,4-NON,10-Q,20230331,Y
1749704,,"AGILITI, INC. DE",7350,2-ACC,10-Q,20230331,N
1749723,NFE,NEW FORTRESS ENERGY INC.,4924,1-LAF,10-Q,20230331,Y
1750019,,TCR2 THERAPEUTICS INC.,2836,4-NON,10-Q,20230331,N
1750106,AEI,ALSET INC.,6500,4-NON,10-Q,20230331,Y
1750149,IKT,"INHIBIKASE THERAPEUTICS, INC.",2836,4-NON,10-Q,20230331,Y
1750153,,CANOO INC.,3714,4-NON,10-Q,20230331,N
1750155,CWBHF,"CHARLOTTE'S WEB HOLDINGS, INC.",0100,4-NON,10-Q,20230331,Y
1750284,OLMA,"OLEMA PHARMACEUTICALS, INC.",2834,4-NON,10-Q,20230331,Y
1750593,DUO,FANGDD NETWORK GROUP LTD.,6500,4-NON,20-F,20221231,Y
1750735,MRBK,MERIDIAN CORP,6021,2-ACC,10-Q,20230331,Y
1750777,HWKE,"HAWKEYE SYSTEMS, INC.",3861,4-NON,10-Q,20230331,Y
1751008,APP,APPLOVIN CORP,7370,1-LAF,10-Q,20230331,Y
1751707,OZVN,UNITED EXPRESS INC.,4700,4-NON,10-Q,20230331,Y
1751783,RBKB,"RHINEBECK BANCORP, INC.",6036,4-NON,10-Q,20230331,Y
1751788,DOW,DOW INC.,2821,1-LAF,10-Q,20230331,Y
1752036,,CALIFORNIA BANCORP,6022,4-NON,10-Q,20230331,N
1752372,,EZAGOO LTD,7310,4-NON,10-K,20221231,N
1752474,,KLDISCOVERY INC.,7370,4-NON,10-Q,20230331,N
1752828,CELU,CELULARITY INC,2834,4-NON,10-Q,20230331,Y
1753162,FTHM,FATHOM HOLDINGS INC.,6531,4-NON,10-Q,20230331,Y
1753373,MTWO,INKY INC.,7374,4-NON,10-Q,20230228,Y
1753391,QSJC,"TANCHENG GROUP CO., LTD.",7370,4-NON,10-Q,20230331,Y
1753539,BKSY,BLACKSKY TECHNOLOGY INC.,3663,4-NON,10-Q,20230331,Y
1753673,SJ,SCIENJOY HOLDING CORP,7374,4-NON,20-F,20221231,Y
1753706,,"WHOLE EARTH BRANDS, INC.",2060,2-ACC,10-Q,20230331,N
1753945,,"OPTI-HARVEST, INC.",3523,4-NON,10-K,20221231,N
1754068,KLRS,"ALLOVIR, INC.",2836,4-NON,10-Q,20230331,Y
1754170,ASLE,AERSALE CORP,5080,2-ACC,10-Q,20230331,Y
1754195,TRLV,TRULIEVE CANNABIS CORP.,2833,1-LAF,10-Q,20230331,Y
1754226,OBT,"ORANGE COUNTY BANCORP, INC. /DE/",6022,4-NON,10-Q,20230331,Y
1754301,FOXA,FOX CORP,4833,1-LAF,10-Q,20230331,Y
1754323,,"POWERBRIDGE TECHNOLOGIES CO., LTD.",7371,4-NON,20-F,20221231,N
1754581,FUTU,FUTU HOLDINGS LTD,6211,1-LAF,20-F,20221231,Y
1754820,,"DESKTOP METAL, INC.",3559,1-LAF,10-Q,20230331,N
1755058,AUC,ATIF HOLDINGS LTD,8742,4-NON,10-Q,20230430,Y
1755101,ALDS,APPLIFE DIGITAL SOLUTIONS INC,7374,4-NON,10-Q,20230331,Y
1755237,CYCN,"CYCLERION THERAPEUTICS, INC.",2834,4-NON,10-Q,20230331,Y
1755672,CTVA,"CORTEVA, INC.",0100,1-LAF,10-Q,20230331,Y
1755755,,"VINEBROOK HOMES TRUST, INC.",6798,4-NON,10-Q,20230331,N
1755953,ABTC,AKERNA CORP.,7374,4-NON,10-Q,20230331,Y
1756180,NCRA,"NOCERA, INC.",0200,4-NON,10-Q,20230331,Y
1756262,TMDX,"TRANSMEDICS GROUP, INC.",3845,1-LAF,10-Q,20230331,Y
1756390,AAWH,"ASCEND WELLNESS HOLDINGS, INC.",2833,2-ACC,10-Q,20230331,Y
1756640,,WISEMAN GLOBAL LTD,5731,4-NON,10-Q,20210630,N
1756699,TIGR,UP FINTECH HOLDING LTD,6211,1-LAF,20-F,20221231,Y
1756701,,"LINKBANCORP, INC.",6022,4-NON,10-Q,20230331,N
1756708,JMIA,JUMIA TECHNOLOGIES AG,5961,1-LAF,20-F,20221231,Y
1756761,,INVESCO REAL ESTATE INCOME TRUST INC.,6798,4-NON,10-Q,20230331,N
1756770,CURLF,"CURALEAF HOLDINGS, INC.",2833,,40-F,20221231,Y
1757064,,GENFIT S.A.,2836,2-ACC,20-F,20221231,N
1757073,NVST,ENVISTA HOLDINGS CORP,3843,1-LAF,10-Q,20230331,Y
1757097,,CENTOGENE N.V.,8071,4-NON,20-F,20221231,N
1757143,PAIYY,AESTHETIC MEDICAL INTERNATIONAL HOLDINGS GROUP LTD,8093,4-NON,20-F,20221231,Y
1757499,SHPH,"SHUTTLE PHARMACEUTICALS HOLDINGS, INC.",2834,4-NON,10-Q,20230331,Y
1757715,ATER,"ATERIAN, INC.",3634,2-ACC,10-Q,20230331,Y
1757840,INDO,INDONESIA ENERGY CORP LTD,1311,4-NON,20-F,20221231,Y
1757898,STE,STERIS PLC,3842,1-LAF,10-K,20230331,Y
1758009,QUBT,QUANTUM COMPUTING INC.,7372,4-NON,10-Q,20230331,Y
1758021,KRT,KARAT PACKAGING INC.,3089,2-ACC,10-Q,20230331,Y
1758057,,"LUMINAR TECHNOLOGIES, INC./DE",3714,1-LAF,10-Q,20230331,N
1758488,OSW,ONESPAWORLD HOLDINGS LTD,7997,2-ACC,10-Q,20230331,Y
1758530,SY,SO-YOUNG INTERNATIONAL INC.,7374,2-ACC,20-F,20221231,Y
1758699,TRSO,TRANSUITE.ORG INC.,7370,4-NON,10-Q,20230228,Y
1758730,TW,TRADEWEB MARKETS INC.,6200,1-LAF,10-Q,20230331,Y
1758766,STEM,"STEM, INC.",3690,1-LAF,10-Q,20230331,Y
1759124,IAUM,ISHARES GOLD TRUST MICRO,6221,1-LAF,10-Q,20230331,Y
1759136,BHATF,BLUE HAT INTERACTIVE ENTERTAINMENT TECHNOLOGY,3944,4-NON,20-F,20221231,Y
1759138,CABA,"CABALETTA BIO, INC.",2836,4-NON,10-Q,20230331,Y
1759186,ZSQR,"COEPTIS THERAPEUTICS HOLDINGS, INC.",2836,4-NON,10-Q,20230331,Y
1759424,,"EVIL EMPIRE DESIGNS, INC.",3751,4-NON,10-K,20221231,N
1759425,MIRM,"MIRUM PHARMACEUTICALS, INC.",2834,4-NON,10-Q,20230331,Y
1759509,LYFT,"LYFT, INC.",7389,1-LAF,10-Q,20230331,Y
1759546,NRDE,LORDSTOWN MOTORS CORP.,3711,4-NON,10-Q,20230331,Y
1759614,YJ,YUNJI INC.,5990,2-ACC,20-F,20221231,Y
1759631,HYLN,HYLIION HOLDINGS CORP.,3713,2-ACC,10-Q,20230331,Y
1759655,PRVA,"PRIVIA HEALTH GROUP, INC.",8000,1-LAF,10-Q,20230331,Y
1759774,PSTL,"POSTAL REALTY TRUST, INC.",6798,4-NON,10-Q,20230331,Y
1759783,EH,EHANG HOLDINGS LTD,3728,2-ACC,20-F,20221231,Y
1759824,ALTG,ALTA EQUIPMENT GROUP INC.,5084,2-ACC,10-Q,20230331,Y
1760026,RMTG,"MESO NUMISMATICS, INC.",5990,4-NON,10-K,20221231,Y
1760173,,"SURGALIGN HOLDINGS, INC.",3842,4-NON,10-Q,20230331,N
1760233,GIFT,"RDE, INC.",5961,4-NON,10-Q,20230331,Y
1760542,,HOOKIPA PHARMA INC.,2834,4-NON,10-Q,20230331,N
1760689,MVST,"MICROVAST HOLDINGS, INC.",3690,2-ACC,10-Q,20230331,Y
1760717,,SCIPLAY CORP,7374,2-ACC,10-Q,20230331,N
1760764,,G MEDICAL INNOVATIONS HOLDINGS LTD.,3841,4-NON,20-F,20221231,N
1760854,NBTX,NANOBIOTIX S.A.,2834,2-ACC,20-F,20221231,Y
1760903,BNKK,"JUPITER WELLNESS, INC.",2844,4-NON,10-K,20221231,Y
1760965,KTB,"KONTOOR BRANDS, INC.",2320,1-LAF,10-Q,20230331,Y
1761312,PLMR,"PALOMAR HOLDINGS, INC.",6331,1-LAF,10-Q,20230331,Y
1761325,GXLM,GRAYSCALE STELLAR LUMENS TRUST (XLM),6221,4-NON,10-Q,20230331,Y
1761510,,TILT HOLDINGS INC.,2111,4-NON,10-Q,20230331,N
1761534,,GOLDEN ROYAL DEVELOPMENT INC.,1311,4-NON,10-Q,20230331,N
1761612,BCYC,BICYCLE THERAPEUTICS PLC,2834,4-NON,10-Q,20230331,Y
1761696,,CROWN ELECTROKINETICS CORP.,3679,4-NON,10-Q,20230331,N
1761918,ERAS,"ERASCA, INC.",2834,4-NON,10-Q,20230331,Y
1762239,KAVL,"KAIVAL BRANDS INNOVATIONS GROUP, INC.",5960,4-NON,10-Q,20230430,Y
1762303,RCEL,"AVITA MEDICAL, INC.",3841,4-NON,10-Q,20230331,Y
1762322,,"SHIFT TECHNOLOGIES, INC.",5500,4-NON,10-Q,20230331,N
1762359,,"ACREAGE HOLDINGS, INC.",5900,2-ACC,10-K,20221231,N
1762417,DOYU,DOUYU INTERNATIONAL HOLDINGS LTD,7370,2-ACC,20-F,20221231,Y
1762506,VIST,"VISTA ENERGY, S.A.B. DE C.V.",1311,2-ACC,20-F,20221231,Y
1763657,,ONE WORLD VENTURES INC,6199,4-NON,10-K,20221231,N
1763660,SEAV,SEATECH VENTURES CORP.,7380,4-NON,10-Q,20230331,Y
1763950,LTRN,LANTERN PHARMA INC.,2834,4-NON,10-Q,20230331,Y
1764013,IMVT,"IMMUNOVANT, INC.",2836,4-NON,10-K,20230331,Y
1764046,CLVT,CLARIVATE PLC,7374,1-LAF,10-Q,20230331,Y
1764757,DIDIY,DIDI GLOBAL INC.,7389,1-LAF,20-F,20221231,Y
1765048,GCGJ,"CHARMT, INC.",7370,4-NON,10-Q,20230331,Y
1765651,PSPX,PACIFIC SPORTS EXCHANGE INC.,5940,4-NON,10-Q,20230228,Y
1765826,,"BLUBUZZARD, INC.",6770,4-NON,10-K,20221231,N
1766037,,"NMF SLF I, INC.",,4-NON,10-Q,20230331,N
1766140,UNCY,"UNICYCIVE THERAPEUTICS, INC.",2834,4-NON,10-Q,20230331,Y
1766267,,SYNERGY EMPIRE LTD,5812,4-NON,10-K,20230331,N
1766363,,"ENDEAVOR GROUP HOLDINGS, INC.",7900,1-LAF,10-Q,20230331,N
1766368,MEC,"MAYVILLE ENGINEERING COMPANY, INC.",3460,2-ACC,10-Q,20230331,Y
1766400,PNTG,"PENNANT GROUP, INC.",8000,2-ACC,10-Q,20230331,Y
1766478,AOMR,"ANGEL OAK MORTGAGE REIT, INC.",6500,4-NON,10-Q,20230331,Y
1766502,CHWY,"CHEWY, INC.",5961,1-LAF,10-Q,20230430,Y
1766526,,"TECTONIC FINANCIAL, INC.",6022,4-NON,10-Q,20230331,N
1766600,SNDL,SNDL INC.,2833,1-LAF,20-F,20221231,Y
1767057,OBTC,OSPREY BITCOIN TRUST,6221,4-NON,10-Q,20230331,Y
1767258,XPEL,"XPEL, INC.",3470,1-LAF,10-Q,20230331,Y
1767582,LKNCY,LUCKIN COFFEE INC.,5810,1-LAF,20-F,20221231,Y
1767837,RMBI,"RICHMOND MUTUAL BANCORPORATION, INC.",6022,4-NON,10-Q,20230331,Y
1768224,ARCT,ARCTURUS THERAPEUTICS HOLDINGS INC.,2834,4-NON,10-Q,20230331,Y
1768259,GOTU,GAOTU TECHEDU INC.,8200,2-ACC,20-F,20221231,Y
1768267,CRNC,CERENCE INC.,7372,1-LAF,10-Q,20230331,Y
1768446,CLYM,"ELIEM THERAPEUTICS, INC.",2834,4-NON,10-Q,20230331,Y
1768910,,GREENCITY ACQUISITION CORP,6770,4-NON,10-K,20221231,N
1768946,,BIOPHYTIS SA,2834,4-NON,20-F,20221231,N
1769617,,"HARBORONE BANCORP, INC.",6022,2-ACC,10-Q,20230331,N
1769624,ILLR,AGBA GROUP HOLDING LTD.,6282,4-NON,10-K,20221231,Y
1769663,PBFS,"PIONEER BANCORP, INC./MD",6036,4-NON,10-Q,20230331,Y
1769731,AMTD,AMTD IDEA GROUP,6199,2-ACC,20-F,20221231,Y
1769759,,MONOGRAM ORTHOPAEDICS INC,3841,4-NON,10-Q,20230331,N
1769804,,"AUGMEDIX, INC.",7389,4-NON,10-K,20221231,N
1770088,WIMI,WIMI HOLOGRAM CLOUD INC.,7372,4-NON,20-F,20221231,Y
1770121,SANA,"SANA BIOTECHNOLOGY, INC.",2836,4-NON,10-Q,20230331,Y
1770141,,"UPHEALTH, INC.",8000,4-NON,10-Q,20230331,N
1770236,MITQ,MOVING IMAGE TECHNOLOGIES INC.,3861,4-NON,10-Q,20230331,Y
1770450,XRX,XEROX HOLDINGS CORP,3577,1-LAF,10-Q,20230331,Y
1770561,CODQL,CORONADO GLOBAL RESOURCES INC.,1220,1-LAF,10-Q,20230331,Y
1770787,TXG,"10X GENOMICS, INC.",3826,1-LAF,10-Q,20230331,Y
1771007,AFYA,AFYA LTD,8200,1-LAF,20-F,20221231,Y
1771515,GO,GROCERY OUTLET HOLDING CORP.,5411,1-LAF,10-Q,20230331,Y
1771706,VREOF,"GOODNESS GROWTH HOLDINGS, INC.",2834,4-NON,10-Q,20230331,Y
1771917,,"KARUNA THERAPEUTICS, INC.",2834,1-LAF,10-Q,20230331,N
1771951,,DYNAMIC SHARES TRUST,6221,4-NON,10-Q,20230331,N
1772016,BRBR,"BELLRING BRANDS, INC.",2000,1-LAF,10-Q,20230331,Y
1772028,,SCOPUS BIOPHARMA INC.,2834,4-NON,10-K,20221231,N
1772177,KRUS,"KURA SUSHI USA, INC.",5812,2-ACC,10-Q,20230228,Y
1772695,,SUNNOVA ENERGY INTERNATIONAL INC.,4931,1-LAF,10-Q,20230331,N
1772704,,GOLDMAN SACHS PRIVATE MIDDLE MARKET CREDIT II LLC,,4-NON,10-Q,20230331,N
1772720,SPRU,SPRUCE POWER HOLDING CORP,3714,4-NON,10-Q,20230331,Y
1772921,ONEW,ONEWATER MARINE INC.,5531,2-ACC,10-Q,20230331,Y
1773383,DT,"DYNATRACE, INC.",7372,1-LAF,10-K,20230331,Y
1773427,,"SPRINGWORKS THERAPEUTICS, INC.",2836,1-LAF,10-Q,20230331,N
1773751,HIMS,"HIMS & HERS HEALTH, INC.",8011,1-LAF,10-Q,20230331,Y
1774170,AIOT,"POWERFLEET, INC.",3669,2-ACC,10-Q,20230331,Y
1774675,SKIL,SKILLSOFT CORP.,7372,2-ACC,10-K,20230131,Y
1775085,,CHINA LIBERAL EDUCATION HOLDINGS LTD,8200,4-NON,20-F,20221231,N
1775194,UPXI,"UPEXI, INC.",2833,4-NON,10-Q,20230331,Y
1775625,,"SMILEDIRECTCLUB, INC.",3843,2-ACC,10-Q,20230331,N
1776067,OCG,ORIENTAL CULTURE HOLDING LTD,7380,4-NON,20-F,20221231,Y
1776197,,AKUMIN INC.,8071,4-NON,10-Q,20230331,N
1776661,ADV,ADVANTAGE SOLUTIONS INC.,7389,1-LAF,10-Q,20230331,Y
1776738,,COLUMBIA CARE INC.,0100,4-NON,10-Q,20230331,N
1776909,CURI,CURIOSITYSTREAM INC.,7812,4-NON,10-Q,20230331,Y
1776967,,NATURA &CO HOLDING S.A.,2844,1-LAF,20-F,20221231,N
1777319,CISO,"CISO GLOBAL, INC.",8742,4-NON,10-Q,20230331,Y
1777393,CHPT,"CHARGEPOINT HOLDINGS, INC.",3790,1-LAF,10-K,20230131,Y
1777765,VQSSF,VIQ SOLUTIONS INC.,7370,4-NON,20-F,20221231,Y
1777835,PWP,PERELLA WEINBERG PARTNERS,6199,2-ACC,10-Q,20230331,Y
1777921,AVPT,"AVEPOINT, INC.",7372,2-ACC,10-Q,20230331,Y
1777946,,"IRONNET, INC.",7372,4-NON,10-Q,20221031,N
1778016,NBP,I-MAB,2834,1-LAF,20-F,20221231,Y
1778129,TSNDF,TERRASCEND CORP.,0100,4-NON,10-Q,20230331,Y
1778343,,"LUCENT, INC.",6770,4-NON,10-Q,20230228,N
1778784,,"PROVIDENT BANCORP, INC. /MD/",6036,4-NON,10-Q,20230331,N
1778982,HUIZ,HUIZE HOLDING LTD,6411,4-NON,20-F,20221231,Y
1779020,,"DANIMER SCIENTIFIC, INC.",2821,4-NON,10-Q,20230331,N
1779128,SRTA,"BLADE AIR MOBILITY, INC.",4522,4-NON,10-Q,20230331,Y
1779372,BEAT,"HEARTBEAM, INC.",3841,4-NON,10-Q,20230331,Y
1779474,MAPS,"WM TECHNOLOGY, INC.",7372,2-ACC,10-Q,20230331,Y
1779476,KRKR,36KR HOLDINGS INC.,7389,4-NON,20-F,20221231,Y
1779523,,"MUZINICH BDC, INC.",,4-NON,10-Q,20230331,N
1779578,BGM,QILIAN INTERNATIONAL HOLDING GROUP LTD,2834,4-NON,20-F,20220930,Y
1780097,,"BAUDAX BIO, INC.",8090,4-NON,10-Q,20230331,N
1780201,LVLU,"LULU'S FASHION LOUNGE HOLDINGS, INC.",5961,2-ACC,10-Q,20230331,Y
1780312,ASTS,"AST SPACEMOBILE, INC.",4899,4-NON,10-Q,20230331,Y
1780531,,"ONECONNECT FINANCIAL TECHNOLOGY CO., LTD.",7370,2-ACC,20-F,20221231,N
1780652,CAN,CANAAN INC.,3674,2-ACC,20-F,20221231,Y
1780731,EPOW,"SUNRISE NEW ENERGY CO., LTD.",3690,4-NON,20-F,20221231,Y
1781162,MNTS,MOMENTUS INC.,3760,4-NON,10-Q,20230331,Y
1781174,ACRV,"ACRIVON THERAPEUTICS, INC.",2834,4-NON,10-Q,20230331,Y
1781193,QH,QUHUO LTD,7389,4-NON,20-F,20221231,Y
1781335,OTIS,OTIS WORLDWIDE CORP,3600,1-LAF,10-Q,20230331,Y
1781405,,"ODYSSEY SEMICONDUCTOR TECHNOLOGIES, INC.",3674,4-NON,10-Q,20230331,N
1781629,ANKM,ANKAM INC.,7371,4-NON,10-Q,20230228,Y
1781726,ACAT,NP LIFE SCIENCES HEALTH INDUSTRY GROUP INC.,8200,4-NON,10-K,20221231,Y
1781730,TCBX,"THIRD COAST BANCSHARES, INC.",6036,2-ACC,10-Q,20230331,Y
1781753,DAO,"YOUDAO, INC.",8200,2-ACC,20-F,20221231,Y
1781755,BWIN,"BRP GROUP, INC.",6411,1-LAF,10-Q,20230331,Y
1781870,,"NEW MOUNTAIN GUARDIAN III BDC, L.L.C.",,4-NON,10-Q,20230331,N
1781983,APRE,"APREA THERAPEUTICS, INC.",2834,4-NON,10-Q,20230331,Y
1782037,YGMZF,MINGZHU LOGISTICS HOLDINGS LTD,4700,4-NON,20-F,20221231,Y
1782107,ONCO,"BLUE WATER BIOTECH, INC.",2834,4-NON,10-Q,20230331,Y
1782170,RELY,"REMITLY GLOBAL, INC.",7389,1-LAF,10-Q,20230331,Y
1782223,PYXS,"PYXIS ONCOLOGY, INC.",2834,4-NON,10-Q,20230331,Y
1782430,STRW,"STRAWBERRY FIELDS REIT, INC.",6798,4-NON,10-Q,20230331,Y
1782524,MSDL,MORGAN STANLEY DIRECT LENDING FUND,,4-NON,10-Q,20230331,Y
1782594,,GENETRON HOLDINGS LTD,8071,2-ACC,20-F,20221231,N
1782754,,AZEK CO INC.,3089,1-LAF,10-Q,20230331,N
1782999,PTCHF,PURETECH HEALTH PLC,2834,2-ACC,20-F,20221231,Y
1783032,,"ELEVATION ONCOLOGY, INC.",2836,4-NON,10-Q,20230331,N
1783036,NCEL,NLS PHARMACEUTICS LTD.,2834,4-NON,20-F,20221231,Y
1783180,CARR,CARRIER GLOBAL CORP,3585,1-LAF,10-Q,20230331,Y
1783183,PHAT,"PHATHOM PHARMACEUTICALS, INC.",2834,4-NON,10-Q,20230331,Y
1783328,TCRX,"TSCAN THERAPEUTICS, INC.",2836,4-NON,10-Q,20230331,Y
1783398,UWMC,UWM HOLDINGS CORP,6162,2-ACC,10-Q,20230331,Y
1783407,SOGP,LIZHI INC.,7370,4-NON,20-F,20221231,Y
1783875,,4FRONT VENTURES CORP.,2833,4-NON,10-Q,20230331,N
1783879,HOOD,"ROBINHOOD MARKETS, INC.",6211,1-LAF,10-Q,20230331,Y
1784058,PNYG,PONY GROUP INC.,7500,4-NON,10-Q,20230331,Y
1784254,MDIA,MEDIACO HOLDING INC.,4832,4-NON,10-Q,20230331,Y
1784440,BHIC,NOWTRANSIT INC,7374,4-NON,10-Q,20230331,Y
1784535,PRCH,"PORCH GROUP, INC.",7372,2-ACC,10-Q,20230331,Y
1784567,,"HARBOR CUSTOM DEVELOPMENT, INC.",1531,4-NON,10-Q,20230331,N
1784700,,VARAGON CAPITAL CORP,,4-NON,10-Q,20230331,N
1784797,,BROADMARK REALTY CAPITAL INC.,6798,1-LAF,10-Q,20230331,N
1784851,,"SHAPEWAYS HOLDINGS, INC.",3990,4-NON,10-Q,20230331,N
1785056,TRNR,"INTERACTIVE STRENGTH, INC.",3600,4-NON,10-Q,20230331,Y
1785173,,"89BIO, INC.",2834,4-NON,10-Q,20230331,N
1785345,,"LANDOS BIOPHARMA, INC.",2834,4-NON,10-Q,20230331,N
1785424,KPLT,"KATAPULT HOLDINGS, INC.",7359,4-NON,10-Q,20230331,Y
1785493,RHNO,PHOENIX PLUS CORP.,1700,4-NON,10-Q,20230430,Y
1785494,WBQNL,WOODBRIDGE LIQUIDATION TRUST,6500,4-NON,10-Q,20230331,Y
1785530,HOWL,"WEREWOLF THERAPEUTICS, INC.",2834,4-NON,10-Q,20230331,Y
1785566,ZCMD,ZHONGCHAO INC.,8200,4-NON,20-F,20221231,Y
1785592,,"LEAFLY HOLDINGS, INC. /DE",7372,4-NON,10-Q,20230331,N
1786108,TRIN,TRINITY CAPITAL INC.,,4-NON,10-Q,20230331,Y
1786117,PINE,"ALPINE INCOME PROPERTY TRUST, INC.",6798,4-NON,10-Q,20230331,Y
1786182,,"FIRST HIGH-SCHOOL EDUCATION GROUP CO., LTD.",8200,4-NON,20-F,20221231,N
1786205,,"ARCELLX, INC.",2836,4-NON,10-Q,20230331,N
1786248,NREF,"NEXPOINT REAL ESTATE FINANCE, INC.",6798,4-NON,10-Q,20230331,Y
1786255,,"ICOSAVAX, INC.",2836,4-NON,10-Q,20230331,N
1786352,BILL,"BILL HOLDINGS, INC.",7372,1-LAF,10-Q,20230331,Y
1786431,REYN,REYNOLDS CONSUMER PRODUCTS INC.,2673,1-LAF,10-Q,20230331,Y
1786511,,FRESH2 GROUP LTD,8071,4-NON,20-F,20221231,N
1786835,,STAR MOUNTAIN LOWER MIDDLE-MARKET CAPITAL CORP,,4-NON,10-Q,20230331,N
1786842,VNT,VONTIER CORP,3824,1-LAF,10-Q,20230331,Y
1786909,SBSW,SIBANYE STILLWATER LTD,1040,1-LAF,20-F,20221231,Y
1787123,,QLY BIOTECH GROUP CORP.,4700,4-NON,10-Q,20230228,N
1787297,PASG,"PASSAGE BIO, INC.",2836,4-NON,10-Q,20230331,Y
1787306,ARQT,"ARCUTIS BIOTHERAPEUTICS, INC.",2834,1-LAF,10-Q,20230331,Y
1787400,NKTX,"NKARTA, INC.",2834,4-NON,10-Q,20230331,Y
1787412,,"WB BURGERS ASIA, INC.",5812,4-NON,10-K,20220731,N
1787414,BSBK,BOGOTA FINANCIAL CORP.,6036,4-NON,10-Q,20230331,Y
1787425,XP,XP INC.,6211,1-LAF,20-F,20221231,Y
1787518,DFNS,BRILLIANT ACQUISITION CORP,6770,4-NON,10-Q,20230331,Y
1787740,VBIO,"TIVIC HEALTH SYSTEMS, INC.",3845,4-NON,10-Q,20230331,Y
1787803,WNW,MEIWU TECHNOLOGY CO LTD,5961,4-NON,20-F,20221231,Y
1788028,JSPR,"JASPER THERAPEUTICS, INC.",2836,4-NON,10-Q,20230331,Y
1788257,BWMX,"BETTERWARE DE MEXICO, S.A.P.I. DE C.V",5961,2-ACC,20-F,20221231,Y
1788841,MCOM,MICROMOBILITY.COM INC.,7389,4-NON,10-Q,20230331,Y
1788882,ROOT,"ROOT, INC.",6331,2-ACC,10-Q,20230331,Y
1788999,XPER,XPERI INC.,7372,4-NON,10-Q,20230331,Y
1789029,AEVA,"AEVA TECHNOLOGIES, INC.",3714,4-NON,10-Q,20230331,Y
1789192,NXTS,"SAVE FOODS, INC.",2870,4-NON,10-Q,20230331,Y
1789330,,"MJ HARVEST, INC.",3523,4-NON,10-Q,20230228,N
1789769,TIL,"INSTIL BIO, INC.",2836,4-NON,10-Q,20230331,Y
1789832,HESM,HESS MIDSTREAM LP,1311,1-LAF,10-Q,20230331,Y
1789940,FWRG,"FIRST WATCH RESTAURANT GROUP, INC.",5812,2-ACC,10-Q,20230331,Y
1789972,CGEM,"CULLINAN ONCOLOGY, INC.",2836,4-NON,10-Q,20230331,Y
1790169,ZSTK,FLORA GROWTH CORP.,2834,4-NON,10-Q,20230331,Y
1790340,IMRX,IMMUNEERING CORP,2834,4-NON,10-Q,20230331,Y
1790625,,"AGILETHOUGHT, INC.",8742,2-ACC,10-Q,20230331,N
1790982,,ARCONIC CORP,3350,1-LAF,10-Q,20230331,N
1791706,LI,LI AUTO INC.,3711,1-LAF,20-F,20221231,Y
1792044,VTRS,VIATRIS INC,2834,1-LAF,10-Q,20230331,Y
1792267,BNR,BURNING ROCK BIOTECH LTD,8071,2-ACC,20-F,20221231,Y
1792509,,TRIPLEPOINT PRIVATE VENTURE CREDIT INC.,,4-NON,10-Q,20230331,N
1792580,OVV,OVINTIV INC.,1311,1-LAF,10-Q,20230331,Y
1792581,,"KIROMIC BIOPHARMA, INC.",2836,4-NON,10-K,20221231,N
1792781,CURV,TORRID HOLDINGS INC.,5600,4-NON,10-Q,20230430,Y
1792789,DASH,"DOORDASH, INC.",7389,1-LAF,10-Q,20230331,Y
1792829,,VASTA PLATFORM LTD,8200,2-ACC,20-F,20221231,N
1792849,HPK,"HIGHPEAK ENERGY, INC.",1381,2-ACC,10-Q,20230331,Y
1792941,GNVR,GENVOR INC,0100,4-NON,10-Q,20221231,Y
1793229,CTEV,MULTIPLAN CORP,7389,1-LAF,10-Q,20230331,Y
1793497,UVIX,VS TRUST,6221,4-NON,10-Q,20230331,Y
1793659,RSI,"RUSH STREET INTERACTIVE, INC.",7990,2-ACC,10-Q,20230331,Y
1793862,,DADA NEXUS LTD,7370,1-LAF,20-F,20221231,N
1794276,ZHJD,YCQH AGRICULTURAL TECHNOLOGY CO. LTD,2870,4-NON,10-Q,20230331,Y
1794338,IGIC,INTERNATIONAL GENERAL INSURANCE HOLDINGS LTD.,6399,2-ACC,20-F,20221231,Y
1794350,YALA,YALLA GROUP LTD,7370,2-ACC,20-F,20221231,Y
1794515,GTM,ZOOMINFO TECHNOLOGIES INC.,7372,1-LAF,10-Q,20230331,Y
1794669,FOUR,"SHIFT4 PAYMENTS, INC.",7389,1-LAF,10-Q,20230331,Y
1794776,PSBD,PALMER SQUARE CAPITAL BDC INC.,,4-NON,10-Q,20230331,Y
1794783,SLQT,"SELECTQUOTE, INC.",6411,1-LAF,10-Q,20230331,Y
1794905,,"CYXTERA TECHNOLOGIES, INC.",7370,2-ACC,10-Q,20230331,N
1794942,SKFG,"STARK FOCUS GROUP, INC.",5130,4-NON,10-Q,20230331,Y
1795139,GTBIF,GREEN THUMB INDUSTRIES INC.,0100,1-LAF,10-Q,20230331,Y
1795250,SPHR,SPHERE ENTERTAINMENT CO.,7900,1-LAF,10-Q,20230331,Y
1795251,NNOX,NANO-X IMAGING LTD.,3844,2-ACC,20-F,20221231,Y
1795579,,CALLIDITAS THERAPEUTICS AB,2834,2-ACC,20-F,20221231,N
1795589,KC,KINGSOFT CLOUD HOLDINGS LTD,7372,1-LAF,20-F,20221231,Y
1795815,BCAL,SOUTHERN CALIFORNIA BANCORP  CA,6021,4-NON,10-Q,20230331,Y
1795938,,CREATIONS INC,6199,4-NON,10-K,20221231,N
1796022,STEP,STEPSTONE GROUP INC.,6282,1-LAF,10-K,20230331,Y
1796129,,"VINCERX PHARMA, INC.",2834,4-NON,10-Q,20230331,N
1796160,,QMIS TBS CAPITAL GROUP CORP.,6211,4-NON,10-K,20221231,N
1796209,APG,API GROUP CORP,1700,1-LAF,10-Q,20230331,Y
1796280,ORIC,"ORIC PHARMACEUTICALS, INC.",2834,4-NON,10-Q,20230331,Y
1796949,GFLT,"HEALTHCARE BUSINESS RESOURCES, INC.",8742,4-NON,10-K,20230228,Y
1797762,,"KENONGWO GROUP US, INC.",2870,4-NON,10-K,20221231,N
1797768,,KINNATE BIOPHARMA INC.,2834,4-NON,10-Q,20230331,N
1798100,NTST,NETSTREIT CORP.,6798,1-LAF,10-Q,20230331,Y
1798270,,ASSURE HOLDINGS CORP.,3841,4-NON,10-Q,20230331,N
1798458,,"CARRIAGE HOUSE EVENT CENTER, INC.",7200,4-NON,10-Q,20230331,N
1798562,TMC,TMC THE METALS CO INC.,1000,4-NON,10-Q,20230331,Y
1798749,JBIO,"AEROVATE THERAPEUTICS, INC.",2834,4-NON,10-Q,20230331,Y
1799011,LUCD,LUCID DIAGNOSTICS INC.,3841,4-NON,10-Q,20230331,Y
1799191,TOI,"ONCOLOGY INSTITUTE, INC.",8011,2-ACC,10-Q,20230331,Y
1799208,,"DUN & BRADSTREET HOLDINGS, INC.",7320,1-LAF,10-Q,20230331,N
1799290,EBON,EBANG INTERNATIONAL HOLDINGS INC.,3674,4-NON,20-F,20221231,Y
1799332,,GAN LTD,7370,4-NON,10-K,20221231,N
1799448,ALGS,"ALIGOS THERAPEUTICS, INC.",2836,4-NON,10-Q,20230331,Y
1799788,GLSI,"GREENWICH LIFESCIENCES, INC.",2834,4-NON,10-Q,20230331,Y
1799983,,GLOBAL BLUE GROUP HOLDING AG,7374,2-ACC,20-F,20230331,N
1800227,PPLI,IAC INC.,7370,1-LAF,10-Q,20230331,Y
1800315,DMRA,"GALECTO, INC.",2834,4-NON,10-Q,20230331,Y
1800347,,"E2OPEN PARENT HOLDINGS, INC.",7374,1-LAF,10-K,20230228,N
1800373,GWLL,"GOLDENWELL BIOTECH, INC.",2000,4-NON,10-K,20221231,Y
1800392,MLGO,MICROALGO INC.,7371,4-NON,10-Q,20230331,Y
1800667,FROG,JFROG LTD,7372,1-LAF,10-Q,20230331,Y
1800682,,"CANO HEALTH, INC.",8011,1-LAF,10-Q,20230331,N
1801169,OPEN,OPENDOOR TECHNOLOGIES INC.,6531,1-LAF,10-Q,20230331,Y
1801170,CLOV,"CLOVER HEALTH INVESTMENTS, CORP. /DE",6324,1-LAF,10-Q,20230331,Y
1801368,MP,MP MATERIALS CORP. / DE,1000,1-LAF,10-Q,20230331,Y
1801417,BYNO,BYNORDIC ACQUISITION CORP,6770,4-NON,10-K,20221231,Y
1801602,SBIG,"SPRINGBIG HOLDINGS, INC.",7371,4-NON,10-Q,20230331,Y
1801661,FIRY,SKILLZ INC.,7374,2-ACC,10-Q,20230331,Y
1801777,,APPLIED MOLECULAR TRANSPORT INC.,2834,4-NON,10-Q,20230331,N
1802156,XPOF,"XPONENTIAL FITNESS, INC.",7990,2-ACC,10-Q,20230331,Y
1802457,,"ORIGIN MATERIALS, INC.",2860,1-LAF,10-Q,20230331,N
1802546,,"KONA GOLD BEVERAGE, INC.",2080,4-NON,10-Q,20230331,N
1802665,HRMY,"HARMONY BIOSCIENCES HOLDINGS, INC.",2834,1-LAF,10-Q,20230331,Y
1802749,,"LIGHTNING EMOTORS, INC.",3711,4-NON,10-Q,20230331,N
1802768,RPRX,ROYALTY PHARMA PLC,2834,1-LAF,10-Q,20230331,Y
1802883,API,"AGORA, INC.",7372,1-LAF,20-F,20221231,Y
1802974,AVO,"MISSION PRODUCE, INC.",0700,1-LAF,10-Q,20230430,Y
1803096,STRG,"STARGUIDE GROUP, INC.",5190,4-NON,10-K,20230131,Y
1803112,,TDCX INC.,7373,2-ACC,20-F,20221231,N
1803498,,BLACKSTONE PRIVATE CREDIT FUND,,4-NON,10-Q,20230331,N
1803599,CNXC,CONCENTRIX CORP,7389,1-LAF,10-Q,20230228,Y
1803696,ADEA,ADEIA INC.,4841,1-LAF,10-Q,20230331,Y
1803737,,"ENHABIT, INC.",8082,4-NON,10-K,20221231,N
1803901,TALK,"TALKSPACE, INC.",8000,2-ACC,10-Q,20230331,Y
1803914,PLBY,"PLBY GROUP, INC.",5900,2-ACC,10-Q,20230331,Y
1803977,LIMX,LIMITLESS X HOLDINGS INC.,7990,4-NON,10-K,20221231,Y
1804176,BFLY,"BUTTERFLY NETWORK, INC.",3844,4-NON,10-Q,20230331,Y
1804469,GFAI,"GUARDFORCE AI CO., LTD.",7381,4-NON,20-F,20221231,Y
1804591,,23ANDME HOLDING CO.,2834,1-LAF,10-K,20230331,N
1804745,DRVN,DRIVEN BRANDS HOLDINGS INC.,7500,1-LAF,10-Q,20230331,Y
1805012,,VITRU LTD,8200,2-ACC,20-F,20221231,N
1805077,EOSE,"EOS ENERGY ENTERPRISES, INC.",3690,4-NON,10-Q,20230331,Y
1805087,,"GELESIS HOLDINGS, INC.",2834,4-NON,10-Q,20230331,N
1805284,RKT,"ROCKET COMPANIES, INC.",6162,1-LAF,10-Q,20230331,Y
1805385,EVLV,"EVOLV TECHNOLOGIES HOLDINGS, INC.",3577,4-NON,10-Q,20230331,Y
1805387,,"CEREVEL THERAPEUTICS HOLDINGS, INC.",2834,1-LAF,10-Q,20230331,N
1805521,FFAI,FARADAY FUTURE INTELLIGENT ELECTRIC INC.,3711,4-NON,10-Q,20230331,Y
1805594,JWEL,JOWELL GLOBAL LTD.,5960,4-NON,20-F,20221231,Y
1805651,MKTW,"MARKETWISE, INC.",7372,4-NON,10-Q,20230331,Y
1805833,SST,"SYSTEM1, INC.",7370,2-ACC,10-K,20221231,Y
1805890,,FUSION PHARMACEUTICALS INC.,2836,4-NON,10-Q,20230331,N
1806201,LPRO,OPEN LENDING CORP,6141,1-LAF,10-Q,20230331,Y
1806310,TSHA,"TAYSHA GENE THERAPIES, INC.",2836,4-NON,10-Q,20230331,Y
1806347,WEST,WESTROCK COFFEE CO,2080,4-NON,10-Q,20230331,Y
1806524,LGHL,LION GROUP HOLDING LTD,6211,4-NON,20-F,20221231,Y
1806837,VERX,"VERTEX, INC.",7372,2-ACC,10-Q,20230331,Y
1806952,LYEL,"LYELL IMMUNOPHARMA, INC.",2834,1-LAF,10-Q,20230331,Y
1807046,OZ,"BELPOINTE PREP, LLC",6500,4-NON,10-Q,20230331,Y
1807120,DSGN,"DESIGN THERAPEUTICS, INC.",2834,4-NON,10-Q,20230331,Y
1807166,AMST,AMESITE INC.,7372,4-NON,10-Q,20230331,Y
1807192,,CHINDATA GROUP HOLDINGS LTD,7370,1-LAF,20-F,20221231,N
1807427,,OWL ROCK CAPITAL CORP III,,4-NON,10-Q,20230331,N
1807594,,MALACCA STRAITS ACQUISITION CO LTD,3711,4-NON,10-Q,20230331,N
1807616,HIGR,HI-GREAT GROUP HOLDING CO,7011,4-NON,10-K,20221231,Y
1807707,,"APPHARVEST, INC.",0100,4-NON,10-Q,20230331,N
1807765,PMVC,PMV CONSUMER ACQUISITION CORP.,6770,4-NON,10-Q,20230331,Y
1807794,CRDO,CREDO TECHNOLOGY GROUP HOLDING LTD,3674,1-LAF,10-K,20230430,Y
1807846,,MONEYLION INC.,6199,2-ACC,10-Q,20230331,N
1807887,LASE,LASER PHOTONICS CORP,3690,4-NON,10-K,20221231,Y
1807893,SPFX,"STANDARD PREMIUM FINANCE HOLDINGS, INC.",6159,4-NON,10-Q,20230331,Y
1807983,MDNAF,MEDICENNA THERAPEUTICS CORP.,2834,4-NON,20-F,20230331,Y
1808158,,REPARE THERAPEUTICS INC.,2834,4-NON,10-Q,20230331,N
1808220,,"GOHEALTH, INC.",6411,4-NON,10-Q,20230331,N
1808377,LUCY,INNOVATIVE EYEWEAR INC,3851,4-NON,10-Q,20230331,Y
1808665,,"ASSERTIO HOLDINGS, INC.",2834,2-ACC,10-Q,20230331,N
1808805,NAUT,"NAUTILUS BIOTECHNOLOGY, INC.",3826,4-NON,10-Q,20230331,Y
1808834,PRG,"PROG HOLDINGS, INC.",7359,1-LAF,10-Q,20230331,Y
1808865,,"ITEOS THERAPEUTICS, INC.",2836,2-ACC,10-Q,20230331,N
1808898,BNTC,BENITEC BIOPHARMA INC.,2834,4-NON,10-Q,20230331,Y
1808997,AOUT,"AMERICAN OUTDOOR BRANDS, INC.",3949,2-ACC,10-K,20230430,Y
1809104,ALIT,"ALIGHT, INC. / DELAWARE",7389,1-LAF,10-Q,20230331,Y
1809122,,CUREVAC N.V.,2834,1-LAF,20-F,20221231,N
1809158,,KUKE MUSIC HOLDING LTD,8200,4-NON,20-F,20221231,N
1809519,GDRX,"GOODRX HOLDINGS, INC.",7374,2-ACC,10-Q,20230331,Y
1809587,BEKE,KE HOLDINGS INC.,6531,1-LAF,20-F,20221231,Y
1809750,EDBL,EDIBLE GARDEN AG INC,0100,4-NON,10-Q,20230331,Y
1809987,MIR,"MIRION TECHNOLOGIES, INC.",3829,1-LAF,10-Q,20230331,Y
1810019,RXT,"RACKSPACE TECHNOLOGY, INC.",7370,2-ACC,10-Q,20230331,Y
1810031,,FREELINE THERAPEUTICS HOLDINGS PLC,2836,4-NON,20-F,20221231,N
1810182,ALXO,ALX ONCOLOGY HOLDINGS INC,2834,4-NON,10-Q,20230331,Y
1810467,SNTG,SENTAGE HOLDINGS INC.,6199,4-NON,20-F,20221231,Y
1810546,EBC,"EASTERN BANKSHARES, INC.",6035,1-LAF,10-Q,20230331,Y
1810560,REVB,"REVELATION BIOSCIENCES, INC.",2834,4-NON,10-Q,20230331,Y
1810739,,"RADIUS GLOBAL INFRASTRUCTURE, INC.",6519,1-LAF,10-Q,20230331,N
1810806,U,UNITY SOFTWARE INC.,7372,1-LAF,10-Q,20230331,Y
1810997,XPEV,XPENG INC.,3711,1-LAF,20-F,20221231,Y
1811063,NUVB,NUVATION BIO INC.,2834,1-LAF,10-Q,20230331,Y
1811074,TPL,TEXAS PACIFIC LAND CORP,6792,1-LAF,10-Q,20230331,Y
1811109,,"APPLIED UV, INC.",3640,4-NON,10-Q,20230331,N
1811210,LCID,"LUCID GROUP, INC.",3711,1-LAF,10-Q,20230331,Y
1811216,BAOS,BAOSHENG MEDIA GROUP HOLDINGS LTD,7389,4-NON,20-F,20221231,Y
1811414,QS,QUANTUMSCAPE CORP,3690,1-LAF,10-Q,20230331,Y
1811530,NXMH,"NEXT MEATS HOLDINGS, INC.",2000,4-NON,10-Q,20230131,Y
1811623,,"PAXMEDICA, INC.",2834,4-NON,10-Q,20230331,N
1811764,,POINT BIOPHARMA GLOBAL INC.,2834,4-NON,10-Q,20230331,N
1811856,,"VIEW, INC.",3211,4-NON,10-Q,20230331,N
1811972,,BARINGS CAPITAL INVESTMENT CORP,,4-NON,10-Q,20230331,N
1811999,FMHS,"FARMHOUSE, INC. /NV",7370,4-NON,10-K,20221231,Y
1812173,RBOT,VICARIOUS SURGICAL INC.,3842,4-NON,10-Q,20230331,Y
1812234,,CHURCHILL CAPITAL CORP V,6770,4-NON,10-K,20221231,N
1812360,FOXO,FOXO TECHNOLOGIES INC.,6311,4-NON,10-Q,20230331,Y
1812364,RLAY,"RELAY THERAPEUTICS, INC.",2836,1-LAF,10-Q,20230331,Y
1812554,,OWL ROCK CORE INCOME CORP.,,4-NON,10-Q,20230331,N
1812727,EZRA,"RELIANCE GLOBAL GROUP, INC.",6411,4-NON,10-Q,20230331,Y
1813452,PLNH,PLANET 13 HOLDINGS INC.,0100,4-NON,10-Q,20230331,Y
1813603,HSTA,HESTIA INSIGHT INC.,8742,4-NON,10-Q,20230228,Y
1813658,,"TEMPO AUTOMATION HOLDINGS, INC.",3672,4-NON,10-K,20221231,N
1813744,WDSP,"WORLD SCAN PROJECT, INC.",5045,4-NON,10-Q,20230430,Y
1813756,,WEWORK INC.,6512,2-ACC,10-Q,20230331,N
1813814,DFTX,MIND MEDICINE (MINDMED) INC.,2833,4-NON,10-Q,20230331,Y
1813914,,"CAREMAX, INC.",8050,2-ACC,10-Q,20230331,N
1814067,LXEH,LIXIANG EDUCATION HOLDING CO. LTD.,8200,4-NON,20-F,20221231,Y
1814114,OBIO,"ORCHESTRA BIOMED HOLDINGS, INC.",3841,4-NON,10-Q,20230331,Y
1814140,,"APEXIGEN, INC.",2834,4-NON,10-Q,20230331,N
1814215,BURU,"NUBURU, INC.",3690,4-NON,10-Q,20230331,Y
1814287,ABX,EAST RESOURCES ACQUISITION CO,6282,4-NON,10-K,20221231,Y
1814329,,"ASTRA SPACE, INC.",4700,4-NON,10-Q,20230331,N
1814423,IH,IHUMAN INC.,8200,4-NON,20-F,20221231,Y
1814963,ILAG,INTELLIGENT LIVING APPLICATION GROUP INC.,2540,4-NON,20-F,20221231,Y
1814974,BBXIB,"BBX CAPITAL, INC.",5400,2-ACC,10-Q,20230331,Y
1815086,,BRIDGETOWN HOLDINGS LTD,6770,4-NON,10-Q,20230331,N
1815442,KYMR,"KYMERA THERAPEUTICS, INC.",2836,1-LAF,10-Q,20230331,Y
1815566,IFBD,"INFOBIRD CO., LTD",7372,4-NON,20-F,20221231,Y
1815632,TGCB,"TEGO CYBER, INC.",7370,4-NON,10-Q,20221231,Y
1815753,,THUNDER BRIDGE CAPITAL PARTNERS III INC.,6770,4-NON,10-Q,20230331,N
1815776,LENZ,"GRAPHITE BIO, INC.",2836,4-NON,10-Q,20230331,Y
1815849,,"ATI PHYSICAL THERAPY, INC.",8050,2-ACC,10-Q,20230331,N
1815903,PTPI,"PETROS PHARMACEUTICALS, INC.",2834,4-NON,10-Q,20230331,Y
1815974,ANEB,"ANEBULO PHARMACEUTICALS, INC.",2834,4-NON,10-Q,20230331,Y
1816007,LU,LUFAX HOLDING LTD,6199,1-LAF,20-F,20221231,Y
1816017,SPIR,"SPIRE GLOBAL, INC.",4899,4-NON,10-Q,20230331,Y
1816233,,"SHARECARE, INC.",8000,2-ACC,10-Q,20230331,N
1816431,QSI,QUANTUM-SI INC,3829,4-NON,10-Q,20230331,Y
1816554,EVTK,EVENTIKO INC.,7990,4-NON,10-K,20230430,Y
1816581,OUST,"OUSTER, INC.",3569,4-NON,10-Q,20230331,Y
1816590,CMPS,COMPASS PATHWAYS PLC,2834,4-NON,10-Q,20230331,Y
1816613,,MARKFORGED HOLDING CORP,3577,4-NON,10-Q,20230331,N
1816708,OWLT,"OWLET, INC.",3829,4-NON,10-K,20221231,Y
1816723,,GRAPHEX GROUP LTD,3620,4-NON,20-F,20221231,N
1816736,IRON,"DISC MEDICINE, INC.",2834,4-NON,10-Q,20230331,Y
1816906,,"GAMING TECHNOLOGIES, INC.",7372,4-NON,10-K,20221231,N
1817004,NXXT,EZFILL HOLDINGS INC,5500,4-NON,10-Q,20230331,Y
1817153,,EDTECHX HOLDINGS ACQUISITION CORP. II,6770,4-NON,10-Q,20230331,N
1817218,,CONVEXITYSHARES TRUST,6221,4-NON,10-Q,20230331,N
1817229,VOR,VOR BIOPHARMA INC.,2836,4-NON,10-Q,20230331,Y
1817232,HGAS,DUNE ACQUISITION CORP,6211,4-NON,10-K,20221231,Y
1817358,ASO,"ACADEMY SPORTS & OUTDOORS, INC.",5940,1-LAF,10-Q,20230430,Y
1817511,SOPAQ,SOCIETY PASS INCORPORATED.,7389,4-NON,10-Q,20230331,Y
1817640,,BREEZE HOLDINGS ACQUISITION CORP.,6770,4-NON,10-Q,20230331,N
1817713,JANX,"JANUX THERAPEUTICS, INC.",2834,4-NON,10-Q,20230331,Y
1817760,SMTK,"SMARTKEM, INC.",3674,4-NON,10-Q,20230331,Y
1817825,,STEELE CREEK CAPITAL CORP,,4-NON,10-Q,20230331,N
1817868,,JUPITER ACQUISITION CORP,6770,4-NON,10-Q,20230331,N
1818089,,BLUESCAPE OPPORTUNITIES ACQUISITION CORP.,6770,4-NON,10-Q,20230331,N
1818093,SKIN,BEAUTY HEALTH CO,3841,1-LAF,10-Q,20230331,Y
1818152,,"ZENTRUM HOLDINGS, INC.",4899,4-NON,10-Q,20230331,N
1818201,CCC,CCC INTELLIGENT SOLUTIONS HOLDINGS INC.,7372,1-LAF,10-Q,20230331,Y
1818331,WGS,GENEDX HOLDINGS CORP.,8000,2-ACC,10-Q,20230331,Y
1818382,HUMA,"HUMACYTE, INC.",2836,4-NON,10-Q,20230331,Y
1818383,MAX,"MEDIAALPHA, INC.",7389,2-ACC,10-Q,20230331,Y
1818502,OPFI,OPPFI INC.,6199,4-NON,10-Q,20230331,Y
1818550,,INCORDEX CORP.,7200,4-NON,10-K,20220630,N
1818605,,DISTOKEN ACQUISITION CORP,6770,4-NON,10-K,20221231,N
1818644,LIDR,"AEYE, INC.",3714,4-NON,10-Q,20230331,Y
1818674,,SYBLEU INC,2834,4-NON,10-Q,20230331,N
1818794,DYN,"DYNE THERAPEUTICS, INC.",2834,4-NON,10-Q,20230331,Y
1818838,ADAG,ADAGENE INC.,2834,2-ACC,20-F,20221231,Y
1818844,DWTX,"VIRIOS THERAPEUTICS, INC.",2834,4-NON,10-Q,20230331,Y
1818874,SOFI,"SOFI TECHNOLOGIES, INC.",6199,1-LAF,10-Q,20230331,Y
1819074,,PARCELPAL LOGISTICS INC.,4210,4-NON,20-F,20221231,N
1819113,,"SCIENCE 37 HOLDINGS, INC.",8731,4-NON,10-Q,20230331,N
1819133,TNGX,"TANGO THERAPEUTICS, INC.",2834,4-NON,10-Q,20230331,Y
1819142,SES,SES AI CORP,3690,1-LAF,10-Q,20230331,Y
1819175,PRIAF,PRIME IMPACT ACQUISITION I,6770,4-NON,10-Q,20230331,Y
1819253,BTMD,BIOTE CORP.,2833,4-NON,10-Q,20230331,Y
1819394,,"MATTERPORT, INC./DE",7372,1-LAF,10-Q,20230331,N
1819395,,SONDER HOLDINGS INC.,7000,2-ACC,10-Q,20230331,N
1819404,NRDY,NERDY INC.,8200,2-ACC,10-Q,20230331,Y
1819411,GANX,"GAIN THERAPEUTICS, INC.",2834,4-NON,10-Q,20230331,Y
1819438,GWH,"ESS TECH, INC.",3690,4-NON,10-Q,20230331,Y
1819493,XOS,"XOS, INC.",3714,4-NON,10-Q,20230331,Y
1819498,,TWELVE SEAS INVESTMENT CO. II,6770,4-NON,10-Q,20230331,N
1819516,UP,WHEELS UP EXPERIENCE INC.,4522,2-ACC,10-Q,20230331,Y
1819574,BARK,"BARK, INC.",5990,2-ACC,10-K,20230331,Y
1819576,LQDA,LIQUIDIA CORP,2834,4-NON,10-Q,20230331,Y
1819580,YSG,YATSEN HOLDING LTD,2844,1-LAF,20-F,20221231,Y
1819615,,CLEVER LEAVES HOLDINGS INC.,2834,4-NON,10-Q,20230331,N
1819704,MRM,MEDIROM HEALTHCARE TECHNOLOGIES INC.,7200,4-NON,20-F,20221231,Y
1819790,TARS,"TARSUS PHARMACEUTICALS, INC.",2836,4-NON,10-Q,20230331,Y
1819794,HTOO,FUSION FUEL GREEN PLC,3620,4-NON,20-F,20221231,Y
1819796,GCMG,GCM GROSVENOR INC.,6282,2-ACC,10-Q,20230331,Y
1819810,RDW,REDWIRE CORP,3760,4-NON,10-Q,20230331,Y
1819848,JOBY,"JOBY AVIATION, INC.",3721,1-LAF,10-Q,20230331,Y
1819928,DV,"DOUBLEVERIFY HOLDINGS, INC.",7370,1-LAF,10-Q,20230331,Y
1819974,SKYT,"SKYWATER TECHNOLOGY, INC",3674,4-NON,10-Q,20230331,Y
1819989,CIFR,CIPHER MINING INC.,6199,4-NON,10-Q,20230331,Y
1819994,RKLB,"ROCKET LAB USA, INC.",3760,1-LAF,10-Q,20230331,Y
1820144,GRND,GRINDR INC.,7370,4-NON,10-Q,20230331,Y
1820175,,OCA ACQUISITION CORP.,6770,4-NON,10-Q,20230331,N
1820190,SCLX,SCILEX HOLDING CO,2836,4-NON,10-Q,20230331,Y
1820302,BKKT,"BAKKT HOLDINGS, INC.",6199,4-NON,10-Q,20230331,Y
1820566,,INSPIRATO INC,6770,2-ACC,10-Q,20230331,N
1820630,,PROTERRA INC,3711,1-LAF,10-Q,20230331,N
1820721,ARRY,"ARRAY TECHNOLOGIES, INC.",3990,1-LAF,10-Q,20230331,Y
1820872,GBTG,"GLOBAL BUSINESS TRAVEL GROUP, INC.",4700,4-NON,10-Q,20230331,Y
1820875,CXAI,CXAPP INC.,7372,4-NON,10-Q,20230331,Y
1820877,,APARTMENT INCOME REIT CORP.,6798,1-LAF,10-Q,20230331,N
1820953,AFRM,"AFFIRM HOLDINGS, INC.",6141,1-LAF,10-Q,20230331,Y
1821146,,BETTER WORLD ACQUISITION CORP.,2080,4-NON,10-Q,20230331,N
1821159,EVGO,EVGO INC.,7500,4-NON,10-Q,20230331,Y
1821160,,GUILD HOLDINGS CO,6162,2-ACC,10-Q,20230331,N
1821175,MSGM,MOTORSPORT GAMES INC.,7372,4-NON,10-Q,20230331,Y
1821323,,"SIGILON THERAPEUTICS, INC.",2834,4-NON,10-Q,20230331,N
1821329,,CC NEUBERGER PRINCIPAL HOLDINGS III,6770,4-NON,10-Q,20230331,N
1821349,,NEOGAMES S.A.,7900,2-ACC,20-F,20221231,N
1821393,,"AARON'S COMPANY, INC.",7359,2-ACC,10-Q,20230331,N
1821424,UK,UCOMMUNE INTERNATIONAL LTD,7389,4-NON,20-F,20221231,Y
1821468,YQ,17 EDUCATION & TECHNOLOGY GROUP INC.,8200,2-ACC,20-F,20221231,Y
1821586,MLTX,MOONLAKE IMMUNOTHERAPEUTICS,2834,4-NON,10-Q,20230331,Y
1821606,,TASTEMAKER ACQUISITION CORP.,6770,4-NON,10-Q,20230331,N
1821769,NVTS,NAVITAS SEMICONDUCTOR CORP,3674,4-NON,10-K,20221231,Y
1821788,,HORIZON ACQUISITION CORP II,6770,4-NON,10-K,20221231,N
1821806,LESL,"LESLIE'S, INC.",5990,1-LAF,10-Q,20230331,Y
1821812,,STRATIM CLOUD ACQUISITION CORP.,6770,4-NON,10-Q,20230331,N
1821825,OGN,ORGANON & CO.,2834,1-LAF,10-Q,20230331,Y
1821850,,SUNLIGHT FINANCIAL HOLDINGS INC.,6199,2-ACC,10-K,20221231,N
1822145,,PRESTO AUTOMATION INC.,7372,4-NON,10-Q,20230331,N
1822250,,CONTEXTLOGIC INC.,5961,1-LAF,10-Q,20230331,N
1822359,DCGO,DOCGO INC.,8000,2-ACC,10-Q,20230331,Y
1822366,,ALTITUDE ACQUISITION CORP.,6770,4-NON,10-Q,20230331,N
1822372,,STREETEX CORP.,7310,4-NON,10-Q,20230331,N
1822462,FHTX,FOGHORN THERAPEUTICS INC.,2834,4-NON,10-Q,20230331,Y
1822479,SHC,SOTERA HEALTH CO,8090,1-LAF,10-Q,20230331,Y
1822492,HLMN,HILLMAN SOLUTIONS CORP.,3420,1-LAF,10-Q,20230331,Y
1822523,AFCG,"AFC GAMMA, INC.",6500,4-NON,10-Q,20230331,Y
1822691,,"GREENLIGHT BIOSCIENCES HOLDINGS, PBC",2836,4-NON,10-Q,20230331,N
1822711,,"PARDES BIOSCIENCES, INC.",2834,4-NON,10-Q,20230331,N
1822791,CLNN,CLENE INC.,2834,4-NON,10-Q,20230331,Y
1822792,,GOLDENBRIDGE ACQUISITION LTD,6770,4-NON,10-Q,20230331,N
1822829,,OZON HOLDINGS PLC,5961,4-NON,20-F,20221231,N
1822886,,HHG CAPITAL CORP,6770,4-NON,10-K,20221231,N
1822912,,26 CAPITAL ACQUISITION CORP.,6770,4-NON,10-K,20221231,N
1822928,HLLY,HOLLEY INC.,3714,2-ACC,10-Q,20230331,Y
1822929,,EUCRATES BIOMEDICAL ACQUISITION CORP.,6770,4-NON,10-K,20221231,N
1822966,SMR,NUSCALE POWER CORP,3443,2-ACC,10-Q,20230331,Y
1822993,JXN,JACKSON FINANCIAL INC.,6311,1-LAF,10-Q,20230331,Y
1823000,,CONX CORP.,6770,1-LAF,10-Q,20230331,N
1823086,,KINGSWOOD ACQUISITION CORP.,6770,4-NON,10-K,20221231,N
1823144,GPGI,"COMPOSECURE, INC.",6199,4-NON,10-Q,20230331,Y
1823239,MRVI,"MARAVAI LIFESCIENCES HOLDINGS, INC.",2834,1-LAF,10-Q,20230331,Y
1823306,LSPD,LIGHTSPEED COMMERCE INC.,7372,,40-F,20230331,Y
1823365,GBNY,"GENERATIONS BANCORP NY, INC.",6035,4-NON,10-Q,20230331,Y
1823406,AFBI,"AFFINITY BANCSHARES, INC.",6036,4-NON,10-Q,20230331,Y
1823466,NOTE,"FISCALNOTE HOLDINGS, INC.",7389,4-NON,10-Q,20230331,Y
1823529,ACT,"ENACT HOLDINGS, INC.",6411,2-ACC,10-Q,20230331,Y
1823575,,"ZEROFOX HOLDINGS, INC.",7389,4-NON,10-Q,20230430,N
1823584,AENT,ALLIANCE ENTERTAINMENT HOLDING CORP,5099,4-NON,10-Q,20230331,Y
1823587,SKYH,SKY HARBOUR GROUP CORP,6500,4-NON,10-Q,20230331,Y
1823608,AMAL,AMALGAMATED FINANCIAL CORP.,6022,2-ACC,10-Q,20230331,Y
1823652,EVEX,"EVE HOLDING, INC.",3721,2-ACC,10-Q,20230331,Y
1823794,ARKO,ARKO CORP.,5412,1-LAF,10-Q,20230331,Y
1823826,,AEQUI ACQUISITION CORP.,6770,4-NON,10-Q,20230331,N
1823854,,SENIOR CONNECT ACQUISITION CORP. I,6770,4-NON,10-K,20221231,N
1823878,MYPS,"PLAYSTUDIOS, INC.",7372,2-ACC,10-Q,20230331,Y
1823882,,AIRSPAN NETWORKS HOLDINGS INC.,3663,2-ACC,10-Q,20230331,N
1823896,,GOLDEN FALCON ACQUISITION CORP.,6770,4-NON,10-Q,20230331,N
1823945,OWL,BLUE OWL CAPITAL INC.,6282,1-LAF,10-Q,20230331,Y
1823986,WDH,WATERDROP INC.,6411,2-ACC,20-F,20221231,Y
1824036,,IDEX BIOMETRICS ASA,7373,2-ACC,20-F,20221231,N
1824153,,LEO HOLDINGS CORP. II,3663,4-NON,10-Q,20230331,N
1824185,,HH&L ACQUISITION CO.,8071,4-NON,10-Q,20230331,N
1824293,GRI,"GRI BIO, INC.",2834,4-NON,10-Q,20230331,Y
1824403,RSVR,"RESERVOIR MEDIA, INC.",7900,2-ACC,10-K,20230331,Y
1824502,ACHR,ARCHER AVIATION INC.,3721,4-NON,10-Q,20230331,Y
1824734,,"BERKSHIRE GREY, INC.",3569,4-NON,10-Q,20230331,N
1824814,CGNT,COGNYTE SOFTWARE LTD.,7372,2-ACC,20-F,20230131,Y
1824884,,EDOC ACQUISITION CORP.,2070,4-NON,10-Q,20230331,N
1824893,SRZN,"SURROZEN, INC./DE",2836,4-NON,10-Q,20230331,Y
1824920,IONQ,"IONQ, INC.",7373,4-NON,10-Q,20230331,Y
1825024,OPAD,OFFERPAD SOLUTIONS INC.,6531,2-ACC,10-Q,20230331,Y
1825079,VELO,"VELO3D, INC.",3559,4-NON,10-Q,20230331,Y
1825088,DFH,"DREAM FINDERS HOMES, INC.",1531,2-ACC,10-Q,20230331,Y
1825248,FRBP,FRANKLIN BSP CAPITAL CORP,,4-NON,10-Q,20230331,Y
1825249,,CF ACQUISITION CORP. IV,6770,4-NON,10-Q,20230331,N
1825265,,TCW DIRECT LENDING VIII LLC,,4-NON,10-Q,20230331,N
1825349,CHSN,CHANSON INTERNATIONAL HOLDING,2000,4-NON,20-F,20221231,Y
1825384,,STONE POINT CREDIT CORP,,4-NON,10-Q,20230331,N
1825452,ONFO,"ONFOLIO HOLDINGS, INC",7374,4-NON,10-K,20221231,Y
1825473,,PROSPECTOR CAPITAL CORP.,6770,4-NON,10-Q,20230331,N
1825570,PAX,PATRIA INVESTMENTS LTD,6282,1-LAF,20-F,20221231,Y
1825590,,SL INVESTMENT CORP.,,4-NON,10-Q,20230331,N
1825875,RAYA,ERAYAK POWER SOLUTION GROUP INC.,3621,4-NON,20-F,20221231,Y
1825962,,QUADRO ACQUISITION ONE CORP.,6770,4-NON,10-K,20221231,N
1826011,BNZI,7GC & CO. HOLDINGS INC.,6770,4-NON,10-Q,20230331,Y
1826018,,"ROVER GROUP, INC.",7200,2-ACC,10-Q,20230331,N
1826168,TIMB,TIM S.A.,4813,1-LAF,20-F,20221231,Y
1826286,VINP,VINCI PARTNERS INVESTMENTS LTD.,6282,2-ACC,20-F,20221231,Y
1826397,AVX,AGRIFORCE GROWING SYSTEMS LTD.,3448,4-NON,10-Q,20230331,Y
1826457,GLUE,"MONTE ROSA THERAPEUTICS, INC.",2836,4-NON,10-Q,20230331,Y
1826470,WOOF,"PETCO HEALTH & WELLNESS COMPANY, INC.",5990,1-LAF,10-Q,20230430,Y
1826492,,GRACELL BIOTECHNOLOGIES INC.,2834,2-ACC,20-F,20221231,N
1826600,MNTK,"MONTAUK RENEWABLES, INC.",4932,2-ACC,10-Q,20230331,Y
1826660,WETH,WETOUCH TECHNOLOGY INC.,3577,4-NON,10-K,20221231,Y
1826667,TLSI,MEDTECH ACQUISITION CORP,8071,4-NON,10-Q,20230331,Y
1826671,,"NEAR INTELLIGENCE, INC.",7374,4-NON,10-Q,20230331,N
1826681,PDYN,SARCOS TECHNOLOGY & ROBOTICS CORP,3569,4-NON,10-Q,20230331,Y
1826889,BODI,"BEACHBODY COMPANY, INC.",5960,2-ACC,10-Q,20230331,Y
1826892,BCAB,"BIOATLA, INC.",2836,4-NON,10-Q,20230331,Y
1827075,,CVENT HOLDING CORP.,7372,2-ACC,10-Q,20230331,N
1827087,,"VIGIL NEUROSCIENCE, INC.",2836,4-NON,10-Q,20230331,N
1827090,CERT,"CERTARA, INC.",7372,1-LAF,10-Q,20230331,Y
1827506,,"TALARIS THERAPEUTICS, INC.",2836,4-NON,10-Q,20230331,N
1827821,,"FORGE GLOBAL HOLDINGS, INC.",6200,1-LAF,10-Q,20230331,N
1827855,,MEDICALE CORP.,8000,4-NON,10-Q,20230331,N
1827871,,TLG ACQUISITION ONE CORP.,3690,4-NON,10-Q,20230331,N
1827899,CPTKW,CROWN PROPTECH ACQUISITIONS,5072,4-NON,10-K,20221231,Y
1827980,,"EMBARK TECHNOLOGY, INC.",7373,4-NON,10-Q,20230331,N
1828016,PLTK,PLAYTIKA HOLDING CORP.,7374,1-LAF,10-Q,20230331,Y
1828098,STKH,STEAKHOLDER FOODS LTD.,2000,4-NON,20-F,20221231,Y
1828102,KARO,KAROOOOO LTD.,7372,2-ACC,20-F,20230228,Y
1828105,HIPO,HIPPO HOLDINGS INC.,6331,4-NON,10-Q,20230331,Y
1828108,AUR,"AURORA INNOVATION, INC.",7373,2-ACC,10-Q,20230331,Y
1828161,FTCI,"FTC SOLAR, INC.",3674,4-NON,10-Q,20230331,Y
1828185,BRNS,VACCITECH PLC,2834,4-NON,10-Q,20230331,Y
1828248,,CHURCHILL CAPITAL CORP VII,6770,1-LAF,10-Q,20230331,N
1828250,,CHURCHILL CAPITAL CORP VI,6770,4-NON,10-K,20221231,N
1828253,EVAX,EVAXION BIOTECH A/S,2836,4-NON,20-F,20221231,Y
1828316,PHAR,PHARMING GROUP N.V.,2834,1-LAF,20-F,20221231,Y
1828318,ENVX,ENOVIX CORP,3690,1-LAF,10-Q,20230331,Y
1828365,RLX,RLX TECHNOLOGY INC.,2111,1-LAF,20-F,20221231,Y
1828376,,WILLIAM PENN BANCORPORATION,6036,4-NON,10-Q,20230331,N
1828377,FTCO,FORTITUDE GOLD CORP,1040,4-NON,10-Q,20230331,Y
1828522,,"EFFECTOR THERAPEUTICS, INC.",2834,4-NON,10-Q,20230331,N
1828536,NRGV,"ENERGY VAULT HOLDINGS, INC.",3690,4-NON,10-K,20221231,Y
1828588,HNVR,"HANOVER BANCORP, INC. /NY",6022,4-NON,10-Q,20230331,Y
1828608,,COMPUTE HEALTH ACQUISITION CORP.,6770,4-NON,10-K,20221231,N
1828613,,GLOBAL GOLD ROYALTY INC.,6795,4-NON,10-K,20221231,N
1828673,HCWB,HCW BIOLOGICS INC.,2834,4-NON,10-Q,20230331,Y
1828723,,"ALTUS POWER, INC.",4911,4-NON,10-Q,20230331,N
1828739,,AZZURRO SOLUTIONS CORP.,5099,4-NON,10-Q,20230331,N
1828748,ASFH,ASIAFIN HOLDINGS CORP.,7389,4-NON,10-Q,20230331,Y
1828791,DSP,VIANT TECHNOLOGY INC.,7370,4-NON,10-Q,20230331,Y
1828805,ALMU,"AELUMA, INC.",3674,4-NON,10-Q,20230331,Y
1828852,,"MONDEE HOLDINGS, INC.",4700,4-NON,10-K,20221231,N
1828937,FOA,FINANCE OF AMERICA COMPANIES INC.,6162,2-ACC,10-Q,20230331,Y
1828962,CRCT,"CRICUT, INC.",3559,2-ACC,10-Q,20230331,Y
1828972,BZFD,"BUZZFEED, INC.",4899,2-ACC,10-Q,20230331,Y
1829118,TUYA,TUYA INC.,7372,2-ACC,20-F,20221231,Y
1829247,BFRG,"BULLFROG AI HOLDINGS, INC.",2834,4-NON,10-K,20221231,Y
1829280,,FORIAN INC.,7374,4-NON,10-Q,20230331,N
1829311,BMNR,"BITMINE IMMERSION TECHNOLOGIES, INC.",6199,4-NON,10-Q,20230228,Y
1829322,,SIZZLE ACQUISITION CORP.,6770,4-NON,10-Q,20230331,N
1829432,,ARES ACQUISITION CORP,3443,1-LAF,10-Q,20230331,N
1829576,CARE,"CARTER BANKSHARES, INC.",6021,2-ACC,10-Q,20230331,Y
1829635,RNAZ,"TRANSCODE THERAPEUTICS, INC.",2834,4-NON,10-Q,20230331,Y
1829794,EMPD,"VOLCON, INC.",3711,4-NON,10-Q,20230331,Y
1829802,FTH,"SENSEI BIOTHERAPEUTICS, INC.",2834,4-NON,10-Q,20230331,Y
1829864,TASK,"TASKUS, INC.",7374,2-ACC,10-Q,20230331,Y
1829953,,CORNER GROWTH ACQUISITION CORP.,6770,4-NON,10-Q,20230331,N
1829966,,"EBET, INC.",7900,4-NON,10-Q,20230331,N
1830029,,ADIT EDTECH ACQUISITION CORP.,7374,4-NON,10-Q,20230331,N
1830033,PCT,"PURECYCLE TECHNOLOGIES, INC.",2821,1-LAF,10-Q,20230331,Y
1830043,BMBL,BUMBLE INC.,7370,1-LAF,10-Q,20230331,Y
1830072,IPW,IPOWER INC.,5200,4-NON,10-Q,20230331,Y
1830081,RUM,RUMBLE INC.,7370,4-NON,10-Q,20230331,Y
1830188,,"UNITED HOMES GROUP, INC.",1531,4-NON,10-Q,20230331,N
1830197,,HOME POINT CAPITAL INC.,6162,4-NON,10-Q,20230331,N
1830210,,"BENSON HILL, INC.",2000,2-ACC,10-Q,20230331,N
1830214,DNA,"GINKGO BIOWORKS HOLDINGS, INC.",2836,4-NON,10-Q,20230331,Y
1830392,,PONTEM CORP,6770,4-NON,10-K,20221231,N
1830487,PHVS,PHARVARIS N.V.,2834,4-NON,20-F,20221231,Y
1830503,,BUSINESS WARRIOR CORP,7372,4-NON,10-Q,20230228,N
1830696,,GLOBAL LEADERS CORP,8742,4-NON,10-Q,20230430,N
1830795,,QUANTUM FINTECH ACQUISITION CORP,6770,4-NON,10-Q,20230331,N
1831006,,BLUERIVER ACQUISITION CORP.,6770,4-NON,10-Q,20230331,N
1831096,GEG,"GREAT ELM GROUP, INC.",7372,4-NON,10-Q,20230331,Y
1831097,AGL,"AGILON HEALTH, INC.",8090,1-LAF,10-Q,20230331,Y
1831270,,BITE ACQUISITION CORP.,6770,4-NON,10-Q,20230331,N
1831283,LIANY,LIANBIO,2834,4-NON,10-Q,20230331,Y
1831359,JWSMF,JAWS MUSTANG ACQUISITION CORP,6770,1-LAF,10-Q,20230331,Y
1831363,,"TERNS PHARMACEUTICALS, INC.",2834,4-NON,10-Q,20230331,N
1831481,SOC,FLAME ACQUISITION CORP.,1311,4-NON,10-Q,20230331,Y
1831617,,"DIVERSEY HOLDINGS, LTD.",2842,2-ACC,10-Q,20230331,N
1831631,LDI,"LOANDEPOT, INC.",6199,4-NON,10-Q,20230331,Y
1831651,SHLS,"SHOALS TECHNOLOGIES GROUP, INC.",3674,1-LAF,10-Q,20230331,Y
1831828,VERA,"VERA THERAPEUTICS, INC.",2834,4-NON,10-Q,20230331,Y
1831840,,"SEMRUSH HOLDINGS, INC.",7372,2-ACC,10-Q,20230331,N
1831868,ICU,SEASTAR MEDICAL HOLDING CORP,3841,4-NON,10-Q,20230331,Y
1831874,,IRIS ACQUISITION CORP,6770,4-NON,10-K,20221231,N
1831915,CTKB,"CYTEK BIOSCIENCES, INC.",3826,1-LAF,10-Q,20230331,Y
1831964,,NORTHERN REVIVAL ACQUISITION CORP,6770,4-NON,10-K,20221231,N
1831978,,NEWBURY STREET ACQUISITION CORP,6770,4-NON,10-Q,20230331,N
1831979,SDST,GLOBAL PARTNER ACQUISITION CORP II,6770,4-NON,10-Q,20230331,Y
1832038,IVVD,"INVIVYD, INC.",2836,4-NON,10-Q,20230331,Y
1832136,,OSIRIS ACQUISITION CORP.,6770,4-NON,10-K,20221231,N
1832148,,SLR HC BDC LLC,,4-NON,10-Q,20230331,N
1832161,VIPZ,KEYSTAR CORP.,5900,4-NON,10-Q,20230331,Y
1832168,,"LONGBOARD PHARMACEUTICALS, INC.",2834,4-NON,10-Q,20230331,N
1832332,AVAH,"AVEANNA HEALTHCARE HOLDINGS, INC.",8082,2-ACC,10-Q,20230331,Y
1832415,,"BETTER THERAPEUTICS, INC.",8000,4-NON,10-Q,20230331,N
1832433,,FERGUSON PLC,5070,1-LAF,10-Q,20230430,N
1832466,ALHC,"ALIGNMENT HEALTHCARE, INC.",6324,1-LAF,10-Q,20230331,Y
1832483,SERV,PATRICIA ACQUISITION CORP.,6770,4-NON,10-Q,20230331,Y
1832487,GUER,"GUERRILLA RF, INC.",3674,4-NON,10-Q,20230331,Y
1832511,PIII,P3 HEALTH PARTNERS INC.,8000,2-ACC,10-Q,20230331,Y
1832765,,EDIFY ACQUISITION CORP.,6770,4-NON,10-K,20221231,N
1832950,,"KERNEL GROUP HOLDINGS, INC.",6770,4-NON,10-Q,20230331,N
1833141,HELP,CYBIN INC.,2834,,40-F,20230331,Y
1833197,SWIM,"LATHAM GROUP, INC.",3089,2-ACC,10-Q,20230331,Y
1833214,SABS,"SAB BIOTHERAPEUTICS, INC.",2836,4-NON,10-K,20221231,Y
1833498,MDAI,ROSECLIFF ACQUISITION CORP I,3841,4-NON,10-Q,20230331,Y
1833756,DRS,"LEONARDO DRS, INC.",3812,4-NON,10-Q,20230331,Y
1833769,HYPR,"HYPERFINE, INC.",3845,4-NON,10-Q,20230331,Y
1834032,CSTAF,CONSTELLATION ACQUISITION CORP I,6770,4-NON,10-Q,20230331,Y
1834045,,"VINTAGE WINE ESTATES, INC.",2080,2-ACC,10-Q,20230331,N
1834253,,SMART SHARE GLOBAL LTD,7200,2-ACC,20-F,20221231,N
1834336,,FINSERV ACQUISITION CORP. II,6770,4-NON,10-Q,20230331,N
1834376,INNV,INNOVAGE HOLDING CORP.,8000,2-ACC,10-Q,20230331,Y
1834488,NABL,"N-ABLE, INC.",7372,4-NON,10-Q,20230331,Y
1834494,,"MERIDIANLINK, INC.",7372,2-ACC,10-Q,20230331,N
1834518,,NORTHERN STAR INVESTMENT CORP. II,6770,4-NON,10-Q,20230331,N
1834543,,BLACKROCK DIRECT LENDING CORP.,,4-NON,10-Q,20230331,N
1834584,CPNG,"COUPANG, INC.",5961,1-LAF,10-Q,20230331,Y
1834585,,JOANN INC.,5940,2-ACC,10-K,20230131,N
1834622,HAYW,"HAYWARD HOLDINGS, INC.",3580,1-LAF,10-Q,20230331,Y
1834645,,"PEAK BIO, INC.",2836,4-NON,10-K,20221231,N
1834755,,SOCIAL LEVERAGE ACQUISITION CORP I,6199,4-NON,10-Q,20230331,N
1834975,,VICINITY MOTOR CORP,3711,4-NON,20-F,20221231,N
1835022,COYA,"COYA THERAPEUTICS, INC.",2834,4-NON,10-Q,20230331,Y
1835256,,"DUCKHORN PORTFOLIO, INC.",2080,1-LAF,10-Q,20230430,N
1835268,CNTB,CONNECT BIOPHARMA HOLDINGS LTD,2834,4-NON,20-F,20221231,Y
1835378,,INNOVID CORP.,7372,2-ACC,10-Q,20230331,N
1835385,MBBC,"MARATHON BANCORP, INC. /MD/",6036,4-NON,10-Q,20230331,Y
1835416,,MORINGA ACQUISITION CORP,6770,4-NON,10-Q,20230331,N
1835512,,TERRAN ORBITAL CORP,3760,4-NON,10-Q,20230331,N
1835579,IMA,"IKENA ONCOLOGY, INC.",2836,4-NON,10-Q,20230331,Y
1835591,,VIZIO HOLDING CORP.,3651,1-LAF,10-Q,20230331,N
1835597,PEPG,PEPGEN INC.,2834,4-NON,10-Q,20230331,Y
1835615,MHUAF,"MEIHUA INTERNATIONAL MEDICAL TECHNOLOGIES CO., LTD.",3841,4-NON,20-F,20221231,Y
1835632,MRVL,"MARVELL TECHNOLOGY, INC.",3674,1-LAF,10-Q,20230430,Y
1835681,,"POWERSCHOOL HOLDINGS, INC.",7372,2-ACC,10-Q,20230331,N
1835724,ZH,ZHIHU INC.,7389,1-LAF,20-F,20221231,Y
1835800,,PIVOTAL INVESTMENT CORP III,6770,4-NON,10-Q,20230331,N
1835814,,NORTHERN STAR INVESTMENT CORP. IV,6770,4-NON,10-Q,20230331,N
1835817,,NORTHERN STAR INVESTMENT CORP. III,6770,4-NON,10-Q,20230331,N
1835856,BETR,AURORA ACQUISITION CORP.,6163,4-NON,10-K,20221231,Y
1835972,,ARROWROOT ACQUISITION CORP.,6770,4-NON,10-Q,20230331,N
1836056,,AMBRX BIOPHARMA INC.,2836,4-NON,10-Q,20230331,N
1836100,,GOAL ACQUISITIONS CORP.,6770,4-NON,10-K,20221231,N
1836176,,FATHOM DIGITAL MANUFACTURING CORP,3440,4-NON,10-K,20221231,N
1836274,,ATLANTIC COASTAL ACQUISITION CORP.,6770,4-NON,10-K,20221231,N
1836295,RTGN,RETINALGENIX TECHNOLOGIES INC.,3841,4-NON,10-Q,20230331,Y
1836379,,VECTIVBIO HOLDING AG,2836,4-NON,20-F,20221231,N
1836478,,AVALON ACQUISITION INC.,6770,4-NON,10-Q,20230331,N
1836833,PL,PLANET LABS PBC,3663,1-LAF,10-Q,20230430,Y
1836875,NVVE,NUVVE HOLDING CORP.,3612,4-NON,10-Q,20230331,Y
1836934,,ZENVIA INC.,7372,4-NON,20-F,20221231,N
1836981,BBAI,"BIGBEAR.AI HOLDINGS, INC.",7372,4-NON,10-Q,20230331,Y
1837014,SMRT,"SMARTRENT, INC.",7373,2-ACC,10-Q,20230331,Y
1837240,SYM,SYMBOTIC INC.,3569,4-NON,10-Q,20230331,Y
1837248,,SUSTAINABLE DEVELOPMENT ACQUISITION I CORP.,6770,4-NON,10-K,20221231,N
1837344,,NOCTURNE ACQUISITION CORP,6770,4-NON,10-K,20221231,N
1837412,,"SOMALOGIC, INC.",8731,4-NON,10-Q,20230331,N
1837532,,APOLLO DEBT SOLUTIONS BDC,,4-NON,10-Q,20230331,N
1837607,AEON,PRIVETERRA ACQUISITION CORP.,2834,4-NON,10-Q,20230331,Y
1837671,CPPTL,COPPER PROPERTY CTL PASS THROUGH TRUST,6500,4-NON,10-Q,20230331,Y
1837686,,"VIMEO, INC.",7370,1-LAF,10-Q,20230331,N
1837824,,SPROTT ESG GOLD ETF,6221,4-NON,10-Q,20230331,N
1837929,,NEW PROVIDENCE ACQUISITION CORP. II,6770,4-NON,10-Q,20230331,N
1838000,,SPRINGWATER SPECIAL SITUATIONS CORP.,6770,4-NON,10-K,20221231,N
1838108,,RMG ACQUISITION CORP. III,6770,4-NON,10-Q,20230331,N
1838126,,HPS CORPORATE LENDING FUND,,4-NON,10-Q,20230331,N
1838128,,LOWELL FARMS INC.,0100,4-NON,10-Q,20230331,N
1838162,,SLAM CORP.,6770,4-NON,10-Q,20230331,N
1838163,BNAI,DHC ACQUISITION CORP.,6770,4-NON,10-Q,20230331,Y
1838293,,CATCHA INVESTMENT CORP,6770,4-NON,10-K,20221231,N
1838337,,APOLLO STRATEGIC GROWTH CAPITAL II,6770,4-NON,10-Q,20230331,N
1838359,RGTI,"RIGETTI COMPUTING, INC.",6770,4-NON,10-Q,20230331,Y
1838413,YMM,FULL TRUCK ALLIANCE CO. LTD.,7372,1-LAF,20-F,20221231,Y
1838513,,MARBLEGATE ACQUISITION CORP.,6770,4-NON,10-K,20221231,N
1838615,ALTI,"ALVARIUM TIEDEMANN HOLDINGS, INC.",6282,4-NON,10-K,20221231,Y
1838672,,"ADTHEORENT HOLDING COMPANY, INC.",7370,2-ACC,10-Q,20230331,N
1838716,GNTA,GENENTA SCIENCE S.P.A.,2836,4-NON,20-F,20221231,Y
1838814,,JUNIPER II CORP.,6770,4-NON,10-K,20221231,N
1838821,,ARYA SCIENCES ACQUISITION CORP IV,6770,4-NON,10-K,20221231,N
1838831,,DISRUPTIVE ACQUISITION CORP I,6770,4-NON,10-K,20221231,N
1838876,,"GEOSOLAR TECHNOLOGIES, INC.",3690,4-NON,10-K,20221231,N
1838937,,ZHANGMEN EDUCATION INC.,8200,4-NON,20-F,20221231,N
1838957,RERE,ATRENEW INC.,5990,2-ACC,20-F,20221231,Y
1838987,SPWR,FREEDOM ACQUISITION I CORP.,3674,4-NON,10-K,20221231,Y
1839132,,MOVELLA HOLDINGS INC.,7372,4-NON,10-Q,20230331,N
1839133,,"IR-MED, INC.",3845,4-NON,10-Q,20230331,N
1839175,,M3-BRIGADE ACQUISITION II CORP.,4899,4-NON,10-K,20221231,N
1839285,HCTI,"HEALTHCARE TRIANGLE, INC.",7373,4-NON,10-Q,20230331,Y
1839341,CORZ,"CORE SCIENTIFIC, INC./TX",6199,2-ACC,10-K,20221231,Y
1839360,,FAZE HOLDINGS INC.,7990,4-NON,10-K,20221231,N
1839412,,QUALTEK SERVICES INC.,1623,4-NON,10-K,20221231,N
1839439,,"PAYCOR HCM, INC.",7372,4-NON,10-Q,20230331,N
1839519,,CF ACQUISITION CORP. VII,6770,4-NON,10-Q,20230331,N
1839530,XBP,CF ACQUISITION CORP. VIII,7389,4-NON,10-Q,20230331,Y
1839610,,INTERPRIVATE III FINANCIAL PARTNERS INC.,6211,4-NON,10-K,20221231,N
1839824,,FAST ACQUISITION CORP. II,6770,4-NON,10-Q,20230331,N
1839839,JBI,"JANUS INTERNATIONAL GROUP, INC.",3442,2-ACC,10-Q,20230331,Y
1839990,,ARTEMIS STRATEGIC INVESTMENT CORP,6770,4-NON,10-Q,20230331,N
1839998,,DIGITAL TRANSFORMATION OPPORTUNITIES CORP.,8000,4-NON,10-Q,20230331,N
1840102,SPTY,"SPECIFICITY, INC.",7311,4-NON,10-Q,20230331,Y
1840161,,FOREST ROAD ACQUISITION CORP. II,6770,4-NON,10-Q,20230331,N
1840229,INKT,"MINK THERAPEUTICS, INC.",2836,4-NON,10-Q,20230331,Y
1840233,XLO,"XILIO THERAPEUTICS, INC.",2834,4-NON,10-Q,20230331,Y
1840292,,"HELIOGEN, INC.",4911,4-NON,10-Q,20230331,N
1840317,VEEA,PLUM ACQUISITION CORP. I,6770,4-NON,10-K,20221231,Y
1840353,,TWIN RIDGE CAPITAL ACQUISITION CORP.,6770,4-NON,10-Q,20230331,N
1840425,OSRH,BELLEVUE LIFE SCIENCES ACQUISITION CORP.,6770,4-NON,10-Q,20230331,Y
1840439,BMEA,"BIOMEA FUSION, INC.",2834,4-NON,10-Q,20230331,Y
1840502,TBLA,TABOOLA.COM LTD.,7370,2-ACC,10-Q,20230331,Y
1840572,LUCK,BOWLERO CORP.,7900,4-NON,10-Q,20230331,Y
1840574,,"VERVE THERAPEUTICS, INC.",2834,4-NON,10-Q,20230331,N
1840748,,LAVA THERAPEUTICS NV,2834,4-NON,20-F,20221231,N
1840776,HGTY,"HAGERTY, INC.",6411,2-ACC,10-Q,20230331,Y
1840780,LOCL,LOCAL BOUNTI CORPORATION/DE,0100,4-NON,10-Q,20230331,Y
1840856,SOUN,"SOUNDHOUND AI, INC.",7372,4-NON,10-Q,20230331,Y
1840877,COCH,ANZU SPECIAL ACQUISITION CORP I,6770,4-NON,10-K,20221231,Y
1840904,,ATAI LIFE SCIENCES N.V.,2834,4-NON,10-Q,20230331,N
1841004,,ALTIMAR ACQUISITION CORP. III,6770,4-NON,10-Q,20230331,N
1841024,,L CATTERTON ASIA ACQUISITION CORP,6770,4-NON,10-Q,20230331,N
1841125,,GOLDEN ARROW MERGER CORP.,6770,4-NON,10-Q,20230331,N
1841137,,CONYERS PARK III ACQUISITION CORP.,6770,4-NON,10-Q,20230331,N
1841144,,HAWKS ACQUISITION CORP,6770,4-NON,10-Q,20230331,N
1841156,PAY,"PAYMENTUS HOLDINGS, INC.",7389,2-ACC,10-Q,20230331,Y
1841209,HOLO,MICROCLOUD HOLOGRAM INC.,7370,4-NON,10-Q,20230331,Y
1841330,KTTA,PASITHEA THERAPEUTICS CORP.,2834,4-NON,10-Q,20230331,Y
1841383,,LEVERE HOLDINGS CORP.,6770,4-NON,10-K,20221231,N
1841387,CADL,"CANDEL THERAPEUTICS, INC.",2836,4-NON,10-Q,20230331,Y
1841408,DAVE,DAVE INC./DE,6199,2-ACC,10-Q,20230331,Y
1841425,VGAS,"VERDE CLEAN FUELS, INC.",2860,4-NON,10-Q,20230331,Y
1841514,,"COMMONWEALTH CREDIT PARTNERS BDC I, INC.",,4-NON,10-Q,20230331,N
1841586,,"INDUSTRIAL TECH ACQUISITIONS II, INC.",2860,4-NON,10-Q,20230331,N
1841610,,ROSS ACQUISITION CORP II,6770,4-NON,10-K,20221231,N
1841666,APA,APA CORP,1311,1-LAF,10-Q,20230331,Y
1841675,ARBK,ARGO BLOCKCHAIN PLC,6199,4-NON,20-F,20221231,Y
1841761,GROV,"GROVE COLLABORATIVE HOLDINGS, INC.",5961,4-NON,10-Q,20230331,Y
1841800,,"NOGIN, INC.",7389,4-NON,10-Q,20230331,N
1841804,,"INSTRUCTURE HOLDINGS, INC.",7372,4-NON,10-Q,20230331,N
1841873,,KHOSLA VENTURES ACQUISITION CO.,2834,4-NON,10-Q,20230331,N
1841925,INDI,"INDIE SEMICONDUCTOR, INC.",3674,4-NON,10-Q,20230331,Y
1841968,RPC,"P10, INC.",6282,4-NON,10-Q,20230331,Y
1842022,DTM,"DT MIDSTREAM, INC.",4922,1-LAF,10-Q,20230331,Y
1842138,,WARPSPEED TAXI INC.,7389,4-NON,10-Q,20230430,N
1842279,OPAL,OPAL FUELS INC.,4932,4-NON,10-Q,20230331,Y
1842356,,WAG! GROUP CO.,7200,4-NON,10-Q,20230331,N
1842384,,BELONG ACQUISITION CORP.,6770,4-NON,10-Q,20230331,N
1842386,,VECTOR ACQUISITION CORP II,6770,4-NON,10-Q,20230331,N
1842556,EONR,HNR ACQUISITION CORP.,1311,4-NON,10-Q,20230331,Y
1842563,,"GO GO BUYERS, INC.",7370,4-NON,10-K,20221231,N
1842566,AISP,BYTE ACQUISITION CORP.,6770,4-NON,10-Q,20230331,Y
1842609,,JAWS JUGGERNAUT ACQUISITION CORP,6770,4-NON,10-Q,20230331,N
1842644,,SILVERSPAC INC.,6770,4-NON,10-Q,20230331,N
1842659,,CORSAIR PARTNERING CORP,6770,4-NON,10-Q,20230331,N
1842718,,INTEGRAL AD SCIENCE HOLDING CORP.,7370,2-ACC,10-Q,20230331,N
1842827,BZ,KANZHUN LTD,7370,1-LAF,20-F,20221231,Y
1842916,,FORUM MERGER IV CORP,6770,4-NON,10-Q,20230331,N
1842937,,HENNESSY CAPITAL INVESTMENT CORP. VI,6770,4-NON,10-Q,20230331,N
1842939,XAGE,ALPHA HEALTHCARE ACQUISITION CORP III,3841,4-NON,10-Q,20230331,Y
1842952,CNTX,CONTEXT THERAPEUTICS INC.,2834,4-NON,10-Q,20230331,Y
1843091,,VALOR LATITUDE ACQUISITION CORP.,6770,4-NON,10-K,20221231,N
1843100,,SCHULTZE SPECIAL PURPOSE ACQUISITION CORP. II,6770,4-NON,10-Q,20230331,N
1843121,,MAGNUM OPUS ACQUISITION LTD,2721,4-NON,10-K,20221231,N
1843162,LIEN,SILVER SPIKE INVESTMENT CORP.,,4-NON,10-Q,20230331,Y
1843205,,JAWS HURRICANE ACQUISITION CORP,6770,4-NON,10-Q,20230331,N
1843248,,"GLOBAL SYSTEM DYNAMICS, INC.",7372,4-NON,10-K,20221231,N
1843370,,BLEUACACIA LTD,6770,4-NON,10-K,20221231,N
1843388,,"VIRGIN ORBIT HOLDINGS, INC.",3812,4-NON,10-K,20221231,N
1843477,,SPRING VALLEY ACQUISITION CORP. II,6770,4-NON,10-Q,20230331,N
1843586,OTLY,OATLY GROUP AB,2000,1-LAF,20-F,20221231,Y
1843656,RMCO,AMERICAN ACQUISITION OPPORTUNITY INC.,6794,4-NON,10-Q,20230331,Y
1843714,ZPTA,ANDRETTI ACQUISITION CORP.,6770,4-NON,10-Q,20230331,Y
1843716,,POST HOLDINGS PARTNERING CORP,6770,4-NON,10-Q,20230331,N
1843724,LNZA,"LANZATECH GLOBAL, INC.",2860,4-NON,10-Q,20230331,Y
1843762,,"EQRX, INC.",2834,1-LAF,10-Q,20230331,N
1843862,,ELLIOTT OPPORTUNITY II CORP.,6770,4-NON,10-Q,20230331,N
1843973,FLYX,EG ACQUISITION CORP.,6770,4-NON,10-K,20221231,Y
1843988,,TWO,6770,4-NON,10-Q,20230331,N
1843993,,"THUNDER BRIDGE CAPITAL PARTNERS IV, INC.",6770,4-NON,10-Q,20230331,N
1844149,,PERCEPTION CAPITAL CORP. II,3823,4-NON,10-Q,20230331,N
1844211,,B. RILEY PRINCIPAL 250 MERGER CORP.,6770,4-NON,10-K,20221231,N
1844224,,FREYR BATTERY,3690,4-NON,10-Q,20230331,N
1844270,,FTAC ZEUS ACQUISITION CORP.,6770,4-NON,10-Q,20230331,N
1844280,,"THORNE HEALTHTECH, INC.",2834,4-NON,10-Q,20230331,N
1844389,,ACE GLOBAL BUSINESS ACQUISITION LTD,6770,4-NON,10-Q,20230331,N
1844392,MRAI,"MARPAI, INC.",8090,4-NON,10-Q,20230331,Y
1844417,ESLA,TRADEUP ACQUISITION CORP.,2836,4-NON,10-Q,20230331,Y
1844419,,MAQUIA CAPITAL ACQUISITION CORP,6770,4-NON,10-K,20221231,N
1844452,LUNR,"INTUITIVE MACHINES, INC.",3812,4-NON,10-Q,20230331,Y
1844505,QTI,"GIGCAPITAL5, INC.",3845,4-NON,10-Q,20230331,Y
1844507,,ACHARI VENTURES HOLDINGS CORP. I,6770,4-NON,10-K,20221231,N
1844635,,CORAZON CAPITAL V838 MONOCEROS CORP,6770,4-NON,10-K,20221231,N
1844642,,"LANDCADIA HOLDINGS IV, INC.",6770,4-NON,10-K,20221231,N
1844793,,YO-HEALTH INC.,2024,4-NON,10-K,20221231,N
1844817,,ARMADA ACQUISITION CORP. I,6770,4-NON,10-Q,20230331,N
1844862,SLDP,"SOLID POWER, INC.",3690,1-LAF,10-Q,20230331,Y
1844971,VIP,GREENIDGE GENERATION HOLDINGS INC.,6199,4-NON,10-Q,20230331,Y
1844981,,STONEBRIDGE ACQUISITION CORP.,6770,4-NON,10-Q,20230331,N
1845013,,HEALTHWELL ACQUISITION CORP. I,6770,4-NON,10-Q,20230331,N
1845022,,"COUCHBASE, INC.",7372,2-ACC,10-Q,20230430,N
1845123,ANNA,SWIFTMERGE ACQUISITION CORP.,6770,4-NON,10-K,20221231,Y
1845149,CBRRF,CHAIN BRIDGE I,6770,4-NON,10-Q,20230331,Y
1845257,LFST,"LIFESTANCE HEALTH GROUP, INC.",8000,2-ACC,10-Q,20230331,Y
1845337,,"DAY ONE BIOPHARMACEUTICALS, INC.",2834,4-NON,10-Q,20230331,N
1845368,,HCM ACQUISITION CORP,6770,4-NON,10-Q,20230331,N
1845437,NPWR,RICE ACQUISITION CORP. II,3620,4-NON,10-Q,20230331,Y
1845459,,GRAF ACQUISITION CORP. IV,6770,4-NON,10-Q,20230331,N
1845550,PLMJF,ALPHA PARTNERS TECHNOLOGY MERGER CORP.,6770,4-NON,10-K,20221231,Y
1845618,,BILANDER ACQUISITION CORP.,6770,4-NON,10-Q,20230331,N
1845799,CULL,"CULLMAN BANCORP, INC. /MD/",6036,4-NON,10-Q,20230331,Y
1845815,PAYO,PAYONEER GLOBAL INC.,7389,1-LAF,10-Q,20230331,Y
1845942,,BANNIX ACQUISITION CORP.,6770,4-NON,10-K,20221231,N
1846017,,BLUE FOUNDRY BANCORP,6036,4-NON,10-Q,20230331,N
1846069,NXDR,"NEXTDOOR HOLDINGS, INC.",7370,1-LAF,10-Q,20230331,Y
1846084,JETMF,GLOBAL CROSSING AIRLINES GROUP INC.,4512,4-NON,10-Q,20230331,Y
1846163,,TIO TECH A,6770,4-NON,10-K,20221231,N
1846253,OABIW,"OMNIAB, INC.",8731,4-NON,10-Q,20230331,Y
1846510,,SOHO HOUSE & CO INC.,7011,2-ACC,10-Q,20230331,N
1846576,FIGS,"FIGS, INC.",2300,1-LAF,10-Q,20230331,Y
1846715,WAVE,ECO WAVE POWER GLOBAL AB (PUBL),4911,4-NON,20-F,20221231,Y
1846750,,TRAJECTORY ALPHA ACQUISITION CORP.,6770,4-NON,10-Q,20230331,N
1846809,,OCEANTECH ACQUISITIONS I CORP.,6770,4-NON,10-Q,20230331,N
1846832,DLO,DLOCAL LTD,7389,1-LAF,20-F,20221231,Y
1846968,,CASCADIA ACQUISITION CORP.,6770,4-NON,10-Q,20230331,N
1846975,,SDCL EDGE ACQUISITION CORP,6770,4-NON,10-Q,20230331,N
1847064,PSQH,COLOMBIER ACQUISITION CORP.,7310,4-NON,10-Q,20230331,Y
1847075,SAIH,SAI.TECH GLOBAL CORP,7374,4-NON,20-F,20221231,Y
1847112,,TORTOISEECOFIN ACQUISITION CORP. III,6770,4-NON,10-Q,20230331,N
1847241,,PROJECT ENERGY REIMAGINED ACQUISITION CORP.,6770,4-NON,10-K,20221231,N
1847345,ASBP,POWERUP ACQUISITION CORP.,6770,4-NON,10-Q,20230331,Y
1847351,,BEARD ENERGY TRANSITION ACQUISITION CORP.,6770,4-NON,10-Q,20230331,N
1847355,,TARGET GLOBAL ACQUISITION I CORP.,6770,4-NON,10-Q,20230331,N
1847360,BCOW,"1895 BANCORP OF WISCONSIN, INC. /MD/",6036,4-NON,10-Q,20230331,Y
1847398,NECB,"NORTHEAST COMMUNITY BANCORP, INC./MD/",6036,4-NON,10-Q,20230331,Y
1847440,,COLISEUM ACQUISITION CORP.,6770,4-NON,10-K,20221231,N
1847513,,CORNER GROWTH ACQUISITION CORP. 2,6770,4-NON,10-K,20221231,N
1847577,,LEARN CW INVESTMENT CORP,6770,4-NON,10-K,20221231,N
1847590,BWMN,BOWMAN CONSULTING GROUP LTD.,8742,2-ACC,10-Q,20230331,Y
1847607,,RF ACQUISITION CORP.,6770,4-NON,10-K,20221231,N
1847806,GNS,GENIUS GROUP LTD,8200,4-NON,20-F,20221231,Y
1847846,EUDA,EUDA HEALTH HOLDINGS LTD,8000,4-NON,10-K,20221231,Y
1847874,BEEP,FIFTH WALL ACQUISITION CORP. III,6770,4-NON,10-K,20221231,Y
1847891,,ACROPOLIS INFRASTRUCTURE ACQUISITION CORP.,6770,4-NON,10-Q,20230331,N
1847903,,CENTESSA PHARMACEUTICALS PLC,2834,4-NON,10-Q,20230331,N
1847986,DFLI,DRAGONFLY ENERGY HOLDINGS CORP.,3690,4-NON,10-K,20221231,Y
1848020,,BLACK MOUNTAIN ACQUISITION CORP.,6770,4-NON,10-Q,20230331,N
1848275,TOP,TOP FINANCIAL GROUP LTD,6200,4-NON,20-F,20230331,Y
1848309,SGML,SIGMA LITHIUM CORP,1000,,40-F,20221231,Y
1848323,,LIVE OAK CRESTVIEW CLIMATE ACQUISITION CORP.,6770,4-NON,10-Q,20230331,N
1848334,OKMN,"OKMIN RESOURCES, INC.",1311,4-NON,10-Q,20230331,Y
1848364,,LOGISTICS INNOVATION TECHNOLOGIES CORP.,6770,4-NON,10-Q,20230331,N
1848416,VRNO,VERANO HOLDINGS CORP.,0100,4-NON,10-Q,20230331,Y
1848437,,CARTICA ACQUISITION CORP,6770,4-NON,10-Q,20230331,N
1848672,GDLG,GLIDELOGIC CORP.,7371,4-NON,10-Q,20230430,Y
1848739,GDEV,GDEV INC.,7371,4-NON,20-F,20221231,Y
1848756,,PYROPHYTE ACQUISITION CORP.,6770,4-NON,10-K,20221231,N
1848821,,GLOBAL TECHNOLOGY ACQUISITION CORP. I,6770,4-NON,10-Q,20230331,N
1848861,,HEALTHCARE AI ACQUISITION CORP.,6770,4-NON,10-Q,20230331,N
1848898,,10X CAPITAL VENTURE ACQUISITION CORP. II,0100,4-NON,10-K,20221231,N
1848948,,10X CAPITAL VENTURE ACQUISITION CORP. III,6770,4-NON,10-K,20221231,N
1849011,,APEIRON CAPITAL INVESTMENT CORP.,2836,4-NON,10-Q,20230331,N
1849056,OKLO,ALTC ACQUISITION CORP.,6770,4-NON,10-Q,20230331,Y
1849058,,CLOVER LEAF CAPITAL CORP.,6770,4-NON,10-K,20221231,N
1849089,,"LAFAYETTE SQUARE USA, INC.",,4-NON,10-Q,20230331,N
1849253,RYAN,"RYAN SPECIALTY HOLDINGS, INC.",6411,1-LAF,10-Q,20230331,Y
1849280,,"G SQUARED ASCEND II, INC.",6770,4-NON,10-K,20221231,N
1849294,,FORTUNE RISE ACQUISITION CORP,6770,4-NON,10-K,20221231,N
1849380,ONMD,DATA KNIGHTS ACQUISITION CORP.,8731,4-NON,10-Q,20230331,Y
1849408,,ZIMMER ENERGY TRANSITION ACQUISITION CORP.,6770,4-NON,10-K,20221231,N
1849466,TCBS,"TEXAS COMMUNITY BANCSHARES, INC.",6036,4-NON,10-Q,20230331,Y
1849475,,NEWCOURT ACQUISITION CORP,6770,4-NON,10-Q,20230331,N
1849548,,ONYX ACQUISITION CO. I,6770,4-NON,10-Q,20230331,N
1849580,,WAVERLEY CAPITAL ACQUISITION CORP. 1,6770,4-NON,10-Q,20230331,N
1849635,DJT,DIGITAL WORLD ACQUISITION CORP.,7370,4-NON,10-K,20221231,Y
1849670,,"PB BANKSHARES, INC.",6036,4-NON,10-Q,20230331,N
1849737,,PATRIA LATIN AMERICAN OPPORTUNITY ACQUISITION CORP.,6770,4-NON,10-Q,20230331,N
1849820,KITT,"NAUTICUS ROBOTICS, INC.",3569,4-NON,10-Q,20230331,Y
1849867,CLST,"CATALYST BANCORP, INC.",6035,4-NON,10-Q,20230331,Y
1849894,,MSD INVESTMENT CORP.,,4-NON,10-Q,20230331,N
1849902,,SEP ACQUISITION CORP.,6770,4-NON,10-Q,20230331,N
1850051,,INTELLIGENT MEDICINE ACQUISITION CORP.,6770,4-NON,10-K,20221231,N
1850079,,TELESIS BIO INC.,3826,4-NON,10-Q,20230331,N
1850119,IPSC,"CENTURY THERAPEUTICS, INC.",2836,4-NON,10-Q,20230331,Y
1850235,HEPS,D-MARKET ELECTRONIC SERVICES & TRADING,5961,4-NON,20-F,20221231,Y
1850262,,INTEGRAL ACQUISITION CORP 1,6770,4-NON,10-Q,20230331,N
1850266,,"AKILI, INC.",3841,4-NON,10-Q,20230331,N
1850270,PROK,PROKIDNEY CORP.,2836,4-NON,10-Q,20230331,Y
1850271,,SOCIAL CAPITAL SUVRETTA HOLDINGS CORP. II,6770,4-NON,10-Q,20230331,N
1850272,,SOCIAL CAPITAL SUVRETTA HOLDINGS CORP. IV,6770,4-NON,10-Q,20230331,N
1850398,,"TC BANCSHARES, INC.",6035,4-NON,10-Q,20230331,N
1850453,,MYNARIC AG,4899,4-NON,20-F,20221231,N
1850502,,ENPHYS ACQUISITION CORP.,6770,4-NON,10-K,20221231,N
1850529,,HEARTLAND MEDIA ACQUISITION CORP.,6770,4-NON,10-K,20221231,N
1850767,ACUT,ACCUSTEM SCIENCES INC.,2834,4-NON,10-Q,20230331,Y
1850787,,"KAYNE DL 2021, INC.",,4-NON,10-Q,20230331,N
1850838,,"OMEGA THERAPEUTICS, INC.",2836,4-NON,10-Q,20230331,N
1850902,TKNO,"ALPHA TEKNOVA, INC.",2835,4-NON,10-Q,20230331,Y
1850906,,"SINGULAR GENOMICS SYSTEMS, INC.",3826,4-NON,10-Q,20230331,N
1850938,,"WTI FUND X, INC.",,4-NON,10-Q,20230331,N
1851003,ZETA,ZETA GLOBAL HOLDINGS CORP.,7372,2-ACC,10-Q,20230331,Y
1851048,,CYBER APP SOLUTIONS CORP.,7371,4-NON,10-K,20230228,N
1851182,,FUTURE HEALTH ESG CORP.,6770,4-NON,10-Q,20230331,N
1851194,,"VENTYX BIOSCIENCES, INC.",2834,4-NON,10-Q,20230331,N
1851230,,CRESCERA CAPITAL ACQUISITION CORP.,6770,4-NON,10-K,20221231,N
1851266,,LF CAPITAL ACQUISITION CORP. II,6770,4-NON,10-Q,20230331,N
1851277,,CARLYLE SECURED LENDING III,,4-NON,10-Q,20230331,N
1851322,,NORTH HAVEN PRIVATE INCOME FUND LLC,,4-NON,10-Q,20230331,N
1851484,CTOR,TENX KEANE ACQUISITION,6770,4-NON,10-K,20221231,Y
1851612,,CRIXUS BH3 ACQUISITION CO,6770,4-NON,10-Q,20230331,N
1851657,,"VAXXINITY, INC.",2834,4-NON,10-Q,20230331,N
1851860,,"SMART FOR LIFE, INC.",2833,4-NON,10-Q,20230331,N
1851908,,BLACK SPADE ACQUISITION CO,6770,4-NON,10-Q,20230331,N
1851909,CDAQF,COMPASS DIGITAL ACQUISITION CORP.,6770,4-NON,10-K,20221231,Y
1851959,CNDA,CONCORD ACQUISITION CORP II,6770,4-NON,10-Q,20230331,Y
1851961,GCTS,CONCORD ACQUISITION CORP III,6770,4-NON,10-Q,20230331,Y
1852016,AEAE,ALTENERGY ACQUISITION CORP,6770,4-NON,10-K,20221231,Y
1852019,IXAQF,IX ACQUISITION CORP.,6770,4-NON,10-K,20221231,Y
1852061,,GENERATION ASIA I ACQUISITION LTD,6770,4-NON,10-Q,20230331,N
1852117,,ROCKLEY PHOTONICS HOLDINGS LTD,3674,4-NON,10-K,20221231,N
1852131,NXT,NEXTRACKER INC.,3812,4-NON,10-K,20230331,Y
1852244,GXO,"GXO LOGISTICS, INC.",4700,1-LAF,10-Q,20230331,Y
1852332,,BANNER ACQUISITION CORP.,6770,4-NON,10-K,20221231,N
1852353,DC,DAKOTA GOLD CORP.,1000,4-NON,10-Q,20230331,Y
1852407,,FINTECH ECOSYSTEM DEVELOPMENT CORP.,6770,4-NON,10-K,20221231,N
1852432,,ARYA SCIENCES ACQUISITION CORP V,6770,4-NON,10-K,20221231,N
1852495,,JACKSON ACQUISITION CO,6770,4-NON,10-Q,20230331,N
1852536,,"INTORIO, CORP.",8200,4-NON,10-K,20230228,N
1852575,SGST,"STRATEGIC STORAGE TRUST VI, INC.",6798,4-NON,10-Q,20230331,Y
1852633,,BANYAN ACQUISITION CORP,6770,4-NON,10-Q,20230331,N
1852707,,"BETTER FOR YOU WELLNESS, INC.",2844,4-NON,10-K,20230228,N
1852736,,TRISTAR ACQUISITION I CORP.,6770,4-NON,10-Q,20230331,N
1852749,,EXCELFIN ACQUISITION CORP.,6770,4-NON,10-Q,20230331,N
1852767,MRT,GALATA ACQUISITION CORP.,7510,4-NON,10-Q,20230331,Y
1852889,,INVESTCORP INDIA ACQUISITION CORP,6770,4-NON,10-K,20221231,N
1852940,,GOGREEN INVESTMENTS CORP,6770,4-NON,10-Q,20230331,N
1852973,BRLS,OXUS ACQUISITION CORP.,6770,4-NON,10-Q,20230331,Y
1853021,,METALS ACQUISITION CORP,6770,4-NON,10-Q,20230331,N
1853044,AERT,WORLDWIDE WEBB ACQUISITION CORP.,8742,4-NON,10-Q,20230331,Y
1853070,SOAR,PROOF ACQUISITION CORP I,6770,4-NON,10-Q,20230331,Y
1853112,,GENESIS UNICORN CAPITAL CORP.,6770,4-NON,10-Q,20230331,N
1853138,KDK,ARES ACQUISITION CORP II,6770,4-NON,10-Q,20230331,Y
1853145,EVCM,EVERCOMMERCE INC.,7372,2-ACC,10-Q,20230331,Y
1853397,,XPAC ACQUISITION CORP.,6770,4-NON,10-Q,20230331,N
1853436,,MERCATO PARTNERS ACQUISITION CORP,6770,4-NON,10-K,20221231,N
1853513,,"MISTER CAR WASH, INC.",7500,1-LAF,10-Q,20230331,N
1853580,,PORTAGE FINTECH ACQUISITION CORP.,6770,4-NON,10-Q,20230331,N
1853594,,SCULPTOR ACQUISITION CORP I,6770,4-NON,10-Q,20230331,N
1853630,HMELF,HOLD ME LTD,7372,4-NON,20-F,20221231,Y
1853717,ATAT,ATOUR LIFESTYLE HOLDINGS LTD,7011,4-NON,20-F,20221231,Y
1853774,,MOUNTAIN CREST ACQUISITION CORP. IV,6770,4-NON,10-K,20221231,N
1853816,DRMA,"DERMATA THERAPEUTICS, INC.",2834,4-NON,10-Q,20230331,Y
1853825,DTCX,THUMZUP MEDIA CORP,7374,4-NON,10-Q,20230331,Y
1853920,,VISCOGLIOSI BROTHERS ACQUISITION CORP,6770,4-NON,10-Q,20230331,N
1854078,RLFTY,RELIEF THERAPEUTICS HOLDING SA,2834,4-NON,20-F,20221231,Y
1854139,ZVIA,ZEVIA PBC,2086,2-ACC,10-Q,20230331,Y
1854183,ORIB,ORION BLISS CORP.,2840,4-NON,10-K,20230430,Y
1854270,SNTI,"SENTI BIOSCIENCES, INC.",2836,4-NON,10-Q,20230331,Y
1854275,ZCAR,INNOVATIVE INTERNATIONAL ACQUISITION CORP.,7510,4-NON,10-Q,20230331,Y
1854401,,BRIDGE INVESTMENT GROUP HOLDINGS INC.,6282,2-ACC,10-Q,20230331,N
1854445,GGRP,"GLIMPSE GROUP, INC.",7371,4-NON,10-Q,20230331,Y
1854458,,NABORS ENERGY TRANSITION CORP.,6770,4-NON,10-Q,20230331,N
1854463,WINV,WINVEST ACQUISITION CORP.,6770,4-NON,10-Q,20230331,Y
1854480,DEVSF,FOCUS IMPACT ACQUISITION CORP.,6770,4-NON,10-K,20221231,Y
1854526,BRQL,"BROOQLY, INC.",7374,4-NON,10-K,20221231,Y
1854583,,"ABRI SPAC I, INC.",8742,4-NON,10-Q,20230331,N
1854587,CLBT,CELLEBRITE DI LTD.,7372,2-ACC,20-F,20221231,Y
1854795,,INTEGRATED RAIL & RESOURCES ACQUISITION CORP,6770,4-NON,10-Q,20230331,N
1854816,MINR,MINERVA GOLD INC.,1000,4-NON,10-K,20230228,Y
1854863,,BLUE WHALE ACQUISITION CORP I,6770,4-NON,10-K,20221231,N
1854963,SHFS,"SHF HOLDINGS, INC.",6199,4-NON,10-K,20221231,Y
1854964,NLCP,"NEWLAKE CAPITAL PARTNERS, INC.",6798,4-NON,10-Q,20230331,Y
1855168,,WILLIAMS ROWLAND ACQUISITION CORP.,6770,4-NON,10-K,20221231,N
1855351,,SAGALIAM ACQUISITION CORP,6770,4-NON,10-K,20221231,N
1855447,TYGO,ROTH CH ACQUISITION IV CO.,3674,4-NON,10-Q,20230331,Y
1855457,,"KORE GROUP HOLDINGS, INC.",4813,2-ACC,10-K,20221231,N
1855467,MOBX,CHAVANT CAPITAL ACQUISITION CORP.,3674,4-NON,10-Q,20230331,Y
1855474,AIRJ,POWER & DIGITAL INFRASTRUCTURE ACQUISITION II CORP.,6770,4-NON,10-K,20221231,Y
1855485,CLDI,"FIRST LIGHT ACQUISITION GROUP, INC.",2836,4-NON,10-Q,20230331,Y
1855509,VEEE,"TWIN VEE POWERCATS, CO.",3730,4-NON,10-Q,20230331,Y
1855555,,ACCRETION ACQUISITION CORP.,6770,4-NON,10-K,20221231,N
1855557,HLP,HONGLI GROUP INC.,3569,4-NON,20-F,20221231,Y
1855612,GRAB,GRAB HOLDINGS LTD,7389,1-LAF,20-F,20221231,Y
1855631,,AERWINS TECHNOLOGIES INC.,3721,4-NON,10-Q,20230331,N
1855644,ZURA,ZURA BIO LTD,2836,4-NON,10-Q,20230331,Y
1855693,,FRONTIER INVESTMENT CORP,6770,4-NON,10-Q,20230331,N
1855747,BLND,"BLEND LABS, INC.",7370,2-ACC,10-Q,20230331,Y
1855885,,SIGNAL HILL ACQUISITION CORP.,6770,4-NON,10-Q,20230331,N
1856028,,"STRONGHOLD DIGITAL MINING, INC.",7374,4-NON,10-K,20221231,N
1856031,SEAT,VIVID SEATS INC.,7990,4-NON,10-Q,20230331,Y
1856084,RDGT,"CHINA JO-JO DRUGSTORES HOLDINGS, INC.",5912,4-NON,20-F,20230331,Y
1856161,,PEARL HOLDINGS ACQUISITION CORP,6770,4-NON,10-Q,20230331,N
1856236,,"EUROPEAN WAX CENTER, INC.",7200,2-ACC,10-Q,20230331,N
1856242,,C5 ACQUISITION CORP,6770,4-NON,10-Q,20230331,N
1856314,YOU,"CLEAR SECURE, INC.",7372,1-LAF,10-Q,20230331,Y
1856365,FINW,FINWISE BANCORP,6022,4-NON,10-Q,20230331,Y
1856430,,SNAP ONE HOLDINGS CORP.,3670,2-ACC,10-Q,20230331,N
1856437,VSXY,VICTORIA'S SECRET & CO.,5621,1-LAF,10-Q,20230430,Y
1856485,SLVM,SYLVAMO CORP,2621,1-LAF,10-Q,20230331,Y
1856525,CNM,"CORE & MAIN, INC.",5099,1-LAF,10-Q,20230430,Y
1856589,,M3-BRIGADE ACQUISITION III CORP.,6770,4-NON,10-Q,20230331,N
1856608,,"SOVOS BRANDS, INC.",2000,4-NON,10-Q,20230331,N
1856653,,BIOPLUS ACQUISITION CORP.,6770,4-NON,10-Q,20230331,N
1856696,,AHREN ACQUISITION CORP.,6770,4-NON,10-K,20221231,N
1856724,,BULLPEN PARLAY ACQUISITION CO,6770,4-NON,10-Q,20230331,N
1856725,RANI,"RANI THERAPEUTICS HOLDINGS, INC.",2834,4-NON,10-Q,20230331,Y
1856948,,CHENGHE ACQUISITION CO.,6770,4-NON,10-Q,20230331,N
1856961,,BLUE OCEAN ACQUISITION CORP,6770,4-NON,10-Q,20230331,N
1856995,,MOUNTAIN & CO. I ACQUISITION CORP.,6770,4-NON,10-Q,20230331,N
1857030,INCR,INTERCURE LTD.,2834,4-NON,20-F,20221231,Y
1857044,INDP,"INDAPTUS THERAPEUTICS, INC.",2834,4-NON,10-Q,20230331,Y
1857086,TRUG,DEEP MEDICINE ACQUISITION CORP.,6770,4-NON,10-K,20230331,Y
1857154,DNUT,"KRISPY KREME, INC.",5400,1-LAF,10-Q,20230331,Y
1857410,,INVESTCORP EUROPE ACQUISITION CORP I,6770,4-NON,10-K,20221231,N
1857518,,JAGUAR GLOBAL GROWTH CORP I,6770,4-NON,10-Q,20230331,N
1857662,,AXONPRIME INFRASTRUCTURE ACQUISITION CORP,6770,4-NON,10-K,20221231,N
1857803,,DP CAP ACQUISITION CORP I,6770,4-NON,10-K,20221231,N
1857816,GCT,GIGACLOUD TECHNOLOGY INC,5961,4-NON,20-F,20221231,Y
1857853,COOK,"TRAEGER, INC.",3630,2-ACC,10-Q,20230331,Y
1857855,,FINNOVATE ACQUISITION CORP.,6770,4-NON,10-K,20221231,N
1858028,,NOVA VISION ACQUISITION CORP,6770,4-NON,10-Q,20230331,N
1858180,,PRIME NUMBER ACQUISITION I CORP.,6770,4-NON,10-K,20221231,N
1858257,,"AVIDXCHANGE HOLDINGS, INC.",7372,1-LAF,10-Q,20230331,N
1858258,FGDL,FRANKLIN TEMPLETON HOLDINGS TRUST,6221,4-NON,10-K,20230331,Y
1858351,,ICONIC SPORTS ACQUISITION CORP.,6770,4-NON,10-Q,20230331,N
1858503,,GREEN VISOR FINANCIAL TECHNOLOGY ACQUISITION CORP I,6770,4-NON,10-K,20221231,N
1858681,APO,"APOLLO GLOBAL MANAGEMENT, INC.",6282,1-LAF,10-Q,20230331,Y
1858684,,ST ENERGY TRANSITION I LTD.,6770,4-NON,10-Q,20230331,N
1858685,BFRI,BIOFRONTERA INC.,2834,4-NON,10-Q,20230331,Y
1858848,TNYA,"TENAYA THERAPEUTICS, INC.",2836,4-NON,10-Q,20230331,Y
1858912,,GARDINER HEALTHCARE ACQUISITIONS CORP.,6770,4-NON,10-K,20221231,N
1859007,ZVSA,"ZYVERSA THERAPEUTICS, INC.",2834,4-NON,10-Q,20230331,Y
1859035,MCAG,MOUNTAIN CREST ACQUISITION CORP. V,6770,4-NON,10-Q,20230331,Y
1859285,,HIRERIGHT HOLDINGS CORP,7389,2-ACC,10-Q,20230331,N
1859310,,MINORITY EQUALITY OPPORTUNITIES ACQUISITION INC.,7374,4-NON,10-Q,20230331,N
1859686,,SILVERBOX CORP III,6770,4-NON,10-Q,20230331,N
1859807,PFSA,NORTHVIEW ACQUISITION CORP,3841,4-NON,10-Q,20230331,Y
1859919,,BARINGS PRIVATE CREDIT CORP,,4-NON,10-Q,20230331,N
1860424,,ONEX FALCON DIRECT LENDING BDC FUND,,4-NON,10-Q,20230331,N
1860482,,TALON 1 ACQUISITION CORP,6770,4-NON,10-K,20221231,N
1860484,,RELATIVITY ACQUISITION CORP,6770,4-NON,10-Q,20230331,N
1860514,,TKB CRITICAL TECHNOLOGIES 1,6770,4-NON,10-K,20221231,N
1860543,CDRE,"CADRE HOLDINGS, INC.",3842,2-ACC,10-Q,20230331,Y
1860657,ALLR,"ALLARITY THERAPEUTICS, INC.",2834,4-NON,10-Q,20230331,Y
1860663,,MONTEREY INNOVATION ACQUISITION CORP,6770,4-NON,10-K,20221231,N
1860742,BLCO,BAUSCH & LOMB CORP,3851,4-NON,10-Q,20230331,Y
1860782,,"2SEVENTY BIO, INC.",2834,4-NON,10-Q,20230331,N
1860805,ASTL,ALGOMA STEEL GROUP INC.,3312,4-NON,40-F,20230331,Y
1860871,TVGN,SEMPER PARATUS ACQUISITION CORP,6770,4-NON,10-K,20221231,Y
1860879,,RIGEL RESOURCE ACQUISITION CORP.,6770,4-NON,10-Q,20230331,N
1861063,,AQUARON ACQUISITION CORP.,6770,4-NON,10-Q,20230331,N
1861121,,EVE MOBILITY ACQUISITION CORP,6770,4-NON,10-K,20221231,N
1861449,,"BIRD GLOBAL, INC.",3751,2-ACC,10-Q,20230331,N
1861522,,KIDPIK CORP.,5961,4-NON,10-Q,20230331,N
1861541,,PEGASUS DIGITAL MOBILITY ACQUISITION CORP.,6770,4-NON,10-Q,20230331,N
1861560,,"NUVALENT, INC.",2834,4-NON,10-Q,20230331,N
1861622,JTAI,OXBRIDGE ACQUISITION CORP.,4522,4-NON,10-Q,20230331,Y
1861657,CNTN,HILLSTREAM BIOPHARMA INC.,2834,4-NON,10-Q,20230331,Y
1861737,HSAI,HESAI GROUP,3569,4-NON,20-F,20221231,Y
1861795,DH,DEFINITIVE HEALTHCARE CORP.,7372,1-LAF,10-Q,20230331,Y
1861974,ECX,ECARX HOLDINGS INC.,7373,4-NON,20-F,20221231,Y
1862068,,"RUBICON TECHNOLOGIES, INC.",7372,4-NON,10-Q,20230331,N
1862150,CING,CINGULATE INC.,2834,4-NON,10-Q,20230331,Y
1862327,,INFINITE ACQUISITION CORP.,6770,4-NON,10-Q,20230331,N
1862463,AMOD,INSIGHT ACQUISITION CORP. /DE,6770,4-NON,10-K,20221231,Y
1862935,CURR,INFINT ACQUISITION CORP,7389,4-NON,10-Q,20230331,Y
1862993,,AP ACQUISITION CORP,6770,4-NON,10-Q,20230331,N
1863099,,KIMBELL TIGER ACQUISITION CORP,6770,4-NON,10-Q,20230331,N
1863105,,"ENGAGESMART, INC.",7372,2-ACC,10-Q,20230331,N
1863127,TYRA,"TYRA BIOSCIENCES, INC.",2834,4-NON,10-Q,20230331,Y
1863181,,HOME PLATE ACQUISITION CORP,6770,4-NON,10-Q,20230331,N
1863218,SFWL,SHENGFENG DEVELOPMENT LTD,4210,4-NON,20-F,20221231,Y
1863294,,DA32 LIFE SCIENCE TECH ACQUISITION CORP.,6770,4-NON,10-Q,20230331,N
1863362,,"PROCAPS GROUP, S.A.",2834,2-ACC,20-F,20221231,N
1863460,,PHP VENTURES ACQUISITION CORP.,6770,4-NON,10-Q,20230331,N
1863719,,EVEREST CONSOLIDATOR ACQUISITION CORP,6770,4-NON,10-Q,20230331,N
1863990,MSAI,SPORTSMAP TECH ACQUISITION CORP.,3827,4-NON,10-Q,20230331,Y
1864032,,AULT DISRUPTIVE TECHNOLOGIES CORP,6770,4-NON,10-K,20221231,N
1864055,ABTS,MOXIAN (BVI) INC,6199,4-NON,20-F,20221231,Y
1864163,INTR,"INTER & CO, INC.",6029,4-NON,20-F,20221231,Y
1864448,,WEJO GROUP LTD,7374,4-NON,10-K,20221231,N
1864531,VSEE,DIGITAL HEALTH ACQUISITION CORP.,8000,4-NON,10-K,20221231,Y
1864943,FGI,FGI INDUSTRIES LTD.,3430,4-NON,10-K,20221231,Y
1865045,,FAT PROJECTS ACQUISITION CORP,7372,4-NON,10-Q,20230331,N
1865107,AKA,A.K.A. BRANDS HOLDING CORP.,5961,4-NON,10-Q,20230331,Y
1865111,ALSAF,ALPHA STAR ACQUISITION CORP,6770,4-NON,10-Q,20230331,Y
1865120,,BROAD CAPITAL ACQUISITION CORP,6770,4-NON,10-Q,20230331,N
1865127,,"LUCY SCIENTIFIC DISCOVERY, INC.",2834,4-NON,10-Q,20230331,N
1865174,,GOLDMAN SACHS MIDDLE MARKET LENDING CORP. II,,4-NON,10-Q,20230331,N
1865187,,"ARIS WATER SOLUTIONS, INC.",1389,2-ACC,10-Q,20230331,N
1865191,,TG VENTURE ACQUISITION CORP.,6770,4-NON,10-Q,20230331,N
1865200,ANGX,SOUTHPORT ACQUISITION CORP,6770,4-NON,10-K,20221231,Y
1865407,,KENSINGTON CAPITAL ACQUISITION CORP. V,6770,4-NON,10-K,20221231,N
1865468,KACLF,KAIROUS ACQUISITION CORP. LTD,6770,4-NON,10-Q,20230331,Y
1865482,,REUNION NEUROSCIENCE INC.,8000,,40-F,20230331,N
1865494,IOBTQ,"IO BIOTECH, INC.",2834,4-NON,10-Q,20230331,Y
1865506,ZEO,ESGEN ACQUISITION CORP,6770,4-NON,10-Q,20230331,Y
1865631,NN,NEXTNAV INC.,3812,4-NON,10-Q,20230331,Y
1865697,,GENESIS GROWTH TECH ACQUISITION CORP.,6770,4-NON,10-K,20221231,N
1865701,,KEYARCH ACQUISITION CORP,6770,4-NON,10-Q,20230331,N
1865861,,CACTUS ACQUISITION CORP. 1 LTD,6770,4-NON,10-Q,20230331,N
1865975,,AFTERNEXT HEALTHTECH ACQUISITION CORP.,6770,4-NON,10-Q,20230331,N
1866175,CRGY,CRESCENT ENERGY CO,1311,2-ACC,10-Q,20230331,Y
1866226,EMAT,WELSBACH TECHNOLOGY METALS ACQUISITION CORP.,3690,4-NON,10-Q,20230331,Y
1866368,,"CLEARWATER ANALYTICS HOLDINGS, INC.",7372,2-ACC,10-Q,20230331,N
1866390,,BABYLON HOLDINGS LTD,8000,2-ACC,10-Q,20230331,N
1866547,,AETHERIUM ACQUISITION CORP,6770,4-NON,10-K,20221231,N
1866550,,"THOUGHTWORKS HOLDING, INC.",7371,1-LAF,10-Q,20230331,N
1866581,BROS,DUTCH BROS INC.,5810,1-LAF,10-Q,20230331,Y
1866633,CCSI,"CONSENSUS CLOUD SOLUTIONS, INC.",7372,1-LAF,10-Q,20230331,Y
1866692,AMPL,"AMPLITUDE, INC.",7372,1-LAF,10-Q,20230331,Y
1866757,BRLT,"BRILLIANT EARTH GROUP, INC.",3910,4-NON,10-Q,20230331,Y
1866782,CDRO,"CODERE ONLINE LUXEMBOURG, S.A.",7990,4-NON,20-F,20221231,Y
1866816,OPTX,OMNILIT ACQUISITION CORP.,6770,4-NON,10-Q,20230331,Y
1866838,,INCEPTION GROWTH ACQUISITION LTD,6770,4-NON,10-K,20221231,N
1867066,DERM,JOURNEY MEDICAL CORP,2834,4-NON,10-Q,20230331,Y
1867072,KD,"KYNDRYL HOLDINGS, INC.",7373,1-LAF,10-K,20230331,Y
1867096,XERS,"XERIS BIOPHARMA HOLDINGS, INC.",2834,4-NON,10-Q,20230331,Y
1867287,,LAKESHORE ACQUISITION II CORP.,6770,4-NON,10-Q,20230331,N
1867443,,CANNA-GLOBAL ACQUISITION CORP,6770,4-NON,10-Q,20230331,N
1867752,,CIAN PLC,7374,4-NON,20-F,20221231,N
1867757,,BLOCKCHAIN MOON ACQUISITION CORP.,6770,4-NON,10-K,20221231,N
1867949,REFI,"CHICAGO ATLANTIC REAL ESTATE FINANCE, INC.",6798,4-NON,10-Q,20230331,Y
1867956,,LINKTORY INC.,7370,4-NON,10-Q,20230228,N
1868079,,PREDICTMEDIX INC.,7372,4-NON,20-F,20230131,N
1868269,,LATAMGROWTH SPAC,6770,4-NON,10-K,20221231,N
1868275,CEG,CONSTELLATION ENERGY CORP,4911,1-LAF,10-Q,20230331,Y
1868419,CYCU,WESTERN ACQUISITION VENTURES CORP.,7371,4-NON,10-Q,20230331,Y
1868573,,APX ACQUISITION CORP. I,6770,4-NON,10-Q,20230331,N
1868640,RDZN,VAHANNA TECH EDGE ACQUISITION I CORP.,6411,4-NON,10-K,20221231,Y
1868726,,"OLAPLEX HOLDINGS, INC.",2844,1-LAF,10-Q,20230331,N
1868775,,ASPAC I ACQUISITION CORP.,6770,4-NON,10-Q,20230331,N
1868778,,INFORMATICA INC.,7372,1-LAF,10-Q,20230331,N
1868878,,GOLUB CAPITAL DIRECT LENDING CORP,,4-NON,10-Q,20230331,N
1868912,,"ENFUSION, INC.",7372,2-ACC,10-Q,20230331,N
1868941,FLNC,"FLUENCE ENERGY, INC.",3690,4-NON,10-Q,20230331,Y
1869141,,ATHENA CONSUMER ACQUISITION CORP.,6770,4-NON,10-Q,20230331,N
1869198,LTH,"LIFE TIME GROUP HOLDINGS, INC.",7997,2-ACC,10-Q,20230331,Y
1869453,,OWL ROCK TECHNOLOGY INCOME CORP.,,4-NON,10-Q,20230331,N
1869601,EMCGF,EMBRACE CHANGE ACQUISITION CORP.,6770,4-NON,10-Q,20230331,Y
1869673,,BERENSON ACQUISITION CORP. I,6770,4-NON,10-Q,20230331,N
1869824,,SEAPORT GLOBAL ACQUISITION II CORP.,6770,4-NON,10-K,20221231,N
1869974,OCEA,"OCEAN BIOMEDICAL, INC.",2834,4-NON,10-Q,20230331,Y
1870129,,ROSE HILL ACQUISITION CORP,6770,4-NON,10-Q,20230331,N
1870143,,RCF ACQUISITION CORP.,6770,4-NON,10-Q,20230331,N
1870144,CDIO,"CARDIO DIAGNOSTICS HOLDINGS, INC.",2835,4-NON,10-Q,20230331,Y
1870258,,MELI KASZEK PIONEER CORP,6770,4-NON,10-Q,20230331,N
1870267,,REDWOOD ENHANCED INCOME CORP.,,4-NON,10-Q,20230331,N
1870404,CERO,PHOENIX BIOTECH ACQUISITION CORP.,6770,4-NON,10-Q,20230331,Y
1870600,SBDS,"SOLO BRANDS, INC.",3949,2-ACC,10-Q,20230331,Y
1870778,,OPY ACQUISITION CORP. I,6770,4-NON,10-Q,20230331,N
1870925,,ENTERPRISE 4.0 TECHNOLOGY ACQUISITION CORP,6770,4-NON,10-Q,20230331,N
1870940,AIRS,"AIRSCULPT TECHNOLOGIES, INC.",8011,4-NON,10-Q,20230331,Y
1871149,,"REAL GOOD FOOD COMPANY, INC.",2000,4-NON,10-Q,20230331,N
1871181,FOFA,"QUALIS INNOVATIONS, INC.",3841,4-NON,10-K,20221231,Y
1871509,PTLO,PORTILLO'S INC.,5812,2-ACC,10-Q,20230331,Y
1871638,BZAI,BURTECH ACQUISITION CORP.,6770,4-NON,10-K,20221231,Y
1871745,,DIRECT SELLING ACQUISITION CORP.,6770,4-NON,10-Q,20230331,N
1871983,ANGH,ANGHAMI INC,4899,4-NON,20-F,20221231,Y
1872292,RAKR,RAINMAKER WORLDWIDE INC.,2086,4-NON,10-K,20221231,Y
1872302,NA,NANO LABS LTD,3674,4-NON,20-F,20221231,Y
1872356,,"MOLEKULE GROUP, INC.",3564,4-NON,10-Q,20230331,N
1872371,,OAKTREE STRATEGIC CREDIT FUND,,4-NON,10-Q,20230331,N
1872525,SWAG,"STRAN & COMPANY, INC.",7311,4-NON,10-Q,20230331,Y
1872529,MDXH,MDXHEALTH SA,8071,4-NON,20-F,20221231,Y
1872789,EMBC,EMBECTA CORP.,3841,4-NON,10-Q,20230331,Y
1872812,,TC BIOPHARM (HOLDINGS) PLC,2836,4-NON,20-F,20221231,N
1873093,GDTC,CYTOMED THERAPEUTICS LTD,2834,4-NON,20-F,20221231,Y
1873213,BRWC,BIRDIE WIN CORP,8200,4-NON,10-Q,20230430,Y
1873324,,PEPPERLIME HEALTH ACQUISITION CORP,6770,4-NON,10-Q,20230331,N
1873331,,PROPERTYGURU GROUP LTD,7374,2-ACC,20-F,20221231,N
1873441,,BLOCKCHAIN COINVESTORS ACQUISITION CORP. I,6770,4-NON,10-K,20221231,N
1873722,BBLR,BUBBLR INC.,7370,4-NON,10-Q,20230331,Y
1873835,IMMX,"IMMIX BIOPHARMA, INC.",2834,4-NON,10-Q,20230331,Y
1873923,ONL,ORION OFFICE REIT INC.,6798,2-ACC,10-Q,20230331,Y
1874071,PDLB,"PONCE FINANCIAL GROUP, INC.",6035,4-NON,10-Q,20230331,Y
1874074,,MULTIMETAVERSE HOLDINGS LTD,7372,4-NON,20-F,20221231,N
1874097,CYN,CYNGN INC.,7371,4-NON,10-Q,20230331,Y
1874138,SHGI,"SPARX HOLDINGS GROUP, INC.",3585,4-NON,10-Q,20230331,Y
1874178,RIVN,"RIVIAN AUTOMOTIVE, INC. / DE",3711,1-LAF,10-Q,20230331,Y
1874218,,REVELSTONE CAPITAL ACQUISITION CORP.,6770,4-NON,10-Q,20230331,N
1874252,QUCY,MAINZ BIOMED N.V.,2834,4-NON,20-F,20221231,Y
1874315,SATL,SATELLOGIC INC.,3663,4-NON,20-F,20221231,Y
1874474,,ALLEGO N.V.,7500,4-NON,20-F,20221231,N
1874495,,FORBION EUROPEAN ACQUISITION CORP.,6770,4-NON,10-Q,20230331,N
1874875,HOUR,"HOUR LOOP, INC",5961,4-NON,10-Q,20230331,Y
1874944,,"VACASA, INC.",7340,2-ACC,10-Q,20230331,N
1874999,,"AG ACQUISITION GROUP III, INC.",6770,4-NON,10-Q,20230331,N
1875257,,LIV CAPITAL ACQUISITION CORP. II,6770,4-NON,10-K,20221231,N
1875444,ARHS,"ARHAUS, INC.",5712,2-ACC,10-Q,20230331,Y
1875493,,"CONSILIUM ACQUISITION CORP I, LTD.",6770,4-NON,10-Q,20230331,N
1875558,NVCT,"NUVECTIS PHARMA, INC.",2834,4-NON,10-Q,20230331,Y
1875943,,VMG CONSUMER ACQUISITION CORP.,6770,4-NON,10-Q,20230331,N
1876255,,"AB COMMERCIAL REAL ESTATE PRIVATE DEBT FUND, LLC",6798,4-NON,10-Q,20230331,N
1876431,PRE,PRENETICS GLOBAL LTD,3826,2-ACC,20-F,20221231,Y
1876581,IMPP,IMPERIAL PETROLEUM INC./MARSHALL ISLANDS,4412,2-ACC,20-F,20221231,Y
1876588,,ZIMVIE INC.,3843,4-NON,10-Q,20230331,N
1876714,,GROWTH FOR GOOD ACQUISITION CORP,3714,4-NON,10-Q,20230331,N
1876716,ASCBF,ASPAC II ACQUISITION CORP.,6770,4-NON,10-Q,20230331,Y
1876766,LICN,LICHEN CHINA LTD,8742,4-NON,20-F,20221231,Y
1876945,,TPCO HOLDING CORP.,0100,4-NON,10-K,20221231,N
1877322,ESAB,ESAB CORP,3569,4-NON,10-Q,20230331,Y
1877333,THCH,TH INTERNATIONAL LTD,5812,4-NON,20-F,20221231,Y
1877461,CBDW,1606 CORP.,5190,4-NON,10-Q,20230331,Y
1877557,,INTEGRATED WELLNESS ACQUISITION CORP,5960,4-NON,10-Q,20230331,N
1877787,ZGN,ERMENEGILDO ZEGNA N.V.,2300,1-LAF,20-F,20221231,Y
1877788,,"BOON INDUSTRIES, INC.",2890,4-NON,10-K,20221231,N
1877939,CTM,"CASTELLUM, INC.",8742,4-NON,10-Q,20230331,Y
1878057,SGHC,SUPER GROUP (SGHC) LTD,7990,2-ACC,20-F,20221231,Y
1878074,,BLUE WORLD ACQUISITION CORP,6770,4-NON,10-Q,20230331,N
1878313,MAIA,"MAIA BIOTECHNOLOGY, INC.",2834,4-NON,10-Q,20230331,Y
1878897,DOUG,DOUGLAS ELLIMAN INC.,6531,2-ACC,10-Q,20230331,Y
1879016,IE,IVANHOE ELECTRIC INC.,1000,4-NON,10-Q,20230331,Y
1879103,,"CFSB BANCORP, INC. /MA/",6035,4-NON,10-Q,20230331,N
1879221,,UTA ACQUISITION CORP,6770,4-NON,10-Q,20230331,N
1879248,ADSE,ADS-TEC ENERGY PUBLIC LTD CO,3790,4-NON,20-F,20221231,Y
1879293,MMCP,"MYSON, INC.",3567,4-NON,10-Q,20230430,Y
1879297,,LAMF GLOBAL VENTURES CORP. I,6770,4-NON,10-Q,20230331,N
1879373,,ENERGEM CORP,3620,4-NON,10-Q,20230331,N
1879726,SIDU,SIDUS SPACE INC.,4812,4-NON,10-Q,20230331,Y
1879814,,TLGY ACQUISITION CORP,6770,4-NON,10-Q,20230331,N
1879848,PEVM,PHOENIX MOTOR INC.,3713,4-NON,10-Q,20230331,Y
1879851,,TMT ACQUISITION CORP.,6770,4-NON,10-Q,20230331,N
1880151,,LIBERTY RESOURCES ACQUISITION CORP.,6770,4-NON,10-K,20221231,N
1880249,,"PERFECT SOLUTIONS GROUP, INC.",6770,4-NON,10-Q,20230430,N
1880319,PRM,"PERIMETER SOLUTIONS, SA",2800,1-LAF,10-Q,20230331,Y
1880343,AMZE,"FRESH VINE WINE, INC.",2080,4-NON,10-Q,20230331,Y
1880438,ANTX,"AN2 THERAPEUTICS, INC.",2834,4-NON,10-Q,20230331,Y
1880441,,BATTERY FUTURE ACQUISITION CORP.,6770,4-NON,10-Q,20230331,N
1880613,DRCT,"DIRECT DIGITAL HOLDINGS, INC.",7310,4-NON,10-K,20221231,Y
1880661,TPG,TPG INC.,6282,4-NON,10-Q,20230331,Y
1880968,,"SOUND POINT ACQUISITION CORP I, LTD",6770,4-NON,10-Q,20230331,N
1881462,,SPREE ACQUISITION CORP. 1 LTD,7389,4-NON,10-Q,20230331,N
1881472,MEGL,MAGIC EMPIRE GLOBAL LTD,6199,4-NON,20-F,20221231,Y
1881487,ACDC,PROFRAC HOLDING CORP.,1389,4-NON,10-Q,20230331,Y
1881551,STI,NUBIA BRAND INTERNATIONAL CORP.,3690,4-NON,10-Q,20230331,Y
1881592,NSTS,"NSTS BANCORP, INC.",6035,4-NON,10-Q,20230331,Y
1881741,,AROGO CAPITAL ACQUISITION CORP.,7372,4-NON,10-Q,20230331,N
1882078,,ARISZ ACQUISITION CORP.,6770,4-NON,10-Q,20230331,N
1882198,ATEK,ATHENA TECHNOLOGY ACQUISITION CORP. II,6770,4-NON,10-Q,20230331,Y
1882464,MSSAF,METAL SKY STAR ACQUISITION CORP,6770,4-NON,10-Q,20230331,Y
1882607,,"ALPINE SUMMIT ENERGY PARTNERS, INC.",1311,4-NON,10-Q,20230331,N
1882781,CBLO,"C2 BLOCKCHAIN,INC.",6770,4-NON,10-Q,20230331,Y
1882850,,"APOLLO REALTY INCOME SOLUTIONS, INC.",6798,4-NON,10-Q,20230331,N
1882963,,AIB ACQUISITION CORP,6770,4-NON,10-Q,20230331,N
1883083,GPLL,"GPL HOLDINGS, INC.",6770,4-NON,10-Q,20230430,Y
1883085,PGY,PAGAYA TECHNOLOGIES LTD.,6199,4-NON,20-F,20221231,Y
1883685,DKNG,DRAFTKINGS INC.,7990,1-LAF,10-Q,20230331,Y
1883788,,AURORA TECHNOLOGY ACQUISITION CORP.,6770,4-NON,10-K,20221231,N
1883799,,JUPITER WELLNESS ACQUISITION CORP.,6770,4-NON,10-Q,20230331,N
1883814,SLND,"SOUTHLAND HOLDINGS, INC.",1600,4-NON,10-Q,20230331,Y
1883835,ESGH,PLASMA INNOVATIVE INC.,2836,4-NON,10-Q,20230228,Y
1883962,,ALSP ORCHID ACQUISITION CORP I,6770,4-NON,10-Q,20230331,N
1883983,,VISION SENSING ACQUISITION CORP.,6770,4-NON,10-Q,20230331,N
1883984,ALCE,CLEAN EARTH ACQUISITIONS CORP.,4931,4-NON,10-Q,20230331,Y
1884072,,ADAMAS ONE CORP.,3910,4-NON,10-Q,20230331,N
1884082,PSNY,POLESTAR AUTOMOTIVE HOLDING UK PLC,3711,4-NON,20-F,20221231,Y
1884164,KWIK,"KWIKCLICK, INC.",7374,4-NON,10-K,20221231,Y
1884516,DTI,ROC ENERGY ACQUISITION CORP.,3533,4-NON,10-Q,20230331,Y
1885408,NEXR,JEFFS' BRANDS LTD,5900,4-NON,20-F,20221231,Y
1885444,,KNIGHTSWAN ACQUISITION CORP,6770,4-NON,10-Q,20230331,N
1885461,,SHOULDERUP TECHNOLOGY ACQUISITION CORP.,6770,4-NON,10-Q,20230331,N
1885680,RAJAF,"CORDYCEPS SUNSHINE BIOTECH HOLDINGS CO., LTD.",2833,4-NON,20-F,20221231,Y
1885754,,MOTIVE CAPITAL CORP II,6770,4-NON,10-Q,20230331,N
1885827,VRAX,VIRAX BIOLABS GROUP LTD,2835,4-NON,20-F,20230331,Y
1885849,,TOFLA MEGALINE INC.,7372,4-NON,10-Q,20230430,N
1885968,,T SERIES MIDDLE MARKET LOAN FUND LLC,,4-NON,10-Q,20230331,N
1885998,,ROTH CH ACQUISITION V CO.,6770,4-NON,10-Q,20230331,N
1886268,,SHUAA PARTNERS ACQUISITION CORP I,6770,4-NON,10-Q,20230331,N
1886362,MGAM,"MOBILE GLOBAL ESPORTS, INC.",7900,4-NON,10-K,20221231,Y
1886799,,BRIGHT GREEN CORP,2833,4-NON,10-K,20221231,N
1886894,SNAL,"SNAIL, INC.",7372,4-NON,10-Q,20230331,Y
1887912,,WELSIS CORP.,8000,4-NON,10-Q,20230331,N
1888012,,"HILLEVAX, INC.",2836,4-NON,10-Q,20230331,N
1888014,AKAN,AKANDA CORP.,2833,4-NON,20-F,20221231,Y
1888151,FMTOF,BYND CANNASOFT ENTERPRISES INC.,7372,4-NON,20-F,20221231,Y
1888447,EE,"EXCELERATE ENERGY, INC.",4924,4-NON,10-Q,20230331,Y
1888654,FEAM,"5E ADVANCED MATERIALS, INC.",1400,4-NON,10-Q,20230331,Y
1888734,,GLOBALINK INVESTMENT INC.,6770,4-NON,10-K,20221231,N
1888846,,"ULTIMATE HOLDINGS GROUP, INC.",6770,4-NON,10-Q,20230430,N
1888886,GPCR,STRUCTURE THERAPEUTICS INC.,2834,4-NON,10-Q,20230331,Y
1889106,,ALPHATIME ACQUISITION CORP,6770,4-NON,10-Q,20230331,N
1889112,RENEF,CARTESIAN GROWTH CORP II,6770,4-NON,10-Q,20230331,Y
1889123,FLD,FTAC EMERALD ACQUISITION CORP.,6770,4-NON,10-Q,20230331,Y
1889450,,FUTURETECH II ACQUISITION CORP.,6770,4-NON,10-Q,20230331,N
1889539,CRBG,"COREBRIDGE FINANCIAL, INC.",6311,4-NON,10-Q,20230331,Y
1889668,,OWL ROCK TECHNOLOGY FINANCE CORP. II,,4-NON,10-Q,20230331,N
1890671,,DUET ACQUISITION CORP.,6770,4-NON,10-Q,20230331,N
1891101,BRCC,BRC INC.,2080,4-NON,10-Q,20230331,Y
1891512,XTXXF,ADASTRA HOLDINGS LTD.,2834,4-NON,20-F,20221231,Y
1891791,,"TRANS GLOBAL GROUP, INC.",2080,4-NON,10-K,20221231,N
1892025,,"OPTIMUS HEALTHCARE SERVICES, INC.",8731,4-NON,10-Q,20230331,N
1892316,LDDD,LONGDUODUO CO LTD,8000,4-NON,10-Q,20230331,Y
1892322,HTCR,"HEARTCORE ENTERPRISES, INC.",7374,4-NON,10-Q,20230331,Y
1892480,,"HEMPACCO CO., INC.",2111,4-NON,10-K,20221231,N
1892492,ORBS,EIGHTCO HOLDINGS INC.,2650,4-NON,10-K,20221231,Y
1892747,VMCAF,VALUENCE MERGER CORP. I,6770,4-NON,10-Q,20230331,Y
1892922,,MARS ACQUISITION CORP.,6770,4-NON,10-Q,20230331,N
1893219,ABPO,ATLANTIC COASTAL ACQUISITION CORP. II,6770,4-NON,10-K,20221231,Y
1893262,,"J.P. MORGAN REAL ESTATE INCOME TRUST, INC.",6798,4-NON,10-Q,20230331,N
1893311,,LUXURBAN HOTELS INC.,6500,4-NON,10-Q,20230331,N
1893325,,SCREAMING EAGLE ACQUISITION CORP.,6770,1-LAF,10-Q,20230331,N
1893448,,"STRONG GLOBAL ENTERTAINMENT, INC.",3861,4-NON,10-Q,20230331,N
1893657,RLEA,RUBBER LEAF INC,3714,4-NON,10-Q,20230331,Y
1894057,,PAPAYA GROWTH OPPORTUNITY CORP. I,6770,4-NON,10-Q,20230331,N
1894210,,QOMOLANGMA ACQUISITION CORP.,6770,4-NON,10-K,20221231,N
1894370,,HAINAN MANASLU ACQUISITION CORP.,6770,4-NON,10-Q,20230331,N
1894562,PRME,"PRIME MEDICINE, INC.",2836,4-NON,10-Q,20230331,Y
1894630,,"GORES HOLDINGS IX, INC.",6770,4-NON,10-Q,20230331,N
1894693,SVRE,SAVERONE 2014 LTD.,7371,4-NON,20-F,20221231,Y
1894951,,GLOBAL BLOCKCHAIN ACQUISITION CORP.,6770,4-NON,10-Q,20230331,N
1894954,XPON,EXPION360 INC.,3690,4-NON,10-Q,20230331,Y
1895144,,GOLDEN STAR ACQUISITION CORP,6770,4-NON,10-Q,20230331,N
1895249,CNTM,MONTEREY CAPITAL ACQUISITION CORP,6770,4-NON,10-K,20221231,Y
1895262,NE,NOBLE CORP PLC,1381,1-LAF,10-Q,20230331,Y
1895316,,BRIGHTWOOD CAPITAL CORP I,,4-NON,10-Q,20230331,N
1895597,ICG,INTCHAINS GROUP LTD,3674,4-NON,20-F,20221231,Y
1895618,GXAI,NFT GAMING CO INC.,7372,4-NON,10-Q,20230331,Y
1895939,,TANICO INC.,7371,4-NON,10-Q,20230331,N
1896049,,"SEMANTIX, INC.",7371,4-NON,20-F,20221231,N
1896212,CDT,MURPHY CANYON ACQUISITION CORP.,2834,4-NON,10-Q,20230331,Y
1897245,HWH,ALSET CAPITAL ACQUISITION CORP.,5122,4-NON,10-Q,20230228,Y
1897525,,KB GLOBAL HOLDINGS LTD,6282,4-NON,10-K,20221231,N
1897982,,"ASPEN TECHNOLOGY, INC.",7371,4-NON,10-Q,20230331,N
1898496,GETY,"GETTY IMAGES HOLDINGS, INC.",7389,4-NON,10-Q,20230331,Y
1898604,VSTD,YOSHIHARU GLOBAL CO.,5812,4-NON,10-Q,20230331,Y
1898766,TPET,TRIO PETROLEUM CORP.,1311,4-NON,10-Q,20230430,Y
1898795,LVWR,"LIVEWIRE GROUP, INC.",3751,4-NON,10-Q,20230331,Y
1899005,BMR,BEAMR IMAGING LTD.,7372,4-NON,20-F,20221231,Y
1899017,,BAIN CAPITAL PRIVATE CREDIT,,4-NON,10-Q,20230331,N
1899123,BTDR,BITDEER TECHNOLOGIES GROUP,6199,4-NON,20-F,20221231,Y
1899287,AMPX,"AMPRIUS TECHNOLOGIES, INC.",3690,4-NON,10-Q,20230331,Y
1899658,WLGSF,"WANG & LEE GROUP, INC.",1700,4-NON,20-F,20221231,Y
1899883,FIP,FTAI INFRASTRUCTURE INC.,5171,2-ACC,10-Q,20230331,Y
1900402,,EVERGREEN CORP,6770,4-NON,10-Q,20230228,N
1900520,,VENETIAN-1 ACQUISITION CORP.,6770,4-NON,10-Q,20230331,N
1900564,,WARRANTEE INC.,7380,4-NON,20-F,20220331,N
1900679,TETEF,TECHNOLOGY & TELECOMMUNICATION ACQUISITION CORP,6770,4-NON,10-Q,20230228,Y
1901037,,STELLUS PRIVATE CREDIT BDC,,4-NON,10-Q,20230331,N
1901056,,ENERGIEINVESTING.COM INC.,1381,4-NON,10-K,20221231,N
1901297,,"ZRCN, INC.",3690,4-NON,10-Q,20230331,N
1901305,,"FORZA X1, INC.",3730,4-NON,10-Q,20230331,N
1901336,ALCYF,ALCHEMY INVESTMENTS ACQUISITION CORP 1,6770,4-NON,10-Q,20230331,Y
1901606,,GOLUB CAPITAL DIRECT LENDING UNLEVERED CORP,,4-NON,10-Q,20230331,N
1901612,,"GOLUB CAPITAL BDC 4, INC.",,4-NON,10-Q,20230331,N
1901637,USCB,"USCB FINANCIAL HOLDINGS, INC.",6022,4-NON,10-Q,20230331,Y
1901799,BTMCQ,GSR II METEORA ACQUISITION CORP.,6199,4-NON,10-Q,20230331,Y
1901886,,AURA FAT PROJECTS ACQUISITION CORP,6770,4-NON,10-Q,20230228,N
1902314,MPTI,"M-TRON INDUSTRIES, INC.",3679,4-NON,10-Q,20230331,Y
1902649,,BLACKROCK PRIVATE CREDIT FUND,,4-NON,10-Q,20230331,N
1902700,,"PIONEER GREEN FARMS, INC.",2833,4-NON,10-K,20221231,N
1902733,NCNO,"NCINO, INC.",7372,1-LAF,10-Q,20230430,Y
1902794,,MGO GLOBAL INC.,2300,4-NON,10-Q,20230331,N
1903145,GRRR,GORILLA TECHNOLOGY GROUP INC.,7372,4-NON,20-F,20221231,Y
1903382,BHM,"BLUEROCK HOMES TRUST, INC.",6798,4-NON,10-Q,20230331,Y
1903392,CLRCF,CLIMATEROCK,6770,4-NON,10-Q,20230331,Y
1903464,,AIMFINITY INVESTMENT CORP. I,6770,4-NON,10-K,20221231,N
1903870,AFRI,FORAFRIC GLOBAL PLC,2040,4-NON,20-F,20221231,Y
1904501,ZTEK,ZENTEK LTD.,2890,,40-F,20230331,Y
1905511,JCSE,JE CLEANTECH HOLDINGS LTD,3990,4-NON,20-F,20221231,Y
1905824,,PIMCO CAPITAL SOLUTIONS BDC CORP.,,4-NON,10-Q,20230331,N
1905956,TGL,TREASURE GLOBAL INC,7389,4-NON,10-Q,20230331,Y
1906133,,FG MERGER CORP.,7372,4-NON,10-Q,20230331,N
1906324,QDEL,QUIDELORTHO CORP,2835,1-LAF,10-Q,20230331,Y
1907184,ELBM,ELECTRA BATTERY MATERIALS CORP,3690,,40-F,20221231,Y
1907223,GRML,REDWOODS ACQUISITION CORP.,6770,4-NON,10-K,20221231,Y
1907425,,JOCOM HOLDINGS CORP.,7380,4-NON,10-K,20221231,N
1907685,,"COMERA LIFE SCIENCES HOLDINGS, INC.",2834,4-NON,10-Q,20230331,N
1907730,,YOTTA ACQUISITION CORP,0200,4-NON,10-Q,20230331,N
1907982,QBTS,D-WAVE QUANTUM INC.,7374,4-NON,10-K,20221231,Y
1908984,ENDI,ENDI CORP.,6282,4-NON,10-Q,20230331,Y
1909417,,SELINA HOSPITALITY PLC,7011,4-NON,20-F,20221231,N
1909747,JUSHF,JUSHI HOLDINGS INC.,2833,4-NON,10-K,20221231,Y
1910139,MBLY,MOBILEYE GLOBAL INC.,7372,4-NON,10-Q,20230331,Y
1910851,,R1 RCM INC. /DE,8741,1-LAF,10-Q,20230331,N
1910950,,ATLAS ENERGY SOLUTIONS INC.,1400,4-NON,10-Q,20230331,N
1910975,RPDL,RAPID LINE INC.,8200,4-NON,10-K,20230131,Y
1911066,,NUVEEN CHURCHILL PRIVATE CAPITAL INCOME FUND,,4-NON,10-Q,20230331,N
1911321,,KENNEDY LEWIS CAPITAL CO,,4-NON,10-Q,20230331,N
1911467,CRCE,"CIRCLE ENERGY, INC./NV",1311,4-NON,10-Q,20230331,Y
1911500,,CATTHIS HOLDINGS CORP,7374,4-NON,10-K,20221231,N
1912461,,SK GROWTH OPPORTUNITIES CORP,6770,4-NON,10-Q,20230331,N
1912582,AIEV,FEUTUNE LIGHT ACQUISITION CORP,6770,4-NON,10-Q,20230331,Y
1912847,USEA,UNITED MARITIME CORP,4400,4-NON,20-F,20221231,Y
1912954,,WIDFIT INC.,7370,4-NON,10-Q,20230331,N
1913577,SMNR,DENALI CAPITAL ACQUISITION CORP.,6770,4-NON,10-Q,20230331,Y
1913724,,AG TWIN BROOK CAPITAL INCOME FUND,,4-NON,10-Q,20230331,N
1913838,VWFB,"VWF BANCORP, INC.",6036,4-NON,10-Q,20230331,Y
1913971,BPRN,"PRINCETON BANCORP, INC.",6022,4-NON,10-Q,20230331,Y
1914023,,ACRI CAPITAL ACQUISITION CORP,6770,4-NON,10-Q,20230331,N
1914605,ECBK,"ECB BANCORP, INC. /MD/",6036,4-NON,10-Q,20230331,Y
1914805,BANL,CBL INTERNATIONAL LTD,5172,4-NON,20-F,20221231,Y
1915328,ISRLF,ISRAEL ACQUISITIONS CORP,6770,4-NON,10-Q,20230331,Y
1915380,,"DMY SQUARED TECHNOLOGY GROUP, INC.",6770,4-NON,10-Q,20230331,N
1915403,,SATIXFY COMMUNICATIONS LTD.,3663,4-NON,20-F,20221231,N
1915657,DINO,HF SINCLAIR CORP,4610,1-LAF,10-Q,20230331,Y
1916608,,TCW STAR DIRECT LENDING LLC,,4-NON,10-Q,20230331,N
1916879,,"VECTOR 21 HOLDINGS, INC.",6770,4-NON,10-Q,20230331,N
1918080,DBHL,ASPEN-1 ACQUISITION INC.,6770,4-NON,10-Q,20230331,Y
1918102,FISN,SURFSIDE ACQUISITION INC.,6770,4-NON,10-Q,20230331,Y
1918712,,ARES STRATEGIC INCOME FUND,,4-NON,10-Q,20230331,N
1918884,,METATERRA CORP.,5531,4-NON,10-Q,20230331,N
1920406,ASST,ASSET ENTITIES INC.,7372,4-NON,10-Q,20230331,Y
1920453,,FIDELITY PRIVATE CREDIT FUND,,4-NON,10-Q,20230331,N
1921865,ASPI,ASP ISOTOPES INC.,2890,4-NON,10-Q,20230331,Y
1922097,LANV,LANVIN GROUP HOLDINGS LTD,2300,4-NON,20-F,20221231,Y
1922331,,GLOBAL STAR ACQUISITION INC.,6770,4-NON,10-K,20221231,N
1922639,,PERMEX PETROLEUM CORP,1381,4-NON,10-Q,20230331,N
1922858,,EF HUTTON ACQUISITION CORP I,3711,4-NON,10-Q,20230331,N
1922947,,WELLINGS REAL ESTATE INCOME FUND,,4-NON,10-K,20230331,N
1922981,,"DILIGENT CAPITAL HOLDINGS, INC.",6770,4-NON,10-K,20221231,N
1923622,PGIM,PGIM PRIVATE CREDIT FUND,,4-NON,10-Q,20230331,Y
1923840,,"THIRD HARMONIC BIO, INC.",2834,4-NON,10-Q,20230331,N
1925309,,SIXTH STREET LENDING PARTNERS,,4-NON,10-Q,20230331,N
1925531,,"NEW MOUNTAIN GUARDIAN IV BDC, L.L.C.",,4-NON,10-Q,20230331,N
1928446,GRNT,"GRANITE RIDGE RESOURCES, INC.",1311,4-NON,10-Q,20230331,Y
1929231,,PLUTONIAN ACQUISITION CORP.,6770,4-NON,10-K,20221231,N
1929561,RXO,"RXO, INC.",4700,4-NON,10-Q,20230331,Y
1929589,,MARIADB PLC,7372,4-NON,10-Q,20230331,N
1930021,HOVR,"PONO CAPITAL THREE, INC.",6770,4-NON,10-Q,20230331,Y
1930054,,BLACKSTONE PRIVATE EQUITY STRATEGIES FUND L.P.,,4-NON,10-Q,20230331,N
1930313,SBC,"PONO CAPITAL TWO, INC.",6770,4-NON,10-Q,20230331,Y
1930419,ALRTF,ALR TECHNOLOGIES SG LTD.,3669,4-NON,20-F,20221231,Y
1930510,VCIG,VCI GLOBAL LTD,8744,4-NON,20-F,20221231,Y
1931055,MDNC,MEDINOTEC INC.,3841,4-NON,10-K,20230228,Y
1931691,,MOBIV ACQUISITION CORP,6770,4-NON,10-Q,20230331,N
1932393,GEHC,GE HEALTHCARE TECHNOLOGIES INC.,3844,4-NON,10-Q,20230331,Y
1932591,,SLR PRIVATE CREDIT BDC II LLC,,4-NON,10-Q,20230331,N
1932737,AIIO,"NWTN, INC.",3711,4-NON,20-F,20221231,Y
1933359,NTCS,NATICS CORP.,7374,4-NON,10-K,20230430,Y
1933414,MLYS,"MINERALYS THERAPEUTICS, INC.",2834,4-NON,10-Q,20230331,Y
1934064,,"PROSOMNUS, INC.",3841,4-NON,10-K,20221231,N
1934850,FG,"F&G ANNUITIES & LIFE, INC.",6311,4-NON,10-Q,20230331,Y
1934945,,TRAILBLAZER MERGER CORP I,6770,4-NON,10-Q,20230331,N
1935033,KMFG,KEEMO FASHION GROUP LTD,5130,4-NON,10-Q,20230430,Y
1935092,CETI,"CYBER ENVIRO-TECH, INC.",3690,4-NON,10-Q,20230331,Y
1935172,AIXI,XIAO-I CORP,7372,4-NON,20-F,20221231,Y
1935979,BHVN,BIOHAVEN LTD.,2834,4-NON,10-Q,20230331,Y
1936702,,CETUS CAPITAL ACQUISITION CORP.,6770,4-NON,10-Q,20230331,N
1936756,,"NEXT BRIDGE HYDROCARBONS, INC.",1311,4-NON,10-Q,20230331,N
1937441,AMBIQ,AMBIPAR EMERGENCY RESPONSE,4955,4-NON,20-F,20221231,Y
1937653,ZYME,ZYMEWORKS INC.,2834,4-NON,10-Q,20230331,Y
1937891,AMCI,ALPHAVEST ACQUISITION CORP.,6770,4-NON,10-Q,20230331,Y
1937926,BAM,BROOKFIELD ASSET MANAGEMENT LTD.,6282,4-NON,20-F,20221231,Y
1937993,CVKD,"CADRENAL THERAPEUTICS, INC.",2834,4-NON,10-Q,20230331,Y
1938046,MGRX,"MANGOCEUTICALS, INC.",8090,4-NON,10-Q,20230331,Y
1938186,JYD,JAYUD GLOBAL LOGISTICS LTD,4731,4-NON,20-F,20221231,Y
1938338,GLTK,GLOBALTECH CORP,4813,4-NON,10-Q,20230331,Y
1938865,DPU,TOP KINGWIN LTD,7389,4-NON,20-F,20221231,Y
1939433,,"COHEN & STEERS INCOME OPPORTUNITIES REIT, INC.",6798,4-NON,10-Q,20230331,N
1939937,LMMY,L A M Y,8200,4-NON,10-Q,20230228,Y
1939965,SLMT,BRERA HOLDINGS PLC,7900,4-NON,20-F,20221231,Y
1940674,SMX,SMX (SECURITY MATTERS) PUBLIC LTD CO,3590,4-NON,20-F,20221231,Y
1941189,TANAF,TIAN'AN TECHNOLOGY GROUP LTD,3621,4-NON,20-F,20221231,Y
1941365,MBC,"MASTERBRAND, INC.",2511,4-NON,10-Q,20230331,Y
1941500,MWG,MULTI WAYS HOLDINGS LTD,3990,4-NON,20-F,20221231,Y
1941536,BAER,"BRIDGER AEROSPACE GROUP HOLDINGS, INC.",7389,4-NON,10-Q,20230331,Y
1943802,FSEA,"FIRST SEACOAST BANCORP, INC.",6035,4-NON,10-Q,20230331,Y
1944013,CR,CRANE CO,3490,4-NON,10-Q,20230331,Y
1944048,KVUE,KENVUE INC.,2844,4-NON,10-Q,20230331,Y
1944057,,COOL CO LTD.,4400,4-NON,20-F,20221231,N
1944558,VTS,"VITESSE ENERGY, INC.",1311,4-NON,10-Q,20230331,Y
1944885,APLM,APOLLOMICS INC.,2834,4-NON,20-F,20221231,Y
1944902,OMH,OHMYHOME LTD,6531,4-NON,20-F,20221231,Y
1945422,,OAK WOODS ACQUISITION CORP,6770,4-NON,10-Q,20230331,N
1945619,KSEZ,"BELLATORA, INC.",6770,4-NON,10-Q,20230331,Y
1946021,HSPOF,HORIZON SPACE ACQUISITION I CORP.,6770,4-NON,10-Q,20230331,Y
1946216,,"SYLA TECHNOLOGIES CO., LTD.",6500,4-NON,20-F,20221231,N
1948056,,KKR INFRASTRUCTURE CONGLOMERATE LLC,6799,4-NON,10-Q,20230331,N
1948368,,PHILLIP STREET MIDDLE MARKET LENDING FUND LLC,,4-NON,10-Q,20230331,N
1948455,ISPR,ISPIRE TECHNOLOGY INC.,2111,4-NON,10-Q,20230331,Y
1948565,,INVESTCORP US INSTITUTIONAL PRIVATE CREDIT FUND,,4-NON,10-Q,20230331,N
1949543,,SITIO ROYALTIES CORP.,1311,2-ACC,10-Q,20230331,N
1951378,,QILUN GROUP INC.,5190,4-NON,20-F,20221231,N
1952073,MSGE,MADISON SQUARE GARDEN ENTERTAINMENT CORP.,7990,4-NON,10-Q,20230331,Y
1953366,STHO,STAR HOLDINGS,6519,4-NON,10-Q,20230331,Y
1955010,,OHA SENIOR PRIVATE LENDING FUND (U) LLC,,4-NON,10-Q,20230331,N
1955520,KNF,KNIFE RIVER HOLDING CO,1400,4-NON,10-Q,20230331,Y
1959585,,PROTOPIA GLOBAL HOLDINGS INC.,8742,4-NON,10-Q,20230331,N
1962738,CASIF,"CASI PHARMACEUTICALS, INC.",2834,4-NON,20-F,20221231,Y
1962918,,"ACELYRIN, INC.",2834,4-NON,10-Q,20230331,N
1964333,BHRB,BURKE & HERBERT FINANCIAL SERVICES CORP.,6021,4-NON,10-Q,20230331,Y
1967306,MSBB,"MERCER BANCORP, INC.",6036,4-NON,10-Q,20230331,Y
