cik,ticker,company,sic,afs,form,period,priceable
1800,ABT,ABBOTT LABORATORIES,2834,1-LAF,10-Q,20210331,Y
1961,,WORLDS INC,7372,4-NON,10-Q,20210331,N
2098,ACU,ACME UNITED CORP,3420,2-ACC,10-Q,20210331,Y
2178,,"ADAMS RESOURCES & ENERGY, INC.",5172,4-NON,10-Q,20210331,N
2186,BKTI,BK TECHNOLOGIES,3663,4-NON,10-Q,20210331,Y
2488,AMD,ADVANCED MICRO DEVICES INC,3674,1-LAF,10-Q,20210331,Y
2969,APD,AIR PRODUCTS & CHEMICALS INC /DE/,2810,1-LAF,10-Q,20210331,Y
3197,CECO,CECO ENVIRONMENTAL CORP,3564,2-ACC,10-Q,20210331,Y
3453,MATX,"MATSON, INC.",4400,1-LAF,10-Q,20210331,Y
3499,ALX,ALEXANDERS INC,6798,2-ACC,10-Q,20210331,Y
3545,ALCO,"ALICO, INC.",0100,4-NON,10-Q,20210331,Y
3570,LNG,CHENIERE ENERGY INC,4924,1-LAF,10-Q,20210331,Y
4127,SWKS,SKYWORKS SOLUTIONS INC,3674,1-LAF,10-Q,20210331,Y
4281,HWM,HOWMET AEROSPACE INC.,3350,1-LAF,10-Q,20210331,Y
4447,,HESS CORP,2911,1-LAF,10-Q,20210331,N
4457,UHAL,AMERCO /NV/,7510,1-LAF,10-K,20210331,Y
4904,,AMERICAN ELECTRIC POWER CO INC,4911,1-LAF,10-Q,20210331,N
4962,AXP,AMERICAN EXPRESS CO,6199,1-LAF,10-Q,20210331,Y
4969,,AMERICAN EXPRESS CREDIT CORP,6153,4-NON,10-Q,20210331,N
4977,AFL,AFLAC INC,6321,1-LAF,10-Q,20210331,Y
5272,AIG,"AMERICAN INTERNATIONAL GROUP, INC.",6331,1-LAF,10-Q,20210331,Y
5513,UNM,UNUM GROUP,6321,1-LAF,10-Q,20210331,Y
5981,AVD,AMERICAN VANGUARD CORP,2870,2-ACC,10-Q,20210331,Y
6176,AP,AMPCO PITTSBURGH CORP,3561,4-NON,10-Q,20210331,Y
6201,AAL,AMERICAN AIRLINES GROUP INC.,4512,1-LAF,10-Q,20210331,Y
6281,ADI,ANALOG DEVICES INC,3674,1-LAF,10-Q,20210430,Y
6494,,ANDREA ELECTRONICS CORP,3663,4-NON,10-Q,20210331,N
6769,,APACHE CORP,1311,1-LAF,10-Q,20210331,N
6845,APOG,"APOGEE ENTERPRISES, INC.",3231,2-ACC,10-K,20210228,Y
6951,AMAT,APPLIED MATERIALS INC /DE,3674,1-LAF,10-Q,20210430,Y
6955,EPAC,ENERPAC TOOL GROUP CORP,3590,1-LAF,10-Q,20210531,Y
7039,,TRECORA RESOURCES,2911,2-ACC,10-Q,20210331,N
7084,ADM,ARCHER-DANIELS-MIDLAND CO,2070,1-LAF,10-Q,20210331,Y
7332,,SOUTHWESTERN ENERGY CO,1311,1-LAF,10-Q,20210331,N
7431,AWI,ARMSTRONG WORLD INDUSTRIES INC,3089,1-LAF,10-Q,20210331,Y
7536,ARW,ARROW ELECTRONICS INC,5065,1-LAF,10-Q,20210331,Y
7623,ARTW,ARTS WAY MANUFACTURING CO INC,3523,4-NON,10-Q,20210228,Y
7789,ASB,ASSOCIATED BANC-CORP,6022,1-LAF,10-Q,20210331,Y
8063,ATRO,ASTRONICS CORP,3728,2-ACC,10-Q,20210331,Y
8146,ALOT,"ASTRONOVA, INC.",3577,4-NON,10-K,20210131,Y
8177,AAME,ATLANTIC AMERICAN CORP,6311,4-NON,10-Q,20210331,Y
8328,,"APPLIED MINERALS, INC.",1400,4-NON,10-K,20201231,N
8504,UAVS,AGEAGLE AERIAL SYSTEMS INC.,3721,4-NON,10-Q,20210331,Y
8670,ADP,AUTOMATIC DATA PROCESSING INC,7374,1-LAF,10-Q,20210331,Y
8818,AVY,AVERY DENNISON CORP,2670,1-LAF,10-Q,20210331,Y
8858,AVT,AVNET INC,5065,1-LAF,10-Q,20210331,Y
8868,,AVON PRODUCTS INC,2844,4-NON,10-Q,20210331,N
8947,AZZ,AZZ INC,3640,1-LAF,10-K,20210228,Y
9092,BMI,BADGER METER INC,3824,1-LAF,10-Q,20210331,Y
9326,BCPC,BALCHEM CORP,2800,1-LAF,10-Q,20210331,Y
9346,,PROTECTIVE INSURANCE CORP,6331,2-ACC,10-Q,20210331,N
9389,BALL,BALL CORP,3411,1-LAF,10-Q,20210331,Y
9984,,BARNES GROUP INC,3490,1-LAF,10-Q,20210331,N
10048,BRN,BARNWELL INDUSTRIES INC,1311,4-NON,10-Q,20210331,Y
10254,,EARTHSTONE ENERGY INC,1311,2-ACC,10-Q,20210331,N
10329,BSET,BASSETT FURNITURE INDUSTRIES INC,2511,2-ACC,10-Q,20210228,Y
10456,BAX,BAXTER INTERNATIONAL INC,3841,1-LAF,10-Q,20210331,Y
10795,BDX,BECTON DICKINSON & CO,3841,1-LAF,10-Q,20210331,Y
11544,WRB,BERKLEY W R CORP,6331,1-LAF,10-Q,20210331,Y
12040,BDL,FLANIGANS ENTERPRISES INC,5812,4-NON,10-Q,20210331,Y
12208,BIO,"BIO-RAD LABORATORIES, INC.",3826,1-LAF,10-Q,20210331,Y
12239,DOMH,AIKIDO PHARMA INC.,8731,4-NON,10-Q,20210331,Y
12659,HRB,H&R BLOCK INC,7200,1-LAF,10-K,20210430,Y
12927,BA,BOEING CO,3721,1-LAF,10-Q,20210331,Y
13156,GLXZ,"GALAXY GAMING, INC.",7900,4-NON,10-Q,20210331,Y
13239,,HEXION INC.,2821,4-NON,10-Q,20210331,N
13573,,BOWL AMERICA INC,7900,4-NON,10-Q,20210331,N
14177,BRID,BRIDGFORD FOODS CORP,2013,4-NON,10-Q,20210430,Y
14272,BMY,BRISTOL MYERS SQUIBB CO,2834,1-LAF,10-Q,20210331,Y
14693,BF-A,BROWN FORMAN CORP,2080,1-LAF,10-K,20210430,Y
14707,CAL,CALERES INC,3140,2-ACC,10-Q,20210430,Y
14846,BRT,BRT APARTMENTS CORP.,6798,4-NON,10-Q,20210331,Y
14930,BC,BRUNSWICK CORP,3510,1-LAF,10-Q,20210331,Y
15357,,CHASE GENERAL CORP,2060,4-NON,10-Q,20210331,N
15615,MTZ,MASTEC INC,1623,1-LAF,10-Q,20210331,Y
16040,CBT,CABOT CORP,2890,1-LAF,10-Q,20210331,Y
16058,CACI,CACI INTERNATIONAL INC /DE/,7373,1-LAF,10-Q,20210331,Y
16099,,LUBYS INC,5812,4-NON,10-Q,20201130,N
16732,CPB,CAMPBELL SOUP CO,2000,1-LAF,10-Q,20210430,Y
16859,SRL,SCULLY ROYALTY LTD.,6029,4-NON,20-F,20201231,Y
16875,CP,CANADIAN PACIFIC RAILWAY LTD/CN,4011,1-LAF,10-Q,20210331,Y
16918,STZ,"CONSTELLATION BRANDS, INC.",2080,1-LAF,10-K,20210228,Y
17843,CRS,CARPENTER TECHNOLOGY CORP,3312,1-LAF,10-Q,20210331,Y
18230,CAT,CATERPILLAR INC,3531,1-LAF,10-Q,20210331,Y
18255,CATO,CATO CORP,5621,2-ACC,10-Q,20210430,Y
18349,,SYNOVUS FINANCIAL CORP,6021,1-LAF,10-Q,20210331,N
18498,GCO,GENESCO INC,5661,2-ACC,10-Q,20210430,Y
18926,LUMN,"LUMEN TECHNOLOGIES, INC.",4813,1-LAF,10-Q,20210331,Y
19411,,MAGELLAN HEALTH INC,8060,1-LAF,10-Q,20210331,N
19446,,CANTEL MEDICAL CORP,3841,1-LAF,10-Q,20210430,N
19584,CHE,CHEMED CORP,8082,1-LAF,10-Q,20210331,Y
19612,,TCF FINANCIAL CORP,6021,1-LAF,10-Q,20210331,N
19617,JPM,JPMORGAN CHASE & CO,6021,1-LAF,10-Q,20210331,Y
19745,CPK,CHESAPEAKE UTILITIES CORP,4923,1-LAF,10-Q,20210331,Y
19871,CVR,CHICAGO RIVET & MACHINE CO,3540,4-NON,10-Q,20210331,Y
20212,CHDN,CHURCHILL DOWNS INC,7948,1-LAF,10-Q,20210331,Y
20286,CINF,CINCINNATI FINANCIAL CORP,6331,1-LAF,10-Q,20210331,Y
20520,,FRONTIER COMMUNICATIONS CORP,4813,4-NON,10-Q,20210331,N
20639,ABCP,AMBASE CORP,6512,4-NON,10-Q,20210331,Y
21076,CLX,CLOROX CO /DE/,2842,1-LAF,10-Q,20210331,Y
21175,CNA,CNA FINANCIAL CORP,6331,1-LAF,10-Q,20210331,Y
21344,KO,COCA COLA CO,2080,1-LAF,10-Q,20210331,Y
21510,,COHERENT INC,3826,1-LAF,10-Q,20210331,N
21535,COHU,COHU INC,3825,2-ACC,10-Q,20210331,Y
21665,CL,COLGATE PALMOLIVE CO,2844,1-LAF,10-Q,20210331,Y
22356,CBSH,COMMERCE BANCSHARES INC /MO/,6022,1-LAF,10-Q,20210331,Y
22444,CMC,COMMERCIAL METALS CO,3312,1-LAF,10-Q,20210531,Y
22701,SUNE,COMMUNICATIONS SYSTEMS INC,3661,4-NON,10-Q,20210331,Y
23111,,COMPUTER TASK GROUP INC,7371,2-ACC,10-Q,20210331,N
23194,CRK,COMSTOCK RESOURCES INC,1311,2-ACC,10-Q,20210331,Y
23197,CMTL,COMTECH TELECOMMUNICATIONS CORP /DE/,3663,1-LAF,10-Q,20210430,Y
23217,CAG,CONAGRA BRANDS INC.,2000,1-LAF,10-Q,20210228,Y
23795,CTO,"CTO REALTY GROWTH, INC.",6798,2-ACC,10-Q,20210331,Y
24090,CIA,"CITIZENS, INC.",6311,2-ACC,10-Q,20210331,Y
24491,,COOPER TIRE & RUBBER CO,3011,1-LAF,10-Q,20210331,N
24545,TAP-A,MOLSON COORS BEVERAGE CO,2082,1-LAF,10-Q,20210331,Y
24741,GLW,CORNING INC /NY,3357,1-LAF,10-Q,20210331,Y
25232,CUZ,COUSINS PROPERTIES INC,6798,1-LAF,10-Q,20210331,Y
25445,CXT,CRANE CO /DE/,3490,1-LAF,10-Q,20210331,Y
25475,CRD-A,CRAWFORD & CO,6411,2-ACC,10-Q,20210331,Y
25743,TXMD,"THERAPEUTICSMD, INC.",2834,4-NON,10-Q,20210331,Y
25895,CRWS,CROWN CRAFTS INC,2211,4-NON,10-K,20210331,Y
26058,CTS,CTS CORP,3672,1-LAF,10-Q,20210331,Y
26076,,CUBIC CORP /DE/,3829,1-LAF,10-Q,20210331,N
26172,CMI,CUMMINS INC,3510,1-LAF,10-Q,20210331,Y
26324,CW,CURTISS WRIGHT CORP,3590,1-LAF,10-Q,20210331,Y
26780,DAN,DANA INC,3714,1-LAF,10-Q,20210331,Y
27419,TGT,TARGET CORP,5331,1-LAF,10-Q,20210430,Y
27673,,DEERE JOHN CAPITAL CORP,6153,4-NON,10-Q,20210430,N
27904,DAL,"DELTA AIR LINES, INC.",4512,1-LAF,10-Q,20210331,Y
27996,DLX,DELUXE CORP,2780,1-LAF,10-Q,20210331,Y
28412,,COMERICA INC /NEW/,6021,1-LAF,10-Q,20210331,N
28823,DBD,"DIEBOLD NIXDORF, INC",3578,1-LAF,10-Q,20210331,Y
28917,DDS,"DILLARD'S, INC.",5311,2-ACC,10-Q,20210430,Y
29002,DIOD,DIODES INC /DEL/,3674,1-LAF,10-Q,20210331,Y
29332,DXYN,DIXIE GROUP INC,2273,4-NON,10-Q,20210331,Y
29534,DG,DOLLAR GENERAL CORP,5331,1-LAF,10-Q,20210430,Y
29644,DCI,DONALDSON CO INC,3564,1-LAF,10-Q,20210430,Y
29669,,RR DONNELLEY & SONS CO,2750,2-ACC,10-Q,20210331,N
29905,DOV,DOVER CORP,3530,1-LAF,10-Q,20210331,Y
29989,OMC,OMNICOM GROUP INC.,7311,1-LAF,10-Q,20210331,Y
30305,DCO,DUCOMMUN INC /DE/,3728,2-ACC,10-Q,20210331,Y
30625,FLS,FLOWSERVE CORP,3561,1-LAF,10-Q,20210331,Y
30697,WEN,WENDY'S CO,5810,1-LAF,10-Q,20210331,Y
31107,EML,EASTERN CO,3420,2-ACC,10-Q,20210331,Y
31235,KODK,EASTMAN KODAK CO,3861,4-NON,10-Q,20210331,Y
31462,ECL,ECOLAB INC.,2840,1-LAF,10-Q,20210331,Y
31667,EDUC,EDUCATIONAL DEVELOPMENT CORP,5190,2-ACC,10-K,20210228,Y
32604,EMR,EMERSON ELECTRIC CO,3600,1-LAF,10-Q,20210331,Y
32621,MSN,EMERSON RADIO CORP,3651,4-NON,10-K,20210331,Y
33002,EBF,"ENNIS, INC.",2761,2-ACC,10-K,20210228,Y
33185,EFX,EQUIFAX INC,7320,1-LAF,10-Q,20210331,Y
33213,EQT,EQT CORP,1311,1-LAF,10-Q,20210331,Y
33488,ESCA,ESCALADE INC,3949,2-ACC,10-Q,20210331,Y
33533,ESP,ESPEY MFG & ELECTRONICS CORP,3679,4-NON,10-Q,20210331,Y
33992,KINS,"KINGSTONE COMPANIES, INC.",6331,4-NON,10-Q,20210331,Y
34067,BOOM,DMC GLOBAL INC.,3390,2-ACC,10-Q,20210331,Y
34088,,EXXON MOBIL CORP,2911,1-LAF,10-Q,20210331,N
34285,RLBY,RELIABILITY INC,3825,4-NON,10-Q,20210331,Y
34563,,FARMER BROTHERS CO,2090,2-ACC,10-Q,20210331,N
34782,SRCE,1ST SOURCE CORP,6022,1-LAF,10-Q,20210331,Y
34903,FRT,FEDERAL REALTY INVESTMENT TRUST,6798,1-LAF,10-Q,20210331,Y
34956,TENX,"TENAX THERAPEUTICS, INC.",2834,4-NON,10-Q,20210331,Y
35214,,FERRO CORP,2851,1-LAF,10-Q,20210331,N
35527,FITB,FIFTH THIRD BANCORP,6022,1-LAF,10-Q,20210331,Y
36029,FFIN,FIRST FINANCIAL BANKSHARES INC,6022,1-LAF,10-Q,20210331,Y
36047,,"CORELOGIC, INC.",7374,1-LAF,10-Q,20210331,N
36104,USB,US BANCORP DE,6021,1-LAF,10-Q,20210331,Y
36146,TRMK,TRUSTMARK CORP,6021,1-LAF,10-Q,20210331,Y
36270,MTB,M&T BANK CORP,6022,1-LAF,10-Q,20210331,Y
36377,FHB,"FIRST HAWAIIAN, INC.",6022,1-LAF,10-Q,20210331,Y
36506,,MACKINAC FINANCIAL CORP /MI/,6022,2-ACC,10-Q,20210331,N
36840,FREVS,FIRST REAL ESTATE INVESTMENT TRUST OF NEW JERSEY,6798,4-NON,10-Q,20210430,Y
36966,FHN,FIRST HORIZON CORP,6021,1-LAF,10-Q,20210331,Y
37472,FLXS,FLEXSTEEL INDUSTRIES INC,2510,2-ACC,10-Q,20210331,Y
37785,FMC,FMC CORP,2800,1-LAF,10-Q,20210331,Y
37808,FNB,FNB CORP/PA/,6021,1-LAF,10-Q,20210331,Y
37996,F,FORD MOTOR CO,3711,1-LAF,10-Q,20210331,Y
38009,,FORD MOTOR CREDIT CO LLC,6159,4-NON,10-Q,20210331,N
38264,FWDI,"FORWARD INDUSTRIES, INC.",3089,4-NON,10-Q,20210331,Y
38723,,1ST FRANKLIN FINANCIAL CORP,6141,4-NON,10-Q,20210331,N
38725,FELE,FRANKLIN ELECTRIC CO INC,3621,1-LAF,10-Q,20210331,Y
38777,BEN,FRANKLIN RESOURCES INC,6282,1-LAF,10-Q,20210331,Y
39020,FEIM,FREQUENCY ELECTRONICS INC,3825,4-NON,10-K,20210430,Y
39263,CFR,"CULLEN/FROST BANKERS, INC.",6021,1-LAF,10-Q,20210331,Y
39311,IBCP,INDEPENDENT BANK CORP /MI/,6022,2-ACC,10-Q,20210331,Y
39368,FUL,FULLER H B CO,2891,1-LAF,10-Q,20210531,Y
39899,,TEGNA INC,4833,1-LAF,10-Q,20210331,N
39911,GAP,GAP INC,5651,1-LAF,10-Q,20210430,Y
40211,GATX,GATX CORP,4700,1-LAF,10-Q,20210331,Y
40533,GD,GENERAL DYNAMICS CORP,3730,1-LAF,10-Q,20210331,Y
40545,GE,GENERAL ELECTRIC CO,3600,1-LAF,10-Q,20210331,Y
40570,JOB,GEE GROUP INC.,7361,4-NON,10-Q,20210331,Y
40704,GIS,GENERAL MILLS INC,2040,1-LAF,10-K,20210531,Y
40729,ALLY,ALLY FINANCIAL INC.,6022,1-LAF,10-Q,20210331,Y
40888,,"AEROJET ROCKETDYNE HOLDINGS, INC.",3760,1-LAF,10-Q,20210331,N
40987,GPC,GENUINE PARTS CO,5013,1-LAF,10-Q,20210331,Y
41719,MAGN,GLATFELTER CORP,2621,1-LAF,10-Q,20210331,Y
42582,GT,GOODYEAR TIRE & RUBBER CO /OH/,3011,1-LAF,10-Q,20210331,Y
42682,GRC,GORMAN RUPP CO,3561,2-ACC,10-Q,20210331,Y
42888,GGG,GRACO INC,3561,1-LAF,10-Q,20210331,Y
43196,GTN,GRAY TELEVISION INC,4833,1-LAF,10-Q,20210331,Y
43920,GEF,"GREIF, INC",3412,1-LAF,10-Q,20210430,Y
45012,HAL,HALLIBURTON CO,1389,1-LAF,10-Q,20210331,Y
45876,,HARSCO CORP,8900,1-LAF,10-Q,20210331,N
45919,HHS,HARTE HANKS INC,7331,4-NON,10-Q,20210331,Y
46080,HAS,"HASBRO, INC.",3944,1-LAF,10-Q,20210331,Y
46129,ALNT,ALLIED MOTION TECHNOLOGIES INC,3825,2-ACC,10-Q,20210331,Y
46195,BOH,BANK OF HAWAII CORP,6022,1-LAF,10-Q,20210331,Y
46250,HWKN,HAWKINS INC,5160,2-ACC,10-K,20210331,Y
46619,HEI,HEICO CORP,3724,1-LAF,10-Q,20210430,Y
46765,HP,"HELMERICH & PAYNE, INC.",1381,1-LAF,10-Q,20210331,Y
47111,HSY,HERSHEY CO,2060,1-LAF,10-Q,20210331,Y
47217,HPQ,HP INC,3570,1-LAF,10-Q,20210430,Y
47307,,CRAWFORD UNITED CORP,3823,4-NON,10-Q,20210331,N
47518,,"HILL-ROM HOLDINGS, INC.",3841,1-LAF,10-Q,20210331,N
48039,,HOLLYFRONTIER CORP,2911,1-LAF,10-Q,20210331,N
48287,HNI,HNI CORP,2522,1-LAF,10-Q,20210331,Y
48465,HRL,HORMEL FOODS CORP /DE/,2011,1-LAF,10-Q,20210430,Y
48898,HUBB,HUBBELL INC,3670,1-LAF,10-Q,20210331,Y
49071,HUM,HUMANA INC,6324,1-LAF,10-Q,20210331,Y
49196,HBAN,HUNTINGTON BANCSHARES INC /MD/,6021,1-LAF,10-Q,20210331,Y
49600,EGP,EASTGROUP PROPERTIES INC,6798,1-LAF,10-Q,20210331,Y
49728,,IEC ELECTRONICS CORP,3672,4-NON,10-Q,20210331,N
49754,DIN,"DINE BRANDS GLOBAL, INC.",5812,1-LAF,10-Q,20210331,Y
49826,ITW,ILLINOIS TOOL WORKS INC,3560,1-LAF,10-Q,20210331,Y
49938,IMO,IMPERIAL OIL LTD,2911,1-LAF,10-Q,20210331,Y
50471,TRAK,PARK CITY GROUP INC,7374,4-NON,10-Q,20210331,Y
50493,IMKTA,INGLES MARKETS INC,5411,2-ACC,10-Q,20210331,Y
50725,GFF,GRIFFON CORP,3442,1-LAF,10-Q,20210331,Y
50863,INTC,INTEL CORP,3674,1-LAF,10-Q,20210331,Y
51011,,INTERDYNE CO,6770,4-NON,10-Q,20210331,N
51143,IBM,INTERNATIONAL BUSINESS MACHINES CORP,3570,1-LAF,10-Q,20210331,Y
51253,IFF,INTERNATIONAL FLAVORS & FRAGRANCES INC,2860,1-LAF,10-Q,20210331,Y
51434,IP,INTERNATIONAL PAPER CO /NEW/,2621,1-LAF,10-Q,20210331,Y
51644,,"INTERPUBLIC GROUP OF COMPANIES, INC.",7311,1-LAF,10-Q,20210331,N
52827,RYN,RAYONIER INC,6798,1-LAF,10-Q,20210331,Y
52988,J,JACOBS ENGINEERING GROUP INC /DE/,1600,1-LAF,10-Q,20210331,Y
54187,MAYS,MAYS J W INC,6512,4-NON,10-Q,20210430,Y
54381,,KAMAN CORP,3760,1-LAF,10-Q,20210331,N
54480,,KANSAS CITY SOUTHERN,4011,1-LAF,10-Q,20210331,N
55067,,KELLOGG CO,2040,1-LAF,10-Q,20210331,N
55135,KELYA,KELLY SERVICES INC,7363,2-ACC,10-Q,20210331,Y
55242,KMT,KENNAMETAL INC,3541,1-LAF,10-Q,20210331,Y
55772,,KIMBALL INTERNATIONAL INC,2510,1-LAF,10-Q,20210331,N
55785,KMB,KIMBERLY CLARK CORP,2670,1-LAF,10-Q,20210331,Y
56047,KEX,KIRBY CORP,4400,1-LAF,10-Q,20210331,Y
56679,KFY,KORN FERRY,7361,1-LAF,10-K,20210430,Y
56701,KOSS,KOSS CORP,3651,4-NON,10-Q,20210331,Y
56868,PNRG,PRIMEENERGY RESOURCES CORP,1311,4-NON,10-K,20201231,Y
56873,KR,KROGER CO,5411,1-LAF,10-Q,20210531,Y
56978,KLIC,KULICKE & SOFFA INDUSTRIES INC,3674,1-LAF,10-Q,20210331,Y
57131,LZB,LA-Z-BOY INC,2510,1-LAF,10-K,20210430,Y
57515,MZTI,LANCASTER COLONY CORP,2030,1-LAF,10-Q,20210331,Y
57725,,LANNETT CO INC,2834,2-ACC,10-Q,20210331,N
58361,LEE,"LEE ENTERPRISES, INC",2711,4-NON,10-Q,20210331,Y
58492,LEG,LEGGETT & PLATT INC,2510,1-LAF,10-Q,20210331,Y
59255,VHI,VALHI INC /DE/,2810,4-NON,10-Q,20210331,Y
59440,,VECTOR GROUP LTD,2111,1-LAF,10-Q,20210331,N
59478,LLY,ELI LILLY & CO,2834,1-LAF,10-Q,20210331,Y
59527,LECO,LINCOLN ELECTRIC HOLDINGS INC,3540,1-LAF,10-Q,20210331,Y
59558,LNC,LINCOLN NATIONAL CORP,6311,1-LAF,10-Q,20210331,Y
59860,,GOLDRICH MINING CO,1000,4-NON,10-K,20201231,N
60086,L,LOEWS CORP,6331,1-LAF,10-Q,20210331,Y
60519,LPX,LOUISIANA-PACIFIC CORP,2400,1-LAF,10-Q,20210331,Y
60667,LOW,LOWES COMPANIES INC,5211,1-LAF,10-Q,20210430,Y
60714,LXU,LSB INDUSTRIES INC,2810,4-NON,10-Q,20210331,Y
60977,,LYDALL INC /DE/,3714,2-ACC,10-Q,20210331,N
61004,LGL,LGL GROUP INC,3679,4-NON,10-Q,20210331,Y
61398,,TELLURIAN INC. /DE/,1311,4-NON,10-Q,20210331,N
61986,MTW,MANITOWOC CO INC,3531,2-ACC,10-Q,20210331,Y
62234,MCS,MARCUS CORP,7830,2-ACC,10-Q,20210331,Y
62709,MRSH,"MARSH & MCLENNAN COMPANIES, INC.",6411,1-LAF,10-Q,20210331,Y
62996,MAS,MASCO CORP /DE/,3430,1-LAF,10-Q,20210331,Y
63276,MAT,MATTEL INC /DE/,3942,1-LAF,10-Q,20210331,Y
63296,MATW,MATTHEWS INTERNATIONAL CORP,3360,1-LAF,10-Q,20210331,Y
63330,MLP,MAUI LAND & PINEAPPLE CO INC,6500,4-NON,10-Q,20210331,Y
63908,MCD,MCDONALDS CORP,5812,1-LAF,10-Q,20210331,Y
64040,SPGI,S&P GLOBAL INC.,7320,1-LAF,10-Q,20210331,Y
64463,SLNH,MECHANICAL TECHNOLOGY INC,3829,4-NON,10-Q,20210331,Y
64472,GENC,GENCOR INDUSTRIES INC,3531,4-NON,10-Q,20210331,Y
64803,CVS,CVS HEALTH CORP,5912,1-LAF,10-Q,20210331,Y
64996,MCY,MERCURY GENERAL CORP,6331,1-LAF,10-Q,20210331,Y
65011,,MEREDITH CORP,2721,1-LAF,10-Q,20210331,N
65172,MSB,MESABI TRUST,6795,4-NON,10-K,20210131,Y
65270,MEI,METHODE ELECTRONICS INC,3678,1-LAF,10-K,20210430,Y
65312,EVI,"EVI INDUSTRIES, INC.",7200,2-ACC,10-Q,20210331,Y
65596,SIEB,SIEBERT FINANCIAL CORP,6211,4-NON,10-Q,20210331,Y
65759,,MICROPAC INDUSTRIES INC,3674,4-NON,10-Q,20210228,N
65770,MVIS,"MICROVISION, INC.",3679,4-NON,10-Q,20210331,Y
65984,ETR,ENTERGY CORP /DE/,4911,1-LAF,10-Q,20210331,Y
66004,MSEX,MIDDLESEX WATER CO,4941,1-LAF,10-Q,20210331,Y
66382,MLKN,HERMAN MILLER INC,2520,1-LAF,10-Q,20210228,Y
66418,MXC,MEXCO ENERGY CORP,1311,4-NON,10-K,20210331,Y
66496,MMTRS,MILLS MUSIC TRUST,6794,4-NON,10-Q,20210331,Y
66570,MSA,MSA SAFETY INC,3842,1-LAF,10-Q,20210331,Y
66600,,"QUAD M SOLUTIONS, INC.",1090,4-NON,10-Q,20210331,N
66740,MMM,3M CO,3841,1-LAF,10-Q,20210331,Y
66756,,ALLETE INC,4931,1-LAF,10-Q,20210331,N
67215,DY,DYCOM INDUSTRIES INC,1623,1-LAF,10-Q,20210430,Y
67347,MOD,MODINE MANUFACTURING CO,3714,2-ACC,10-K,20210331,Y
67625,,MONMOUTH REAL ESTATE INVESTMENT CORP,6798,1-LAF,10-Q,20210331,N
67716,MDU,MDU RESOURCES GROUP INC,1400,1-LAF,10-Q,20210331,Y
67887,MOG-A,MOOG INC.,3590,1-LAF,10-Q,20210331,Y
68505,MSI,"MOTOROLA SOLUTIONS, INC.",3663,1-LAF,10-Q,20210331,Y
68622,CTGG,QWEST CORP,4813,4-NON,10-Q,20210331,Y
69422,INTG,INTERGROUP CORP,6513,4-NON,10-Q,20210331,Y
69488,MYE,MYERS INDUSTRIES INC,3089,2-ACC,10-Q,20210331,Y
69633,NSSC,"NAPCO SECURITY TECHNOLOGIES, INC",3669,2-ACC,10-Q,20210331,Y
69733,NATH,"NATHANS FAMOUS, INC.",5812,2-ACC,10-K,20210331,Y
69891,FIZZ,NATIONAL BEVERAGE CORP,2086,1-LAF,10-K,20210430,Y
70145,NFG,NATIONAL FUEL GAS CO,4924,1-LAF,10-Q,20210331,Y
70318,THC,TENET HEALTHCARE CORP,8062,1-LAF,10-Q,20210331,Y
70415,,GP STRATEGIES CORP,8200,2-ACC,10-Q,20210331,N
70487,NRC,NATIONAL RESEARCH CORP,8731,2-ACC,10-Q,20210331,Y
70502,NRUC,NATIONAL RURAL UTILITIES COOPERATIVE FINANCE CORP /DC/,6159,4-NON,10-Q,20210228,Y
70858,BAC,BANK OF AMERICA CORP /DE/,6021,1-LAF,10-Q,20210331,Y
70866,VYX,NCR CORP,3578,1-LAF,10-Q,20210331,Y
71691,NYT,NEW YORK TIMES CO,2711,1-LAF,10-Q,20210331,Y
71829,NPKI,NEWPARK RESOURCES INC,3533,2-ACC,10-Q,20210331,Y
72162,NL,NL INDUSTRIES INC,2810,4-NON,10-Q,20210331,Y
72205,NOBH,NOBILITY HOMES INC,2451,4-NON,10-Q,20210430,Y
72331,NDSN,NORDSON CORP,3569,1-LAF,10-Q,20210430,Y
72333,,NORDSTROM INC,5651,1-LAF,10-Q,20210430,N
72444,VXRT,"VAXART, INC.",2836,1-LAF,10-Q,20210331,Y
72573,MOV,MOVADO GROUP INC,3873,2-ACC,10-Q,20210430,Y
72741,ES,EVERSOURCE ENERGY,4911,1-LAF,10-Q,20210331,Y
72903,XEL,XCEL ENERGY INC,4931,1-LAF,10-Q,20210331,Y
72909,,NORTHERN STATES POWER CO /WI/,4931,4-NON,10-Q,20210331,N
72971,WFC,WELLS FARGO & COMPANY/MN,6021,1-LAF,10-Q,20210331,Y
73088,,NORTHWESTERN CORP,4931,1-LAF,10-Q,20210331,N
73124,NTRS,NORTHERN TRUST CORP,6022,1-LAF,10-Q,20210331,Y
73290,BMRA,BIOMERICA INC,2835,4-NON,10-Q,20210228,Y
73309,NUE,NUCOR CORP,3312,1-LAF,10-Q,20210331,Y
73756,OII,OCEANEERING INTERNATIONAL INC,1389,1-LAF,10-Q,20210331,Y
74046,ODC,OIL-DRI CORP OF AMERICA,3990,2-ACC,10-Q,20210430,Y
74208,UDR,"UDR, INC.",6798,1-LAF,10-Q,20210331,Y
74260,ORI,OLD REPUBLIC INTERNATIONAL CORP,6351,1-LAF,10-Q,20210331,Y
74303,OLN,OLIN CORP,2800,1-LAF,10-Q,20210331,Y
75208,,OVERSEAS SHIPHOLDING GROUP INC,4412,2-ACC,10-K,20201231,N
75252,ACH,OWENS & MINOR INC/VA/,5047,2-ACC,10-Q,20210331,Y
75288,OXM,OXFORD INDUSTRIES INC,2320,2-ACC,10-Q,20210430,Y
75340,,P&F INDUSTRIES INC,3540,4-NON,10-Q,20210331,N
75362,PCAR,PACCAR INC,3711,1-LAF,10-Q,20210331,Y
75677,PKG,PACKAGING CORP OF AMERICA,2650,1-LAF,10-Q,20210331,Y
76063,,"PANHANDLE EASTERN PIPE LINE COMPANY, LP",4922,4-NON,10-Q,20210331,N
76267,PKE,PARK AEROSPACE CORP,3728,4-NON,10-K,20210228,Y
76282,PKOH,PARK OHIO HOLDINGS CORP,3460,2-ACC,10-Q,20210331,Y
76334,PH,PARKER HANNIFIN CORP,3490,1-LAF,10-Q,20210331,Y
76605,PATK,PATRICK INDUSTRIES INC,3714,1-LAF,10-Q,20210331,Y
77159,,PENN VIRGINIA CORP,1311,2-ACC,10-Q,20210331,N
77281,,PENNSYLVANIA REAL ESTATE INVESTMENT TRUST,6798,2-ACC,10-Q,20210331,N
77360,PNR,PENTAIR PLC,3550,1-LAF,10-Q,20210331,Y
77476,PEP,PEPSICO INC,2080,1-LAF,10-Q,20210331,Y
77543,TPC,TUTOR PERINI CORP,1540,2-ACC,10-Q,20210331,Y
77877,,"PDC ENERGY, INC.",1311,1-LAF,10-Q,20210331,N
78003,PFE,PFIZER INC,2834,1-LAF,10-Q,20210331,Y
78128,WTRG,"ESSENTIAL UTILITIES, INC.",4941,1-LAF,10-Q,20210331,Y
78150,PHI,PLDT INC.,4813,1-LAF,20-F,20201231,Y
78239,PVH,PVH CORP. /DE/,2320,1-LAF,10-Q,20210430,Y
78749,AGYS,AGILYSYS INC,7373,2-ACC,10-K,20210331,Y
78814,PBI,PITNEY BOWES INC /DE/,3579,2-ACC,10-Q,20210331,Y
78890,BCO,BRINKS CO,4731,1-LAF,10-Q,20210331,Y
79282,BRO,"BROWN & BROWN, INC.",6411,1-LAF,10-Q,20210331,Y
79661,PRSI,PORTSMOUTH SQUARE INC,6552,4-NON,10-Q,20210331,Y
79879,PPG,PPG INDUSTRIES INC,2851,1-LAF,10-Q,20210331,Y
80035,PLPC,PREFORMED LINE PRODUCTS CO,1623,2-ACC,10-Q,20210331,Y
80172,NPK,NATIONAL PRESTO INDUSTRIES INC,3480,2-ACC,10-Q,20210331,Y
80420,POWL,POWELL INDUSTRIES INC,3613,2-ACC,10-Q,20210331,Y
80424,PG,PROCTER & GAMBLE CO,2840,1-LAF,10-Q,20210331,Y
80661,PGR,PROGRESSIVE CORP/OH/,6331,1-LAF,10-Q,20210331,Y
81018,,PUBLIC SERVICE CO OF COLORADO,4931,4-NON,10-Q,20210331,N
81061,,PUBLIX SUPER MARKETS INC,5411,4-NON,10-Q,20210331,N
81157,,PGI INC,6500,4-NON,10-Q,20210331,N
81362,KWR,QUAKER CHEMICAL CORP,2990,1-LAF,10-Q,20210331,Y
82020,USLM,UNITED STATES LIME & MINERALS INC,1400,2-ACC,10-Q,20210331,Y
82166,,RAVEN INDUSTRIES INC,3081,1-LAF,10-Q,20210430,N
82473,IHT,INNSUITES HOSPITALITY TRUST,6798,4-NON,10-K,20210131,Y
82811,RRX,REGAL BELOIT CORP,3621,1-LAF,10-Q,20210331,Y
83246,,HSBC USA INC /MD/,6021,4-NON,10-Q,20210331,N
83350,RSRV,RESERVE PETROLEUM CO,1311,4-NON,10-Q,20210331,Y
84129,,RITE AID CORP,5912,2-ACC,10-K,20210228,N
84246,RLI,RLI CORP,6331,1-LAF,10-Q,20210331,Y
84748,ROG,ROGERS CORP,2821,1-LAF,10-Q,20210331,Y
84839,ROL,ROLLINS INC,7340,1-LAF,10-Q,20210331,Y
85535,RGLD,ROYAL GOLD INC,6795,1-LAF,10-Q,20210331,Y
85961,R,RYDER SYSTEM INC,7510,1-LAF,10-Q,20210331,Y
86115,SFES,SAFEGUARD SCIENTIFICS INC,6799,4-NON,10-Q,20210331,Y
86312,TRV,"TRAVELERS COMPANIES, INC.",6331,1-LAF,10-Q,20210331,Y
87047,,SB PARTNERS,6512,4-NON,10-Q,20210331,N
87050,NEON,NEONODE INC.,3679,4-NON,10-Q,20210331,Y
87347,SLB,SCHLUMBERGER LIMITED/NV,1389,1-LAF,10-Q,20210331,Y
87802,SCND,SCIENTIFIC INDUSTRIES INC,3826,4-NON,10-Q,20210331,Y
88000,HKHC,SCOTT'S LIQUID GOLD - INC.,2844,4-NON,10-Q,20210331,Y
88121,SEB,SEABOARD CORP /DE/,5150,1-LAF,10-Q,20210331,Y
88205,SPXC,SPX CORP,3540,1-LAF,10-Q,20210331,Y
88790,,INTRICON CORP,3670,2-ACC,10-Q,20210331,N
88941,SMTC,SEMTECH CORP,3674,1-LAF,10-Q,20210430,Y
88948,SENEA,SENECA FOODS CORP,2033,2-ACC,10-K,20210331,Y
89089,SCI,SERVICE CORP INTERNATIONAL,7200,1-LAF,10-Q,20210331,Y
89140,,SERVOTRONICS INC /DE/,3420,4-NON,10-K,20201231,N
89439,MLI,MUELLER INDUSTRIES INC,3350,1-LAF,10-Q,20210331,Y
89800,SHW,SHERWIN WILLIAMS CO,5200,1-LAF,10-Q,20210331,Y
90168,SIF,SIFCO INDUSTRIES INC,3724,4-NON,10-Q,20210331,Y
90498,SFNC,SIMMONS FIRST NATIONAL CORP,6021,1-LAF,10-Q,20210331,Y
90896,SKY,SKYLINE CHAMPION CORP,2451,1-LAF,10-K,20210331,Y
91142,AOS,SMITH A O CORP,3630,1-LAF,10-Q,20210331,Y
91419,SJM,J M SMUCKER CO,2033,1-LAF,10-K,20210430,Y
91440,SNA,SNAP-ON INC,3420,1-LAF,10-Q,20210331,Y
91668,SODI,SOLITRON DEVICES INC,3674,4-NON,10-K,20210228,Y
91767,SON,SONOCO PRODUCTS CO,2650,1-LAF,10-Q,20210331,Y
91882,,"DOMINION ENERGY SOUTH CAROLINA, INC.",4931,4-NON,10-Q,20210331,N
91928,,SOUTH JERSEY INDUSTRIES INC,4924,1-LAF,10-Q,20210331,N
92122,SO,SOUTHERN CO,4911,1-LAF,10-Q,20210331,Y
92230,TFC,TRUIST FINANCIAL CORP,6021,1-LAF,10-Q,20210331,Y
92380,LUV,SOUTHWEST AIRLINES CO,4512,1-LAF,10-Q,20210331,Y
92521,,SOUTHWESTERN PUBLIC SERVICE CO,4931,4-NON,10-Q,20210331,N
93314,VNRX,VOLITIONRX LTD,2835,4-NON,10-Q,20210331,Y
93389,SMP,"STANDARD MOTOR PRODUCTS, INC.",3714,1-LAF,10-Q,20210331,Y
93410,CVX,CHEVRON CORP,2911,1-LAF,10-Q,20210331,Y
93556,SWK,"STANLEY BLACK & DECKER, INC.",3420,1-LAF,10-Q,20210331,Y
93676,,STARRETT L S CO,3420,4-NON,10-Q,20210331,N
93751,STT,STATE STREET CORP,6022,1-LAF,10-Q,20210331,Y
94049,SCL,STEPAN CO,2840,1-LAF,10-Q,20210331,Y
94344,STC,STEWART INFORMATION SERVICES CORP,6361,1-LAF,10-Q,20210331,Y
94845,LEVI,LEVI STRAUSS & CO,2300,1-LAF,10-Q,20210228,Y
95029,RGR,STURM RUGER & CO INC,3480,1-LAF,10-Q,20210331,Y
95552,,SUPERIOR INDUSTRIES INTERNATIONAL INC,3714,4-NON,10-Q,20210331,N
95574,SGC,"SUPERIOR GROUP OF COMPANIES, INC.",2300,2-ACC,10-Q,20210331,Y
95953,ACNT,SYNALLOY CORP,3317,4-NON,10-Q,20210331,Y
96021,SYY,SYSCO CORP,5140,1-LAF,10-Q,20210331,Y
96223,JEF,JEFFERIES FINANCIAL GROUP INC.,6211,1-LAF,10-Q,20210228,Y
96271,,TAMPA ELECTRIC CO,4911,4-NON,10-Q,20210331,N
96699,,TECHNICAL COMMUNICATIONS CORP,3663,4-NON,10-Q,20210331,N
96793,,SUNLINK HEALTH SYSTEMS INC,8062,4-NON,10-Q,20210331,N
96869,TRC,TEJON RANCH CO,6500,4-NON,10-Q,20210331,Y
96885,,TEL INSTRUMENT ELECTRONICS CORP,3670,4-NON,10-K,20210331,N
96943,TFX,TELEFLEX INC,3841,1-LAF,10-Q,20210331,Y
97134,TNC,TENNANT CO,3580,1-LAF,10-Q,20210331,Y
97210,TER,"TERADYNE, INC",3825,1-LAF,10-Q,20210331,Y
97216,TEX,TEREX CORP,3537,1-LAF,10-Q,20210331,Y
97476,TXN,TEXAS INSTRUMENTS INC,3674,1-LAF,10-Q,20210331,Y
97745,TMO,THERMO FISHER SCIENTIFIC INC.,3829,1-LAF,10-Q,20210331,Y
98222,TDW,TIDEWATER INC,4400,2-ACC,10-Q,20210331,Y
98338,,TSR INC,7371,4-NON,10-Q,20210228,N
98362,TKR,TIMKEN CO,3562,1-LAF,10-Q,20210331,Y
98677,TR,TOOTSIE ROLL INDUSTRIES INC,2060,1-LAF,10-Q,20210331,Y
99106,,TRANS LUX CORP,3990,4-NON,10-Q,20210331,N
99250,,"TRANSCONTINENTAL GAS PIPE LINE COMPANY, LLC",4922,4-NON,10-Q,20210331,N
99302,TRNS,TRANSCAT INC,3825,2-ACC,10-K,20210331,Y
99780,TRN,TRINITY INDUSTRIES INC,3743,1-LAF,10-Q,20210331,Y
100122,,TUCSON ELECTRIC POWER CO,4911,4-NON,10-Q,20210331,N
100378,TWIN,TWIN DISC INC,3560,2-ACC,10-Q,20210331,Y
100493,TSN,"TYSON FOODS, INC.",2015,1-LAF,10-Q,20210331,Y
100517,UAL,"UNITED AIRLINES HOLDINGS, INC.",4512,1-LAF,10-Q,20210331,Y
100591,AGX,ARGAN INC,1700,2-ACC,10-K,20210131,Y
100716,,UNICO AMERICAN CORP,6331,4-NON,10-Q,20210331,N
100726,UFI,UNIFI INC,2200,2-ACC,10-Q,20210331,Y
100790,,UNION CARBIDE CORP /NEW/,2860,4-NON,10-Q,20210331,N
100885,UNP,UNION PACIFIC CORP,4011,1-LAF,10-Q,20210331,Y
101199,UFCS,UNITED FIRE GROUP INC,6331,1-LAF,10-Q,20210331,Y
101295,UG,UNITED GUARDIAN INC,2844,4-NON,10-Q,20210331,Y
101382,UMBF,UMB FINANCIAL CORP,6021,1-LAF,10-Q,20210331,Y
101538,UAMY,UNITED STATES ANTIMONY CORP,3330,4-NON,10-Q,20210331,Y
101594,BSIN,US ENERGY CORP,1311,4-NON,10-Q,20210331,Y
101778,,MARATHON OIL CORP,1311,1-LAF,10-Q,20210331,N
101829,RTX,RAYTHEON TECHNOLOGIES CORP,3724,1-LAF,10-Q,20210331,Y
101984,UEIC,UNIVERSAL ELECTRONICS INC,3651,2-ACC,10-Q,20210331,Y
102037,UVV,UNIVERSAL CORP /VA/,5150,1-LAF,10-K,20210331,Y
102212,UVSP,UNIVEST FINANCIAL CORP,6022,2-ACC,10-Q,20210331,Y
102729,VMI,VALMONT INDUSTRIES INC,3440,1-LAF,10-Q,20210331,Y
102752,VSEC,VSE CORP,8711,2-ACC,10-Q,20210331,Y
103145,VECO,VEECO INSTRUMENTS INC,3559,1-LAF,10-Q,20210331,Y
103379,VFC,V F CORP,2320,1-LAF,10-K,20210331,Y
103595,VLGEA,VILLAGE SUPER MARKET INC,5411,2-ACC,10-Q,20210430,Y
103730,VSH,VISHAY INTERTECHNOLOGY INC,3670,1-LAF,10-Q,20210331,Y
103872,,"VOLT INFORMATION SCIENCES, INC.",7363,4-NON,10-Q,20210430,N
104169,WMT,WALMART INC.,5331,1-LAF,10-Q,20210430,Y
104819,,WASHINGTON GAS LIGHT CO,4924,4-NON,10-Q,20210331,N
104889,GHC,GRAHAM HOLDINGS CO,8200,1-LAF,10-Q,20210331,Y
104894,ELME,WASHINGTON REAL ESTATE INVESTMENT TRUST,6798,1-LAF,10-Q,20210331,Y
104918,AVA,AVISTA CORP,4931,1-LAF,10-Q,20210331,Y
105016,WSO,WATSCO INC,5070,1-LAF,10-Q,20210331,Y
105132,WDFC,WD 40 CO,2890,1-LAF,10-Q,20210228,Y
105319,WW,"WW INTERNATIONAL, INC.",7200,1-LAF,10-Q,20210331,Y
105418,WMK,WEIS MARKETS INC,5411,2-ACC,10-Q,20210331,Y
105634,EME,"EMCOR GROUP, INC.",1731,1-LAF,10-Q,20210331,Y
105744,GBR,"NEW CONCEPT ENERGY, INC.",1311,4-NON,10-Q,20210331,Y
105770,WST,WEST PHARMACEUTICAL SERVICES INC,3060,1-LAF,10-Q,20210331,Y
106040,WDC,WESTERN DIGITAL CORP,3572,1-LAF,10-Q,20210331,Y
106532,WEYS,WEYCO GROUP INC,5130,2-ACC,10-Q,20210331,Y
106535,WY,WEYERHAEUSER CO,6798,1-LAF,10-Q,20210331,Y
106640,WHR,WHIRLPOOL CORP /DE/,3630,1-LAF,10-Q,20210331,Y
107263,WMB,"WILLIAMS COMPANIES, INC.",4922,1-LAF,10-Q,20210331,Y
107687,WGO,WINNEBAGO INDUSTRIES INC,3716,1-LAF,10-Q,20210531,Y
107815,WELPP,WISCONSIN ELECTRIC POWER CO,4911,4-NON,10-Q,20210331,Y
107833,,WISCONSIN PUBLIC SERVICE CORP,4931,4-NON,10-Q,20210331,N
108312,WWD,"WOODWARD, INC.",3620,1-LAF,10-Q,20210331,Y
108385,WRLD,WORLD ACCEPTANCE CORP,6141,2-ACC,10-K,20210331,Y
108516,WOR,WORTHINGTON INDUSTRIES INC,3310,1-LAF,10-Q,20210228,Y
108985,YORW,YORK WATER CO,4941,4-NON,10-Q,20210331,Y
109177,SPB,"SPECTRUM BRANDS HOLDINGS, INC.",3690,1-LAF,10-Q,20210331,Y
109198,TJX,TJX COMPANIES INC /DE/,5651,1-LAF,10-Q,20210430,Y
109380,ZION,"ZIONS BANCORPORATION, NATIONAL ASSOCIATION /UT/",6021,1-LAF,10-Q,20210331,Y
109563,AIT,APPLIED INDUSTRIAL TECHNOLOGIES INC,5080,1-LAF,10-Q,20210331,Y
109657,GTBP,"GT BIOPHARMA, INC.",2834,4-NON,10-K,20201231,Y
110019,,NORTHWEST PIPELINE LLC,4922,4-NON,10-Q,20210331,N
110471,WWW,WOLVERINE WORLD WIDE INC /DE/,3140,1-LAF,10-Q,20210331,Y
110621,RPM,RPM INTERNATIONAL INC/DE/,2851,1-LAF,10-Q,20210228,Y
200406,JNJ,JOHNSON & JOHNSON,2834,1-LAF,10-Q,20210331,Y
202058,LHX,"L3HARRIS TECHNOLOGIES, INC. /DE/",3812,1-LAF,10-Q,20210331,Y
202947,CPTP,CAPITAL PROPERTIES INC /RI/,6519,4-NON,10-Q,20210331,Y
203596,WSBC,WESBANCO INC,6021,1-LAF,10-Q,20210331,Y
205402,,GRAYBAR ELECTRIC CO INC,5063,4-NON,10-Q,20210331,N
215466,CDE,"COEUR MINING, INC.",1040,1-LAF,10-Q,20210331,Y
216085,HVT,HAVERTY FURNITURE COMPANIES INC,5712,2-ACC,10-Q,20210331,Y
216228,ITT,ITT INC.,3561,1-LAF,10-Q,20210331,Y
216877,,PISMO COAST VILLAGE INC,7000,4-NON,10-Q,20210331,N
217346,TXT,TEXTRON INC,3720,1-LAF,10-Q,20210331,Y
225211,,TOUCHPOINT GROUP HOLDINGS INC.,3661,4-NON,10-K,20201231,N
225628,,"PASSUR AEROSPACE, INC.",3812,4-NON,10-Q,20210430,N
225648,,COVANTA HOLDING CORP,4991,1-LAF,10-Q,20210331,N
230557,SIGI,SELECTIVE INSURANCE GROUP INC,6331,1-LAF,10-Q,20210331,Y
275053,NATR,NATURES SUNSHINE PRODUCTS INC,2834,2-ACC,10-Q,20210331,Y
275880,PSN,PARSONS CORP,7373,1-LAF,10-Q,20210331,Y
276720,PCYO,PURE CYCLE CORP,4941,4-NON,10-Q,20210228,Y
277135,GWW,"W.W. GRAINGER, INC.",5000,1-LAF,10-Q,20210331,Y
277509,FSS,FEDERAL SIGNAL CORP /DE/,3711,1-LAF,10-Q,20210331,Y
277638,,DAVEY TREE EXPERT CO,0700,2-ACC,10-Q,20210331,N
277948,CSX,CSX CORP,4011,1-LAF,10-Q,20210331,Y
278165,OMQS,OMNIQ CORP.,7373,4-NON,10-Q,20210331,Y
278166,CVCO,CAVCO INDUSTRIES INC.,2451,1-LAF,10-K,20210331,Y
310142,SXT,SENSIENT TECHNOLOGIES CORP,2860,1-LAF,10-Q,20210331,Y
310158,MRK,"MERCK & CO., INC.",2834,1-LAF,10-Q,20210331,Y
310354,SXI,STANDEX INTERNATIONAL CORP/DE/,3580,1-LAF,10-Q,20210331,Y
310522,FNMA,FEDERAL NATIONAL MORTGAGE ASSOCIATION FANNIE MAE,6111,1-LAF,10-Q,20210331,Y
310764,SYK,STRYKER CORP,3841,1-LAF,10-Q,20210331,Y
310826,,PROTECTIVE LIFE INSURANCE CO,6311,4-NON,10-Q,20210331,N
311094,WABC,WESTAMERICA BANCORPORATION,6021,1-LAF,10-Q,20210331,Y
311817,,HMG COURTLAND PROPERTIES INC,6798,4-NON,10-Q,20210331,N
312257,IVFH,INNOVATIVE FOOD HOLDINGS INC,5141,4-NON,10-K,20201231,Y
313143,HAE,HAEMONETICS CORP,3841,1-LAF,10-K,20210331,Y
313151,,SADDLEBROOK RESORTS INC,6500,4-NON,10-K,20201231,N
313616,DHR,DANAHER CORP /DE/,3823,1-LAF,10-Q,20210331,Y
313838,SONY,SONY GROUP CORP,3651,1-LAF,20-F,20210331,Y
313927,CHD,CHURCH & DWIGHT CO INC /DE/,2840,1-LAF,10-Q,20210331,Y
314203,MUX,MCEWEN MINING INC.,1040,2-ACC,10-Q,20210331,Y
314227,TOMZ,"TOMI ENVIRONMENTAL SOLUTIONS, INC.",2860,4-NON,10-Q,20210331,Y
314489,BUSE,FIRST BUSEY CORP /NV/,6022,1-LAF,10-Q,20210331,Y
314808,VAL,VALARIS PLC,1381,2-ACC,10-Q,20210331,Y
315131,,PHX MINERALS INC.,1311,4-NON,10-Q,20210331,N
315189,DE,DEERE & CO,3523,1-LAF,10-Q,20210430,Y
315213,RHI,ROBERT HALF INTERNATIONAL INC.,7363,1-LAF,10-Q,20210331,Y
315293,AON,AON PLC,6411,1-LAF,10-Q,20210331,Y
315374,HURC,HURCO COMPANIES INC,3823,2-ACC,10-Q,20210430,Y
315545,PVCT,"PROVECTUS BIOPHARMACEUTICALS, INC.",2834,4-NON,10-Q,20210331,Y
315709,IBOC,INTERNATIONAL BANCSHARES CORP,6022,1-LAF,10-Q,20210331,Y
315852,RRC,RANGE RESOURCES CORP,1311,1-LAF,10-Q,20210331,Y
315858,,BLUEGREEN VACATIONS HOLDING CORP,6500,2-ACC,10-Q,20210331,N
315958,CRMZ,CREDITRISKMONITOR COM INC,7320,4-NON,10-Q,20210331,Y
316253,,ENZO BIOCHEM INC,8071,4-NON,10-Q,20210430,N
316709,SCHW,SCHWAB CHARLES CORP,6211,1-LAF,10-Q,20210331,Y
317540,COKE,"COCA-COLA CONSOLIDATED, INC.",2086,1-LAF,10-Q,20210331,Y
317788,APPS,"DIGITAL TURBINE, INC.",6794,1-LAF,10-K,20210331,Y
318154,AMGN,AMGEN INC,2836,1-LAF,10-Q,20210331,Y
318300,PEBO,PEOPLES BANCORP INC,6022,2-ACC,10-Q,20210331,Y
318306,ABEO,ABEONA THERAPEUTICS INC.,2834,4-NON,10-Q,20210331,Y
318673,SNFCA,SECURITY NATIONAL FINANCIAL CORP,6199,4-NON,10-Q,20210331,Y
318833,TISI,TEAM INC,7600,2-ACC,10-Q,20210331,Y
319016,FZMD,"FUSE MEDICAL, INC.",5047,4-NON,10-Q,20210331,Y
319201,KLAC,KLA CORP,3827,1-LAF,10-Q,20210331,Y
319458,,ENSERVCO CORP,1389,4-NON,10-Q,20210331,N
320017,LSTA,"CALADRIUS BIOSCIENCES, INC.",8090,4-NON,10-Q,20210331,Y
320121,TLS,TELOS CORP,7373,4-NON,10-Q,20210331,Y
320187,NKE,"NIKE, INC.",3021,1-LAF,10-Q,20210228,Y
320193,AAPL,APPLE INC,3571,1-LAF,10-Q,20210331,Y
320335,GL,GLOBE LIFE INC.,6311,1-LAF,10-Q,20210331,Y
320340,,INTELLIGENT SYSTEMS CORP,7372,4-NON,10-Q,20210331,N
320575,,PIONEER ENERGY SERVICES CORP,1381,4-NON,10-Q,20210331,N
350698,AN,"AUTONATION, INC.",5500,1-LAF,10-Q,20210331,Y
350737,,OCEAN BIO CHEM INC,2842,4-NON,10-Q,20210331,N
350852,CTBI,COMMUNITY TRUST BANCORP INC /KY/,6022,2-ACC,10-Q,20210331,Y
350868,,"ITERIS, INC.",3669,2-ACC,10-K,20210331,N
350894,SEIC,SEI INVESTMENTS CO,6211,1-LAF,10-Q,20210331,Y
351569,ABCB,AMERIS BANCORP,6022,1-LAF,10-Q,20210331,Y
351789,ELSE,ELECTRO SENSORS INC,3823,4-NON,10-Q,20210331,Y
351817,,"SILVERBOW RESOURCES, INC.",1311,4-NON,10-Q,20210331,N
351834,,SUNOPTA INC.,5150,2-ACC,10-Q,20210331,N
351998,DAIO,DATA I/O CORP,3825,4-NON,10-Q,20210331,Y
352541,LNT,ALLIANT ENERGY CORP,4931,1-LAF,10-Q,20210331,Y
352825,FSTR,FOSTER L B CO,5051,2-ACC,10-Q,20210331,Y
352915,UHS,UNIVERSAL HEALTH SERVICES INC,8062,1-LAF,10-Q,20210331,Y
352955,CKX,"CKX LANDS, INC.",1311,4-NON,10-Q,20210331,Y
352991,AOXY,ADVANCED OXYGEN TECHNOLOGIES INC,6500,4-NON,10-Q,20210331,Y
352998,,"TELIGENT, INC.",2834,4-NON,10-K,20201231,N
353020,,AEGION CORP,1623,2-ACC,10-Q,20210331,N
353184,AIRT,AIR T INC,4513,4-NON,10-K,20210331,Y
353569,,QUIDEL CORP /DE/,2835,1-LAF,10-Q,20210331,N
354190,AJG,ARTHUR J. GALLAGHER & CO.,6411,1-LAF,10-Q,20210331,Y
354647,CVBF,CVB FINANCIAL CORP,6022,1-LAF,10-Q,20210331,Y
354707,HE,HAWAIIAN ELECTRIC INDUSTRIES INC,4911,1-LAF,10-Q,20210331,Y
354908,,FLIR SYSTEMS INC,3812,1-LAF,10-Q,20210331,N
354950,HD,"HOME DEPOT, INC.",5211,1-LAF,10-Q,20210430,Y
354963,SHEN,SHENANDOAH TELECOMMUNICATIONS CO/VA/,4813,1-LAF,10-Q,20210331,Y
355019,,FONAR CORP,3845,4-NON,10-Q,20210331,N
355379,,MIDWEST HOLDING INC.,6311,4-NON,10-Q,20210331,N
355573,,REAL ESTATE ASSOCIATES LTD IV,6500,4-NON,10-Q,20210331,N
355811,GNTX,GENTEX CORP,3714,1-LAF,10-Q,20210331,Y
355948,RELL,RICHARDSON ELECTRONICS LTD/DE,5065,2-ACC,10-Q,20210228,Y
356037,CSPI,CSP INC /MA/,7373,4-NON,10-Q,20210331,Y
356171,TCBK,TRICO BANCSHARES /,6022,1-LAF,10-Q,20210331,Y
356309,NJR,NEW JERSEY RESOURCES CORP,4924,1-LAF,10-Q,20210331,Y
356590,,"GLOBAL TECH INDUSTRIES GROUP, INC.",8741,4-NON,10-K,20201231,N
357173,OSBC,OLD SECOND BANCORP INC,6022,2-ACC,10-Q,20210331,Y
357294,HOV,HOVNANIAN ENTERPRISES INC,1531,2-ACC,10-Q,20210430,Y
357301,TRST,TRUSTCO BANK CORP N Y,6022,1-LAF,10-Q,20210331,Y
700564,FULT,FULTON FINANCIAL CORP,6021,1-LAF,10-Q,20210331,Y
700565,FMBH,"FIRST MID BANCSHARES, INC.",6022,2-ACC,10-Q,20210331,Y
700841,RCMT,"RCM TECHNOLOGIES, INC.",7363,4-NON,10-K,20201231,Y
700923,MYRG,MYR GROUP INC.,1623,2-ACC,10-Q,20210331,Y
701288,,ATRION CORP,3841,1-LAF,10-Q,20210331,N
701347,CPF,CENTRAL PACIFIC FINANCIAL CORP,6022,2-ACC,10-Q,20210331,Y
701374,,SIX FLAGS ENTERTAINMENT CORP,7990,1-LAF,10-Q,20210331,N
701719,ELA,ENVELA CORP,5944,4-NON,10-Q,20210331,Y
701869,,INDEPENDENCE HOLDING CO,6311,2-ACC,10-Q,20210331,N
701985,BBWI,"L BRANDS, INC.",5621,1-LAF,10-Q,20210430,Y
702165,NSC,NORFOLK SOUTHERN CORP,4011,1-LAF,10-Q,20210331,Y
702325,,FIRST MIDWEST BANCORP INC,6021,1-LAF,10-Q,20210331,N
702513,,BANK OF COMMERCE HOLDINGS,6022,4-NON,10-Q,20210331,N
703351,EAT,"BRINKER INTERNATIONAL, INC",5812,1-LAF,10-Q,20210331,Y
703604,DSGR,LAWSON PRODUCTS INC/NEW/DE/,5080,2-ACC,10-Q,20210331,Y
704172,,PHI GROUP INC,8741,4-NON,10-Q,20190930,N
704415,,"TIVITY HEALTH, INC.",8090,2-ACC,10-Q,20210331,N
704440,KRMD,REPRO MED SYSTEMS INC,3841,4-NON,10-Q,20210331,Y
704532,ONTO,ONTO INNOVATION INC.,3829,1-LAF,10-Q,20210331,Y
704562,,"AVID BIOSERVICES, INC.",2834,4-NON,10-K,20210430,N
705432,SBSI,SOUTHSIDE BANCSHARES INC,6022,1-LAF,10-Q,20210331,Y
706129,HBNC,HORIZON BANCORP INC /IN/,6022,2-ACC,10-Q,20210331,Y
706698,UTMD,UTAH MEDICAL PRODUCTS INC,3841,4-NON,10-Q,20210331,Y
706863,UNB,UNION BANKSHARES INC,6022,4-NON,10-Q,20210331,Y
707179,ONB,OLD NATIONAL BANCORP /IN/,6021,1-LAF,10-Q,20210331,Y
707388,,"STAR EQUITY HOLDINGS, INC.",3845,4-NON,10-Q,20210331,N
707511,,REGENERX BIOPHARMACEUTICALS INC,2834,4-NON,10-Q,20210331,N
707549,LRCX,LAM RESEARCH CORP,3559,1-LAF,10-Q,20210331,Y
707605,ASRV,AMERISERV FINANCIAL INC /PA/,6021,4-NON,10-Q,20210331,Y
708781,CASS,CASS INFORMATION SYSTEMS INC,7389,2-ACC,10-Q,20210331,Y
708818,,"NEXTGEN HEALTHCARE, INC.",7373,1-LAF,10-K,20210331,N
708821,PAR,PAR TECHNOLOGY CORP,3578,2-ACC,10-Q,20210331,Y
708955,FFBC,FIRST FINANCIAL BANCORP /OH/,6021,1-LAF,10-Q,20210331,Y
709005,NROM,NOBLE ROMANS INC,5812,4-NON,10-Q,20210331,Y
709283,QMCO,QUANTUM CORP /DE/,3572,2-ACC,10-K,20210331,Y
709337,FMNB,FARMERS NATIONAL BANC CORP /OH/,6022,2-ACC,10-Q,20210331,Y
711034,THMG,THUNDER MOUNTAIN GOLD INC,1000,4-NON,10-Q,20210331,Y
711404,COO,"COOPER COMPANIES, INC.",3851,1-LAF,10-Q,20210430,Y
711477,,KIEWIT ROYALTY TRUST,6795,4-NON,10-Q,20210331,N
711669,CBAN,COLONY BANKCORP INC,6022,4-NON,10-Q,20210331,Y
711772,,CAMBRIDGE BANCORP,6022,2-ACC,10-Q,20210331,N
712034,ACCO,ACCO BRANDS CORP,2780,1-LAF,10-Q,20210331,Y
712515,EA,ELECTRONIC ARTS INC.,7372,1-LAF,10-K,20210331,Y
712534,FRME,FIRST MERCHANTS CORP,6021,1-LAF,10-Q,20210331,Y
712537,FCF,FIRST COMMONWEALTH FINANCIAL CORP /PA/,6021,1-LAF,10-Q,20210331,Y
712770,OLP,ONE LIBERTY PROPERTIES INC,6798,4-NON,10-Q,20210331,Y
712771,CNOB,"CONNECTONE BANCORP, INC.",6022,1-LAF,10-Q,20210331,Y
713676,PNC,"PNC FINANCIAL SERVICES GROUP, INC.",6021,1-LAF,10-Q,20210331,Y
714256,SMTI,SANARA MEDTECH INC.,3842,4-NON,10-Q,20210331,Y
714310,VLY,VALLEY NATIONAL BANCORP,6021,1-LAF,10-Q,20210331,Y
714395,GABC,"GERMAN AMERICAN BANCORP, INC.",6022,1-LAF,10-Q,20210331,Y
714562,THFF,FIRST FINANCIAL CORP /IN/,6022,2-ACC,10-Q,20210331,Y
714712,JUVF,JUNIATA VALLEY FINANCIAL CORP,6022,4-NON,10-Q,20210331,Y
715072,RNST,RENASANT CORP,6022,1-LAF,10-Q,20210331,Y
715153,HMC,HONDA MOTOR CO LTD,3711,1-LAF,20-F,20210331,Y
715446,ANIX,ANIXA BIOSCIENCES INC,2834,4-NON,10-Q,20210430,Y
715579,ACNB,ACNB CORP,6022,4-NON,10-Q,20210331,Y
715787,TILE,INTERFACE INC,2273,2-ACC,10-Q,20210331,Y
715957,D,"DOMINION ENERGY, INC",4911,1-LAF,10-Q,20210331,Y
716006,,YELLOW CORP,4213,2-ACC,10-Q,20210331,N
716133,,CINCINNATI BELL INC,4813,1-LAF,10-Q,20210331,N
716314,GHM,GRAHAM CORP,3560,4-NON,10-K,20210331,Y
716605,,PENNS WOODS BANCORP INC,6022,4-NON,10-Q,20210331,N
716634,RDI,READING INTERNATIONAL INC,7830,2-ACC,10-Q,20210331,Y
716643,RGS,REGIS CORP,7200,2-ACC,10-Q,20210331,Y
717423,MUR,MURPHY OIL CORP,1311,1-LAF,10-Q,20210331,Y
717538,AROW,ARROW FINANCIAL CORP,6021,2-ACC,10-Q,20210331,Y
717605,HXL,HEXCEL CORP /DE/,2821,1-LAF,10-Q,20210331,Y
717806,FUSB,FIRST US BANCSHARES INC,6022,4-NON,10-Q,20210331,Y
717954,UNF,UNIFIRST CORP,7200,1-LAF,10-Q,20210228,Y
718332,RAVE,"RAVE RESTAURANT GROUP, INC.",5140,4-NON,10-Q,20210331,Y
718413,CMTV,COMMUNITY BANCORP /VT,6021,4-NON,10-Q,20210331,Y
718877,,"ACTIVISION BLIZZARD, INC.",7372,1-LAF,10-Q,20210331,N
718937,STAA,STAAR SURGICAL CO,3851,1-LAF,10-Q,20210331,Y
719135,APYX,APYX MEDICAL CORP,3841,4-NON,10-Q,20210331,Y
719220,STBA,S&T BANCORP INC,6022,1-LAF,10-Q,20210331,Y
719274,,GIGA TRONICS INC,3825,4-NON,10-K,20210331,N
719402,FXNC,FIRST NATIONAL CORP /VA/,6022,4-NON,10-Q,20210331,Y
719413,HL,HECLA MINING CO/DE/,1400,1-LAF,10-Q,20210331,Y
719494,,"INRAD OPTICS, INC.",3679,4-NON,10-Q,20210331,N
719739,,SVB FINANCIAL GROUP,6022,1-LAF,10-Q,20210331,N
719955,WSM,WILLIAMS SONOMA INC,5700,1-LAF,10-Q,20210430,Y
720005,RJF,RAYMOND JAMES FINANCIAL INC,6211,1-LAF,10-Q,20210331,Y
720154,NOTVQ,"INOTIV, INC.",8731,4-NON,10-Q,20210331,Y
720500,ASYS,AMTECH SYSTEMS INC,3559,4-NON,10-Q,20210331,Y
720672,SF,STIFEL FINANCIAL CORP,6211,1-LAF,10-Q,20210331,Y
720762,NIMU,NON INVASIVE MONITORING SYSTEMS INC /FL/,3845,4-NON,10-Q,20210430,Y
720858,ITIC,INVESTORS TITLE CO,6361,2-ACC,10-Q,20210331,Y
720875,,DYNATRONICS CORP,3841,4-NON,10-Q,20210331,N
721371,CAH,CARDINAL HEALTH INC,5122,1-LAF,10-Q,20210331,Y
721693,CREG,CHINA RECYCLING ENERGY CORP,7389,4-NON,10-K,20201231,Y
721994,LKFN,LAKELAND FINANCIAL CORP,6022,1-LAF,10-Q,20210331,Y
722313,NSYS,NORTECH SYSTEMS INC,3679,4-NON,10-Q,20210331,Y
722572,FKWL,FRANKLIN WIRELESS CORP,3661,4-NON,10-Q,20210331,Y
722723,,"HANGER, INC.",8093,2-ACC,10-Q,20210331,N
723125,MU,MICRON TECHNOLOGY INC,3674,1-LAF,10-Q,20210228,Y
723188,CBU,"COMMUNITY BANK SYSTEM, INC.",6021,1-LAF,10-Q,20210331,Y
723254,CTAS,CINTAS CORP,2320,1-LAF,10-Q,20210228,Y
723269,,IRONSTONE GROUP INC,6770,4-NON,10-Q,20210331,N
723531,PAYX,PAYCHEX INC,8700,1-LAF,10-Q,20210228,Y
723612,CAR,"AVIS BUDGET GROUP, INC.",7510,1-LAF,10-Q,20210331,Y
723646,FRAF,FRANKLIN FINANCIAL SERVICES CORP /PA/,6022,4-NON,10-Q,20210331,Y
723733,,"MULTI SOLUTIONS II, INC",6770,4-NON,10-K,20210131,N
724004,MLAB,MESA LABORATORIES INC /CO/,3823,1-LAF,10-K,20210331,Y
724445,BZYR,BURZYNSKI RESEARCH INSTITUTE INC,2835,4-NON,10-K,20210228,Y
724742,TPHS,TRINITY PLACE HOLDINGS INC.,6512,4-NON,10-Q,20210331,Y
724910,NVEC,NVE CORP /NEW/,3674,4-NON,10-K,20210331,Y
725363,CVM,CEL SCI CORP,2836,4-NON,10-Q,20210331,Y
725394,DHTI,DALRADA FINANCIAL CORP,7363,4-NON,10-Q,20210331,Y
725929,,"B2DIGITAL, INC.",7997,4-NON,10-K,20210331,N
726516,,FIRST EQUITY PROPERTIES INC,6798,4-NON,10-Q,20210331,N
726601,CCBG,CAPITAL CITY BANK GROUP INC,6022,2-ACC,10-Q,20210331,Y
726728,O,REALTY INCOME CORP,6798,1-LAF,10-Q,20210331,Y
726854,CHCO,CITY HOLDING CO,6021,1-LAF,10-Q,20210331,Y
726865,,LINCOLN NATIONAL LIFE INSURANCE CO /IN/,6311,4-NON,10-Q,20210331,N
726958,CASY,CASEYS GENERAL STORES INC,5500,1-LAF,10-K,20210430,Y
727207,,"ACCELERATE DIAGNOSTICS, INC",3826,4-NON,10-Q,20210331,N
727273,CDZI,CADIZ INC,4941,4-NON,10-Q,20210331,Y
727346,GBCS,"GLOBAL HEALTHCARE REIT, INC.",6798,4-NON,10-Q,20210331,Y
727510,ENZN,"ENZON PHARMACEUTICALS, INC.",2836,4-NON,10-Q,20210331,Y
727538,,APACHE OFFSHORE INVESTMENT PARTNERSHIP,1311,4-NON,10-Q,20210331,N
727634,,ISIGN SOLUTIONS INC.,7372,4-NON,10-K,20201231,N
727892,,RIVERSOURCE LIFE INSURANCE CO,6311,4-NON,10-Q,20210331,N
727920,,EQUITABLE FINANCIAL LIFE INSURANCE CO,6411,4-NON,10-Q,20210331,N
728385,BCHT,MIDWEST ENERGY EMISSIONS CORP.,3829,4-NON,10-K,20201231,Y
728387,CATX,"ISORAY, INC.",3841,4-NON,10-Q,20210331,Y
728391,,"IPALCO ENTERPRISES, INC.",4911,4-NON,10-Q,20210331,N
728535,JBHT,HUNT J B TRANSPORT SERVICES INC,4213,1-LAF,10-Q,20210331,Y
729580,BELFA,BEL FUSE INC /NJ,3677,2-ACC,10-Q,20210331,Y
729986,UBSI,UNITED BANKSHARES INC/WV,6022,1-LAF,10-Q,20210331,Y
730255,,CALAMP CORP.,3663,2-ACC,10-K,20210228,N
730263,THO,THOR INDUSTRIES INC,3716,1-LAF,10-Q,20210430,Y
730272,RGEN,REPLIGEN CORP,2836,1-LAF,10-Q,20210331,Y
730349,TOFB,TOFUTTI BRANDS INC,2024,4-NON,10-K,20201231,Y
730464,CVSA,ADTALEM GLOBAL EDUCATION INC.,8200,1-LAF,10-Q,20210331,Y
730708,SBCF,SEACOAST BANKING CORP OF FLORIDA,6022,1-LAF,10-Q,20210331,Y
731012,HCSG,HEALTHCARE SERVICES GROUP INC,8050,1-LAF,10-Q,20210331,Y
731288,,PACCAR FINANCIAL CORP,6153,4-NON,10-Q,20210331,N
731653,UBCP,UNITED BANCORP INC /OH/,6022,4-NON,10-Q,20210331,Y
731766,UNH,UNITEDHEALTH GROUP INC,6324,1-LAF,10-Q,20210331,Y
731802,ATO,ATMOS ENERGY CORP,4924,1-LAF,10-Q,20210331,Y
732026,TRT,TRIO-TECH INTERNATIONAL,3559,4-NON,10-Q,20210331,Y
732417,HBIA,HILLS BANCORPORATION,6022,2-ACC,10-Q,20210331,Y
732712,VZ,VERIZON COMMUNICATIONS INC,4813,1-LAF,10-Q,20210331,Y
732717,T,AT&T INC.,4813,1-LAF,10-Q,20210331,Y
732834,,"CONTINENTAL RESOURCES, INC",1311,1-LAF,10-Q,20210331,N
733076,,BRIGHTHOUSE LIFE INSURANCE CO,6311,4-NON,10-Q,20210331,N
733269,RAMP,"LIVERAMP HOLDINGS, INC.",7374,1-LAF,10-K,20210331,Y
733337,,"PWRCOR, INC.",6153,4-NON,10-K,20201231,N
733590,TCI,TRANSCONTINENTAL REALTY INVESTORS INC,6798,4-NON,10-Q,20210331,Y
736012,INTZ,INTRUSION INC,3576,4-NON,10-Q,20210331,Y
736772,CCNE,CNB FINANCIAL CORP/PA,6022,2-ACC,10-Q,20210331,Y
737207,,"ADHERA THERAPEUTICS, INC.",2834,4-NON,10-K,20201231,N
737468,WASH,WASHINGTON TRUST BANCORP INC,6022,1-LAF,10-Q,20210331,Y
737758,TTC,TORO CO,3524,1-LAF,10-Q,20210430,Y
737875,FKYS,FIRST KEYSTONE CORP,6022,4-NON,10-Q,20210331,Y
738214,AMTX,"AEMETIS, INC",2860,4-NON,10-Q,20210331,Y
739421,CZFS,CITIZENS FINANCIAL SERVICES INC,6022,4-NON,10-Q,20210331,Y
740260,VTR,"VENTAS, INC.",6798,1-LAF,10-Q,20210331,Y
740663,,FIRST OF LONG ISLAND CORP,6021,2-ACC,10-Q,20210331,N
740664,RFIL,R F INDUSTRIES LTD,3678,4-NON,10-Q,20210430,Y
740806,FMBM,F&M BANK CORP,6022,4-NON,10-Q,20210331,Y
740971,,OLD POINT FINANCIAL CORP,6021,4-NON,10-Q,20210331,N
741516,,AMERICAN NATIONAL BANKSHARES INC.,6021,2-ACC,10-Q,20210331,N
742112,,INVACARE CORP,3842,2-ACC,10-Q,20210331,N
742278,RES,RPC INC,1389,2-ACC,10-Q,20210331,Y
743238,,"SHYFT GROUP, INC.",3711,2-ACC,10-Q,20210331,N
743316,,MAXIM INTEGRATED PRODUCTS INC,3674,1-LAF,10-Q,20210331,N
743367,BHB,BAR HARBOR BANKSHARES,6022,2-ACC,10-Q,20210331,Y
743758,,"CLOUDCOMMERCE, INC.",5900,4-NON,10-Q,20210331,N
743988,,XILINX INC,3674,1-LAF,10-K,20210331,N
744187,REX,REX AMERICAN RESOURCES CORP,2860,2-ACC,10-K,20210131,Y
744218,CLDX,"CELLDEX THERAPEUTICS, INC.",2835,4-NON,10-Q,20210331,Y
744452,BNBX,APPLIED DNA SCIENCES INC,7380,4-NON,10-Q,20210331,Y
744825,AMS,AMERICAN SHARED HOSPITAL SERVICES,8071,4-NON,10-K,20201231,Y
745308,JOE,ST JOE CO,6552,2-ACC,10-Q,20210331,Y
745543,,"PETRO USA, INC.",2834,4-NON,10-Q,20210331,N
745732,ROST,"ROSS STORES, INC.",5651,1-LAF,10-Q,20210430,Y
746210,TWAV,"OBLONG, INC.",7370,4-NON,10-Q,20210331,Y
746514,NEN,NEW ENGLAND REALTY ASSOCIATES LIMITED PARTNERSHIP,6513,2-ACC,10-Q,20210331,Y
746515,EXPD,EXPEDITORS INTERNATIONAL OF WASHINGTON INC,4731,1-LAF,10-Q,20210331,Y
746598,BRC,BRADY CORP,3990,1-LAF,10-Q,20210430,Y
746838,UIS,UNISYS CORP,7373,2-ACC,10-Q,20210331,Y
747540,SPRS,SURGE COMPONENTS INC,5065,4-NON,10-Q,20210228,Y
748592,ERNA,"BROOKLYN IMMUNOTHERAPEUTICS, INC.",2834,4-NON,10-Q,20210331,Y
748790,,"GLOBAL CLEAN ENERGY HOLDINGS, INC.",0100,4-NON,10-K,20201231,N
749251,IT,GARTNER INC,8741,1-LAF,10-Q,20210331,Y
749647,IMNN,CELSION CORP,2834,4-NON,10-Q,20210331,Y
749660,,ICAD INC,3841,4-NON,10-Q,20210331,N
750004,LNWO,SCIENTIFIC GAMES CORP,7373,1-LAF,10-Q,20210331,Y
750558,QNBC,QNB CORP,6022,4-NON,10-Q,20210331,Y
750574,AUBN,"AUBURN NATIONAL BANCORPORATION, INC",6022,4-NON,10-Q,20210331,Y
750577,HWC,HANCOCK WHITNEY CORP,6022,1-LAF,10-Q,20210331,Y
750686,CAC,CAMDEN NATIONAL CORP,6021,2-ACC,10-Q,20210331,Y
751364,NNN,"NATIONAL RETAIL PROPERTIES, INC.",6798,1-LAF,10-Q,20210331,Y
751365,VIRC,VIRCO MFG CORPORATION,2531,4-NON,10-K,20210131,Y
751978,VICR,VICOR CORP,3679,1-LAF,10-Q,20210331,Y
752294,,ELECTRONIC SYSTEMS TECHNOLOGY INC,3670,4-NON,10-Q,20210331,N
752714,MGRC,MCGRATH RENTCORP,7359,1-LAF,10-Q,20210331,Y
753308,NEE,NEXTERA ENERGY INC,4911,1-LAF,10-Q,20210331,Y
754811,GROW,U S GLOBAL INVESTORS INC,6282,4-NON,10-Q,20210331,Y
755001,UTL,UNITIL CORP,4931,1-LAF,10-Q,20210331,Y
758743,,VIDEO DISPLAY CORP,3670,4-NON,10-K,20210228,N
759944,CFG,CITIZENS FINANCIAL GROUP INC/RI,6022,1-LAF,10-Q,20210331,Y
760498,BANF,BANCFIRST CORP /OK/,6021,1-LAF,10-Q,20210331,Y
761648,CDR-PB,"CEDAR REALTY TRUST, INC.",6798,2-ACC,10-Q,20210331,Y
763532,LYTS,LSI INDUSTRIES INC,3640,2-ACC,10-Q,20210331,Y
763563,CHMG,CHEMUNG FINANCIAL CORP,6022,4-NON,10-Q,20210331,Y
763744,LCII,LCI INDUSTRIES,3714,1-LAF,10-Q,20210331,Y
763901,BPOP,"POPULAR, INC.",6022,1-LAF,10-Q,20210331,Y
763907,FUNC,FIRST UNITED CORP/MD/,6021,4-NON,10-Q,20210331,Y
764038,SSB,SOUTH STATE CORP,6022,1-LAF,10-Q,20210331,Y
764065,CLF,CLEVELAND-CLIFFS INC.,1000,1-LAF,10-Q,20210331,Y
764180,MO,"ALTRIA GROUP, INC.",2111,1-LAF,10-Q,20210331,Y
764195,,VBI VACCINES INC/BC,2834,4-NON,10-Q,20210331,N
764401,IIIN,INSTEEL INDUSTRIES INC,3310,2-ACC,10-Q,20210331,Y
764478,BBY,BEST BUY CO INC,5731,1-LAF,10-Q,20210430,Y
764622,PNW,PINNACLE WEST CAPITAL CORP,4911,1-LAF,10-Q,20210331,Y
764630,AETN,UNITED STATES BASKETBALL LEAGUE INC,6794,4-NON,10-K,20200229,Y
764764,,CATERPILLAR FINANCIAL SERVICES CORP,6159,4-NON,10-Q,20210331,N
764897,,"BROAD STREET REALTY, INC.",6500,4-NON,10-Q,20200331,N
765207,FNLC,"FIRST BANCORP, INC /ME/",6021,2-ACC,10-Q,20210331,Y
765880,DOC,"HEALTHPEAK PROPERTIES, INC.",6798,1-LAF,10-Q,20210331,Y
766404,,"MULTI SOFT II, INC",6770,4-NON,10-K,20210131,N
766421,ALK,"ALASKA AIR GROUP, INC.",4512,1-LAF,10-Q,20210331,Y
766701,,CAPSTEAD MORTGAGE CORP,6798,2-ACC,10-Q,20210331,N
766704,WELL,WELLTOWER INC.,6798,1-LAF,10-Q,20210331,Y
766792,CVV,CVD EQUIPMENT CORP,3559,4-NON,10-Q,20210331,Y
766829,HTO,SJW GROUP,4941,1-LAF,10-Q,20210331,Y
767405,SBFG,"SB FINANCIAL GROUP, INC.",6022,4-NON,10-Q,20210331,Y
768216,,"LOGICQUEST TECHNOLOGY, INC.",7389,4-NON,10-Q,20210331,N
768408,CYAN,CYANOTECH CORP,2833,4-NON,10-K,20210331,Y
768411,,CYBEROPTICS CORP,3827,4-NON,10-Q,20210331,N
768835,,BIG LOTS INC,5331,1-LAF,10-Q,20210430,N
768899,TBI,"TRUEBLUE, INC.",7363,2-ACC,10-Q,20210331,Y
769397,ADSK,"AUTODESK, INC.",7372,1-LAF,10-Q,20210430,Y
769520,MIDD,MIDDLEBY CORP,3580,1-LAF,10-Q,20210331,Y
770460,PFBX,PEOPLES FINANCIAL CORP /MS/,6022,4-NON,10-Q,20210331,Y
771497,ABM,ABM INDUSTRIES INC /DE/,7340,1-LAF,10-Q,20210430,Y
771999,DSS,DOCUMENT SECURITY SYSTEMS INC,2650,4-NON,10-Q,20210331,Y
772320,,"GENE BIOTHERAPEUTICS, INC.",2836,4-NON,10-K,20191231,N
772406,CRUS,"CIRRUS LOGIC, INC.",3674,1-LAF,10-K,20210331,Y
773141,,"M.D.C. HOLDINGS, INC.",1531,1-LAF,10-Q,20210331,N
773318,,VERITEC INC,3679,4-NON,10-Q,20210331,N
773717,ACRG,"STANDARD METALS PROCESSING, INC.",1400,4-NON,10-Q,20210331,Y
773840,HON,HONEYWELL INTERNATIONAL INC,3724,1-LAF,10-Q,20210331,Y
774569,,CORTLAND BANCORP INC,6035,4-NON,10-Q,20210331,N
775057,ALTX,ALTEX INDUSTRIES INC,1311,4-NON,10-Q,20210331,Y
775158,OSK,OSHKOSH CORP,3711,1-LAF,10-Q,20210331,Y
775215,HBT,"HBT FINANCIAL, INC.",6022,2-ACC,10-Q,20210331,Y
775368,,ALLEGHANY CORP /DE,6331,1-LAF,10-Q,20210331,N
776867,WTM,WHITE MOUNTAINS INSURANCE GROUP LTD,6331,1-LAF,10-Q,20210331,Y
776901,INDB,INDEPENDENT BANK CORP,6022,1-LAF,10-Q,20210331,Y
777917,,PRUCO LIFE INSURANCE CO,6311,4-NON,10-Q,20210331,N
778164,ALTO,"ALTO INGREDIENTS, INC.",2860,4-NON,10-Q,20210331,Y
778946,,BLUEGREEN VACATIONS CORP,6531,4-NON,10-Q,20210331,N
779152,JKHY,HENRY JACK & ASSOCIATES INC,7373,1-LAF,10-Q,20210331,Y
779544,ARKR,ARK RESTAURANTS CORP,5812,4-NON,10-Q,20210331,Y
780571,ITRI,"ITRON, INC.",3825,1-LAF,10-Q,20210331,Y
781902,,INTERNATIONAL BALER CORP,3569,4-NON,10-Q,20210430,N
783280,,DUKE REALTY CORP,6798,1-LAF,10-Q,20210331,N
783324,VGZ,VISTA GOLD CORP,1040,4-NON,10-Q,20210331,Y
783325,WEC,"WEC ENERGY GROUP, INC.",4931,1-LAF,10-Q,20210331,Y
783412,DJCO,DAILY JOURNAL CORP,2711,4-NON,10-Q,20210331,Y
784199,AORT,CRYOLIFE INC,3841,1-LAF,10-Q,20210331,Y
784539,EACO,EACO CORP,5065,4-NON,10-Q,20210228,Y
784977,POR,PORTLAND GENERAL ELECTRIC CO /OR/,4911,1-LAF,10-Q,20210331,Y
785161,EHC,ENCOMPASS HEALTH CORP,8060,1-LAF,10-Q,20210331,Y
785557,DLHC,DLH HOLDINGS CORP.,7363,4-NON,10-Q,20210331,Y
785786,PLXS,PLEXUS CORP,3672,1-LAF,10-Q,20210331,Y
785956,JJSF,J&J SNACK FOODS CORP,2052,1-LAF,10-Q,20210331,Y
786947,,"ACURA PHARMACEUTICALS, INC",2834,4-NON,10-Q,20210331,N
787250,,DPL INC,4931,4-NON,10-Q,20210331,N
787253,NAII,NATURAL ALTERNATIVES INTERNATIONAL INC,2833,4-NON,10-Q,20210331,Y
788329,JOUT,JOHNSON OUTDOORS INC,3949,2-ACC,10-Q,20210331,Y
788611,NTRP,"SIGMA LABS, INC.",3990,4-NON,10-Q,20210331,Y
788784,PEG,PUBLIC SERVICE ENTERPRISE GROUP INC,4931,1-LAF,10-Q,20210331,Y
788816,,OGLETHORPE POWER CORP,4911,4-NON,10-Q,20210331,N
788920,PDEX,PRO DEX INC,3841,4-NON,10-Q,20210331,Y
788965,HNRG,HALLADOR ENERGY CO,1220,4-NON,10-Q,20210331,Y
789019,MSFT,MICROSOFT CORP,7372,1-LAF,10-Q,20210331,Y
789460,WKC,WORLD FUEL SERVICES CORP,5172,1-LAF,10-Q,20210331,Y
789570,MGM,MGM RESORTS INTERNATIONAL,7011,1-LAF,10-Q,20210331,Y
789933,NC,NACCO INDUSTRIES INC,3630,2-ACC,10-Q,20210331,Y
790051,CSL,CARLISLE COMPANIES INC,3060,1-LAF,10-Q,20210331,Y
790179,,PRESTIGE CAPITAL CORP,6792,4-NON,10-Q,20210331,N
790359,NBTB,NBT BANCORP INC,6021,1-LAF,10-Q,20210331,Y
790526,RDNT,"RADNET, INC.",8071,2-ACC,10-Q,20210331,Y
790652,,IMAGING DIAGNOSTIC SYSTEMS INC /FL/,3845,4-NON,10-Q,20210331,N
790816,BDN,BRANDYWINE REALTY TRUST,6798,1-LAF,10-Q,20210331,Y
791908,,XOMA CORP,2834,4-NON,10-Q,20210331,N
791963,OPY,OPPENHEIMER HOLDINGS INC,6211,2-ACC,10-Q,20210331,Y
792935,,ETHEMA HEALTH CORP,8062,4-NON,10-K,20201231,N
792966,FMAO,FARMERS & MERCHANTS BANCORP INC,6035,4-NON,10-Q,20210331,Y
792987,ASTE,ASTEC INDUSTRIES INC,3531,1-LAF,10-Q,20210331,Y
793074,WERN,WERNER ENTERPRISES INC,4213,1-LAF,10-Q,20210331,Y
793306,BDCO,BLUE DOLPHIN ENERGY CO,1311,4-NON,10-Q,20210331,Y
793524,REFR,RESEARCH FRONTIERS INC,6794,4-NON,10-Q,20210331,Y
793628,CHNR,CHINA NATURAL RESOURCES INC,1040,4-NON,20-F,20201231,Y
793733,SKYW,SKYWEST INC,4512,1-LAF,10-Q,20210331,Y
793952,HOG,"HARLEY-DAVIDSON, INC.",3751,1-LAF,10-Q,20210331,Y
794170,TOL,"TOLL BROTHERS, INC.",1531,1-LAF,10-Q,20210430,Y
794172,,MERIDIAN BIOSCIENCE INC,2835,1-LAF,10-Q,20210331,N
794323,,"LEVEL 3 PARENT, LLC",4813,4-NON,10-Q,20210331,N
794367,M,"MACY'S, INC.",5311,1-LAF,10-Q,20210430,Y
794619,,AMERICAN WOODMARK CORP,2430,1-LAF,10-K,20210430,N
795212,,KASPIEN HOLDINGS INC.,5735,4-NON,10-K,20210131,N
795266,KBH,KB HOME,1531,1-LAF,10-Q,20210228,Y
795403,WTS,WATTS WATER TECHNOLOGIES INC,3490,1-LAF,10-Q,20210331,Y
795800,NEXM,NORTH AMERICAN NICKEL INC.,1000,4-NON,20-F,20201231,Y
796343,ADBE,ADOBE INC.,7372,1-LAF,10-Q,20210531,Y
796505,CLFD,"CLEARFIELD, INC.",3661,4-NON,10-Q,20210331,Y
796534,NKSH,NATIONAL BANKSHARES INC,6021,4-NON,10-Q,20210331,Y
797465,STLY,"HG HOLDINGS, INC.",6798,4-NON,10-Q,20210331,Y
797468,OXY,OCCIDENTAL PETROLEUM CORP /DE/,1311,1-LAF,10-Q,20210331,Y
797542,QXL,VIEWBIX INC.,7372,4-NON,10-Q,20210331,Y
797564,HSTC,"HST GLOBAL, INC.",2834,4-NON,10-K,20201231,Y
797721,VSAT,VIASAT INC,3663,1-LAF,10-K,20210331,Y
798081,LAKE,LAKELAND INDUSTRIES INC,3842,2-ACC,10-K,20210131,Y
798287,PAMT,PAM TRANSPORTATION SERVICES INC,4213,4-NON,10-Q,20210331,Y
798354,FISV,FISERV INC,7374,1-LAF,10-Q,20210331,Y
798359,CSR,INVESTORS REAL ESTATE TRUST,6798,1-LAF,10-Q,20210331,Y
798528,OMEX,ODYSSEY MARINE EXPLORATION INC,4400,4-NON,10-Q,20210331,Y
798783,UHT,UNIVERSAL HEALTH REALTY INCOME TRUST,6798,1-LAF,10-Q,20210331,Y
798941,FCNCA,FIRST CITIZENS BANCSHARES INC /DE/,6022,1-LAF,10-Q,20210331,Y
798949,,UNIT CORP,1311,4-NON,10-Q,20210331,N
799165,DWSN,DAWSON GEOPHYSICAL CO,1382,4-NON,10-Q,20210331,Y
799167,MRTN,MARTEN TRANSPORT LTD,4213,1-LAF,10-Q,20210331,Y
799233,HTLD,HEARTLAND EXPRESS INC,4213,1-LAF,10-Q,20210331,Y
799288,LE,"LANDS' END, INC.",5651,2-ACC,10-Q,20210430,Y
799292,MHO,"M/I HOMES, INC.",1531,1-LAF,10-Q,20210331,Y
799698,,CYTRX CORP,2836,4-NON,10-Q,20210331,N
800240,,ODP CORP,5940,1-LAF,10-Q,20210331,N
800457,DGICA,DONEGAL GROUP INC,6331,2-ACC,10-Q,20210331,Y
801337,WBS,WEBSTER FINANCIAL CORP,6021,1-LAF,10-Q,20210331,Y
802257,MITI,"MITESCO, INC.",6199,4-NON,10-Q,20210331,Y
802481,PPC,PILGRIMS PRIDE CORP,2015,1-LAF,10-Q,20210331,Y
802681,,BRYN MAWR BANK CORP,6022,2-ACC,10-Q,20210331,N
803164,COFS,CHOICEONE FINANCIAL SERVICES INC,6022,4-NON,10-K,20201231,Y
803578,AIFF,INFORMATION ANALYSIS INC,7372,4-NON,10-Q,20210331,Y
803649,,EQUITY COMMONWEALTH,6798,1-LAF,10-Q,20210331,N
804269,,"GENERAL MOTORS FINANCIAL COMPANY, INC.",6199,4-NON,10-Q,20210331,N
804328,QCOM,QUALCOMM INC/DE,3663,1-LAF,10-Q,20210331,Y
804753,,CERNER CORP,7373,1-LAF,10-Q,20210331,N
805676,PRK,PARK NATIONAL CORP /OH/,6021,1-LAF,10-Q,20210331,Y
805928,AXGN,"AXOGEN, INC.",3845,2-ACC,10-Q,20210331,Y
806172,SOTK,SONO TEK CORP,3690,4-NON,10-K,20210228,Y
806279,,CODORUS VALLEY BANCORP INC,6035,4-NON,10-Q,20210331,N
806517,,PSYCHEMEDICS CORP,8071,4-NON,10-Q,20210331,N
806968,WPP,WPP PLC,7311,1-LAF,20-F,20201231,Y
807707,,VOXX INTERNATIONAL CORP,5065,2-ACC,10-K,20210228,N
807863,MITK,MITEK SYSTEMS INC,3577,4-NON,10-Q,20210331,Y
807882,JACK,JACK IN THE BOX INC /NEW/,5812,1-LAF,10-Q,20210331,Y
808326,,EMCORE CORP,3674,4-NON,10-Q,20210331,N
808362,,BAKER HUGHES HOLDINGS LLC,3533,4-NON,10-Q,20210331,N
808450,,NAVISTAR INTERNATIONAL CORP,3711,1-LAF,10-Q,20210430,N
809248,,"CARROLS RESTAURANT GROUP, INC.",5812,2-ACC,10-Q,20210331,N
810136,PLAB,PHOTRONICS INC,3674,1-LAF,10-Q,20210430,Y
810332,RJET,MESA AIR GROUP INC,4512,2-ACC,10-Q,20210331,Y
810509,,"NAVIDEA BIOPHARMACEUTICALS, INC.",2835,4-NON,10-Q,20210331,N
810958,CZNC,CITIZENS & NORTHERN CORP,6022,4-NON,10-Q,20210331,Y
811156,CMS,CMS ENERGY CORP,4931,1-LAF,10-Q,20210331,Y
811212,,"THERMOGENESIS HOLDINGS, INC.",3821,4-NON,10-Q,20210331,N
811222,CDIX,CARDIFF LEXINGTON CORP,6199,4-NON,10-Q,20210331,Y
811240,,"BIOLASE, INC",3843,4-NON,10-Q,20210331,N
811532,,CEDAR FAIR L P,7990,1-LAF,10-Q,20210331,N
811589,FBNC,FIRST BANCORP /NC/,6022,1-LAF,10-Q,20210331,Y
811596,KALU,KAISER ALUMINUM CORP,3350,1-LAF,10-Q,20210331,Y
811641,ICCC,IMMUCELL CORP /DE/,2835,4-NON,10-Q,20210331,Y
811808,,"SUMMIT FINANCIAL GROUP, INC.",6022,2-ACC,10-Q,20210331,N
811830,,"SANTANDER HOLDINGS USA, INC.",6021,4-NON,10-Q,20210331,N
812011,MTN,VAIL RESORTS INC,7990,1-LAF,10-Q,20210430,Y
812074,OI,"O-I GLASS, INC. /DE/",3221,1-LAF,10-Q,20210331,Y
812128,,SANDERSON FARMS INC,2015,1-LAF,10-Q,20210430,N
812152,,RIDGEFIELD ACQUISITION CORP,6770,4-NON,10-Q,20210331,N
812306,PCYN,PROCYON CORP,2834,4-NON,10-Q,20210331,Y
812348,,CENTURY BANCORP INC,6022,2-ACC,10-Q,20210331,N
812796,SNGX,"SOLIGENIX, INC.",2834,4-NON,10-Q,20210331,Y
813298,DXLG,"DESTINATION XL GROUP, INC.",5651,4-NON,10-Q,20210430,Y
813672,CDNS,CADENCE DESIGN SYSTEMS INC,7372,1-LAF,10-Q,20210331,Y
813716,CIRX,CIRTRAN CORP,2080,4-NON,10-K,20201231,Y
813762,IEP,ICAHN ENTERPRISES L.P.,3714,1-LAF,10-Q,20210331,Y
813828,PARA,VIACOMCBS INC.,4833,1-LAF,10-Q,20210331,Y
814453,NWL,NEWELL BRANDS INC.,3089,1-LAF,10-Q,20210331,Y
814547,FICO,FAIR ISAAC CORP,7389,1-LAF,10-Q,20210331,Y
814549,,EBIX INC,7373,2-ACC,10-K,20201231,N
814585,MBI,MBIA INC,6351,2-ACC,10-Q,20210331,Y
814586,LWAY,"LIFEWAY FOODS, INC.",2020,4-NON,10-Q,20210331,Y
814676,CPSH,CPS TECHNOLOGIES CORP/DE/,3260,4-NON,10-Q,20210331,Y
814926,CAPC,"CAPSTONE COMPANIES, INC.",3640,4-NON,10-Q,20210331,Y
815094,,ABIOMED INC,3841,1-LAF,10-K,20210331,N
815097,CCL,CARNIVAL CORP,4400,1-LAF,10-Q,20210228,Y
815556,FAST,FASTENAL CO,5200,1-LAF,10-Q,20210331,Y
815917,,JONES FINANCIAL COMPANIES LLLP,6211,4-NON,10-Q,20210331,N
816761,TDC,TERADATA CORP /DE/,7372,1-LAF,10-Q,20210331,Y
816956,CNMD,CONMED CORP,3845,1-LAF,10-Q,20210331,Y
817720,SYNA,SYNAPTICS INC,3674,1-LAF,10-Q,20210331,Y
818033,HRTX,"HERON THERAPEUTICS, INC. /DE/",2834,1-LAF,10-Q,20210331,Y
818479,XRAY,DENTSPLY SIRONA INC.,3843,1-LAF,10-Q,20210331,Y
818677,SFDL,SECURITY FEDERAL CORP,6022,4-NON,10-Q,20210331,Y
818686,TEVA,TEVA PHARMACEUTICAL INDUSTRIES LTD,2834,1-LAF,10-Q,20210331,Y
819050,,"BRICKELL BIOTECH, INC.",2836,4-NON,10-Q,20210331,N
819793,AIN,ALBANY INTERNATIONAL CORP /DE/,2221,1-LAF,10-Q,20210331,Y
819913,,HALLMARK FINANCIAL SERVICES INC,6399,4-NON,10-Q,20210331,N
819926,SEII,SHARING ECONOMY INTERNATIONAL INC.,7380,4-NON,10-K,20201231,Y
820027,AMP,AMERIPRISE FINANCIAL INC,6282,1-LAF,10-Q,20210331,Y
820313,APH,AMPHENOL CORP /DE/,3678,1-LAF,10-Q,20210331,Y
820318,COHR,II-VI INC,3827,1-LAF,10-Q,20210331,Y
820608,,QUANTRX BIOMEDICAL CORP,3841,4-NON,10-K,20201231,N
821002,GIII,G III APPAREL GROUP LTD /DE/,2300,1-LAF,10-Q,20210430,Y
821026,ANDE,"ANDERSONS, INC.",5150,2-ACC,10-Q,20210331,Y
821127,,BOSTON PRIVATE FINANCIAL HOLDINGS INC,6022,2-ACC,10-Q,20210331,N
821130,AD,UNITED STATES CELLULAR CORP,4812,2-ACC,10-Q,20210331,Y
821189,EOG,EOG RESOURCES INC,1311,1-LAF,10-Q,20210331,Y
821483,PARR,"PAR PACIFIC HOLDINGS, INC.",1311,2-ACC,10-Q,20210331,Y
822370,EMMA,"EMMAUS LIFE SCIENCES, INC.",2834,4-NON,10-K,20201231,Y
822416,PHM,PULTEGROUP INC/MI/,1531,1-LAF,10-Q,20210331,Y
822663,IPAR,INTER PARFUMS INC,2844,1-LAF,10-Q,20210331,Y
822746,,"INFINITY ENERGY RESOURCES, INC",1381,4-NON,10-Q,20210331,N
822818,CLH,CLEAN HARBORS INC,4955,1-LAF,10-Q,20210331,Y
823277,CHSCP,CHS INC,5150,4-NON,10-Q,20210228,Y
823768,WM,WASTE MANAGEMENT INC,4953,1-LAF,10-Q,20210331,Y
824142,AAON,"AAON, INC.",3585,1-LAF,10-Q,20210331,Y
824410,,SANDY SPRING BANCORP INC,6021,1-LAF,10-Q,20210331,N
824416,QPRC,QUEST PATENT RESEARCH CORP,5190,4-NON,10-K,20201231,Y
825171,,37 CAPITAL INC,1000,4-NON,20-F,20201231,N
825313,AB,ALLIANCEBERNSTEIN HOLDING L.P.,6282,1-LAF,10-Q,20210331,Y
825322,,MPHASE TECHNOLOGIES INC,3690,4-NON,10-Q,20210331,N
825324,GTIM,GOOD TIMES RESTAURANTS INC.,5812,4-NON,10-Q,20210331,Y
825542,SMG,SCOTTS MIRACLE-GRO CO,2870,1-LAF,10-Q,20210331,Y
825788,,DIVALL INSURED INCOME PROPERTIES 2 LIMITED PARTNERSHIP,6500,4-NON,10-Q,20210331,N
826154,ORRF,ORRSTOWN FINANCIAL SERVICES INC,6022,2-ACC,10-Q,20210331,Y
826253,AUSI,AURA SYSTEMS INC,3690,4-NON,10-K,20210228,Y
826675,DX,DYNEX CAPITAL INC,6798,2-ACC,10-Q,20210331,Y
827052,EIX,EDISON INTERNATIONAL,4911,1-LAF,10-Q,20210331,Y
827054,MCHP,MICROCHIP TECHNOLOGY INC,3674,1-LAF,10-K,20210331,Y
827099,CPWR,OCEAN THERMAL ENERGY CORP,4931,4-NON,10-Q,20210331,Y
827187,SNBRQ,SLEEP NUMBER CORP,2510,1-LAF,10-Q,20210331,Y
827871,,"EAGLE PHARMACEUTICALS, INC.",2834,2-ACC,10-Q,20210331,N
827876,CLSK,"CLEANSPARK, INC.",7373,4-NON,10-Q,20210331,Y
828146,LINK,INTERLINK ELECTRONICS INC,3577,4-NON,10-Q,20210331,Y
828530,,ADMIRAL FINANCIAL CORP,6035,4-NON,10-Q,20210331,N
828916,,WEINGARTEN REALTY INVESTORS /TX/,6798,1-LAF,10-Q,20210331,N
828944,WSFS,WSFS FINANCIAL CORP,6021,1-LAF,10-Q,20210331,Y
829224,SBUX,STARBUCKS CORP,5810,1-LAF,10-Q,20210331,Y
829323,INUV,"INUVO, INC.",7310,4-NON,10-Q,20210331,Y
829325,,"SPYR, INC.",5810,4-NON,10-Q,20210331,N
829365,NTPIF,NAM TAI PROPERTY INC.,6500,2-ACC,20-F,20201231,Y
830122,,"VIDLER WATER RESOURCES, INC.",6500,2-ACC,10-Q,20210331,N
830524,,CHASE CORP,3640,2-ACC,10-Q,20210228,N
830616,SCIA,"SCI ENGINEERED MATERIALS, INC.",3620,4-NON,10-Q,20210331,Y
830656,,PRESSURE BIOSCIENCES INC,3826,4-NON,10-K,20201231,N
831001,C,CITIGROUP INC,6021,1-LAF,10-Q,20210331,Y
831259,FCX,FREEPORT-MCMORAN INC,1000,1-LAF,10-Q,20210331,Y
831378,,LVPAI GROUP LTD,6799,4-NON,10-Q,20210430,N
831547,,SPECTRUM PHARMACEUTICALS INC,2834,4-NON,10-Q,20210331,N
831609,CXXIF,C21 INVESTMENTS INC.,2833,4-NON,40-F,20210131,Y
831641,TTEK,TETRA TECH INC,8711,1-LAF,10-Q,20210331,Y
832090,,PARTNERS BANCORP,6022,4-NON,10-Q,20210331,N
832101,IEX,IDEX CORP /DE/,3561,1-LAF,10-Q,20210331,Y
832428,SSP,E.W. SCRIPPS CO,4833,1-LAF,10-Q,20210331,Y
832480,UTGN,UTG INC,6311,4-NON,10-Q,20210331,Y
832489,GOVX,"GEOVAX LABS, INC.",2834,4-NON,10-Q,20210331,Y
832988,SIG,SIGNET JEWELERS LTD,5944,1-LAF,10-Q,20210430,Y
833079,MTH,MERITAGE HOMES CORP,1531,1-LAF,10-Q,20210331,Y
833444,JCI,JOHNSON CONTROLS INTERNATIONAL PLC,7380,1-LAF,10-Q,20210331,Y
833640,POWI,POWER INTEGRATIONS INC,3674,1-LAF,10-Q,20210331,Y
834071,,TOYOTA MOTOR CREDIT CORP,6141,4-NON,10-K,20210331,N
834285,,REPUBLIC FIRST BANCORP INC,6022,2-ACC,10-Q,20210331,N
834365,BLFS,BIOLIFE SOLUTIONS INC,3845,4-NON,10-Q,20210331,Y
835011,MGPI,MGP INGREDIENTS INC,5180,2-ACC,10-Q,20210331,Y
835324,SYBT,"STOCK YARDS BANCORP, INC.",6022,1-LAF,10-Q,20210331,Y
835662,AIXN,"AIXIN LIFE INTERNATIONAL, INC.",5912,4-NON,10-K,20201231,Y
836147,,MIDDLEFIELD BANC CORP,6022,4-NON,10-Q,20210331,N
836157,LNN,LINDSAY CORP,3523,1-LAF,10-Q,20210228,Y
836564,CPMV,MOSAIC IMMUNOENGINEERING INC.,2836,4-NON,10-Q,20210331,Y
836690,ISSC,INNOVATIVE SOLUTIONS & SUPPORT INC,7371,4-NON,10-Q,20210331,Y
836937,,UPD HOLDING CORP.,6770,4-NON,10-Q,20210331,N
837010,,VOYA RETIREMENT INSURANCE & ANNUITY CO,6311,4-NON,10-Q,20210331,N
837465,CALY,CALLAWAY GOLF CO,3949,1-LAF,10-Q,20210331,Y
837852,,"IDEANOMICS, INC.",3711,4-NON,10-Q,20210331,N
838875,WVVI,WILLAMETTE VALLEY VINEYARDS INC,2080,4-NON,10-Q,20210331,Y
839087,VASO,VASO CORP,3845,4-NON,10-K,20201231,Y
839470,WWR,"WESTWATER RESOURCES, INC.",1000,4-NON,10-Q,20210331,Y
839923,VOD,VODAFONE GROUP PUBLIC LTD CO,4812,1-LAF,20-F,20210331,Y
840489,FCFS,"FIRSTCASH, INC",5900,1-LAF,10-Q,20210331,Y
840551,,TITAN MEDICAL INC,3841,4-NON,40-F,20201231,N
840715,CLRO,CLEARONE INC,3661,4-NON,10-Q,20210331,Y
842013,,CORO GLOBAL INC.,7372,4-NON,10-Q,20210331,N
842023,TECH,BIO-TECHNE CORP,2836,1-LAF,10-Q,20210331,Y
842162,LEA,LEAR CORP,3714,1-LAF,10-Q,20210331,Y
842183,,RPT REALTY,6798,2-ACC,10-Q,20210331,N
842517,ISBA,ISABELLA BANK CORP,6022,4-NON,10-Q,20210331,Y
842518,,EVANS BANCORP INC,6021,4-NON,10-Q,20210331,N
842633,TRS,TRIMAS CORP,3460,1-LAF,10-Q,20210331,Y
842717,BRBS,"BLUE RIDGE BANKSHARES, INC.",6022,4-NON,10-Q,20210331,Y
843006,ACCS,ISSUER DIRECT CORP,2750,4-NON,10-Q,20210331,Y
844059,FRPH,"FRP HOLDINGS, INC.",6500,4-NON,10-Q,20210331,Y
844856,HCMC,HEALTHIER CHOICES MANAGEMENT CORP.,2100,4-NON,10-Q,20210331,Y
844887,,DIAMONDHEAD CASINO CORP,7011,4-NON,10-Q,20200331,N
844965,TTI,TETRA TECHNOLOGIES INC,1311,2-ACC,10-Q,20210331,Y
845698,,GRANT PARK FUTURES FUND LIMITED PARTNERSHIP,6221,4-NON,10-Q,20210331,N
845819,KTEL,"KONATEL, INC.",4899,4-NON,10-K,20201231,Y
845877,AGM,FEDERAL AGRICULTURAL MORTGAGE CORP,6111,1-LAF,10-Q,20210331,Y
846475,,ZYNEX INC,3845,4-NON,10-Q,20210331,N
846617,DCOM,"DIME COMMUNITY BANCSHARES, INC. /NY/",6021,2-ACC,10-Q,20210331,Y
846901,,LAKELAND BANCORP INC,6022,2-ACC,10-Q,20210331,N
846913,FTEK,"FUEL TECH, INC.",3564,4-NON,10-Q,20210331,Y
847942,STQN,STRATEGIC ACQUISITIONS INC /NV/,6770,4-NON,10-Q,20210331,Y
849145,HGBL,HERITAGE GLOBAL INC.,7389,4-NON,10-Q,20210331,Y
849146,LFVN,LIFEVANTAGE CORP,2834,2-ACC,10-Q,20210331,Y
849399,GEN,NORTONLIFELOCK INC.,7372,1-LAF,10-K,20210331,Y
849636,,RESPIRERX PHARMACEUTICALS INC.,2834,4-NON,10-K,20201231,N
849869,SLGN,SILGAN HOLDINGS INC,3411,1-LAF,10-Q,20210331,Y
850141,HMN,HORACE MANN EDUCATORS CORP /DE/,6331,1-LAF,10-Q,20210331,Y
850209,,"FOOT LOCKER, INC.",5661,1-LAF,10-Q,20210430,N
850261,,"SORRENTO THERAPEUTICS, INC.",2836,1-LAF,10-Q,20210331,N
850429,TG,TREDEGAR CORP,3350,2-ACC,10-Q,20210331,Y
850460,,ENCORE WIRE CORP,3350,1-LAF,10-Q,20210331,N
850971,,FOVEA JEWELRY HOLDINGS LTD.,5094,4-NON,10-Q,20210331,N
851205,CGNX,COGNEX CORP,3823,1-LAF,10-Q,20210331,Y
851310,HLIT,HARMONIC INC,3663,2-ACC,10-Q,20210331,Y
851520,EXPO,EXPONENT INC,8742,1-LAF,10-Q,20210331,Y
851968,MHK,MOHAWK INDUSTRIES INC,2273,1-LAF,10-Q,20210331,Y
852772,,DENNY'S CORP,5812,2-ACC,10-Q,20210331,N
853816,LSTR,LANDSTAR SYSTEM INC,4213,1-LAF,10-Q,20210331,Y
854560,GSBC,"GREAT SOUTHERN BANCORP, INC.",6022,2-ACC,10-Q,20210331,Y
854775,DGII,DIGI INTERNATIONAL INC,3576,2-ACC,10-Q,20210331,Y
854800,,"MICT, INC.",3670,4-NON,10-Q,20210331,N
855612,,ZIX CORP,7374,2-ACC,10-Q,20210331,N
855654,,"IMMUNOGEN, INC.",2834,1-LAF,10-Q,20210331,N
855658,LSCC,LATTICE SEMICONDUCTOR CORP,3674,1-LAF,10-Q,20210331,Y
855683,MLSS,MILESTONE SCIENTIFIC INC.,3842,4-NON,10-Q,20210331,Y
855787,,ALPHA ENERGY INC,1311,4-NON,10-K,20201231,N
855874,,COMMUNITY FINANCIAL CORP /MD/,6022,4-NON,10-Q,20210331,N
856982,MMSI,MERIT MEDICAL SYSTEMS INC,3841,1-LAF,10-Q,20210331,Y
856984,USAQ,USA EQUITIES CORP.,7389,4-NON,10-Q,20210331,Y
857005,PTC,PTC INC.,7372,1-LAF,10-Q,20210331,Y
857737,,"ICONIX BRAND GROUP, INC.",3140,4-NON,10-Q,20210331,N
857855,UCB,UNITED COMMUNITY BANKS INC,6022,1-LAF,10-Q,20210331,Y
857949,,"CHINA GREEN AGRICULTURE, INC.",2870,4-NON,10-Q,20210331,N
858470,,CABOT OIL & GAS CORP,1311,1-LAF,10-Q,20210331,N
858655,,HAYNES INTERNATIONAL INC,3310,2-ACC,10-Q,20210331,N
858800,,EMCLAIRE FINANCIAL CORP,6021,4-NON,10-Q,20210331,N
858877,CSCO,"CISCO SYSTEMS, INC.",3576,1-LAF,10-Q,20210430,Y
859070,FCBC,FIRST COMMUNITY BANKSHARES INC /VA/,6022,2-ACC,10-Q,20210331,Y
859737,,HOLOGIC INC,3844,1-LAF,10-Q,20210331,N
860413,FIBK,FIRST INTERSTATE BANCSYSTEM INC,6022,1-LAF,10-Q,20210331,Y
860543,,JACKSAM CORP,4833,4-NON,10-Q,20210331,N
860546,CDP,CORPORATE OFFICE PROPERTIES TRUST,6798,1-LAF,10-Q,20210331,Y
860730,HCA,"HCA HEALTHCARE, INC.",8062,1-LAF,10-Q,20210331,Y
860731,TYL,TYLER TECHNOLOGIES INC,7372,1-LAF,10-Q,20210331,Y
860748,KMPR,KEMPER CORP,6331,1-LAF,10-Q,20210331,Y
861441,,FUTURES PORTFOLIO FUND L.P.,6221,4-NON,10-Q,20210331,N
861459,GVA,GRANITE CONSTRUCTION INC,1600,1-LAF,10-Q,20210331,Y
861838,,"IDERA PHARMACEUTICALS, INC.",2836,4-NON,10-Q,20210331,N
861842,CATY,CATHAY GENERAL BANCORP,6022,1-LAF,10-Q,20210331,Y
861878,,STERICYCLE INC,4955,1-LAF,10-Q,20210331,N
861884,RS,RELIANCE STEEL & ALUMINUM CO,5051,1-LAF,10-Q,20210331,Y
862651,INVU,"INVESTVIEW, INC.",7389,4-NON,10-K,20210331,Y
862668,ESMC,ESCALON MEDICAL CORP,3845,4-NON,10-Q,20210331,Y
862692,CCEL,CRYO CELL INTERNATIONAL INC,8090,4-NON,10-Q,20210228,Y
862831,FISI,FINANCIAL INSTITUTIONS INC,6021,2-ACC,10-Q,20210331,Y
862861,AIFC,JANONE INC.,5700,4-NON,10-Q,20210331,Y
863110,ARTNA,ARTESIAN RESOURCES CORP,4941,4-NON,10-Q,20210331,Y
863436,BHE,BENCHMARK ELECTRONICS INC,3672,1-LAF,10-Q,20210331,Y
863894,VERU,VERU INC.,2834,4-NON,10-Q,20210331,Y
864240,SYPR,SYPRIS SOLUTIONS INC,3823,4-NON,10-Q,20210331,Y
864270,,AMERICAN HONDA FINANCE CORP,6141,4-NON,10-K,20210331,N
864749,TRMB,TRIMBLE INC.,3829,1-LAF,10-Q,20210331,Y
865058,,NATIONAL SECURITY GROUP INC,6311,4-NON,10-Q,20210331,N
865752,MNST,MONSTER BEVERAGE CORP,2086,1-LAF,10-Q,20210331,Y
866273,MTRX,MATRIX SERVICE CO,1700,2-ACC,10-Q,20210331,Y
866291,ALGM,"ALLEGRO MICROSYSTEMS, INC.",3674,4-NON,10-K,20210331,Y
866368,,PS BUSINESS PARKS INC/CA,6798,1-LAF,10-Q,20210331,N
866374,FLEX,FLEX LTD.,3672,1-LAF,10-K,20210331,Y
866439,DPLS,"DARKPULSE, INC.",7372,4-NON,10-K,20201231,Y
866609,,ION GEOPHYSICAL CORP,1382,4-NON,10-Q,20210331,N
866706,ESE,ESCO TECHNOLOGIES INC,3669,1-LAF,10-Q,20210331,Y
866787,AZO,AUTOZONE INC,5531,1-LAF,10-Q,20210430,Y
866829,HLX,HELIX ENERGY SOLUTIONS GROUP INC,1389,2-ACC,10-Q,20210331,Y
867038,SPND,SPINDLETOP OIL & GAS CO,1311,4-NON,10-K,20201231,Y
867665,,ABRAXAS PETROLEUM CORP,1311,4-NON,10-K,20201231,N
867773,,SUNPOWER CORP,3674,2-ACC,10-Q,20210331,N
867840,POCI,"PRECISION OPTICS CORPORATION, INC.",3845,4-NON,10-Q,20210331,Y
868082,,EVERFLOW EASTERN PARTNERS LP,1311,4-NON,10-Q,20210331,N
868271,,SEVERN BANCORP INC,6021,4-NON,10-Q,20210331,N
868278,PRPH,"PROPHASE LABS, INC.",2834,4-NON,10-Q,20210331,Y
868671,GBCI,"GLACIER BANCORP, INC.",6022,1-LAF,10-Q,20210331,Y
868780,DORM,"DORMAN PRODUCTS, INC.",3714,1-LAF,10-Q,20210331,Y
868822,CRCUF,CANAGOLD RESOURCES LTD.,1040,4-NON,20-F,20201231,Y
868857,ACM,AECOM,8711,1-LAF,10-Q,20210331,Y
870826,,"IMEDIA BRANDS, INC.",5961,4-NON,10-K,20210131,N
871763,MAN,MANPOWERGROUP INC.,7363,1-LAF,10-Q,20210331,Y
872589,REGN,"REGENERON PHARMACEUTICALS, INC.",2834,1-LAF,10-Q,20210331,Y
872912,DCTH,"DELCATH SYSTEMS, INC.",3841,4-NON,10-Q,20210331,Y
873303,SRPT,"SAREPTA THERAPEUTICS, INC.",2834,1-LAF,10-Q,20210331,Y
873860,ONIT,OCWEN FINANCIAL CORP,6162,2-ACC,10-Q,20210331,Y
874015,IONS,IONIS PHARMACEUTICALS INC,2834,1-LAF,10-Q,20210331,Y
874238,STRL,STERLING CONSTRUCTION CO INC,1600,2-ACC,10-Q,20210331,Y
874292,,ADDVANTAGE TECHNOLOGIES GROUP INC,5000,4-NON,10-Q,20210331,N
874396,LCUT,"LIFETIME BRANDS, INC",3420,2-ACC,10-Q,20210331,Y
874499,GPOR,GULFPORT ENERGY CORP,1311,2-ACC,10-Q,20210331,Y
874501,OSG,AMBAC FINANCIAL GROUP INC,6351,1-LAF,10-Q,20210331,Y
874710,,ALLIED HEALTHCARE PRODUCTS INC,3842,4-NON,10-Q,20210331,N
874716,IDXX,IDEXX LABORATORIES INC /DE,2835,1-LAF,10-Q,20210331,Y
874761,AES,AES CORP,4991,1-LAF,10-Q,20210331,Y
874766,HIG,"HARTFORD FINANCIAL SERVICES GROUP, INC.",6331,1-LAF,10-Q,20210331,Y
874866,CRVL,CORVEL CORP,6411,1-LAF,10-K,20210331,Y
874977,,STATE AUTO FINANCIAL CORP,6331,2-ACC,10-Q,20210331,N
875045,BIIB,BIOGEN INC.,2836,1-LAF,10-Q,20210331,Y
875320,VRTX,VERTEX PHARMACEUTICALS INC / MA,2834,1-LAF,10-Q,20210331,Y
875355,TULP,INSIGNIA SYSTEMS INC/MN,7310,4-NON,10-Q,20210331,Y
875357,BOKF,BOK FINANCIAL CORP,6021,1-LAF,10-Q,20210331,Y
875582,NTIC,NORTHERN TECHNOLOGIES INTERNATIONAL CORP,3470,4-NON,10-Q,20210228,Y
875657,ULBI,ULTRALIFE CORP,3690,2-ACC,10-Q,20210331,Y
875729,BNET,BION ENVIRONMENTAL TECHNOLOGIES INC,2870,4-NON,10-Q,20210331,Y
876167,PRGS,PROGRESS SOFTWARE CORP /MA,7372,1-LAF,10-Q,20210228,Y
876343,LCTX,"LINEAGE CELL THERAPEUTICS, INC.",2836,4-NON,10-Q,20210331,Y
876378,,"ASENSUS SURGICAL, INC.",3841,4-NON,10-Q,20210331,N
876427,MNRO,"MONRO, INC.",7500,1-LAF,10-K,20210331,Y
876437,MTG,MGIC INVESTMENT CORP,6351,1-LAF,10-Q,20210331,Y
876523,EZPW,EZCORP INC,5900,2-ACC,10-Q,20210331,Y
876779,RMTHF,MAGIC SOFTWARE ENTERPRISES LTD,7372,2-ACC,20-F,20201231,Y
876883,STGW,MDC PARTNERS INC,7311,2-ACC,10-Q,20210331,Y
877212,ZBRA,ZEBRA TECHNOLOGIES CORP,3560,1-LAF,10-Q,20210331,Y
877422,,SPARTANNASH CO,5141,1-LAF,10-Q,20210430,N
877860,NHI,NATIONAL HEALTH INVESTORS INC,6798,1-LAF,10-Q,20210331,Y
877890,,CITRIX SYSTEMS INC,7372,1-LAF,10-Q,20210331,N
878526,,NATUS MEDICAL INC,3845,1-LAF,10-Q,20210331,N
878726,,TUESDAY MORNING CORP/DE,5331,2-ACC,10-Q,20210331,N
878828,,WIRELESS TELECOM GROUP INC,3669,4-NON,10-Q,20210331,N
878927,ODFL,"OLD DOMINION FREIGHT LINE, INC.",4213,1-LAF,10-Q,20210331,Y
879101,KIM,KIMCO REALTY CORP,6798,1-LAF,10-Q,20210331,Y
879169,INCY,INCYTE CORP,8731,1-LAF,10-Q,20210331,Y
879407,ARWR,"ARROWHEAD PHARMACEUTICALS, INC.",2834,1-LAF,10-Q,20210331,Y
879526,WNC,WABASH NATIONAL CORP,3715,2-ACC,10-Q,20210331,Y
879585,ATNI,"ATN INTERNATIONAL, INC.",4813,1-LAF,10-Q,20210331,Y
879635,MPB,MID PENN BANCORP INC,6022,2-ACC,10-Q,20210331,Y
879682,,"VIVEVE MEDICAL, INC.",3845,4-NON,10-Q,20210331,N
879911,AERG,"APPLIED ENERGETICS, INC.",3812,4-NON,10-K,20201231,Y
880117,JBSS,SANFILIPPO JOHN B & SON INC,2060,1-LAF,10-Q,20210331,Y
880242,BLGO,"BIOLARGO, INC.",2800,4-NON,10-Q,20210331,Y
880266,AGCO,AGCO CORP /DE,3523,1-LAF,10-Q,20210331,Y
880417,CSBB,CSB BANCORP INC /OH,6022,4-NON,10-Q,20210331,Y
880631,WT,"WISDOMTREE INVESTMENTS, INC.",6211,2-ACC,10-Q,20210331,Y
880641,EFSI,EAGLE FINANCIAL SERVICES INC,6022,4-NON,10-Q,20210331,Y
880807,AMSC,AMERICAN SUPERCONDUCTOR CORP /DE/,3621,4-NON,10-K,20210331,Y
880984,ACFN,"ACORN ENERGY, INC.",8711,4-NON,10-Q,20210331,Y
881453,,PRUDENTIAL ANNUITIES LIFE ASSURANCE CORP/CT,6399,4-NON,10-Q,20210331,N
882095,GILD,GILEAD SCIENCES INC,2836,1-LAF,10-Q,20210331,Y
882184,DHI,HORTON D R INC /DE/,1531,1-LAF,10-Q,20210331,Y
882291,AEMD,AETHLON MEDICAL INC,3841,4-NON,10-K,20210331,Y
882361,APTOF,APTOSE BIOSCIENCES INC.,2836,4-NON,10-Q,20210331,Y
882508,QUIK,QUICKLOGIC CORP,3674,2-ACC,10-Q,20210331,Y
882796,BCRX,BIOCRYST PHARMACEUTICALS INC,2836,1-LAF,10-Q,20210331,Y
882800,,"PACIFIC VENTURES GROUP, INC.",2080,4-NON,10-Q,20210331,N
882835,ROP,ROPER TECHNOLOGIES INC,3823,1-LAF,10-Q,20210331,Y
883107,SLSN,NANOPHASE TECHNOLOGIES CORP,3390,4-NON,10-Q,20210331,Y
883237,VRTS,"VIRTUS INVESTMENT PARTNERS, INC.",6282,1-LAF,10-Q,20210331,Y
883241,SNPS,SYNOPSYS INC,7372,1-LAF,10-Q,20210430,Y
883569,FOSL,"FOSSIL GROUP, INC.",3873,2-ACC,10-Q,20210331,Y
883902,,"CORNERSTONE BUILDING BRANDS, INC.",3448,2-ACC,10-Q,20210331,N
883945,,USA TRUCK INC,4213,2-ACC,10-Q,20210331,N
883948,AUB,ATLANTIC UNION BANKSHARES CORP,6022,1-LAF,10-Q,20210331,Y
883975,MBOT,MICROBOT MEDICAL INC.,2836,4-NON,10-Q,20210331,Y
883984,ICUI,ICU MEDICAL INC/DE,3841,1-LAF,10-Q,20210331,Y
884144,ASUR,ASURE SOFTWARE INC,7373,4-NON,10-Q,20210331,Y
884219,PRSU,VIAD CORP,7389,2-ACC,10-Q,20210331,Y
884269,APT,ALPHA PRO TECH LTD,3842,4-NON,10-Q,20210331,Y
884363,,"EVOLUTIONARY GENOMICS, INC.",8731,4-NON,10-Q,20210331,N
884614,UGI,UGI CORP /PA/,4932,1-LAF,10-Q,20210331,Y
884624,OFIX,ORTHOFIX MEDICAL INC.,3841,1-LAF,10-Q,20210331,Y
884650,,INFINITE GROUP INC,7370,4-NON,10-Q,20210331,N
884713,,PRIMO WATER CORP /CN/,2086,1-LAF,10-Q,20210331,N
884887,RCL,ROYAL CARIBBEAN CRUISES LTD,4400,1-LAF,10-Q,20210331,Y
885245,BKE,BUCKLE INC,5651,2-ACC,10-Q,20210430,Y
885275,WBHC,WILSON BANK HOLDING CO,6021,2-ACC,10-Q,20210331,Y
885307,JCTC,JEWETT CAMERON TRADING CO LTD,5211,4-NON,10-Q,20210228,Y
885462,GURE,"GULF RESOURCES, INC.",2800,4-NON,10-K,20201231,Y
885508,STRS,STRATUS PROPERTIES INC,6552,4-NON,10-Q,20210331,Y
885550,CACC,CREDIT ACCEPTANCE CORP,6141,1-LAF,10-Q,20210331,Y
885568,,OLD DOMINION ELECTRIC COOPERATIVE,4911,4-NON,10-Q,20210331,N
885590,BHC,BAUSCH HEALTH COMPANIES INC.,2834,1-LAF,10-Q,20210331,Y
885639,KSS,KOHLS CORP,5311,1-LAF,10-Q,20210430,Y
885725,BSX,BOSTON SCIENTIFIC CORP,3841,1-LAF,10-Q,20210331,Y
885975,,CINEMARK USA INC /TX,7830,4-NON,10-Q,20210331,N
885978,USPH,U S PHYSICAL THERAPY INC /NV,8000,1-LAF,10-Q,20210331,Y
886128,FCEL,FUELCELL ENERGY INC,3620,4-NON,10-Q,20210430,Y
886136,SGA,SAGA COMMUNICATIONS INC,4832,2-ACC,10-Q,20210331,Y
886158,,BED BATH & BEYOND INC,5700,1-LAF,10-K,20210228,N
886163,LGND,LIGAND PHARMACEUTICALS INC,2834,1-LAF,10-Q,20210331,Y
886206,FC,FRANKLIN COVEY CO,8741,2-ACC,10-Q,20210228,Y
886346,KAI,KADANT INC,3550,1-LAF,10-Q,20210331,Y
886744,GERN,GERON CORP,2834,4-NON,10-Q,20210331,Y
886982,GS,GOLDMAN SACHS GROUP INC,6211,1-LAF,10-Q,20210331,Y
887153,SIM,GROUP SIMEC SA DE CV,3312,1-LAF,20-F,20201231,Y
887225,KEP,KOREA ELECTRIC POWER CORP,4911,1-LAF,20-F,20201231,Y
887247,,ADAMIS PHARMACEUTICALS CORP,2834,4-NON,10-K,20201231,N
887343,COLB,"COLUMBIA BANKING SYSTEM, INC.",6022,1-LAF,10-Q,20210331,Y
887359,VCEL,VERICEL CORP,2836,1-LAF,10-Q,20210331,Y
887396,EP,EMPIRE PETROLEUM CORP,1311,4-NON,10-Q,20210331,Y
887596,CAKE,CHEESECAKE FACTORY INC,5812,1-LAF,10-Q,20210331,Y
887733,CENT,CENTRAL GARDEN & PET CO,5190,1-LAF,10-Q,20210331,Y
887905,LTC,LTC PROPERTIES INC,6798,1-LAF,10-Q,20210331,Y
887919,,PREMIER FINANCIAL BANCORP INC,6022,4-NON,10-Q,20210331,N
887921,,REVLON INC /DE/,2844,2-ACC,10-Q,20210331,N
887936,FCN,"FTI CONSULTING, INC",8742,1-LAF,10-Q,20210331,Y
888471,,NESTOR PARTNERS,6221,4-NON,10-Q,20210331,N
888491,OHI,OMEGA HEALTHCARE INVESTORS INC,6798,1-LAF,10-Q,20210331,Y
888721,TRIB,TRINITY BIOTECH PLC,2835,4-NON,20-F,20201231,Y
888746,CCU,UNITED BREWERIES CO INC,2082,1-LAF,20-F,20201231,Y
888981,NNUP,NOCOPI TECHNOLOGIES INC/MD/,3944,4-NON,10-Q,20210331,Y
889123,,REDWOOD MORTGAGE INVESTORS VIII,6500,4-NON,10-K,20201231,N
889132,PKX,POSCO,3312,1-LAF,20-F,20201231,Y
889331,LFUS,LITTELFUSE INC /DE,3613,1-LAF,10-Q,20210331,Y
889348,CVU,CPI AEROSTRUCTURES INC,3728,4-NON,10-K,20201231,Y
889609,CPSS,"CONSUMER PORTFOLIO SERVICES, INC.",6199,4-NON,10-Q,20210331,Y
889900,PTEN,PATTERSON UTI ENERGY INC,1381,1-LAF,10-Q,20210331,Y
889971,LPTH,LIGHTPATH TECHNOLOGIES INC,3674,4-NON,10-Q,20210331,Y
890066,GLBZ,GLEN BURNIE BANCORP,6022,4-NON,10-Q,20210331,Y
890394,PRSO,"MOSYS, INC.",3674,4-NON,10-Q,20210331,Y
890447,,VERTEX ENERGY INC.,2911,4-NON,10-Q,20210331,N
890541,BLX,"FOREIGN TRADE BANK OF LATIN AMERICA, INC.",6029,2-ACC,20-F,20201231,Y
890564,EFOR,ASGN INC,7363,1-LAF,10-Q,20210331,Y
890821,ENVB,"ENVERIC BIOSCIENCES, INC.",3674,4-NON,10-K,20201231,Y
890926,RDN,RADIAN GROUP INC,6351,1-LAF,10-Q,20210331,Y
891014,MTX,MINERALS TECHNOLOGIES INC,2810,1-LAF,10-Q,20210331,Y
891024,,"PATTERSON COMPANIES, INC.",5047,1-LAF,10-K,20210430,N
891103,MTCH,"MATCH GROUP, INC.",7200,1-LAF,10-Q,20210331,Y
891166,UVE,"UNIVERSAL INSURANCE HOLDINGS, INC.",6331,2-ACC,10-Q,20210331,Y
891293,,CTI BIOPHARMA CORP,2834,4-NON,10-Q,20210331,N
891417,,NANO MAGIC HOLDINGS INC.,3470,4-NON,10-K,20201231,N
891482,FLL,FULL HOUSE RESORTS INC,7011,4-NON,10-Q,20210331,Y
891532,PESI,PERMA FIX ENVIRONMENTAL SERVICES INC,4955,4-NON,10-Q,20210331,Y
892450,KT,KT CORP,4813,1-LAF,20-F,20201231,Y
892482,,QUMU CORP,7372,4-NON,10-Q,20210331,N
892537,,MANTECH INTERNATIONAL CORP,8741,1-LAF,10-Q,20210331,N
892553,,CHART INDUSTRIES INC,3443,1-LAF,10-Q,20210331,N
892832,,SANDSTON CORP,6770,4-NON,10-Q,20210331,N
893538,SM,SM ENERGY CO,1311,2-ACC,10-Q,20210331,Y
893691,,MASONITE INTERNATIONAL CORP,2430,1-LAF,10-Q,20210331,N
893847,HWBK,"HAWTHORN BANCSHARES, INC.",6021,4-NON,10-Q,20210331,Y
893949,MD,"MEDNAX, INC.",8060,1-LAF,10-Q,20210331,Y
894081,,"AIR TRANSPORT SERVICES GROUP, INC.",4513,1-LAF,10-Q,20210331,N
894158,TOVX,"SYNTHETIC BIOLOGICS, INC.",2834,4-NON,10-Q,20210331,Y
894245,,AEI NET LEASE INCOME & GROWTH FUND XX LIMITED PARTNERSHIP,6500,4-NON,10-Q,20210331,N
894315,SITC,SITE CENTERS CORP.,6798,1-LAF,10-Q,20210331,Y
894405,ARCB,ARCBEST CORP /DE/,4213,1-LAF,10-Q,20210331,Y
894560,,BIOETHICS LTD,6770,4-NON,10-K,20201231,N
894627,EGY,VAALCO ENERGY INC /DE/,1311,4-NON,10-Q,20210331,Y
894671,OVBC,OHIO VALLEY BANC CORP,6022,4-NON,10-Q,20210331,Y
894871,AREN,"THEMAVEN, INC.",4841,4-NON,10-K,20191231,Y
895051,,"CASI PHARMACEUTICALS, INC.",2836,4-NON,10-Q,20210331,N
895126,EXE,CHESAPEAKE ENERGY CORP,1311,4-NON,10-Q,20210331,Y
895417,ELS,EQUITY LIFESTYLE PROPERTIES INC,6798,1-LAF,10-Q,20210331,Y
895419,WOLF,"CREE, INC.",3674,1-LAF,10-Q,20210331,Y
895421,MS,MORGAN STANLEY,6211,1-LAF,10-Q,20210331,Y
895447,SHOE,SHOE CARNIVAL INC,5661,2-ACC,10-Q,20210430,Y
895456,RCKY,"ROCKY BRANDS, INC.",3140,2-ACC,10-Q,20210331,Y
895464,YBGJ,YUBO INTERNATIONAL BIOTECH LTD,3845,4-NON,10-Q,20210331,Y
895665,,SUPERCONDUCTOR TECHNOLOGIES INC,3663,4-NON,10-Q,20210331,N
895728,ENB,ENBRIDGE INC,4610,1-LAF,10-Q,20210331,Y
896156,ETD,ETHAN ALLEN INTERIORS INC,2511,2-ACC,10-Q,20210331,Y
896159,CB,CHUBB LTD,6331,1-LAF,10-Q,20210331,Y
896262,,AMEDISYS INC,8082,1-LAF,10-Q,20210331,N
896264,USNA,USANA HEALTH SCIENCES INC,2833,1-LAF,10-Q,20210331,Y
896429,,"CANTALOUPE, INC.",3578,2-ACC,10-Q,20210331,N
896493,GPUS,"AULT GLOBAL HOLDINGS, INC.",3679,4-NON,10-K,20201231,Y
896494,,MAGAL SECURITY SYSTEMS LTD,3669,4-NON,20-F,20201231,N
896622,ATR,APTARGROUP INC,3089,1-LAF,10-Q,20210331,Y
896747,,AMERICAN BIO MEDICA CORP,2834,4-NON,10-K,20201231,N
896841,,"AVID TECHNOLOGY, INC.",7372,2-ACC,10-Q,20210331,N
896878,INTU,INTUIT INC,7372,1-LAF,10-Q,20210430,Y
897077,ALG,ALAMO GROUP INC,3523,1-LAF,10-Q,20210331,Y
897078,KOAN,"RESONATE BLENDS, INC.",7372,4-NON,10-K,20201231,Y
897429,,"CHICO'S FAS, INC.",5621,2-ACC,10-Q,20210430,N
897448,AMRN,AMARIN CORP PLCUK,2834,1-LAF,10-Q,20210331,Y
897723,SANM,SANMINA CORP,3672,1-LAF,10-Q,20210331,Y
898171,UWHR,UWHARRIE CAPITAL CORP,6022,4-NON,10-Q,20210331,Y
898173,ORLY,O REILLY AUTOMOTIVE INC,5531,1-LAF,10-Q,20210331,Y
898174,RGA,REINSURANCE GROUP OF AMERICA INC,6311,1-LAF,10-Q,20210331,Y
898293,JBL,JABIL INC,3672,1-LAF,10-Q,20210228,Y
898437,ANIK,"ANIKA THERAPEUTICS, INC.",3841,2-ACC,10-Q,20210331,Y
898770,,SHARPS COMPLIANCE CORP,4955,4-NON,10-Q,20210331,N
899051,ALL,ALLSTATE CORP,6331,1-LAF,10-Q,20210331,Y
899394,,"HARBOR DIVERSIFIED, INC.",2834,4-NON,10-K,20201231,N
899460,MNKD,MANNKIND CORP,2834,4-NON,10-Q,20210331,Y
899629,AKR,ACADIA REALTY TRUST,6798,1-LAF,10-Q,20210331,Y
899689,VNO,VORNADO REALTY TRUST,6798,1-LAF,10-Q,20210331,Y
899715,SKT,"TANGER FACTORY OUTLET CENTERS, INC",6798,1-LAF,10-Q,20210331,Y
899749,,HEALTHCARE REALTY TRUST INC,6798,1-LAF,10-Q,20210331,N
899751,TWI,TITAN INTERNATIONAL INC,3312,2-ACC,10-Q,20210331,Y
899866,,"ALEXION PHARMACEUTICALS, INC.",2834,1-LAF,10-Q,20210331,N
899923,MYGN,MYRIAD GENETICS INC,2835,1-LAF,10-Q,20210331,Y
900075,CPRT,COPART INC,5500,1-LAF,10-Q,20210430,Y
900391,NTZ,NATUZZI S P A,2510,4-NON,20-F,20201231,Y
901491,PZZA,PAPA JOHNS INTERNATIONAL INC,5812,1-LAF,10-Q,20210331,Y
902791,BBSI,BARRETT BUSINESS SERVICES INC,7363,2-ACC,10-Q,20210331,Y
903129,THRM,GENTHERM INC,3714,1-LAF,10-Q,20210331,Y
903419,ALRS,ALERUS FINANCIAL CORP,6021,2-ACC,10-Q,20210331,Y
903651,INOD,INNODATA INC,7374,4-NON,10-Q,20210331,Y
904851,YPF,YPF SOCIEDAD ANONIMA,2911,1-LAF,20-F,20201231,Y
906107,EQR,EQUITY RESIDENTIAL,6798,1-LAF,10-Q,20210331,Y
906163,NVR,NVR INC,1531,1-LAF,10-Q,20210331,Y
906338,,TARO PHARMACEUTICAL INDUSTRIES LTD,2834,1-LAF,20-F,20210331,N
906345,CPT,CAMDEN PROPERTY TRUST,6798,1-LAF,10-Q,20210331,Y
906465,QCRH,QCR HOLDINGS INC,6022,2-ACC,10-Q,20210331,Y
906553,BYD,BOYD GAMING CORP,7011,1-LAF,10-Q,20210331,Y
906709,NKTR,NEKTAR THERAPEUTICS,2834,1-LAF,10-Q,20210331,Y
907242,MCRI,MONARCH CASINO & RESORT INC,7011,2-ACC,10-Q,20210331,Y
907254,BFS,"SAUL CENTERS, INC.",6798,2-ACC,10-Q,20210331,Y
907471,CASH,META FINANCIAL GROUP INC,6021,1-LAF,10-Q,20210331,Y
907654,ORKA,"ARCA BIOPHARMA, INC.",2835,4-NON,10-Q,20210331,Y
908255,BWA,BORGWARNER INC,3714,1-LAF,10-Q,20210331,Y
908259,OTLC,"ONCOTELIC THERAPEUTICS, INC.",2834,4-NON,10-K,20201231,Y
908311,CMCT,CIM COMMERCIAL TRUST CORP,6798,2-ACC,10-Q,20210331,Y
908315,WINA,WINMARK CORP,5900,4-NON,10-Q,20210331,Y
908732,SPTJF,SINOPEC SHANGHAI PETROCHEMICAL CO LTD,2821,1-LAF,20-F,20201231,Y
908937,SIRI,SIRIUS XM HOLDINGS INC.,4832,1-LAF,10-Q,20210331,Y
909108,,DIAMOND HILL INVESTMENT GROUP INC,6282,2-ACC,10-Q,20210331,N
909327,SUZ,SUZANO S.A.,2621,1-LAF,20-F,20201231,Y
909494,TCX,TUCOWS INC /PA/,7374,2-ACC,10-Q,20210331,Y
909724,TLF,TANDY LEATHER FACTORY INC,3100,4-NON,10-Q,20190630,Y
909832,COST,COSTCO WHOLESALE CORP /NEW,5331,1-LAF,10-Q,20210430,Y
910073,FLG,NEW YORK COMMUNITY BANCORP INC,6036,1-LAF,10-Q,20210331,Y
910108,LXP,LEXINGTON REALTY TRUST,6798,1-LAF,10-Q,20210331,Y
910267,,TITAN PHARMACEUTICALS INC,2836,4-NON,10-Q,20210331,N
910329,MED,MEDIFAST INC,2090,1-LAF,10-Q,20210331,Y
910406,HAIN,HAIN CELESTIAL GROUP INC,2000,1-LAF,10-Q,20210331,Y
910467,,CAMPBELL STRATEGIC ALLOCATION FUND LP,6221,4-NON,10-Q,20210331,N
910521,DECK,DECKERS OUTDOOR CORP,3021,1-LAF,10-K,20210331,Y
910606,REG,REGENCY CENTERS CORP,6798,1-LAF,10-Q,20210331,Y
910612,CBL,CBL & ASSOCIATES PROPERTIES INC,6798,4-NON,10-K,20201231,Y
910631,KOF,COCA COLA FEMSA SAB DE CV,2086,1-LAF,20-F,20201231,Y
910638,DDD,3D SYSTEMS CORP,7372,1-LAF,10-Q,20210331,Y
910679,,WVS FINANCIAL CORP,6036,4-NON,10-Q,20210331,N
911147,CNTY,CENTURY CASINOS INC /CO/,7011,2-ACC,10-Q,20210331,Y
911177,CWST,CASELLA WASTE SYSTEMS INC,4953,1-LAF,10-Q,20210331,Y
911216,PTN,PALATIN TECHNOLOGIES INC,2834,4-NON,10-Q,20210331,Y
911971,TK,TEEKAY CORP,4412,2-ACC,20-F,20201231,Y
912061,NHTC,NATURAL HEALTH TRENDS CORP,5190,4-NON,10-Q,20210331,Y
912093,VIAV,VIAVI SOLUTIONS INC.,3674,1-LAF,10-Q,20210331,Y
912242,MAC,MACERICH CO,6798,1-LAF,10-Q,20210331,Y
912463,,GUESS INC,2340,2-ACC,10-K,20210131,N
912505,,ENEL AMERICAS S.A.,4911,1-LAF,20-F,20201231,N
912562,ROCK,"GIBRALTAR INDUSTRIES, INC.",3310,1-LAF,10-Q,20210331,Y
912593,SUI,SUN COMMUNITIES INC,6798,1-LAF,10-Q,20210331,Y
912595,MAAI,MID AMERICA APARTMENT COMMUNITIES INC.,6798,1-LAF,10-Q,20210331,Y
912603,,"SCHNITZER STEEL INDUSTRIES, INC.",5090,2-ACC,10-Q,20210228,N
912615,URBN,URBAN OUTFITTERS INC,5651,1-LAF,10-K,20210131,Y
912728,FWRD,FORWARD AIR CORP,4731,1-LAF,10-Q,20210331,Y
912752,,SINCLAIR BROADCAST GROUP INC,4833,1-LAF,10-Q,20210331,N
912766,LAUR,"LAUREATE EDUCATION, INC.",8200,1-LAF,10-Q,20210331,Y
912767,UFPI,UFP INDUSTRIES INC,2421,1-LAF,10-Q,20210331,Y
912892,TV,"GRUPO TELEVISA, S.A.B.",4833,1-LAF,20-F,20201231,Y
913059,BBAR,BANCO BBVA ARGENTINA S.A.,6029,2-ACC,20-F,20201231,Y
913142,BDC,BELDEN INC.,3357,1-LAF,10-Q,20210331,Y
913144,RNR,RENAISSANCERE HOLDINGS LTD,6331,1-LAF,10-Q,20210331,Y
913241,SHOO,"STEVEN MADDEN, LTD.",3140,1-LAF,10-Q,20210331,Y
913277,CLAR,CLARUS CORP,3949,2-ACC,10-Q,20210331,Y
913341,CFFI,C & F FINANCIAL CORP,6022,2-ACC,10-Q,20210331,Y
913760,SNEX,STONEX GROUP INC.,6200,2-ACC,10-Q,20210331,Y
913778,,BF GARDEN TAX CREDIT FUND IV L.P.,6513,4-NON,10-K,20210331,N
914025,,PLANTRONICS INC /CA/,3661,1-LAF,10-K,20210331,N
914122,PPIH,"PERMA-PIPE INTERNATIONAL HOLDINGS, INC.",3564,4-NON,10-K,20210131,Y
914139,PRKR,PARKERVISION INC,3663,4-NON,10-Q,20210331,Y
914156,UFPT,UFP TECHNOLOGIES INC,3841,2-ACC,10-Q,20210331,Y
914208,IVZ,INVESCO LTD.,6282,1-LAF,10-Q,20210331,Y
914475,NBIX,NEUROCRINE BIOSCIENCES INC,2836,1-LAF,10-Q,20210331,Y
914712,,"STEEL CONNECT, INC.",7389,4-NON,10-Q,20210430,N
914748,,EVEREST REINSURANCE HOLDINGS INC,6331,4-NON,10-Q,20210331,N
915389,EMN,EASTMAN CHEMICAL CO,2821,1-LAF,10-Q,20210331,Y
915778,,DSP GROUP INC /DE/,3674,2-ACC,10-Q,20210331,N
915779,DAKT,DAKTRONICS INC /SD/,3990,2-ACC,10-K,20210430,Y
915840,BZH,BEAZER HOMES USA INC,1531,2-ACC,10-Q,20210331,Y
915912,AVB,AVALONBAY COMMUNITIES INC,6798,1-LAF,10-Q,20210331,Y
915913,ALB,ALBEMARLE CORP,2821,1-LAF,10-Q,20210331,Y
916076,MLM,MARTIN MARIETTA MATERIALS INC,1400,1-LAF,10-Q,20210331,Y
916365,TSCO,TRACTOR SUPPLY CO /DE/,5200,1-LAF,10-Q,20210331,Y
916540,DAR,DARLING INGREDIENTS INC.,2070,1-LAF,10-Q,20210331,Y
916789,HELE,HELEN OF TROY LTD,3634,1-LAF,10-K,20210228,Y
916793,SILC,SILICOM LTD.,3576,2-ACC,20-F,20201231,Y
916907,SMBC,"SOUTHERN MISSOURI BANCORP, INC.",6036,2-ACC,10-Q,20210331,Y
917225,XPL,SOLITARIO ZINC CORP.,1040,4-NON,10-Q,20210331,Y
917251,ADC,AGREE REALTY CORP,6798,1-LAF,10-Q,20210331,Y
917273,RMBS,RAMBUS INC,3674,1-LAF,10-Q,20210331,Y
917470,,OLYMPIC STEEL INC,5051,2-ACC,10-Q,20210331,N
917491,,FARO TECHNOLOGIES INC,3829,1-LAF,10-Q,20210331,N
917520,IART,INTEGRA LIFESCIENCES HOLDINGS CORP,3841,1-LAF,10-Q,20210331,Y
918251,MPAA,MOTORCAR PARTS AMERICA INC,3714,2-ACC,10-K,20210331,Y
918541,NNBR,NN INC,3562,2-ACC,10-Q,20210331,Y
918646,EXP,EAGLE MATERIALS INC,3241,1-LAF,10-K,20210331,Y
918965,SCSC,"SCANSOURCE, INC.",5045,1-LAF,10-Q,20210331,Y
919012,AEO,AMERICAN EAGLE OUTFITTERS INC,5651,1-LAF,10-Q,20210430,Y
919175,,"SUGARMADE, INC.",5110,4-NON,10-Q,20210331,N
919864,FNWD,NORTHWEST INDIANA BANCORP,6035,4-NON,10-Q,20210331,Y
919956,,"DIVERSICARE HEALTHCARE SERVICES, INC.",8051,4-NON,10-Q,20210331,N
920112,,HEARTLAND FINANCIAL USA INC,6022,1-LAF,10-Q,20210331,N
920148,LH,LABORATORY CORP OF AMERICA HOLDINGS,8071,1-LAF,10-Q,20210331,Y
920371,SSD,"SIMPSON MANUFACTURING CO., INC.",3420,1-LAF,10-Q,20210331,Y
920427,UNTY,UNITY BANCORP INC /NJ/,6022,4-NON,10-Q,20210331,Y
920465,,LA JOLLA PHARMACEUTICAL CO,2836,4-NON,10-Q,20210331,N
920522,ESS,"ESSEX PROPERTY TRUST, INC.",6798,1-LAF,10-Q,20210331,Y
920760,LEN,LENNAR CORP /NEW/,1520,1-LAF,10-Q,20210228,Y
921082,HIW,"HIGHWOODS PROPERTIES, INC.",6798,1-LAF,10-Q,20210331,Y
921114,ARMP,"ARMATA PHARMACEUTICALS, INC.",2836,4-NON,10-Q,20210331,Y
921183,,HMN FINANCIAL INC,6035,4-NON,10-Q,20210331,N
921299,KYNB,FIBROGEN INC,2834,1-LAF,10-Q,20210331,Y
921557,RBCAA,REPUBLIC BANCORP INC /KY/,6022,2-ACC,10-Q,20210331,Y
921582,IMAX,IMAX CORP,3861,2-ACC,10-Q,20210331,Y
921738,PENN,PENN NATIONAL GAMING INC,7011,1-LAF,10-Q,20210331,Y
921825,FR,FIRST INDUSTRIAL REALTY TRUST INC,6798,1-LAF,10-Q,20210331,Y
922224,PPL,PPL CORP,4911,1-LAF,10-Q,20210331,Y
922247,,"CYCLO THERAPEUTICS, INC.",2860,4-NON,10-Q,20210331,N
922358,FGPR,FERRELLGAS PARTNERS L P,5900,4-NON,10-Q,20210430,Y
922521,,FALCONSTOR SOFTWARE INC,7372,4-NON,10-Q,20210331,N
922612,,SCHMITT INDUSTRIES INC,3823,4-NON,10-Q,20210228,N
922621,ERIE,ERIE INDEMNITY CO,6411,1-LAF,10-Q,20210331,Y
922864,AIV,APARTMENT INVESTMENT & MANAGEMENT CO,6798,1-LAF,10-Q,20210331,Y
923120,GBX,GREENBRIER COMPANIES INC,3743,1-LAF,10-Q,20210228,Y
923139,,FLUSHING FINANCIAL CORP,6022,2-ACC,10-Q,20210331,N
923571,,US XPRESS ENTERPRISES INC,4213,2-ACC,10-Q,20210331,N
923796,GEO,GEO GROUP INC,6798,1-LAF,10-Q,20210331,Y
924095,MVCO,WATERSIDE CAPITAL CORP,6199,4-NON,10-Q,20210331,Y
924168,EFOI,"ENERGY FOCUS, INC/DE",3640,4-NON,10-Q,20210331,Y
924383,GNSS,GENASYS INC.,3651,4-NON,10-Q,20210331,Y
924396,CRSF,"W TECHNOLOGIES, INC.",7990,4-NON,10-Q,20210430,Y
924515,GTHP,GUIDED THERAPEUTICS INC,3845,4-NON,10-K,20201231,Y
924717,,SURMODICS INC,3841,2-ACC,10-Q,20210331,N
924805,FRHC,FREEDOM HOLDING CORP.,6211,2-ACC,10-K,20210331,Y
924822,MLR,MILLER INDUSTRIES INC /TN/,3713,2-ACC,10-Q,20210331,Y
924901,,MACK CALI REALTY CORP,6798,1-LAF,10-Q,20210331,N
925261,AKO-A,ANDINA BOTTLING CO INC,2086,1-LAF,20-F,20201231,Y
925528,HDSN,HUDSON TECHNOLOGIES INC /NY,5080,4-NON,10-Q,20210331,Y
925660,,FLEXPOINT SENSOR SYSTEMS INC,3829,4-NON,10-Q,20210331,N
925661,,"SECTOR 10, INC.",5090,4-NON,10-K,20210331,N
925741,BCDA,"BIOCARDIA, INC.",2836,4-NON,10-Q,20210331,Y
926042,,TATA MOTORS LTD/FI,3711,1-LAF,20-F,20210331,N
926282,ADTN,ADTRAN INC,3661,2-ACC,10-Q,20210331,Y
926326,OMCL,"OMNICELL, INC",3571,1-LAF,10-Q,20210331,Y
926423,MIND,"MIND TECHNOLOGY, INC",3812,4-NON,10-K,20210131,Y
926617,AWHL,ASPIRA WOMEN'S HEALTH INC.,2835,4-NON,10-Q,20210331,Y
927003,AEIS,ADVANCED ENERGY INDUSTRIES INC,3679,1-LAF,10-Q,20210331,Y
927066,DVA,DAVITA INC.,8090,1-LAF,10-Q,20210331,Y
927355,,TESSCO TECHNOLOGIES INC,5065,4-NON,10-K,20210331,N
927628,COF,CAPITAL ONE FINANCIAL CORP,6021,1-LAF,10-Q,20210331,Y
927653,MCK,MCKESSON CORP,5122,1-LAF,10-K,20210331,Y
927761,,MYMETICS CORP,2836,4-NON,10-Q,20210331,N
928022,,CALLON PETROLEUM CO,1311,2-ACC,10-Q,20210331,N
928054,FTK,FLOTEK INDUSTRIES INC/CN/,2890,2-ACC,10-Q,20210331,Y
928340,CWCO,CONSOLIDATED WATER CO. LTD.,4941,4-NON,10-Q,20210331,Y
928465,DIT,AMCON DISTRIBUTING CO,5141,4-NON,10-Q,20210331,Y
928658,CVLG,"COVENANT LOGISTICS GROUP, INC.",4213,2-ACC,10-Q,20210331,Y
928876,TSEM,TOWER SEMICONDUCTOR LTD,3674,1-LAF,20-F,20201231,Y
928953,,PILLARSTONE CAPITAL REIT,6798,4-NON,10-Q,20210331,N
929008,WCC,WESCO INTERNATIONAL INC,5063,1-LAF,10-Q,20210331,Y
929058,,HUANENG POWER INTERNATIONAL INC,4911,1-LAF,20-F,20201231,N
929351,STRZ,LIONS GATE ENTERTAINMENT CORP /CN/,7812,1-LAF,10-K,20210331,Y
929545,,"CONDOR HOSPITALITY TRUST, INC.",6798,4-NON,10-Q,20210331,N
929940,,ASPEN TECHNOLOGY INC /DE/,7371,1-LAF,10-Q,20210331,N
930236,RWT,REDWOOD TRUST INC,6798,1-LAF,10-Q,20210331,Y
930245,AASP,GLOBAL ACQUISITIONS CORP,5900,4-NON,10-K,20201231,Y
930420,KFRC,KFORCE INC,7363,1-LAF,10-Q,20210331,Y
930775,ECIA,ENCISION INC,3841,4-NON,10-K,20210331,Y
931015,PII,POLARIS INC.,3790,1-LAF,10-Q,20210331,Y
931059,,"RENNOVA HEALTH, INC.",8062,4-NON,10-K,20201231,N
931148,EAF,GRAFTECH INTERNATIONAL LTD,3620,2-ACC,10-Q,20210331,Y
931427,TGS,GAS TRANSPORTER OF THE SOUTH INC,4922,1-LAF,20-F,20201231,Y
931584,,UNIVERSAL STAINLESS & ALLOY PRODUCTS INC,3312,2-ACC,10-Q,20210331,N
931755,,AEI INCOME & GROWTH FUND XXI LTD PARTNERSHIP,6500,4-NON,10-Q,20210331,N
932695,CYD,CHINA YUCHAI INTERNATIONAL LTD,3510,2-ACC,20-F,20201231,Y
932696,NSIT,INSIGHT ENTERPRISES INC,5961,1-LAF,10-Q,20210331,Y
932781,FCCO,FIRST COMMUNITY CORP /SC/,6022,4-NON,10-Q,20210331,Y
932782,,MEXICAN PETROLEUM,1311,4-NON,20-F,20201231,N
933034,STRT,STRATTEC SECURITY CORP,3714,2-ACC,10-Q,20210331,Y
933036,UPBD,RENT A CENTER INC DE,7359,1-LAF,10-Q,20210331,Y
933136,,MR. COOPER GROUP INC.,6199,1-LAF,10-Q,20210331,N
933738,,ENGLOBAL CORP,8711,4-NON,10-Q,20210331,N
933972,SCWO,374WATER INC.,3621,4-NON,10-Q,20210331,Y
933974,AZTA,"BROOKS AUTOMATION, INC.",3559,1-LAF,10-Q,20210331,Y
934543,,AMERICAN CHURCH MORTGAGE CO,6500,4-NON,10-Q,20210331,N
934549,ACTG,ACACIA RESEARCH CORP,6794,4-NON,10-Q,20210331,Y
934612,,"BURLINGTON NORTHERN SANTA FE, LLC",4011,4-NON,10-Q,20210331,N
934796,,NETWORK CN INC,7310,4-NON,10-Q,20210331,N
935036,ACIW,"ACI WORLDWIDE, INC.",7372,1-LAF,10-Q,20210331,Y
935494,,NATIONAL INSTRUMENTS CORP,7372,1-LAF,10-Q,20210331,N
935703,DLTR,"DOLLAR TREE, INC.",5331,1-LAF,10-Q,20210430,Y
936340,DTE,DTE ENERGY CO,4911,1-LAF,10-Q,20210331,Y
936395,CIEN,CIENA CORP,3661,1-LAF,10-Q,20210430,Y
936468,LMT,LOCKHEED MARTIN CORP,3760,1-LAF,10-Q,20210331,Y
936528,WAFD,WASHINGTON FEDERAL INC,6021,1-LAF,10-Q,20210331,Y
937098,TNET,"TRINET GROUP, INC.",7389,1-LAF,10-Q,20210331,Y
937556,,MASIMO CORP,3845,1-LAF,10-Q,20210331,N
937834,,METROPOLITAN LIFE INSURANCE CO,6311,4-NON,10-Q,20210331,N
938323,PSO,PEARSON PLC,2731,1-LAF,20-F,20201231,Y
939767,EXEL,"EXELIXIS, INC.",2836,1-LAF,10-Q,20210331,Y
939930,PYYX,"PYXUS INTERNATIONAL, INC.",5150,4-NON,10-K,20210331,Y
940942,HUBG,"HUB GROUP, INC.",4731,1-LAF,10-Q,20210331,Y
940944,DRI,DARDEN RESTAURANTS INC,5812,1-LAF,10-Q,20210228,Y
941685,,IMAGEWARE SYSTEMS INC,7372,4-NON,10-K,20201231,N
942126,TAIT,TAITRON COMPONENTS INC,5065,4-NON,10-Q,20210331,Y
943034,AATC,IMAGE SENSING SYSTEMS INC,3829,4-NON,10-Q,20210331,Y
943184,,"EVER-GLORY INTERNATIONAL GROUP, INC.",2300,4-NON,10-Q,20210331,N
943452,WAB,WESTINGHOUSE AIR BRAKE TECHNOLOGIES CORP,3743,1-LAF,10-Q,20210331,Y
943535,WHEN,"WORLD HEALTH ENERGY HOLDINGS, INC.",7372,4-NON,10-K,20201231,Y
943819,RMD,RESMED INC,3841,1-LAF,10-Q,20210331,Y
943861,,GOODRICH PETROLEUM CORP,1311,4-NON,10-Q,20210331,N
944075,SCKT,"SOCKET MOBILE, INC.",3571,4-NON,10-Q,20210331,Y
944130,,"MINISTRY PARTNERS INVESTMENT COMPANY, LLC",6199,4-NON,10-Q,20210331,N
944148,CBZ,"CBIZ, INC.",7389,1-LAF,10-Q,20210331,Y
944314,,"LIFE STORAGE, INC.",6798,1-LAF,10-Q,20210331,N
944480,,GSE SYSTEMS INC,7372,4-NON,10-K,20201231,N
944695,THG,"HANOVER INSURANCE GROUP, INC.",6331,1-LAF,10-Q,20210331,Y
944745,CIVB,"CIVISTA BANCSHARES, INC.",6022,2-ACC,10-Q,20210331,Y
944792,,UNITED BANCSHARES INC /PA,6022,4-NON,10-K,20171231,N
944809,OPK,"OPKO HEALTH, INC.",2834,1-LAF,10-Q,20210331,Y
945114,GIC,SYSTEMAX INC,5084,2-ACC,10-Q,20210331,Y
945394,SVC,SERVICE PROPERTIES TRUST,6798,1-LAF,10-Q,20210331,Y
945617,,"AMERICAN CANNABIS COMPANY, INC.",4833,4-NON,10-Q,20210331,N
945764,,DENBURY INC,1311,2-ACC,10-Q,20210331,N
945828,,AMERITYRE CORP,3011,4-NON,10-Q,20210331,N
945841,POOL,POOL CORP,5090,1-LAF,10-Q,20210331,Y
945983,CLMB,"WAYSIDE TECHNOLOGY GROUP, INC.",5045,2-ACC,10-Q,20210331,Y
946155,,TIAA REAL ESTATE ACCOUNT,6500,4-NON,10-Q,20210331,N
946454,,"BALLANTYNE STRONG, INC.",3861,4-NON,10-Q,20210331,N
946486,WINT,WINDTREE THERAPEUTICS INC /DE/,2836,4-NON,10-Q,20210331,Y
946563,RVP,RETRACTABLE TECHNOLOGIES INC,3841,4-NON,10-Q,20210331,Y
946581,TTWO,TAKE TWO INTERACTIVE SOFTWARE INC,7372,1-LAF,10-K,20210331,Y
946644,AIM,AIM IMMUNOTECH INC.,2836,4-NON,10-Q,20210331,Y
946647,,PREMIER FINANCIAL CORP,6022,2-ACC,10-Q,20210331,N
946673,BANR,BANNER CORP,6022,1-LAF,10-Q,20210331,Y
947484,ACGL,ARCH CAPITAL GROUP LTD.,6331,1-LAF,10-Q,20210331,Y
947559,,FIRST BANCSHARES INC /MS/,6021,2-ACC,10-Q,20210331,N
948320,LFMD,"LIFEMD, INC.",8011,4-NON,10-Q,20210331,Y
948708,SMSI,"SMITH MICRO SOFTWARE, INC.",7372,4-NON,10-Q,20210331,Y
949039,,"DIAMOND OFFSHORE DRILLING, INC.",1381,4-NON,10-Q,20210331,N
949157,CENX,CENTURY ALUMINUM CO,3334,2-ACC,10-Q,20210331,Y
949858,ACHV,"ACHIEVE LIFE SCIENCES, INC.",2835,4-NON,10-Q,20210331,Y
949870,SAM,BOSTON BEER CO INC,2082,1-LAF,10-Q,20210331,Y
949961,IOR,INCOME OPPORTUNITY REALTY INVESTORS INC /TX/,6798,4-NON,10-Q,20210331,Y
1000045,OMCC,NICHOLAS FINANCIAL INC,6153,4-NON,10-K,20210331,Y
1000177,NAT,NORDIC AMERICAN TANKERS LTD,4400,2-ACC,20-F,20201231,Y
1000209,MFIN,MEDALLION FINANCIAL CORP,6199,2-ACC,10-Q,20210331,Y
1000228,HSIC,HENRY SCHEIN INC,5047,1-LAF,10-Q,20210331,Y
1000229,,CORE LABORATORIES N V,1389,1-LAF,10-Q,20210331,N
1000230,OCC,OPTICAL CABLE CORP,3357,4-NON,10-Q,20210430,Y
1000232,,KENTUCKY BANCSHARES INC /KY/,6022,4-NON,10-Q,20210331,N
1000298,,IMPAC MORTGAGE HOLDINGS INC,6798,4-NON,10-Q,20210331,N
1000623,MATV,SCHWEITZER MAUDUIT INTERNATIONAL INC,2621,1-LAF,10-Q,20210331,Y
1000683,,BLONDER TONGUE LABORATORIES INC,3663,4-NON,10-Q,20210331,N
1000694,NVAX,NOVAVAX INC,2836,1-LAF,10-Q,20210331,Y
1000697,WAT,WATERS CORP /DE/,3826,1-LAF,10-Q,20210331,Y
1000753,NSP,"INSPERITY, INC.",7363,1-LAF,10-Q,20210331,Y
1001082,,DISH NETWORK CORP,4841,1-LAF,10-Q,20210331,N
1001115,GEOS,GEOSPACE TECHNOLOGIES CORP,3829,4-NON,10-Q,20210331,Y
1001171,BYFC,BROADWAY FINANCIAL CORP DE,6035,4-NON,10-Q,20210331,Y
1001233,SGMOQ,"SANGAMO THERAPEUTICS, INC",2836,1-LAF,10-Q,20210331,Y
1001250,EL,ESTEE LAUDER COMPANIES INC,2844,1-LAF,10-Q,20210331,Y
1001290,BAP,CREDICORP LTD,6029,1-LAF,20-F,20201231,Y
1001316,TGTX,"TG THERAPEUTICS, INC.",2834,1-LAF,10-Q,20210331,Y
1001385,NWPX,NORTHWEST PIPE CO,3317,2-ACC,10-Q,20210331,Y
1001601,MGTI,"MGT CAPITAL INVESTMENTS, INC.",7374,4-NON,10-K,20201231,Y
1001614,REPX,"RILEY EXPLORATION PERMIAN, INC.",1311,4-NON,10-Q,20210331,Y
1001807,TLK,PERUSAHAAN PERSEROAN PERSERO PT TELEKOMUNIKASI INDONESIA TBK,4813,1-LAF,20-F,20201231,Y
1001838,SCCO,SOUTHERN COPPER CORP/,1000,1-LAF,10-Q,20210331,Y
1001902,,INTEVAC INC,3559,2-ACC,10-Q,20210331,N
1001907,ASTC,ASTROTECH CORP,3826,4-NON,10-Q,20210331,Y
1002047,NTAP,"NETAPP, INC.",3572,1-LAF,10-K,20210430,Y
1002135,,WESTELL TECHNOLOGIES INC,3661,4-NON,10-K,20210331,N
1002242,E,ENI SPA,1311,1-LAF,20-F,20201231,Y
1002517,,"NUANCE COMMUNICATIONS, INC.",7372,1-LAF,10-Q,20210331,N
1002590,SGU,"STAR GROUP, L.P.",5990,2-ACC,10-Q,20210331,Y
1002638,OTEX,OPEN TEXT CORP,7373,1-LAF,10-Q,20210331,Y
1002910,AEE,AMEREN CORP,4931,1-LAF,10-Q,20210331,Y
1003078,MSM,MSC INDUSTRIAL DIRECT CO INC,5084,1-LAF,10-Q,20210228,Y
1003201,,"MMA CAPITAL HOLDINGS, INC.",6500,4-NON,10-Q,20210331,N
1003815,,BCTC IV ASSIGNOR CORP,6513,4-NON,10-Q,20210331,N
1004156,,ARAUCO & CONSTITUTION PULP INC,2611,4-NON,20-F,20201231,N
1004315,NGG,NATIONAL GRID PLC,4922,1-LAF,20-F,20210331,Y
1004434,AMG,"AFFILIATED MANAGERS GROUP, INC.",6282,1-LAF,10-Q,20210331,Y
1004702,OCFC,OCEANFIRST FINANCIAL CORP,6035,1-LAF,10-Q,20210331,Y
1004724,RHEP,"REGIONAL HEALTH PROPERTIES, INC",6519,4-NON,10-Q,20210331,Y
1004980,PCG,PG&E CORP,4931,1-LAF,10-Q,20210331,Y
1004989,SGRP,"SPAR GROUP, INC.",7389,4-NON,10-Q,20210331,Y
1005011,,"GRAPHIC PACKAGING INTERNATIONAL, LLC",2631,4-NON,10-Q,20210331,N
1005101,MGLD,CONCIERGE TECHNOLOGIES INC,6199,4-NON,10-Q,20210331,Y
1005210,SPH,SUBURBAN PROPANE PARTNERS LP,5900,1-LAF,10-Q,20210331,Y
1005229,CMCO,COLUMBUS MCKINNON CORP,3531,1-LAF,10-K,20210331,Y
1005276,,MOHEGAN TRIBAL GAMING AUTHORITY,7011,4-NON,10-Q,20210331,N
1005284,OLED,UNIVERSAL DISPLAY CORP PA,3670,1-LAF,10-Q,20210331,Y
1005286,LFCR,LANDEC CORP CA,2033,2-ACC,10-Q,20210228,Y
1005731,IDT,IDT CORP,4813,2-ACC,10-Q,20210430,Y
1005757,,CSG SYSTEMS INTERNATIONAL INC,7374,1-LAF,10-Q,20210331,N
1005817,TMP,TOMPKINS FINANCIAL CORP,6022,1-LAF,10-Q,20210331,Y
1006028,PURE,"PURE BIOSCIENCE, INC.",2890,4-NON,10-Q,20210430,Y
1006045,IRIX,IRIDEX CORP,3845,4-NON,10-Q,20210331,Y
1006269,,LORAL SPACE & COMMUNICATIONS INC.,3663,4-NON,10-Q,20210331,N
1006281,PLX,"PROTALIX BIOTHERAPEUTICS, INC.",2836,4-NON,10-Q,20210331,Y
1006655,EPM,EVOLUTION PETROLEUM CORP,1311,4-NON,10-Q,20210331,Y
1006830,CBKM,CONSUMERS BANCORP INC /OH/,6021,4-NON,10-Q,20210331,Y
1006837,VATE,"HC2 HOLDINGS, INC.",3440,2-ACC,10-Q,20210331,Y
1006840,,"CANG BAO TIAN XIA INTERNATIONAL ART TRADE CENTER, INC.",5010,4-NON,10-Q,20210331,N
1007019,JVA,COFFEE HOLDING CO INC,2090,4-NON,10-Q,20210430,Y
1007273,,BANK OF SOUTH CAROLINA CORP,6022,4-NON,10-Q,20210331,N
1007587,KVHI,KVH INDUSTRIES INC DE,3663,2-ACC,10-Q,20210331,Y
1008586,,STREAMLINE HEALTH SOLUTIONS INC.,7373,4-NON,10-K,20210131,N
1008653,,ECOMAT INC,7200,4-NON,10-Q,20210331,N
1008654,,TUPPERWARE BRANDS CORP,3089,2-ACC,10-Q,20210331,N
1008848,,ACORDA THERAPEUTICS INC,2836,4-NON,10-Q,20210331,N
1009759,CEPL,CAPSTONE GREEN ENERGY CORP,3510,4-NON,10-K,20210331,Y
1009829,JAKK,JAKKS PACIFIC INC,3944,4-NON,10-Q,20210331,Y
1009891,AIRI,AIR INDUSTRIES GROUP,3728,4-NON,10-Q,20210331,Y
1009922,NSFDF,NXT ENERGY SOLUTIONS INC.,1382,4-NON,20-F,20201231,Y
1010086,SIGA,SIGA TECHNOLOGIES INC,2834,4-NON,10-Q,20210331,Y
1010134,ICTSF,ICTS INTERNATIONAL N V,7389,4-NON,20-F,20201231,Y
1010470,PROV,PROVIDENT FINANCIAL HOLDINGS INC,6035,4-NON,10-Q,20210331,Y
1010612,,SYKES ENTERPRISES INC,7373,1-LAF,10-Q,20210331,N
1011432,,"CYNERGISTEK, INC",7389,4-NON,10-Q,20210331,N
1011509,AUMN,GOLDEN MINERALS CO,1040,4-NON,10-Q,20210331,Y
1011570,,KNOLL INC,2590,1-LAF,10-Q,20210331,N
1011659,,MUFG AMERICAS HOLDINGS CORP,6021,4-NON,10-Q,20210331,N
1011662,,GLOBAL DIGITAL SOLUTIONS INC,2844,4-NON,10-K,20201231,N
1012019,RUSHA,RUSH ENTERPRISES INC TX,5500,1-LAF,10-Q,20210331,Y
1012100,,SEALED AIR CORP/DE,2820,1-LAF,10-Q,20210331,N
1012139,,GUANGSHEN RAILWAY CO LTD,4011,1-LAF,20-F,20201231,N
1012477,,AVADEL PHARMACEUTICALS PLC,2834,2-ACC,10-Q,20210331,N
1012771,,FBL FINANCIAL GROUP INC,6311,2-ACC,10-Q,20210331,N
1013131,BVN,BUENAVENTURA MINING CO INC,1000,1-LAF,20-F,20201231,Y
1013237,FDS,FACTSET RESEARCH SYSTEMS INC,7370,1-LAF,10-Q,20210228,Y
1013272,NWFL,NORWOOD FINANCIAL CORP,6022,2-ACC,10-Q,20210331,Y
1013462,,ANSYS INC,7372,1-LAF,10-Q,20210331,N
1013488,BJRI,BJS RESTAURANTS INC,5812,2-ACC,10-Q,20210331,Y
1013706,,"WILHELMINA INTERNATIONAL, INC.",8742,4-NON,10-Q,20210331,N
1013857,PEGA,PEGASYSTEMS INC,7374,1-LAF,10-Q,20210331,Y
1013871,NRG,"NRG ENERGY, INC.",4911,1-LAF,10-Q,20210331,Y
1013880,TTEC,"TTEC HOLDINGS, INC.",7363,1-LAF,10-Q,20210331,Y
1013934,STRA,"STRATEGIC EDUCATION, INC.",8200,1-LAF,10-Q,20210331,Y
1014052,DTGI,"DIGERATI TECHNOLOGIES, INC.",7374,4-NON,10-Q,20210430,Y
1014473,VRSN,VERISIGN INC/CA,7371,1-LAF,10-Q,20210331,Y
1014739,OPCH,"OPTION CARE HEALTH, INC.",8082,2-ACC,10-Q,20210331,Y
1014763,AIMD,"AINOS, INC.",2834,4-NON,10-Q,20210331,Y
1015155,,CHARLES & COLVARD LTD,3910,4-NON,10-Q,20210331,N
1015328,WTFC,WINTRUST FINANCIAL CORP,6022,1-LAF,10-Q,20210331,Y
1015383,POWW,"AMMO, INC.",3480,4-NON,10-K,20210331,Y
1015650,SKM,SK TELECOM CO LTD,4812,1-LAF,20-F,20201231,Y
1015739,AWRE,AWARE INC /MA/,7372,4-NON,10-Q,20210331,Y
1015922,CHKP,CHECK POINT SOFTWARE TECHNOLOGIES LTD,7372,1-LAF,20-F,20201231,Y
1016169,,"ANTARES PHARMA, INC.",3841,2-ACC,10-Q,20210331,N
1016178,CARV,CARVER BANCORP INC,6035,4-NON,10-K,20210331,Y
1016281,CSV,CARRIAGE SERVICES INC,7200,2-ACC,10-Q,20210331,Y
1016504,INBP,INTEGRATED BIOPHARMA INC,2834,4-NON,10-Q,20210331,Y
1016708,,"RENOVACARE, INC.",3841,4-NON,10-Q,20210331,N
1017110,,GENETHERA INC,2836,4-NON,10-K,20201231,N
1017303,TACT,TRANSACT TECHNOLOGIES INC,3577,4-NON,10-Q,20210331,Y
1017480,,HIBBETT SPORTS INC,5940,2-ACC,10-K,20210131,N
1017491,,"SEELOS THERAPEUTICS, INC.",2834,4-NON,10-Q,20210331,N
1017655,PAYD,PAID INC,7389,4-NON,10-Q,20210331,Y
1017673,,DOVER MOTORSPORTS INC,7900,4-NON,10-Q,20210331,N
1018164,WLFC,WILLIS LEASE FINANCE CORP,5080,2-ACC,10-Q,20210331,Y
1018399,,ENTERPRISE BANCORP INC /MA/,6022,2-ACC,10-Q,20210331,N
1018724,AMZN,AMAZON COM INC,5961,1-LAF,10-Q,20210331,Y
1018840,ANF,ABERCROMBIE & FITCH CO /DE/,5651,1-LAF,10-Q,20210430,Y
1018963,ATI,ALLEGHENY TECHNOLOGIES INC,3317,1-LAF,10-Q,20210331,Y
1018979,AMSF,AMERISAFE INC,6331,1-LAF,10-Q,20210331,Y
1019034,BKYI,BIO KEY INTERNATIONAL INC,3576,4-NON,10-Q,20210331,Y
1019671,,SEACHANGE INTERNATIONAL INC,3663,4-NON,10-K,20210131,N
1019849,PAG,"PENSKE AUTOMOTIVE GROUP, INC.",5500,1-LAF,10-Q,20210331,Y
1020214,CERS,CERUS CORP,3841,1-LAF,10-Q,20210331,Y
1020569,IRM,IRON MOUNTAIN INC,6798,1-LAF,10-Q,20210331,Y
1020710,DXPE,DXP ENTERPRISES INC,5084,2-ACC,10-Q,20210331,Y
1020859,UNFI,UNITED NATURAL FOODS INC,5141,2-ACC,10-Q,20210430,Y
1021096,,"TROIKA MEDIA GROUP, INC.",4841,4-NON,10-Q,20210331,N
1021162,,TRIUMPH GROUP INC,3720,2-ACC,10-K,20210331,N
1021270,,"BBQ HOLDINGS, INC.",5812,4-NON,10-K,20201231,N
1021435,,HOPTO INC.,7372,4-NON,10-Q,20210331,N
1021561,NUS,"NU SKIN ENTERPRISES, INC.",5122,1-LAF,10-Q,20210331,Y
1021604,,ON TRACK INNOVATIONS LTD,3674,4-NON,10-Q,20210331,N
1021635,OGE,OGE ENERGY CORP.,4911,1-LAF,10-Q,20210331,Y
1021860,NOV,NOV INC.,3533,1-LAF,10-Q,20210331,Y
1022079,DGX,QUEST DIAGNOSTICS INC,8071,1-LAF,10-Q,20210331,Y
1022321,GEL,GENESIS ENERGY LP,4610,1-LAF,10-Q,20210331,Y
1022408,PLUS,EPLUS INC,5045,1-LAF,10-K,20210331,Y
1022505,SDCH,CIPHERLOC CORP,7374,4-NON,10-Q,20210331,Y
1022652,INSG,INSEEGO CORP.,3669,1-LAF,10-Q,20210331,Y
1022671,STLD,STEEL DYNAMICS INC,3312,1-LAF,10-Q,20210331,Y
1022837,SMFG,"SUMITOMO MITSUI FINANCIAL GROUP, INC.",6029,1-LAF,20-F,20210331,Y
1022899,PTIX,"PROTAGENIC THERAPEUTICS, INC.NEW",7389,4-NON,10-Q,20210331,Y
1023024,ANIP,ANI PHARMACEUTICALS INC,2834,2-ACC,10-Q,20210331,Y
1023128,LAD,LITHIA MOTORS INC,5500,1-LAF,10-Q,20210331,Y
1023313,FORR,"FORRESTER RESEARCH, INC.",8700,2-ACC,10-Q,20210331,Y
1023364,,"AUTOWEB, INC.",7370,4-NON,10-Q,20210331,N
1023458,XAEIU,AEI INCOME & GROWTH FUND XXII LTD PARTNERSHIP,6500,4-NON,10-Q,20210331,Y
1023459,SLP,"SIMULATIONS PLUS, INC.",7373,4-NON,10-Q,20210228,Y
1023731,EGHT,8X8 INC /DE/,7374,1-LAF,10-K,20210331,Y
1023994,OLOX,"SG BLOCKS, INC.",5030,4-NON,10-K,20201231,Y
1024305,COTY,COTY INC.,2844,1-LAF,10-Q,20210331,Y
1024478,ROK,"ROCKWELL AUTOMATION, INC",3829,1-LAF,10-Q,20210331,Y
1024725,,TENNECO INC,3714,2-ACC,10-Q,20210331,N
1024795,HLIO,"HELIOS TECHNOLOGIES, INC.",3490,1-LAF,10-Q,20210331,Y
1025378,WPC,W. P. CAREY INC.,6798,1-LAF,10-Q,20210331,Y
1025561,,MER TELEMANAGEMENT SOLUTIONS LTD,3661,4-NON,20-F,20201231,N
1025771,WHLT,CHASE PACKAGING CORP,0700,4-NON,10-Q,20210331,Y
1025835,EFSC,ENTERPRISE FINANCIAL SERVICES CORP,6022,1-LAF,10-Q,20210331,Y
1025953,,"NOVATION COMPANIES, INC.",6531,4-NON,10-Q,20210331,N
1025996,KRC,KILROY REALTY CORP,6798,1-LAF,10-Q,20210331,Y
1026214,FMCC,FEDERAL HOME LOAN MORTGAGE CORP,6111,1-LAF,10-Q,20210331,Y
1026655,CMT,CORE MOLDING TECHNOLOGIES INC,3089,4-NON,10-Q,20210331,Y
1026662,CLWT,EURO TECH HOLDINGS CO LTD,5040,4-NON,20-F,20201231,Y
1026980,APWC,ASIA PACIFIC WIRE & CABLE CORP LTD,3357,4-NON,20-F,20201231,Y
1027838,TCMD,TACTILE SYSTEMS TECHNOLOGY INC,3841,1-LAF,10-Q,20210331,Y
1028918,,PACIFIC PREMIER BANCORP INC,6022,1-LAF,10-Q,20210331,N
1029125,,"PANBELA THERAPEUTICS, INC.",2834,4-NON,10-Q,20210331,N
1029142,,DYNAVAX TECHNOLOGIES CORP,2834,1-LAF,10-Q,20210331,N
1029199,EEFT,"EURONET WORLDWIDE, INC.",6099,1-LAF,10-Q,20210331,Y
1029744,,SONIC FOUNDRY INC,3663,4-NON,10-Q,20210331,N
1029800,,URSTADT BIDDLE PROPERTIES INC,6798,2-ACC,10-Q,20210430,N
1029831,,HILLMAN COMPANIES INC,5080,4-NON,10-Q,20210331,N
1030192,IDR,NEW JERSEY MINING CO,1040,4-NON,10-Q,20210331,Y
1030469,OFG,OFG BANCORP,6022,1-LAF,10-Q,20210331,Y
1030471,UTSI,UTSTARCOM HOLDINGS CORP.,3669,4-NON,20-F,20201231,Y
1030475,,CHINA EASTERN AIRLINES CORP LTD,4512,1-LAF,20-F,20201231,N
1031029,,"STARTEK, INC.",7363,2-ACC,10-Q,20210331,N
1031093,SVBL,"SILVER BULL RESOURCES, INC.",1000,4-NON,10-Q,20210430,Y
1031203,GPI,GROUP 1 AUTOMOTIVE INC,5500,1-LAF,10-Q,20210331,Y
1031235,SELF,"GLOBAL SELF STORAGE, INC.",6798,4-NON,10-Q,20210331,Y
1031296,FE,FIRSTENERGY CORP,4911,1-LAF,10-Q,20210331,Y
1031308,BSY,BENTLEY SYSTEMS INC,7372,4-NON,10-Q,20210331,Y
1031316,FSP,FRANKLIN STREET PROPERTIES CORP /MA/,6798,2-ACC,10-Q,20210331,Y
1031623,,GULF ISLAND FABRICATION INC,3440,4-NON,10-Q,20210331,N
1032033,SLM,SLM CORP,6141,1-LAF,10-Q,20210331,Y
1032208,SRE,SEMPRA ENERGY,4932,1-LAF,10-Q,20210331,Y
1032220,MMS,"MAXIMUS, INC.",7389,1-LAF,10-Q,20210331,Y
1032975,LOGI,LOGITECH INTERNATIONAL S.A.,3577,1-LAF,10-K,20210331,Y
1033012,,FLAGSTAR BANCORP INC,6035,1-LAF,10-Q,20210331,N
1033767,UMC,UNITED MICROELECTRONICS CORP,3674,1-LAF,20-F,20201231,Y
1033905,,LUMINEX CORP,3841,1-LAF,10-Q,20210331,N
1034054,SBAC,SBA COMMUNICATIONS CORP,6798,1-LAF,10-Q,20210331,Y
1034670,ALV,AUTOLIV INC,3714,1-LAF,10-Q,20210331,Y
1034760,WYY,WIDEPOINT CORP,7373,4-NON,10-Q,20210331,Y
1034842,RIGL,RIGEL PHARMACEUTICALS INC,2834,2-ACC,10-Q,20210331,Y
1035002,VLO,VALERO ENERGY CORP/TX,2911,1-LAF,10-Q,20210331,Y
1035092,SHBI,SHORE BANCSHARES INC,6021,4-NON,10-Q,20210331,Y
1035201,CWT,CALIFORNIA WATER SERVICE GROUP,4941,1-LAF,10-Q,20210331,Y
1035267,ISRG,INTUITIVE SURGICAL INC,3842,1-LAF,10-Q,20210331,Y
1035354,ELOX,"ELOXX PHARMACEUTICALS, INC.",8731,4-NON,10-Q,20210331,Y
1035443,ARE,"ALEXANDRIA REAL ESTATE EQUITIES, INC.",6798,1-LAF,10-Q,20210331,Y
1035976,,"FNCB BANCORP, INC.",6021,4-NON,10-Q,20210331,N
1035983,FIX,COMFORT SYSTEMS USA INC,1731,1-LAF,10-Q,20210331,Y
1036044,INVE,"IDENTIV, INC.",3577,4-NON,10-Q,20210331,Y
1036188,,QAD INC,7372,2-ACC,10-K,20210131,N
1036262,INTT,INTEST CORP,3825,4-NON,10-Q,20210331,Y
1036848,,AEROCENTURY CORP,7359,4-NON,10-K,20201231,N
1037038,RL,RALPH LAUREN CORP,2320,1-LAF,10-K,20210331,Y
1037390,,"INDUS REALTY TRUST, INC.",6500,4-NON,10-Q,20210331,N
1037540,BXP,BOSTON PROPERTIES INC,6798,1-LAF,10-Q,20210331,Y
1037676,,"ARCH RESOURCES, INC.",1221,2-ACC,10-Q,20210331,N
1037868,AME,AMETEK INC/,3823,1-LAF,10-Q,20210331,Y
1037976,JLL,JONES LANG LASALLE INC,6531,1-LAF,10-Q,20210331,Y
1038074,SLAB,SILICON LABORATORIES INC.,3674,1-LAF,10-Q,20210331,Y
1038133,,HESKA CORP,2835,1-LAF,10-Q,20210331,N
1038277,INIS,INTERNATIONAL ISOTOPES INC,3823,4-NON,10-Q,20210331,Y
1038357,,PIONEER NATURAL RESOURCES CO,1311,1-LAF,10-Q,20210331,N
1038509,,PRUCO LIFE INSURANCE OF NEW JERSEY,6311,4-NON,10-Q,20210331,N
1038572,,BRAZILIAN DISTRIBUTION CO COMPANHIA BRASILEIRA DE DISTR CBD,5411,1-LAF,20-F,20201231,N
1038773,SMBK,SMARTFINANCIAL INC.,6021,2-ACC,10-Q,20210331,Y
1039065,OSIS,OSI SYSTEMS INC,3674,1-LAF,10-Q,20210331,Y
1039280,NTWK,NETSOL TECHNOLOGIES INC,7372,4-NON,10-Q,20210331,Y
1039399,FORM,FORMFACTOR INC,3674,1-LAF,10-Q,20210331,Y
1039466,,NOVACCESS GLOBAL INC.,3081,4-NON,10-Q,20201231,N
1039684,OKE,ONEOK INC /NEW/,4923,1-LAF,10-Q,20210331,Y
1039828,ANG-PD,AMERICAN EQUITY INVESTMENT LIFE HOLDING CO,6311,1-LAF,10-Q,20210331,Y
1040130,PETS,PETMED EXPRESS INC,5912,2-ACC,10-K,20210331,Y
1040161,PXLW,"PIXELWORKS, INC",3674,4-NON,10-Q,20210331,Y
1040470,AEHR,AEHR TEST SYSTEMS,3825,4-NON,10-Q,20210228,Y
1040829,RHP,"RYMAN HOSPITALITY PROPERTIES, INC.",6798,1-LAF,10-Q,20210331,Y
1040896,IDN,"INTELLICHECK, INC.",7372,4-NON,10-Q,20210331,Y
1040971,SLG,SL GREEN REALTY CORP,6798,1-LAF,10-Q,20210331,Y
1041024,RMTI,"ROCKWELL MEDICAL, INC.",2834,4-NON,10-Q,20210331,Y
1041061,YUM,YUM BRANDS INC,5812,1-LAF,10-Q,20210331,Y
1041368,RVSB,RIVERVIEW BANCORP INC,6035,4-NON,10-K,20210331,Y
1041514,LSAK,NET 1 UEPS TECHNOLOGIES INC,6099,2-ACC,10-Q,20210331,Y
1041657,UONE,"URBAN ONE, INC.",4832,4-NON,10-Q,20210331,Y
1041668,CHKIF,CHINA SOUTHERN AIRLINES CO LTD,4512,1-LAF,20-F,20201231,Y
1041792,ELPC,ENERGY CO OF PARANA,4911,1-LAF,20-F,20201231,Y
1041803,PSMT,PRICESMART INC,5331,1-LAF,10-Q,20210228,Y
1041859,PLCE,"CHILDRENS PLACE, INC.",5651,2-ACC,10-Q,20210430,Y
1041934,FOCL,EDAP TMS SA,3845,2-ACC,20-F,20201231,Y
1042046,AFG,AMERICAN FINANCIAL GROUP INC,6331,1-LAF,10-Q,20210331,Y
1042074,,"CYMABAY THERAPEUTICS, INC.",2834,4-NON,10-Q,20210331,N
1042187,YHGJ,YUNHONG CTI LTD.,3060,4-NON,10-K,20201231,Y
1042418,INTI,"INHIBITOR THERAPEUTICS, INC.",8731,4-NON,10-Q,20210331,Y
1042642,,DISH DBS CORP,4899,4-NON,10-Q,20210331,N
1042729,MBWM,MERCANTILE BANK CORP,6022,2-ACC,10-Q,20210331,Y
1042776,PDM,"PIEDMONT OFFICE REALTY TRUST, INC.",6512,1-LAF,10-Q,20210331,Y
1042893,INVX,DRIL-QUIP INC,3533,1-LAF,10-Q,20210331,Y
1043000,SNDA,CAPITAL SENIOR LIVING CORP,8050,4-NON,10-Q,20210331,Y
1043186,SLNG,"STABILIS SOLUTIONS, INC.",4924,4-NON,10-Q,20210331,Y
1043219,NLY,ANNALY CAPITAL MANAGEMENT INC,6798,1-LAF,10-Q,20210331,Y
1043277,CHRW,"C. H. ROBINSON WORLDWIDE, INC.",4731,1-LAF,10-Q,20210331,Y
1043337,SRI,STONERIDGE INC,3714,2-ACC,10-Q,20210331,Y
1043509,SAH,SONIC AUTOMOTIVE INC,5500,1-LAF,10-Q,20210331,Y
1043604,,JUNIPER NETWORKS INC,3576,1-LAF,10-Q,20210331,N
1043894,,"ENVIRO TECHNOLOGIES U.S., INC.",3559,4-NON,10-Q,20210331,N
1043951,,CAMPBELL FUND TRUST,6221,4-NON,10-Q,20210331,N
1043961,PRPO,"PRECIPIO, INC.",3826,4-NON,10-Q,20210331,Y
1044378,,BIOCEPT INC,8071,4-NON,10-Q,20210331,N
1044777,OSPN,ONESPAN INC.,7373,1-LAF,10-Q,20210331,Y
1044896,,INDUSTRIAS BACHOCO S.A.B. DE C.V.,2015,2-ACC,20-F,20201231,N
1045309,,W R GRACE & CO,2800,1-LAF,10-Q,20210331,N
1045450,EPR,EPR PROPERTIES,6798,1-LAF,10-Q,20210331,Y
1045609,PLD,"PROLOGIS, INC.",6798,1-LAF,10-Q,20210331,Y
1045742,LIVE,LIVE VENTURES INC,5900,4-NON,10-Q,20210331,Y
1045810,NVDA,NVIDIA CORP,3674,1-LAF,10-Q,20210430,Y
1045942,TRCK,"TRACK GROUP, INC.",3669,4-NON,10-Q,20210331,Y
1045986,FORTY,FORMULA SYSTEMS (1985) LTD,7371,1-LAF,20-F,20201231,Y
1046025,HFWA,HERITAGE FINANCIAL CORP /WA/,6036,1-LAF,10-Q,20210331,Y
1046050,TSBK,TIMBERLAND BANCORP INC,6036,4-NON,10-Q,20210331,Y
1046102,RBA,RITCHIE BROS AUCTIONEERS INC,7389,1-LAF,10-Q,20210331,Y
1046179,TSM,TAIWAN SEMICONDUCTOR MANUFACTURING CO LTD,3674,1-LAF,20-F,20201231,Y
1046203,,GUARANTY FEDERAL BANCSHARES INC,6022,4-NON,10-Q,20210331,N
1046257,INGR,INGREDION INC,2040,1-LAF,10-Q,20210331,Y
1046311,CHH,CHOICE HOTELS INTERNATIONAL INC /DE,7011,1-LAF,10-Q,20210331,Y
1046327,,REALNETWORKS INC,7371,4-NON,10-Q,20210331,N
1046568,PRDO,PERDOCEO EDUCATION CORP,8200,1-LAF,10-Q,20210331,Y
1046995,,EMAGIN CORP,3674,4-NON,10-Q,20210331,N
1047127,AMKR,"AMKOR TECHNOLOGY, INC.",3674,1-LAF,10-Q,20210331,Y
1047335,NHC,NATIONAL HEALTHCARE CORP,8051,1-LAF,10-Q,20210331,Y
1047340,DMC,FRESH DEL MONTE PRODUCE INC,0100,1-LAF,10-Q,20210331,Y
1047862,ED,CONSOLIDATED EDISON INC,4931,1-LAF,10-Q,20210331,Y
1048268,IESC,"IES HOLDINGS, INC.",1731,2-ACC,10-Q,20210331,Y
1048286,MAR,MARRIOTT INTERNATIONAL INC /MD/,7011,1-LAF,10-Q,20210331,Y
1048477,BMRN,BIOMARIN PHARMACEUTICAL INC,2834,1-LAF,10-Q,20210331,Y
1048695,FFIV,"F5 NETWORKS, INC.",3576,1-LAF,10-Q,20210331,Y
1049011,,KID CASTLE EDUCATIONAL CORP,5040,4-NON,10-Q,20210331,N
1049502,MKSI,MKS INSTRUMENTS INC,3823,1-LAF,10-Q,20210331,Y
1049521,MRCY,MERCURY SYSTEMS INC,3670,1-LAF,10-Q,20210331,Y
1049606,CIX,COMPX INTERNATIONAL INC,3420,4-NON,10-Q,20210331,Y
1049659,SID,NATIONAL STEEL CO,3310,1-LAF,20-F,20201231,Y
1049782,,BROOKLINE BANCORP INC,6035,1-LAF,10-Q,20210331,N
1050140,DSGX,DESCARTES SYSTEMS GROUP INC,7372,,40-F,20210131,Y
1050377,CNXN,PC CONNECTION INC,5961,2-ACC,10-Q,20210331,Y
1050441,EGBN,EAGLE BANCORP INC,6022,1-LAF,10-Q,20210331,Y
1050446,MSTR,MICROSTRATEGY INC,7372,1-LAF,10-Q,20210331,Y
1050606,SALM,"SALEM MEDIA GROUP, INC. /DE/",4832,4-NON,10-Q,20210331,Y
1050743,PGC,PEAPACK GLADSTONE FINANCIAL CORP,6029,2-ACC,10-Q,20210331,Y
1050797,COLM,COLUMBIA SPORTSWEAR CO,2300,1-LAF,10-Q,20210331,Y
1050825,,STEELCASE INC,2522,1-LAF,10-K,20210228,N
1050915,PWR,"QUANTA SERVICES, INC.",1731,1-LAF,10-Q,20210331,Y
1051343,,COMMUNITY WEST BANCSHARES /,6022,4-NON,10-Q,20210331,N
1051470,CCI,CROWN CASTLE INTERNATIONAL CORP,6798,1-LAF,10-Q,20210331,Y
1051512,TDS,TELEPHONE & DATA SYSTEMS INC /DE/,4813,1-LAF,10-Q,20210331,Y
1051514,,"STRATA SKIN SCIENCES, INC.",3841,4-NON,10-Q,20210331,N
1051627,AXTI,AXT INC,3674,4-NON,10-Q,20210331,Y
1052054,,EVOLVING SYSTEMS INC,7371,4-NON,10-Q,20210331,N
1052100,,WADDELL & REED FINANCIAL INC,6211,1-LAF,10-Q,20210331,N
1052752,GTY,GETTY REALTY CORP /MD/,6500,1-LAF,10-Q,20210331,Y
1053352,,HERITAGE COMMERCE CORP,6022,2-ACC,10-Q,20210331,N
1053369,ELTP,ELITE PHARMACEUTICALS INC /NV/,2834,4-NON,10-K,20210331,Y
1053507,AMT,AMERICAN TOWER CORP /MA/,6798,1-LAF,10-Q,20210331,Y
1053584,,MACATAWA BANK CORP,6022,4-NON,10-Q,20210331,N
1053691,CRVO,DIFFUSION PHARMACEUTICALS INC.,2834,4-NON,10-Q,20210331,Y
1053706,CRAI,"CRA INTERNATIONAL, INC.",8111,2-ACC,10-Q,20210331,Y
1054102,IDXG,"INTERPACE BIOSCIENCES, INC.",3841,4-NON,10-K,20201231,Y
1054721,,BSQUARE CORP /WA,7389,4-NON,10-Q,20210331,N
1054905,IOSP,INNOSPEC INC.,2800,1-LAF,10-Q,20210331,Y
1055160,MFA,"MFA FINANCIAL, INC.",6798,1-LAF,10-Q,20210331,Y
1055726,INO,"INOVIO PHARMACEUTICALS, INC.",3841,1-LAF,10-Q,20210331,Y
1056285,,"KIRKLAND'S, INC",5990,4-NON,10-Q,20210430,N
1056288,FHI,"FEDERATED HERMES, INC.",6282,1-LAF,10-Q,20210331,Y
1056358,MTEX,MANNATECH INC,2833,4-NON,10-Q,20210331,Y
1056696,MANH,MANHATTAN ASSOCIATES INC,7372,1-LAF,10-Q,20210331,Y
1056903,AWR,AMERICAN STATES WATER CO,4941,1-LAF,10-Q,20210331,Y
1056943,PFIS,PEOPLES FINANCIAL SERVICES CORP.,6021,2-ACC,10-Q,20210331,Y
1057060,HZO,MARINEMAX INC,5531,2-ACC,10-Q,20210331,Y
1057083,,PC TEL INC,3663,2-ACC,10-Q,20210331,N
1057352,CSGP,"COSTAR GROUP, INC.",7389,1-LAF,10-Q,20210331,Y
1057379,HCKT,"HACKETT GROUP, INC.",8742,2-ACC,10-Q,20210331,Y
1057706,FBP,FIRST BANCORP /PR/,6022,1-LAF,10-Q,20210331,Y
1057877,IDA,IDACORP INC,4911,1-LAF,10-Q,20210331,Y
1058090,CMG,CHIPOTLE MEXICAN GRILL INC,5812,1-LAF,10-Q,20210331,Y
1058290,CTSH,COGNIZANT TECHNOLOGY SOLUTIONS CORP,7371,1-LAF,10-Q,20210331,Y
1058307,NXPL,ORBSAT CORP,4813,4-NON,10-Q,20210331,Y
1058330,,"ROGUE ONE, INC.",2040,4-NON,10-K,20201231,N
1058623,CMLS,CUMULUS MEDIA INC,4832,2-ACC,10-Q,20210331,Y
1058811,IMMR,IMMERSION CORP,3577,4-NON,10-Q,20210331,Y
1058867,,GUARANTY BANCSHARES INC /TX/,6021,2-ACC,10-Q,20210331,N
1059142,GHI,"AMERICA FIRST MULTIFAMILY INVESTORS, L.P.",6199,4-NON,10-Q,20210331,Y
1059262,,SP PLUS CORP,7510,1-LAF,10-Q,20210331,N
1059556,MCO,MOODYS CORP /DE/,7320,1-LAF,10-Q,20210331,Y
1059784,,GENEREX BIOTECHNOLOGY CORP,2834,4-NON,10-Q,20210430,N
1060219,,"SALISBURY BANCORP, INC.",6035,4-NON,10-Q,20210331,N
1060349,,"GAMCO INVESTORS, INC. ET AL",6211,2-ACC,10-Q,20210331,N
1060391,RSG,"REPUBLIC SERVICES, INC.",4953,1-LAF,10-Q,20210331,Y
1060736,,SEAGEN INC.,2836,1-LAF,10-Q,20210331,N
1060822,CRI,CARTERS INC,2300,1-LAF,10-Q,20210331,Y
1061027,,"VIRACTA THERAPEUTICS, INC.",2834,4-NON,10-Q,20210331,N
1061069,AWX,AVALON HOLDINGS CORP,4953,4-NON,10-Q,20210331,Y
1061164,,PEREGRINE INDUSTRIES INC,3569,4-NON,10-Q,20210430,N
1061219,EPD,ENTERPRISE PRODUCTS PARTNERS L.P.,4922,1-LAF,10-Q,20210331,Y
1061630,BXMT,"BLACKSTONE MORTGAGE TRUST, INC.",6798,1-LAF,10-Q,20210331,Y
1061736,FMX,MEXICAN ECONOMIC DEVELOPMENT INC,2086,1-LAF,20-F,20201231,Y
1061983,CYTK,CYTOKINETICS INC,2834,1-LAF,10-Q,20210331,Y
1062128,,"ARTEMIS THERAPEUTICS, INC.",2890,4-NON,10-Q,20210331,N
1062231,DCH,AMERICAN AXLE & MANUFACTURING HOLDINGS INC,3714,1-LAF,10-Q,20210331,Y
1062506,ALDA,ATLANTICA INC,6770,4-NON,10-Q,20210331,Y
1062822,LXRX,"LEXICON PHARMACEUTICALS, INC.",2834,2-ACC,10-Q,20210331,Y
1063344,,HERSHA HOSPITALITY TRUST,6798,2-ACC,10-Q,20210331,N
1063537,,RICEBRAN TECHNOLOGIES,2040,4-NON,10-Q,20210331,N
1063761,SPG,SIMON PROPERTY GROUP INC /DE/,6798,1-LAF,10-Q,20210331,Y
1064722,,GIVEMEPOWER CORP,6500,4-NON,10-Q,20210331,N
1064728,BTU,PEABODY ENERGY CORP,1221,2-ACC,10-Q,20210331,Y
1065059,LEU,CENTRUS ENERGY CORP,1400,4-NON,10-Q,20210331,Y
1065078,NTIP,NETWORK 1 TECHNOLOGIES INC,6794,4-NON,10-Q,20210331,Y
1065088,EBAY,EBAY INC,7389,1-LAF,10-Q,20210331,Y
1065201,,AMERINST INSURANCE GROUP LTD,6399,4-NON,10-Q,20210331,N
1065280,NFLX,NETFLIX INC,7841,1-LAF,10-Q,20210331,Y
1065696,LKQ,LKQ CORP,5010,1-LAF,10-Q,20210331,Y
1065837,,SKECHERS USA INC,3140,1-LAF,10-Q,20210331,N
1066194,EGAN,EGAIN CORP,7372,4-NON,10-Q,20210331,Y
1066605,,HEIDRICK & STRUGGLES INTERNATIONAL INC,7361,2-ACC,10-Q,20210331,N
1066656,,CERES CLASSIC L.P.,6221,4-NON,10-Q,20210331,N
1066684,TGLO,THEGLOBE COM INC,7310,4-NON,10-Q,20210331,Y
1066764,BESS,"SPINE INJURY SOLUTIONS, INC",8060,4-NON,10-Q,20210331,Y
1066923,FTFT,FUTURE FINTECH GROUP INC.,7389,4-NON,10-K,20201231,Y
1067294,CBRL,"CRACKER BARREL OLD COUNTRY STORE, INC",5812,1-LAF,10-Q,20210430,Y
1067491,INFY,INFOSYS LTD,7371,1-LAF,20-F,20210331,Y
1067701,URI,"UNITED RENTALS, INC.",7359,1-LAF,10-Q,20210331,Y
1067837,,"AUDACY, INC.",4832,2-ACC,10-Q,20210331,N
1067873,,AS-IP TECH INC,3728,4-NON,10-K,20200630,N
1067983,BRK-B,BERKSHIRE HATHAWAY INC,6331,1-LAF,10-Q,20210331,Y
1068148,,PARK OHIO INDUSTRIES INC/OH,3460,4-NON,10-Q,20210331,N
1068689,ATDS,"DATA443 RISK MITIGATION, INC.",7372,4-NON,10-Q,20210331,Y
1068851,PB,PROSPERITY BANCSHARES INC,6022,1-LAF,10-Q,20210331,Y
1068875,,"BLUCORA, INC.",6199,2-ACC,10-Q,20210331,N
1069157,EWBC,EAST WEST BANCORP INC,6022,1-LAF,10-Q,20210331,Y
1069183,AXON,"AXON ENTERPRISE, INC.",3480,1-LAF,10-Q,20210331,Y
1069202,LII,LENNOX INTERNATIONAL INC,3585,1-LAF,10-Q,20210331,Y
1069258,KTOS,"KRATOS DEFENSE & SECURITY SOLUTIONS, INC.",3760,1-LAF,10-Q,20210331,Y
1069308,,ACER THERAPEUTICS INC.,2834,4-NON,10-Q,20210331,N
1069394,FSI,FLEXIBLE SOLUTIONS INTERNATIONAL INC,2890,4-NON,10-Q,20210331,Y
1069530,FLNA,CASSAVA SCIENCES INC,2834,4-NON,10-Q,20210331,Y
1069533,RGCO,RGC RESOURCES INC,4923,4-NON,10-Q,20210331,Y
1069878,TREX,TREX CO INC,2400,1-LAF,10-Q,20210331,Y
1069899,PAHC,PHIBRO ANIMAL HEALTH CORP,2834,2-ACC,10-Q,20210331,Y
1069996,,FEDNAT HOLDING CO,6331,2-ACC,10-Q,20210331,N
1070050,APCX,APPTECH CORP.,7372,4-NON,10-Q,20210331,Y
1070081,PTCT,"PTC THERAPEUTICS, INC.",2834,1-LAF,10-Q,20210331,Y
1070154,,STERLING BANCORP,6021,1-LAF,10-Q,20210331,N
1070235,BB,BLACKBERRY LTD,7372,1-LAF,10-Q,20210531,Y
1070296,FCAP,FIRST CAPITAL INC,6035,4-NON,10-Q,20210331,Y
1070304,IX,ORIX CORP,6159,1-LAF,20-F,20210331,Y
1070412,CNX,CNX RESOURCES CORP,1311,1-LAF,10-Q,20210331,Y
1070423,PAA,PLAINS ALL AMERICAN PIPELINE LP,4610,1-LAF,10-Q,20210331,Y
1070494,ACAD,ACADIA PHARMACEUTICALS INC,2834,1-LAF,10-Q,20210331,Y
1070524,GCBC,GREENE COUNTY BANCORP INC,6036,4-NON,10-Q,20210331,Y
1070680,CFBK,CF BANKSHARES INC.,6021,4-NON,10-Q,20210331,Y
1070750,HST,"HOST HOTELS & RESORTS, INC.",6798,1-LAF,10-Q,20210331,Y
1070985,CXW,"CORECIVIC, INC.",6798,1-LAF,10-Q,20210331,Y
1071236,RRBI,RED RIVER BANCSHARES INC,6022,4-NON,10-Q,20210331,Y
1071255,,"GOLDEN ENTERTAINMENT, INC.",7990,2-ACC,10-Q,20210331,N
1071321,TKC,TURKCELL ILETISIM HIZMETLERI A S,4813,1-LAF,20-F,20201231,Y
1071371,,BANCOLOMBIA SA,6029,1-LAF,20-F,20201231,N
1071438,BAK,BRASKEM SA,2860,1-LAF,20-F,20201231,Y
1071739,CNC,CENTENE CORP,6324,1-LAF,10-Q,20210331,Y
1071993,,CONTANGO OIL & GAS CO,1311,4-NON,10-Q,20210331,N
1072379,NWBO,NORTHWEST BIOTHERAPEUTICS INC,2834,4-NON,10-Q,20210331,Y
1072627,KWY,KINGSWAY FINANCIAL SERVICES INC,6331,4-NON,10-Q,20210331,Y
1072725,GDRZF,GOLD RESERVE INC,1040,2-ACC,40-F,20201231,Y
1072772,,TOMBSTONE EXPLORATION CORP,1000,4-NON,20-F,20201231,N
1073349,,BOTTOMLINE TECHNOLOGIES INC,7372,1-LAF,10-Q,20210331,N
1073404,GGB,GERDAU S.A.,3310,1-LAF,20-F,20201231,Y
1073429,,"U.S. CONCRETE, INC.",3272,2-ACC,10-Q,20210331,N
1073748,,YUMMIES INC,6770,4-NON,10-Q,20210331,N
1074828,USBC,"KNOW LABS, INC.",3829,4-NON,10-Q,20210331,Y
1074871,MODD,"MODULAR MEDICAL, INC.",3841,4-NON,10-K,20210331,Y
1074902,LCNB,LCNB CORP,6021,4-NON,10-Q,20210331,Y
1075415,DHC,DIVERSIFIED HEALTHCARE TRUST,6798,1-LAF,10-Q,20210331,Y
1075531,BKNG,BOOKING HOLDINGS INC.,4700,1-LAF,10-Q,20210331,Y
1075706,CIZN,CITIZENS HOLDING CO /MS/,6022,4-NON,10-Q,20210331,Y
1075736,CXDO,"CREXENDO, INC.",4813,4-NON,10-Q,20210331,Y
1076378,CX,CEMEX SAB DE CV,3241,1-LAF,20-F,20201231,Y
1076682,,"POLARITYTE, INC.",2836,4-NON,10-Q,20210331,N
1076930,NOVT,NOVANTA INC,3690,1-LAF,10-Q,20210331,Y
1077183,NEO,NEOGENOMICS INC,8734,1-LAF,10-Q,20210331,Y
1077428,TCBI,TEXAS CAPITAL BANCSHARES INC/TX,6022,1-LAF,10-Q,20210331,Y
1077561,,"CHINA ELITE INFORMATION CO., LTD.",7389,4-NON,10-Q,20210228,N
1077618,,OPTIBASE LTD,6500,4-NON,20-F,20201231,N
1077688,HOFT,HOOKER FURNITURE CORP,2510,2-ACC,10-K,20210131,Y
1077771,,UMPQUA HOLDINGS CORP,6035,1-LAF,10-Q,20210331,N
1078075,NTCT,NETSCOUT SYSTEMS INC,7373,1-LAF,10-K,20210331,Y
1078271,EXTR,EXTREME NETWORKS INC,3576,1-LAF,10-Q,20210331,Y
1078799,,"MARIJUANA CO OF AMERICA, INC.",2833,4-NON,10-K,20201231,N
1079282,,"RIVULET MEDIA, INC.",7389,4-NON,10-Q,20210430,N
1080014,INVA,"INNOVIVA, INC.",2834,1-LAF,10-Q,20210331,Y
1080319,,"ELYS GAME TECHNOLOGY, CORP.",7372,4-NON,10-K,20201231,N
1080340,LOAN,"MANHATTAN BRIDGE CAPITAL, INC",6798,4-NON,10-Q,20210331,Y
1080448,PGOL,PATRIOT GOLD CORP,1040,4-NON,10-K,20201231,Y
1080657,SQFT,"PRESIDIO PROPERTY TRUST, INC.",6798,4-NON,10-Q,20210331,Y
1080709,,ARENA PHARMACEUTICALS INC,2834,1-LAF,10-Q,20210331,N
1081316,,BERKSHIRE HATHAWAY ENERGY CO,4900,4-NON,10-Q,20210331,N
1081745,INLX,"INTELLINETICS, INC.",7372,4-NON,10-Q,20210331,Y
1081834,KUBR,UONLIVE CORP,4832,4-NON,10-Q,20210331,Y
1081938,CPMD,"CANNAPHARMARX, INC.",2834,4-NON,10-K,20201231,Y
1082038,,DURECT CORP,2834,4-NON,10-Q,20210331,N
1082324,VHC,VIRNETX HOLDING CORP,6794,4-NON,10-Q,20210331,Y
1082554,UTHR,UNITED THERAPEUTICS CORP,2834,1-LAF,10-Q,20210331,Y
1082733,VISM,"VISIUM TECHNOLOGIES, INC.",7371,4-NON,10-Q,20210331,Y
1082923,,STAMPS.COM INC,7389,1-LAF,10-Q,20210331,N
1083220,XELB,"XCEL BRANDS, INC.",6794,4-NON,10-K,20201231,Y
1083301,WULF,IKONICS CORP,3861,4-NON,10-Q,20210331,Y
1083446,ASTH,"APOLLO MEDICAL HOLDINGS, INC.",8742,2-ACC,10-Q,20210331,Y
1083490,SRRE,SUNRISE REAL ESTATE GROUP INC,6513,4-NON,10-Q,20200930,Y
1083522,JSDA,JONES SODA CO,2080,4-NON,10-Q,20210331,Y
1083743,FLUX,"FLUX POWER HOLDINGS, INC.",3690,4-NON,10-Q,20210331,Y
1084048,ZD,"J2 GLOBAL, INC.",4822,1-LAF,10-Q,20210331,Y
1084201,SVA,SINOVAC BIOTECH LTD,2834,2-ACC,20-F,20201231,Y
1084267,MOBQ,"MOBIQUITY TECHNOLOGIES, INC.",7310,4-NON,10-Q,20210331,Y
1084384,,PARETEUM CORP,7373,4-NON,10-K,20201231,N
1084475,NIHK,"VIDEO RIVER NETWORKS, INC.",6500,4-NON,10-K,20201231,Y
1084551,CRDV,COMMUNITY REDEVELOPMENT INC.,6552,4-NON,10-K,20201231,Y
1084554,LTBR,LIGHTBRIDGE CORP,8742,4-NON,10-Q,20210331,Y
1084577,,CYREN LTD.,7372,4-NON,10-Q,20210331,N
1084580,,JEFFERIES GROUP LLC,6211,4-NON,10-Q,20210228,N
1084765,RGP,RESOURCES CONNECTION INC,7389,2-ACC,10-Q,20210228,Y
1084869,FLWS,1 800 FLOWERS COM INC,5990,2-ACC,10-Q,20210331,Y
1084961,ECPG,ENCORE CAPITAL GROUP INC,6153,1-LAF,10-Q,20210331,Y
1084991,NGS,NATURAL GAS SERVICES GROUP INC,1389,4-NON,10-Q,20210331,Y
1085243,VTSI,"VIRTRA, INC",3990,4-NON,10-Q,20210331,Y
1085277,SKVI,"SKINVISIBLE, INC.",2834,4-NON,10-K,20201231,Y
1085392,,PUGET ENERGY INC /WA,4911,4-NON,10-Q,20210331,N
1085869,,PERFICIENT INC,7371,1-LAF,10-Q,20210331,N
1085913,FMCB,FARMERS & MERCHANTS BANCORP,6021,2-ACC,10-Q,20210331,Y
1086222,AKAM,AKAMAI TECHNOLOGIES INC,7389,1-LAF,10-Q,20210331,Y
1086434,AUDC,AUDIOCODES LTD,3661,1-LAF,20-F,20201231,Y
1086600,ARLP,ALLIANCE RESOURCE PARTNERS LP,1221,2-ACC,10-Q,20210331,Y
1086745,FABC,"AYRO, INC.",4899,4-NON,10-Q,20210331,Y
1087022,,ALR TECHNOLOGIES INC.,3669,4-NON,10-Q,20210331,N
1087294,CPIX,CUMBERLAND PHARMACEUTICALS INC,2834,4-NON,10-Q,20210331,Y
1087456,UBOH,UNITED BANCSHARES INC/OH,6021,4-NON,10-Q,20210331,Y
1088034,USIO,"USIO, INC.",6099,4-NON,10-Q,20210331,Y
1088413,GLGI,"GREYSTONE LOGISTICS, INC.",3559,4-NON,10-Q,20210228,Y
1088638,,"MASTERMIND, INC.",7310,4-NON,10-Q,20210331,N
1088856,CORT,CORCEPT THERAPEUTICS INC,2834,1-LAF,10-Q,20210331,Y
1089063,DKS,"DICK'S SPORTING GOODS, INC.",5940,1-LAF,10-Q,20210430,Y
1089297,,NOVAGANT CORP,9995,4-NON,10-K,20041231,N
1089511,,ALASKA COMMUNICATIONS SYSTEMS GROUP INC,4813,2-ACC,10-Q,20210331,N
1089748,,HUNTSMAN INTERNATIONAL LLC,2800,4-NON,10-Q,20210331,N
1089815,EHSI,"U.S. NEUROSURGICAL HOLDINGS, INC.",8093,4-NON,10-K,20201231,Y
1089819,,CLECO CORPORATE HOLDINGS LLC,4911,4-NON,10-Q,20210331,N
1089872,GAIA,"GAIA, INC",7812,4-NON,10-Q,20210331,Y
1089907,SWKHL,SWK HOLDINGS CORP,6159,4-NON,10-Q,20210331,Y
1090009,SFST,SOUTHERN FIRST BANCSHARES INC,6021,2-ACC,10-Q,20210331,Y
1090012,DVN,DEVON ENERGY CORP/DE,1311,1-LAF,10-Q,20210331,Y
1090396,TBTC,TABLE TRAC INC,7990,4-NON,10-Q,20210331,Y
1090425,LAMR,LAMAR ADVERTISING CO/NEW,6798,1-LAF,10-Q,20210331,Y
1090727,UPS,UNITED PARCEL SERVICE INC,4210,1-LAF,10-Q,20210331,Y
1090872,A,"AGILENT TECHNOLOGIES, INC.",3826,1-LAF,10-Q,20210430,Y
1091223,MTLS,MATERIALISE NV,7372,2-ACC,20-F,20201231,Y
1091667,CHTR,"CHARTER COMMUNICATIONS, INC. /MO/",4841,1-LAF,10-Q,20210331,Y
1091748,,"ARGO GROUP INTERNATIONAL HOLDINGS, LTD.",6361,1-LAF,10-Q,20210331,N
1091883,,CIRCOR INTERNATIONAL INC,3490,2-ACC,10-Q,20210331,N
1091907,,WORLD WRESTLING ENTERTAINMENTINC,7812,1-LAF,10-Q,20210331,N
1092570,FULO,FULLNET COMMUNICATIONS INC,4813,4-NON,10-Q,20210331,Y
1092662,,"CHEMBIO DIAGNOSTICS, INC.",2834,4-NON,10-Q,20210331,N
1092699,SPSC,SPS COMMERCE INC,7372,1-LAF,10-Q,20210331,Y
1092796,SWBI,"SMITH & WESSON BRANDS, INC.",3480,1-LAF,10-K,20210430,Y
1093082,,HUTTIG BUILDING PRODUCTS INC,5030,4-NON,10-Q,20210331,N
1093557,DXCM,DEXCOM INC,3841,1-LAF,10-Q,20210331,Y
1093672,PEBK,PEOPLES BANCORP OF NORTH CAROLINA INC,6022,4-NON,10-Q,20210331,Y
1093691,PLUG,PLUG POWER INC,3620,1-LAF,10-K,20201231,Y
1094038,MRKR,"MARKER THERAPEUTICS, INC.",2834,4-NON,10-Q,20210331,Y
1094084,,TELKONET INC,3822,4-NON,10-Q,20210331,N
1094285,TDY,TELEDYNE TECHNOLOGIES INC,3812,1-LAF,10-Q,20210331,Y
1094366,RDWR,RADWARE LTD,7389,1-LAF,20-F,20201231,Y
1094517,TM,TOYOTA MOTOR CORP/,3711,1-LAF,20-F,20210331,Y
1094831,BGC,"BGC PARTNERS, INC.",6200,1-LAF,10-Q,20210331,Y
1094972,UGP,ULTRAPAR HOLDINGS INC,4924,1-LAF,20-F,20201231,Y
1095073,EG,EVEREST RE GROUP LTD,6331,1-LAF,10-Q,20210331,Y
1095130,,"IOTA COMMUNICATIONS, INC.",7389,4-NON,10-Q,20200229,N
1095315,,PFSWEB INC,7389,2-ACC,10-Q,20210331,N
1095348,,O2MICRO INTERNATIONAL LTD,3674,4-NON,20-F,20201231,N
1095565,HSTM,HEALTHSTREAM INC,7370,1-LAF,10-Q,20210331,Y
1095595,,CNOOC LTD,1311,1-LAF,20-F,20201231,N
1095651,SAFE,ISTAR INC.,6798,1-LAF,10-Q,20210331,Y
1095981,PSTV,"PLUS THERAPEUTICS, INC.",3841,4-NON,10-Q,20210331,Y
1096056,LXFR,LUXFER HOLDINGS PLC,2810,2-ACC,10-Q,20210331,Y
1096275,WKSP,"WORKSPORT, LTD",3714,4-NON,10-K,20201231,Y
1096343,MKL,MARKEL CORP,6331,1-LAF,10-Q,20210331,Y
1096752,EPC,EDGEWELL PERSONAL CARE CO,2844,1-LAF,10-Q,20210331,Y
1096934,,"ENTERPRISE DIVERSIFIED, INC.",6211,4-NON,10-Q,20210331,N
1096938,UEEC,"UNITED HEALTH PRODUCTS, INC.",3842,4-NON,10-Q,20210331,Y
1096950,,"ADVANCED CONTAINER TECHNOLOGIES, INC.",3080,4-NON,10-K,20201231,N
1097149,ALGN,ALIGN TECHNOLOGY INC,3842,1-LAF,10-Q,20210331,Y
1097864,ON,ON SEMICONDUCTOR CORP,3674,1-LAF,10-Q,20210331,Y
1098009,AAGH,AMERICA GREAT HEALTH,2834,4-NON,10-Q,20190930,Y
1098146,PNBK,PATRIOT NATIONAL BANCORP INC,6021,4-NON,10-Q,20210331,Y
1098151,FDBC,FIDELITY D & D BANCORP INC,6021,4-NON,10-Q,20210331,Y
1098462,MTLK,METALINK LTD,3674,4-NON,20-F,20201231,Y
1098880,,INTELGENX TECHNOLOGIES CORP.,2834,4-NON,10-Q,20210331,N
1098972,AGEN,AGENUS INC,2836,2-ACC,10-Q,20210331,Y
1099132,,MANHATTAN SCIENTIFICS INC,3690,4-NON,10-K,20201231,N
1099160,BBGI,BEASLEY BROADCAST GROUP INC,4832,4-NON,10-Q,20210331,Y
1099219,MET,METLIFE INC,6311,1-LAF,10-Q,20210331,Y
1099369,DSNY,DESTINY MEDIA TECHNOLOGIES INC,7372,4-NON,10-Q,20210228,Y
1099590,MELI,MERCADOLIBRE INC,7389,1-LAF,10-Q,20210331,Y
1099800,EW,EDWARDS LIFESCIENCES CORP,3842,1-LAF,10-Q,20210331,Y
1100397,,"ADVAXIS, INC.",2834,4-NON,10-Q,20210430,N
1100682,CRL,"CHARLES RIVER LABORATORIES INTERNATIONAL, INC.",8731,1-LAF,10-Q,20210331,Y
1101026,ZIVO,"ZIVO BIOSCIENCE, INC.",2000,4-NON,10-Q,20210331,Y
1101215,BFH,ALLIANCE DATA SYSTEMS CORP,7389,1-LAF,10-Q,20210331,Y
1101239,EQIX,EQUINIX INC,6798,1-LAF,10-Q,20210331,Y
1101302,ENTG,ENTEGRIS INC,3089,1-LAF,10-Q,20210331,Y
1101396,,"DELTA APPAREL, INC",5130,2-ACC,10-Q,20210331,N
1101433,QMCI,QUOTEMEDIA INC,7389,4-NON,10-Q,20210331,Y
1101680,,DZS INC.,3661,2-ACC,10-Q,20210331,N
1102112,,PACWEST BANCORP,6021,1-LAF,10-Q,20210331,N
1102238,ARL,AMERICAN REALTY INVESTORS INC,6510,4-NON,10-Q,20210331,Y
1102432,,"VIKING ENERGY GROUP, INC.",1311,4-NON,10-Q,20210331,N
1102934,,"CMC MATERIALS, INC.",3674,1-LAF,10-Q,20210331,N
1102993,LPSN,LIVEPERSON INC,7372,1-LAF,10-Q,20210331,Y
1103021,,BIODELIVERY SCIENCES INTERNATIONAL INC,2834,2-ACC,10-Q,20210331,N
1103833,CRWE,"CROWN EQUITY HOLDINGS, INC.",5734,4-NON,10-Q,20210331,Y
1103982,MDLZ,"MONDELEZ INTERNATIONAL, INC.",2000,1-LAF,10-Q,20210331,Y
1104038,VRME,"VERIFYME, INC.",2890,4-NON,10-Q,20210331,Y
1104280,,SANGUI BIOTECH INTERNATIONAL INC,2834,4-NON,10-Q,20210331,N
1104462,,NEW CENTURY RESOURCES CORP,1090,4-NON,10-Q,20210331,N
1104485,NOG,"NORTHERN OIL & GAS, INC.",1311,2-ACC,10-Q,20210331,Y
1104506,INSM,INSMED INC,2834,1-LAF,10-Q,20210331,Y
1104657,MTRN,MATERION CORP,3460,1-LAF,10-Q,20210331,Y
1104855,,"SUPPORT.COM, INC.",7374,4-NON,10-Q,20210331,N
1105101,GIGM,GIGAMEDIA LTD,7370,4-NON,20-F,20201231,Y
1106213,SFRX,SEAFARER EXPLORATION CORP,7900,4-NON,10-K,20201231,Y
1106644,CPHI,"CHINA PHARMA HOLDINGS, INC.",2834,4-NON,10-Q,20210331,Y
1106838,,"SONNET BIOTHERAPEUTICS HOLDINGS, INC.",2834,4-NON,10-Q,20210331,N
1107280,OVTZ,OCULUS VISIONTECH INC.,7389,4-NON,10-Q,20210331,Y
1107421,TCRT,ZIOPHARM ONCOLOGY INC,2834,1-LAF,10-Q,20210331,Y
1107843,QLYS,"QUALYS, INC.",7372,1-LAF,10-Q,20210331,Y
1108109,CYH,COMMUNITY HEALTH SYSTEMS INC,8062,2-ACC,10-Q,20210331,Y
1108134,BBT,BERKSHIRE HILLS BANCORP INC,6036,2-ACC,10-Q,20210331,Y
1108205,CRIS,CURIS INC,2836,4-NON,10-Q,20210331,Y
1108236,,AMERICAN RIVER BANKSHARES,6022,4-NON,10-Q,20210331,N
1108329,PCCYF,PETROCHINA CO LTD,1311,1-LAF,20-F,20201231,Y
1108426,TXNM,PNM RESOURCES INC,4911,1-LAF,10-Q,20210331,Y
1108524,CRM,"SALESFORCE.COM, INC.",7372,1-LAF,10-Q,20210430,Y
1108630,,LIVE CURRENT MEDIA INC.,7389,4-NON,10-Q,20210331,N
1108967,,"ORBITAL ENERGY GROUP, INC.",5065,4-NON,10-Q,20210331,N
1109116,EVC,ENTRAVISION COMMUNICATIONS CORP,4833,2-ACC,10-K,20201231,Y
1109189,,"BASIC ENERGY SERVICES, INC.",1389,4-NON,10-Q,20210331,N
1109242,HAFC,HANMI FINANCIAL CORP,6021,2-ACC,10-Q,20210331,Y
1109354,BRKR,BRUKER CORP,3826,1-LAF,10-Q,20210331,Y
1109357,EXC,EXELON CORP,4931,1-LAF,10-Q,20210331,Y
1109448,,ALLIANCEBERNSTEIN L.P.,6282,4-NON,10-Q,20210331,N
1109486,,ENDEXX CORP,7389,4-NON,10-Q,20210331,N
1109546,,PACIFIC MERCANTILE BANCORP,6021,4-NON,10-Q,20210331,N
1110607,KLNG,"DEEP DOWN, INC.",3533,4-NON,10-Q,20210331,Y
1110611,,ON24 INC.,7372,4-NON,10-Q,20210331,N
1110646,NTES,"NETEASE, INC.",7372,1-LAF,20-F,20201231,Y
1110803,ILMN,"ILLUMINA, INC.",3826,1-LAF,10-Q,20210331,Y
1110805,,NUSTAR ENERGY L.P.,4610,1-LAF,10-Q,20210331,N
1111335,VC,VISTEON CORP,3714,1-LAF,10-Q,20210331,Y
1111711,NI,NISOURCE INC.,4931,1-LAF,10-Q,20210331,Y
1111741,DYNR,DYNARESOURCE INC,1000,4-NON,10-Q,20210331,Y
1111928,IPGP,IPG PHOTONICS CORP,3674,1-LAF,10-Q,20210331,Y
1113148,,"INFINITY PHARMACEUTICALS, INC.",2834,4-NON,10-Q,20210331,N
1113169,TROW,PRICE T ROWE GROUP INC,6200,1-LAF,10-Q,20210331,Y
1113232,ACLS,AXCELIS TECHNOLOGIES INC,3559,1-LAF,10-Q,20210331,Y
1113256,,"MERITOR, INC.",3714,1-LAF,10-Q,20210331,N
1113313,AVNI,ARVANA INC,6770,4-NON,10-K,20201231,Y
1113513,,"MOBILESMITH, INC.",7372,4-NON,10-Q,20210331,N
1113809,BBW,BUILD-A-BEAR WORKSHOP INC,5945,4-NON,10-K,20210131,Y
1113866,,CHINA UNICOM (HONG KONG) LTD,4812,1-LAF,20-F,20201231,N
1114483,ITGR,INTEGER HOLDINGS CORP,3690,1-LAF,10-Q,20210331,Y
1114700,GGAL,GRUPO FINANCIERO GALICIA SA,6029,1-LAF,20-F,20201231,Y
1114927,FNRN,FIRST NORTHERN COMMUNITY BANCORP,6035,4-NON,10-Q,20210331,Y
1114936,UMEW,UMEWORLD LTD,7372,4-NON,20-F,20180930,Y
1114995,PI,IMPINJ INC,3679,2-ACC,10-Q,20210331,Y
1115055,,PINNACLE FINANCIAL PARTNERS INC,6021,1-LAF,10-Q,20210331,N
1115128,,QUOTIENT TECHNOLOGY INC.,7310,1-LAF,10-Q,20210331,N
1116132,TPR,"TAPESTRY, INC.",3100,1-LAF,10-Q,20210331,Y
1116463,OSUR,ORASURE TECHNOLOGIES INC,3841,1-LAF,10-Q,20210331,Y
1116942,TTMI,TTM TECHNOLOGIES INC,3672,1-LAF,10-Q,20210331,Y
1117057,PLAG,PLANET GREEN HOLDINGS CORP.,2030,4-NON,10-Q,20210331,Y
1117171,,"CBAK ENERGY TECHNOLOGY, INC.",3690,4-NON,10-K,20201231,N
1117297,QNST,"QUINSTREET, INC",7389,1-LAF,10-Q,20210331,Y
1117480,,CHIMERIX INC,2834,4-NON,10-Q,20210331,N
1117795,,CHINA MOBILE LTD /ADR/,4813,1-LAF,20-F,20201231,N
1118004,,BANCPLUS CORP,6022,4-NON,10-Q,20210331,N
1118072,,SKINOVATION PHARMACEUTICAL INC,6770,4-NON,10-Q,20210331,N
1118417,,"MODEL N, INC.",7370,1-LAF,10-Q,20210331,N
1119643,NPHC,NUTRA PHARMA CORP,2833,4-NON,10-Q,20190630,Y
1119897,,PCT LTD,3590,4-NON,10-K,20201231,N
1120193,NDAQ,"NASDAQ, INC.",6200,1-LAF,10-Q,20210331,Y
1120370,BWEN,"BROADWIND, INC.",3360,4-NON,10-Q,20210331,Y
1120914,PDFS,PDF SOLUTIONS INC,7372,4-NON,10-Q,20210331,Y
1120970,LODE,COMSTOCK MINING INC.,1040,4-NON,10-Q,20210331,Y
1121142,,MAXAR TECHNOLOGIES INC.,3663,1-LAF,10-Q,20210331,N
1121484,OIS,"OIL STATES INTERNATIONAL, INC",3533,2-ACC,10-Q,20210331,Y
1121702,,"YIELD10 BIOSCIENCE, INC.",3080,4-NON,10-Q,20210331,N
1121788,GRMN,GARMIN LTD,3812,1-LAF,10-Q,20210331,Y
1121795,GHST,GHST WORLD INC.,7372,4-NON,10-Q,20210331,Y
1122411,ASX,"ASE TECHNOLOGY HOLDING CO., LTD.",3674,1-LAF,20-F,20201231,Y
1122742,,"FEARLESS FILMS, INC.",7812,4-NON,10-K,20201231,N
1122904,NTGR,"NETGEAR, INC.",3661,1-LAF,10-Q,20210331,Y
1122976,AVNT,AVIENT CORP,2821,1-LAF,10-Q,20210331,Y
1123134,IMOS,CHIPMOS TECHNOLOGIES INC,3674,2-ACC,20-F,20201231,Y
1123360,GPN,GLOBAL PAYMENTS INC,7389,1-LAF,10-Q,20210331,Y
1123452,ASR,SOUTHEAST AIRPORT GROUP,4581,1-LAF,20-F,20201231,Y
1123494,HBIO,HARVARD BIOSCIENCE INC,3826,2-ACC,10-Q,20210331,Y
1123596,BABB,"BAB, INC.",5812,4-NON,10-Q,20210228,Y
1123658,SNPMF,CHINA PETROLEUM & CHEMICAL CORP,2911,1-LAF,20-F,20201231,Y
1123799,WIT,WIPRO LTD,7371,1-LAF,20-F,20210331,Y
1123852,,NORTHERN STATES POWER CO,4931,4-NON,10-Q,20210331,N
1124105,GYRE,"CATALYST BIOSCIENCES, INC.",2834,4-NON,10-Q,20210331,Y
1124140,,EXACT SCIENCES CORP,8731,1-LAF,10-Q,20210331,N
1124198,FLR,FLUOR CORP,1600,1-LAF,10-Q,20210331,Y
1124524,CYRX,"CRYOPORT, INC.",2834,1-LAF,10-Q,20210331,Y
1124610,,"VMWARE, INC.",7372,1-LAF,10-Q,20210430,N
1124796,LASR,"NLIGHT, INC.",3674,1-LAF,10-Q,20210331,Y
1124804,,"ALLSCRIPTS HEALTHCARE SOLUTIONS, INC.",7373,1-LAF,10-Q,20210331,N
1124941,,BEACON ROOFING SUPPLY INC,5030,1-LAF,10-Q,20210331,N
1125345,MGNX,MACROGENICS INC,2834,1-LAF,10-Q,20210331,Y
1125376,ENSG,"ENSIGN GROUP, INC",8051,1-LAF,10-Q,20210331,Y
1126115,,"LZG INTERNATIONAL, INC.",6770,4-NON,10-Q,20210228,N
1126234,,"LUMOS PHARMA, INC.",2834,4-NON,10-Q,20210331,N
1126328,PFG,PRINCIPAL FINANCIAL GROUP INC,6321,1-LAF,10-Q,20210331,Y
1126741,GSIT,GSI TECHNOLOGY INC,3674,4-NON,10-K,20210331,Y
1126956,SR,SPIRE INC,4924,1-LAF,10-Q,20210331,Y
1126961,,GRANDSOUTH BANCORPORATION,6036,4-NON,10-Q,20210331,N
1126975,,"MAGELLAN MIDSTREAM PARTNERS, L.P.",4610,1-LAF,10-Q,20210331,N
1127371,CWBC,CENTRAL VALLEY COMMUNITY BANCORP,6022,4-NON,10-Q,20210331,Y
1127475,DBMM,"DIGITAL BRAND MEDIA & MARKETING GROUP, INC.",7389,4-NON,10-Q,20210228,Y
1127537,LUNG,PULMONX CORP,3841,4-NON,10-Q,20210331,Y
1127703,,PROASSURANCE CORP,6331,1-LAF,10-Q,20210331,N
1127993,,"GALAXY NEXT GENERATION, INC.",7830,4-NON,10-Q,20210331,N
1128189,PKTX,"PROTOKINETIX, INC.",2834,4-NON,10-Q,20210331,Y
1128281,SKAS,"SAKER AVIATION SERVICES, INC.",4581,4-NON,10-Q,20210331,Y
1128353,,ENERTECK CORP,2890,4-NON,10-Q,20210331,N
1128361,HOPE,HOPE BANCORP INC,6021,1-LAF,10-Q,20210331,Y
1128928,FLO,FLOWERS FOODS INC,2000,1-LAF,10-Q,20210430,Y
1129137,AMX,AMERICA MOVIL SAB DE CV/,4813,1-LAF,20-F,20201231,Y
1129155,,MARINE PRODUCTS CORP,3730,2-ACC,10-Q,20210331,N
1129260,,"VOCERA COMMUNICATIONS, INC.",3669,2-ACC,10-Q,20210331,N
1130144,BSRR,SIERRA BANCORP,6022,2-ACC,10-Q,20210331,Y
1130166,BGMS,"CYCLACEL PHARMACEUTICALS, INC.",2834,4-NON,10-Q,20210331,Y
1130310,CNP,CENTERPOINT ENERGY INC,4911,1-LAF,10-Q,20210331,Y
1130464,BKH,BLACK HILLS CORP /SD/,4911,1-LAF,10-Q,20210331,Y
1130598,TRAW,"ONCONOVA THERAPEUTICS, INC.",2834,4-NON,10-Q,20210331,Y
1130713,BBBY,"OVERSTOCK.COM, INC",5961,1-LAF,10-Q,20210331,Y
1130758,,AEI INCOME & GROWTH FUND 24 LLC,6500,4-NON,10-Q,20210331,N
1130889,,CANCER CAPITAL CORP,6770,4-NON,10-Q,20210331,N
1131312,ZNOG,ZION OIL & GAS INC,1382,4-NON,10-Q,20210331,Y
1131554,,SYNCHRONOSS TECHNOLOGIES INC,7371,2-ACC,10-Q,20210331,N
1131903,FCCN,SPECTRAL CAPITAL CORP,7374,4-NON,10-Q,20210331,Y
1132105,SPWH,"SPORTSMAN'S WAREHOUSE HOLDINGS, INC.",5940,2-ACC,10-K,20210131,Y
1132509,NNAX,NEW MOMENTUM CORP.,8741,4-NON,10-Q,20210331,Y
1132597,ITUB,ITAU UNIBANCO HOLDING S.A.,6022,1-LAF,20-F,20201231,Y
1132651,ATLO,AMES NATIONAL CORP,6021,4-NON,10-Q,20210331,Y
1132924,CHT,CHUNGHWA TELECOM CO LTD,4812,1-LAF,20-F,20201231,Y
1133062,JANL,JANEL CORP,7389,4-NON,10-Q,20210331,Y
1133311,TZOO,TRAVELZOO,7310,4-NON,10-Q,20210331,Y
1133416,GALT,GALECTIN THERAPEUTICS INC,2834,4-NON,10-Q,20210331,Y
1133421,NOC,NORTHROP GRUMMAN CORP /DE/,3812,1-LAF,10-Q,20210331,Y
1133470,,CALAVO GROWERS INC,0700,1-LAF,10-Q,20210430,N
1133519,MCUJF,MEDICURE INC,2834,4-NON,20-F,20201231,Y
1133818,BPTH,BIO-PATH HOLDINGS INC,2834,4-NON,10-Q,20210331,Y
1133869,CAPR,"CAPRICOR THERAPEUTICS, INC.",2834,4-NON,10-Q,20210331,Y
1134115,THM,INTERNATIONAL TOWER HILL MINES LTD,1000,4-NON,10-Q,20210331,Y
1134765,CHUC,"CHARLIE'S HOLDINGS, INC.",2833,4-NON,10-K,20201231,Y
1135185,,ATLAS AIR WORLDWIDE HOLDINGS INC,4522,1-LAF,10-Q,20210331,N
1135951,RDY,DR REDDYS LABORATORIES LTD,2834,1-LAF,20-F,20210331,Y
1136174,,"ONTRAK, INC.",8090,4-NON,10-Q,20210331,N
1136294,,WILLIAMS INDUSTRIAL SERVICES GROUP INC.,1600,4-NON,10-Q,20210331,N
1136352,,CRESTWOOD EQUITY PARTNERS LP,4923,1-LAF,10-Q,20210331,N
1136869,ZBH,"ZIMMER BIOMET HOLDINGS, INC.",3842,1-LAF,10-Q,20210331,Y
1136893,FIS,"FIDELITY NATIONAL INFORMATION SERVICES, INC.",7389,1-LAF,10-Q,20210331,Y
1137091,PSIX,"POWER SOLUTIONS INTERNATIONAL, INC.",3510,4-NON,10-Q,20210331,Y
1137547,,UNITED SECURITY BANCSHARES,6021,4-NON,10-Q,20210331,N
1137774,PRU,PRUDENTIAL FINANCIAL INC,6311,1-LAF,10-Q,20210331,Y
1137789,STX,SEAGATE TECHNOLOGY PLC,3572,1-LAF,10-Q,20210331,Y
1137883,BCLI,BRAINSTORM CELL THERAPEUTICS INC.,2836,4-NON,10-Q,20210331,Y
1138118,CBRE,"CBRE GROUP, INC.",6500,1-LAF,10-Q,20210331,Y
1138476,PFHO,PACIFIC HEALTH CARE ORGANIZATION INC,8090,4-NON,10-Q,20210331,Y
1138608,,"BLOOMIOS, INC.",1040,4-NON,10-Q,20210331,N
1138639,,INFINERA CORP,3661,1-LAF,10-Q,20210331,N
1138723,ARAY,ACCURAY INC,3841,2-ACC,10-Q,20210331,Y
1138724,,"GLOBAL ARENA HOLDING, INC.",6211,4-NON,10-K,20201231,N
1138978,,"NOVO INTEGRATED SCIENCES, INC.",3510,4-NON,10-Q,20210228,N
1140102,HQI,"HIREQUEST, INC.",7363,4-NON,10-Q,20210331,Y
1140215,REED,"REED'S, INC.",2086,4-NON,10-Q,20210331,Y
1140536,WTW,WILLIS TOWERS WATSON PLC,6411,1-LAF,10-Q,20210331,Y
1140859,COR,AMERISOURCEBERGEN CORP,5122,1-LAF,10-Q,20210331,Y
1141103,,CROSS COUNTRY HEALTHCARE INC,7363,2-ACC,10-Q,20210331,N
1141197,PED,PEDEVCO CORP,1311,4-NON,10-Q,20210331,Y
1141240,LQMT,LIQUIDMETAL TECHNOLOGIES INC,2800,4-NON,10-Q,20210331,Y
1141391,MA,MASTERCARD INC,7389,1-LAF,10-Q,20210331,Y
1141688,LARK,LANDMARK BANCORP INC,6021,4-NON,10-Q,20210331,Y
1141788,,HEALTH DISCOVERY CORP,6794,4-NON,10-Q,20210331,N
1141807,,1ST CONSTITUTION BANCORP,6035,4-NON,10-Q,20210331,N
1142417,NXST,"NEXSTAR MEDIA GROUP, INC.",4833,1-LAF,10-Q,20210331,Y
1142596,,NUVASIVE INC,3841,1-LAF,10-Q,20210331,N
1142750,AMN,AMN HEALTHCARE SERVICES INC,7363,1-LAF,10-Q,20210331,Y
1142790,,"TAURIGA SCIENCES, INC.",2833,4-NON,10-K,20210331,N
1142801,,AMANASU ENVIRONMENT CORP,4955,4-NON,10-Q,20210331,N
1144169,,"ECO INNOVATION GROUP, INC.",3690,4-NON,10-K,20201231,N
1144519,,BUNGELTD,2070,1-LAF,10-Q,20210331,N
1144546,,"FICAAR, INC",4813,4-NON,10-K,20201231,N
1144980,ABG,ASBURY AUTOMOTIVE GROUP INC,5500,1-LAF,10-Q,20210331,Y
1145197,PODD,INSULET CORP,3841,1-LAF,10-Q,20210331,Y
1145255,HNNA,HENNESSY ADVISORS INC,6282,4-NON,10-Q,20210331,Y
1145604,NIKA,CENTENNIAL GROWTH EQUITIES INC,3790,4-NON,10-Q,20210331,Y
1145765,,GLOBAL MACRO TRUST,6221,4-NON,10-Q,20210331,N
1145898,,CHINESEWORLDNET COM INC,7389,4-NON,20-F,20201231,N
1145986,ASPN,ASPEN AEROGELS INC,5030,2-ACC,10-Q,20210331,Y
1156039,ELV,"ANTHEM, INC.",6324,1-LAF,10-Q,20210331,Y
1156041,AGIG,HOUSTON AMERICAN ENERGY CORP,1311,4-NON,10-K,20201231,Y
1156174,,LAKE AREA CORN PROCESSORS LLC,2860,4-NON,10-Q,20210331,N
1156375,CME,CME GROUP INC.,6200,1-LAF,10-Q,20210331,Y
1156388,,BIG 5 SPORTING GOODS CORP,5940,4-NON,10-Q,20210331,N
1157408,LRN,"STRIDE, INC.",8200,1-LAF,10-Q,20210331,Y
1157557,CIG,ENERGY CO OF MINAS GERAIS,4911,1-LAF,20-F,20201231,Y
1157601,MDGL,"MADRIGAL PHARMACEUTICALS, INC.",2834,1-LAF,10-Q,20210331,Y
1157647,WNEB,"WESTERN NEW ENGLAND BANCORP, INC.",6035,2-ACC,10-Q,20210331,Y
1157762,,CHINA AUTOMOTIVE SYSTEMS INC,3714,4-NON,10-Q,20210331,N
1158114,AAOI,"APPLIED OPTOELECTRONICS, INC.",3674,2-ACC,10-Q,20210331,Y
1158172,SCOR,"COMSCORE, INC.",7389,2-ACC,10-Q,20210331,Y
1158324,CCOI,"COGENT COMMUNICATIONS HOLDINGS, INC.",4899,1-LAF,10-Q,20210331,Y
1158399,BRCNF,BURCON NUTRASCIENCE CORP,2020,,40-F,20210331,Y
1158420,,CHINA HGS REAL ESTATE INC.,6500,4-NON,10-Q,20210331,N
1158449,AAP,ADVANCE AUTO PARTS INC,5531,1-LAF,10-Q,20210430,Y
1158463,JBLU,JETBLUE AIRWAYS CORP,4512,1-LAF,10-Q,20210331,Y
1158780,PLUR,PLURISTEM THERAPEUTICS INC,2836,4-NON,10-Q,20210331,Y
1158895,LMAT,LEMAITRE VASCULAR INC,3841,2-ACC,10-Q,20210331,Y
1159036,HALO,"HALOZYME THERAPEUTICS, INC.",2836,1-LAF,10-Q,20210331,Y
1159152,JHX,JAMES HARDIE INDUSTRIES PLC,3272,1-LAF,20-F,20210331,Y
1159167,,IROBOT CORP,3630,1-LAF,10-Q,20210331,N
1159281,,FIVE STAR SENIOR LIVING INC.,8051,4-NON,10-Q,20210331,N
1160308,SVRA,SAVARA INC,2834,4-NON,10-Q,20210331,Y
1160330,BBD,BANK BRADESCO,6022,1-LAF,20-F,20201231,Y
1160791,,GOLD RESOURCE CORP,1040,2-ACC,10-Q,20210331,N
1160798,,"C2E ENERGY, INC.",1311,4-NON,10-K,20201231,N
1160846,,OI S.A. - IN JUDICIAL REORGANIZATION,4813,1-LAF,20-F,20201231,N
1160945,,NOVA STAR INNOVATIONS INC,6770,4-NON,10-Q,20210331,N
1160951,,"DUCK CREEK TECHNOLOGIES, INC.",7372,4-NON,10-Q,20210228,N
1161125,BCH,BANK OF CHILE,6029,1-LAF,20-F,20201231,Y
1161582,,"GROWLIFE, INC.",3231,4-NON,10-K,20201231,N
1161611,ALMMF,ALUMINUM CORP OF CHINA LTD,3334,1-LAF,20-F,20201231,Y
1161728,MGEE,MGE ENERGY INC,4900,1-LAF,10-Q,20210331,Y
1161814,KIQSF,KELSO TECHNOLOGIES INC,3743,4-NON,20-F,20201231,Y
1162194,LAB,FLUIDIGM CORP,3826,2-ACC,10-Q,20210331,Y
1162283,MGHL,MORGAN GROUP HOLDING CO,6200,4-NON,10-K,20201231,Y
1162461,,CUTERA INC,3845,2-ACC,10-Q,20210331,N
1162896,PROP,"WIZARD BRANDS, INC.",7900,4-NON,10-Q,20210331,Y
1163165,COP,CONOCOPHILLIPS,2911,1-LAF,10-Q,20210331,Y
1163302,,UNITED STATES STEEL CORP,3312,1-LAF,10-Q,20210331,N
1163370,NRIM,NORTHRIM BANCORP INC,6035,2-ACC,10-Q,20210331,Y
1163389,NWPP,NEW PEOPLES BANKSHARES INC,6022,4-NON,10-K,20201231,Y
1163560,,GRUPO TMM SAB,4412,4-NON,20-F,20201231,N
1163609,SDSYA,SOUTH DAKOTA SOYBEAN PROCESSORS LLC,2070,4-NON,10-Q,20210331,Y
1163653,NMR,NOMURA HOLDINGS INC,6211,1-LAF,20-F,20210331,Y
1163668,SPFI,"SOUTH PLAINS FINANCIAL, INC.",6022,2-ACC,10-Q,20210331,Y
1163739,NBR,NABORS INDUSTRIES LTD,1381,2-ACC,10-Q,20210331,Y
1164256,,"DAYBREAK OIL & GAS, INC.",1311,4-NON,10-K,20210228,N
1164727,NEM,NEWMONT CORP /DE/,1040,1-LAF,10-Q,20210331,Y
1164771,NAK,NORTHERN DYNASTY MINERALS LTD,1040,,40-F,20201231,Y
1164863,NPO,"ENPRO INDUSTRIES, INC",3050,1-LAF,10-Q,20210331,Y
1165002,WHG,WESTWOOD HOLDINGS GROUP INC,6282,4-NON,10-Q,20210331,Y
1165639,,EARTH LIFE SCIENCES INC,7381,4-NON,10-K,20201231,N
1166003,XPO,"XPO LOGISTICS, INC.",4700,1-LAF,10-Q,20210331,Y
1166388,,VERINT SYSTEMS INC,7373,1-LAF,10-Q,20210430,N
1166663,TEN,TSAKOS ENERGY NAVIGATION LTD,4412,2-ACC,20-F,20201231,Y
1166691,CMCSA,COMCAST CORP,4841,1-LAF,10-Q,20210331,Y
1166708,BWMG,"BROWNIE'S MARINE GROUP, INC",3949,4-NON,10-Q,20210331,Y
1166928,WTBA,WEST BANCORPORATION INC,6022,2-ACC,10-Q,20210331,Y
1167419,RIOT,"RIOT BLOCKCHAIN, INC.",7374,4-NON,10-Q,20210331,Y
1167609,,BRIGHTHOUSE LIFE INSURANCE CO OF NY,6311,4-NON,10-Q,20210331,N
1168054,,CIMAREX ENERGY CO,1311,1-LAF,10-Q,20210331,N
1168081,,DESERT HAWK GOLD CORP.,1040,4-NON,10-K,20201231,N
1168455,PLBC,PLUMAS BANCORP,6153,4-NON,10-Q,20210331,Y
1168663,,AMANASU TECHNO HOLDINGS CORP,3751,4-NON,10-Q,20210331,N
1169245,,PHASEBIO PHARMACEUTICALS INC,2834,4-NON,10-Q,20210331,N
1169445,,COMPUTER PROGRAMS & SYSTEMS INC,7371,2-ACC,10-Q,20210331,N
1169561,CVLT,COMMVAULT SYSTEMS INC,7372,1-LAF,10-K,20210331,Y
1169652,,CHANNELADVISOR CORP,7372,2-ACC,10-Q,20210331,N
1169770,BANC,"BANC OF CALIFORNIA, INC.",6021,2-ACC,10-Q,20210331,Y
1169987,,"HTG MOLECULAR DIAGNOSTICS, INC",3826,4-NON,10-Q,20210331,N
1169988,,"BOINGO WIRELESS, INC.",4899,1-LAF,10-Q,20210331,N
1170010,KMX,CARMAX INC,5500,1-LAF,10-K,20210228,Y
1170858,SBS,COMPANHIA DE SANEAMENTO BASICO DO ESTADO DE SAO PAULO-SABESP,4941,1-LAF,20-F,20201231,Y
1171155,RLGT,"RADIANT LOGISTICS, INC",4731,2-ACC,10-Q,20210331,Y
1171486,NRP,NATURAL RESOURCE PARTNERS LP,1221,2-ACC,10-Q,20210331,Y
1171662,,TRIPLE-S MANAGEMENT CORP,6321,2-ACC,10-Q,20210331,N
1171759,RRGB,RED ROBIN GOURMET BURGERS INC,5812,2-ACC,10-Q,20210430,Y
1171825,,CIT GROUP INC,6021,1-LAF,10-Q,20210331,N
1171838,SUND,"SUNDANCE STRATEGIES, INC.",6411,4-NON,10-K,20210331,Y
1172052,SAFT,SAFETY INSURANCE GROUP INC,6331,1-LAF,10-Q,20210331,Y
1172178,LBSR,LIBERTY STAR URANIUM & METALS CORP.,1000,4-NON,10-K,20210131,Y
1172222,,HAWAIIAN HOLDINGS INC,4512,1-LAF,10-Q,20210331,N
1172358,DMLP,"DORCHESTER MINERALS, L.P.",1311,4-NON,10-Q,20210331,Y
1172631,,"SUNWORKS, INC.",3661,4-NON,10-Q,20210331,N
1172706,,"UNIROYAL GLOBAL ENGINEERED PRODUCTS, INC.",2200,4-NON,10-K,20201231,N
1173281,,"NEUBASE THERAPEUTICS, INC.",2834,4-NON,10-Q,20210331,N
1173313,ABVC,"ABVC BIOPHARMA, INC.",2834,4-NON,10-Q,20210331,Y
1173382,CAE,CAE INC,3690,,40-F,20210331,Y
1173420,NG,NOVAGOLD RESOURCES INC,1040,1-LAF,10-Q,20210531,Y
1173489,CEVA,CEVA INC,7370,2-ACC,10-Q,20210331,Y
1173514,HY,"HYSTER-YALE MATERIALS HANDLING, INC.",3537,2-ACC,10-Q,20210331,Y
1174850,NIC,NICOLET BANKSHARES INC,6021,2-ACC,10-Q,20210331,Y
1174891,GEDC,"CALETHOS, INC.",6798,4-NON,10-Q,20200331,Y
1174922,WYNN,WYNN RESORTS LTD,7011,1-LAF,10-Q,20210331,Y
1174940,OGEN,ORAGENICS INC,2834,4-NON,10-Q,20210331,Y
1175151,CTSO,CYTOSORBENTS CORP,3841,4-NON,10-Q,20210331,Y
1175454,CPAY,FLEETCOR TECHNOLOGIES INC,7389,1-LAF,10-Q,20210331,Y
1175483,,DRIVE SHACK INC.,5810,2-ACC,10-Q,20210331,N
1175535,,WHITESTONE REIT,6798,2-ACC,10-Q,20210331,N
1175680,CYDY,CYTODYN INC.,2834,4-NON,10-Q,20210228,Y
1176309,ORMP,ORAMED PHARMACEUTICALS INC.,2834,4-NON,10-Q,20210228,Y
1176334,MMLP,MARTIN MIDSTREAM PARTNERS L.P.,5171,4-NON,10-Q,20210331,Y
1176948,ARES,ARES MANAGEMENT CORP,6282,1-LAF,10-Q,20210331,Y
1177167,,LINGO MEDIA CORP,2731,4-NON,20-F,20201231,N
1177394,SNX,SYNNEX CORP,5045,1-LAF,10-Q,20210228,Y
1177609,FIVE,"FIVE BELOW, INC",5331,1-LAF,10-Q,20210430,Y
1177648,ENTA,ENANTA PHARMACEUTICALS INC,2834,1-LAF,10-Q,20210331,Y
1177702,SAIA,SAIA INC,4213,1-LAF,10-Q,20210331,Y
1178253,SCYX,SCYNEXIS INC,2834,4-NON,10-Q,20210331,Y
1178670,ALNY,"ALNYLAM PHARMACEUTICALS, INC.",2834,1-LAF,10-Q,20210331,Y
1178697,SONM,SONIM TECHNOLOGIES INC,3661,4-NON,10-Q,20210331,Y
1178711,,"PARATEK PHARMACEUTICALS, INC.",2834,4-NON,10-Q,20210331,N
1178727,,COMSOVEREIGN HOLDING CORP.,3669,4-NON,10-Q,20210331,N
1178879,,"AMICUS THERAPEUTICS, INC.",2834,1-LAF,10-Q,20210331,N
1178970,PFS,PROVIDENT FINANCIAL SERVICES INC,6035,1-LAF,10-Q,20210331,Y
1179821,BGI,BIRKS GROUP INC.,5944,4-NON,20-F,20210331,Y
1179929,MOH,"MOLINA HEALTHCARE, INC.",6324,1-LAF,10-Q,20210331,Y
1180145,,CARDIOVASCULAR SYSTEMS INC,3841,1-LAF,10-Q,20210331,N
1180262,HLF,HERBALIFE NUTRITION LTD.,5122,1-LAF,10-Q,20210331,Y
1181749,,"GRANITE FALLS ENERGY, LLC",2860,4-NON,10-Q,20210430,N
1183765,,"MOLECULAR TEMPLATES, INC.",2834,4-NON,10-Q,20210331,N
1185198,,AEI INCOME & GROWTH FUND 25 LLC,6500,4-NON,10-Q,20210331,N
1185348,PRAA,PRA GROUP INC,7320,1-LAF,10-Q,20210331,Y
1186258,,ATEL CAPITAL EQUIPMENT FUND X LLC,7359,4-NON,10-Q,20210331,N
1187953,CELZ,"CREATIVE MEDICAL TECHNOLOGY HOLDINGS, INC.",2836,4-NON,10-Q,20210331,Y
1191255,,CHINA TELECOM CORP LTD,4813,1-LAF,20-F,20201231,N
1191334,,CHUN CAN CAPITAL GROUP,3674,4-NON,10-K,20201231,N
1192448,GKOS,GLAUKOS CORP,3841,1-LAF,10-Q,20210331,Y
1193311,,ONCOR ELECTRIC DELIVERY CO LLC,4911,4-NON,10-Q,20210331,N
1195734,,POTBELLY CORP,5812,4-NON,10-Q,20210331,N
1196298,NEPH,NEPHROS INC,3841,4-NON,10-Q,20210331,Y
1198415,,"ALTEGRIS WINTON FUTURES FUND, L.P.",6221,4-NON,10-Q,20210331,N
1200375,CDXS,"CODEXIS, INC.",2860,1-LAF,10-Q,20210331,Y
1201792,APEI,AMERICAN PUBLIC EDUCATION INC,8200,2-ACC,10-Q,20210331,Y
1205059,,REPLICEL LIFE SCIENCES INC.,2836,4-NON,20-F,20201231,N
1205181,,"GRAPEFRUIT USA, INC",3844,4-NON,10-K,20201231,N
1205922,VCNX,"VACCINEX, INC.",2834,4-NON,10-Q,20210331,Y
1206264,SGI,"TEMPUR SEALY INTERNATIONAL, INC.",2510,1-LAF,10-Q,20210331,Y
1206942,,GOLDEN GRAIN ENERGY,2860,4-NON,10-Q,20210430,N
1207179,GLNG,GOLAR LNG LTD,4400,1-LAF,20-F,20201231,Y
1209028,,ARLINGTON ASSET INVESTMENT CORP.,6798,2-ACC,10-Q,20210331,N
1209709,,CERES TACTICAL SYSTEMATIC L.P.,6221,4-NON,10-Q,20210331,N
1210618,,"SPI ENERGY CO., LTD.",3674,4-NON,20-F,20201231,N
1210708,STRR,"HUDSON GLOBAL, INC.",7363,4-NON,10-Q,20210331,Y
1211583,FENC,FENNEC PHARMACEUTICALS INC.,2836,4-NON,10-Q,20210331,Y
1211805,MYSZ,"MY SIZE, INC.",7372,4-NON,10-Q,20210331,Y
1212458,,PROOFPOINT INC,7374,1-LAF,10-Q,20210331,N
1212545,WAL,WESTERN ALLIANCE BANCORPORATION,6022,1-LAF,10-Q,20210331,Y
1212787,,KBRIDGE ENERGY CORP.,8742,4-NON,20-F,20201231,N
1213037,CRDF,"CARDIFF ONCOLOGY, INC.",2836,4-NON,10-Q,20210331,Y
1213660,,"BOQI INTERNATIONAL MEDICAL, INC.",3490,4-NON,10-Q,20210331,N
1213809,DYAI,DYADIC INTERNATIONAL INC,2836,4-NON,10-Q,20210331,Y
1214816,AXS,AXIS CAPITAL HOLDINGS LTD,6331,1-LAF,10-Q,20210331,Y
1217234,CDNA,"CAREDX, INC.",8071,1-LAF,10-Q,20210331,Y
1218683,BGDE,MAWSON INFRASTRUCTURE GROUP INC.,7374,4-NON,10-Q,20210331,Y
1219601,CCK,CROWN HOLDINGS INC,3411,1-LAF,10-Q,20210331,Y
1220754,,MODIVCARE INC,4700,1-LAF,10-Q,20210331,N
1221029,CPAC,CEMENTOS PACASMAYO SAA,3241,1-LAF,20-F,20201231,Y
1222333,GLD,SPDR GOLD TRUST,6221,1-LAF,10-Q,20210331,Y
1222840,,"RETAIL PROPERTIES OF AMERICA, INC.",6798,1-LAF,10-Q,20210331,N
1223389,,CONNS INC,5731,2-ACC,10-Q,20210430,N
1224133,MCHX,MARCHEX INC,7389,4-NON,10-Q,20210331,Y
1224608,CNO,"CNO FINANCIAL GROUP, INC.",6321,1-LAF,10-Q,20210331,Y
1226616,MNOV,MEDICINOVA INC,2834,4-NON,10-Q,20210331,Y
1227025,,NEOPHOTONICS CORP,3674,2-ACC,10-Q,20210331,N
1227265,,CERES ORION L.P.,6221,4-NON,10-Q,20210331,N
1227500,EQBK,EQUITY BANCSHARES INC,6022,2-ACC,10-Q,20210331,Y
1227636,STIM,"NEURONETICS, INC.",3841,4-NON,10-Q,20210331,Y
1227654,CMP,COMPASS MINERALS INTERNATIONAL INC,1400,1-LAF,10-Q,20210331,Y
1228454,BCBP,BCB BANCORP INC,6035,2-ACC,10-Q,20210331,Y
1228627,IRD,"OCUPHIRE PHARMA, INC.",2834,4-NON,10-Q,20210331,Y
1230058,KANP,KAANAPALI LAND LLC,6552,4-NON,10-Q,20210331,Y
1230245,PIPR,PIPER SANDLER COMPANIES,6211,1-LAF,10-Q,20210331,Y
1230524,LEEN,CYBER APPS WORLD,8742,4-NON,10-Q,20210430,Y
1232524,JAZZ,JAZZ PHARMACEUTICALS PLC,2834,1-LAF,10-Q,20210331,Y
1232582,AHT,ASHFORD HOSPITALITY TRUST INC,6798,2-ACC,10-Q,20210331,Y
1234006,GOOD,GLADSTONE COMMERCIAL CORP,6519,2-ACC,10-Q,20210331,Y
1235468,LQDT,LIQUIDITY SERVICES INC,7389,2-ACC,10-Q,20210331,Y
1236275,QXO,"SILVERSUN TECHNOLOGIES, INC.",7389,4-NON,10-Q,20210331,Y
1237831,GMED,GLOBUS MEDICAL INC,3841,1-LAF,10-Q,20210331,Y
1239819,,LUNA INNOVATIONS INC,8731,4-NON,10-Q,20210331,N
1245791,,"GI DYNAMICS, INC.",3841,4-NON,10-Q,20210331,N
1251769,,"APOLLO ENDOSURGERY, INC.",3841,4-NON,10-Q,20210331,N
1252849,,"COLUMBIA PROPERTY TRUST, INC.",6798,1-LAF,10-Q,20210331,N
1253176,,VAPOTHERM INC,3841,1-LAF,10-Q,20210331,N
1253347,,COMMONWEALTH INCOME & GROWTH FUND V,7350,4-NON,10-K,20201231,N
1253689,CBIO,GLYCOMIMETICS INC,2834,4-NON,10-Q,20210331,Y
1253986,ABR,ARBOR REALTY TRUST INC,6798,1-LAF,10-Q,20210331,Y
1254699,,QVC INC,5961,4-NON,10-Q,20210331,N
1255474,,WHITING PETROLEUM CORP,1311,2-ACC,10-Q,20210331,N
1257640,KRO,KRONOS WORLDWIDE INC,2810,2-ACC,10-Q,20210331,Y
1258602,NNI,NELNET INC,6141,1-LAF,10-Q,20210331,Y
1260221,TDG,TRANSDIGM GROUP INC,3728,1-LAF,10-Q,20210331,Y
1260968,,MARLIN BUSINESS SERVICES CORP,6022,2-ACC,10-Q,20210331,N
1260990,,"ONCTERNAL THERAPEUTICS, INC.",2834,4-NON,10-Q,20210331,N
1261249,,AGILE THERAPEUTICS INC,2834,4-NON,10-Q,20210331,N
1261333,DOCU,"DOCUSIGN, INC.",7372,1-LAF,10-Q,20210430,Y
1261379,,FRONTIER FUNDS,6221,4-NON,10-Q,20210331,N
1261654,UTI,UNIVERSAL TECHNICAL INSTITUTE INC,8200,2-ACC,10-Q,20210331,Y
1262039,FTNT,"FORTINET, INC.",3577,1-LAF,10-Q,20210331,Y
1262104,LITS,"MEI PHARMA, INC.",2834,4-NON,10-Q,20210331,Y
1262823,WLK,WESTLAKE CHEMICAL CORP,2860,1-LAF,10-Q,20210331,Y
1262976,CMPR,CIMPRESS PLC,2750,1-LAF,10-Q,20210331,Y
1263011,,EXCELLON RESOURCES INC,1040,,40-F,20201231,N
1263043,SHG,SHINHAN FINANCIAL GROUP CO LTD,6021,1-LAF,20-F,20201231,Y
1263762,,"SELECT BANCORP, INC.",6022,2-ACC,10-Q,20210331,N
1264136,WF,WOORI FINANCIAL GROUP INC.,6029,1-LAF,20-F,20201231,Y
1265131,HTH,HILLTOP HOLDINGS INC.,6022,1-LAF,10-Q,20210331,Y
1266806,VANI,SECOND SIGHT MEDICAL PRODUCTS INC,3845,4-NON,10-Q,20210331,Y
1267238,AIZ,"ASSURANT, INC.",6399,1-LAF,10-Q,20210331,Y
1267395,AHL-PD,ASPEN INSURANCE HOLDINGS LTD,6331,4-NON,20-F,20201231,Y
1267425,,BF GARDEN TAX CREDIT FUND V L.P.,6513,4-NON,10-K,20210331,N
1267426,,BCTC V ASSIGNOR CORP,6513,4-NON,10-Q,20210331,N
1267565,COLL,"COLLEGIUM PHARMACEUTICAL, INC",2834,2-ACC,10-Q,20210331,Y
1267602,,ALIMERA SCIENCES INC,2834,4-NON,10-Q,20210331,N
1267813,,MARINUS PHARMACEUTICALS INC,2834,4-NON,10-Q,20210331,N
1268896,CILJF,CHINA LIFE INSURANCE CO LTD,6311,1-LAF,20-F,20201231,Y
1269026,SINT,"SINTX TECHNOLOGIES, INC.",3841,4-NON,10-Q,20210331,Y
1270073,,"INTERCEPT PHARMACEUTICALS, INC.",2834,1-LAF,10-Q,20210331,N
1270436,COHN,COHEN & CO INC.,6211,4-NON,10-Q,20210331,Y
1271214,,"INTERSECT ENT, INC.",3841,2-ACC,10-Q,20210331,N
1271833,,CCO HOLDINGS LLC,4841,4-NON,10-Q,20210331,N
1272830,,VONAGE HOLDINGS CORP,4813,1-LAF,10-Q,20210331,N
1272842,AIRG,AIRGAIN INC,3663,4-NON,10-Q,20210331,Y
1273441,GTE,GRAN TIERRA ENERGY INC.,1311,2-ACC,10-Q,20210331,Y
1273636,,APPLIED GENETIC TECHNOLOGIES CORP,2836,4-NON,10-Q,20210331,N
1273685,ADAM,NEW YORK MORTGAGE TRUST INC,6798,1-LAF,10-Q,20210331,Y
1273813,AGO,ASSURED GUARANTY LTD,6351,1-LAF,10-Q,20210331,Y
1273931,,MONEYGRAM INTERNATIONAL INC,7389,2-ACC,10-Q,20210331,N
1274032,,"SIMPLY, INC.",5065,4-NON,10-K,20210131,N
1274173,,JANUS HENDERSON GROUP PLC,6282,1-LAF,10-Q,20210331,N
1274494,FSLR,"FIRST SOLAR, INC.",3674,1-LAF,10-Q,20210331,Y
1274737,XGN,EXAGEN INC.,8071,4-NON,10-Q,20210331,Y
1274792,,MERRIMACK PHARMACEUTICALS INC,2834,4-NON,10-Q,20210331,N
1275014,UCTT,"ULTRA CLEAN HOLDINGS, INC.",3674,1-LAF,10-Q,20210331,Y
1275101,BOTJ,BANK OF THE JAMES FINANCIAL GROUP INC,6022,4-NON,10-Q,20210331,Y
1275158,NDLS,NOODLES & CO,5812,2-ACC,10-Q,20210331,Y
1275168,FSBC,FIVE STAR BANCORP,6022,4-NON,10-Q,20210331,Y
1275477,BMNM,"BIMINI CAPITAL MANAGEMENT, INC.",6798,4-NON,10-Q,20210331,Y
1276187,ET,ENERGY TRANSFER LP,4922,1-LAF,10-Q,20210331,Y
1276520,GNW,GENWORTH FINANCIAL INC,6311,1-LAF,10-Q,20210331,Y
1276531,,"SCIENTIFIC ENERGY, INC",6794,4-NON,10-K,20201231,N
1276671,,CORPBANCA/FI,6029,1-LAF,20-F,20201231,N
1277902,MVBF,MVB FINANCIAL CORP,6022,2-ACC,10-Q,20210331,Y
1277998,,MANUFACTURED HOUSING PROPERTIES INC.,6500,4-NON,10-Q,20210331,N
1278021,MKTX,MARKETAXESS HOLDINGS INC,6211,1-LAF,10-Q,20210331,Y
1278027,BGS,"B&G FOODS, INC.",2000,1-LAF,10-Q,20210331,Y
1278465,,EURASIA ENERGY LTD,1311,4-NON,20-F,20201231,N
1278680,IAU,ISHARES GOLD TRUST,6221,1-LAF,10-Q,20210331,Y
1279620,ZDPY,"ZONED PROPERTIES, INC.",6512,4-NON,10-Q,20210331,Y
1279695,,UNIVERSAL BIOSENSORS INC,3841,4-NON,10-Q,20210331,N
1279704,CLRB,"CELLECTAR BIOSCIENCES, INC.",2834,4-NON,10-Q,20210331,Y
1279715,IWSH,"WRIGHT INVESTORS SERVICE HOLDINGS, INC.",6282,4-NON,10-Q,20210331,Y
1280058,BLKB,BLACKBAUD INC,7372,1-LAF,10-Q,20210331,Y
1280263,AMBA,AMBARELLA INC,3674,1-LAF,10-Q,20210430,Y
1280396,,VETANOVA INC.,4911,4-NON,10-Q,20210331,N
1280452,MPWR,MONOLITHIC POWER SYSTEMS INC,3674,1-LAF,10-Q,20210331,Y
1280600,,ACCELERON PHARMA INC,2836,1-LAF,10-Q,20210331,N
1280776,IMUX,"IMMUNIC, INC.",2834,4-NON,10-Q,20210331,Y
1281761,RF,REGIONS FINANCIAL CORP,6021,1-LAF,10-Q,20210331,Y
1281845,,UNIQUE LOGISTICS INTERNATIONAL INC,4731,4-NON,10-Q,20210228,N
1281895,RCKT,"ROCKET PHARMACEUTICALS, INC.",2834,1-LAF,10-Q,20210331,Y
1281984,WDLF,"SOCIAL LIFE NETWORK, INC.",7370,4-NON,10-Q,20210331,Y
1282224,DLPN,"DOLPHIN ENTERTAINMENT, INC.",7200,4-NON,10-K,20201231,Y
1282631,NLST,NETLIST INC,3674,4-NON,10-Q,20210331,Y
1282637,NEU,NEWMARKET CORP,2860,1-LAF,10-Q,20210331,Y
1282648,BATL,BATTALION OIL CORP,1311,4-NON,10-Q,20210331,Y
1282977,,GREENHILL & CO INC,6211,2-ACC,10-Q,20210331,N
1282980,DROR,NOVINT TECHNOLOGIES INC,3577,4-NON,10-Q,20210331,Y
1283140,,HOLLY ENERGY PARTNERS LP,4610,1-LAF,10-Q,20210331,N
1283630,,AMERICAN CAMPUS COMMUNITIES INC,6798,1-LAF,10-Q,20210331,N
1283699,TMUS,"T-MOBILE US, INC.",4812,1-LAF,10-Q,20210331,Y
1284196,,MADISON AVE HOLDINGS INC,6770,4-NON,10-Q,20210331,N
1284450,,"CHINA CARBON GRAPHITE GROUP, INC.",3620,4-NON,10-K,20201231,N
1284454,,ENVIRONMENTAL CONTROL CORP.,3714,4-NON,10-K,20201231,N
1284812,CNS,"COHEN & STEERS, INC.",6282,1-LAF,10-Q,20210331,Y
1285543,,STRIKEFORCE TECHNOLOGIES INC.,7372,4-NON,10-K,20201231,N
1285550,CLPT,"CLEARPOINT NEURO, INC.",3841,4-NON,10-Q,20210331,Y
1285785,MOS,MOSAIC CO,2870,1-LAF,10-Q,20210331,Y
1285819,OMER,OMEROS CORP,2834,1-LAF,10-Q,20210331,Y
1286043,KRG,KITE REALTY GROUP TRUST,6798,1-LAF,10-Q,20210331,Y
1286459,,ALL FOR ONE MEDIA CORP.,7900,4-NON,10-Q,20200331,N
1286613,LINC,LINCOLN EDUCATIONAL SERVICES CORP,8200,2-ACC,10-Q,20210331,Y
1286681,DPZ,DOMINOS PIZZA INC,5140,1-LAF,10-Q,20210331,Y
1286964,,"HERON LAKE BIOENERGY, LLC",2860,4-NON,10-Q,20210430,N
1287213,PLOW,"DOUGLAS DYNAMICS, INC",3531,1-LAF,10-Q,20210331,Y
1287808,,"HILL INTERNATIONAL, INC.",8711,2-ACC,10-Q,20210331,N
1287865,MPT,MEDICAL PROPERTIES TRUST INC,6798,1-LAF,10-Q,20210331,Y
1288403,WTI,W&T OFFSHORE INC,1311,2-ACC,10-Q,20210331,Y
1288469,MXL,MAXLINEAR INC,3674,1-LAF,10-Q,20210331,Y
1288750,,TIMBERLINE RESOURCES CORP,1040,4-NON,10-Q,20210331,N
1288847,FIVN,"FIVE9, INC.",7374,1-LAF,10-Q,20210331,Y
1288855,OPHC,"OPTIMUMBANK HOLDINGS, INC.",6021,4-NON,10-Q,20210331,Y
1289237,,"U. S. PREMIUM BEEF, LLC",0200,4-NON,10-Q,20210331,N
1289308,ENS,ENERSYS,3690,1-LAF,10-K,20210331,Y
1289340,STXS,"STEREOTAXIS, INC.",3845,4-NON,10-Q,20210331,Y
1289419,MORN,"MORNINGSTAR, INC.",6282,1-LAF,10-Q,20210331,Y
1289460,TXRH,"TEXAS ROADHOUSE, INC.",5812,1-LAF,10-Q,20210331,Y
1289490,EXR,EXTRA SPACE STORAGE INC.,6798,1-LAF,10-Q,20210331,Y
1289636,,PROFIRE ENERGY INC,3533,4-NON,10-Q,20210331,N
1289790,,MACQUARIE INFRASTRUCTURE CORP,5172,1-LAF,10-Q,20210331,N
1289848,HURN,HURON CONSULTING GROUP INC.,8742,1-LAF,10-Q,20210331,Y
1289850,,"NEUROMETRIX, INC.",3841,4-NON,10-Q,20210331,N
1289945,SPOK,"SPOK HOLDINGS, INC",4812,2-ACC,10-Q,20210331,Y
1290109,LPL,"LG DISPLAY CO., LTD.",3679,1-LAF,20-F,20201231,Y
1290149,,"SIERRA ONCOLOGY, INC.",2834,4-NON,10-Q,20210331,N
1290476,,VILLAGE BANK & TRUST FINANCIAL CORP.,6022,4-NON,10-Q,20210331,N
1290658,ITOX,"IIOT-OXYS, INC.",7372,4-NON,10-K,20201231,Y
1290677,TPB,"TURNING POINT BRANDS, INC.",2100,2-ACC,10-Q,20210331,Y
1290900,CVGI,"COMMERCIAL VEHICLE GROUP, INC.",3714,2-ACC,10-Q,20210331,Y
1291855,SPCB,SUPERCOM LTD,3674,4-NON,20-F,20201231,Y
1292519,,INVIVO THERAPEUTICS HOLDINGS CORP.,3841,4-NON,10-Q,20210331,N
1293282,,TECHTARGET INC,7389,1-LAF,10-Q,20210331,N
1293310,,"HUMANIGEN, INC",2834,4-NON,10-Q,20210331,N
1293818,CFOR,OPGEN INC,8071,4-NON,10-Q,20210331,Y
1293971,,"BLUEBIRD BIO, INC.",2836,1-LAF,10-Q,20210331,N
1294133,INGN,INOGEN INC,3842,2-ACC,10-Q,20210331,Y
1295401,TBBK,"BANCORP, INC.",6021,2-ACC,10-Q,20210331,Y
1295484,,"51JOB, INC.",7361,1-LAF,20-F,20201231,N
1295810,SHO,"SUNSTONE HOTEL INVESTORS, INC.",7011,1-LAF,10-Q,20210331,Y
1295947,PBH,PRESTIGE CONSUMER HEALTHCARE INC.,2834,1-LAF,10-K,20210331,Y
1295961,,QUANTUM ENERGY INC.,1311,4-NON,10-K,20200229,N
1296435,,NEENAH INC,2621,1-LAF,10-Q,20210331,N
1296445,ORA,"ORMAT TECHNOLOGIES, INC.",4911,1-LAF,10-Q,20210331,Y
1296484,TOPS,TOP SHIPS INC.,4412,2-ACC,20-F,20201231,Y
1296884,,"LIGHTSTONE VALUE PLUS REAL ESTATE INVESTMENT TRUST, INC.",6798,4-NON,10-Q,20210331,N
1297184,AMPH,"AMPHASTAR PHARMACEUTICALS, INC.",2834,2-ACC,10-Q,20210331,Y
1297341,KFFB,KENTUCKY FIRST FEDERAL BANCORP,6035,4-NON,10-Q,20210331,Y
1297830,,CHINA FINANCE ONLINE CO. LTD,6211,4-NON,20-F,20201231,N
1297937,PRKA,"PARKS AMERICA, INC",7990,4-NON,10-Q,20210331,Y
1297989,EXLS,"EXLSERVICE HOLDINGS, INC.",7389,1-LAF,10-Q,20210331,Y
1297996,DLR,"DIGITAL REALTY TRUST, INC.",6798,1-LAF,10-Q,20210331,Y
1298675,CUBE,CUBESMART,6798,1-LAF,10-Q,20210331,Y
1298946,DRH,DIAMONDROCK HOSPITALITY CO,6798,1-LAF,10-Q,20210331,Y
1299130,PACB,"PACIFIC BIOSCIENCES OF CALIFORNIA, INC.",3826,4-NON,10-Q,20210331,Y
1299709,AX,"AXOS FINANCIAL, INC.",6035,1-LAF,10-Q,20210331,Y
1299969,CHCI,"COMSTOCK HOLDING COMPANIES, INC.",6500,4-NON,10-Q,20210331,Y
1300514,LVS,LAS VEGAS SANDS CORP,7011,1-LAF,10-Q,20210331,Y
1300524,,AMERICAN INTERNATIONAL HOLDINGS CORP.,8000,4-NON,10-K,20201231,N
1300699,,"ATHENEX, INC.",2834,1-LAF,10-Q,20210331,N
1300734,,"SHINECO, INC.",0100,4-NON,10-Q,20210331,N
1300938,,"ABCO ENERGY, INC.",1700,4-NON,10-K,20201231,N
1301236,,SOTHERLY HOTELS INC.,6798,4-NON,10-Q,20210331,N
1301787,BXC,BLUELINX HOLDINGS INC.,5031,2-ACC,10-Q,20210331,Y
1301838,,"PREMIER PRODUCT GROUP, INC.",1400,4-NON,10-K,20201231,N
1301991,,"SMARTMETRIC, INC.",3990,4-NON,10-Q,20210331,N
1302028,,"MANITEX INTERNATIONAL, INC.",3559,2-ACC,10-Q,20210331,N
1302215,HLI,"HOULIHAN LOKEY, INC.",6282,1-LAF,10-K,20210331,Y
1302350,,JMP GROUP LLC,6211,4-NON,10-Q,20210331,N
1303313,,"LHC GROUP, INC",8082,1-LAF,10-Q,20210331,N
1303942,,BANKFINANCIAL CORP,6035,4-NON,10-Q,20210331,N
1304161,PBSV,"PHARMA-BIO SERV, INC.",8742,4-NON,10-Q,20210430,Y
1304280,,NOVELIS INC.,3350,4-NON,10-K,20210331,N
1304409,AHNRF,ATHENA GOLD CORP,1040,4-NON,10-Q,20210331,Y
1304421,,"CONSOLIDATED COMMUNICATIONS HOLDINGS, INC.",4813,2-ACC,10-Q,20210331,N
1304492,ATEX,ANTERIX INC.,4813,4-NON,10-K,20210331,Y
1304730,,HQDA ELDERLY LIFE NETWORK CORP.,8300,4-NON,10-Q,20210331,N
1304741,,CANNAGISTICS INC.,1000,4-NON,10-Q,20210430,N
1305168,,"ARC DOCUMENT SOLUTIONS, INC.",7330,4-NON,10-Q,20210331,N
1305253,,"EIGER BIOPHARMACEUTICALS, INC.",2836,4-NON,10-Q,20210331,N
1305323,,ZOVIO INC,8200,4-NON,10-Q,20210331,N
1305773,,CONFORMIS INC,3842,4-NON,10-Q,20210331,N
1306830,CE,CELANESE CORP,2820,1-LAF,10-Q,20210331,Y
1307579,LIQT,LIQTECH INTERNATIONAL INC,3590,4-NON,10-Q,20210331,Y
1307624,,"HEALTHTECH SOLUTIONS, INC./UT",3841,4-NON,10-Q,20210331,N
1307748,IVT,INVENTRUST PROPERTIES CORP.,6798,4-NON,10-Q,20210331,Y
1307954,HUN,HUNTSMAN CORP,2800,1-LAF,10-Q,20210331,Y
1308027,VYST,VYSTAR CORP,3060,4-NON,10-K,20201231,Y
1308106,SEAL-PA,TEEKAY LNG PARTNERS L.P.,4400,1-LAF,20-F,20201231,Y
1308208,ULH,"UNIVERSAL LOGISTICS HOLDINGS, INC.",4213,2-ACC,10-Q,20210331,Y
1308547,DLB,"DOLBY LABORATORIES, INC.",6794,1-LAF,10-Q,20210331,Y
1308606,,"SPIRIT REALTY CAPITAL, INC.",6512,1-LAF,10-Q,20210331,N
1309057,,"CHINA HEALTH INDUSTRIES HOLDINGS, INC.",2834,4-NON,10-Q,20210331,N
1309108,WEX,WEX INC.,7389,1-LAF,10-Q,20210331,Y
1309251,MALG,"FOUNTAIN HEALTHY AGING, INC.",4700,4-NON,10-K,20201231,Y
1309402,GPRE,GREEN PLAINS INC.,2860,2-ACC,10-Q,20210331,Y
1310114,,"SERVICESOURCE INTERNATIONAL, INC.",7389,2-ACC,10-Q,20210331,N
1310383,,"SUMMIT HEALTHCARE REIT, INC",6798,4-NON,10-Q,20210331,N
1310488,BFNH,"BIOFORCE NANOSCIENCES HOLDINGS, INC.",3826,4-NON,10-Q,20210331,Y
1310527,,"QSAM BIOSCIENCES, INC.",2842,4-NON,10-K,20201231,N
1310630,CFOO,CHINA FOODS HOLDINGS LTD.,2833,4-NON,10-K,20201231,Y
1311370,LAZ,LAZARD LTD,6282,1-LAF,10-Q,20210331,Y
1311673,YTFD,"YACHT FINDERS, INC.",6770,4-NON,10-Q,20210331,Y
1312109,,SILVERGATE CAPITAL CORP,6022,4-NON,10-Q,20210331,N
1313275,,BRIGHTCOVE INC,7374,2-ACC,10-Q,20210331,N
1313310,GRVY,"GRAVITY CO., LTD.",7389,2-ACC,20-F,20201231,Y
1314052,AVXL,ANAVEX LIFE SCIENCES CORP.,8731,4-NON,10-Q,20210331,Y
1314102,EYPT,"EYEPOINT PHARMACEUTICALS, INC.",3826,4-NON,10-Q,20210331,Y
1314152,,"JONES LANG LASALLE INCOME PROPERTY TRUST, INC.",6798,4-NON,10-Q,20210331,N
1314196,OLB,"OLB GROUP, INC.",7389,4-NON,10-Q,20210331,Y
1314727,SONO,SONOS INC,3651,1-LAF,10-Q,20210331,Y
1314772,,"SUMMER INFANT, INC.",3990,4-NON,10-Q,20210331,N
1315061,,RIDGEWOOD ENERGY O FUND LLC,1382,4-NON,10-Q,20210331,N
1315098,RBLX,ROBLOX CORP,7372,4-NON,10-Q,20210331,Y
1315257,KOP,KOPPERS HOLDINGS INC.,2400,2-ACC,10-Q,20210331,Y
1315399,PKBK,"PARKE BANCORP, INC.",6022,4-NON,10-Q,20210331,Y
1316517,,"KANDI TECHNOLOGIES GROUP, INC.",3711,2-ACC,10-Q,20210331,N
1316835,BLDR,"BUILDERS FIRSTSOURCE, INC.",5211,1-LAF,10-Q,20210331,Y
1316944,,FEDERAL HOME LOAN BANK OF SAN FRANCISCO,6111,4-NON,10-Q,20210331,N
1317630,,ITC HOLDINGS CORP.,4911,4-NON,10-Q,20210331,N
1317839,,UMATRIN HOLDING LTD,7389,4-NON,10-K,20201231,N
1317945,OFLX,"OMEGA FLEX, INC.",3430,2-ACC,10-Q,20210331,Y
1318008,ZUMZ,ZUMIEZ INC,5600,2-ACC,10-Q,20210430,Y
1318084,,"CORE-MARK HOLDING COMPANY, INC.",5141,1-LAF,10-Q,20210331,N
1318220,WCN,"WASTE CONNECTIONS, INC.",4953,1-LAF,10-Q,20210331,Y
1318268,MDEX,MADISON TECHNOLOGIES INC.,5900,4-NON,10-K,20201231,Y
1318482,KDOZF,KIDOZ INC.,7900,4-NON,10-K,20201231,Y
1318484,CTRN,CITI TRENDS INC,5600,2-ACC,10-K,20210131,Y
1318568,,EVERI HOLDINGS INC.,7990,2-ACC,10-Q,20210331,N
1318605,TSLA,"TESLA, INC.",3711,1-LAF,10-Q,20210331,Y
1318641,,CLEVELAND BIOLABS INC,2834,4-NON,10-Q,20210331,N
1318742,,NCL CORP LTD.,4400,4-NON,10-Q,20210331,N
1319150,PBMLF,PACIFIC BOOKER MINERALS INC.,1000,4-NON,20-F,20210131,Y
1319161,WMG,WARNER MUSIC GROUP CORP.,7900,4-NON,10-Q,20210331,Y
1319229,,TRANSMONTAIGNE PARTNERS LLC,4610,4-NON,10-Q,20210331,N
1319643,,LODE-STAR MINING INC.,1040,4-NON,10-Q,20210331,N
1319947,DBI,DESIGNER BRANDS INC.,5661,2-ACC,10-Q,20210430,Y
1320350,LNSR,"LENSAR, INC.",3841,4-NON,10-Q,20210331,Y
1320414,,SELECT MEDICAL HOLDINGS CORP,8060,1-LAF,10-Q,20210331,N
1320461,CPS,COOPER-STANDARD HOLDINGS INC.,3714,2-ACC,10-Q,20210331,Y
1320695,,"TREEHOUSE FOODS, INC.",2030,1-LAF,10-Q,20210331,N
1320760,TSSI,"TSS, INC.",8742,4-NON,10-Q,20210331,Y
1320854,RAIL,"FREIGHTCAR AMERICA, INC.",3743,4-NON,10-Q,20210331,Y
1321646,,KRATON CORP,2821,2-ACC,10-Q,20210331,N
1321655,PLTR,PALANTIR TECHNOLOGIES INC.,7372,4-NON,10-Q,20210331,Y
1321732,PEN,PENUMBRA INC,3841,1-LAF,10-Q,20210331,Y
1321828,,DATA CALL TECHNOLOGIES,7389,4-NON,10-Q,20210331,N
1321834,QCLS,"MYMD PHARMACEUTICALS, INC.",2835,4-NON,10-Q,20210331,Y
1322439,,EAGLE BULK SHIPPING INC.,4412,2-ACC,10-Q,20210331,N
1322505,,"ALBIREO PHARMA, INC.",2834,4-NON,10-Q,20210331,N
1323468,GLP,GLOBAL PARTNERS LP,5171,2-ACC,10-Q,20210331,Y
1323648,,COMMUNITY BANKERS TRUST CORP,6022,4-NON,10-Q,20210331,N
1323885,ATRC,"ATRICURE, INC.",3841,1-LAF,10-Q,20210331,Y
1324272,,"RUTHS HOSPITALITY GROUP, INC.",5812,2-ACC,10-Q,20210331,N
1324404,CF,"CF INDUSTRIES HOLDINGS, INC.",2870,1-LAF,10-Q,20210331,Y
1324424,EXPE,"EXPEDIA GROUP, INC.",4700,1-LAF,10-Q,20210331,Y
1324759,HGYN,CEREPLAST INC,2821,4-NON,10-Q,20210331,Y
1324948,RBC,RBC BEARINGS INC,3562,1-LAF,10-K,20210331,Y
1325618,IRMD,IRADIMED CORP,3841,4-NON,10-Q,20210331,Y
1325670,FRST,PRIMIS FINANCIAL CORP.,6022,2-ACC,10-Q,20210331,Y
1325676,,CERES TACTICAL COMMODITY L.P.,6221,4-NON,10-Q,20210331,N
1325702,MX,MAGNACHIP SEMICONDUCTOR CORP,3674,2-ACC,10-Q,20210331,Y
1325814,,FEDERAL HOME LOAN BANK OF DES MOINES,6111,4-NON,10-Q,20210331,N
1325878,,FEDERAL HOME LOAN BANK OF TOPEKA,6111,4-NON,10-Q,20210331,N
1325879,,"AVEO PHARMACEUTICALS, INC.",2834,4-NON,10-Q,20210331,N
1325964,LWLG,"LIGHTWAVE LOGIC, INC.",3080,4-NON,10-Q,20210331,Y
1326110,IBRX,"IMMUNITYBIO, INC.",2836,4-NON,10-Q,20210331,Y
1326141,,LAZARD GROUP LLC,6282,4-NON,10-Q,20210331,N
1326160,DUK,DUKE ENERGY CORP,4931,1-LAF,10-Q,20210331,Y
1326190,ALT,"ALTIMMUNE, INC.",2834,4-NON,10-Q,20210331,Y
1326200,GNK,GENCO SHIPPING & TRADING LTD,4412,2-ACC,10-Q,20210331,Y
1326205,IGC,"INDIA GLOBALIZATION CAPITAL, INC.",5065,4-NON,10-K,20210331,Y
1326321,,AEI INCOME & GROWTH FUND 26 LLC,6500,4-NON,10-Q,20210331,N
1326380,GME,GAMESTOP CORP.,5734,2-ACC,10-Q,20210430,Y
1326706,FEED,"NANOVIBRONIX, INC.",3842,4-NON,10-K,20201231,Y
1326732,XNCR,XENCOR INC,2834,1-LAF,10-Q,20210331,Y
1326771,,FEDERAL HOME LOAN BANK OF CINCINNATI,6111,4-NON,10-Q,20210331,N
1326801,META,FACEBOOK INC,7370,1-LAF,10-Q,20210331,Y
1327068,USO,"UNITED STATES OIL FUND, LP",6221,1-LAF,10-Q,20210331,Y
1327273,,"LYRA THERAPEUTICS, INC.",3841,4-NON,10-Q,20210331,N
1327318,,"TRUECAR, INC.",7370,2-ACC,10-Q,20210331,N
1327567,PANW,PALO ALTO NETWORKS INC,3577,1-LAF,10-Q,20210430,Y
1327607,MYFW,FIRST WESTERN FINANCIAL INC,6022,2-ACC,10-Q,20210331,Y
1327688,OOMA,OOMA INC,7374,2-ACC,10-K,20210131,Y
1327811,WDAY,"WORKDAY, INC.",7374,1-LAF,10-Q,20210430,Y
1327978,ZARE,BLACK CREEK DIVERSIFIED PROPERTY FUND INC.,6798,4-NON,10-Q,20210331,Y
1328143,,ADAMAS PHARMACEUTICALS INC,2834,4-NON,10-Q,20210331,N
1328237,DBC,INVESCO DB COMMODITY INDEX TRACKING FUND,6221,1-LAF,10-Q,20210331,Y
1328581,BCC,BOISE CASCADE CO,5030,1-LAF,10-Q,20210331,Y
1328598,FXE,INVESCO CURRENCYSHARES EURO TRUST,6221,4-NON,10-Q,20210331,Y
1328792,TPCS,TECHPRECISION CORP,3440,4-NON,10-K,20210331,Y
1328919,GASS,STEALTHGAS INC.,4412,2-ACC,20-F,20201231,Y
1329394,SIMO,SILICON MOTION TECHNOLOGY CORP,3674,1-LAF,20-F,20201231,Y
1329606,CETY,"CLEAN ENERGY TECHNOLOGIES, INC.",3672,4-NON,10-K,20201231,Y
1329842,,FEDERAL HOME LOAN BANK OF NEW YORK,6111,4-NON,10-Q,20210331,N
1330399,,FEDERAL HOME LOAN BANK OF PITTSBURGH,6111,4-NON,10-Q,20210331,N
1330568,SLV,ISHARES SILVER TRUST,6221,1-LAF,10-Q,20210331,Y
1331451,,FEDERAL HOME LOAN BANK OF CHICAGO,6111,4-NON,10-Q,20210331,N
1331463,,FEDERAL HOME LOAN BANK OF BOSTON,6111,4-NON,10-Q,20210331,N
1331465,,FEDERAL HOME LOAN BANK OF ATLANTA,6111,4-NON,10-Q,20210331,N
1331520,HOMB,HOME BANCSHARES INC,6022,1-LAF,10-Q,20210331,Y
1331754,,FEDERAL HOME LOAN BANK OF INDIANAPOLIS,6111,4-NON,10-Q,20210331,N
1331757,,FEDERAL HOME LOAN BANK OF DALLAS,6111,4-NON,10-Q,20210331,N
1331875,FNF,"FIDELITY NATIONAL FINANCIAL, INC.",6361,1-LAF,10-Q,20210331,Y
1332174,GSG,ISHARES S&P GSCI COMMODITY-INDEXED TRUST,6221,2-ACC,10-Q,20210331,Y
1332349,BKD,BROOKDALE SENIOR LIVING INC.,8050,2-ACC,10-Q,20210331,Y
1332551,ACR,ACRES COMMERCIAL REALTY CORP.,6798,2-ACC,10-Q,20210331,Y
1333172,NMPGY,NAVIOS MARITIME HOLDINGS INC.,4412,4-NON,20-F,20201231,Y
1333274,MERC,MERCER INTERNATIONAL INC.,2611,2-ACC,10-Q,20210331,Y
1333493,EHTH,"EHEALTH, INC.",6411,1-LAF,10-Q,20210331,Y
1333822,LEDS,SEMILEDS CORP,3674,4-NON,10-Q,20210228,Y
1333835,,CASA SYSTEMS INC,3663,2-ACC,10-Q,20210331,N
1333986,EQH,"EQUITABLE HOLDINGS, INC.",6411,1-LAF,10-Q,20210331,Y
1334036,CROX,"CROCS, INC.",3021,1-LAF,10-Q,20210331,Y
1334325,CODA,"CODA OCTOPUS GROUP, INC.",3812,4-NON,10-Q,20210430,Y
1334933,UEC,URANIUM ENERGY CORP,1090,4-NON,10-Q,20210430,Y
1334978,CCO,"CLEAR CHANNEL OUTDOOR HOLDINGS, INC.",7310,2-ACC,10-Q,20210331,Y
1335105,NMAD,"LIXTE BIOTECHNOLOGY HOLDINGS, INC.",2834,4-NON,10-Q,20210331,Y
1335112,,"LOGIQ, INC.",7389,4-NON,10-Q,20210331,N
1335258,LYV,"LIVE NATION ENTERTAINMENT, INC.",7900,1-LAF,10-Q,20210331,Y
1336047,,"BOARDWALK PIPELINE PARTNERS, LP",4922,4-NON,10-Q,20210331,N
1336364,GIGGF,GIGA METALS CORP,1000,4-NON,20-F,20201231,Y
1336917,UAA,"UNDER ARMOUR, INC.",2300,1-LAF,10-Q,20210331,Y
1336920,LDOS,"LEIDOS HOLDINGS, INC.",7373,1-LAF,10-Q,20210331,Y
1337013,INFU,"INFUSYSTEM HOLDINGS, INC",3841,4-NON,10-Q,20210331,Y
1337068,MGYR,"MAGYAR BANCORP, INC.",6035,4-NON,10-Q,20210331,Y
1337117,ITRN,ITURAN LOCATION & CONTROL LTD.,5065,2-ACC,20-F,20201231,Y
1337298,FF,FUTUREFUEL CORP.,2860,2-ACC,10-Q,20210331,Y
1337553,,AERIE PHARMACEUTICALS INC,2836,1-LAF,10-Q,20210331,N
1337619,,"ENVESTNET, INC.",7389,1-LAF,10-Q,20210331,N
1338065,,"DCP MIDSTREAM, LP",4922,1-LAF,10-Q,20210331,N
1338474,,RIDGEWOOD ENERGY Q FUND LLC,1382,4-NON,10-Q,20210331,N
1338749,,POTLATCHDELTIC CORP,6798,1-LAF,10-Q,20210331,N
1338929,AHRO,"GLOBAL FIBER TECHNOLOGIES, INC.",5130,4-NON,10-K,20191231,Y
1339469,,"CHIASMA, INC",2834,4-NON,10-Q,20210331,N
1339605,,"H&E EQUIPMENT SERVICES, INC.",7350,1-LAF,10-Q,20210331,N
1339688,LCGMF,QUATERRA RESOURCES INC,1000,4-NON,20-F,20201231,Y
1339970,ATYR,ATYR PHARMA INC,2836,4-NON,10-Q,20210331,Y
1340122,,"CALUMET SPECIALTY PRODUCTS PARTNERS, L.P.",2911,2-ACC,10-Q,20210331,N
1340476,DRTTF,DIRTT ENVIRONMENTAL SOLUTIONS LTD,7372,4-NON,10-Q,20210331,Y
1340652,,"CHEMOCENTRYX, INC.",2834,1-LAF,10-Q,20210331,N
1340677,SVM,SILVERCORP METALS INC,1040,2-ACC,40-F,20210331,Y
1341141,,"CATCHMARK TIMBER TRUST, INC.",6798,2-ACC,10-Q,20210331,N
1341170,ESEA,EUROSEAS LTD.,4412,4-NON,20-F,20201231,Y
1341235,ALDX,"ALDEYRA THERAPEUTICS, INC.",2834,4-NON,10-Q,20210331,Y
1341317,BWB,BRIDGEWATER BANCSHARES INC,6022,2-ACC,10-Q,20210331,Y
1341318,,"LAKE SHORE BANCORP, INC.",6035,4-NON,10-Q,20210331,N
1341439,ORCL,ORACLE CORP,7372,1-LAF,10-K,20210531,Y
1341726,,"GULFSLOPE ENERGY, INC.",1311,4-NON,10-Q,20210331,N
1341766,CELH,"CELSIUS HOLDINGS, INC.",2086,4-NON,10-Q,20210331,Y
1342287,,GENERAL FINANCE CORP,7359,2-ACC,10-Q,20210331,N
1342423,LMNR,LIMONEIRA CO,0100,2-ACC,10-Q,20210430,Y
1342936,,"ADVANCED VOICE RECOGNITION SYSTEMS, INC",1311,4-NON,10-Q,20210331,N
1342958,KUST,DIGITAL ALLY INC,3663,4-NON,10-Q,20210331,Y
1343009,CNBX,CANNABICS PHARMACEUTICALS INC.,2834,4-NON,10-Q,20210228,Y
1343465,SNPW,SUN PACIFIC HOLDING CORP.,5812,4-NON,10-K,20201231,Y
1345016,YELP,YELP INC,7200,1-LAF,10-Q,20210331,Y
1345105,CPA,"COPA HOLDINGS, S.A.",4512,1-LAF,20-F,20201231,Y
1345126,CODI,COMPASS DIVERSIFIED HOLDINGS,2510,1-LAF,10-Q,20210331,Y
1346022,ENRT,ENERTOPIA CORP.,1000,4-NON,10-Q,20210228,Y
1346302,,XERIS PHARMACEUTICALS INC,2834,4-NON,10-Q,20210331,N
1346610,SOS,SOS LTD,6199,2-ACC,20-F,20201231,Y
1346655,,"CMG HOLDINGS GROUP, INC.",7310,4-NON,10-Q,20210331,N
1346830,TVRD,"CARA THERAPEUTICS, INC.",2834,1-LAF,10-Q,20210331,Y
1346917,GNTOF,GENTOR RESOURCES INC.,1000,4-NON,20-F,20201231,Y
1347178,VNDA,VANDA PHARMACEUTICALS INC.,2834,1-LAF,10-Q,20210331,Y
1347426,BMA,MACRO BANK INC.,6029,1-LAF,20-F,20201231,Y
1347557,PAC,PACIFIC AIRPORT GROUP,4581,1-LAF,20-F,20201231,Y
1347652,,"CORENERGY INFRASTRUCTURE TRUST, INC.",6798,4-NON,10-Q,20210331,N
1347858,XXII,"22ND CENTURY GROUP, INC.",2111,4-NON,10-Q,20210331,Y
1348036,,"AVALARA, INC.",7372,1-LAF,10-Q,20210331,N
1348362,LEXX,LEXARIA BIOSCIENCE CORP.,2834,4-NON,10-Q,20210228,Y
1349436,SD,SANDRIDGE ENERGY INC,1311,4-NON,10-Q,20210331,Y
1349929,,"VYANT BIO, INC.",8071,4-NON,10-Q,20210331,N
1350073,,"ICONIC BRANDS, INC.",2080,4-NON,10-K,20201231,N
1350102,ASTI,"ASCENT SOLAR TECHNOLOGIES, INC.",3674,4-NON,10-Q,20200930,Y
1350156,PAXH,PREAXIA HEALTH CARE PAYMENT SYSTEMS INC.,5700,4-NON,10-Q,20210228,Y
1350420,,"LINCOLNWAY ENERGY, LLC",2860,4-NON,10-Q,20210331,N
1350593,MWA,"MUELLER WATER PRODUCTS, INC.",3490,1-LAF,10-Q,20210331,Y
1350653,ATEC,"ALPHATEC HOLDINGS, INC.",3841,2-ACC,10-Q,20210331,Y
1351288,,GW PHARMACEUTICALS PLC,2834,1-LAF,10-Q,20210331,N
1351573,,"PURE HARVEST CORPORATE GROUP, INC.",2080,4-NON,10-K,20201231,N
1351636,SSTI,"SHOTSPOTTER, INC",7372,4-NON,10-Q,20210331,Y
1351901,,COMMONWEALTH INCOME & GROWTH FUND VI,7350,4-NON,10-K,20201231,N
1352010,EPAM,"EPAM SYSTEMS, INC.",7371,1-LAF,10-Q,20210331,Y
1352081,,CARDINAL ETHANOL LLC,2860,4-NON,10-Q,20210331,N
1352190,,RIDGEWOOD ENERGY S FUND LLC,1382,4-NON,10-Q,20210331,N
1352952,CNFN,CFN ENTERPRISES INC.,7389,4-NON,10-Q,20210331,Y
1353282,,MANAGED FUTURES PREMIER WARRINGTON L.P.,6221,4-NON,10-Q,20210331,N
1353283,,SPLUNK INC,7372,1-LAF,10-Q,20210430,N
1353406,,REDHAWK HOLDINGS CORP.,1311,4-NON,10-Q,20210331,N
1353499,,MAX SOUND CORP,7374,4-NON,10-Q,20210331,N
1353538,,NEWTOWN LANE MARKETING INC,2050,4-NON,10-K,20210331,N
1353611,FXB,INVESCO CURRENCYSHARES BRITISH POUND STERLING TRUST,6221,4-NON,10-Q,20210331,Y
1353612,FXC,INVESCO CURRENCYSHARES CANADIAN DOLLAR TRUST,6221,4-NON,10-Q,20210331,Y
1353613,FXY,INVESCO CURRENCYSHARES JAPANESE YEN TRUST,6221,4-NON,10-Q,20210331,Y
1353614,FXA,INVESCO CURRENCYSHARES AUSTRALIAN DOLLAR TRUST,6221,4-NON,10-Q,20210331,Y
1353615,FXF,INVESCO CURRENCYSHARES SWISS FRANC TRUST,6221,4-NON,10-Q,20210331,Y
1354327,,"PGT INNOVATIONS, INC.",3442,1-LAF,10-Q,20210331,N
1354730,,INVESCO DB G10 CURRENCY HARVEST FUND,6221,4-NON,10-Q,20210331,N
1354866,BYRN,BYRNA TECHNOLOGIES INC.,3690,4-NON,10-Q,20210228,Y
1355096,,"QURATE RETAIL, INC.",5961,1-LAF,10-Q,20210331,N
1355250,,INNOVATION PHARMACEUTICALS INC.,2834,4-NON,10-Q,20210331,N
1355444,EMBJ,EMBRAER S.A.,3721,1-LAF,20-F,20201231,Y
1355736,AVCRF,AVRICORE HEALTH INC.,2834,4-NON,20-F,20201231,Y
1355790,ISCO,INTERNATIONAL STEM CELL CORP,2834,4-NON,10-Q,20210331,Y
1355839,IPM,"PALTALK, INC.",7389,4-NON,10-Q,20210331,Y
1355848,TOON,"GENIUS BRANDS INTERNATIONAL, INC.",7812,4-NON,10-Q,20210331,Y
1356090,PGEN,"PRECIGEN, INC.",2834,2-ACC,10-Q,20210331,Y
1356093,CREX,"CREATIVE REALITIES, INC.",7373,4-NON,10-Q,20210331,Y
1356570,,WNS (HOLDINGS) LTD,7389,1-LAF,20-F,20210331,N
1356576,SUPN,"SUPERNUS PHARMACEUTICALS, INC.",2834,1-LAF,10-Q,20210331,Y
1356949,,HOUSTON WIRE & CABLE CO,5063,4-NON,10-Q,20210331,N
1357459,PALI,"PALISADE BIO, INC.",2836,4-NON,10-Q,20210331,Y
1357615,KBR,"KBR, INC.",1600,1-LAF,10-Q,20210331,Y
1357671,CRTD,"CREATD, INC.",7819,4-NON,10-Q,20210331,Y
1357874,DTIL,PRECISION BIOSCIENCES INC,2836,4-NON,10-Q,20210331,Y
1357878,,"PEPTIDE TECHNOLOGIES, INC.",2844,4-NON,10-K,20210331,N
1357971,ESOA,ENERGY SERVICES OF AMERICA CORP,1623,4-NON,10-Q,20210331,Y
1358190,ITP,"IT TECH PACKAGING, INC.",2670,4-NON,10-Q,20210331,Y
1358356,,"LIMESTONE BANCORP, INC.",6021,4-NON,10-Q,20210331,N
1358403,,"BELLICUM PHARMACEUTICALS, INC",2834,4-NON,10-Q,20210331,N
1358633,SNBH,SENTIENT BRANDS HOLDINGS INC.,5734,4-NON,10-K,20201231,Y
1358654,,"RED METAL RESOURCES, LTD.",1000,4-NON,10-Q,20210430,N
1358762,,REATA PHARMACEUTICALS INC,2834,1-LAF,10-Q,20210331,N
1359687,,"RED TRAIL ENERGY, LLC",2860,4-NON,10-Q,20210331,N
1359841,,HANESBRANDS INC.,5600,1-LAF,10-Q,20210331,N
1359931,TARA,"PROTARA THERAPEUTICS, INC.",2836,4-NON,10-Q,20210331,Y
1360214,HROW,"HARROW HEALTH, INC.",2834,4-NON,10-Q,20210331,Y
1360442,DOGP,"CANNABIS SATIVA, INC.",7200,4-NON,10-K,20201231,Y
1360565,WFCF,"WHERE FOOD COMES FROM, INC.",7372,4-NON,10-Q,20210331,Y
1360604,HR,"HEALTHCARE TRUST OF AMERICA, INC.",6798,1-LAF,10-Q,20210331,Y
1360901,EVR,EVERCORE INC.,6282,1-LAF,10-Q,20210331,Y
1361113,VRNS,VARONIS SYSTEMS INC,7372,1-LAF,10-Q,20210331,Y
1361538,PRIM,PRIMORIS SERVICES CORP,1623,1-LAF,10-Q,20210331,Y
1361658,TNL,TRAVEL & LEISURE CO.,7011,1-LAF,10-Q,20210331,Y
1361983,,ORBCOMM INC.,4899,2-ACC,10-Q,20210331,N
1362004,ICFI,"ICF INTERNATIONAL, INC.",8742,1-LAF,10-Q,20210331,Y
1362190,AEYE,AUDIOEYE INC,7372,4-NON,10-Q,20210331,Y
1362468,ALGT,ALLEGIANT TRAVEL CO,4512,1-LAF,10-Q,20210331,Y
1362516,CLRI,"CLEARTRONIC, INC.",4812,4-NON,10-Q,20210331,Y
1362703,,"THERALINK TECHNOLOGIES, INC.",2834,4-NON,10-Q,20200630,N
1362705,,EVOLVE TRANSITION INFRASTRUCTURE LP,1311,4-NON,10-Q,20210331,N
1362988,AYR,AIRCASTLE LTD,7359,4-NON,10-K,20210228,Y
1363829,,ENSTAR GROUP LTD,6331,1-LAF,10-Q,20210331,N
1363958,,"WESTERN CAPITAL RESOURCES, INC.",5900,4-NON,10-Q,20210331,N
1364250,DEI,DOUGLAS EMMETT INC,6798,1-LAF,10-Q,20210331,Y
1364397,,RIDGEWOOD ENERGY T FUND LLC,1382,4-NON,10-Q,20210331,N
1364479,HRI,HERC HOLDINGS INC,7350,1-LAF,10-Q,20210331,Y
1364742,,BLACKROCK INC.,6211,1-LAF,10-Q,20210331,N
1364885,,"SPIRIT AEROSYSTEMS HOLDINGS, INC.",3728,1-LAF,10-Q,20210331,N
1364954,CHGG,"CHEGG, INC",8200,1-LAF,10-Q,20210331,Y
1365038,,LEAF GROUP LTD.,7374,4-NON,10-Q,20210331,N
1365135,WU,WESTERN UNION CO,7389,1-LAF,10-Q,20210331,Y
1365357,,"ZZLL INFORMATION TECHNOLOGY, INC",5900,4-NON,10-K,20201231,N
1365388,HSTI,"HIGH SIERRA TECHNOLOGIES, INC.",6770,4-NON,10-K,20201231,Y
1365916,,"AMYRIS, INC.",2860,2-ACC,10-Q,20210331,N
1366561,,SMARTSHEET INC,7372,1-LAF,10-Q,20210430,N
1366744,,HOMELAND ENERGY SOLUTIONS LLC,2860,4-NON,10-Q,20210331,N
1366868,GSAT,"GLOBALSTAR, INC.",4899,2-ACC,10-Q,20210331,Y
1367644,EBS,EMERGENT BIOSOLUTIONS INC.,2834,1-LAF,10-Q,20210331,Y
1367859,CZWI,CITIZENS COMMUNITY BANCORP INC.,6035,4-NON,10-Q,20210331,Y
1367920,,"CONCERT PHARMACEUTICALS, INC.",2834,4-NON,10-Q,20210331,N
1368148,,"ATHERSYS, INC / NEW",2834,4-NON,10-Q,20210331,N
1368265,CLNE,CLEAN ENERGY FUELS CORP.,4932,2-ACC,10-Q,20210331,Y
1368275,,W&E SOURCE CORP.,4700,4-NON,10-Q,20210331,N
1368365,,"REMARK HOLDINGS, INC.",4899,4-NON,10-Q,20210331,N
1368458,SBH,"SALLY BEAUTY HOLDINGS, INC.",5990,1-LAF,10-Q,20210331,Y
1368514,ADMA,"ADMA BIOLOGICS, INC.",2836,4-NON,10-Q,20210331,Y
1368622,AVAV,AEROVIRONMENT INC,3721,1-LAF,10-K,20210430,Y
1368637,,PETROLIA ENERGY CORP,1311,4-NON,10-Q,20190630,N
1368757,,"GTJ REIT, INC.",6798,4-NON,10-Q,20210331,N
1369128,,DIGATRADE FINANCIAL CORP,5180,4-NON,20-F,20201231,N
1369290,MYO,"MYOMO, INC.",3842,4-NON,10-Q,20210331,Y
1369568,,"CATALYST PHARMACEUTICALS, INC.",2834,2-ACC,10-Q,20210331,N
1370053,ANAB,"ANAPTYSBIO, INC",2834,4-NON,10-Q,20210331,Y
1370450,WLDN,"WILLDAN GROUP, INC.",8711,2-ACC,10-Q,20210331,Y
1370637,ETSY,ETSY INC,7389,1-LAF,10-Q,20210331,Y
1370880,,"FIREEYE, INC.",3577,1-LAF,10-Q,20210331,N
1370946,OC,OWENS CORNING,3290,1-LAF,10-Q,20210331,Y
1371128,NEWH,"NEWHYDROGEN, INC.",3081,4-NON,10-Q,20210331,Y
1371217,,RESHAPE LIFESCIENCES INC.,3845,4-NON,10-Q,20210331,N
1371285,TRUP,"TRUPANION, INC.",6324,1-LAF,10-Q,20210331,Y
1371451,,HIGHWATER ETHANOL LLC,2860,4-NON,10-Q,20210430,N
1371489,III,INFORMATION SERVICES GROUP INC.,8742,2-ACC,10-Q,20210331,Y
1372020,,GREAT LAKES DREDGE & DOCK CORP,1600,2-ACC,10-Q,20210331,N
1372183,,"MONAKER GROUP, INC.",4700,4-NON,10-K,20210228,N
1372184,,"NEW YOU, INC.",2844,4-NON,10-K,20201231,N
1372299,OCGN,"OCUGEN, INC.",2836,4-NON,10-Q,20210331,Y
1372514,KPRX,EYEGATE PHARMACEUTICALS INC,2834,4-NON,10-Q,20210331,Y
1372612,BOX,BOX INC,7372,1-LAF,10-Q,20210430,Y
1372954,,AMERITRUST CORP,1000,4-NON,10-Q,20201231,N
1373670,GRBK,"GREEN BRICK PARTNERS, INC.",1531,2-ACC,10-Q,20210331,Y
1373690,,INDIGENOUS ROOTS CORP.,1000,4-NON,10-Q,20210228,N
1373715,NOW,"SERVICENOW, INC.",7372,1-LAF,10-Q,20210331,Y
1373853,,NEW AMERICA ENERGY CORP.,2860,4-NON,10-K,20150831,N
1374310,CBOE,"CBOE GLOBAL MARKETS, INC.",6200,1-LAF,10-Q,20210331,Y
1374328,FTLF,"FITLIFE BRANDS, INC.",2833,4-NON,10-Q,20210331,Y
1374535,,ALTRA INDUSTRIAL MOTION CORP.,3569,1-LAF,10-Q,20210331,N
1374567,LUVU,"LUVU BRANDS, INC.",2510,4-NON,10-Q,20210331,Y
1374690,LRMR,"LARIMAR THERAPEUTICS, INC.",2834,4-NON,10-Q,20210331,Y
1375151,,"ZOGENIX, INC.",2834,1-LAF,10-Q,20210331,N
1375195,,CORETEC GROUP INC.,3669,4-NON,10-Q,20210331,N
1375205,URG,UR-ENERGY INC,1040,4-NON,10-Q,20210331,Y
1375348,GLNS,GOLDEN STAR RESOURCE CORP.,1090,4-NON,10-Q,20210331,Y
1375365,SMCI,"SUPER MICRO COMPUTER, INC.",3571,1-LAF,10-Q,20210331,Y
1375793,,GTX CORP,3663,4-NON,10-Q,20210331,N
1375877,CSIQ,CANADIAN SOLAR INC.,3674,1-LAF,20-F,20201231,Y
1376139,CVI,CVR ENERGY INC,2911,1-LAF,10-Q,20210331,Y
1376227,UNG,"UNITED STATES NATURAL GAS FUND, LP",6221,2-ACC,10-Q,20210331,Y
1376231,VPRB,"VPR BRANDS, LP.",7372,4-NON,10-K,20201231,Y
1376321,CNET,ZW DATA ACTION TECHNOLOGIES INC.,7370,4-NON,10-K,20201231,Y
1376339,MDXG,"MIMEDX GROUP, INC.",3841,2-ACC,10-Q,20210331,Y
1376793,CVAT,"CAVITATION TECHNOLOGIES, INC.",0700,4-NON,10-Q,20210331,Y
1376804,RDCT,"VNUE, INC.",7822,4-NON,10-K,20201231,Y
1376986,TVE,TENNESSEE VALLEY AUTHORITY,4911,4-NON,10-Q,20210331,Y
1377121,PTGX,"PROTAGONIST THERAPEUTICS, INC",2834,4-NON,10-Q,20210331,Y
1377149,CRVW,CAREVIEW COMMUNICATIONS INC,3663,4-NON,10-K,20201231,Y
1377167,FGCO,"FINANCIAL GRAVITY COMPANIES, INC.",6199,4-NON,10-Q,20210331,Y
1377178,,RIDGEWOOD ENERGY U FUND LLC,1382,4-NON,10-Q,20210331,N
1377630,NCMI,"NATIONAL CINEMEDIA, INC.",7310,2-ACC,10-Q,20210331,Y
1377789,AVNW,"AVIAT NETWORKS, INC.",3663,4-NON,10-Q,20210331,Y
1378239,OMAB,CENTRAL NORTH AIRPORT GROUP,4581,2-ACC,20-F,20201231,Y
1378453,,TRAVELCENTERS OF AMERICA INC. /MD/,5500,2-ACC,10-Q,20210331,N
1378590,BLIN,"BRIDGELINE DIGITAL, INC.",7372,4-NON,10-Q,20210331,Y
1378946,,"PEOPLE'S UNITED FINANCIAL, INC.",6035,1-LAF,10-Q,20210331,N
1378950,PRTS,"CARPARTS.COM, INC.",5531,2-ACC,10-Q,20210331,Y
1378992,,"BERRY GLOBAL GROUP, INC.",3089,1-LAF,10-Q,20210331,N
1379006,NNVC,"NANOVIRICIDES, INC.",2834,4-NON,10-Q,20210331,Y
1379041,EIG,"EMPLOYERS HOLDINGS, INC.",6331,1-LAF,10-Q,20210331,Y
1380846,,"TRISTATE CAPITAL HOLDINGS, INC.",6022,2-ACC,10-Q,20210331,N
1381074,RTCJF,"FUWEI FILMS (HOLDINGS), CO. LTD.",3081,4-NON,20-F,20201231,Y
1381197,IBKR,"INTERACTIVE BROKERS GROUP, INC.",6211,1-LAF,10-Q,20210331,Y
1381531,,DOMTAR CORP,2621,1-LAF,10-Q,20210331,N
1381668,TFSL,TFS FINANCIAL CORP,6035,1-LAF,10-Q,20210331,Y
1381871,,"CRUZANI, INC.",3751,4-NON,10-K,20201231,N
1382101,STRO,"SUTRO BIOPHARMA, INC.",2836,4-NON,10-Q,20210331,Y
1382230,,"ESSA BANCORP, INC.",6036,4-NON,10-Q,20210331,N
1382574,SCNX,"TRXADE GROUP, INC.",5122,4-NON,10-Q,20210331,Y
1382821,,REDFIN CORP,6531,1-LAF,10-Q,20210331,N
1382943,,"PREDICTIVE TECHNOLOGY GROUP, INC.",2834,4-NON,10-Q,20210331,N
1383054,,INVESCO DB SILVER FUND,6221,4-NON,10-Q,20210331,N
1383055,,INVESCO DB GOLD FUND,6221,4-NON,10-Q,20210331,N
1383057,DBP,INVESCO DB PRECIOUS METALS FUND,6221,4-NON,10-Q,20210331,Y
1383058,DBO,INVESCO DB OIL FUND,6221,2-ACC,10-Q,20210331,Y
1383062,DBE,INVESCO DB ENERGY FUND,6221,4-NON,10-Q,20210331,Y
1383082,DBA,INVESCO DB AGRICULTURE FUND,6221,2-ACC,10-Q,20210331,Y
1383084,DBB,INVESCO DB BASE METALS FUND,6221,4-NON,10-Q,20210331,Y
1383149,UDN,INVESCO DB US DOLLAR INDEX BEARISH FUND,6221,4-NON,10-Q,20210331,Y
1383151,,INVESCO DB US DOLLAR INDEX BULLISH FUND,6221,2-ACC,10-Q,20210331,N
1383312,BR,"BROADRIDGE FINANCIAL SOLUTIONS, INC.",7389,1-LAF,10-Q,20210331,Y
1383395,SQNS,SEQUANS COMMUNICATIONS,3674,2-ACC,20-F,20201231,Y
1383650,CQP,"CHENIERE ENERGY PARTNERS, L.P.",4924,1-LAF,10-Q,20210331,Y
1383701,,HISTOGEN INC.,2834,4-NON,10-Q,20210331,N
1384101,VCYT,"VERACYTE, INC.",8071,1-LAF,10-Q,20210331,Y
1384135,,"LITHIUM & BORON TECHNOLOGY, INC.",3433,4-NON,10-Q,20210331,N
1384195,REI,"RING ENERGY, INC.",1311,2-ACC,10-Q,20210331,Y
1384905,RNG,"RINGCENTRAL, INC.",7374,1-LAF,10-Q,20210331,Y
1385157,TEL,TE CONNECTIVITY LTD.,5065,1-LAF,10-Q,20210331,Y
1385280,CNK,"CINEMARK HOLDINGS, INC.",7830,1-LAF,10-Q,20210331,Y
1385508,,"OPIANT PHARMACEUTICALS, INC.",2834,4-NON,10-Q,20210331,N
1385613,GLRE,"GREENLIGHT CAPITAL RE, LTD.",6331,2-ACC,10-Q,20210331,Y
1385662,,RIDGEWOOD ENERGY V FUND LLC,1382,4-NON,10-Q,20210331,N
1385799,,ADVANCED BIOMEDICAL TECHNOLOGIES INC.,3842,4-NON,10-Q,20210430,N
1385818,AYTU,"AYTU BIOPHARMA, INC",2834,4-NON,10-Q,20210331,Y
1385849,UUUU,ENERGY FUELS INC,1400,4-NON,10-Q,20210331,Y
1385867,,COUPA SOFTWARE INC,7372,1-LAF,10-Q,20210430,N
1386049,,"BEYOND COMMERCE, INC.",7374,4-NON,10-K,20201231,N
1386278,GDOT,GREEN DOT CORP,6199,1-LAF,10-Q,20210331,Y
1386301,RSSS,"RESEARCH SOLUTIONS, INC.",7389,4-NON,10-Q,20210331,Y
1386570,NAGE,CHROMADEX CORP.,2833,4-NON,10-Q,20210331,Y
1386716,SBLK,STAR BULK CARRIERS CORP.,4412,2-ACC,20-F,20201231,Y
1387061,,"LIGHTSTONE VALUE PLUS REAL ESTATE INVESTMENT TRUST V, INC.",6798,4-NON,10-Q,20210331,N
1387467,AOSL,ALPHA & OMEGA SEMICONDUCTOR LTD,3674,2-ACC,10-Q,20210331,Y
1388320,ATNM,"ACTINIUM PHARMACEUTICALS, INC.",2834,4-NON,10-Q,20210331,Y
1388430,,"CAI INTERNATIONAL, INC.",7359,2-ACC,10-Q,20210331,N
1388658,IRTC,"IRHYTHM TECHNOLOGIES, INC.",3841,1-LAF,10-Q,20210331,Y
1389002,,MARIN SOFTWARE INC,7374,4-NON,10-Q,20210331,N
1389034,,KALLO INC.,5900,4-NON,10-Q,20210331,N
1389050,AROC,"ARCHROCK, INC.",4922,1-LAF,10-Q,20210331,Y
1389067,,TAUTACHROME INC.,7372,4-NON,10-Q,20210331,N
1389170,TRGP,TARGA RESOURCES CORP.,4922,1-LAF,10-Q,20210331,Y
1389518,,"CLUBHOUSE MEDIA GROUP, INC.",7900,4-NON,10-Q,20210331,N
1389545,SDEV,"NOVABAY PHARMACEUTICALS, INC.",2834,4-NON,10-Q,20210331,Y
1390162,,HOWARD BANCORP INC,6022,2-ACC,10-Q,20210331,N
1390478,SLS,"SELLAS LIFE SCIENCES GROUP, INC.",2834,4-NON,10-Q,20210331,Y
1390777,BNY,BANK OF NEW YORK MELLON CORP,6022,1-LAF,10-Q,20210331,Y
1391127,,"LIMELIGHT NETWORKS, INC.",7389,1-LAF,10-Q,20210331,N
1391135,LIFD,ACQUIRED SALES CORP,2833,4-NON,10-Q,20210331,Y
1391933,QNTO,QUAINT OAK BANCORP INC,6036,4-NON,10-Q,20210331,Y
1392091,,"BLUEKNIGHT ENERGY PARTNERS, L.P.",4610,4-NON,10-Q,20210331,N
1392326,CCEC,CAPITAL PRODUCT PARTNERS L.P.,4412,2-ACC,20-F,20201231,Y
1392380,GEVO,"GEVO, INC.",2860,4-NON,10-Q,20210331,Y
1392449,GPLB,GREEN PLANET BIO ENGINEERING CO. LTD.,2836,4-NON,10-Q,20210331,Y
1392545,,"LIGHTNING GAMING, INC.",7372,4-NON,10-Q,20210331,N
1392694,SURG,"SURGEPAYS, INC.",7310,4-NON,10-K,20201231,Y
1392972,,"PROS HOLDINGS, INC.",7371,1-LAF,10-Q,20210331,N
1393052,VEEV,VEEVA SYSTEMS INC,7372,1-LAF,10-Q,20210430,Y
1393066,,RESOLUTE FOREST PRODUCTS INC.,2621,2-ACC,10-Q,20210331,N
1393311,PSA,PUBLIC STORAGE,6798,1-LAF,10-Q,20210331,Y
1393434,OCUL,"OCULAR THERAPEUTIX, INC",2834,4-NON,10-Q,20210331,Y
1393540,,IGEN NETWORKS CORP,7363,4-NON,10-Q,20210331,N
1393584,AMWL,AMERICAN WELL CORP,7389,4-NON,10-Q,20210331,Y
1393612,,DISCOVER FINANCIAL SERVICES,6141,1-LAF,10-Q,20210331,N
1393726,TIPT,TIPTREE INC.,6331,2-ACC,10-Q,20210331,Y
1393772,BUDZ,"WEED, INC.",8731,4-NON,10-Q,20210331,Y
1393781,QIND,WIKISOFT CORP.,7374,4-NON,10-Q,20210331,Y
1393818,BX,BLACKSTONE GROUP INC,6282,1-LAF,10-Q,20210331,Y
1393883,DHX,"DHI GROUP, INC.",7389,2-ACC,10-Q,20210331,Y
1394056,OSS,"ONE STOP SYSTEMS, INC.",3571,4-NON,10-Q,20210331,Y
1394108,SUIC,SINO UNITED WORLDWIDE CONSOLIDATED LTD.,2860,4-NON,10-Q,20210331,Y
1394319,,"TRACON PHARMACEUTICALS, INC.",2836,4-NON,10-Q,20210331,N
1394638,DWAY,CREATIVE LEARNING CORP,8200,4-NON,10-Q,20210331,Y
1395064,TAK,TAKEDA PHARMACEUTICAL CO LTD,2834,1-LAF,20-F,20210331,Y
1395213,EDN,EDENOR,4911,4-NON,20-F,20201231,Y
1395937,SNDX,SYNDAX PHARMACEUTICALS INC,2834,4-NON,10-Q,20210331,Y
1395942,OPLN,"KAR AUCTION SERVICES, INC.",5500,1-LAF,10-Q,20210331,Y
1396009,VMC,VULCAN MATERIALS CO,1400,1-LAF,10-Q,20210331,Y
1396033,,"LUMBER LIQUIDATORS HOLDINGS, INC.",5211,2-ACC,10-Q,20210331,N
1396536,DUOT,"DUOS TECHNOLOGIES GROUP, INC.",7372,4-NON,10-Q,20210331,Y
1396814,PCRX,"PACIRA BIOSCIENCES, INC.",2834,1-LAF,10-Q,20210331,Y
1396878,UGA,"UNITED STATES GASOLINE FUND, LP",6221,2-ACC,10-Q,20210331,Y
1397016,OPXS,OPTEX SYSTEMS HOLDINGS INC,3827,4-NON,10-Q,20210331,Y
1397047,,"FLEXSHOPPER, INC.",7359,4-NON,10-Q,20210331,N
1397187,LULU,LULULEMON ATHLETICA INC.,2300,1-LAF,10-Q,20210430,Y
1397702,,SILK ROAD MEDICAL INC,3841,1-LAF,10-Q,20210331,N
1397911,LPLA,LPL FINANCIAL HOLDINGS INC.,6200,1-LAF,10-Q,20210331,Y
1398137,,"GENERATION ALPHA, INC.",7380,4-NON,10-K,20201231,N
1398659,G,GENPACT LTD,8742,1-LAF,10-Q,20210331,Y
1398733,AQST,"AQUESTIVE THERAPEUTICS, INC.",2834,4-NON,10-Q,20210331,Y
1398805,BEEM,BEAM GLOBAL,3674,4-NON,10-Q,20210331,Y
1398987,,REALOGY HOLDINGS CORP.,6531,1-LAF,10-Q,20210331,N
1399249,,"PZENA INVESTMENT MANAGEMENT, INC.",6282,2-ACC,10-Q,20210331,N
1399306,,SIMLATUS CORP,3663,4-NON,10-Q,20210331,N
1399352,,"COOL TECHNOLOGIES, INC.",8200,4-NON,10-K,20201231,N
1399520,STKS,"ONE GROUP HOSPITALITY, INC.",5812,4-NON,10-Q,20210331,Y
1399529,,DICERNA PHARMACEUTICALS INC,2834,1-LAF,10-Q,20210331,N
1400810,HCI,"HCI GROUP, INC.",6331,2-ACC,10-Q,20210331,Y
1400891,IHRT,"IHEARTMEDIA, INC.",4832,2-ACC,10-Q,20210331,Y
1401040,DMAC,DIAMEDICA THERAPEUTICS INC.,2834,4-NON,10-Q,20210331,Y
1401257,FET,"FORUM ENERGY TECHNOLOGIES, INC.",3533,4-NON,10-Q,20210331,Y
1401521,ACIC,UNITED INSURANCE HOLDINGS CORP.,6331,2-ACC,10-Q,20210331,Y
1401564,,"FIRST FINANCIAL NORTHWEST, INC.",6022,4-NON,10-Q,20210331,N
1401667,PBYI,"PUMA BIOTECHNOLOGY, INC.",2834,2-ACC,10-Q,20210331,Y
1401680,,CORNERSTONE ONDEMAND INC,7372,1-LAF,10-Q,20210331,N
1401708,,NANOSTRING TECHNOLOGIES INC,2836,1-LAF,10-Q,20210331,N
1401914,DARE,"DARE BIOSCIENCE, INC.",2834,4-NON,10-Q,20210331,Y
1402057,CDW,CDW CORP,5961,1-LAF,10-Q,20210331,Y
1402328,SBFM,"SUNSHINE BIOPHARMA, INC",8731,4-NON,10-Q,20210331,Y
1402436,SSNC,SS&C TECHNOLOGIES HOLDINGS INC,7372,1-LAF,10-Q,20210331,Y
1402479,,"MEDAVAIL HOLDINGS, INC.",2834,4-NON,10-Q,20210331,N
1402829,ORN,ORION GROUP HOLDINGS INC,1600,2-ACC,10-Q,20210331,Y
1403161,V,VISA INC.,7389,1-LAF,10-Q,20210331,Y
1403256,,"SCULPTOR CAPITAL MANAGEMENT, INC.",6282,2-ACC,10-Q,20210331,N
1403431,,"HERITAGE-CRYSTAL CLEAN, INC.",4950,2-ACC,10-Q,20210331,N
1403475,BMRC,BANK OF MARIN BANCORP,6022,2-ACC,10-Q,20210331,Y
1403528,OAK-PA,"OAKTREE CAPITAL GROUP, LLC",6282,4-NON,10-Q,20210331,Y
1403568,ULTA,"ULTA BEAUTY, INC.",5990,1-LAF,10-Q,20210430,Y
1403570,,QUANTUM MATERIALS CORP.,1000,4-NON,10-Q,20190930,N
1403708,,EVOKE PHARMA INC,2834,4-NON,10-Q,20210331,N
1403752,,ZYMEWORKS INC.,2834,1-LAF,10-Q,20210331,N
1403853,,"NUVERRA ENVIRONMENTAL SOLUTIONS, INC.",1389,4-NON,10-Q,20210331,N
1404123,,1LIFE HEALTHCARE INC,8011,4-NON,10-Q,20210331,N
1404281,ELDN,"ELEDON PHARMACEUTICALS, INC.",2834,4-NON,10-Q,20210331,Y
1404644,NGNE,"NEOLEUKIN THERAPEUTICS, INC.",2834,4-NON,10-Q,20210331,Y
1404655,HUBS,HUBSPOT INC,7372,1-LAF,10-Q,20210331,Y
1404804,OMTK,OMNITEK ENGINEERING CORP,3714,4-NON,10-K,20201231,Y
1404912,KKR,KKR & CO. INC.,6282,1-LAF,10-Q,20210331,Y
1404935,,"THC THERAPEUTICS, INC.",3523,4-NON,10-Q,20210430,N
1405495,IDCC,"INTERDIGITAL, INC.",6794,1-LAF,10-Q,20210331,Y
1405513,UNL,"UNITED STATES 12 MONTH NATURAL GAS FUND, LP",6221,4-NON,10-Q,20210331,Y
1405528,USL,"UNITED STATES 12 MONTH OIL FUND, LP",6221,2-ACC,10-Q,20210331,Y
1406587,FOR,FORESTAR GROUP INC.,6500,2-ACC,10-Q,20210331,Y
1406666,CALX,"CALIX, INC",4899,2-ACC,10-Q,20210331,Y
1407573,,PHONEBRASIL INTERNETIONAL INC,6770,4-NON,10-Q,20210331,N
1407583,BHLL,BUNKER HILL MINING CORP.,1000,4-NON,10-Q,20210331,Y
1407623,,RETAIL OPPORTUNITY INVESTMENTS CORP,6798,1-LAF,10-Q,20210331,N
1407704,BOTY,"LINGERIE FIGHTING CHAMPIONSHIPS, INC.",3640,4-NON,10-K,20191231,Y
1407878,,"DIGITAL LOCATIONS, INC.",4953,4-NON,10-Q,20210331,N
1408057,,ICORECONNECT INC.,7372,4-NON,10-Q,20210331,N
1408075,GPK,GRAPHIC PACKAGING HOLDING CO,2650,1-LAF,10-Q,20210331,Y
1408100,,"KENNEDY-WILSON HOLDINGS, INC.",6500,1-LAF,10-Q,20210331,N
1408146,SCYYF,SCANDIUM INTERNATIONAL MINING CORP.,1000,4-NON,10-Q,20210331,Y
1408198,MSCI,MSCI INC.,7389,1-LAF,10-Q,20210331,Y
1408443,MIST,MILESTONE PHARMACEUTICALS INC.,2834,4-NON,10-Q,20210331,Y
1408534,FGBI,"FIRST GUARANTY BANCSHARES, INC.",6035,2-ACC,10-Q,20210331,Y
1408710,FN,FABRINET,3661,1-LAF,10-Q,20210331,Y
1409171,TITN,TITAN MACHINERY INC.,5990,2-ACC,10-Q,20210430,Y
1409175,,"WECONNECT TECH INTERNATIONAL, INC.",7389,4-NON,10-K,20200731,N
1409197,BSPK,"BESPOKE EXTRACTS, INC.",2834,4-NON,10-Q,20210228,Y
1409269,,VENUS CONCEPT INC.,3841,4-NON,10-Q,20210331,N
1409375,OESX,"ORION ENERGY SYSTEMS, INC.",3640,2-ACC,10-K,20210331,Y
1409493,CIM,CHIMERA INVESTMENT CORP,6798,1-LAF,10-Q,20210331,Y
1409775,,"BBVA USA BANCSHARES, INC.",6021,4-NON,10-Q,20210331,N
1409947,,RIDGEWOOD ENERGY W FUND LLC,1382,4-NON,10-Q,20210331,N
1409970,HAPN,LENDINGCLUB CORP,6141,2-ACC,10-Q,20210331,Y
1409999,,"DIGITAL DEVELOPMENT PARTNERS, INC.",3990,4-NON,10-K,20201231,N
1410098,CRMD,CORMEDIX INC.,2834,4-NON,10-Q,20210331,Y
1410172,,"RUBICON TECHNOLOGY, INC.",3674,4-NON,10-Q,20210331,N
1410187,,CANNONAU CORP.,4700,4-NON,10-K,20201231,N
1410384,QTWO,"Q2 HOLDINGS, INC.",7372,1-LAF,10-Q,20210331,Y
1410428,XWEL,"XPRESSPA GROUP, INC.",7200,4-NON,10-Q,20210331,Y
1410636,AWK,"AMERICAN WATER WORKS COMPANY, INC.",4941,1-LAF,10-Q,20210331,Y
1410738,VPLM,VOIP-PAL.COM INC,3661,4-NON,10-Q,20210331,Y
1410939,,"IVERIC BIO, INC.",2834,4-NON,10-Q,20210331,N
1411059,,"KBS REAL ESTATE INVESTMENT TRUST II, INC.",6798,4-NON,10-Q,20210331,N
1411168,,DUTCH OVEN GOLD GROUP INC.,6770,4-NON,10-Q,20210331,N
1411207,ALSN,ALLISON TRANSMISSION HOLDINGS INC,3714,1-LAF,10-Q,20210331,Y
1411342,EFC,ELLINGTON FINANCIAL INC.,6500,2-ACC,10-Q,20210331,Y
1411494,,"APOLLO GLOBAL MANAGEMENT, INC.",6282,1-LAF,10-Q,20210331,N
1411579,AMC,"AMC ENTERTAINMENT HOLDINGS, INC.",7830,2-ACC,10-Q,20210331,Y
1411685,VTGN,"VISTAGEN THERAPEUTICS, INC.",2834,4-NON,10-K,20210331,Y
1411688,,"CONTAINER STORE GROUP, INC.",5700,2-ACC,10-K,20210331,N
1411690,BNGO,"BIONANO GENOMICS, INC",3826,4-NON,10-Q,20210331,Y
1411906,,"AMPIO PHARMACEUTICALS, INC.",2834,4-NON,10-Q,20210331,N
1412100,MHLA,"MAIDEN HOLDINGS, LTD.",6331,2-ACC,10-Q,20210331,Y
1412126,RMSL,REMSLEEP HOLDINGS INC.,7200,4-NON,10-K,20201231,Y
1412408,PHR,"PHREESIA, INC.",7389,1-LAF,10-Q,20210430,Y
1412486,COCP,"COCRYSTAL PHARMA, INC.",2834,4-NON,10-Q,20210331,Y
1412502,,STERLING REAL ESTATE TRUST,6798,4-NON,10-Q,20210331,N
1412659,,"REGENICIN, INC.",3841,4-NON,10-Q,20210331,N
1412665,,"MIDWESTONE FINANCIAL GROUP, INC.",6022,2-ACC,10-Q,20210331,N
1412707,,LEVEL ONE BANCORP INC,6022,2-ACC,10-Q,20210331,N
1413119,KBLB,"KRAIG BIOCRAFT LABORATORIES, INC",2820,4-NON,10-Q,20210331,Y
1413263,,"CHINA JO-JO DRUGSTORES, INC.",5912,4-NON,10-K,20210331,N
1413329,PM,PHILIP MORRIS INTERNATIONAL INC.,2111,1-LAF,10-Q,20210331,Y
1413447,NXPI,NXP SEMICONDUCTORS N.V.,3674,1-LAF,10-Q,20210331,Y
1413488,,"CANNABIS GLOBAL, INC.",2836,4-NON,10-Q,20210228,N
1413745,YDKG,AIRNET TECHNOLOGY INC.,7311,4-NON,20-F,20201231,Y
1413754,,MARIZYME INC,2834,4-NON,10-K,20201231,N
1413837,,FIRST FOUNDATION INC.,6022,1-LAF,10-Q,20210331,N
1413855,AIFU,FANHUA INC.,6411,1-LAF,20-F,20201231,Y
1413891,HWNI,"SPECTRUM GLOBAL SOLUTIONS, INC.",4813,4-NON,10-K,20201231,Y
1413898,,A. H. BELO CORP,2711,4-NON,10-Q,20210331,N
1413909,DSGT,DSG GLOBAL INC.,7373,4-NON,10-Q,20210331,Y
1414043,,"FRIENDABLE, INC.",7372,4-NON,10-K,20201231,N
1414382,CLEV,CONCRETE LEVELING SYSTEMS INC,3590,4-NON,10-Q,20210430,Y
1414953,MOJO,"MOJO ORGANICS, INC.",2086,4-NON,10-Q,20210331,Y
1415311,AGQ,PROSHARES TRUST II,6221,1-LAF,10-Q,20210331,Y
1415332,LTUM,LITHIUM CORP,4899,4-NON,10-Q,20210331,Y
1415404,ECHO,ECHOSTAR CORP,4899,1-LAF,10-Q,20210331,Y
1415684,,MUSCLEPHARM CORP,2834,4-NON,10-Q,20210331,N
1415744,NMEX,NORTHERN MINERALS & EXPLORATION LTD.,1040,4-NON,10-Q,20210430,Y
1416090,BSAI,INCEPTION MINING INC.,1040,4-NON,10-K,20201231,Y
1416265,,"PROSPER MARKETPLACE, INC",6199,4-NON,10-Q,20210331,N
1416697,BLPG,"BLUE LINE PROTECTION GROUP, INC.",5900,4-NON,10-K,20201231,Y
1417398,,"HILLENBRAND, INC.",3990,1-LAF,10-Q,20210331,N
1417892,,RENESOLA LTD,3674,4-NON,20-F,20201231,N
1417926,IVF,"INVO BIOSCIENCE, INC.",3841,4-NON,10-Q,20210331,Y
1418091,,"TWITTER, INC.",7370,1-LAF,10-Q,20210331,N
1418100,,AVAYA HOLDINGS CORP.,3661,1-LAF,10-Q,20210331,N
1418115,,"HEALTHCARE SOLUTIONS MANAGEMENT GROUP, INC.",0200,4-NON,10-Q,20210331,N
1418121,APLE,"APPLE HOSPITALITY REIT, INC.",6798,1-LAF,10-Q,20210331,Y
1418135,KDP,KEURIG DR PEPPER INC.,2080,1-LAF,10-Q,20210331,Y
1418302,,RENEWABLE ENERGY ACQUISITION CORP.,6770,4-NON,10-Q,20210331,N
1418819,IRDM,IRIDIUM COMMUNICATIONS INC.,3669,1-LAF,10-Q,20210331,Y
1419041,FBRX,"FORTE BIOSCIENCES, INC.",2834,4-NON,10-Q,20210331,Y
1419242,,ATLANTIC POWER CORP,4900,2-ACC,10-Q,20210331,N
1419275,RTB,GREENBOX POS,8742,4-NON,10-Q,20210331,Y
1419536,CBNK,CAPITAL BANCORP INC,6021,2-ACC,10-Q,20210331,Y
1419554,BBLG,BONE BIOLOGICS CORP,3842,4-NON,10-Q,20200331,Y
1419600,,FLEXION THERAPEUTICS INC,2834,4-NON,10-Q,20210331,N
1419793,OCLN,"ORIGINCLEAR, INC.",2860,4-NON,10-K,20201231,Y
1419806,REEMF,RARE ELEMENT RESOURCES LTD,1040,4-NON,10-Q,20210331,Y
1419945,TNK,TEEKAY TANKERS LTD.,4400,2-ACC,20-F,20201231,Y
1419951,DTST,DATA STORAGE CORP,7374,4-NON,10-Q,20210331,Y
1420368,DLTI,DLT RESOLUTION INC.,7200,4-NON,10-K,20201231,Y
1420520,ATOM,ATOMERA INC,3674,4-NON,10-Q,20210331,Y
1420529,AACG,ATA CREATIVITY GLOBAL,8200,4-NON,20-F,20201231,Y
1420565,RNTX,AILERON THERAPEUTICS INC,2834,4-NON,10-Q,20210331,Y
1420720,IBIO,"IBIO, INC.",2834,4-NON,10-Q,20210331,Y
1420800,ENOV,COLFAX CORP,3561,1-LAF,10-Q,20210331,Y
1421182,,VERSO CORP,2621,2-ACC,10-Q,20210331,N
1421204,,"INSPYR THERAPEUTICS, INC.",2834,4-NON,10-Q,20210331,N
1421461,IPI,"INTREPID POTASH, INC.",1400,2-ACC,10-Q,20210331,Y
1421517,ERII,"ENERGY RECOVERY, INC.",3559,4-NON,10-Q,20210331,Y
1421636,,"C-BOND SYSTEMS, INC",6799,4-NON,10-K,20201231,N
1421819,,"HANJIAO GROUP, INC.",2833,4-NON,10-Q,20210331,N
1421907,,TRIDENT BRANDS INC,2020,4-NON,10-Q,20210228,N
1422141,,ZETA ACQUISITION CORP I,6770,4-NON,10-Q,20210331,N
1422142,WHWK,"AERPIO PHARMACEUTICALS, INC.",2834,4-NON,10-Q,20210331,Y
1422143,KURA,"KURA ONCOLOGY, INC.",2834,1-LAF,10-Q,20210331,Y
1422892,SGLY,"SINO-GLOBAL SHIPPING AMERICA, LTD.",4731,4-NON,10-Q,20210331,Y
1422930,PUBM,"PUBMATIC, INC.",7370,4-NON,10-Q,20210331,Y
1423221,NX,QUANEX BUILDING PRODUCTS CORP,3350,1-LAF,10-Q,20210430,Y
1423689,AGNC,AGNC INVESTMENT CORP.,6798,1-LAF,10-Q,20210331,Y
1423723,,QHY GROUP,4955,4-NON,10-Q,20210331,N
1423774,,ZUORA INC,7372,1-LAF,10-Q,20210430,N
1423869,PCB,PCB BANCORP,6022,2-ACC,10-Q,20210331,Y
1423902,WES,"WESTERN MIDSTREAM PARTNERS, LP",4922,1-LAF,10-Q,20210331,Y
1424182,BNL,"BROADSTONE NET LEASE, INC.",6798,4-NON,10-Q,20210331,Y
1424404,,WOLVERINE TECHNOLOGIES CORP.,1000,4-NON,10-K,20200531,N
1424657,CUEN,CUENTAS INC.,5140,4-NON,10-Q,20210331,Y
1424768,VYCO,VYCOR MEDICAL INC,3841,4-NON,10-Q,20210331,Y
1424844,,"SOUTHWEST IOWA RENEWABLE ENERGY, LLC",2860,4-NON,10-Q,20210331,N
1424864,RYES,RISE GOLD CORP.,1000,4-NON,10-Q,20210430,Y
1424929,FOXF,FOX FACTORY HOLDING CORP,3751,1-LAF,10-Q,20210331,Y
1425203,,ASTRO AEROSPACE LTD.,3728,4-NON,10-K,20201231,N
1425205,IOVA,"IOVANCE BIOTHERAPEUTICS, INC.",2836,1-LAF,10-Q,20210331,Y
1425287,WKHS,WORKHORSE GROUP INC.,3711,1-LAF,10-Q,20210331,Y
1425292,UAN,"CVR PARTNERS, LP",2870,2-ACC,10-Q,20210331,Y
1425450,KIDS,ORTHOPEDIATRICS CORP,3841,4-NON,10-Q,20210331,Y
1425627,SOBR,"SOBR SAFE, INC.",2721,4-NON,10-Q,20210331,Y
1426332,,NGM BIOPHARMACEUTICALS INC,2834,2-ACC,10-Q,20210331,N
1426506,,SMG INDUSTRIES INC.,1311,4-NON,10-K,20201231,N
1426800,ASMB,"ASSEMBLY BIOSCIENCES, INC.",2834,1-LAF,10-Q,20210331,Y
1426945,,"ECHO GLOBAL LOGISTICS, INC.",4731,1-LAF,10-Q,20210331,N
1427570,HIND,OBALON THERAPEUTICS INC,3841,4-NON,10-Q,20210331,Y
1427925,TLPH,ACELRX PHARMACEUTICALS INC,2834,4-NON,10-Q,20210331,Y
1428205,ARR,"ARMOUR RESIDENTIAL REIT, INC.",6798,1-LAF,10-Q,20210331,Y
1428336,HQY,"HEALTHEQUITY, INC.",7389,1-LAF,10-Q,20210430,Y
1428439,ROKU,"ROKU, INC",4841,1-LAF,10-Q,20210331,Y
1428522,,"RADIUS HEALTH, INC.",2834,1-LAF,10-Q,20210331,N
1428875,,TERMINIX GLOBAL HOLDINGS INC,8741,1-LAF,10-Q,20210331,N
1429260,FBIO,"FORTRESS BIOTECH, INC.",2834,4-NON,10-Q,20210331,Y
1429393,TKLS,"TRUTANKLESS, INC.",3630,4-NON,10-K,20201231,Y
1429560,,TREVENA INC,2834,4-NON,10-Q,20210331,N
1429764,BLNK,BLINK CHARGING CO.,3790,4-NON,10-Q,20210331,Y
1430162,CSAN,COSAN S.A.,5500,4-NON,20-F,20201231,Y
1430300,GWSO,"GLOBAL WARMING SOLUTIONS, INC.",5960,4-NON,10-Q,20210331,Y
1430306,TNXP,TONIX PHARMACEUTICALS HOLDING CORP.,2834,4-NON,10-Q,20210331,Y
1430319,,C & C TOURS INC,6770,4-NON,10-Q,20210331,N
1430523,,"VERUS INTERNATIONAL, INC.",5141,4-NON,10-Q,20210430,N
1430723,SFBS,"SERVISFIRST BANCSHARES, INC.",6022,1-LAF,10-Q,20210331,Y
1431074,,"BERGIO INTERNATIONAL, INC.",3910,4-NON,10-Q,20210331,N
1431567,OVLY,OAK VALLEY BANCORP,6022,4-NON,10-Q,20210331,Y
1431695,,OLO INC.,7389,4-NON,10-Q,20210331,N
1431959,,TORCHLIGHT ENERGY RESOURCES INC,1311,4-NON,10-Q,20210331,N
1432271,,RAMPART STUDIOS INC.,6770,4-NON,10-Q,20210331,N
1432364,AZUL,AZUL SA,4512,1-LAF,20-F,20201231,Y
1432939,,CREDEX CORP,6199,4-NON,10-Q,20210331,N
1433195,APPF,APPFOLIO INC,7372,1-LAF,10-Q,20210331,Y
1433270,AR,ANTERO RESOURCES CORP,1311,1-LAF,10-Q,20210331,Y
1433309,PLTYF,"PLASTEC TECHNOLOGIES, LTD.",3089,4-NON,20-F,20201231,Y
1433607,NSPR,"INSPIREMD, INC.",3841,4-NON,10-Q,20210331,Y
1433642,HLNE,HAMILTON LANE INC,6282,1-LAF,10-K,20210331,Y
1433660,JBTM,JOHN BEAN TECHNOLOGIES CORP,3550,1-LAF,10-Q,20210331,Y
1433714,,"CASTLIGHT HEALTH, INC.",7374,2-ACC,10-Q,20210331,N
1434070,,RIDGEWOOD ENERGY Y FUND LLC,1382,4-NON,10-Q,20210331,N
1434316,FATE,FATE THERAPEUTICS INC,2836,1-LAF,10-Q,20210331,Y
1434418,,CONSTELLATION PHARMACEUTICALS INC,2834,1-LAF,10-Q,20210331,N
1434524,CLIR,CLEARSIGN TECHNOLOGIES CORP,3823,4-NON,10-Q,20210331,Y
1434588,LOPE,"GRAND CANYON EDUCATION, INC.",8200,1-LAF,10-Q,20210331,Y
1434601,TMGI,"MARQUIE GROUP, INC.",4832,4-NON,10-Q,20210228,Y
1434621,TREE,"LENDINGTREE, INC.",6163,1-LAF,10-Q,20210331,Y
1434647,ZVRA,"KEMPHARM, INC",2834,4-NON,10-Q,20210331,Y
1434674,,CHINA MEDIA INC.,7812,4-NON,10-Q,20210331,N
1434728,GWRS,"GLOBAL WATER RESOURCES, INC.",4941,4-NON,10-Q,20210331,Y
1434737,,"SPIRITS TIME INTERNATIONAL, INC.",1311,4-NON,10-K,20201231,N
1434868,,"ESPERION THERAPEUTICS, INC.",2834,1-LAF,10-Q,20210331,N
1435049,,"CHINOOK THERAPEUTICS, INC.",2834,4-NON,10-K,20201231,N
1435064,CETX,CEMTREX INC,3670,4-NON,10-Q,20201231,Y
1435181,PHBI,PHARMAGREEN BIOTECH INC.,4581,4-NON,10-Q,20210331,Y
1435375,,XG SCIENCES INC,2821,4-NON,10-Q,20200630,N
1435387,,DISCOVERY ENERGY CORP.,1382,4-NON,10-K,20210228,N
1435508,,"FIRST SAVINGS FINANCIAL GROUP, INC.",6035,4-NON,10-Q,20210331,N
1435617,PWDY,"POWERDYNE INTERNATIONAL, INC.",7374,4-NON,10-Q,20210331,Y
1436126,MG,"MISTRAS GROUP, INC.",8711,2-ACC,10-Q,20210331,Y
1436208,LEGH,LEGACY HOUSING CORP,2451,2-ACC,10-Q,20210331,Y
1436229,BTCS,BTCS INC.,7372,4-NON,10-Q,20210331,Y
1436425,HBCP,"HOME BANCORP, INC.",6036,2-ACC,10-Q,20210331,Y
1436975,,LIGHTSTONE VALUE PLUS REAL ESTATE INVESTMENT TRUST II INC,6798,4-NON,10-Q,20210331,N
1437071,IVR,INVESCO MORTGAGE CAPITAL INC.,6798,1-LAF,10-Q,20210331,Y
1437107,WBD,"DISCOVERY, INC.",4841,1-LAF,10-Q,20210331,Y
1437226,MHH,"MASTECH DIGITAL, INC.",8742,2-ACC,10-Q,20210331,Y
1437260,,NAVIOS MARITIME ACQUISITION CORP,4412,4-NON,20-F,20201231,N
1437283,RPMT,"REGO PAYMENT ARCHITECTURES, INC.",7372,4-NON,10-Q,20210331,Y
1437352,,"EVERBRIDGE, INC.",7372,1-LAF,10-Q,20210331,N
1437402,ARDX,"ARDELYX, INC.",2834,4-NON,10-Q,20210331,Y
1437424,POET,POET TECHNOLOGIES INC.,3674,2-ACC,20-F,20201231,Y
1437479,ENBP,ENB FINANCIAL CORP,6021,4-NON,10-Q,20210331,Y
1437491,,"ECOARK HOLDINGS, INC.",1311,4-NON,10-K,20210331,N
1437517,CLOQ,"CYBERLOQ TECHNOLOGIES, INC.",7372,4-NON,10-Q,20210331,Y
1437578,BFAM,BRIGHT HORIZONS FAMILY SOLUTIONS INC.,8351,1-LAF,10-Q,20210331,Y
1437750,TRXA,TREX ACQUISITION CORP.,7389,4-NON,10-K,20180630,Y
1437925,MRDN,"GOLDEN MATRIX GROUP, INC.",1000,4-NON,10-K,20210131,Y
1437958,CCB,COASTAL FINANCIAL CORP,6022,4-NON,10-Q,20210331,Y
1438133,TNDM,TANDEM DIABETES CARE INC,3841,1-LAF,10-Q,20210331,Y
1438231,,DIGIMARC CORP,7373,4-NON,10-Q,20210331,N
1438423,MRAM,EVERSPIN TECHNOLOGIES INC,3674,4-NON,10-Q,20210331,Y
1438461,ELRE,YINFU GOLD CORP.,1090,4-NON,10-K,20210331,Y
1438533,TVTX,"TRAVERE THERAPEUTICS, INC.",2834,1-LAF,10-Q,20210331,Y
1438569,GRFS,GRIFOLS SA,2834,1-LAF,20-F,20201231,Y
1438731,,ALJ REGIONAL HOLDINGS INC,7389,4-NON,10-Q,20210331,N
1438901,,"4LESS GROUP, INC.",7389,4-NON,10-K,20210131,N
1438943,RNGE,"VITALITY BIOPHARMA, INC.",8731,4-NON,10-K,20210331,Y
1439095,,MRC GLOBAL INC.,5084,2-ACC,10-Q,20210331,N
1439124,AXIA,BRAZILIAN ELECTRIC POWER CO,4911,1-LAF,20-F,20201231,Y
1439222,AGIO,"AGIOS PHARMACEUTICALS, INC.",2834,1-LAF,10-Q,20210331,Y
1439288,ZWS,REXNORD CORP,3560,1-LAF,10-Q,20210331,Y
1439404,,ZYNGA INC,7374,1-LAF,10-Q,20210331,N
1439725,BDSX,BIODESIX INC,8071,4-NON,10-Q,20210331,Y
1440153,,"BAKHU HOLDINGS, CORP.",6794,4-NON,10-Q,20210430,N
1441082,,LAKE FOREST MINERALS INC.,1000,4-NON,10-Q,20210331,N
1441236,CLW,CLEARWATER PAPER CORP,2631,2-ACC,10-Q,20210331,Y
1441683,APPN,APPIAN CORP,7372,1-LAF,10-Q,20210331,Y
1441693,,MARRONE BIO INNOVATIONS INC,2870,4-NON,10-Q,20210331,N
1441816,MDB,"MONGODB, INC.",7372,1-LAF,10-Q,20210430,Y
1442145,VRSK,"VERISK ANALYTICS, INC.",7374,1-LAF,10-Q,20210331,Y
1442236,QRHC,QUEST RESOURCE HOLDING CORP,7359,4-NON,10-Q,20210331,Y
1442492,LRDC,"LAREDO OIL, INC.",1311,4-NON,10-Q,20210228,Y
1442626,,"BLUEROCK RESIDENTIAL GROWTH REIT, INC.",6798,2-ACC,10-Q,20210331,N
1442836,,"MERSANA THERAPEUTICS, INC.",2834,1-LAF,10-Q,20210331,N
1442999,,ALTEROLA BIOTECH INC.,1000,4-NON,10-Q,20191231,N
1443388,,GREEN HYGIENICS HOLDINGS INC.,1000,4-NON,10-Q,20210430,N
1443611,,SINGLEPOINT INC.,5960,4-NON,10-K,20201231,N
1443646,BAH,BOOZ ALLEN HAMILTON HOLDING CORP,8742,1-LAF,10-K,20210331,Y
1443669,PRLB,PROTO LABS INC,3440,1-LAF,10-Q,20210331,Y
1443863,BICX,BIOCORRX INC.,8093,4-NON,10-Q,20210331,Y
1444192,GRCE,ACASTI PHARMA INC.,2834,4-NON,10-K,20210331,Y
1444307,,ONCOSEC MEDICAL INC,2834,4-NON,10-Q,20210430,N
1444380,,NEVRO CORP,3841,1-LAF,10-Q,20210331,N
1444406,EC,ECOPETROL S.A.,1311,1-LAF,20-F,20201231,Y
1444839,BRVO,BRAVO MULTINATIONAL INC.,7990,4-NON,10-Q,20210331,Y
1445109,,CLEAN COAL TECHNOLOGIES INC.,1311,4-NON,10-Q,20210331,N
1445175,,"XIAMEN LUTONG INTERNATIONAL TRAVEL AGENCY CO., LTD.",5090,4-NON,10-Q,20210331,N
1445283,,"YUMANITY THERAPEUTICS, INC.",2834,4-NON,10-Q,20210331,N
1445305,WK,WORKIVA INC,7372,1-LAF,10-Q,20210331,Y
1445467,AVPMF,AVRUPA MINERALS LTD.,1090,4-NON,20-F,20201231,Y
1445499,,IMPEL NEUROPHARMA INC,2834,4-NON,10-Q,20210331,N
1445815,BIXT,"BIOXYTRAN, INC",2834,4-NON,10-K,20201231,Y
1445831,,NEWPOINT FINANCIAL CORP,7997,4-NON,10-K,20201231,N
1445930,KB,KB FINANCIAL GROUP INC.,6029,1-LAF,20-F,20201231,Y
1445942,TMRC,TEXAS MINERAL RESOURCES CORP.,1040,4-NON,10-Q,20210228,Y
1446159,AGPU,PREDICTIVE ONCOLOGY INC.,3842,4-NON,10-Q,20210331,Y
1446371,,"STRATEGIC REALTY TRUST, INC.",6798,4-NON,10-Q,20210331,N
1446687,,"HARTMAN SHORT TERM INCOME PROPERTIES XX, INC.",6500,4-NON,10-K,20201231,N
1446847,IRWD,IRONWOOD PHARMACEUTICALS INC,2834,1-LAF,10-Q,20210331,Y
1447028,ABUS,ARBUTUS BIOPHARMA CORP,2834,4-NON,10-Q,20210331,Y
1447051,,TERRITORIAL BANCORP INC.,6035,4-NON,10-Q,20210331,N
1447362,CSTL,CASTLE BIOSCIENCES INC,8071,4-NON,10-Q,20210331,Y
1447380,MFON,MOBIVITY HOLDINGS CORP.,7372,4-NON,10-Q,20210331,Y
1447669,TWLO,TWILIO INC,7372,1-LAF,10-Q,20210331,Y
1448038,RWDMU,REDWOOD MORTGAGE INVESTORS IX,6500,4-NON,10-Q,20210331,Y
1448056,,"NEW RELIC, INC.",7372,1-LAF,10-K,20210331,N
1448431,OPRX,OPTIMIZERX CORP,7389,4-NON,10-Q,20210331,Y
1448558,,"GROW CAPITAL, INC.",7371,4-NON,10-Q,20210331,N
1448597,,AUGUSTA GOLD CORP.,1000,4-NON,10-Q,20210331,N
1448705,BASA,"BASANITE, INC.",7310,4-NON,10-Q,20210331,Y
1448893,ESNT,ESSENT GROUP LTD.,6351,1-LAF,10-Q,20210331,Y
1449349,RDGL,VIVOS INC,3841,4-NON,10-Q,20210331,Y
1449488,,CSI COMPRESSCO LP,1389,4-NON,10-Q,20210331,N
1449792,PPSI,"PIONEER POWER SOLUTIONS, INC.",3612,4-NON,10-Q,20210331,Y
1449794,EMYB,"EMBASSY BANCORP, INC.",6022,4-NON,10-Q,20210331,Y
1450335,,"COMMONWEALTH INCOME & GROWTH FUND VII, LP",7350,4-NON,10-K,20201231,N
1450922,SIVR,ABERDEEN STANDARD SILVER ETF TRUST,6221,2-ACC,10-Q,20210331,Y
1450923,SGOL,ABERDEEN STANDARD GOLD ETF TRUST,6221,1-LAF,10-Q,20210331,Y
1451448,GMBL,"ESPORTS ENTERTAINMENT GROUP, INC.",7900,4-NON,10-Q,20210331,Y
1451505,RIG,TRANSOCEAN LTD.,1381,1-LAF,10-Q,20210331,Y
1451512,,TERRA TECH CORP.,3510,4-NON,10-Q,20210331,N
1451809,SITM,SITIME CORP,3674,4-NON,10-Q,20210331,Y
1452477,SEVN,RMR MORTGAGE TRUST,6798,4-NON,10-Q,20210331,Y
1452857,,STEEL PARTNERS HOLDINGS L.P.,3390,4-NON,10-K,20201231,N
1452936,,"PACIFIC OAK STRATEGIC OPPORTUNITY REIT, INC.",6798,4-NON,10-Q,20210331,N
1453593,XTNT,"XTANT MEDICAL HOLDINGS, INC.",2836,4-NON,10-Q,20210331,Y
1453687,RNAC,SELECTA BIOSCIENCES INC,2834,4-NON,10-Q,20210331,Y
1454742,GMER,"GOOD GAMING, INC.",7374,4-NON,10-K,20201231,Y
1454789,,CATABASIS PHARMACEUTICALS INC,2834,4-NON,10-Q,20210331,N
1455684,,"TPI COMPOSITES, INC",3510,1-LAF,10-Q,20210331,N
1455741,,"RIDGEWOOD ENERGY X FUND, LLC",1382,4-NON,10-Q,20210331,N
1455863,COLD,AMERICOLD REALTY TRUST,6798,1-LAF,10-Q,20210331,Y
1456189,LEAT,LEATT CORP,3751,4-NON,10-Q,20210331,Y
1456772,OPI,OFFICE PROPERTIES INCOME TRUST,6500,1-LAF,10-Q,20210331,Y
1456802,,CENTURY COBALT CORP.,6500,4-NON,10-K,20191130,N
1456857,,"MJ HOLDINGS, INC.",7389,4-NON,10-K,20201231,N
1457612,,"GENOCEA BIOSCIENCES, INC.",2836,4-NON,10-Q,20210331,N
1457919,,RIDGEWOOD ENERGY A-1 FUND LLC,1382,4-NON,10-Q,20210331,N
1458023,,"3D MAKERJET, INC.",8742,4-NON,10-Q,20210331,N
1458412,,"CROSSFIRST BANKSHARES, INC.",6022,2-ACC,10-Q,20210331,N
1458891,,NOBLE CORP,1381,2-ACC,10-Q,20210331,N
1459188,CHEV,"FUEL DOCTOR HOLDINGS, INC.",5013,4-NON,10-Q,20210331,Y
1459200,ALRM,"ALARM.COM HOLDINGS, INC.",7372,1-LAF,10-Q,20210331,Y
1459417,,"2U, INC.",7372,1-LAF,10-Q,20210331,N
1459839,SIBN,"SI-BONE, INC.",3841,4-NON,10-Q,20210331,Y
1459862,PALL,ABERDEEN STANDARD PALLADIUM ETF TRUST,6221,2-ACC,10-Q,20210331,Y
1460235,PPLT,ABERDEEN STANDARD PLATINUM ETF TRUST,6221,1-LAF,10-Q,20210331,Y
1460329,FLNT,"FLUENT, INC.",7310,2-ACC,10-Q,20210331,Y
1460602,,ORGENESIS INC.,2834,4-NON,10-Q,20210331,N
1460702,AIXC,"QUALIGEN THERAPEUTICS, INC.",2834,4-NON,10-Q,20210331,Y
1461219,,GRAHAM ALTERNATIVE INVESTMENT FUND I LLC,6221,4-NON,10-Q,20210331,N
1461237,,GRAHAM ALTERNATIVE INVESTMENT FUND II LLC,6221,4-NON,10-Q,20210331,N
1461755,,"ATLANTIC CAPITAL BANCSHARES, INC.",6022,2-ACC,10-Q,20210331,N
1462103,,"MEWBOURNE ENERGY PARTNERS 09-A, L.P.",1311,4-NON,10-Q,20210331,N
1462120,LOB,"LIVE OAK BANCSHARES, INC.",6022,2-ACC,10-Q,20210331,Y
1462223,NIXX,"RECRUITER.COM GROUP, INC.",7371,4-NON,10-Q,20210331,Y
1462418,ASPS,ALTISOURCE PORTFOLIO SOLUTIONS S.A.,7380,2-ACC,10-Q,20210331,Y
1463101,ENPH,"ENPHASE ENERGY, INC.",3674,1-LAF,10-Q,20210331,Y
1463172,,"ZENDESK, INC.",7374,1-LAF,10-Q,20210331,N
1463208,TLSS,"TRANSPORTATION & LOGISTICS SYSTEMS, INC.",4700,4-NON,10-Q,20210331,Y
1463258,,"RENEWABLE ENERGY GROUP, INC.",2860,1-LAF,10-Q,20210331,N
1463361,,"UNITY BIOTECHNOLOGY, INC.",2834,4-NON,10-Q,20210331,N
1463389,,"ATEL 14, LLC",7359,4-NON,10-Q,20210331,N
1463833,,"IDW MEDIA HOLDINGS, INC.",7310,4-NON,10-Q,20210430,N
1463913,,US ALLIANCE CORP,6311,4-NON,10-Q,20210331,N
1463972,VUZI,VUZIX CORP,3663,4-NON,10-Q,20210331,Y
1464343,ATLCP,ATLANTICUS HOLDINGS CORP,6141,4-NON,10-Q,20210331,Y
1464423,PMT,PENNYMAC MORTGAGE INVESTMENT TRUST,6798,1-LAF,10-Q,20210331,Y
1464790,RILY,"B. RILEY FINANCIAL, INC.",7389,2-ACC,10-Q,20210331,Y
1464865,ASII,"GOOD HEMP, INC.",2080,4-NON,10-K,20201231,Y
1465128,STWD,"STARWOOD PROPERTY TRUST, INC.",6798,1-LAF,10-Q,20210331,Y
1465470,SHMP,NATURALSHRIMP INC,0900,4-NON,10-K,20210331,Y
1465740,TWO,TWO HARBORS INVESTMENT CORP.,6798,1-LAF,10-Q,20210331,Y
1465872,,VANTAGE DRILLING INTERNATIONAL,1381,4-NON,10-Q,20210331,N
1465885,,WESTERN ASSET MORTGAGE CAPITAL CORP,6798,2-ACC,10-Q,20210331,N
1466026,MSBI,"MIDLAND STATES BANCORP, INC.",6022,2-ACC,10-Q,20210331,Y
1466085,IRT,"INDEPENDENCE REALTY TRUST, INC.",6798,1-LAF,10-Q,20210331,Y
1466258,TT,TRANE TECHNOLOGIES PLC,3822,1-LAF,10-Q,20210331,Y
1466301,,"CLOVIS ONCOLOGY, INC.",2834,1-LAF,10-Q,20210331,N
1466538,,COWEN INC.,6211,2-ACC,10-Q,20210331,N
1466593,OTTR,OTTER TAIL CORP,4911,1-LAF,10-Q,20210331,Y
1467154,,"NOVAN, INC.",2834,4-NON,10-Q,20210331,N
1467373,ACN,ACCENTURE PLC,7389,1-LAF,10-Q,20210531,Y
1467623,DBX,"DROPBOX, INC.",7372,1-LAF,10-Q,20210331,Y
1467760,ARI,"APOLLO COMMERCIAL REAL ESTATE FINANCE, INC.",6798,1-LAF,10-Q,20210331,Y
1467761,FIEE,"ZOOM TELEPHONICS, INC.",3661,4-NON,10-K,20201231,Y
1467858,GM,GENERAL MOTORS CO,3711,1-LAF,10-Q,20210331,Y
1468174,H,HYATT HOTELS CORP,7011,1-LAF,10-Q,20210331,Y
1468328,ADUS,ADDUS HOMECARE CORP,8082,1-LAF,10-Q,20210331,Y
1468666,,SECUREWORKS CORP,7372,2-ACC,10-Q,20210430,N
1468679,,AMERICAN CRYOSTEM CORP,8090,4-NON,10-Q,20210331,N
1468748,KOD,KODIAK SCIENCES INC.,2836,1-LAF,10-Q,20210331,Y
1468910,,MILLBURN MULTI-MARKETS FUND L.P.,6221,4-NON,10-Q,20210331,N
1468929,NXGL,"NEXGEL, INC.",3841,4-NON,10-Q,20210331,Y
1469038,,AFF HOLDING GROUP INC.,4813,4-NON,10-K,20201231,N
1469317,,"ALTEGRIS QIM FUTURES FUND, L.P.",6221,4-NON,10-Q,20210331,N
1469367,RUN,SUNRUN INC.,3430,1-LAF,10-Q,20210331,Y
1469372,,MSG NETWORKS INC.,4841,1-LAF,10-Q,20210331,N
1469395,PAM,PAMPA ENERGY INC.,4911,1-LAF,20-F,20201231,Y
1469443,RKDA,"ARCADIA BIOSCIENCES, INC.",0100,4-NON,10-Q,20210331,Y
1470205,,"COUNTY BANCORP, INC.",6022,4-NON,10-Q,20210331,N
1470683,AEHL,ANTELOPE ENTERPRISE HOLDINGS LTD,3250,4-NON,20-F,20201231,Y
1471265,NWBI,"NORTHWEST BANCSHARES, INC.",6021,1-LAF,10-Q,20210331,Y
1471727,SRXH,BETTER CHOICE CO INC.,2080,4-NON,10-Q,20210331,Y
1471781,GTCH,GBT TECHNOLOGIES INC.,8742,4-NON,10-Q,20210331,Y
1471824,CANE,TEUCRIUM COMMODITY TRUST,6221,4-NON,10-Q,20210331,Y
1472012,IMNM,IMMUNOME INC.,2834,4-NON,10-Q,20210331,Y
1472091,PDSB,PDS BIOTECHNOLOGY CORP,2834,4-NON,10-Q,20210331,Y
1472494,BNO,"UNITED STATES BRENT OIL FUND, LP",6221,2-ACC,10-Q,20210331,Y
1472595,,R1 RCM INC.,8741,1-LAF,10-Q,20210331,N
1472619,,LONCOR RESOURCES INC.,1040,4-NON,20-F,20201231,N
1472787,FAF,FIRST AMERICAN FINANCIAL CORP,6361,1-LAF,10-Q,20210331,Y
1473334,XMAX,"NOVA LIFESTYLE, INC.",2510,4-NON,10-Q,20210331,Y
1473490,GLAI,"WALL STREET MEDIA CO, INC.",5960,4-NON,10-Q,20210331,Y
1473579,,"BOSTON THERAPEUTICS, INC.",2834,4-NON,10-K,20201231,N
1473844,,"CBTX, INC.",6021,2-ACC,10-Q,20210331,N
1474098,PEB,PEBBLEBROOK HOTEL TRUST,6798,1-LAF,10-Q,20210331,Y
1474167,COSM,COSMOS HOLDINGS INC.,5122,4-NON,10-K,20201231,Y
1474432,P,"PURE STORAGE, INC.",3572,1-LAF,10-Q,20210430,Y
1474464,,NEW YORK REIT LIQUIDATING LLC,6798,2-ACC,10-Q,20210331,N
1474735,GNRC,GENERAC HOLDINGS INC.,3621,1-LAF,10-Q,20210331,Y
1474903,BGSF,"BGSF, INC.",7363,2-ACC,10-Q,20210331,Y
1475115,,"EVENTBRITE, INC.",7370,1-LAF,10-Q,20210331,N
1475348,,LUTHER BURBANK CORP,6022,2-ACC,10-Q,20210331,N
1475430,,JOSHUA GOLD RESOURCES INC,1040,4-NON,10-K,20201231,N
1475841,NBHC,NATIONAL BANK HOLDINGS CORP,6021,1-LAF,10-Q,20210331,Y
1475922,PRI,"PRIMERICA, INC.",6311,1-LAF,10-Q,20210331,Y
1476034,MCB,METROPOLITAN BANK HOLDING CORP.,6022,2-ACC,10-Q,20210331,Y
1476045,CLDT,CHATHAM LODGING TRUST,6798,2-ACC,10-Q,20210331,Y
1476150,TRNO,TERRENO REALTY CORP,6500,1-LAF,10-Q,20210331,Y
1476204,PECO,"PHILLIPS EDISON & COMPANY, INC.",6798,4-NON,10-Q,20210331,Y
1476963,,"HEAT BIOLOGICS, INC.",2834,4-NON,10-Q,20210331,N
1477009,CANN,GENERAL CANNABIS CORP,7381,4-NON,10-K,20201231,Y
1477246,,S&W SEED CO,0100,4-NON,10-Q,20210331,N
1477294,ST,SENSATA TECHNOLOGIES HOLDING PLC,3823,1-LAF,10-Q,20210331,Y
1477333,NET,"CLOUDFLARE, INC.",7372,1-LAF,10-Q,20210331,Y
1477449,TDOC,"TELADOC HEALTH, INC.",8011,1-LAF,10-Q,20210331,Y
1477641,DQ,DAQO NEW ENERGY CORP.,3674,2-ACC,20-F,20201231,Y
1477720,ASAN,"ASANA, INC.",7372,4-NON,10-Q,20210430,Y
1477845,ANVS,"ANNOVIS BIO, INC.",2834,4-NON,10-Q,20210331,Y
1478069,,CONTRAFECT CORP,2834,4-NON,10-Q,20210331,N
1478242,IQV,IQVIA HOLDINGS INC.,8731,1-LAF,10-Q,20210331,Y
1478320,ADPT,ADAPTIVE BIOTECHNOLOGIES CORP,2836,1-LAF,10-Q,20210331,Y
1478454,EBMT,"EAGLE BANCORP MONTANA, INC.",6022,4-NON,10-Q,20210331,Y
1479094,STAG,"STAG INDUSTRIAL, INC.",6798,1-LAF,10-Q,20210331,Y
1479247,USCI,UNITED STATES COMMODITY INDEX FUNDS TRUST,6221,2-ACC,10-Q,20210331,Y
1479290,,"REVANCE THERAPEUTICS, INC.",2834,1-LAF,10-Q,20210331,N
1479419,KALA,"KALA PHARMACEUTICALS, INC.",2834,4-NON,10-Q,20210331,Y
1479681,NUTX,"CLINIGENCE HOLDINGS, INC.",7389,4-NON,10-K,20201231,Y
1479915,,CQENS TECHNOLOGIES INC.,2834,4-NON,10-K,20201231,N
1481028,HYSR,"SUNHYDROGEN, INC.",3674,4-NON,10-Q,20210331,Y
1481443,TCRI,"TECHCOM, INC.",6770,4-NON,10-Q,20210331,Y
1481504,XERI,"XERIANT, INC.",3721,4-NON,10-Q,20210331,Y
1481513,JKS,"JINKOSOLAR HOLDING CO., LTD.",3674,1-LAF,20-F,20201231,Y
1481582,RYZ,RYERSON HOLDING CORP,5051,2-ACC,10-Q,20210331,Y
1481646,,"ACCOLADE, INC.",7389,4-NON,10-K,20210228,N
1481792,QUAD,"QUAD/GRAPHICS, INC.",2750,2-ACC,10-Q,20210331,Y
1481832,,PREFERRED APARTMENT COMMUNITIES INC,6798,2-ACC,10-Q,20210331,N
1482430,KBSR,"KBS REAL ESTATE INVESTMENT TRUST III, INC.",6798,4-NON,10-Q,20210331,Y
1482512,HPP,"HUDSON PACIFIC PROPERTIES, INC.",6500,1-LAF,10-Q,20210331,Y
1482541,BNC,SURNA INC.,0700,4-NON,10-Q,20210331,Y
1482554,HFUS,HARTFORD GREAT HEALTH CORP.,7374,4-NON,10-Q,20210430,Y
1483386,GLTR,ABERDEEN STANDARD PRECIOUS METALS BASKET ETF TRUST,6221,2-ACC,10-Q,20210331,Y
1483510,,"EXPRESS, INC.",5600,2-ACC,10-Q,20210430,N
1483646,,"BLACKSTAR ENTERPRISE GROUP, INC.",6153,4-NON,10-K,20201231,N
1483994,HTHT,HUAZHU GROUP LTD,7011,1-LAF,20-F,20201231,Y
1484565,,SOLENO THERAPEUTICS INC,3845,4-NON,10-Q,20210331,N
1484612,OM,"OUTSET MEDICAL, INC.",3845,4-NON,10-Q,20210331,Y
1484769,FUBO,FUBOTV INC. /FL,7812,4-NON,10-Q,20210331,Y
1484778,TDUP,THREDUP INC.,5961,4-NON,10-Q,20210331,Y
1485003,,"SESEN BIO, INC.",2834,4-NON,10-Q,20210331,N
1485029,,"NEW ASIA HOLDINGS, INC.",3949,4-NON,10-K,20201231,N
1485074,,"FREEZE TAG, INC.",7372,4-NON,10-Q,20210331,N
1485538,,OSSEN INNOVATION CO. LTD.,3312,4-NON,20-F,20201231,N
1486159,CHRD,OASIS PETROLEUM INC.,1311,2-ACC,10-Q,20210331,Y
1486957,BWXT,"BWX TECHNOLOGIES, INC.",3510,1-LAF,10-Q,20210331,Y
1487197,BRFH,BARFRESH FOOD GROUP INC.,2030,4-NON,10-K,20201231,Y
1487712,,AIR LEASE CORP,7359,1-LAF,10-Q,20210331,N
1487718,BLTH,"BOXSCORE BRANDS, INC.",5960,4-NON,10-K,20191231,Y
1487839,,LUOKUNG TECHNOLOGY CORP.,7371,4-NON,20-F,20201231,N
1487931,,FISION CORP,7374,4-NON,10-K,20201231,N
1487952,VPG,"VISHAY PRECISION GROUP, INC.",3670,2-ACC,10-Q,20210331,Y
1488039,ATOS,"ATOSSA THERAPEUTICS, INC.",2834,4-NON,10-Q,20210331,Y
1488139,AMRC,"AMERESCO, INC.",1700,2-ACC,10-Q,20210331,Y
1488419,,"SINO AGRO FOOD, INC.",0900,4-NON,10-K,20201231,N
1488813,CUBI,"CUSTOMERS BANCORP, INC.",6022,2-ACC,10-Q,20210331,Y
1488917,ELMD,"ELECTROMED, INC.",3845,4-NON,10-Q,20210331,Y
1489096,,"THERMON GROUP HOLDINGS, INC.",3620,2-ACC,10-K,20210331,N
1489300,ZLME,ODENZA CORP.,1000,4-NON,10-Q,20200430,Y
1489393,LYB,LYONDELLBASELL INDUSTRIES N.V.,2860,1-LAF,10-Q,20210331,Y
1489588,,"HOME BISTRO, INC. /NV/",5960,4-NON,10-Q,20210331,N
1489874,GGROU,GOLDEN GROWERS COOPERATIVE,0700,4-NON,10-Q,20210331,Y
1490161,SOWG,SOW GOOD INC.,1311,4-NON,10-Q,20210331,Y
1490281,GRPN,"GROUPON, INC.",7311,2-ACC,10-Q,20210331,Y
1490892,,CORESITE REALTY CORP,6798,1-LAF,10-Q,20210331,N
1490906,CFFN,"CAPITOL FEDERAL FINANCIAL, INC.",6035,1-LAF,10-Q,20210331,Y
1490978,SDGR,"SCHRODINGER, INC.",2834,4-NON,10-Q,20210331,Y
1491262,,"MEWBOURNE ENERGY PARTNERS 10-A, L.P.",1381,4-NON,10-Q,20210331,N
1491487,,"TAKUNG ART CO., LTD.",5990,4-NON,10-Q,20210331,N
1491829,,ALPHA NETWORK ALLIANCE VENTURES INC.,6770,4-NON,10-K,20191231,N
1492091,,AUSCRETE CORP,3272,4-NON,10-Q,20210331,N
1492298,SBRA,"SABRA HEALTH CARE REIT, INC.",6798,1-LAF,10-Q,20210331,Y
1492422,,"APELLIS PHARMACEUTICALS, INC.",2834,1-LAF,10-Q,20210331,N
1492426,,HORIZON THERAPEUTICS PUBLIC LTD CO,2834,1-LAF,10-Q,20210331,N
1492617,FWFW,"PAN GLOBAL, CORP.",7380,4-NON,10-Q,20201231,Y
1492633,,NIELSEN HOLDINGS PLC,7389,1-LAF,10-Q,20210331,N
1492674,,"T2 BIOSYSTEMS, INC.",3841,4-NON,10-Q,20210331,N
1492691,KNX,KNIGHT-SWIFT TRANSPORTATION HOLDINGS INC.,4213,1-LAF,10-Q,20210331,Y
1492915,,STANDARD AVB FINANCIAL CORP.,6022,4-NON,10-Q,20210331,N
1493137,LCTC,"LIFELOC TECHNOLOGIES, INC",3826,4-NON,10-Q,20210331,Y
1493225,,"NORTHFIELD BANCORP, INC.",6035,2-ACC,10-Q,20210331,N
1493566,,"OTONOMY, INC.",2834,4-NON,10-Q,20210331,N
1493594,MTSI,"MACOM TECHNOLOGY SOLUTIONS HOLDINGS, INC.",3674,1-LAF,10-Q,20210331,Y
1493712,STME,CELL MEDX CORP.,5900,4-NON,10-Q,20210228,Y
1493761,TBCH,TURTLE BEACH CORP,3669,2-ACC,10-Q,20210331,Y
1494259,CARG,"CARGURUS, INC.",7374,1-LAF,10-Q,20210331,Y
1494319,,UNIVAR SOLUTIONS INC.,5160,1-LAF,10-Q,20210331,N
1494413,TWOH,TWO HANDS CORP,7389,4-NON,10-Q,20210331,Y
1494558,AMBO,AMBOW EDUCATION HOLDING LTD.,8200,4-NON,20-F,20201231,Y
1494582,BOC,BOSTON OMAHA CORP,6510,4-NON,10-Q,20210331,Y
1494650,,"OPTINOSE, INC.",2834,4-NON,10-Q,20210331,N
1494891,SRTS,"SENSUS HEALTHCARE, INC.",3841,4-NON,10-Q,20210331,Y
1494904,GBLI,"GLOBAL INDEMNITY GROUP, LLC",6331,2-ACC,10-Q,20210331,Y
1495231,IZEA,"IZEA WORLDWIDE, INC.",7310,4-NON,10-Q,20210331,Y
1495240,LAND,GLADSTONE LAND CORP,6798,4-NON,10-Q,20210331,Y
1495320,VRA,"VERA BRADLEY, INC.",3100,2-ACC,10-Q,20210430,Y
1495932,AGNT,"EXP WORLD HOLDINGS, INC.",6531,2-ACC,10-Q,20210331,Y
1496048,,BROOKFIELD PROPERTY REIT INC.,6798,1-LAF,10-Q,20210331,N
1496323,,"IGM BIOSCIENCES, INC.",2834,4-NON,10-Q,20210331,N
1496443,PAYS,"PAYSIGN, INC.",7389,4-NON,10-Q,20210331,Y
1496454,,"CNL HEALTHCARE PROPERTIES, INC.",6798,4-NON,10-Q,20210331,N
1496671,,"CALITHERA BIOSCIENCES, INC.",2834,4-NON,10-Q,20210331,N
1496690,BCRD,"BLUEONE CARD, INC.",7389,4-NON,10-K,20210331,Y
1497253,VIVS,"ORGANOVO HOLDINGS, INC.",2836,4-NON,10-K,20210331,Y
1497504,,PLX PHARMA INC.,2834,4-NON,10-Q,20210331,N
1497645,INN,"SUMMIT HOTEL PROPERTIES, INC.",6798,1-LAF,10-Q,20210331,Y
1497649,GSTX,GRAPHENE & SOLAR TECHNOLOGIES LTD,1000,4-NON,10-Q,20210331,Y
1497770,WD,"WALKER & DUNLOP, INC.",6199,1-LAF,10-Q,20210331,Y
1498067,CTGL,"CITRINE GLOBAL, CORP.",7372,4-NON,10-K,20201231,Y
1498291,,"DANIELS CORPORATE ADVISORY COMPANY, INC.",8742,4-NON,10-Q,20210228,N
1498382,HURA,"KINTARA THERAPEUTICS, INC.",2834,4-NON,10-Q,20210331,Y
1498542,,"CIM INCOME NAV, INC.",6798,4-NON,10-Q,20210331,N
1498547,CMRF,"CIM REAL ESTATE FINANCE TRUST, INC.",6798,4-NON,10-Q,20210331,Y
1498576,,CHINACACHE INTERNATIONAL HOLDINGS LTD.,7374,4-NON,20-F,20201231,N
1498710,,"SPIRIT AIRLINES, INC.",4512,1-LAF,10-Q,20210331,N
1498828,,HOWARD HUGHES CORP,6798,1-LAF,10-Q,20210331,N
1499200,,"SABINE PASS LIQUEFACTION, LLC",4924,4-NON,10-Q,20210331,N
1499422,RBB,RBB BANCORP,6022,2-ACC,10-Q,20210331,Y
1499453,,"SPIRIT OF TEXAS BANCSHARES, INC.",6022,2-ACC,10-Q,20210331,N
1499494,DXF,DUNXIN FINANCIAL HOLDINGS LTD,6199,4-NON,20-F,20201231,Y
1499505,AGRO,ADECOAGRO S.A.,0100,2-ACC,20-F,20201231,Y
1499543,NOAH,NOAH HOLDINGS LTD,6282,1-LAF,20-F,20201231,Y
1499620,TAL,TAL EDUCATION GROUP,8200,1-LAF,20-F,20210228,Y
1499717,,"STAFFING 360 SOLUTIONS, INC.",7363,4-NON,10-K,20201231,N
1499785,,TENGJUN BIOTECHNOLOGY CORP.,4832,4-NON,10-Q,20210331,N
1499832,TSQ,"TOWNSQUARE MEDIA, INC.",4832,2-ACC,10-Q,20210331,Y
1499961,BINI,"NET ELEMENT, INC.",7374,4-NON,10-Q,20210331,Y
1500123,,ITEM 9 LABS CORP.,3843,4-NON,10-Q,20210331,N
1500198,NMTC,NEUROONE MEDICAL TECHNOLOGIES CORP,3841,4-NON,10-Q,20210331,Y
1500217,AAT,"AMERICAN ASSETS TRUST, INC.",6798,1-LAF,10-Q,20210331,Y
1500375,HFBL,"HOME FEDERAL BANCORP, INC. OF LOUISIANA",6035,4-NON,10-Q,20210331,Y
1500435,GPRO,"GOPRO, INC.",3861,1-LAF,10-Q,20210331,Y
1501078,,OCONEE FEDERAL FINANCIAL CORP.,6035,4-NON,10-Q,20210331,N
1501134,,INVITAE CORP,8071,1-LAF,10-Q,20210331,N
1501570,,"VERITEX HOLDINGS, INC.",6022,1-LAF,10-Q,20210331,N
1501585,HII,"HUNTINGTON INGALLS INDUSTRIES, INC.",3730,1-LAF,10-Q,20210331,Y
1501697,XFOR,"X4 PHARMACEUTICALS, INC",2836,4-NON,10-Q,20210331,Y
1501756,,"ADVERUM BIOTECHNOLOGIES, INC.",2836,1-LAF,10-Q,20210331,N
1501862,,"EMPIRE GLOBAL GAMING, INC.",3944,4-NON,10-K,20201231,N
1501989,CTMX,"CYTOMX THERAPEUTICS, INC.",2834,2-ACC,10-Q,20210331,Y
1502152,,"ANGIOSOMA, INC.",2834,4-NON,10-Q,20210331,N
1502292,PRHI,"CONIFER HOLDINGS, INC.",6331,4-NON,10-Q,20210331,Y
1502377,CTGO,"CONTANGO ORE, INC.",1040,4-NON,10-Q,20210331,Y
1502557,KPEA,"CX NETWORK GROUP, INC.",8200,4-NON,10-Q,20210331,Y
1502966,FUNI,"DIGIPATH, INC.",8742,4-NON,10-Q,20210331,Y
1503274,QTRX,QUANTERIX CORP,3826,4-NON,10-Q,20210331,Y
1503658,WNHK,LIQUIDVALUE DEVELOPMENT INC.,6500,4-NON,10-Q,20210331,Y
1503707,,"NORTHSTAR HEALTHCARE INCOME, INC.",6798,4-NON,10-Q,20210331,N
1503802,KPTI,KARYOPHARM THERAPEUTICS INC.,2834,1-LAF,10-Q,20210331,Y
1504008,BKU,"BANKUNITED, INC.",6035,1-LAF,10-Q,20210331,Y
1504167,,"TIMBER PHARMACEUTICALS, INC.",2834,4-NON,10-Q,20210331,N
1504461,NGL,NGL ENERGY PARTNERS LP,5172,2-ACC,10-K,20210331,Y
1504678,LOOP,"LOOP INDUSTRIES, INC.",2800,4-NON,10-K,20210228,Y
1504764,AVAL,GRUPO AVAL ACCIONES Y VALORES S.A.,6029,1-LAF,20-F,20201231,Y
1505065,BWAY,BRAINSWAY LTD.,3841,4-NON,20-F,20201231,Y
1505155,UPLD,"UPLAND SOFTWARE, INC.",7372,1-LAF,10-Q,20210331,Y
1505497,BRTX,"BIORESTORATIVE THERAPIES, INC.",8090,4-NON,10-Q,20200630,Y
1505512,,REGULUS THERAPEUTICS INC.,2834,4-NON,10-Q,20210331,N
1505611,,"DECISIONPOINT SYSTEMS, INC.",7370,4-NON,10-Q,20210331,N
1505732,BWFG,"BANKWELL FINANCIAL GROUP, INC.",6022,4-NON,10-Q,20210331,Y
1505952,DOMO,"DOMO, INC.",7372,1-LAF,10-K,20210131,Y
1506042,,NAVIOS SOUTH AMERICAN LOGISTICS INC.,4731,4-NON,20-F,20201231,N
1506251,CTXR,"CITIUS PHARMACEUTICALS, INC.",2834,4-NON,10-Q,20210331,Y
1506293,PINS,"PINTEREST, INC.",7370,1-LAF,10-Q,20210331,Y
1506307,KMI,"KINDER MORGAN, INC.",4922,1-LAF,10-Q,20210331,Y
1506439,,"SHARPSPRING, INC.",7372,4-NON,10-Q,20210331,N
1506492,NUWE,"NUWELLIS, INC.",3845,4-NON,10-Q,20210331,Y
1506756,,CHINA ZENIX AUTO INTERNATIONAL LTD,3714,4-NON,20-F,20201231,N
1506928,,AVINGER INC,3841,4-NON,10-Q,20210331,N
1506983,GCTK,"INTEGRITY APPLICATIONS, INC.",3841,4-NON,10-K,20201231,Y
1507079,FND,"FLOOR & DECOR HOLDINGS, INC.",5211,1-LAF,10-Q,20210331,Y
1507385,,"VEREIT, INC.",6798,1-LAF,10-Q,20210331,N
1507957,IPWR,IDEAL POWER INC.,3620,4-NON,10-Q,20210331,Y
1507964,,CORVUS GOLD INC.,1040,4-NON,10-Q,20210228,N
1508348,,"AMERICANN, INC.",8742,4-NON,10-Q,20210331,N
1508381,,BIONIK LABORATORIES CORP.,3842,4-NON,10-K,20210331,N
1508475,VNET,"21VIANET GROUP, INC.",7370,1-LAF,20-F,20201231,Y
1508478,ARCO,ARCOS DORADOS HOLDINGS INC.,5812,2-ACC,20-F,20201231,Y
1509223,,RENREN INC.,5500,4-NON,20-F,20201231,N
1509261,RZLT,"REZOLUTE, INC.",2834,4-NON,10-Q,20210331,Y
1509589,,"BONANZA CREEK ENERGY, INC.",1311,2-ACC,10-Q,20210331,N
1509646,FENG,PHOENIX NEW MEDIA LTD,4833,4-NON,20-F,20201231,Y
1509745,CYPH,"LEAP THERAPEUTICS, INC.",2834,4-NON,10-Q,20210331,Y
1509786,,GUSKIN GOLD CORP.,1040,4-NON,10-Q,20210331,N
1509957,NASC,CAN B CORP,5122,4-NON,10-K,20201231,Y
1509991,KOS,KOSMOS ENERGY LTD.,1311,1-LAF,10-Q,20210331,Y
1510247,,"LGBTQ LOYALTY HOLDINGS, INC.",7374,4-NON,10-K,20201231,N
1510295,MPC,MARATHON PETROLEUM CORP,2911,1-LAF,10-Q,20210331,Y
1510518,,GENUFOOD ENERGY ENZYMES CORP.,2833,4-NON,10-Q,20210331,N
1510593,XNET,XUNLEI LTD,7372,2-ACC,20-F,20201231,Y
1510964,CVSI,"CV SCIENCES, INC.",2834,4-NON,10-Q,20210331,Y
1511337,RLJ,RLJ LODGING TRUST,6798,1-LAF,10-Q,20210331,Y
1511737,UI,UBIQUITI INC.,3663,1-LAF,10-Q,20210331,Y
1511820,STEK,GLOBE NET WIRELESS CORP.,7370,4-NON,10-Q,20210228,Y
1512228,NB,NIOCORP DEVELOPMENTS LTD,1000,4-NON,10-Q,20210331,Y
1512499,LIND,"LINDBLAD EXPEDITIONS HOLDINGS, INC.",4700,2-ACC,10-Q,20210331,Y
1512673,XYZ,"SQUARE, INC.",7372,1-LAF,10-Q,20210331,Y
1512762,CHRS,"COHERUS BIOSCIENCES, INC.",2836,1-LAF,10-Q,20210331,Y
1512886,NTRR,NEUTRA CORP.,2833,4-NON,10-Q,20210430,Y
1512922,PETV,"PETVIVO HOLDINGS, INC.",3841,4-NON,10-K,20210331,Y
1512927,,"CHINA UNITED INSURANCE SERVICE, INC.",6411,4-NON,10-Q,20210331,N
1513525,ADIL,"ADIAL PHARMACEUTICALS, INC.",2834,4-NON,10-Q,20210331,Y
1513761,NCLH,NORWEGIAN CRUISE LINE HOLDINGS LTD.,4400,1-LAF,10-Q,20210331,Y
1513818,,"ARAVIVE, INC.",2834,4-NON,10-Q,20210331,N
1513845,NBIS,YANDEX N.V.,7370,1-LAF,20-F,20201231,Y
1514056,,"TRAQIQ, INC.",7371,4-NON,10-Q,20210331,N
1514183,SILO,"SILO PHARMA, INC.",2300,4-NON,10-Q,20210331,Y
1514281,MITT,"AG MORTGAGE INVESTMENT TRUST, INC.",6798,2-ACC,10-Q,20210331,Y
1514416,BAND,BANDWIDTH INC.,7372,1-LAF,10-Q,20210331,Y
1514443,AGSS,"HEALTH REVENUE ASSURANCE HOLDINGS, INC.",6411,4-NON,10-K,20201231,Y
1514597,FURY,FURY GOLD MINES LTD,1040,,40-F,20201231,Y
1514705,SXC,"SUNCOKE ENERGY, INC.",3312,2-ACC,10-Q,20210331,Y
1514743,,"IF BANCORP, INC.",6035,4-NON,10-Q,20210331,N
1514991,AMCX,AMC NETWORKS INC.,4841,1-LAF,10-Q,20210331,Y
1515139,WAST,CURRENCYWORKS INC.,7389,4-NON,10-Q,20210331,Y
1515156,ARQ,"ADVANCED EMISSIONS SOLUTIONS, INC.",2890,4-NON,10-Q,20210331,Y
1515317,MAGE,MAGELLAN GOLD CORP,1000,4-NON,10-K,20201231,Y
1515673,RARE,ULTRAGENYX PHARMACEUTICAL INC.,2834,1-LAF,10-Q,20210331,Y
1515816,,"PLYMOUTH INDUSTRIAL REIT, INC.",6798,4-NON,10-Q,20210331,N
1516551,SKYE,"SKYE BIOSCIENCE, INC.",2834,4-NON,10-Q,20210331,Y
1516805,,"MOXIAN, INC.",7370,4-NON,10-Q,20210331,N
1516887,,"WELLNESS CENTER USA, INC.",2834,4-NON,10-Q,20201231,N
1516912,OBK,"ORIGIN BANCORP, INC.",6022,2-ACC,10-Q,20210331,Y
1517006,,"GATOS SILVER, INC.",1040,4-NON,10-Q,20210331,N
1517022,AKBA,"AKEBIA THERAPEUTICS, INC.",2834,1-LAF,10-Q,20210331,Y
1517175,CHEF,"CHEFS' WAREHOUSE, INC.",5141,2-ACC,10-Q,20210331,Y
1517228,VISN,"COMMSCOPE HOLDING COMPANY, INC.",3663,1-LAF,10-Q,20210331,Y
1517302,APAM,ARTISAN PARTNERS ASSET MANAGEMENT INC.,6282,1-LAF,10-Q,20210331,Y
1517375,SPT,"SPROUT SOCIAL, INC.",7372,2-ACC,10-Q,20210331,Y
1517389,JFIL,"JUBILANT FLAME INTERNATIONAL, LTD",7371,4-NON,10-K,20210228,Y
1517399,SUPV,GRUPO SUPERVIELLE S.A.,6029,2-ACC,20-F,20201231,Y
1517413,FSLY,"FASTLY, INC.",7372,1-LAF,10-Q,20210331,Y
1517496,SLAIY,BIT MINING LTD,7990,2-ACC,20-F,20201231,Y
1517498,,"MERION, INC.",5122,4-NON,10-Q,20210331,N
1517681,PPCB,"PROPANC BIOPHARMA, INC.",2834,4-NON,10-Q,20210331,Y
1518336,DREM,DREAM HOMES & DEVELOPMENT CORP.,8200,4-NON,10-Q,20210331,Y
1518461,AMPG,"AMPLITECH GROUP, INC.",3669,4-NON,10-Q,20210331,Y
1518621,ORC,"ORCHID ISLAND CAPITAL, INC.",6798,2-ACC,10-Q,20210331,Y
1518715,MCHB,"HOMESTREET, INC.",6022,2-ACC,10-Q,20210331,Y
1518720,,FORCE PROTECTION VIDEO EQUIPMENT CORP.,5990,4-NON,10-K,20201231,N
1519061,TSEOQ,TRINSEO S.A.,2821,1-LAF,10-Q,20210331,Y
1519117,,"ATEL 15, LLC",7359,4-NON,10-Q,20210331,N
1519177,,SOLLENSYS CORP.,7374,4-NON,10-Q,20210331,N
1519401,RM,REGIONAL MANAGEMENT CORP.,6141,2-ACC,10-Q,20210331,Y
1519751,FBIN,"FORTUNE BRANDS HOME & SECURITY, INC.",2430,1-LAF,10-Q,20210331,Y
1520006,MTDR,MATADOR RESOURCES CO,1311,1-LAF,10-Q,20210331,Y
1520118,MWAI,"INTEGRATED VENTURES, INC.",5900,4-NON,10-Q,20210331,Y
1520262,ALKS,ALKERMES PLC.,2834,1-LAF,10-Q,20210331,Y
1520358,MAMA,"MAMAMANCINI'S HOLDINGS, INC.",2013,4-NON,10-K,20210131,Y
1520504,VLRS,"CONTROLADORA VUELA COMPANIA DE AVIACION, S.A.B. DE C.V.",4512,1-LAF,20-F,20201231,Y
1520697,ACHC,"ACADIA HEALTHCARE COMPANY, INC.",8093,1-LAF,10-Q,20210331,Y
1521036,LNTH,"LANTHEUS HOLDINGS, INC.",2835,1-LAF,10-Q,20210331,Y
1521332,APTV,APTIV PLC,3714,1-LAF,10-Q,20210331,Y
1521951,FBIZ,"FIRST BUSINESS FINANCIAL SERVICES, INC.",6022,2-ACC,10-Q,20210331,Y
1522602,,"COHBAR, INC.",2834,4-NON,10-Q,20210331,N
1522727,USAC,"USA COMPRESSION PARTNERS, LP",4922,2-ACC,10-Q,20210331,Y
1522767,MRMD,MARIMED INC.,7374,4-NON,10-Q,20210331,Y
1522860,,"ACUTUS MEDICAL, INC.",3841,4-NON,10-Q,20210331,N
1523836,LITB,"LIGHTINTHEBOX HOLDING CO., LTD.",5961,4-NON,20-F,20201231,Y
1524025,TLYS,"TILLY'S, INC.",5600,2-ACC,10-K,20210131,Y
1524223,,"MANNING & NAPIER, INC.",6282,4-NON,10-Q,20210331,N
1524358,VAC,MARRIOTT VACATIONS WORLDWIDE CORP,6531,1-LAF,10-Q,20210331,Y
1524472,XYL,XYLEM INC.,3561,1-LAF,10-Q,20210331,Y
1524741,,"U.S. SILICA HOLDINGS, INC.",1400,2-ACC,10-Q,20210331,N
1524872,,THUNDER ENERGIES CORP,3559,4-NON,10-Q,20200930,N
1525221,VTOL,BRISTOW GROUP INC.,4522,2-ACC,10-K,20210331,Y
1525287,,SPRAGUE RESOURCES LP,5171,2-ACC,10-Q,20210331,N
1525306,FSTJ,FIRST AMERICA RESOURCES CORP,5065,4-NON,10-Q,20210331,Y
1525769,PLAY,"DAVE & BUSTER'S ENTERTAINMENT, INC.",5812,1-LAF,10-Q,20210430,Y
1525773,,INTELSAT S.A.,4899,4-NON,10-Q,20210331,N
1525852,,"BOTS, INC./PR",2111,4-NON,10-K,20200430,N
1526113,GNL,"GLOBAL NET LEASE, INC.",6798,1-LAF,10-Q,20210331,Y
1526119,VSTM,"VERASTEM, INC.",2834,4-NON,10-Q,20210331,Y
1526125,GDS,GDS HOLDINGS LTD,7370,1-LAF,20-F,20201231,Y
1526520,TRIP,"TRIPADVISOR, INC.",7370,1-LAF,10-Q,20210331,Y
1527102,,"GENERATION HEMP, INC.",7389,4-NON,10-Q,20210331,N
1527166,CG,CARLYLE GROUP INC.,6282,1-LAF,10-Q,20210331,Y
1527383,,BANKGUAM HOLDING CO,6029,4-NON,10-Q,20210331,N
1527469,ATH-PA,ATHENE HOLDING LTD,6311,1-LAF,10-Q,20210331,Y
1527508,,PACTIV EVERGREEN INC.,2673,4-NON,10-Q,20210331,N
1527541,WHLR,"WHEELER REAL ESTATE INVESTMENT TRUST, INC.",6798,4-NON,10-Q,20210331,Y
1527590,RC,READY CAPITAL CORP,6798,2-ACC,10-Q,20210331,Y
1527599,SYBX,"SYNLOGIC, INC.",2834,4-NON,10-Q,20210331,Y
1527613,CIMG,"NUZEE, INC.",5900,4-NON,10-Q,20210331,Y
1527702,IQST,IQSTEL INC,4813,4-NON,10-K,20201231,Y
1527728,LNAI,ENOCHIAN BIOSCIENCES INC,2834,4-NON,10-Q,20210331,Y
1527753,PSNL,"PERSONALIS, INC.",8071,4-NON,10-Q,20210331,Y
1527762,CD,MERCURITY FINTECH HOLDING INC.,7374,4-NON,20-F,20201231,Y
1528115,ANNX,"ANNEXON, INC.",2834,4-NON,10-Q,20210331,Y
1528129,,"LAREDO PETROLEUM, INC.",1311,2-ACC,10-Q,20210331,N
1528172,ENDV,"ENDONOVO THERAPEUTICS, INC.",2834,4-NON,10-K,20201231,Y
1528287,NPCE,NEUROPACE INC,3841,4-NON,10-Q,20210331,Y
1528308,,"IONIX TECHNOLOGY, INC.",3679,4-NON,10-Q,20210331,N
1528356,GNE,GENIE ENERGY LTD.,4931,2-ACC,10-Q,20210331,Y
1528396,GWRE,"GUIDEWIRE SOFTWARE, INC.",7372,1-LAF,10-Q,20210430,Y
1528760,,"EXEO ENTERTAINMENT, INC.",3570,4-NON,10-Q,20210228,N
1528849,RH,RH,5712,1-LAF,10-Q,20210430,Y
1528930,,"FRANCHISE GROUP, INC.",6794,2-ACC,10-Q,20210331,N
1528985,INRE,"INLAND REAL ESTATE INCOME TRUST, INC.",6798,4-NON,10-Q,20210331,Y
1529113,XTIA,INPIXON,7371,4-NON,10-Q,20210331,Y
1529192,VIPS,VIPSHOP HOLDINGS LTD,5961,1-LAF,20-F,20201231,Y
1529274,ALKT,"ALKAMI TECHNOLOGY, INC.",7372,4-NON,10-Q,20210331,Y
1529377,ACRE,ARES COMMERCIAL REAL ESTATE CORP,6798,2-ACC,10-Q,20210331,Y
1529463,,"FTS INTERNATIONAL, INC.",1389,4-NON,10-Q,20210331,N
1529628,SND,"SMART SAND, INC.",1400,4-NON,10-Q,20210331,Y
1529864,ENVA,"ENOVA INTERNATIONAL, INC.",6141,2-ACC,10-Q,20210331,Y
1530163,,"SAMSARA LUGGAGE, INC.",5990,4-NON,10-Q,20210331,N
1530238,JOYY,JOYY INC.,7374,1-LAF,20-F,20201231,Y
1530249,FSBW,"FS BANCORP, INC.",6036,2-ACC,10-Q,20210331,Y
1530721,CPRI,CAPRI HOLDINGS LTD,3100,1-LAF,10-K,20210331,Y
1530746,KAYS,"KAYA HOLDINGS, INC.",2834,4-NON,10-Q,20210331,Y
1530766,STEX,"BIOSIG TECHNOLOGIES, INC.",3845,4-NON,10-Q,20210331,Y
1530804,TROX,TRONOX HOLDINGS PLC,2810,1-LAF,10-Q,20210331,Y
1530950,POST,"POST HOLDINGS, INC.",2040,1-LAF,10-Q,20210331,Y
1530979,HNST,"HONEST COMPANY, INC.",5961,4-NON,10-Q,20210331,Y
1531031,ESQ,"ESQUIRE FINANCIAL HOLDINGS, INC.",6029,4-NON,10-Q,20210331,Y
1531048,,"INARI MEDICAL, INC.",3841,4-NON,10-Q,20210331,N
1531152,BJ,"BJ'S WHOLESALE CLUB HOLDINGS, INC.",5331,1-LAF,10-Q,20210430,Y
1532286,NINE,"NINE ENERGY SERVICE, INC.",1389,4-NON,10-Q,20210331,Y
1532346,,"ATRECA, INC.",2834,4-NON,10-Q,20210331,N
1532383,VNJA,VANJIA CORP,1531,4-NON,10-Q,20210331,Y
1532619,PW,POWER REIT,6798,4-NON,10-Q,20210331,Y
1532961,,"NV5 GLOBAL, INC.",7380,2-ACC,10-Q,20210331,N
1533030,,ANDINA GOLD CORP.,3420,4-NON,10-Q,20210331,N
1533040,PHIO,PHIO PHARMACEUTICALS CORP.,2834,4-NON,10-Q,20210331,Y
1533615,XRN,GLOBAL MEDICAL REIT INC.,6798,4-NON,10-Q,20210331,Y
1533743,PCSA,"PROCESSA PHARMACEUTICALS, INC.",2834,4-NON,10-Q,20210331,Y
1533758,,HUGHES SATELLITE SYSTEMS CORP,4899,4-NON,10-Q,20210331,N
1533924,AMPY,AMPLIFY ENERGY CORP.,1311,4-NON,10-Q,20210331,Y
1533998,DRIO,DARIOHEALTH CORP.,3841,4-NON,10-Q,20210331,Y
1534120,AVTX,CERECOR INC.,2834,4-NON,10-Q,20210331,Y
1534133,CALC,"GRAYBUG VISION, INC.",2834,4-NON,10-Q,20210331,Y
1534154,AUID,IPSIDY INC.,7372,4-NON,10-Q,20210331,Y
1534155,,"AMERI METRO, INC. (FORMERLY YELLOWWOOD)",1600,4-NON,10-Q,20210430,N
1534248,CMMB,CHEMOMAB THERAPEUTICS LTD.,2834,4-NON,10-Q,20210331,Y
1534504,PBF,PBF ENERGY INC.,2911,1-LAF,10-Q,20210331,Y
1534525,XBIO,"XENETIC BIOSCIENCES, INC.",2834,4-NON,10-Q,20210331,Y
1534675,TGLS,TECNOGLASS INC.,3211,2-ACC,10-Q,20210331,Y
1534701,PSX,PHILLIPS 66,2911,1-LAF,10-Q,20210331,Y
1534708,BLNE,"EASTSIDE DISTILLING, INC.",2080,4-NON,10-Q,20210331,Y
1534992,,"FIESTA RESTAURANT GROUP, INC.",5812,2-ACC,10-Q,20210331,N
1535079,,MCX TECHNOLOGIES CORP,7372,4-NON,10-K,20201231,N
1535379,,"CLOUDERA, INC.",7372,1-LAF,10-Q,20210430,N
1535527,CRWD,"CROWDSTRIKE HOLDINGS, INC.",7372,1-LAF,10-Q,20210430,Y
1535929,VOYA,"VOYA FINANCIAL, INC.",6311,1-LAF,10-Q,20210331,Y
1535955,LPCN,LIPOCINE INC.,2834,4-NON,10-Q,20210331,Y
1536089,,VIRTUAL INTERACTIVE TECHNOLOGIES CORP.,1000,4-NON,10-Q,20210331,N
1536394,,"U.S. LIGHTING GROUP, INC.",3640,4-NON,10-Q,20210331,N
1537028,,"INDEPENDENCE CONTRACT DRILLING, INC.",1381,4-NON,10-Q,20210331,N
1537054,GOGO,GOGO INC.,4899,2-ACC,10-Q,20210331,Y
1537435,TGEN,TECOGEN INC.,3585,4-NON,10-Q,20210331,Y
1537561,,"ARCH THERAPEUTICS, INC.",3841,4-NON,10-Q,20210331,N
1537917,,"TYME TECHNOLOGIES, INC.",2834,4-NON,10-K,20210331,N
1538210,,"NEXIMMUNE, INC.",2834,4-NON,10-Q,20210331,N
1538217,,"SRAX, INC.",7311,4-NON,10-Q,20210331,N
1538263,HTB,"HOMETRUST BANCSHARES, INC.",6035,2-ACC,10-Q,20210331,Y
1538716,OPRT,OPORTUN FINANCIAL CORP,6199,2-ACC,10-Q,20210331,Y
1538789,,JUST ENERGY GROUP INC.,4924,2-ACC,20-F,20210331,N
1538849,CAPL,CROSSAMERICA PARTNERS LP,5172,2-ACC,10-Q,20210331,Y
1538927,,"FORMA THERAPEUTICS HOLDINGS, INC.",2836,4-NON,10-Q,20210331,N
1538990,,STORE CAPITAL CORP,6798,1-LAF,10-Q,20210331,N
1539029,,"CLEARSIDE BIOMEDICAL, INC.",2834,4-NON,10-Q,20210331,N
1539638,TFIN,"TRIUMPH BANCORP, INC.",6022,1-LAF,10-Q,20210331,Y
1539680,HMMR,HAMMER FIBER OPTICS HOLDINGS CORP,4899,4-NON,10-Q,20210430,Y
1539778,,RAYONT INC.,7371,4-NON,10-Q,20210331,N
1539838,FANG,"DIAMONDBACK ENERGY, INC.",1311,1-LAF,10-Q,20210331,Y
1539850,STCB,"STARCO BRANDS, INC.",7311,4-NON,10-K,20201231,Y
1539894,,"ATLAS FINANCIAL HOLDINGS, INC.",6331,4-NON,10-K,20201231,N
1540159,EDSA,"EDESA BIOTECH, INC.",2834,4-NON,10-Q,20210331,Y
1540184,,"MEDALLIA, INC.",7370,1-LAF,10-Q,20210430,N
1540615,,"PUGET TECHNOLOGIES, INC.",2200,4-NON,10-Q,20210430,N
1540684,ATLX,"BRAZIL MINERALS, INC.",1400,4-NON,10-Q,20210331,Y
1540755,,"ANAPLAN, INC.",7372,1-LAF,10-Q,20210430,N
1541119,SFBC,"SOUND FINANCIAL BANCORP, INC.",6035,4-NON,10-Q,20210331,Y
1541157,AKTX,AKARI THERAPEUTICS PLC,2834,4-NON,20-F,20201231,Y
1541165,,ONE 4 ART LTD,3714,4-NON,10-K,20201130,N
1541401,ESRT,"EMPIRE STATE REALTY TRUST, INC.",6798,1-LAF,10-Q,20210331,Y
1541884,,PROLUNG INC,3841,4-NON,10-K,20201231,N
1542447,,"RREEF PROPERTY TRUST, INC.",6798,4-NON,10-Q,20210331,N
1543066,,E-WASTE CORP.,4953,4-NON,10-K,20210228,N
1543151,UBER,"UBER TECHNOLOGIES, INC",7389,1-LAF,10-Q,20210331,Y
1543418,TMQ,TRILOGY METALS INC.,1040,4-NON,10-Q,20210228,Y
1543637,NUMD,"NU-MED PLUS, INC.",3841,4-NON,10-Q,20210331,Y
1543652,FFLO,"FREE FLOW, INC.",5531,4-NON,10-K,20201231,Y
1544227,TPST,"MILLENDO THERAPEUTICS, INC.",2834,4-NON,10-Q,20210331,Y
1544238,,"CARDAX, INC.",2834,4-NON,10-K,20201231,N
1544400,,AMERICAN OIL & GAS INC.,1382,4-NON,10-Q,20210430,N
1545654,,"ALEXANDER & BALDWIN, INC.",6798,1-LAF,10-Q,20210331,N
1546296,IPDN,"PROFESSIONAL DIVERSITY NETWORK, INC.",7370,4-NON,10-K,20201231,Y
1546383,JXG,KBS FASHION GROUP LTD,5130,4-NON,20-F,20201231,Y
1546417,BLMN,"BLOOMIN' BRANDS, INC.",5812,1-LAF,10-Q,20210331,Y
1546652,OUNZ,VANECK MERK GOLD TRUST,6221,2-ACC,10-K,20210131,Y
1546853,SKKY,"SKKYNET CLOUD SYSTEMS, INC.",7372,4-NON,10-Q,20210430,Y
1547459,NGVC,"NATURAL GROCERS BY VITAMIN COTTAGE, INC.",5411,2-ACC,10-Q,20210331,Y
1547546,LFT,"LUMENT FINANCE TRUST, INC.",6798,4-NON,10-Q,20210331,Y
1547903,NMIH,"NMI HOLDINGS, INC.",6351,1-LAF,10-Q,20210331,Y
1548187,,"SOLITON, INC.",3841,4-NON,10-Q,20210331,N
1548240,,"YEW BIO-PHARM GROUP, INC.",0100,4-NON,10-Q,20210331,N
1549084,CHRN,"EKSO BIONICS HOLDINGS, INC.",3569,4-NON,10-Q,20210331,Y
1549145,BIOF,"ALLIANCE BIOENERGY PLUS, INC.",2860,4-NON,10-K,20201231,Y
1549346,SSTK,"SHUTTERSTOCK, INC.",7374,1-LAF,10-Q,20210331,Y
1549595,NRIX,"NURIX THERAPEUTICS, INC.",2834,4-NON,10-Q,20210228,Y
1549631,QURT,"QUARTA-RAD, INC.",3823,4-NON,10-K,20201231,Y
1549802,JD,"JD.COM, INC.",5990,1-LAF,20-F,20201231,Y
1549922,,"SUMMIT MIDSTREAM PARTNERS, LP",4922,4-NON,10-Q,20210331,N
1549966,SAMG,SILVERCREST ASSET MANAGEMENT GROUP INC.,6282,2-ACC,10-Q,20210331,Y
1550020,,EWELLNESS HEALTHCARE CORP,8082,4-NON,10-Q,20200930,N
1550453,TRLC,TRILINC GLOBAL IMPACT FUND LLC,6199,4-NON,10-Q,20210331,Y
1550603,,"MALVERN BANCORP, INC.",6035,4-NON,10-Q,20210331,N
1550695,,PERFORMANT FINANCIAL CORP,7380,4-NON,10-Q,20210331,N
1550913,MKZR,"MACKENZIE REALTY CAPITAL, INC.",6798,4-NON,10-Q,20210331,Y
1551152,ABBV,ABBVIE INC.,2834,1-LAF,10-Q,20210331,Y
1551182,ETN,EATON CORP PLC,3590,1-LAF,10-Q,20210331,Y
1551206,,PATAGONIA GOLD CORP.,1040,4-NON,20-F,20201231,N
1551306,PGNY,"PROGYNY, INC.",8090,1-LAF,10-Q,20210331,Y
1551693,,"SIENTRA, INC.",3842,4-NON,10-Q,20210331,N
1551887,,DUESENBERG TECHNOLOGIES INC.,7372,4-NON,10-Q,20210430,N
1551986,,"9 METERS BIOPHARMA, INC.",2834,4-NON,10-Q,20210331,N
1552000,MPLX,MPLX LP,4610,1-LAF,10-Q,20210331,Y
1552033,TRU,TRANSUNION,7320,1-LAF,10-Q,20210331,Y
1552189,PLSH,"EXACTUS, INC.",2833,4-NON,10-K,20201231,Y
1552275,SUN,SUNOCO LP,2911,1-LAF,10-Q,20210331,Y
1552358,,TACTICAL SERVICES INC,7310,4-NON,10-Q,20180731,N
1552493,,CNH INDUSTRIAL CAPITAL LLC,6159,4-NON,10-Q,20210331,N
1552670,TAOP,TAOPING INC.,7372,4-NON,20-F,20201231,Y
1552743,,UNIVERSAL GLOBAL HUB INC.,6770,4-NON,10-K,20201231,N
1552797,DKL,"DELEK LOGISTICS PARTNERS, LP",4610,2-ACC,10-Q,20210331,Y
1552800,TTSH,"TILE SHOP HOLDINGS, INC.",5700,4-NON,10-Q,20210331,Y
1553023,,CYRUSONE INC.,6798,1-LAF,10-Q,20210331,N
1553079,ESBA,"EMPIRE STATE REALTY OP, L.P.",6798,1-LAF,10-Q,20210331,Y
1553404,,PACIFIC GREEN TECHNOLOGIES INC.,4955,4-NON,10-K,20210331,N
1553467,,SEADRILL PARTNERS LLC,1381,4-NON,20-F,20201231,N
1553643,RLMD,"RELMADA THERAPEUTICS, INC.",2834,4-NON,10-Q,20210331,Y
1553788,SBEV,"SPLASH BEVERAGE GROUP, INC.",2080,4-NON,10-Q,20210331,Y
1554818,AUUD,AUDDIA INC.,7374,4-NON,10-Q,20210331,Y
1554859,,"SEMLER SCIENTIFIC, INC.",3845,4-NON,10-Q,20210331,N
1555074,,ALTISOURCE ASSET MANAGEMENT CORP,6500,4-NON,10-Q,20210331,N
1555279,MASS,908 DEVICES INC.,3829,4-NON,10-Q,20210331,Y
1555280,ZTS,ZOETIS INC.,2834,1-LAF,10-Q,20210331,Y
1555972,,STERLING CONSOLIDATED CORP,3050,4-NON,10-Q,20200630,N
1556179,,"ROCKY MOUNTAIN INDUSTRIALS, INC.",7380,4-NON,10-K,20200331,N
1556263,,"SYROS PHARMACEUTICALS, INC.",2834,4-NON,10-Q,20210331,N
1556266,,"TD HOLDINGS, INC.",6021,4-NON,10-K,20201231,N
1556593,RITM,NEW RESIDENTIAL INVESTMENT CORP.,6798,1-LAF,10-Q,20210331,Y
1556727,FNWB,FIRST NORTHWEST BANCORP,6036,4-NON,10-Q,20210331,Y
1556739,THRY,"THRYV HOLDINGS, INC.",7310,4-NON,10-Q,20210331,Y
1556753,,"3D PIONEER SYSTEMS, INC.",7372,4-NON,10-Q,20210331,N
1556801,MYCB,IMINE CORP,1400,4-NON,10-K,20200731,Y
1556898,,"TECHPOINT, INC.",3674,4-NON,10-Q,20210331,N
1557142,,"KADMON HOLDINGS, INC.",2834,4-NON,10-Q,20210331,N
1557376,ZEOX,"ORGANICELL REGENERATIVE MEDICINE, INC.",3790,4-NON,10-Q,20210430,Y
1557746,ACRS,"ACLARIS THERAPEUTICS, INC.",2834,4-NON,10-Q,20210331,Y
1557798,CIIT,"TIANCI INTERNATIONAL, INC.",1311,4-NON,10-Q,20210430,Y
1558235,,CORPORATE PROPERTY ASSOCIATES 18 GLOBAL INC,6798,4-NON,10-Q,20210331,N
1558465,,"PETROGRESS, INC",4412,4-NON,10-K,20201231,N
1558583,,ARCIMOTO INC,3751,4-NON,10-Q,20210331,N
1558740,WNLV,ZYROX MINING INTERNATIONAL INC,2821,4-NON,10-Q,20210228,Y
1559053,PRTA,PROTHENA CORP PUBLIC LTD CO,2834,4-NON,10-Q,20210331,Y
1559157,,"SUNSTOCK, INC.",5331,4-NON,10-K,20201231,N
1559172,,"DIEGO PELLICER WORLDWIDE, INC",8200,4-NON,10-K,20201231,N
1559356,,"IMMUNE THERAPEUTICS, INC.",2834,4-NON,10-K,20201231,N
1559484,,"RESOURCE REIT, INC.",6798,4-NON,10-Q,20210331,N
1559720,ABNB,"AIRBNB, INC.",7340,4-NON,10-Q,20210331,Y
1559865,EVTC,"EVERTEC, INC.",7374,1-LAF,10-Q,20210331,Y
1559998,,"GAUCHO GROUP HOLDINGS, INC.",6552,4-NON,10-K,20201231,N
1560143,WYTC,WYTEC INTERNATIONAL INC,4822,4-NON,10-K,20201231,Y
1560241,,"G1 THERAPEUTICS, INC.",2834,1-LAF,10-Q,20210331,N
1560258,ECOR,"ELECTROCORE, INC.",3845,4-NON,10-Q,20210331,Y
1560327,RPD,"RAPID7, INC.",7372,1-LAF,10-Q,20210331,Y
1560385,FWONA,LIBERTY MEDIA CORP,4833,1-LAF,10-Q,20210331,Y
1560452,,TEXAS REPUBLIC CAPITAL CORP,6311,4-NON,10-Q,20210331,N
1560672,EARN,ELLINGTON RESIDENTIAL MORTGAGE REIT,6798,4-NON,10-Q,20210331,Y
1561032,NHP,"HEALTHCARE TRUST, INC.",6798,4-NON,10-Q,20210331,Y
1561550,DDOG,"DATADOG, INC.",7372,1-LAF,10-Q,20210331,Y
1561566,,QIWI,7389,2-ACC,20-F,20201231,N
1561627,,EXONE CO,3555,4-NON,10-Q,20210331,N
1561680,,"TRI POINTE HOMES, INC.",1531,1-LAF,10-Q,20210331,N
1561743,,"KINDRED BIOSCIENCES, INC.",2834,4-NON,10-Q,20210331,N
1561880,,"LEGACY EDUCATION ALLIANCE, INC.",8200,4-NON,10-K,20201231,N
1561894,HASI,"HANNON ARMSTRONG SUSTAINABLE INFRASTRUCTURE CAPITAL, INC.",6798,1-LAF,10-Q,20210331,Y
1561921,TELA,"TELA BIO, INC.",3841,4-NON,10-Q,20210331,Y
1562151,CWGL,"CRIMSON WINE GROUP, LTD",2080,4-NON,10-K,20201231,Y
1562401,AMH,AMERICAN HOMES 4 RENT,6798,1-LAF,10-Q,20210331,Y
1562463,INBK,FIRST INTERNET BANCORP,6022,2-ACC,10-Q,20210331,Y
1562476,,TAYLOR MORRISON HOME CORP,1531,1-LAF,10-Q,20210331,N
1562528,FBRT,"BENEFIT STREET PARTNERS REALTY TRUST, INC.",6798,4-NON,10-Q,20210331,Y
1562622,,CAVENDISH FUTURES FUND LLC,6221,4-NON,10-Q,20210331,N
1563190,COMP,"COMPASS, INC.",7371,4-NON,10-Q,20210331,Y
1563227,,SIPUP CORP,2020,4-NON,10-Q,20190531,N
1563463,,"NUTRALIFE BIOSCIENCES, INC",2020,4-NON,10-Q,20200331,N
1563536,,E-QURE CORP.,5090,4-NON,10-K,20201231,N
1563568,AZIO,"ADOMANI, INC.",3714,4-NON,10-Q,20210331,Y
1563577,GRTX,"GALERA THERAPEUTICS, INC.",2834,4-NON,10-Q,20210331,Y
1563665,HRGN,"BIOSTAGE, INC.",3841,4-NON,10-K,20201231,Y
1563756,,"LIGHTSTONE VALUE PLUS REAL ESTATE INVESTMENT TRUST III, INC.",6798,4-NON,10-Q,20210331,N
1563880,TRVI,"TREVI THERAPEUTICS, INC.",2834,4-NON,10-Q,20210331,Y
1563922,,GREENBACKER RENEWABLE ENERGY CO LLC,4911,4-NON,10-Q,20210331,N
1564406,,"OAK STREET HEALTH, INC.",8000,4-NON,10-Q,20210331,N
1564408,SNAP,SNAP INC,7370,1-LAF,10-Q,20210331,Y
1564618,,"INDEPENDENT BANK GROUP, INC.",6022,1-LAF,10-Q,20210331,N
1564708,NWSA,NEWS CORP,2711,1-LAF,10-Q,20210331,Y
1564824,,ALLAKOS INC.,2834,1-LAF,10-Q,20210331,N
1564902,PRKS,"SEAWORLD ENTERTAINMENT, INC.",7990,1-LAF,10-Q,20210331,Y
1565228,VISL,"VISLINK TECHNOLOGIES, INC.",3669,4-NON,10-K,20201231,Y
1566011,,PBF HOLDING CO LLC,2911,4-NON,10-Q,20210331,N
1566044,YARW,VYNE THERAPEUTICS INC.,2834,4-NON,10-Q,20210331,Y
1566243,,ARAX HOLDINGS CORP,5812,4-NON,10-K,20201031,N
1566373,,"F-STAR THERAPEUTICS, INC.",2834,4-NON,10-Q,20210331,N
1566469,,"NANTHEALTH, INC.",7374,4-NON,10-Q,20210331,N
1566610,TONX,"VERB TECHNOLOGY COMPANY, INC.",7200,4-NON,10-Q,20210331,Y
1566826,LGMK,"NXT-ID, INC.",7381,4-NON,10-K,20201231,Y
1566895,,"NCINO, INC.",7372,4-NON,10-Q,20210430,N
1566912,,"GRIFFIN-AMERICAN HEALTHCARE REIT III, INC.",6798,4-NON,10-Q,20210331,N
1567098,,LUCKWEL PHARMACEUTICALS INC.,2834,4-NON,10-K,20200331,N
1567345,,"HEMISPHERE MEDIA GROUP, INC.",4841,2-ACC,10-Q,20210331,N
1567514,,"INTRA-CELLULAR THERAPIES, INC.",2834,1-LAF,10-Q,20210331,N
1567683,CWEN,"CLEARWAY ENERGY, INC.",4911,1-LAF,10-Q,20210331,Y
1567771,,BRIDGEWAY NATIONAL CORP.,2860,4-NON,10-K,20201231,N
1567892,,MALLINCKRODT PLC,2834,2-ACC,10-Q,20210331,N
1567900,ALOY,BLACKBOXSTOCKS INC.,7371,4-NON,10-Q,20210331,Y
1567925,,"SILA REALTY TRUST, INC.",6798,4-NON,10-Q,20210331,N
1568100,PD,"PAGERDUTY, INC.",7372,1-LAF,10-Q,20210430,Y
1568139,,BIO-EN HOLDINGS CORP.,2050,4-NON,10-K,20201231,N
1568162,,"AMERICAN FINANCE TRUST, INC",6798,1-LAF,10-Q,20210331,N
1568628,BQST,BIOQUEST CORP,2834,4-NON,10-Q,20210131,Y
1568651,OSCR,"OSCAR HEALTH, INC.",6324,4-NON,10-Q,20210331,Y
1569083,,"MAKINGORG, INC.",3751,4-NON,10-K,20201231,N
1569187,AHRT,"ARMADA HOFFLER PROPERTIES, INC.",6500,2-ACC,10-Q,20210331,Y
1569329,,"YOUNGEVITY INTERNATIONAL, INC.",5961,4-NON,10-K,20191231,N
1569340,CLCS,"CELL SOURCE, INC.",2834,4-NON,10-Q,20210331,Y
1569994,WSBF,"WATERSTONE FINANCIAL, INC.",6035,2-ACC,10-Q,20210331,Y
1570132,ANVI,"ANVI GLOBAL HOLDINGS, INC.",5400,4-NON,10-K,20210228,Y
1570562,EOLS,"EVOLUS, INC.",2834,4-NON,10-Q,20210331,Y
1570585,LBTYA,LIBERTY GLOBAL PLC,4841,1-LAF,10-Q,20210331,Y
1570827,VCTR,"VICTORY CAPITAL HOLDINGS, INC.",6282,2-ACC,10-Q,20210331,Y
1571123,SAIC,SCIENCE APPLICATIONS INTERNATIONAL CORP,7373,1-LAF,10-Q,20210430,Y
1571283,REXR,"REXFORD INDUSTRIAL REALTY, INC.",6798,1-LAF,10-Q,20210331,Y
1571398,,"SUNNYSIDE BANCORP, INC.",6035,4-NON,10-Q,20210331,N
1571498,,"EPIZYME, INC.",2834,1-LAF,10-Q,20210331,N
1571776,CHMI,CHERRY HILL MORTGAGE INVESTMENT CORP,6798,2-ACC,10-Q,20210331,Y
1571934,TAOX,"SYNAPTOGENIX, INC.",2834,4-NON,10-Q,20210331,Y
1571949,ICE,"INTERCONTINENTAL EXCHANGE, INC.",6200,1-LAF,10-Q,20210331,Y
1571996,DELL,DELL TECHNOLOGIES INC.,3571,1-LAF,10-Q,20210430,Y
1572334,VABK,VIRGINIA NATIONAL BANKSHARES CORP,6021,4-NON,10-Q,20210331,Y
1572384,,"PHOENIX RISING COMPANIES, INC.",7990,4-NON,10-K,20201231,N
1572386,GWTI,GREENWAY TECHNOLOGIES INC,2090,4-NON,10-K,20201231,Y
1572621,,AENZA S.A.A.,1600,2-ACC,20-F,20201231,N
1572702,,"ATLAS GROWTH PARTNERS, L.P.",1311,4-NON,10-Q,20210331,N
1572910,,PHILLIPS 66 PARTNERS LP,4610,1-LAF,10-Q,20210331,N
1573221,REAL,"THEREALREAL, INC.",5900,1-LAF,10-Q,20210331,Y
1573516,MUSA,MURPHY USA INC.,5500,1-LAF,10-Q,20210331,Y
1574085,BHR,BRAEMAR HOTELS & RESORTS INC.,6798,2-ACC,10-Q,20210331,Y
1574197,FPH,"FIVE POINT HOLDINGS, LLC",6500,2-ACC,10-Q,20210331,Y
1574235,PULM,"PULMATRIX, INC.",2834,4-NON,10-Q,20210331,Y
1574291,,CC HOLDINGS GS V LLC,6798,4-NON,10-Q,20210331,N
1574540,,PHYSICIANS REALTY TRUST,6798,1-LAF,10-Q,20210331,N
1574565,EVGN,EVOGENE LTD.,2870,4-NON,20-F,20201231,Y
1574596,,NEW HOME CO INC.,1531,4-NON,10-Q,20210331,N
1574910,,"RENAVOTIO, INC.",7990,4-NON,10-K,20201231,N
1575048,,"ATEL 16, LLC",7359,4-NON,10-Q,20210331,N
1575051,,CINER RESOURCES LP,1400,2-ACC,10-Q,20210331,N
1575142,BDPT,"BIOADAPTIVES, INC.",6770,4-NON,10-Q,20210331,Y
1575295,,ALLIED CORP.,5961,4-NON,10-Q,20210228,N
1575311,,BROOKFIELD DTLA FUND OFFICE TRUST INVESTOR INC.,6798,4-NON,10-Q,20210331,N
1575420,,BIONOVATE TECHNOLOGIES CORP.,3640,4-NON,10-Q,20210331,N
1575434,,"VERICITY, INC.",6311,4-NON,10-Q,20210331,N
1575515,SFM,"SPROUTS FARMERS MARKET, INC.",5411,1-LAF,10-Q,20210331,Y
1575659,,"RAPID THERAPEUTIC SCIENCE LABORATORIES, INC.",2834,4-NON,10-Q,20210331,N
1575793,WATT,ENERGOUS CORP,3663,4-NON,10-Q,20210331,Y
1575828,,FRANK'S INTERNATIONAL N.V.,1389,2-ACC,10-Q,20210331,N
1575858,PUBC,PUREBASE CORP,2870,4-NON,10-Q,20210228,Y
1575965,GLPI,"GAMING & LEISURE PROPERTIES, INC.",6798,1-LAF,10-Q,20210331,Y
1575969,,AVIANCA HOLDINGS S.A.,4512,4-NON,20-F,20201231,N
1576018,SPNT,SIRIUSPOINT LTD,6331,2-ACC,10-Q,20210331,Y
1576169,,"BENEFITFOCUS, INC.",7372,2-ACC,10-Q,20210331,N
1576197,SENR,"STRATEGIC ENVIRONMENTAL & ENERGY RESOURCES, INC.",4955,4-NON,10-K,20201231,Y
1576263,,"MIRATI THERAPEUTICS, INC.",2834,1-LAF,10-Q,20210331,N
1576280,GH,"GUARDANT HEALTH, INC.",8071,1-LAF,10-Q,20210331,Y
1576427,CRTO,CRITEO S.A.,7311,1-LAF,10-Q,20210331,Y
1576873,ABAT,AMERICAN BATTERY METALS CORP,1000,4-NON,10-Q,20210331,Y
1576914,,MIX TELEMATICS LTD,7372,2-ACC,10-K,20210331,N
1576940,CCS,"CENTURY COMMUNITIES, INC.",1531,1-LAF,10-Q,20210331,Y
1576942,SFIX,"STITCH FIX, INC.",5961,1-LAF,10-Q,20210430,Y
1577368,,"QTS REALTY TRUST, INC.",6798,1-LAF,10-Q,20210331,N
1577445,ODYS,SCOUTCAM INC.,3827,4-NON,10-Q,20210331,Y
1577526,AI,"C3.AI, INC.",7372,4-NON,10-K,20210430,Y
1577670,LADR,LADDER CAPITAL CORP,6798,1-LAF,10-Q,20210331,Y
1577916,,"PREMIER, INC.",8741,1-LAF,10-Q,20210331,N
1578329,,APEX 11 INC.,6770,4-NON,10-K,20181231,N
1578453,DLNG,DYNAGAS LNG PARTNERS LP,4400,4-NON,20-F,20201231,Y
1578732,MMI,"MARCUS & MILLICHAP, INC.",6531,1-LAF,10-Q,20210331,Y
1578776,,"PRUDENTIAL BANCORP, INC.",6036,4-NON,10-Q,20210331,N
1579010,,"LIFE ON EARTH, INC.",2080,4-NON,10-Q,20210228,N
1579026,,TOWER ONE WIRELESS CORP.,2834,4-NON,20-F,20201231,N
1579157,VNCE,VINCE HOLDING CORP.,5600,4-NON,10-K,20210131,Y
1579214,,"EMERALD HOLDING, INC.",7389,2-ACC,10-Q,20210331,N
1579241,ALLE,ALLEGION PLC,7381,1-LAF,10-Q,20210331,Y
1579298,BURL,"BURLINGTON STORES, INC.",5311,1-LAF,10-Q,20210430,Y
1579428,AXSM,"AXSOME THERAPEUTICS, INC.",2834,1-LAF,10-Q,20210331,Y
1579684,TDAY,"GANNETT CO., INC.",2711,2-ACC,10-Q,20210331,Y
1579717,,PERK INTERNATIONAL INC.,7311,4-NON,10-Q,20200831,N
1579733,VITL,"VITAL FARMS, INC.",2000,4-NON,10-Q,20210331,Y
1579823,,"NEWAGE, INC.",2082,2-ACC,10-Q,20210331,N
1579877,OUT,OUTFRONT MEDIA INC.,6798,1-LAF,10-Q,20210331,Y
1579910,,RESONANT INC,3674,4-NON,10-Q,20210331,N
1580063,,"PROGENITY, INC.",8071,4-NON,10-Q,20210331,N
1580149,BIVI,BIOVIE INC.,2834,4-NON,10-Q,20210331,Y
1580156,,HOUGHTON MIFFLIN HARCOURT CO,2731,2-ACC,10-Q,20210331,N
1580262,RTON,"RIGHT ON BRANDS, INC.",7374,4-NON,10-K,20200331,Y
1580490,IONI,I-ON DIGITAL CORP.,2082,4-NON,10-Q,20210331,Y
1580608,,SANTANDER CONSUMER USA HOLDINGS INC.,6141,1-LAF,10-Q,20210331,N
1580670,LGIH,"LGI HOMES, INC.",1531,1-LAF,10-Q,20210331,Y
1580808,ATEN,"A10 NETWORKS, INC.",3576,2-ACC,10-Q,20210331,Y
1580864,VRM,"VROOM, INC.",5500,4-NON,10-Q,20210331,Y
1580905,IBP,"INSTALLED BUILDING PRODUCTS, INC.",1520,1-LAF,10-Q,20210331,Y
1581068,BRX,BRIXMOR PROPERTY GROUP INC.,6798,1-LAF,10-Q,20210331,Y
1581091,RMAX,"RE/MAX HOLDINGS, INC.",6531,2-ACC,10-Q,20210331,Y
1581164,,"EXTENDED STAY AMERICA, INC.",7011,1-LAF,10-Q,20210331,N
1581280,TWST,TWIST BIOSCIENCE CORP,2836,1-LAF,10-Q,20210331,Y
1581552,,"ENERGY 11, L.P.",1311,4-NON,10-Q,20210331,N
1581804,NVGS,NAVIGATOR HOLDINGS LTD.,4412,2-ACC,20-F,20201231,Y
1581874,,"TERRA SECURED INCOME FUND 5, LLC",6798,4-NON,10-Q,20210331,N
1581990,PAGP,PLAINS GP HOLDINGS LP,4610,1-LAF,10-Q,20210331,Y
1582244,,CORNING NATURAL GAS HOLDING CORP,4923,4-NON,10-Q,20210331,N
1582249,,RASNA THERAPEUTICS INC.,2834,4-NON,10-Q,20201231,N
1582313,XENE,XENON PHARMACEUTICALS INC.,2834,4-NON,10-Q,20210331,Y
1582554,MTNB,"MATINAS BIOPHARMA HOLDINGS, INC.",2834,4-NON,10-Q,20210331,Y
1582568,,PBF LOGISTICS LP,4610,2-ACC,10-Q,20210331,N
1582961,DOCN,"DIGITALOCEAN HOLDINGS, INC.",7370,4-NON,10-Q,20210331,Y
1582982,CCLD,"CARECLOUD, INC.",7372,4-NON,10-Q,20210331,Y
1583077,,"HOSPITALITY INVESTORS TRUST, INC.",6798,4-NON,10-Q,20210331,N
1583107,TBPH,"THERAVANCE BIOPHARMA, INC.",2834,1-LAF,10-Q,20210331,Y
1583648,PVLA,"PIERIS PHARMACEUTICALS, INC.",2834,4-NON,10-Q,20210331,Y
1583771,HEPA,"HEPION PHARMACEUTICALS, INC.",2834,4-NON,10-Q,20210331,Y
1584207,OMF,"ONEMAIN HOLDINGS, INC.",6141,1-LAF,10-Q,20210331,Y
1584480,GTIC,"STARTECH LABS, INC.",7372,4-NON,10-Q,20210228,Y
1584509,ARMK,ARAMARK,5812,1-LAF,10-Q,20210331,Y
1584549,VFF,"VILLAGE FARMS INTERNATIONAL, INC.",0100,2-ACC,10-Q,20210331,Y
1584693,SSGC,HEALTHCARE INTEGRATED TECHNOLOGIES INC.,7900,4-NON,10-Q,20210430,Y
1584751,,TALIS BIOMEDICAL CORP,3826,4-NON,10-Q,20210331,N
1584754,,"AKOUSTIS TECHNOLOGIES, INC.",3661,4-NON,10-Q,20210331,N
1584831,OXBR,OXBRIDGE RE HOLDINGS LTD,6331,4-NON,10-Q,20210331,Y
1585101,HGIT,"HINES GLOBAL INCOME TRUST, INC.",6798,4-NON,10-Q,20210331,Y
1585149,,ROMULUS CORP.,7990,4-NON,10-K,20200831,N
1585219,,"STEADFAST APARTMENT REIT, INC.",6798,4-NON,10-Q,20210331,N
1585364,PRGO,PERRIGO CO PLC,2834,1-LAF,10-Q,20210331,Y
1585389,SMA,"SMARTSTOP SELF STORAGE REIT, INC.",6798,4-NON,10-Q,20210331,Y
1585521,ZM,"ZOOM VIDEO COMMUNICATIONS, INC.",7370,1-LAF,10-Q,20210430,Y
1585583,,"DEL TACO RESTAURANTS, INC.",5812,2-ACC,10-Q,20210331,N
1585608,JAGX,"JAGUAR HEALTH, INC.",2834,4-NON,10-Q,20210331,Y
1585689,HLT,HILTON WORLDWIDE HOLDINGS INC.,7011,1-LAF,10-Q,20210331,Y
1586454,,PRIME MERIDIAN HOLDING CO,6022,4-NON,10-Q,20210331,N
1586495,,BLOW & DRIVE INTERLOCK CORP,7372,4-NON,10-Q,20210331,N
1586554,CBDY,TARGET GROUP INC.,2833,4-NON,10-Q,20210331,Y
1587221,,ZOSANO PHARMA CORP,2834,4-NON,10-Q,20210331,N
1587246,,"CYPRESS ENVIRONMENTAL PARTNERS, L.P.",7389,4-NON,10-Q,20210331,N
1587523,KN,KNOWLES CORP,3651,1-LAF,10-Q,20210331,Y
1587732,OGS,"ONE GAS, INC.",4924,1-LAF,10-Q,20210331,Y
1588014,ADMQ,"ADM ENDEAVORS, INC.",7310,4-NON,10-Q,20210331,Y
1588084,TANH,TANTECH HOLDINGS LTD,2860,4-NON,20-F,20201231,Y
1588489,GBTC,GRAYSCALE BITCOIN TRUST (BTC),6221,4-NON,10-Q,20210331,Y
1588972,,"RECRO PHARMA, INC.",2834,4-NON,10-Q,20210331,N
1589061,GYRO,"GYRODYNE, LLC",6512,4-NON,10-K,20201231,Y
1589149,GWAV,"MASSROOTS, INC.",7370,4-NON,10-K,20201231,Y
1589150,RGBP,REGEN BIOPHARMA INC,2834,4-NON,10-K,20190930,Y
1589361,,BANNER ENERGY SERVICES CORP.,4700,4-NON,10-Q,20210331,N
1589526,BLBD,BLUE BIRD CORP,3713,2-ACC,10-Q,20210331,Y
1590364,FTAI,FORTRESS TRANSPORTATION & INFRASTRUCTURE INVESTORS LLC,7350,1-LAF,10-Q,20210331,Y
1590383,,"BIOHITECH GLOBAL, INC.",8200,4-NON,10-K,20201231,N
1590418,FCUV,FOCUS UNIVERSAL INC.,3823,4-NON,10-Q,20210331,Y
1590496,,AERKOMM INC.,4899,4-NON,10-Q,20210331,N
1590560,QURE,UNIQURE N.V.,2834,1-LAF,10-Q,20210331,Y
1590584,CVEO,CIVEO CORP,7000,2-ACC,10-Q,20210331,Y
1590695,,"TWINLAB CONSOLIDATED HOLDINGS, INC.",2833,4-NON,10-K,20201231,N
1590714,ESI,ELEMENT SOLUTIONS INC,2890,1-LAF,10-Q,20210331,Y
1590715,AREC,AMERICAN RESOURCES CORP,7600,4-NON,10-Q,20210331,Y
1590717,CTRE,"CARETRUST REIT, INC.",6798,1-LAF,10-Q,20210331,Y
1590750,VRDN,"VIRIDIAN THERAPEUTICS, INC.DE",8071,4-NON,10-Q,20210331,Y
1590799,,RIVERVIEW FINANCIAL CORP,6021,4-NON,10-Q,20210331,N
1590877,RGNX,REGENXBIO INC.,2836,1-LAF,10-Q,20210331,Y
1590895,CZR,"CAESARS ENTERTAINMENT, INC.",7011,1-LAF,10-Q,20210331,Y
1590955,PAYC,"PAYCOM SOFTWARE, INC.",7372,1-LAF,10-Q,20210331,Y
1590976,MBUU,"MALIBU BOATS, INC.",3730,1-LAF,10-Q,20210331,Y
1591165,,"H-CYTE, INC.",3841,4-NON,10-Q,20210331,N
1591565,,"BALLY, CORP.",5200,4-NON,10-Q,20210331,N
1591587,,"ASSETMARK FINANCIAL HOLDINGS, INC.",6282,2-ACC,10-Q,20210331,N
1591588,GOLD,"A-MARK PRECIOUS METALS, INC.",5094,4-NON,10-Q,20210331,Y
1591670,FPI,FARMLAND PARTNERS INC.,6798,4-NON,10-Q,20210331,Y
1591698,PCTY,PAYLOCITY HOLDING CORP,7372,1-LAF,10-Q,20210331,Y
1591763,,"ENABLE MIDSTREAM PARTNERS, LP",4922,2-ACC,10-Q,20210331,N
1591890,FGNX,"FG FINANCIAL GROUP, INC.",6331,4-NON,10-Q,20210331,Y
1591913,IPSI,"INNOVATIVE PAYMENT SOLUTIONS, INC.",5961,4-NON,10-Q,20210331,Y
1591956,ANY,SPHERE 3D CORP,7374,4-NON,20-F,20201231,Y
1592000,,"ENLINK MIDSTREAM, LLC",4922,1-LAF,10-Q,20210331,N
1592016,,"AGROFRESH SOLUTIONS, INC.",2870,4-NON,10-Q,20210331,N
1592057,,"ENVIVA PARTNERS, LP",2400,1-LAF,10-Q,20210331,N
1592058,,PARTY CITY HOLDCO INC.,5900,2-ACC,10-Q,20210331,N
1592386,VIRT,"VIRTU FINANCIAL, INC.",6211,1-LAF,10-Q,20210331,Y
1592560,VSA,"TARENA INTERNATIONAL, INC.",8200,4-NON,20-F,20201231,Y
1592603,,"GULF WEST SECURITY NETWORK, INC.",7381,4-NON,10-Q,20210331,N
1592782,,NUKKLEUS INC.,8742,4-NON,10-Q,20210331,N
1593001,NGTF,"NIGHTFOOD HOLDINGS, INC.",2060,4-NON,10-Q,20210331,Y
1593034,,ENDO INTERNATIONAL PLC,2834,1-LAF,10-Q,20210331,N
1593195,,TRIBUNE PUBLISHING CO,2711,2-ACC,10-Q,20210331,N
1593204,,"HUAIZHONG HEALTH GROUP, INC.",7372,4-NON,10-Q,20210131,N
1593222,,"CITY OFFICE REIT, INC.",6798,2-ACC,10-Q,20210331,N
1593538,NAVI,NAVIENT CORP,6211,1-LAF,10-Q,20210331,Y
1593548,,"PLAYAGS, INC.",3990,2-ACC,10-Q,20210331,N
1593773,,KANGE CORP,7371,4-NON,10-Q,20180531,N
1593899,AVIR,"ATEA PHARMACEUTICALS, INC.",2834,4-NON,10-Q,20210331,Y
1594012,,"INVESTORS BANCORP, INC.",6022,1-LAF,10-Q,20210331,N
1594109,,GRUBHUB INC.,7389,1-LAF,10-Q,20210331,N
1594204,RBTK,ZHEN DING RESOURCES INC.,1000,4-NON,10-K,20201231,Y
1594555,,"HV BANCORP, INC.",6022,4-NON,10-Q,20210331,N
1594686,,WASHINGTON PRIME GROUP INC.,6798,2-ACC,10-Q,20210331,N
1595097,CRBP,"CORBUS PHARMACEUTICALS HOLDINGS, INC.",2834,4-NON,10-Q,20210331,Y
1595248,GNPX,"GENPREX, INC.",2834,4-NON,10-Q,20210331,Y
1595527,NYC,"NEW YORK CITY REIT, INC.",6798,4-NON,10-Q,20210331,Y
1595585,,"TRICIDA, INC.",2834,1-LAF,10-Q,20210331,N
1595761,WB,WEIBO CORP,7370,1-LAF,20-F,20201231,Y
1595893,,"TURNING POINT THERAPEUTICS, INC.",2834,1-LAF,10-Q,20210331,N
1595974,MGNI,"MAGNITE, INC.",7370,2-ACC,10-Q,20210331,Y
1596062,,Q BIOMED INC.,2834,4-NON,10-Q,20210228,N
1596532,ANET,"ARISTA NETWORKS, INC.",3576,1-LAF,10-Q,20210331,Y
1596783,,"CATALENT, INC.",2834,1-LAF,10-Q,20210331,N
1596812,ENLV,ENLIVEX THERAPEUTICS LTD.,2834,2-ACC,20-F,20201231,Y
1596856,,LEJU HOLDINGS LTD,6500,4-NON,20-F,20201231,N
1596946,,QUOTIENT LTD,2835,4-NON,10-K,20210331,N
1596961,RDNW,"RUMBLEON, INC.",7371,4-NON,10-Q,20210331,Y
1596967,MC,MOELIS & CO,6282,1-LAF,10-Q,20210331,Y
1596993,LPG,DORIAN LPG LTD.,4412,2-ACC,10-K,20210331,Y
1597033,SABR,SABRE CORP,7370,1-LAF,10-Q,20210331,Y
1597095,TOUR,TUNIU CORP,4700,2-ACC,20-F,20201231,Y
1597264,,BLUEPRINT MEDICINES CORP,2834,1-LAF,10-Q,20210331,N
1597313,,"VIEWRAY, INC.",3845,4-NON,10-Q,20210331,N
1597553,,"SAGE THERAPEUTICS, INC.",2834,1-LAF,10-Q,20210331,N
1597672,RYAM,RAYONIER ADVANCED MATERIALS INC.,2611,2-ACC,10-Q,20210331,Y
1597835,CMCM,CHEETAH MOBILE INC.,7372,2-ACC,20-F,20201231,Y
1597846,GRNQ,GREENPRO CAPITAL CORP.,7374,4-NON,10-Q,20210331,Y
1597892,JRSS,JRSIS HEALTH CARE CORP,8060,4-NON,10-K,20201231,Y
1598014,,IHS MARKIT LTD.,7370,1-LAF,10-Q,20210531,N
1598308,,GLOBAL WHOLEHEALTH PARTNERS CORP,2835,4-NON,10-Q,20210331,N
1598428,MTUS,TIMKENSTEEL CORP,3312,2-ACC,10-Q,20210331,Y
1598599,IPHA,INNATE PHARMA SA,2836,4-NON,20-F,20201231,Y
1598646,NERV,"MINERVA NEUROSCIENCES, INC.",2834,4-NON,10-Q,20210331,Y
1598665,HRTG,"HERITAGE INSURANCE HOLDINGS, INC.",6331,2-ACC,10-Q,20210331,Y
1598674,,CASPER SLEEP INC.,2510,4-NON,10-Q,20210331,N
1598924,,"IMAGE CHAIN GROUP LIMITED, INC.",2860,4-NON,10-Q,20210331,N
1599117,MNTR,"MENTOR CAPITAL, INC.",6799,4-NON,10-K,20201231,Y
1599298,SMMT,SUMMIT THERAPEUTICS INC.,2834,4-NON,10-Q,20210331,Y
1599407,LBRA,1847 HOLDINGS LLC,8742,4-NON,10-K,20201231,Y
1599489,,VERITIV CORP,5110,2-ACC,10-Q,20210331,N
1599617,DNOW,NOW INC.,3533,1-LAF,10-Q,20210331,Y
1599901,,"AVIDITY BIOSCIENCES, INC.",2834,4-NON,10-Q,20210331,N
1600033,ELF,"E.L.F. BEAUTY, INC.",2844,1-LAF,10-K,20210331,Y
1600125,,"MERIDIAN BANCORP, INC.",6021,1-LAF,10-Q,20210331,N
1600132,,"BELLEROPHON THERAPEUTICS, INC.",2834,4-NON,10-Q,20210331,N
1600347,,GIGWORLD INC.,8742,4-NON,10-Q,20210331,N
1600422,,"SUPERIOR DRILLING PRODUCTS, INC.",3533,4-NON,10-Q,20210331,N
1600438,,GMS INC.,5030,1-LAF,10-K,20210430,N
1600620,AUPH,AURINIA PHARMACEUTICALS INC.,2834,1-LAF,10-Q,20210331,Y
1600626,,"GRIFFIN CAPITAL ESSENTIAL ASSET REIT, INC.",6798,4-NON,10-Q,20210331,N
1601046,KEYS,"KEYSIGHT TECHNOLOGIES, INC.",3823,1-LAF,10-Q,20210430,Y
1601280,,"MEDIXALL GROUP, INC.",4011,4-NON,10-K,20201231,N
1601485,ELTX,ANGION BIOMEDICA CORP.,2834,4-NON,10-Q,20210331,Y
1601548,VVX,"VECTRUS, INC.",8744,2-ACC,10-Q,20210331,Y
1601669,,WATFORD HOLDINGS LTD.,6331,2-ACC,10-Q,20210331,N
1601712,SYF,SYNCHRONY FINANCIAL,6199,1-LAF,10-Q,20210331,Y
1601830,RXRX,"RECURSION PHARMACEUTICALS, INC.",2836,4-NON,10-Q,20210331,Y
1602065,,VIPER ENERGY PARTNERS LP,1311,1-LAF,10-Q,20210331,N
1602078,,NEMAURA MEDICAL INC.,3841,4-NON,10-K,20210331,N
1602143,,TOUCAN INTERACTIVE CORP,7320,4-NON,10-Q,20190531,N
1602409,FNGR,"FINGERMOTION, INC.",7372,4-NON,10-K,20210228,Y
1602658,ISTR,INVESTAR HOLDING CORP,6022,4-NON,10-Q,20210331,Y
1603016,,HOEGH LNG PARTNERS LP,4400,2-ACC,20-F,20201231,N
1603145,XIFR,"NEXTERA ENERGY PARTNERS, LP",4911,1-LAF,10-Q,20210331,Y
1603454,CELC,CELCUITY INC.,8071,4-NON,10-Q,20210331,Y
1603756,,"AXONICS, INC.",3841,1-LAF,10-Q,20210331,N
1603793,NRIS,"NORRIS INDUSTRIES, INC.",1311,4-NON,10-K,20210228,Y
1603923,WFRD,WEATHERFORD INTERNATIONAL PLC,3533,4-NON,10-Q,20210331,Y
1603978,AQB,"AQUABOUNTY TECHNOLOGIES, INC.",0900,4-NON,10-Q,20210331,Y
1603993,AIOS,"NISUN INTERNATIONAL ENTERPRISE DEVELOPMENT GROUP CO., LTD",3490,2-ACC,20-F,20201231,Y
1604028,WMS,"ADVANCED DRAINAGE SYSTEMS, INC.",3086,1-LAF,10-K,20210331,Y
1604191,GRDX,"AZURRX BIOPHARMA, INC.",2834,4-NON,10-Q,20210331,Y
1604464,ATRA,"ATARA BIOTHERAPEUTICS, INC.",2836,1-LAF,10-Q,20210331,Y
1604477,,SQZ BIOTECHNOLOGIES CO,2836,4-NON,10-Q,20210331,N
1604481,CMBT,EURONAV NV,4412,1-LAF,20-F,20201231,Y
1604627,,"KUSHCO HOLDINGS, INC.",3080,2-ACC,10-Q,20210228,N
1604643,,EVOQUA WATER TECHNOLOGIES CORP.,3580,1-LAF,10-Q,20210331,N
1604665,WLKP,WESTLAKE CHEMICAL PARTNERS LP,2860,2-ACC,10-Q,20210331,Y
1604738,,ASHFORD INC.,8742,4-NON,10-Q,20210331,N
1604778,QRVO,"QORVO, INC.",3674,1-LAF,10-K,20210331,Y
1604821,NTRA,"NATERA, INC.",8071,1-LAF,10-Q,20210331,Y
1604868,GRWG,GROWGENERATION CORP.,5200,4-NON,10-Q,20210331,Y
1604924,,FORWARD PHARMA A/S,2834,4-NON,20-F,20201231,N
1604930,,"LIFE CLIPS, INC.",3861,4-NON,10-Q,20210331,N
1604950,,SCPHARMACEUTICALS INC.,2834,4-NON,10-Q,20210331,N
1605301,CBFV,"CB FINANCIAL SERVICES, INC.",6022,4-NON,10-Q,20210331,Y
1605331,AERA,AB INTERNATIONAL GROUP CORP.,6794,4-NON,10-Q,20210228,Y
1605481,NGLD,NEVADA CANYON GOLD CORP.,1040,4-NON,10-Q,20210331,Y
1605607,,"PARAMOUNT GROUP, INC.",6798,1-LAF,10-Q,20210331,N
1605810,,"PORTER HOLDING INTERNATIONAL, INC.",5810,4-NON,10-K,20201231,N
1606163,LMB,"LIMBACH HOLDINGS, INC.",1700,4-NON,10-Q,20210331,Y
1606268,,"SPARK ENERGY, INC.",4931,2-ACC,10-Q,20210331,N
1606366,LOCO,"EL POLLO LOCO HOLDINGS, INC.",5812,2-ACC,10-Q,20210331,Y
1606440,,"RELIANT BANCORP, INC.",6022,4-NON,10-Q,20210331,N
1606498,,"AVANOS MEDICAL, INC.",3842,1-LAF,10-Q,20210331,N
1606698,,"ALPINE 4 HOLDINGS, INC.",3669,4-NON,10-K,20201231,N
1606745,,"LIBERTY TRIPADVISOR HOLDINGS, INC.",7374,2-ACC,10-Q,20210331,N
1606757,KE,"KIMBALL ELECTRONICS, INC.",3672,2-ACC,10-Q,20210331,Y
1606909,PANL,PANGAEA LOGISTICS SOLUTIONS LTD.,4412,4-NON,10-Q,20210331,Y
1607678,VKTX,"VIKING THERAPEUTICS, INC.",2834,4-NON,10-Q,20210331,Y
1607962,LFWD,REWALK ROBOTICS LTD.,3842,4-NON,10-Q,20210331,Y
1608092,KITL,KISSES FROM ITALY INC.,5810,4-NON,10-K,20201231,Y
1608390,,AFFIMED N.V.,2834,2-ACC,20-F,20201231,N
1609065,PBHC,"PATHFINDER BANCORP, INC.",6022,4-NON,10-Q,20210331,Y
1609253,CRC,CALIFORNIA RESOURCES CORP,1311,4-NON,10-Q,20210331,Y
1609471,,"WATERMARK LODGING TRUST, INC.",6798,4-NON,10-Q,20210331,N
1609550,INSP,"INSPIRE MEDICAL SYSTEMS, INC.",3841,1-LAF,10-Q,20210331,Y
1609702,,"CDK GLOBAL, INC.",7389,1-LAF,10-Q,20210331,N
1609711,GDDY,GODADDY INC.,7373,1-LAF,10-Q,20210331,Y
1609804,OEC,ORION ENGINEERED CARBONS S.A.,2890,1-LAF,10-Q,20210331,Y
1609809,MCRB,"SERES THERAPEUTICS, INC.",2834,4-NON,10-Q,20210331,Y
1609988,,FLOOIDCX CORP.,7389,4-NON,10-K,20210228,N
1610114,,NEW SENIOR INVESTMENT GROUP INC.,6798,2-ACC,10-Q,20210331,N
1610250,BOOT,"BOOT BARN HOLDINGS, INC.",5661,1-LAF,10-K,20210331,Y
1610466,,"SHELL MIDSTREAM PARTNERS, L.P.",4610,1-LAF,10-Q,20210331,N
1610601,MOMO,MOMO INC.,7372,1-LAF,20-F,20201231,Y
1610618,,"CIDARA THERAPEUTICS, INC.",2836,4-NON,10-Q,20210331,N
1610682,,USD PARTNERS LP,4013,4-NON,10-Q,20210331,N
1610853,HSDT,"HELIUS MEDICAL TECHNOLOGIES, INC.",3845,4-NON,10-Q,20210331,Y
1610940,BDRY,ETF MANAGERS GROUP COMMODITY TRUST I,6221,4-NON,10-Q,20210331,Y
1610950,,"SYNEOS HEALTH, INC.",8731,1-LAF,10-Q,20210331,N
1611005,KEN,KENON HOLDINGS LTD.,4911,2-ACC,20-F,20201231,Y
1611547,UE,URBAN EDGE PROPERTIES,6500,1-LAF,10-Q,20210331,Y
1611647,FRPT,"FRESHPET, INC.",2040,1-LAF,10-Q,20210331,Y
1611747,SCNI,BIONDVAX PHARMACEUTICALS LTD.,2836,2-ACC,20-F,20201231,Y
1611852,,"ROAN HOLDINGS GROUP CO., LTD.",6159,4-NON,20-F,20201231,N
1611983,LBRDA,LIBERTY BROADBAND CORP,4841,1-LAF,10-Q,20210331,Y
1612188,,TEO FOODS INC,2090,4-NON,10-Q,20210331,N
1612630,JYNT,JOINT CORP,6794,4-NON,10-Q,20210331,Y
1612720,NEXT,NEXTDECADE CORP.,4923,4-NON,10-Q,20210331,Y
1613103,MDT,MEDTRONIC PLC,3845,1-LAF,10-K,20210430,Y
1613665,,"GREAT WESTERN BANCORP, INC.",6022,1-LAF,10-Q,20210331,N
1613685,,TRENDMAKER INC. LTD.,2731,4-NON,10-Q,20210430,N
1613780,DBVT,DBV TECHNOLOGIES S.A.,2836,4-NON,10-Q,20210331,Y
1613859,,"PRA HEALTH SCIENCES, INC.",8731,1-LAF,10-Q,20210331,N
1614067,,"ARIDIS PHARMACEUTICALS, INC.",2834,4-NON,10-Q,20210331,N
1614178,YEXT,"YEXT, INC.",7374,1-LAF,10-Q,20210430,Y
1614184,,CADENCE BANCORPORATION,6021,1-LAF,10-Q,20210331,N
1614556,,STAR ALLIANCE INTERNATIONAL CORP.,1040,4-NON,10-Q,20200930,N
1614806,RPT,GREAT AJAX CORP.,6798,2-ACC,10-Q,20210331,Y
1614826,,"EDGE DATA SOLUTIONS, INC.",3790,4-NON,10-K,20201231,N
1615063,INSE,"INSPIRED ENTERTAINMENT, INC.",7372,4-NON,10-Q,20210331,Y
1615165,VERI,"VERITONE, INC.",7374,4-NON,10-Q,20210331,Y
1615219,DCOY,"SALARIUS PHARMACEUTICALS, INC.",2834,4-NON,10-Q,20210331,Y
1615222,,"MOODY NATIONAL REIT II, INC.",6798,4-NON,10-Q,20210331,N
1615346,,LANDMARK INFRASTRUCTURE PARTNERS LP,6519,2-ACC,10-Q,20210331,N
1615780,,"TEARDROPPERS, INC.",7310,4-NON,10-K,20201231,N
1615903,IFS,INTERCORP FINANCIAL SERVICES INC.,6029,1-LAF,20-F,20201231,Y
1615999,,"NEUROPATHIX, INC.",2834,4-NON,10-Q,20210331,N
1616000,XHR,"XENIA HOTELS & RESORTS, INC.",7011,1-LAF,10-Q,20210331,Y
1616156,WEWA,"WEWARDS, INC.",7370,4-NON,10-Q,20210228,Y
1616212,,TRILLIUM THERAPEUTICS INC.,2834,4-NON,10-Q,20210331,N
1616262,RMCF,"ROCKY MOUNTAIN CHOCOLATE FACTORY, INC.",2060,4-NON,10-K,20210228,Y
1616291,,JUPAI HOLDINGS LTD,8741,4-NON,20-F,20201231,N
1616318,,VISTA OUTDOOR INC.,3480,1-LAF,10-K,20210331,N
1616533,PENG,"SMART GLOBAL HOLDINGS, INC.",3674,2-ACC,10-Q,20210228,Y
1616543,SENS,"SENSEONICS HOLDINGS, INC.",3823,4-NON,10-Q,20210331,Y
1616707,W,WAYFAIR INC.,5961,1-LAF,10-Q,20210331,Y
1616741,,"PATRIOT TRANSPORTATION HOLDING, INC.",4210,4-NON,10-Q,20210331,N
1616788,,LEGACY VENTURES INTERNATIONAL INC.,3841,4-NON,10-Q,20210331,N
1616862,AXTA,AXALTA COATING SYSTEMS LTD.,2851,1-LAF,10-Q,20210331,Y
1617227,,"J. ALEXANDER'S HOLDINGS, INC.",5812,4-NON,10-Q,20210331,N
1617242,KRNY,KEARNY FINANCIAL CORP.,6035,1-LAF,10-Q,20210331,Y
1617351,,"MU YAN TECHNOLOGY GROUP CO., LTD",5122,4-NON,10-Q,20210430,N
1617406,PK,PARK HOTELS & RESORTS INC.,7011,1-LAF,10-Q,20210331,Y
1617640,ZG,"ZILLOW GROUP, INC.",7389,1-LAF,10-Q,20210331,Y
1617669,,"UNIQUE FABRICATING, INC.",3714,4-NON,10-K,20201231,N
1618181,GLDM,WORLD GOLD TRUST,6221,1-LAF,10-Q,20210331,Y
1618500,,MEDIGUS LTD.,3841,4-NON,20-F,20201231,N
1618563,,NATIONAL STORAGE AFFILIATES TRUST,6798,1-LAF,10-Q,20210331,N
1618673,PFGC,PERFORMANCE FOOD GROUP CO,5141,1-LAF,10-Q,20210331,Y
1618732,NTNX,"NUTANIX, INC.",7372,1-LAF,10-Q,20210430,Y
1618755,QSP,RESTAURANT BRANDS INTERNATIONAL LIMITED PARTNERSHIP,5812,1-LAF,10-Q,20210331,Y
1618756,QSR,RESTAURANT BRANDS INTERNATIONAL INC.,5812,1-LAF,10-Q,20210331,Y
1618835,EVFM,"EVOFEM BIOSCIENCES, INC.",2834,4-NON,10-Q,20210331,Y
1619096,SNTW,SUMMIT NETWORKS INC.,4953,4-NON,10-Q,20210331,Y
1619227,CLOW,"CLOUDWEB, INC.",7370,4-NON,10-Q,20210331,Y
1619312,LTSV,LIGHTSTONE REAL ESTATE INCOME TRUST INC.,6798,4-NON,10-Q,20210331,Y
1619544,JFU,9F INC.,6199,2-ACC,20-F,20201231,Y
1619954,,"INOVALON HOLDINGS, INC.",7374,1-LAF,10-Q,20210331,N
1620179,,"EXELA TECHNOLOGIES, INC.",7389,4-NON,10-Q,20210331,N
1620280,,UNITI GROUP INC.,6798,1-LAF,10-Q,20210331,N
1620393,NXRT,"NEXPOINT RESIDENTIAL TRUST, INC.",6798,1-LAF,10-Q,20210331,Y
1620459,JRVR,"JAMES RIVER GROUP HOLDINGS, LTD.",6331,1-LAF,10-Q,20210331,Y
1620463,LONA,"ATHIRA PHARMA, INC.",2836,4-NON,10-Q,20210331,Y
1620533,SHAK,SHAKE SHACK INC.,5810,1-LAF,10-Q,20210331,Y
1620664,,"CHINA CUSTOMER RELATIONS CENTERS, INC.",7389,4-NON,20-F,20201231,N
1620749,PHCI,PANAMERA HEALTHCARE CORP,8742,4-NON,10-Q,20210430,Y
1621221,ARTL,"ARTELO BIOSCIENCES, INC.",2834,4-NON,10-Q,20210228,Y
1621227,ADAPY,ADAPTIMMUNE THERAPEUTICS PLC,2836,1-LAF,10-Q,20210331,Y
1621434,BSM,"BLACK STONE MINERALS, L.P.",1311,1-LAF,10-Q,20210331,Y
1621443,,"ZYNERBA PHARMACEUTICALS, INC.",2834,4-NON,10-Q,20210331,N
1621563,,"SUMMIT MATERIALS, INC.",1400,1-LAF,10-Q,20210331,N
1621672,SLE,"SUPER LEAGUE GAMING, INC.",7900,4-NON,10-Q,20210331,Y
1621832,AQMS,"AQUA METALS, INC.",3341,4-NON,10-Q,20210331,Y
1621906,WSTRF,WESTERN URANIUM & VANADIUM CORP.,1090,4-NON,10-K,20201231,Y
1622194,DEA,"EASTERLY GOVERNMENT PROPERTIES, INC.",6798,1-LAF,10-Q,20210331,Y
1622229,COGT,"COGENT BIOSCIENCES, INC.",2834,4-NON,10-Q,20210331,Y
1622231,,BOATIM INC.,7374,4-NON,10-Q,20210228,N
1622244,OWPC,"ONE WORLD PHARMA, INC.",2834,4-NON,10-K,20201231,Y
1622345,POLA,"POLAR POWER, INC.",3690,4-NON,10-Q,20210331,Y
1622408,,FRITZY TECH INC.,6500,4-NON,10-Q,20210331,N
1622879,,"MEDICINE MAN TECHNOLOGIES, INC.",8742,4-NON,10-Q,20210331,N
1622996,ACBM,"ACRO BIOMEDICAL CO., LTD.",7900,4-NON,10-K,20201231,Y
1623360,,MIRAGE ENERGY CORP,3089,4-NON,10-Q,20210131,N
1623526,STOK,"STOKE THERAPEUTICS, INC.",2834,4-NON,10-Q,20210331,Y
1623590,,VITAXEL GROUP LTD,0200,4-NON,10-Q,20210331,N
1623925,AM,ANTERO MIDSTREAM CORP,4922,1-LAF,10-Q,20210331,Y
1624322,BFST,"BUSINESS FIRST BANCSHARES, INC.",6022,2-ACC,10-Q,20210331,Y
1624326,PAVM,PAVMED INC.,3841,4-NON,10-Q,20210331,Y
1624512,BOXL,BOXLIGHT CORP,8200,4-NON,10-Q,20210331,Y
1624658,,"ALLENA PHARMACEUTICALS, INC.",2836,4-NON,10-Q,20210331,N
1624794,CSW,"CSW INDUSTRIALS, INC.",2891,1-LAF,10-K,20210331,Y
1625101,PLSE,"PULSE BIOSCIENCES, INC.",3841,4-NON,10-Q,20210331,Y
1625285,,ARMA SERVICES INC,8744,4-NON,10-Q,20200731,N
1625288,,"NEXIEN BIOPHARMA, INC.",2834,4-NON,10-Q,20210331,N
1625414,BZUN,BAOZUN INC.,5961,1-LAF,20-F,20201231,Y
1625941,,BLACK CREEK INDUSTRIAL REIT IV INC.,6798,4-NON,10-Q,20210331,N
1626115,PJT,PJT PARTNERS INC.,6282,1-LAF,10-Q,20210331,Y
1626199,,"ALPINE IMMUNE SCIENCES, INC.",2834,4-NON,10-Q,20210331,N
1626450,CMRC,"BIGCOMMERCE HOLDINGS, INC.",7372,4-NON,10-Q,20210331,Y
1626556,,"AMERICAN EDUCATION CENTER, INC.",8200,4-NON,10-K,20201231,N
1626644,ODYY,"ODYSSEY GROUP INTERNATIONAL, INC.",3841,4-NON,10-Q,20210430,Y
1626745,FVTI,"FORTUNE VALLEY TREASURES, INC.",5900,4-NON,10-K,20201231,Y
1626878,XBIT,XBIOTECH INC.,2834,2-ACC,10-Q,20210331,Y
1626971,CRVS,"CORVUS PHARMACEUTICALS, INC.",2834,4-NON,10-Q,20210331,Y
1627014,,"BLACK KNIGHT, INC.",7372,1-LAF,10-Q,20210331,N
1627041,,VISIBER57 CORP.,7372,4-NON,10-Q,20210228,N
1627223,CC,CHEMOURS CO,2800,1-LAF,10-Q,20210331,Y
1627452,,ME RENEWABLE POWER CORP,7372,4-NON,10-K,20201231,N
1627469,,"PHOTOZOU HOLDINGS, INC.",7310,4-NON,10-Q,20210228,N
1627475,UPWK,"UPWORK, INC",7374,1-LAF,10-Q,20210331,Y
1627480,,"PV NANO CELL, LTD.",2890,4-NON,20-F,20191231,N
1627554,,QUEST MANAGEMENT INC,3949,4-NON,10-K,20201031,N
1627606,,DAVIDSTEA INC.,5400,4-NON,10-K,20210131,N
1627611,,12 RETECH CORP,7371,4-NON,10-Q,20200331,N
1627857,,"SAILPOINT TECHNOLOGIES HOLDINGS, INC.",7372,1-LAF,10-Q,20210331,N
1628063,SRG,SERITAGE GROWTH PROPERTIES,6500,2-ACC,10-Q,20210331,Y
1628171,RVMD,"REVOLUTION MEDICINES, INC.",2836,4-NON,10-Q,20210331,Y
1628228,,"OPTILEAF, INC.",7372,4-NON,10-Q,20190331,N
1628369,CWK,CUSHMAN & WAKEFIELD PLC,6500,1-LAF,10-Q,20210331,Y
1628908,EVH,"EVOLENT HEALTH, INC.",8741,1-LAF,10-Q,20210331,Y
1629019,MBIN,MERCHANTS BANCORP,6022,2-ACC,10-Q,20210331,Y
1629137,,"GLOBAL BLOOD THERAPEUTICS, INC.",2834,1-LAF,10-Q,20210331,N
1629205,,"GRIDIRON BIONUTRIENTS, INC.",2834,4-NON,10-Q,20210228,N
1629210,PZG,PARAMOUNT GOLD NEVADA CORP.,1000,4-NON,10-Q,20210331,Y
1629665,,"MULIANG VIAGOO TECHNOLOGY, INC.",2870,4-NON,10-K,20201231,N
1630113,BTCY,BIOTRICITY INC.,3841,4-NON,10-K,20210331,Y
1630176,HYEX,HEALTHY EXTRACTS INC.,7374,4-NON,10-Q,20210331,Y
1630212,CHGA,AVALON GLOBOCARE CORP.,8742,4-NON,10-Q,20210331,Y
1630472,TRTX,"TPG RE FINANCE TRUST, INC.",6798,1-LAF,10-Q,20210331,Y
1630627,TMCI,"TREACE MEDICAL CONCEPTS, INC.",3841,4-NON,10-Q,20210331,Y
1630805,BW,"BABCOCK & WILCOX ENTERPRISES, INC.",3433,4-NON,10-Q,20210331,Y
1630856,,PROFESSIONAL HOLDING CORP.,6021,4-NON,10-Q,20210331,N
1631256,,"KBS GROWTH & INCOME REIT, INC.",6798,4-NON,10-Q,20210331,N
1631282,,DATASEA INC.,7372,4-NON,10-Q,20210331,N
1631463,BRLL,BARREL ENERGY INC.,1311,4-NON,10-Q,20200331,Y
1631569,CHCT,COMMUNITY HEALTHCARE TRUST INC,6798,1-LAF,10-Q,20210331,Y
1631574,WVE,WAVE LIFE SCIENCES LTD.,2834,4-NON,10-Q,20210331,Y
1631596,KREF,KKR REAL ESTATE FINANCE TRUST INC.,6798,2-ACC,10-Q,20210331,Y
1631761,YRD,YIREN DIGITAL LTD.,6199,4-NON,20-F,20201231,Y
1632081,,"HOMETOWN INTERNATIONAL, INC.",5412,4-NON,10-Q,20210331,N
1632121,BLNC,"BALANCE LABS, INC.",8742,4-NON,10-Q,20210331,Y
1632127,CABO,"CABLE ONE, INC.",4841,1-LAF,10-Q,20210331,Y
1632275,,CAT9 GROUP INC.,2833,4-NON,10-Q,20210331,N
1632790,ENR,"ENERGIZER HOLDINGS, INC.",3690,1-LAF,10-Q,20210331,Y
1632970,AHR,"GRIFFIN-AMERICAN HEALTHCARE REIT IV, INC.",6798,4-NON,10-Q,20210331,Y
1633070,,AXCELLA HEALTH INC.,2836,4-NON,10-Q,20210331,N
1633917,PYPL,"PAYPAL HOLDINGS, INC.",7389,1-LAF,10-Q,20210331,Y
1633931,,TOPBUILD CORP,1700,1-LAF,10-Q,20210331,N
1633932,,ESSA PHARMA INC.,2834,4-NON,10-Q,20210331,N
1633978,LITE,LUMENTUM HOLDINGS INC.,3669,1-LAF,10-Q,20210331,Y
1634038,,"PROSIGHT GLOBAL, INC.",6331,2-ACC,10-Q,20210331,N
1634117,BNED,"BARNES & NOBLE EDUCATION, INC.",5940,2-ACC,10-K,20210430,Y
1634293,,"EXCEED WORLD, INC.",8200,4-NON,10-Q,20210331,N
1634379,,"METACRINE, INC.",2834,4-NON,10-Q,20210331,N
1634432,,STRONGBRIDGE BIOPHARMA PLC,2834,4-NON,10-Q,20210331,N
1634447,,"ISUN, INC.",3674,4-NON,10-Q,20210331,N
1634997,,"AVANGRID, INC.",4911,1-LAF,10-Q,20210331,N
1635136,,DUO WORLD INC,7372,4-NON,10-K,20210331,N
1635282,RMNI,"RIMINI STREET, INC.",7389,2-ACC,10-Q,20210331,Y
1635650,,GREEN PLAINS PARTNERS LP,2860,2-ACC,10-Q,20210331,N
1635881,,EXTERRAN CORP,7359,2-ACC,10-Q,20210331,N
1635984,,"NATIONAL WESTERN LIFE GROUP, INC.",6311,2-ACC,10-Q,20210331,N
1636050,,SIO GENE THERAPIES INC.,2834,4-NON,10-K,20210331,N
1636051,FUST,FUSE GROUP HOLDING INC.,1000,4-NON,10-Q,20210331,Y
1636222,WING,WINGSTOP INC.,5812,1-LAF,10-Q,20210331,Y
1636282,SYRE,"AEGLEA BIOTHERAPEUTICS, INC.",2834,4-NON,10-Q,20210331,Y
1636286,,ALTABANCORP,6022,2-ACC,10-Q,20210331,N
1636422,HCAT,"HEALTH CATALYST, INC.",7370,1-LAF,10-Q,20210331,Y
1636519,MSGS,MADISON SQUARE GARDEN SPORTS CORP.,7990,1-LAF,10-Q,20210331,Y
1636651,OVID,OVID THERAPEUTICS INC.,2834,4-NON,10-Q,20210331,Y
1636760,,HUALE ACOUSTICS LTD,7389,4-NON,20-F,20201231,N
1637207,PLNT,"PLANET FITNESS, INC.",7997,1-LAF,10-Q,20210331,Y
1637459,KHC,KRAFT HEINZ CO,2030,1-LAF,10-Q,20210331,Y
1637655,,HORIZON GLOBAL CORP,3714,4-NON,10-Q,20210331,N
1637715,OKUR,"RENEO PHARMACEUTICALS, INC.",2834,4-NON,10-Q,20210331,Y
1637757,,CLEARWAY ENERGY LLC,4911,4-NON,10-Q,20210331,N
1637761,,SEASPINE HOLDINGS CORP,3841,2-ACC,10-Q,20210331,N
1637866,,"DEEP GREEN WASTE & RECYCLING, INC.",4955,4-NON,10-K,20201231,N
1637873,ACVA,ACV AUCTIONS INC.,7389,4-NON,10-Q,20210331,Y
1637880,,"TRI-STATE GENERATION & TRANSMISSION ASSOCIATION, INC.",4911,4-NON,10-Q,20210331,N
1638287,MTVA,"NEUROBO PHARMACEUTICALS, INC.",2834,4-NON,10-K,20201231,Y
1638290,MCFT,"MASTERCRAFT BOAT HOLDINGS, INC.",3730,2-ACC,10-Q,20210331,Y
1638381,,INTEC PHARMA LTD.,2834,4-NON,10-Q,20210331,N
1638833,SGRY,"SURGERY PARTNERS, INC.",8062,2-ACC,10-Q,20210331,Y
1638911,DUKR,UAS DRONE CORP.,3721,4-NON,10-Q,20210331,Y
1639068,HBUV,HUBILU VENTURE CORP,8742,4-NON,10-Q,20200930,Y
1639300,OLLI,"OLLIE'S BARGAIN OUTLET HOLDINGS, INC.",5331,1-LAF,10-Q,20210430,Y
1639691,LIVN,LIVANOVA PLC,3845,1-LAF,10-Q,20210331,Y
1639825,PTON,"PELOTON INTERACTIVE, INC.",3949,4-NON,10-Q,20210331,Y
1639877,GSM,FERROGLOBE PLC,1000,1-LAF,20-F,20201231,Y
1640043,PXS,PYXIS TANKERS INC.,4412,4-NON,20-F,20201231,Y
1640147,SNOW,SNOWFLAKE INC.,7372,4-NON,10-Q,20210430,Y
1640266,VYGR,"VOYAGER THERAPEUTICS, INC.",2836,2-ACC,10-Q,20210331,Y
1640384,PWCM,"LM FUNDING AMERICA, INC.",6199,4-NON,10-Q,20210331,Y
1640428,EVER,"EVERQUOTE, INC.",7370,1-LAF,10-Q,20210331,Y
1640455,,"JOUNCE THERAPEUTICS, INC.",2836,2-ACC,10-Q,20210331,N
1640982,,"ATEL 17, LLC",7359,4-NON,10-Q,20210331,N
1641281,BOLT,"BOLT BIOTHERAPEUTICS, INC.",2834,4-NON,10-Q,20210331,Y
1641398,GDC,CODE CHAIN NEW CONTINENT LTD,5050,4-NON,10-Q,20210331,Y
1641489,VTVT,VTV THERAPEUTICS INC.,2834,4-NON,10-Q,20210331,Y
1641601,RVRF,RIVER FINANCIAL CORP,6022,4-NON,10-Q,20210331,Y
1641614,PMTS,CPI CARD GROUP INC.,6153,4-NON,10-Q,20210331,Y
1641631,XAIR,"BEYOND AIR, INC.",3841,4-NON,10-K,20210331,Y
1641640,,NABRIVA THERAPEUTICS PLC,2834,4-NON,10-Q,20210331,N
1641751,,BREWBILT MANUFACTURING INC.,5047,4-NON,10-Q,20210331,N
1641991,,"SPX FLOW, INC.",3540,1-LAF,10-Q,20210331,N
1642081,,"ALLEGIANCE BANCSHARES, INC.",6022,2-ACC,10-Q,20210331,N
1642122,ACGP,"ASSOCIATED CAPITAL GROUP, INC.",6211,4-NON,10-Q,20210331,Y
1642159,SIGY,"SIGYN THERAPEUTICS, INC.",3841,4-NON,10-K,20201231,Y
1642375,,"GUARDION HEALTH SCIENCES, INC.",2834,4-NON,10-Q,20210331,N
1642380,IMDX,ONCOCYTE CORP,2835,4-NON,10-Q,20210331,Y
1642453,,"DASEKE, INC.",4700,2-ACC,10-Q,20210331,N
1642545,,"SHOCKWAVE MEDICAL, INC.",3841,1-LAF,10-Q,20210331,N
1642985,,"PARKING REIT, INC.",6798,4-NON,10-Q,20210331,N
1643154,ITHUF,"IANTHUS CAPITAL HOLDINGS, INC.",0100,4-NON,10-Q,20210331,Y
1643269,,"SUMO LOGIC, INC.",7372,4-NON,10-Q,20210430,N
1643301,,CURE PHARMACEUTICAL HOLDING CORP.,2834,4-NON,10-Q,20210331,N
1643542,,EXSULAR FINANCIAL GROUP INC.,7374,4-NON,10-Q,20210331,N
1643615,ONT,"MONTROSE ENVIRONMENTAL GROUP, INC.",8742,4-NON,10-Q,20210331,Y
1643721,BOTX,"LEAFBUYER TECHNOLOGIES, INC.",4700,4-NON,10-Q,20210331,Y
1643918,BDRX,MIDATECH PHARMA PLC,2834,4-NON,20-F,20201231,Y
1643953,PRPL,"PURPLE INNOVATION, INC.",2510,2-ACC,10-Q,20210331,Y
1643988,,"LOOP MEDIA, INC.",7363,4-NON,10-K,20201231,N
1644378,RMR,RMR GROUP INC.,8742,2-ACC,10-Q,20210331,Y
1644406,,"HOSTESS BRANDS, INC.",2050,1-LAF,10-Q,20210331,N
1644440,,GCP APPLIED TECHNOLOGIES INC.,2800,1-LAF,10-Q,20210331,N
1644675,,MIMECAST LTD,7372,1-LAF,10-K,20210331,N
1644903,YCBD,"CBDMD, INC.",2844,4-NON,10-Q,20210331,Y
1644963,ATXI,"AVENUE THERAPEUTICS, INC.",2834,4-NON,10-Q,20210331,Y
1645113,NVCR,NOVOCURE LTD,3841,1-LAF,10-Q,20210331,Y
1645155,WBSR,WEBSTAR TECHNOLOGY GROUP INC.,7372,4-NON,10-K,20201231,Y
1645260,,TODOS MEDICAL LTD.,3841,4-NON,10-K,20201231,N
1645460,CUE,"CUE BIOPHARMA, INC.",2834,4-NON,10-Q,20210331,Y
1645469,MNPR,MONOPAR THERAPEUTICS,2834,4-NON,10-Q,20210331,Y
1645590,HPE,HEWLETT PACKARD ENTERPRISE CO,5045,1-LAF,10-Q,20210430,Y
1645666,,"KEZAR LIFE SCIENCES, INC.",2834,4-NON,10-Q,20210331,N
1645842,,ZYMERGEN INC.,8731,4-NON,10-Q,20210331,N
1645873,MDV,MODIV INC.,6798,4-NON,10-Q,20210331,Y
1646188,ONDS,ONDAS HOLDINGS INC.,3663,4-NON,10-Q,20210331,Y
1646228,,AT HOME GROUP INC.,5700,2-ACC,10-Q,20210430,N
1646972,ACI,"ALBERTSONS COMPANIES, INC.",5411,4-NON,10-K,20210228,Y
1647088,WSC,WILLSCOT MOBILE MINI HOLDINGS CORP.,7350,1-LAF,10-Q,20210331,Y
1647513,,NOBLE MIDSTREAM PARTNERS LP,4610,2-ACC,10-Q,20210331,N
1647639,UPST,"UPSTART HOLDINGS, INC.",6199,4-NON,10-Q,20210331,Y
1647822,SVMB,SAVMOBI TECHNOLOGY INC.,7372,4-NON,10-Q,20210228,Y
1648365,,"IWEB, INC.",7310,4-NON,10-K,20201231,N
1648428,,"SEQUENTIAL BRANDS GROUP, INC.",2300,4-NON,10-K,20201231,N
1648636,TRLEF,TRILLION ENERGY INTERNATIONAL INC.,1311,4-NON,10-K,20201231,Y
1648903,,"FIRST FOODS GROUP, INC.",7812,4-NON,10-Q,20210331,N
1649009,CHAI,SIYATA MOBILE INC.,4812,4-NON,20-F,20201231,Y
1649094,PCVX,"VAXCYTE, INC.",2836,4-NON,10-Q,20210331,Y
1649096,CLPR,CLIPPER REALTY INC.,6798,2-ACC,10-Q,20210331,Y
1649744,DLTH,DULUTH HOLDINGS INC.,5600,2-ACC,10-Q,20210430,Y
1649749,FBK,FB FINANCIAL CORP,6022,2-ACC,10-Q,20210331,Y
1649904,RYTM,"RHYTHM PHARMACEUTICALS, INC.",2834,1-LAF,10-Q,20210331,Y
1649989,OTLK,"OUTLOOK THERAPEUTICS, INC.",2836,4-NON,10-Q,20210331,Y
1650101,ATXG,ADDENTAX GROUP CORP.,7330,4-NON,10-K,20210331,Y
1650132,FCPT,"FOUR CORNERS PROPERTY TRUST, INC.",6798,1-LAF,10-Q,20210331,Y
1650575,BRQSF,"BORQS TECHNOLOGIES, INC.",7373,4-NON,20-F,20201231,Y
1650648,FDMT,4D MOLECULAR THERAPEUTICS INC.,2836,4-NON,10-Q,20210331,Y
1650664,EDIT,"EDITAS MEDICINE, INC.",2836,1-LAF,10-Q,20210331,Y
1650696,LSF,"LAIRD SUPERFOOD, INC.",2000,4-NON,10-Q,20210331,Y
1650729,SITE,"SITEONE LANDSCAPE SUPPLY, INC.",5040,1-LAF,10-Q,20210331,Y
1650739,,"AJIA INNOGROUP HOLDINGS, LTD.",7200,4-NON,10-Q,20210331,N
1650962,,"WELBILT, INC.",3580,1-LAF,10-Q,20210331,N
1651052,,FOCUS FINANCIAL PARTNERS INC.,6282,1-LAF,10-Q,20210331,N
1651094,,"ELEVATE CREDIT, INC.",6199,4-NON,10-Q,20210331,N
1651308,ONC,"BEIGENE, LTD.",2834,1-LAF,10-Q,20210331,Y
1651311,,MERUS N.V.,2834,4-NON,10-Q,20210331,N
1651407,,"CHECKPOINT THERAPEUTICS, INC.",2834,4-NON,10-Q,20210331,N
1651431,,"CHECKMATE PHARMACEUTICALS, INC.",2836,4-NON,10-Q,20210331,N
1651561,,"TABULA RASA HEALTHCARE, INC.",7389,1-LAF,10-Q,20210331,N
1651562,COUR,"COURSERA, INC.",7372,4-NON,10-Q,20210331,Y
1651932,XITO,"XENOUS HOLDINGS, INC.",6770,4-NON,10-K,20210331,Y
1651944,,"DERMTECH, INC.",8071,4-NON,10-Q,20210331,N
1651958,,EOS INC.,2844,4-NON,10-K,20201231,N
1651992,ASFT,"APPSOFT TECHNOLOGIES, INC.",7372,4-NON,10-K,20201231,Y
1652044,GOOGL,ALPHABET INC.,7370,1-LAF,10-Q,20210331,Y
1652130,NTLA,"INTELLIA THERAPEUTICS, INC.",2835,1-LAF,10-Q,20210331,Y
1652133,,OASIS MIDSTREAM PARTNERS LP,1381,2-ACC,10-Q,20210331,N
1652362,,"INFRASTRUCTURE & ENERGY ALTERNATIVES, INC.",6770,4-NON,10-Q,20210331,N
1652535,ICHR,"ICHOR HOLDINGS, LTD.",3674,2-ACC,10-Q,20210331,Y
1652539,SNRG,SUSGLOBAL ENERGY CORP.,4953,4-NON,10-K,20201231,Y
1652561,DQWS,DSWISS INC,2844,4-NON,10-Q,20210331,Y
1652724,,"LUCIRA HEALTH, INC.",2835,4-NON,10-Q,20210331,N
1652842,,UNITED ROYALE HOLDINGS CORP.,0100,4-NON,10-Q,20210331,N
1652958,EDGM,"FOURTH WAVE ENERGY, INC.",8082,4-NON,10-Q,20210331,Y
1653087,ALEC,"ALECTOR, INC.",2836,1-LAF,10-Q,20210331,Y
1653247,,WAITR HOLDINGS INC.,7389,2-ACC,10-Q,20210331,N
1653477,NGVT,INGEVITY CORP,2800,1-LAF,10-Q,20210331,Y
1653558,PRTH,"PRIORITY TECHNOLOGY HOLDINGS, INC.",7389,4-NON,10-Q,20210331,Y
1653653,RRR,"RED ROCK RESORTS, INC.",7011,1-LAF,10-Q,20210331,Y
1653821,,CEN BIOTECH INC,2834,4-NON,10-Q,20210331,N
1654151,,"DECIPHERA PHARMACEUTICALS, INC.",2834,1-LAF,10-Q,20210331,N
1654595,MDRR,"MEDALIST DIVERSIFIED REIT, INC.",6798,4-NON,10-Q,20210331,Y
1654672,,"PINEAPPLE, INC.",8742,4-NON,10-Q,20200331,N
1654948,,"HARTMAN VREIT XXI, INC.",6798,4-NON,10-Q,20210331,N
1655008,,HAHA GENERATION CORP.,5130,4-NON,10-K,20201231,N
1655020,,"EXTRACTION OIL & GAS, INC.",1311,4-NON,10-Q,20210331,N
1655075,,"ARMSTRONG FLOORING, INC.",3089,4-NON,10-Q,20210331,N
1655210,BYND,"BEYOND MEAT, INC.",2000,1-LAF,10-Q,20210331,Y
1655759,ARVN,"ARVINAS, INC.",2834,1-LAF,10-Q,20210331,Y
1656472,CRON,CRONOS GROUP INC.,2833,1-LAF,10-Q,20210331,Y
1656501,,"BORROWMONEY.COM, INC.",7389,4-NON,10-Q,20210228,N
1656536,,"DECIBEL THERAPEUTICS, INC.",2834,4-NON,10-Q,20210331,N
1656634,,"GRITSTONE BIO, INC.",2836,2-ACC,10-Q,20210331,N
1656936,,MGM GROWTH PROPERTIES LLC,6798,1-LAF,10-Q,20210331,N
1657045,,"ALLYME GROUP, INC./NV",8742,4-NON,10-K,20201231,N
1657214,ILAL,INTERNATIONAL LAND ALLIANCE INC.,6552,4-NON,10-K,20201231,Y
1657249,,"ROAD MARSHALL, INC.",7371,4-NON,10-Q,20210331,N
1657312,,VERONA PHARMA PLC,2834,4-NON,10-Q,20210331,N
1657642,SLBK,PARKWAY ACQUISITION CORP.,6022,4-NON,10-Q,20210331,Y
1657788,KRP,"KIMBELL ROYALTY PARTNERS, LP",1311,2-ACC,10-Q,20210331,Y
1657853,HTZ,"HERTZ GLOBAL HOLDINGS, INC",7510,2-ACC,10-Q,20210331,Y
1658247,CRNX,"CRINETICS PHARMACEUTICALS, INC.",2834,4-NON,10-Q,20210331,Y
1658566,PR,"CENTENNIAL RESOURCE DEVELOPMENT, INC.",1311,2-ACC,10-Q,20210331,Y
1659166,FTV,FORTIVE CORP,3823,1-LAF,10-Q,20210331,Y
1659183,,NDIVISION INC.,7374,4-NON,10-Q,20210331,N
1659207,,FELLAZO CORP,2750,4-NON,10-Q,20210228,N
1659323,,ITERUM THERAPEUTICS PLC,2834,4-NON,10-Q,20210331,N
1659352,,"CODIAK BIOSCIENCES, INC.",2836,4-NON,10-Q,20210331,N
1659494,COE,CHINA ONLINE EDUCATION GROUP,8200,2-ACC,20-F,20201231,Y
1659559,,JIALIJIA GROUP CORP LTD,5090,4-NON,10-K,20191231,N
1659617,MBRX,"MOLECULIN BIOTECH, INC.",2834,4-NON,10-Q,20210331,Y
1659939,ENIC,ENEL CHILE S.A.,4911,1-LAF,20-F,20201231,Y
1660134,OKTA,"OKTA, INC.",7372,1-LAF,10-Q,20210430,Y
1660280,TENB,"TENABLE HOLDINGS, INC.",7372,1-LAF,10-Q,20210331,Y
1660334,VRCA,VERRICA PHARMACEUTICALS INC.,2834,4-NON,10-Q,20210331,Y
1660734,TRTN-PA,TRITON INTERNATIONAL LTD,7359,1-LAF,10-Q,20210331,Y
1661039,,"TPT GLOBAL TECH, INC.",4899,4-NON,10-K,20201231,N
1661053,NVNO,"HANCOCK JAFFE LABORATORIES, INC.",3841,4-NON,10-Q,20210331,Y
1661059,NXTC,"NEXTCURE, INC.",2834,4-NON,10-Q,20210331,Y
1661181,ORGO,ORGANOGENESIS HOLDINGS INC.,2834,4-NON,10-Q,20210331,Y
1661458,,"HIGHLANDS REIT, INC.",6798,4-NON,10-Q,20210331,N
1661460,,"POSEIDA THERAPEUTICS, INC.",2836,4-NON,10-Q,20210331,N
1661600,SATT,SEEDO CORP.,8742,4-NON,10-Q,20210331,Y
1661920,,LONESTAR RESOURCES US INC.,1311,4-NON,10-Q,20210331,N
1661998,QTTB,"HOMOLOGY MEDICINES, INC.",2834,4-NON,10-Q,20210331,Y
1662382,,BRAIN SCIENTIFIC INC.,3841,4-NON,10-K,20201231,N
1662574,,"GROM SOCIAL ENTERPRISES, INC.",7370,4-NON,10-K,20201231,N
1662579,CCCC,"C4 THERAPEUTICS, INC.",2836,4-NON,10-Q,20210331,Y
1662684,KULR,"KULR TECHNOLOGY GROUP, INC.",3670,4-NON,10-Q,20210331,Y
1662774,QNCX,"CORTEXYME, INC.",2836,1-LAF,10-Q,20210331,Y
1662972,BSTT,"BLACKSTONE REAL ESTATE INCOME TRUST, INC.",6798,4-NON,10-Q,20210331,Y
1664106,,"LOGICBIO THERAPEUTICS, INC.",2836,2-ACC,10-Q,20210331,N
1664127,,"ALTITUDE INTERNATIONAL HOLDINGS, INC.",7363,4-NON,10-Q,20210331,N
1664703,BE,BLOOM ENERGY CORP,3620,1-LAF,10-Q,20210331,Y
1664710,KROS,"KEROS THERAPEUTICS, INC.",2834,4-NON,10-Q,20210331,Y
1664740,,MBC FUNDING II CORP.,6798,4-NON,10-Q,20210331,N
1664780,,"RODIN INCOME TRUST, INC.",6798,4-NON,10-Q,20210331,N
1664998,,"KNOWBE4, INC.",7370,4-NON,10-Q,20210331,N
1665300,PHUN,"PHUNWARE, INC.",7374,4-NON,10-Q,20210331,Y
1665598,,"RC-1, INC.",7948,4-NON,10-K,20201231,N
1665918,USFD,US FOODS HOLDING CORP.,5140,1-LAF,10-Q,20210331,Y
1665988,BVS,BIOVENTUS INC.,3841,4-NON,10-Q,20210331,Y
1666071,CDLX,"CARDLYTICS, INC.",7370,1-LAF,10-Q,20210331,Y
1666134,BL,"BLACKLINE, INC.",7372,1-LAF,10-Q,20210331,Y
1666138,ATKR,ATKORE INC.,3690,1-LAF,10-Q,20210331,Y
1666244,CFTR-PA,"CANTOR FITZGERALD INCOME TRUST, INC.",6798,4-NON,10-Q,20210331,Y
1666384,,"AG TWIN BROOK BDC, INC.",,4-NON,10-Q,20210331,N
1666700,DD,"DUPONT DE NEMOURS, INC.",2821,1-LAF,10-Q,20210331,Y
1667161,,"RANDOLPH BANCORP, INC.",6022,2-ACC,10-Q,20210331,N
1667313,ZDGE,"ZEDGE, INC.",7372,4-NON,10-Q,20210430,Y
1668010,DBGI,"DIGITAL BRANDS GROUP, INC.",5600,4-NON,10-Q,20210331,Y
1668082,,BYLOG GROUP CORP.,7374,4-NON,10-Q,20200630,N
1668105,,TALEND S.A.,7372,1-LAF,10-Q,20210331,N
1668243,URGN,UROGEN PHARMA LTD.,2834,4-NON,10-Q,20210331,Y
1668370,,"TOUGHBUILT INDUSTRIES, INC",3420,4-NON,10-Q,20210331,N
1668397,MEDP,"MEDPACE HOLDINGS, INC.",8731,1-LAF,10-Q,20210331,Y
1668438,IMTE,INTEGRATED MEDIA TECHNOLOGY LTD,3651,4-NON,20-F,20201231,Y
1668523,,GSG GROUP INC.,2750,4-NON,10-K,20201231,N
1668673,,"PETIQ, INC.",5122,1-LAF,10-Q,20210331,N
1669162,KNSL,"KINSALE CAPITAL GROUP, INC.",6331,1-LAF,10-Q,20210331,Y
1669400,,"VERITAS FARMS, INC.",0100,4-NON,10-K,20201231,N
1669779,CWH,"CAMPING WORLD HOLDINGS, INC.",5500,1-LAF,10-Q,20210331,Y
1669811,DFIN,"DONNELLEY FINANCIAL SOLUTIONS, INC.",7380,2-ACC,10-Q,20210331,Y
1670076,ULCC,"FRONTIER GROUP HOLDINGS, INC.",4512,4-NON,10-Q,20210331,Y
1670196,,DESEO SWIMWEAR INC.,2300,4-NON,10-K,20201231,N
1670349,,"U.S. WELL SERVICES, INC.",1389,4-NON,10-Q,20210331,N
1670541,ADNT,ADIENT PLC,3714,1-LAF,10-Q,20210331,Y
1670592,YETI,"YETI HOLDINGS, INC.",3949,1-LAF,10-Q,20210331,Y
1671013,,CARDTRONICS PLC,7389,1-LAF,10-Q,20210331,N
1671077,,MED SPA VACATIONS INC.,4700,4-NON,10-Q,20210331,N
1671584,APVO,APTEVO THERAPEUTICS INC.,2834,4-NON,10-Q,20210331,Y
1671818,,"ONCORUS, INC.",2834,4-NON,10-Q,20210331,N
1671858,SPRY,"SILVERBACK THERAPEUTICS, INC.",2834,4-NON,10-Q,20210331,Y
1671933,TTD,"TRADE DESK, INC.",7370,1-LAF,10-Q,20210331,Y
1672013,GOLF,ACUSHNET HOLDINGS CORP.,3949,1-LAF,10-Q,20210331,Y
1672571,AAQL,ACHISON INC,6221,4-NON,10-K,20210331,Y
1672572,,LANDBAY INC,1040,4-NON,10-K,20210331,N
1672619,ELVN,IMARA INC.,2834,4-NON,10-Q,20210331,Y
1672773,,"ARBORETUM SILVERLEAF INCOME FUND, L.P.",7359,4-NON,10-Q,20210331,N
1672885,,DOERS EDUCATION ASEAN LTD,6770,4-NON,10-K,20201231,N
1672909,CPHC,CANTERBURY PARK HOLDING CORP,7948,4-NON,10-Q,20210331,Y
1673358,YUMC,"YUM CHINA HOLDINGS, INC.",5812,1-LAF,10-Q,20210331,Y
1673431,,IA ENERGY CORP.,2800,4-NON,10-K,20201231,N
1673475,GPOX,"GPO PLUS, INC.",8900,4-NON,10-Q,20210131,Y
1673481,SEGG,TRIDENT ACQUISITIONS CORP.,6770,4-NON,10-Q,20210331,Y
1673772,,"RAPT THERAPEUTICS, INC.",2834,4-NON,10-Q,20210331,N
1673985,ASIX,ADVANSIX INC.,2821,2-ACC,10-Q,20210331,Y
1674101,VRT,VERTIV HOLDINGS CO,3679,1-LAF,10-Q,20210331,Y
1674168,HGV,HILTON GRAND VACATIONS INC.,7000,1-LAF,10-Q,20210331,Y
1674227,WORX,SCWORX CORP.,7990,4-NON,10-K,20201231,Y
1674335,JELD,"JELD-WEN HOLDING, INC.",2430,1-LAF,10-Q,20210331,Y
1674356,TPTS,"TERRA PROPERTY TRUST, INC.",6798,4-NON,10-Q,20210331,Y
1674365,,APTINYX INC.,2834,4-NON,10-Q,20210331,N
1674416,CRSP,CRISPR THERAPEUTICS AG,2836,1-LAF,10-Q,20210331,Y
1674862,ASH,ASHLAND GLOBAL HOLDINGS INC,5160,1-LAF,10-Q,20210331,Y
1674910,VVV,VALVOLINE INC,2990,1-LAF,10-Q,20210331,Y
1674930,FLGT,"FULGENT GENETICS, INC.",8071,4-NON,10-Q,20210331,Y
1675149,AA,ALCOA CORP,3334,1-LAF,10-Q,20210331,Y
1675634,,"SHIFTPIXY, INC.",7361,4-NON,10-Q,20210228,N
1675644,FVCB,"FVCBANKCORP, INC.",6022,4-NON,10-Q,20210331,Y
1676047,NTRB,NUTRIBAND INC.,3842,4-NON,10-K,20210131,Y
1676479,,"CAPSTAR FINANCIAL HOLDINGS, INC.",6022,2-ACC,10-Q,20210331,N
1676580,,VISION HYDROGEN CORP,1700,4-NON,10-Q,20210331,N
1676725,IDYA,"IDEAYA BIOSCIENCES, INC.",2834,4-NON,10-Q,20210331,Y
1677250,ZTO,ZTO EXPRESS (CAYMAN) INC.,4210,1-LAF,20-F,20201231,Y
1677576,IIPR,INNOVATIVE INDUSTRIAL PROPERTIES INC,6500,1-LAF,10-Q,20210331,Y
1677703,CNDT,CONDUENT INC,7389,2-ACC,10-Q,20210331,Y
1677897,UPYY,UPAY,7372,4-NON,10-K,20210228,Y
1677940,BYSI,BEYONDSPRING INC.,2834,4-NON,20-F,20201231,Y
1678022,,"NEWATER TECHNOLOGY, INC.",4950,4-NON,20-F,20201231,N
1678105,CAHO,CARO HOLDINGS INC.,5961,4-NON,10-K,20210331,Y
1678463,,"FORTERRA, INC.",3272,2-ACC,10-Q,20210331,N
1678660,PRLD,PRELUDE THERAPEUTICS INC,2834,4-NON,10-Q,20210331,Y
1679049,INSW,"INTERNATIONAL SEAWAYS, INC.",4400,2-ACC,10-Q,20210331,Y
1679063,,"CHICKEN SOUP FOR THE SOUL ENTERTAINMENT, INC.",7819,4-NON,10-Q,20210331,N
1679082,,MYOVANT SCIENCES LTD.,2834,4-NON,10-K,20210331,N
1679268,TUSK,"MAMMOTH ENERGY SERVICES, INC.",1389,4-NON,10-Q,20210331,Y
1679273,LW,"LAMB WESTON HOLDINGS, INC.",2030,1-LAF,10-Q,20210228,Y
1679363,,"MORPHIC HOLDING, INC.",2834,4-NON,10-Q,20210331,N
1679688,DBRG,"COLONY CAPITAL, INC.",6798,1-LAF,10-Q,20210331,Y
1679788,COIN,"COINBASE GLOBAL, INC.",6199,4-NON,10-Q,20210331,Y
1679817,OZSC,"OZOP ENERGY SOLUTIONS, INC.",3690,4-NON,10-K,20201231,Y
1679826,,PING IDENTITY HOLDING CORP.,7372,1-LAF,10-Q,20210331,N
1680048,MBIO,"MUSTANG BIO, INC.",2834,4-NON,10-Q,20210331,Y
1680062,ACMR,"ACM RESEARCH, INC.",3559,1-LAF,10-Q,20210331,Y
1680132,CSUI,CANNABIS SUISSE CORP.,2600,4-NON,10-Q,20210228,Y
1680139,HLYK,HEALTHLYNKED CORP,8011,4-NON,10-Q,20210331,Y
1680247,PUMP,PROPETRO HOLDING CORP.,1389,2-ACC,10-Q,20210331,Y
1680367,STTK,"SHATTUCK LABS, INC.",2834,4-NON,10-Q,20210331,Y
1680378,SNES,"SENESTECH, INC.",2870,4-NON,10-Q,20210331,Y
1680379,,"STERLING BANCORP, INC.",6035,4-NON,10-Q,20210331,N
1680581,FULC,"FULCRUM THERAPEUTICS, INC.",2834,4-NON,10-Q,20210331,Y
1680873,HFFG,HF FOODS GROUP INC.,5140,2-ACC,10-Q,20210331,Y
1680935,,HUAHUI EDUCATION GROUP LTD,8200,4-NON,20-F,20201231,N
1681087,TECX,"AVROBIO, INC.",2836,4-NON,10-Q,20210331,Y
1681206,NODK,"NI HOLDINGS, INC.",6331,2-ACC,10-Q,20210331,Y
1681459,FTI,TECHNIPFMC PLC,3533,1-LAF,10-Q,20210331,Y
1681622,VREX,VAREX IMAGING CORP,3679,1-LAF,10-Q,20210331,Y
1681682,NDRA,ENDRA LIFE SCIENCES INC.,3845,4-NON,10-Q,20210331,Y
1681769,,CLANCY CORP,2840,4-NON,10-Q,20210131,N
1681903,,"ICC HOLDINGS, INC.",6331,4-NON,10-Q,20210331,N
1682149,DVLT,"SUMMIT WIRELESS TECHNOLOGIES, INC.",3674,4-NON,10-Q,20210331,Y
1682220,SACH,SACHEM CAPITAL CORP.,6798,4-NON,10-Q,20210331,Y
1682265,ONAR,"RELIANT HOLDINGS, INC.",1700,4-NON,10-Q,20210331,Y
1682325,,GTY TECHNOLOGY HOLDINGS INC.,7374,4-NON,10-Q,20210331,N
1682639,HYPD,"EYENOVIA, INC.",2834,4-NON,10-Q,20210331,Y
1682745,VRRM,VERRA MOBILITY CORP,4700,1-LAF,10-Q,20210331,Y
1682852,MRNA,"MODERNA, INC.",2836,1-LAF,10-Q,20210331,Y
1683131,,"GENESYS INDUSTRIES, INC.",3442,4-NON,10-K,20200630,N
1683252,,TOKEN COMMUNITIES LTD.,7374,4-NON,10-Q,20210331,N
1683553,SPRB,"SPRUCE BIOSCIENCES, INC.",2834,4-NON,10-Q,20210331,Y
1683606,CARS,CARS.COM INC.,7374,2-ACC,10-Q,20210331,Y
1683695,IMXI,"INTERNATIONAL MONEY EXPRESS, INC.",7389,2-ACC,10-Q,20210331,Y
1684144,ZOMDF,ZOMEDICA CORP.,2834,4-NON,10-Q,20210331,Y
1684425,PETZ,"TDH HOLDINGS, INC.",2000,4-NON,20-F,20201231,Y
1684506,,FOLKUP DEVELOPMENT INC.,5900,4-NON,10-Q,20210331,N
1684682,,"CNL STRATEGIC CAPITAL, LLC",3990,4-NON,10-Q,20210331,N
1684688,ATCX,JUPITER GOLD CORP,1040,4-NON,20-F,20201231,Y
1685040,BHF,"BRIGHTHOUSE FINANCIAL, INC.",6311,1-LAF,10-Q,20210331,Y
1685237,,TEMIR CORP.,4700,4-NON,10-Q,20210228,N
1685570,,"NANOVATION MICROTECH, INC.",2673,4-NON,10-Q,20210228,N
1685766,,MOVEIX INC.,3790,4-NON,10-K,20210531,N
1686850,,"MOTUS GI HOLDINGS, INC.",3841,4-NON,10-Q,20210331,N
1687065,,"CHINA WUYI MOUNTAIN, LTD.",2086,4-NON,10-K,20190831,N
1687187,METC,"RAMACO RESOURCES, INC.",1220,4-NON,10-Q,20210331,Y
1687221,,"REV GROUP, INC.",3711,2-ACC,10-Q,20210430,N
1687229,INVH,INVITATION HOMES INC.,6510,1-LAF,10-Q,20210331,Y
1687277,RETO,"RETO ECO-SOLUTIONS, INC.",3290,4-NON,20-F,20201231,Y
1687542,FRGT,HUDSON CAPITAL INC.,8742,4-NON,20-F,20201231,Y
1687919,,FORGE INNOVATION DEVELOPMENT CORP.,6552,4-NON,10-Q,20210331,N
1687926,,"ZEUUS, INC.",7380,4-NON,10-Q,20210331,N
1687932,JILL,"J.JILL, INC.",2330,4-NON,10-K,20210131,Y
1688126,CRCW,CRYPTO CO,2340,4-NON,10-Q,20210331,Y
1688476,,NEXTIER OILFIELD SOLUTIONS INC.,1389,2-ACC,10-Q,20210331,N
1688487,,METAURUS EQUITY COMPONENT TRUST,6221,4-NON,10-Q,20210331,N
1688568,DXC,DXC TECHNOLOGY CO,7374,1-LAF,10-K,20210331,Y
1688757,ESTA,ESTABLISHMENT LABS HOLDINGS INC.,3842,4-NON,10-Q,20210331,Y
1688852,,SAFEHOLD INC.,6519,1-LAF,10-Q,20210331,N
1689084,,QRONS INC.,2836,4-NON,10-Q,20210331,N
1689548,PRAX,"PRAXIS PRECISION MEDICINES, INC.",2834,4-NON,10-Q,20210331,Y
1689657,,"BERKELEY LIGHTS, INC.",3826,4-NON,10-Q,20210331,N
1689796,JBGS,JBG SMITH PROPERTIES,6798,1-LAF,10-Q,20210331,Y
1689813,,BIOHAVEN PHARMACEUTICAL HOLDING CO LTD.,2834,1-LAF,10-Q,20210331,N
1689923,,"ALTERYX, INC.",7372,1-LAF,10-Q,20210331,N
1690012,ICR-PA,"INPOINT COMMERCIAL REAL ESTATE INCOME, INC.",6798,4-NON,10-Q,20210331,Y
1690334,SMHI,SEACOR MARINE HOLDINGS INC.,4412,4-NON,10-Q,20210331,Y
1690384,,"BIOCRUDE TECHNOLOGIES USA, INC.",4953,4-NON,10-Q,20210331,N
1690437,BAR,GRANITESHARES GOLD TRUST,6221,4-NON,10-Q,20210331,Y
1690511,GOOS,CANADA GOOSE HOLDINGS INC.,2300,1-LAF,20-F,20210331,Y
1690536,,"FS CREDIT REAL ESTATE INCOME TRUST, INC.",6798,4-NON,10-Q,20210331,N
1690585,DNTH,"MAGENTA THERAPEUTICS, INC.",2834,4-NON,10-Q,20210331,Y
1690680,NMRK,"NEWMARK GROUP, INC.",6531,1-LAF,10-Q,20210331,Y
1690820,CVNA,CARVANA CO.,5500,1-LAF,10-Q,20210331,Y
1690842,PLTM,GRANITESHARES PLATINUM TRUST,6221,4-NON,10-Q,20210331,Y
1691077,,"EVMO, INC.",7374,4-NON,10-Q,20210331,N
1691303,HCC,"WARRIOR MET COAL, INC.",1220,1-LAF,10-Q,20210331,Y
1691337,,PCSB FINANCIAL CORP,6036,4-NON,10-Q,20210331,N
1691421,LMND,"LEMONADE, INC.",6331,4-NON,10-Q,20210331,Y
1691430,,QUANTA INC,2833,4-NON,10-K,20201231,N
1691445,FINV,FINVOLUTION GROUP,6163,2-ACC,20-F,20201231,Y
1691936,,ANDINA ACQUISITION CORP. III,2000,4-NON,10-Q,20210331,N
1692063,SNDR,"SCHNEIDER NATIONAL, INC.",4213,1-LAF,10-Q,20210331,Y
1692115,SWX,"SOUTHWEST GAS HOLDINGS, INC.",4923,1-LAF,10-Q,20210331,Y
1692144,,LIFE PARTNERS POSITION HOLDER TRUST,6311,4-NON,10-Q,20210331,N
1692345,PRXA,"PROCACCIANTI HOTEL REIT, INC.",6798,4-NON,10-Q,20210331,Y
1692376,VEL,"VELOCITY FINANCIAL, INC.",6199,4-NON,10-Q,20210331,Y
1692412,,PLAYA HOTELS & RESORTS N.V.,7011,2-ACC,10-Q,20210331,N
1692415,CODX,"CO-DIAGNOSTICS, INC.",3841,4-NON,10-Q,20210331,Y
1692427,NCSM,"NCS MULTISTAGE HOLDINGS, INC.",1389,4-NON,10-Q,20210331,Y
1692705,HTT,QUDIAN INC.,6199,2-ACC,20-F,20201231,Y
1692787,KNTK,ALTUS MIDSTREAM CO,4922,2-ACC,10-Q,20210331,Y
1692819,VST,VISTRA CORP.,4911,1-LAF,10-Q,20210331,Y
1692830,,"SATSUMA PHARMACEUTICALS, INC.",2834,4-NON,10-Q,20210331,N
1692951,,"COTTONWOOD COMMUNITIES, INC.",6798,4-NON,10-Q,20210331,N
1692981,,VENTURE VANADIUM INC.,2400,4-NON,10-Q,20210131,N
1693011,,"INOZYME PHARMA, INC.",2834,4-NON,10-Q,20210331,N
1693256,WTTR,"SELECT ENERGY SERVICES, INC.",1389,2-ACC,10-Q,20210331,Y
1693317,,"CHENIERE CORPUS CHRISTI HOLDINGS, LLC",4924,4-NON,10-Q,20210331,N
1693415,,"TRANSLATE BIO, INC.",2836,1-LAF,10-Q,20210331,N
1693577,MNSB,"MAINSTREET BANCSHARES, INC.",6022,4-NON,10-Q,20210331,Y
1693696,,UNITED CAPITAL CONSULTANTS INC.,8741,4-NON,10-K,20201231,N
1693853,,VINE ENERGY INC.,1311,4-NON,10-Q,20210331,N
1694028,LBRT,LIBERTY OILFIELD SERVICES INC.,1389,2-ACC,10-Q,20210331,Y
1694426,DK,"DELEK US HOLDINGS, INC.",2911,1-LAF,10-Q,20210331,Y
1694617,ROYL,"ROYALE ENERGY, INC.",1311,4-NON,10-Q,20210331,Y
1694665,,"EVELO BIOSCIENCES, INC.",2834,4-NON,10-Q,20210331,N
1694688,,XPLOSION INC,5090,4-NON,10-Q,20210430,N
1695295,HYFM,"HYDROFARM HOLDINGS GROUP, INC.",5190,4-NON,10-Q,20210331,Y
1695357,,"PROVENTION BIO, INC.",2834,1-LAF,10-Q,20210331,N
1695473,GCAN,"GREATER CANNABIS COMPANY, INC.",2834,4-NON,10-Q,20210331,Y
1695963,,KORTH DIRECT MORTGAGE INC.,6500,4-NON,10-Q,20210331,N
1696025,KCRD,MWF GLOBAL INC.,5940,4-NON,10-K,20210131,Y
1696088,,"ENERGY RESOURCES 12, L.P.",1311,4-NON,10-Q,20210331,N
1696396,,STEALTH BIOTHERAPEUTICS CORP,2834,4-NON,20-F,20201231,N
1696411,,CRONA CORP.,7389,4-NON,10-K,20201231,N
1696558,JRSH,"JERASH HOLDINGS (US), INC.",2300,4-NON,10-K,20210331,Y
1696898,,CHEE CORP.,3990,4-NON,10-K,20210131,N
1697412,,MIGOM GLOBAL CORP.,6199,4-NON,10-Q,20200930,N
1697500,SEI,"SOLARIS OILFIELD INFRASTRUCTURE, INC.",3533,2-ACC,10-Q,20210331,Y
1697532,,APPLIED THERAPEUTICS INC.,2834,4-NON,10-Q,20210331,N
1697587,,INSTADOSE PHARMA CORP.,2510,4-NON,10-Q,20210228,N
1697818,AMBR,ICLICK INTERACTIVE ASIA GROUP LTD,7372,2-ACC,20-F,20201231,Y
1697834,,"STEM HOLDINGS, INC.",2833,4-NON,10-Q,20210331,N
1697851,REKR,"REKOR SYSTEMS, INC.",3669,4-NON,10-Q,20210331,Y
1697884,VSBC,VITASPRING BIOMEDICAL CO. LTD.,8731,4-NON,10-K,20210131,Y
1697935,,"MAPTELLIGENT, INC.",4700,4-NON,10-K,20201231,N
1698022,FMFG,"FARMERS & MERCHANTS BANCSHARES, INC.",6036,4-NON,10-Q,20210331,Y
1698113,,"PARTS ID, INC.",7311,2-ACC,10-Q,20210331,N
1698530,XCUR,"EXICURE, INC.",2834,4-NON,10-Q,20210331,Y
1698538,STSR,"STRATEGIC STUDENT & SENIOR HOUSING TRUST, INC.",6798,4-NON,10-Q,20210331,Y
1698702,,ARION GROUP CORP.,5090,4-NON,10-K,20210131,N
1698832,,"WALL STREET ACQUISITIONS, CORP",6770,4-NON,10-Q,20210331,N
1698990,MGY,MAGNOLIA OIL & GAS CORP,1311,1-LAF,10-Q,20210331,Y
1698991,ACEL,"ACCEL ENTERTAINMENT, INC.",7900,2-ACC,10-Q,20210331,Y
1699039,RNGR,"RANGER ENERGY SERVICES, INC.",1389,4-NON,10-Q,20210331,Y
1699126,,CICLET HOLDINGS INC.,7372,4-NON,10-K,20190131,N
1699136,WHD,"CACTUS, INC.",3533,1-LAF,10-Q,20210331,Y
1699150,IR,INGERSOLL RAND INC.,3560,1-LAF,10-Q,20210331,Y
1699382,PMVP,"PMV PHARMACEUTICALS, INC.",2834,4-NON,10-Q,20210331,Y
1699709,VNOV,YIJIA GROUP CORP.,5130,4-NON,10-Q,20210131,Y
1700357,,CRANK MEDIA INC,7372,4-NON,10-K,20201231,N
1700844,EVOH,UNEX HOLDINGS INC.,8700,4-NON,10-Q,20210228,Y
1700849,,"TRADEFAN, INC.",2390,4-NON,10-Q,20210228,N
1701051,,"WIDEOPENWEST, INC.",4841,2-ACC,10-Q,20210331,N
1701108,SPRO,"SPERO THERAPEUTICS, INC.",2834,4-NON,10-Q,20210331,Y
1701114,,"BLUE APRON HOLDINGS, INC.",5961,2-ACC,10-Q,20210331,N
1701541,BDTX,"BLACK DIAMOND THERAPEUTICS, INC.",2836,4-NON,10-Q,20210331,Y
1701605,BKR,BAKER HUGHES CO,3533,1-LAF,10-Q,20210331,Y
1701732,,ALTAIR ENGINEERING INC.,7372,1-LAF,10-Q,20210331,N
1701756,SDOT,"MUSCLE MAKER, INC.",5810,4-NON,10-K,20201231,Y
1701758,LOVE,LOVESAC CO,5712,2-ACC,10-K,20210131,Y
1701859,,TGS INTERNATIONAL LTD.,1400,4-NON,10-Q,20210331,N
1701963,VS,VERSUS SYSTEMS INC.,7374,4-NON,20-F,20201231,Y
1702015,,"AIS HOLDINGS GROUP, INC.",6770,4-NON,10-K,20210331,N
1702744,SMPL,SIMPLY GOOD FOODS CO,2000,1-LAF,10-Q,20210228,Y
1702750,BY,"BYLINE BANCORP, INC.",6022,2-ACC,10-Q,20210331,Y
1702780,OPTU,"ALTICE USA, INC.",4841,1-LAF,10-Q,20210331,Y
1702924,WRAP,"WRAP TECHNOLOGIES, INC.",3480,4-NON,10-Q,20210331,Y
1703056,ADT,ADT INC.,7381,1-LAF,10-Q,20210331,Y
1703057,ABCL,ABCELLERA BIOLOGICS INC.,2834,4-NON,10-Q,20210331,Y
1703073,VIVC,VIVIC CORP.,7990,4-NON,10-Q,20210331,Y
1703141,,"DESPEGAR.COM, CORP.",4700,2-ACC,20-F,20201231,N
1703157,SCTH,"SECURETECH INNOVATIONS, INC.",3714,4-NON,10-Q,20210331,Y
1703399,SE,SEA LTD,7380,1-LAF,20-F,20201231,Y
1703489,,PDL COMMUNITY BANCORP,6035,4-NON,10-Q,20210331,N
1703644,GPMT,GRANITE POINT MORTGAGE TRUST INC.,6798,2-ACC,10-Q,20210331,Y
1703647,KRRO,"FREQUENCY THERAPEUTICS, INC.",2834,4-NON,10-Q,20210331,Y
1703785,,FALCON MINERALS CORP,1311,2-ACC,10-Q,20210331,N
1703956,BBCP,"CONCRETE PUMPING HOLDINGS, INC.",1700,2-ACC,10-Q,20210430,Y
1704292,ZLAB,ZAI LAB LTD,2834,1-LAF,10-Q,20210331,Y
1704596,,"EVO PAYMENTS, INC.",7389,1-LAF,10-Q,20210331,N
1704711,FNKO,"FUNKO, INC.",3944,2-ACC,10-Q,20210331,Y
1704715,AMR,"ALPHA METALLURGICAL RESOURCES, INC.",1221,4-NON,10-Q,20210331,Y
1704720,CNNE,"CANNAE HOLDINGS, INC.",5810,1-LAF,10-Q,20210331,Y
1704760,,"AMERICAN VIRTUAL CLOUD TECHNOLOGIES, INC.",7373,4-NON,10-Q,20210331,N
1704795,,"BANTEC, INC.",3721,4-NON,10-Q,20210331,N
1705012,FATAQ,"FAT BRANDS, INC",5812,4-NON,10-Q,20210331,Y
1705110,ANGI,ANGI INC.,7310,1-LAF,10-Q,20210331,Y
1705338,,SPARK NETWORKS SE,7200,4-NON,10-Q,20210331,N
1705402,AGMH,"AGM GROUP HOLDINGS, INC.",7371,4-NON,20-F,20201231,Y
1705682,,VENATOR MATERIALS PLC,2810,2-ACC,10-Q,20210331,N
1705696,VICI,VICI PROPERTIES INC.,6798,1-LAF,10-Q,20210331,Y
1705843,CBUS,"CALYXT, INC.",2870,4-NON,10-Q,20210331,Y
1705873,,BERRY CORP (BRY),1311,4-NON,10-Q,20210331,N
1706431,VIR,"VIR BIOTECHNOLOGY, INC.",2836,1-LAF,10-Q,20210331,Y
1706509,COSG,COSMOS GROUP HOLDINGS INC.,4210,4-NON,10-Q,20200930,Y
1706524,FLZH,"URBAN-GRO, INC.",5080,4-NON,10-Q,20210331,Y
1706946,SPCE,"VIRGIN GALACTIC HOLDINGS, INC",4700,1-LAF,10-Q,20210331,Y
1707178,,COREPOINT LODGING INC.,6798,2-ACC,10-Q,20210331,N
1707502,SLDB,SOLID BIOSCIENCES INC.,2836,4-NON,10-Q,20210331,Y
1707753,ESTC,ELASTIC N.V.,7372,1-LAF,10-K,20210430,Y
1707919,CENN,NAKED BRAND GROUP LTD,2320,4-NON,20-F,20210131,Y
1707925,LIN,LINDE PLC,2810,1-LAF,10-Q,20210331,Y
1708035,ECVT,PQ GROUP HOLDINGS INC.,2800,2-ACC,10-Q,20210331,Y
1708055,RBBN,RIBBON COMMUNICATIONS INC.,7373,2-ACC,10-Q,20210331,Y
1708176,,HALL OF FAME RESORT & ENTERTAINMENT CO,7990,4-NON,10-Q,20210331,N
1708259,LX,LEXINFINTECH HOLDINGS LTD.,6199,1-LAF,20-F,20201231,Y
1708301,,BP MIDSTREAM PARTNERS LP,4610,2-ACC,10-Q,20210331,N
1708331,,"VIRPAX PHARMACEUTICALS, INC.",2834,4-NON,10-Q,20210331,N
1708341,AIFA,"ALLIED ESPORTS ENTERTAINMENT, INC.",7900,4-NON,10-K,20201231,Y
1708405,,TREMONT MORTGAGE TRUST,6798,4-NON,10-Q,20210331,N
1708410,,SIMPLICITY ESPORTS & GAMING CO,5810,4-NON,10-Q,20210228,N
1708441,MYND,"RYB EDUCATION, INC.",8200,4-NON,20-F,20201231,Y
1708493,,"HARPOON THERAPEUTICS, INC.",2836,4-NON,10-Q,20210331,N
1708527,ELUT,"AZIYO BIOLOGICS, INC.",2836,4-NON,10-Q,20210331,Y
1708599,SER,"AGEX THERAPEUTICS, INC.",2834,4-NON,10-Q,20210331,Y
1708646,AAAU,GOLDMAN SACHS PHYSICAL GOLD ETF,6221,4-NON,10-Q,20210331,Y
1709164,HBB,HAMILTON BEACH BRANDS HOLDING CO,3634,2-ACC,10-Q,20210331,Y
1709401,,"RUBIUS THERAPEUTICS, INC.",2836,4-NON,10-Q,20210331,N
1709505,,BEST INC.,4210,1-LAF,20-F,20201231,N
1709542,XESP,CANNASSIST INTERNATIONAL CORP,2833,4-NON,10-Q,20210331,Y
1709682,CTOS,"CUSTOM TRUCK ONE SOURCE, INC.",7359,4-NON,10-Q,20210331,Y
1709768,,SENTINEL ENERGY SERVICES INC.,6770,4-NON,10-Q,20210331,N
1710072,EWTX,"EDGEWISE THERAPEUTICS, INC.",2834,4-NON,10-Q,20210331,Y
1710155,EYE,"NATIONAL VISION HOLDINGS, INC.",3851,1-LAF,10-Q,20210331,Y
1710340,ETON,"ETON PHARMACEUTICALS, INC.",2834,4-NON,10-Q,20210331,Y
1710366,CNR,CONSOL ENERGY INC.,1220,2-ACC,10-Q,20210331,Y
1710495,PNXP,MINARO CORP,7372,4-NON,10-K,20210131,Y
1710583,,"SWITCH, INC.",7370,1-LAF,10-Q,20210331,N
1711269,EVRG,"EVERGY, INC.",4931,1-LAF,10-Q,20210331,Y
1711279,KRYS,"KRYSTAL BIOTECH, INC.",2836,2-ACC,10-Q,20210331,Y
1711291,,CURO GROUP HOLDINGS CORP.,6199,2-ACC,10-Q,20210331,N
1711375,LOMA,LOMA NEGRA COMPANIA INDUSTRIAL ARGENTINA SOCIEDAD ANONIMA,3241,2-ACC,20-F,20201231,Y
1711754,INMB,"INMUNE BIO, INC.",2836,4-NON,10-Q,20210331,Y
1711786,RKTO,"HOTH THERAPEUTICS, INC.",2834,4-NON,10-Q,20210331,Y
1711799,,"NUVEEN GLOBAL CITIES REIT, INC.",6798,4-NON,10-Q,20210331,N
1711929,SWDS,"STARWOOD REAL ESTATE INCOME TRUST, INC.",6798,4-NON,10-Q,20210331,Y
1711933,,"AKOYA BIOSCIENCES, INC.",3826,4-NON,10-Q,20210331,N
1712178,NAAS,RISE EDUCATION CAYMAN LTD,8200,2-ACC,20-F,20201231,Y
1712184,LILA,LIBERTY LATIN AMERICA LTD.,4841,1-LAF,10-Q,20210331,Y
1712189,TH,TARGET HOSPITALITY CORP.,7000,4-NON,10-Q,20210331,Y
1712463,PACK,RANPAK HOLDINGS CORP.,2670,2-ACC,10-Q,20210331,Y
1712543,,ANDOVER NATIONAL CORP,7389,4-NON,10-Q,20210331,N
1712641,,BIOFRONTERA AG,2834,2-ACC,20-F,20201231,N
1712807,PAGS,PAGSEGURO DIGITAL LTD.,7374,1-LAF,20-F,20201231,Y
1712923,,"GREENSKY, INC.",7389,2-ACC,10-Q,20210331,N
1713210,ATPC,AGAPE ATP CORP,8000,4-NON,10-Q,20210331,Y
1713407,,"OAKTREE REAL ESTATE INCOME TRUST, INC.",6798,4-NON,10-Q,20210331,N
1713539,KXIN,KAIXIN AUTO HOLDINGS,5500,2-ACC,20-F,20201231,Y
1713683,ZS,"ZSCALER, INC.",7371,1-LAF,10-Q,20210430,Y
1713809,,"CHENGDA TECHNOLOGY CO., LTD.",7374,4-NON,10-K,20201231,N
1713832,,HYRECAR INC.,7510,4-NON,10-Q,20210331,N
1713863,RFL,"RAFAEL HOLDINGS, INC.",6500,4-NON,10-Q,20210430,Y
1713909,,"WATER NOW, INC.",3580,4-NON,10-Q,20200930,N
1713923,AIJTY,JIANPU TECHNOLOGY INC.,7370,2-ACC,20-F,20191231,Y
1713952,,"VIVINT SMART HOME, INC.",7374,1-LAF,10-Q,20210331,N
1714367,,"SIGMARENOPRO, INC.",7200,4-NON,10-Q,20210331,N
1714899,DNLI,DENALI THERAPEUTICS INC.,2836,1-LAF,10-Q,20210331,Y
1715194,,JINXUAN COKING COAL LTD,1221,4-NON,20-F,20201231,N
1715433,LCHD,LEADER CAPITAL HOLDINGS CORP.,7371,4-NON,10-Q,20210228,Y
1715497,BORR,BORR DRILLING LTD,1381,2-ACC,20-F,20201231,Y
1715611,,BODY & MIND INC.,2834,4-NON,10-Q,20210430,N
1715629,,"RANGERS SUB I, LLC",6798,4-NON,10-Q,20210331,N
1715819,EMED,"ELECTROMEDICAL TECHNOLOGIES, INC",3841,4-NON,10-Q,20210331,Y
1716166,VVOS,"VIVOS THERAPEUTICS, INC.",3841,4-NON,10-Q,20210331,Y
1716338,JF,PINTEC TECHNOLOGY HOLDINGS LTD,7370,4-NON,20-F,20201231,Y
1716583,,DECARBONIZATION PLUS ACQUISITION CORP,3620,4-NON,10-Q,20210331,N
1716621,VTAK,"RA MEDICAL SYSTEMS, INC.",3841,4-NON,10-Q,20210331,Y
1716697,,FIRST CHOICE BANCORP,6022,2-ACC,10-Q,20210331,N
1716947,ENSC,LEISURE ACQUISITION CORP.,2834,4-NON,10-Q,20210331,Y
1717161,CEPU,CENTRAL PUERTO S.A.,4911,2-ACC,20-F,20201231,Y
1717307,ILPT,INDUSTRIAL LOGISTICS PROPERTIES TRUST,6798,1-LAF,10-Q,20210331,Y
1717393,CAAP,CORPORACION AMERICA AIRPORTS S.A.,4581,2-ACC,20-F,20201231,Y
1717452,,"ODONATE THERAPEUTICS, INC.",2834,4-NON,10-Q,20210331,N
1717547,BRSP,"COLONY CREDIT REAL ESTATE, INC.",6798,1-LAF,10-Q,20210331,Y
1717556,,"VINCO VENTURES, INC.",3944,4-NON,10-K,20201231,N
1718108,,"SURFACE ONCOLOGY, INC.",2836,4-NON,10-Q,20210331,N
1718224,BTBD,"BT BRANDS, INC.",5812,4-NON,10-Q,20210331,Y
1718227,ROAD,"CONSTRUCTION PARTNERS, INC.",1600,2-ACC,10-Q,20210331,Y
1718405,HYMC,HYCROFT MINING HOLDING CORP,1040,2-ACC,10-Q,20210331,Y
1718500,AXIL,REVIV3 PROCARE CO,2844,4-NON,10-Q,20210228,Y
1718512,GTES,GATES INDUSTRIAL CORP PLC,3560,2-ACC,10-Q,20210331,Y
1718852,,"PROMETHEUS BIOSCIENCES, INC.",2834,4-NON,10-Q,20210331,N
1719395,,"EARGO, INC.",3842,4-NON,10-Q,20210331,N
1719406,NRXP,BIG ROCK PARTNERS ACQUISITION CORP.,2834,4-NON,10-Q,20210331,Y
1719435,,"ASSISTED 4 LIVING, INC.",8082,4-NON,10-Q,20210331,N
1719489,,"KALEYRA, INC.",7374,2-ACC,10-Q,20210331,N
1720025,,ALLEGRO MERGER CORP.,5812,4-NON,10-Q,20210331,N
1720116,RDVT,"RED VIOLET, INC.",7372,4-NON,10-Q,20210331,Y
1720446,ZEPP,ZEPP HEALTH CORP,3571,2-ACC,20-F,20201231,Y
1720580,ACET,"ADICET BIO, INC.",2834,4-NON,10-Q,20210331,Y
1720592,RPAY,REPAY HOLDINGS CORP,7389,1-LAF,10-Q,20210331,Y
1720635,NVT,NVENT ELECTRIC PLC,3550,1-LAF,10-Q,20210331,Y
1720725,,"OYSTER POINT PHARMA, INC.",2836,4-NON,10-Q,20210331,N
1720821,,PAE INC,8700,2-ACC,10-Q,20210331,N
1720893,BTAI,"BIOXCEL THERAPEUTICS, INC.",2834,4-NON,10-Q,20210331,Y
1720990,,FISKER INC./DE,3711,4-NON,10-Q,20210331,N
1721386,,LANDSEA HOMES CORP,1531,4-NON,10-Q,20210331,N
1721484,LGVN,LONGEVERON INC.,2834,4-NON,10-Q,20210331,Y
1721741,,"LAZYDAYS HOLDINGS, INC.",5500,4-NON,10-Q,20210331,N
1721947,,JAMF HOLDING CORP.,7372,4-NON,10-Q,20210331,N
1722010,OPBK,OP BANCORP,6022,4-NON,10-Q,20210331,Y
1722271,,"AKOUOS, INC.",2834,4-NON,10-Q,20210331,N
1722438,,CAPITOL INVESTMENT CORP. V,6361,4-NON,10-Q,20210331,N
1722482,AVTR,"AVANTOR, INC.",3826,1-LAF,10-Q,20210331,Y
1722684,WH,"WYNDHAM HOTELS & RESORTS, INC.",7011,1-LAF,10-Q,20210331,Y
1722731,FDCTD,"FDCTECH, INC.",7372,4-NON,10-Q,20210331,Y
1722926,,ASLAN PHARMACEUTICALS LTD,2834,4-NON,20-F,20201231,N
1722964,,"Y-MABS THERAPEUTICS, INC.",2834,1-LAF,10-Q,20210331,N
1723059,BIOE,BIO ESSENCE CORP,2834,4-NON,10-Q,20210331,Y
1723069,TLSA,TIZIANA LIFE SCIENCES PLC,2834,4-NON,20-F,20201231,Y
1723089,,CHAMPIONX CORP,3530,1-LAF,10-Q,20210331,N
1723128,AMRX,"AMNEAL PHARMACEUTICALS, INC.",2834,1-LAF,10-Q,20210331,Y
1723187,,LEADER HILL CORP,8742,4-NON,10-Q,20210228,N
1723580,,"BURGERFI INTERNATIONAL, INC.",5812,4-NON,10-Q,20210331,N
1723596,,"COLUMBIA FINANCIAL, INC.",6035,1-LAF,10-Q,20210331,N
1723648,,CRESCENT ACQUISITION CORP,7900,4-NON,10-Q,20210331,N
1723866,,"SELECT INTERIOR CONCEPTS, INC.",1520,2-ACC,10-Q,20210331,N
1723935,STG,SUNLANDS TECHNOLOGY GROUP,8200,2-ACC,20-F,20201231,Y
1724344,,ENTASIS THERAPEUTICS HOLDINGS INC.,2834,4-NON,10-Q,20210331,N
1724521,RCUS,"ARCUS BIOSCIENCES, INC.",2834,1-LAF,10-Q,20210331,Y
1724570,,DATTO HOLDING CORP.,7372,4-NON,10-Q,20210331,N
1724755,GHG,GREENTREE HOSPITALITY GROUP LTD.,7011,2-ACC,20-F,20201231,Y
1724965,TALO,TALOS ENERGY INC.,1311,2-ACC,10-Q,20210331,Y
1724979,,RAIN THERAPEUTICS INC.,2834,4-NON,10-Q,20210331,N
1725033,XYF,X FINANCIAL,6199,4-NON,20-F,20201231,Y
1725057,,CERIDIAN HCM HOLDING INC.,7372,1-LAF,10-Q,20210331,N
1725123,CANG,CANGO INC.,7372,2-ACC,20-F,20201231,Y
1725134,,"DIGITAL MEDIA SOLUTIONS, INC.",7389,2-ACC,10-Q,20210331,N
1725160,ZNTL,"ZENTALIS PHARMACEUTICALS, INC.",2834,4-NON,10-Q,20210331,Y
1725210,ETHE,GRAYSCALE ETHEREUM TRUST (ETH),6199,4-NON,10-Q,20210331,Y
1725255,AHCO,ADAPTHEALTH CORP.,8082,2-ACC,10-Q,20210331,Y
1725430,INBS,GBS INC.,3841,4-NON,10-Q,20210331,Y
1725516,,NESTBUILDER.COM CORP.,7310,4-NON,10-Q,20210228,N
1725872,,"BM TECHNOLOGIES, INC.",6022,4-NON,10-Q,20210331,N
1725911,NBND,GLOBAL DIVERSIFIED MARKETING GROUP INC.,2050,4-NON,10-Q,20210331,Y
1726079,LUCN,"TIPMEFAST, INC.",7389,4-NON,10-K,20201231,Y
1726126,EPSN,EPSILON ENERGY LTD.,1311,4-NON,10-Q,20210331,Y
1726173,BH-A,BIGLARI HOLDINGS INC.,5812,2-ACC,10-Q,20210331,Y
1726189,,PUXIN LTD,8200,2-ACC,20-F,20201231,N
1726445,SEER,"SEER, INC.",3826,4-NON,10-Q,20210331,Y
1726711,ADTX,"ADITX THERAPEUTICS, INC.",2834,4-NON,10-Q,20210331,Y
1726744,,EXENT CORP.,3444,4-NON,10-K,20201231,N
1726822,,ADORBS INC.,2300,4-NON,10-Q,20210331,N
1726978,GSHD,"GOOSEHEAD INSURANCE, INC.",6411,1-LAF,10-Q,20210331,Y
1727196,SRRK,SCHOLAR ROCK HOLDING CORP,2836,4-NON,10-Q,20210331,Y
1727263,FTDR,"FRONTDOOR, INC.",7340,1-LAF,10-Q,20210331,Y
1728117,GOSS,"GOSSAMER BIO, INC.",2834,1-LAF,10-Q,20210331,Y
1728190,HUYA,HUYA INC.,7370,1-LAF,20-F,20201231,Y
1728328,INM,INMED PHARMACEUTICALS INC.,2834,4-NON,10-Q,20210331,Y
1728688,IIIV,"I3 VERTICALS, INC.",7389,2-ACC,10-Q,20210331,Y
1728951,EPRT,"ESSENTIAL PROPERTIES REALTY TRUST, INC.",6798,1-LAF,10-Q,20210331,Y
1729149,VMD,"VIEMED HEALTHCARE, INC.",8090,4-NON,10-Q,20210331,Y
1729427,CNSP,"CNS PHARMACEUTICALS, INC.",2834,4-NON,10-Q,20210331,Y
1729637,KARX,COCOLUV INC.,2844,4-NON,10-Q,20210228,Y
1729750,,"KUBIENT, INC.",7373,4-NON,10-Q,20210331,N
1729944,,"IMAC HOLDINGS, INC.",8093,4-NON,10-Q,20210331,N
1730168,AVGO,BROADCOM INC.,3674,1-LAF,10-Q,20210430,Y
1730346,,"CHARAH SOLUTIONS, INC.",4955,4-NON,10-Q,20210331,N
1730430,KNSA,"KINIKSA PHARMACEUTICALS, LTD.",2834,1-LAF,10-Q,20210331,Y
1730732,,3FORCES INC.,7370,4-NON,10-Q,20210331,N
1730773,BSFC,BLUE STAR FOODS CORP.,2092,4-NON,10-K,20201231,Y
1730869,EBZT,"OBITX, INC.",7372,4-NON,10-K,20210131,Y
1730984,BCML,BAYCOM CORP,6022,4-NON,10-Q,20210331,Y
1731289,,NIKOLA CORP,3711,1-LAF,10-Q,20210331,N
1731348,TLRY,"TILRAY, INC.",2833,1-LAF,10-Q,20210331,Y
1731388,EDRY,EURODRY LTD.,4400,4-NON,20-F,20201231,Y
1731727,,"LMP AUTOMOTIVE HOLDINGS, INC.",5500,4-NON,10-Q,20210331,N
1732845,,WESTROCK CO,2650,1-LAF,10-Q,20210331,N
1733186,,"VEONEER, INC.",3714,1-LAF,10-Q,20210331,N
1733257,,"FINCH THERAPEUTICS GROUP, INC.",2836,4-NON,10-Q,20210331,N
1733294,,GENERATION BIO CO.,2834,4-NON,10-Q,20210331,N
1733413,,"TFF PHARMACEUTICALS, INC.",2834,4-NON,10-Q,20210331,N
1733868,CNF,CNFINANCE HOLDINGS LTD.,6199,4-NON,20-F,20201231,Y
1733998,NWN,NORTHWEST NATURAL HOLDING CO,4924,1-LAF,10-Q,20210331,Y
1734005,NIKI,APTORUM GROUP LTD,2834,4-NON,20-F,20201231,Y
1734262,,COOTEK(CAYMAN)INC.,7374,2-ACC,20-F,20201231,N
1734342,AMTB,AMERANT BANCORP INC.,6021,2-ACC,10-Q,20210331,Y
1734520,ALYAF,ALITHYA GROUP INC,7370,4-NON,40-F,20210331,Y
1734713,BV,"BRIGHTVIEW HOLDINGS, INC.",0700,2-ACC,10-Q,20210331,Y
1734722,PATH,"UIPATH, INC.",7372,4-NON,10-Q,20210430,Y
1734750,MOVE,MOVANO INC.,3845,4-NON,10-Q,20210331,Y
1734875,,"MID-SOUTHERN BANCORP, INC.",6035,4-NON,10-Q,20210331,N
1734902,,WEIDAI LTD.,6199,4-NON,20-F,20201231,N
1735041,GTEC,GREENLAND TECHNOLOGIES HOLDING CORP.,3560,4-NON,10-Q,20210331,Y
1735092,,"GOFBA, INC.",7374,4-NON,10-Q,20210331,N
1735184,,RETAIL VALUE INC.,6500,2-ACC,10-Q,20210331,N
1735438,MGTX,MEIRAGTX HOLDINGS PLC,2836,4-NON,10-Q,20210331,Y
1735707,GTX,GARRETT MOTION INC.,3714,2-ACC,10-Q,20210331,Y
1735803,,"APRIA, INC.",8082,4-NON,10-Q,20210331,N
1736541,NIO,NIO INC.,3711,1-LAF,20-F,20201231,Y
1736946,ARLO,"ARLO TECHNOLOGIES, INC.",3651,2-ACC,10-Q,20210331,Y
1737193,,LUDUSON G INC.,7372,4-NON,10-Q,20210331,N
1737287,ALLO,"ALLOGENE THERAPEUTICS, INC.",2836,1-LAF,10-Q,20210331,Y
1737339,JG,AURORA MOBILE LTD,7370,2-ACC,20-F,20201231,Y
1737372,,"SYSOREX, INC.",7371,4-NON,10-Q,20210331,N
1737422,,NEW FRONTIER HEALTH CORP,8060,4-NON,20-F,20201231,N
1737450,OPRA,OPERA LTD,7372,2-ACC,20-F,20201231,Y
1737523,BGLC,BIONEXUS GENE LAB CORP,8071,4-NON,10-Q,20210331,Y
1737806,PDD,PINDUODUO INC.,7389,1-LAF,20-F,20201231,Y
1737927,CGC,CANOPY GROWTH CORP,2833,1-LAF,10-K,20210331,Y
1737953,REPL,"REPLIMUNE GROUP, INC.",2836,4-NON,10-K,20210331,Y
1738021,CMPX,"COMPASS THERAPEUTICS, INC.",2836,4-NON,10-Q,20210331,Y
1738177,CMBMF,CAMBIUM NETWORKS CORP,3663,4-NON,10-Q,20210331,Y
1738699,WKEY,WISEKEY INTERNATIONAL HOLDING S.A.,7374,4-NON,20-F,20201231,Y
1738827,KLXE,"KLX ENERGY SERVICES HOLDINGS, INC.",1389,4-NON,10-K,20210131,Y
1738906,YI,"111, INC.",5912,2-ACC,20-F,20201231,Y
1739104,ELAN,ELANCO ANIMAL HEALTH INC,2834,1-LAF,10-Q,20210331,Y
1739174,PHGE,BIOMX INC.,2836,4-NON,10-Q,20210331,Y
1739426,,OSMOTICA PHARMACEUTICALS PLC,2834,4-NON,10-Q,20210331,N
1739445,ACA,"ARCOSA, INC.",3440,1-LAF,10-Q,20210331,Y
1739566,UTZ,"UTZ BRANDS, INC.",2090,2-ACC,10-Q,20210331,Y
1739614,,"INHIBRX, INC.",2836,4-NON,10-Q,20210331,N
1739936,,SVMK INC.,7370,1-LAF,10-Q,20210331,N
1739940,CI,CIGNA CORP,6324,1-LAF,10-Q,20210331,Y
1739942,,SOLARWINDS CORP,7372,1-LAF,10-Q,20210331,N
1740332,REZI,"RESIDEO TECHNOLOGIES, INC.",5072,1-LAF,10-Q,20210331,Y
1740594,,ARCO PLATFORM LTD.,8200,1-LAF,20-F,20201231,N
1741231,,"TATTOOED CHEF, INC.",2090,4-NON,10-Q,20210331,N
1741257,,"BANGFU TECHNOLOGY GROUP CO., LTD.",7372,4-NON,10-Q,20210331,N
1741489,ELVG,"ELVICTOR GROUP, INC.",8742,4-NON,10-K,20201231,Y
1741530,QFIN,"360 DIGITECH, INC.",6199,1-LAF,20-F,20201231,Y
1741534,UOKAF,MDJM LTD,6531,4-NON,20-F,20201231,Y
1741830,,"KRONOS BIO, INC.",2834,4-NON,10-Q,20210331,N
1742056,,LAIX INC.,8200,2-ACC,20-F,20201231,N
1742089,,"CBM BANCORP, INC.",6035,4-NON,10-Q,20210331,N
1742341,HKIT,HITEK GLOBAL INC.,7372,4-NON,20-F,20201231,Y
1742518,MTC,"MMTEC, INC.",7372,4-NON,20-F,20201231,Y
1742770,VIOT,"VIOMI TECHNOLOGY CO., LTD",3630,2-ACC,20-F,20201231,Y
1742924,,LIVENT CORP.,2800,1-LAF,10-Q,20210331,N
1742927,RVPH,"REVIVA PHARMACEUTICALS HOLDINGS, INC.",2834,4-NON,10-Q,20210331,Y
1743102,JFIN,JIAYIN GROUP INC.,6199,4-NON,20-F,20201231,Y
1743340,TC,TUANCHE LTD,7389,4-NON,20-F,20201231,Y
1743725,GDYN,"GRID DYNAMICS HOLDINGS, INC.",7372,2-ACC,10-Q,20210331,Y
1743745,GNLN,"GREENLANE HOLDINGS, INC.",5099,4-NON,10-Q,20210331,Y
1743759,CRSR,"CORSAIR GAMING, INC.",3577,4-NON,10-Q,20210331,Y
1743881,BBIO,"BRIDGEBIO PHARMA, INC.",2834,1-LAF,10-Q,20210331,Y
1743907,,"SUN COUNTRY AIRLINES HOLDINGS, INC.",4512,4-NON,10-Q,20210331,N
1743971,MOGU,MOGU INC.,7389,2-ACC,20-F,20210331,Y
1744489,DIS,WALT DISNEY CO,7990,1-LAF,10-Q,20210331,Y
1744494,ADNH,"ADVENT TECHNOLOGIES HOLDINGS, INC.",3690,4-NON,10-Q,20210331,Y
1744659,,"AKERO THERAPEUTICS, INC.",2834,4-NON,10-Q,20210331,N
1744676,TME,TENCENT MUSIC ENTERTAINMENT GROUP,4832,1-LAF,20-F,20201231,Y
1744781,NIU,NIU TECHNOLOGIES,3711,2-ACC,20-F,20201231,Y
1745032,,"LODGING FUND REIT III, INC.",6798,4-NON,10-Q,20210331,N
1745041,,"IAA, INC.",5500,1-LAF,10-Q,20210331,N
1745078,VYND,"VYNLEADS, INC.",7200,4-NON,10-K,20201231,Y
1745317,,"VELODYNE LIDAR, INC.",3569,4-NON,10-Q,20210331,N
1745431,STNE,STONECO LTD.,7374,1-LAF,20-F,20201231,Y
1745797,,"BRIGHAM MINERALS, INC.",1311,2-ACC,10-Q,20210331,N
1745916,PFSI,"PENNYMAC FINANCIAL SERVICES, INC.",6162,1-LAF,10-Q,20210331,Y
1745931,,JS BEAUTY LAND NETWORK TECHNOLOGY INC,5944,4-NON,10-K,20201231,N
1745999,BEAM,BEAM THERAPEUTICS INC.,2836,4-NON,10-Q,20210331,Y
1746109,BFC,BANK FIRST CORP,6021,2-ACC,10-Q,20210331,Y
1746119,VGES,MU GLOBAL HOLDING LTD,7200,4-NON,10-Q,20210430,Y
1746129,BSVN,BANK7 CORP.,6022,4-NON,10-Q,20210331,Y
1746278,,LOVARRA,7370,4-NON,10-Q,20210331,N
1746466,EQ,"EQUILLIUM, INC.",2834,4-NON,10-Q,20210331,Y
1746473,PLRX,"PLIANT THERAPEUTICS, INC.",2834,4-NON,10-Q,20210331,Y
1746618,RVLV,"REVOLVE GROUP, INC.",5961,2-ACC,10-Q,20210331,Y
1747009,,EQUITRANS MIDSTREAM CORP,4922,1-LAF,10-Q,20210331,N
1747068,MCBS,"METROCITY BANKSHARES, INC.",6022,2-ACC,10-Q,20210331,Y
1747079,BALY,BALLY'S CORP,7011,2-ACC,10-Q,20210331,Y
1747748,,QUALTRICS INTERNATIONAL INC.,7372,4-NON,10-Q,20210331,N
1748621,,ALBERTON ACQUISITION CORP,1700,4-NON,10-K,20201231,N
1748773,,RATTLER MIDSTREAM LP,4922,2-ACC,10-Q,20210331,N
1748790,AMCR,AMCOR PLC,3990,1-LAF,10-Q,20210331,Y
1748824,AAMI,BRIGHTSPHERE INVESTMENT GROUP INC.,6282,1-LAF,10-Q,20210331,Y
1748907,,ORCHARD THERAPEUTICS PLC,2836,4-NON,10-Q,20210331,N
1749704,,"AGILITI, INC. DE",7350,4-NON,10-Q,20210331,N
1749723,NFE,NEW FORTRESS ENERGY INC.,4924,2-ACC,10-Q,20210331,Y
1749849,,ORGANIC AGRICULTURAL CO LTD,0100,4-NON,10-K,20210331,N
1750019,,TCR2 THERAPEUTICS INC.,2836,4-NON,10-Q,20210331,N
1750106,AEI,ALSET EHOME INTERNATIONAL INC.,6500,4-NON,10-Q,20210331,Y
1750149,IKT,"INHIBIKASE THERAPEUTICS, INC.",2836,4-NON,10-Q,20210331,Y
1750153,,CANOO INC.,3714,4-NON,10-Q,20210331,N
1750284,OLMA,"OLEMA PHARMACEUTICALS, INC.",2834,4-NON,10-Q,20210331,Y
1750398,,"YUMBA RECORDS STORAGE, INC.",4220,4-NON,10-Q,20210228,N
1750735,MRBK,MERIDIAN CORP,6021,4-NON,10-Q,20210331,Y
1750777,HWKE,"HAWKEYE SYSTEMS, INC.",3861,4-NON,10-Q,20210331,Y
1751008,APP,APPLOVIN CORP,7370,4-NON,10-Q,20210331,Y
1751143,,"ATLAS TECHNICAL CONSULTANTS, INC.",8742,4-NON,10-Q,20210331,N
1751299,,"KALEIDO BIOSCIENCES, INC.",2836,4-NON,10-Q,20210331,N
1751692,,"1895 BANCORP OF WISCONSIN, INC.",6036,4-NON,10-Q,20210331,N
1751700,,"TEB BANCORP, INC.",6036,4-NON,10-Q,20210331,N
1751707,OZVN,UNITED EXPRESS INC.,4700,4-NON,10-Q,20210331,Y
1751783,RBKB,"RHINEBECK BANCORP, INC.",6036,4-NON,10-Q,20210331,Y
1751788,DOW,DOW INC.,2821,1-LAF,10-Q,20210331,Y
1752036,,CALIFORNIA BANCORP,6022,4-NON,10-Q,20210331,N
1752372,,EZAGOO LTD,7310,4-NON,10-K,20201231,N
1752474,,KLDISCOVERY INC.,7370,4-NON,10-Q,20210331,N
1752828,CELU,GX ACQUISITION CORP.,2834,4-NON,10-Q,20210331,Y
1752836,,"COVETRUS, INC.",5912,1-LAF,10-Q,20210331,N
1753162,FTHM,FATHOM HOLDINGS INC.,6531,4-NON,10-Q,20210331,Y
1753373,MTWO,INKY INC.,7374,4-NON,10-Q,20210228,Y
1753391,QSJC,BIGEON CORP.,7370,4-NON,10-Q,20210430,Y
1753539,BKSY,OSPREY TECHNOLOGY ACQUISITION CORP.,3663,4-NON,10-Q,20210331,Y
1753673,SJ,SCIENJOY HOLDING CORP,7374,4-NON,20-F,20201231,Y
1753681,,ELITE PERFORMANCE HOLDING CORP,2080,4-NON,10-K,20191231,N
1753706,,"WHOLE EARTH BRANDS, INC.",2060,2-ACC,10-Q,20210331,N
1753886,,STONEMOR INC.,7200,4-NON,10-Q,20210331,N
1753931,,"SHENGDA NETWORK TECHNOLOGY, INC.",7371,4-NON,10-Q,20201231,N
1754068,KLRS,"ALLOVIR, INC.",2836,4-NON,10-Q,20210331,Y
1754170,ASLE,AERSALE CORP,5080,2-ACC,10-Q,20210331,Y
1754195,TRLV,TRULIEVE CANNABIS CORP.,2833,4-NON,10-Q,20210331,Y
1754301,FOXA,FOX CORP,4833,1-LAF,10-Q,20210331,Y
1754820,,"DESKTOP METAL, INC.",3559,4-NON,10-Q,20210331,N
1755101,ALDS,APPLIFE DIGITAL SOLUTIONS INC,7374,4-NON,10-Q,20210331,Y
1755237,CYCN,"CYCLERION THERAPEUTICS, INC.",2834,4-NON,10-Q,20210331,Y
1755672,CTVA,"CORTEVA, INC.",0100,1-LAF,10-Q,20210331,Y
1755953,ABTC,AKERNA CORP.,7374,4-NON,10-Q,20210331,Y
1756180,NCRA,"NOCERA, INC.",0200,4-NON,10-K,20201231,Y
1756262,TMDX,"TRANSMEDICS GROUP, INC.",3845,4-NON,10-Q,20210331,Y
1756390,AAWH,"ASCEND WELLNESS HOLDINGS, INC",2833,4-NON,10-Q,20210331,Y
1756497,,CHANGE HEALTHCARE INC.,7374,1-LAF,10-K,20210331,N
1756574,,"NEW WORLD TECHNOLOGIES, INC.",3845,4-NON,10-K,20201031,N
1756640,,WISEMAN GLOBAL LTD,5731,4-NON,10-K,20201231,N
1756699,TIGR,UP FINTECH HOLDING LTD,6211,2-ACC,20-F,20201231,Y
1756761,,INVESCO REAL ESTATE INCOME TRUST INC.,6798,4-NON,10-Q,20210331,N
1756770,CURLF,"CURALEAF HOLDINGS, INC.",2833,,40-F,20201231,Y
1757064,,GENFIT S.A.,2836,2-ACC,20-F,20201231,N
1757073,NVST,ENVISTA HOLDINGS CORP,3843,1-LAF,10-Q,20210331,Y
1757097,,CENTOGENE N.V.,8071,2-ACC,20-F,20201231,N
1757143,PAIYY,AESTHETIC MEDICAL INTERNATIONAL HOLDINGS GROUP LTD,8093,4-NON,20-F,20201231,Y
1757715,ATER,"ATERIAN, INC.",3634,2-ACC,10-Q,20210331,Y
1757840,INDO,INDONESIA ENERGY CORP LTD,1311,4-NON,20-F,20201231,Y
1757898,STE,STERIS PLC,3842,1-LAF,10-K,20210331,Y
1757932,,"ROMEO POWER, INC.",3714,4-NON,10-K,20201231,N
1758009,QUBT,QUANTUM COMPUTING INC.,7372,4-NON,10-Q,20210331,Y
1758021,KRT,KARAT PACKAGING INC.,3089,4-NON,10-Q,20210331,Y
1758057,,"LUMINAR TECHNOLOGIES, INC./DE",3714,4-NON,10-K,20201231,N
1758488,OSW,ONESPAWORLD HOLDINGS LTD,7997,4-NON,10-Q,20210331,Y
1758530,SY,SO-YOUNG INTERNATIONAL INC.,7374,1-LAF,20-F,20201231,Y
1758730,TW,TRADEWEB MARKETS INC.,6200,1-LAF,10-Q,20210331,Y
1758736,,MOLECULAR DATA INC.,7389,4-NON,20-F,20201231,N
1758766,STEM,"STEM, INC.",3690,4-NON,10-Q,20210331,Y
1759008,,"CARLOTZ, INC.",5500,2-ACC,10-Q,20210331,N
1759136,BHATF,BLUE HAT INTERACTIVE ENTERTAINMENT TECHNOLOGY,3944,4-NON,20-F,20201231,Y
1759138,CABA,"CABALETTA BIO, INC.",2836,4-NON,10-Q,20210331,Y
1759424,,"EVIL EMPIRE DESIGNS, INC.",3751,4-NON,10-K,20201231,N
1759425,MIRM,"MIRUM PHARMACEUTICALS, INC.",2834,4-NON,10-Q,20210331,Y
1759509,LYFT,"LYFT, INC.",7389,1-LAF,10-Q,20210331,Y
1759546,NRDE,LORDSTOWN MOTORS CORP.,3711,4-NON,10-Q,20210331,Y
1759614,YJ,YUNJI INC.,5990,2-ACC,20-F,20201231,Y
1759631,HYLN,HYLIION HOLDINGS CORP.,3713,4-NON,10-Q,20210331,Y
1759655,PRVA,"PRIVIA HEALTH GROUP, INC.",8000,4-NON,10-Q,20210331,Y
1759774,PSTL,"POSTAL REALTY TRUST, INC.",6798,4-NON,10-Q,20210331,Y
1759783,EH,EHANG HOLDINGS LTD,3728,4-NON,20-F,20201231,Y
1759824,ALTG,ALTA EQUIPMENT GROUP INC.,5084,4-NON,10-Q,20210331,Y
1760026,RMTG,"MESO NUMISMATICS, INC.",5990,4-NON,10-K,20201231,Y
1760173,,"SURGALIGN HOLDINGS, INC.",3842,2-ACC,10-Q,20210331,N
1760439,,HARVEST HEALTH & RECREATION INC.,0100,4-NON,10-Q,20210331,N
1760542,,HOOKIPA PHARMA INC.,2834,4-NON,10-Q,20210331,N
1760683,,EAST STONE ACQUISITION CORP,7370,4-NON,10-Q,20210331,N
1760689,MVST,TUSCAN HOLDINGS CORP.,3690,4-NON,10-Q,20210331,Y
1760717,,SCIPLAY CORP,7374,2-ACC,10-Q,20210331,N
1760854,NBTX,NANOBIOTIX S.A.,2834,4-NON,20-F,20201231,Y
1760903,BNKK,"JUPITER WELLNESS, INC.",2844,4-NON,10-K,20201231,Y
1760965,KTB,"KONTOOR BRANDS, INC.",2320,1-LAF,10-Q,20210331,Y
1761312,PLMR,"PALOMAR HOLDINGS, INC.",6331,1-LAF,10-Q,20210331,Y
1761534,,GOLDEN ROYAL DEVELOPMENT INC.,1311,4-NON,10-Q,20200331,N
1761540,,STRATUS CAPITAL CORP,6500,4-NON,10-Q,20210331,N
1761612,BCYC,BICYCLE THERAPEUTICS PLC,2834,4-NON,10-Q,20210331,Y
1761696,,CROWN ELECTROKINETICS CORP.,3679,4-NON,10-K,20210331,N
1761940,,DIAMOND S SHIPPING INC.,4700,2-ACC,10-Q,20210331,N
1762239,KAVL,"KAIVAL BRANDS INNOVATIONS GROUP, INC.",6770,4-NON,10-Q,20210430,Y
1762303,RCEL,"AVITA MEDICAL, INC.",3841,4-NON,10-Q,20210331,Y
1762322,,"SHIFT TECHNOLOGIES, INC.",5500,4-NON,10-Q,20210331,N
1762359,,"ACREAGE HOLDINGS, INC.",5900,4-NON,10-Q,20210331,N
1762417,DOYU,DOUYU INTERNATIONAL HOLDINGS LTD,7370,1-LAF,20-F,20201231,Y
1762506,VIST,"VISTA OIL & GAS, S.A.B. DE C.V.",1311,4-NON,20-F,20201231,Y
1763197,,ECMOHO LTD,5961,4-NON,20-F,20201231,N
1763329,AIBT,"20/20 GLOBAL, INC.",5141,4-NON,10-K,20201231,Y
1763543,,UNITED WORLD HOLDING GROUP LTD.,7900,4-NON,20-F,20201231,N
1763660,APGH,SEATECH VENTURES CORP.,7380,4-NON,10-Q,20210331,Y
1763950,LTRN,LANTERN PHARMA INC.,2834,4-NON,10-Q,20210331,Y
1764013,IMVT,"IMMUNOVANT, INC.",2836,1-LAF,10-K,20210331,Y
1764046,CLVT,CLARIVATE PLC,7374,1-LAF,10-Q,20210331,Y
1764301,,SC HEALTH CORP,6770,4-NON,10-Q,20210331,N
1764925,,"SLACK TECHNOLOGIES, INC.",7372,1-LAF,10-Q,20210430,N
1765048,GCGJ,"CHARMT, INC.",7370,4-NON,10-Q,20210331,Y
1765651,PSPX,PACIFIC SPORTS EXCHANGE INC.,5940,4-NON,10-Q,20210228,Y
1766016,,"CRUCIAL INNOVATIONS, CORP.",8200,4-NON,10-K,20201231,N
1766146,,UNION ACQUISITION CORP. II,6770,4-NON,10-Q,20210331,N
1766267,,SYNERGY EMPIRE LTD,5812,4-NON,10-K,20210331,N
1766352,,"CARRIER EQ, LLC",7372,4-NON,10-Q,20210331,N
1766363,,"ENDEAVOR GROUP HOLDINGS, INC.",7900,4-NON,10-Q,20210331,N
1766368,MEC,"MAYVILLE ENGINEERING COMPANY, INC.",3460,2-ACC,10-Q,20210331,Y
1766400,PNTG,"PENNANT GROUP, INC.",8000,2-ACC,10-Q,20210331,Y
1766502,CHWY,"CHEWY, INC.",5961,1-LAF,10-Q,20210430,Y
1766526,,"TECTONIC FINANCIAL, INC.",6022,4-NON,10-Q,20210331,N
1767258,XPEL,"XPEL, INC.",3470,2-ACC,10-Q,20210331,Y
1767582,LKNCY,LUCKIN COFFEE INC.,5810,4-NON,20-F,20191231,Y
1767837,RMBI,"RICHMOND MUTUAL BANCORPORATION, INC.",6022,4-NON,10-Q,20210331,Y
1768012,,"GOLDEN NUGGET ONLINE GAMING, INC.",7372,4-NON,10-Q,20210331,N
1768224,ARCT,ARCTURUS THERAPEUTICS HOLDINGS INC.,2834,1-LAF,10-Q,20210331,Y
1768259,GOTU,GSX TECHEDU INC.,8200,1-LAF,20-F,20201231,Y
1768267,CRNC,CERENCE INC.,7372,2-ACC,10-Q,20210331,Y
1769116,,VIA OPTRONICS AG,3674,4-NON,20-F,20201231,N
1769267,,FIRST SEACOAST BANCORP,6035,4-NON,10-Q,20210331,N
1769318,,"THUNDER BRIDGE ACQUISITION II, LTD",6770,4-NON,10-Q,20210331,N
1769617,,"HARBORONE BANCORP, INC.",6022,2-ACC,10-Q,20210331,N
1769624,ILLR,AGBA ACQUISITION LTD,6770,4-NON,10-Q,20210331,Y
1769663,PBFS,"PIONEER BANCORP, INC./MD",6036,4-NON,10-Q,20210331,Y
1769725,,"EUREKA HOMESTEAD BANCORP, INC.",6035,4-NON,10-Q,20210331,N
1769731,AMTD,AMTD INTERNATIONAL INC.,6199,2-ACC,20-F,20201231,Y
1769804,,"AUGMEDIX, INC.",7389,4-NON,10-Q,20210331,N
1770088,WIMI,WIMI HOLOGRAM CLOUD INC.,7372,4-NON,20-F,20201231,Y
1770121,SANA,"SANA BIOTECHNOLOGY, INC.",2836,4-NON,10-Q,20210331,Y
1770141,,"GIGCAPITAL2, INC.",6770,4-NON,10-K,20201231,N
1770450,XRX,XEROX HOLDINGS CORP,3577,1-LAF,10-Q,20210331,Y
1770561,CODQL,CORONADO GLOBAL RESOURCES INC.,1220,2-ACC,10-Q,20210331,Y
1770787,TXG,"10X GENOMICS, INC.",3826,1-LAF,10-Q,20210331,Y
1770883,,LINX S.A.,7372,2-ACC,20-F,20201231,N
1771007,AFYA,AFYA LTD,8200,1-LAF,20-F,20201231,Y
1771515,GO,GROCERY OUTLET HOLDING CORP.,5411,1-LAF,10-Q,20210331,Y
1771706,VREOF,"VIREO HEALTH INTERNATIONAL, INC.",2834,4-NON,10-Q,20210331,Y
1771917,,"KARUNA THERAPEUTICS, INC.",2834,1-LAF,10-Q,20210331,N
1772016,BRBR,"BELLRING BRANDS, INC.",2000,4-NON,10-Q,20210331,Y
1772028,,SCOPUS BIOPHARMA INC.,2834,4-NON,10-Q,20210331,N
1772177,KRUS,"KURA SUSHI USA, INC.",5812,4-NON,10-Q,20210228,Y
1772695,,SUNNOVA ENERGY INTERNATIONAL INC.,4931,2-ACC,10-Q,20210331,N
1772720,SPRU,XL FLEET CORP.,3714,4-NON,10-Q,20210331,Y
1772757,,DRAFTKINGS INC.,7990,1-LAF,10-Q,20210331,N
1772921,ONEW,ONEWATER MARINE INC.,5531,4-NON,10-Q,20210331,Y
1773087,,TUSCAN HOLDINGS CORP. II,6770,4-NON,10-Q,20210331,N
1773383,DT,"DYNATRACE, INC.",7372,1-LAF,10-K,20210331,Y
1773427,,"SPRINGWORKS THERAPEUTICS, INC.",2836,1-LAF,10-Q,20210331,N
1773751,HIMS,"HIMS & HERS HEALTH, INC.",8011,4-NON,10-Q,20210331,Y
1774155,,BTRS HOLDINGS INC.,7371,4-NON,10-Q,20210331,N
1774170,AIOT,"POWERFLEET, INC.",3669,4-NON,10-Q,20210331,Y
1774675,SKIL,CHURCHILL CAPITAL CORP II,7372,4-NON,10-Q,20210331,Y
1774983,,BROOGE ENERGY LTD,2911,2-ACC,20-F,20201231,N
1775085,,CHINA LIBERAL EDUCATION HOLDINGS LTD,8200,4-NON,20-F,20201231,N
1775625,,"SMILEDIRECTCLUB, INC.",3843,2-ACC,10-Q,20210331,N
1775898,UCL,UCLOUDLINK GROUP INC.,4899,4-NON,20-F,20201231,Y
1776048,,AMERAMEX INTERNATIONAL INC,7350,4-NON,10-K,20201231,N
1776067,OCG,ORIENTAL CULTURE HOLDING LTD,7380,4-NON,20-F,20201231,Y
1776661,ADV,ADVANTAGE SOLUTIONS INC.,7389,2-ACC,10-Q,20210331,Y
1776909,CURI,CURIOSITYSTREAM INC.,7812,4-NON,10-Q,20210331,Y
1776932,,"MEDMEN ENTERPRISES, INC.",5990,4-NON,10-Q,20210331,N
1777319,CISO,CERBERUS CYBER SENTINEL CORP,8742,4-NON,10-Q,20210331,Y
1777393,CHPT,"CHARGEPOINT HOLDINGS, INC.",3790,4-NON,10-Q,20210430,Y
1777835,PWP,FINTECH ACQUISITION CORP. IV,6282,4-NON,10-Q,20210331,Y
1777921,AVPT,APEX TECHNOLOGY ACQUISITION CORP,7372,4-NON,10-Q,20210331,Y
1777946,,LGL SYSTEMS ACQUISITION CORP.,7372,4-NON,10-Q,20210331,N
1778016,NBP,I-MAB,2834,4-NON,20-F,20201231,Y
1778784,,"PROVIDENT BANCORP, INC. /MD/",6036,4-NON,10-Q,20210331,N
1779020,,"DANIMER SCIENTIFIC, INC.",2821,4-NON,10-Q,20210331,N
1779128,SRTA,"BLADE AIR MOBILITY, INC.",7389,4-NON,10-Q,20210331,Y
1779474,MAPS,SILVER SPIKE ACQUISITION CORP.,7372,4-NON,10-Q,20210331,Y
1779476,KRKR,36KR HOLDINGS INC.,7389,4-NON,20-F,20201231,Y
1780097,,"BAUDAX BIO, INC.",8090,4-NON,10-Q,20210331,N
1780312,ASTS,"AST SPACEMOBILE, INC.",4899,4-NON,10-Q,20210331,Y
1780652,CAN,CANAAN INC.,3674,2-ACC,20-F,20201231,Y
1780731,EPOW,"GLOBAL INTERNET OF PEOPLE, INC.",7389,4-NON,20-F,20201231,Y
1781115,,ALUSSA ENERGY ACQUISITION CORP.,6770,4-NON,10-Q,20210331,N
1781162,MNTS,STABLE ROAD ACQUISITION CORP.,3760,4-NON,10-Q,20210331,Y
1781193,QH,QUHUO LTD,7389,4-NON,20-F,20201231,Y
1781335,OTIS,OTIS WORLDWIDE CORP,3600,1-LAF,10-Q,20210331,Y
1781405,,"ODYSSEY SEMICONDUCTOR TECHNOLOGIES, INC.",3674,4-NON,10-K,20201231,N
1781726,ACAT,"GJ CULTURE GROUP US, INC.",8200,4-NON,10-K,20201231,Y
1781753,DAO,"YOUDAO, INC.",8200,1-LAF,20-F,20201231,Y
1781755,BWIN,"BRP GROUP, INC.",6411,2-ACC,10-Q,20210331,Y
1781983,APRE,"APREA THERAPEUTICS, INC.",2834,4-NON,10-Q,20210331,Y
1782037,YGMZF,MINGZHU LOGISTICS HOLDINGS LTD,4700,4-NON,20-F,20201231,Y
1782594,,GENETRON HOLDINGS LTD,8071,4-NON,20-F,20201231,N
1782754,,AZEK CO INC.,3089,4-NON,10-Q,20210331,N
1782999,PTCHF,PURETECH HEALTH PLC,2834,4-NON,20-F,20201231,Y
1783010,,AMRYT PHARMA PLC,2834,4-NON,20-F,20201231,N
1783036,NCEL,NLS PHARMACEUTICS LTD.,2834,4-NON,20-F,20201231,Y
1783180,CARR,CARRIER GLOBAL CORP,3585,4-NON,10-Q,20210331,Y
1783183,PHAT,"PHATHOM PHARMACEUTICALS, INC.",2834,4-NON,10-Q,20210331,Y
1783317,,MCAFEE CORP.,7372,4-NON,10-Q,20210331,N
1783398,UWMC,UWM HOLDINGS CORP,6162,4-NON,10-Q,20210331,Y
1783400,,"US ECOLOGY, INC.",4953,1-LAF,10-Q,20210331,N
1783875,,4FRONT VENTURES CORP.,2833,4-NON,10-K,20201231,N
1784168,,FORUM MERGER III CORP,3711,4-NON,10-Q,20210331,N
1784254,MDIA,MEDIACO HOLDING INC.,4832,4-NON,10-Q,20210331,Y
1784440,BHIC,NOWTRANSIT INC,7374,4-NON,10-Q,20210228,Y
1784535,PRCH,"PORCH GROUP, INC.",7372,4-NON,10-Q,20210331,Y
1784567,,"HARBOR CUSTOM DEVELOPMENT, INC.",1531,4-NON,10-Q,20210331,N
1784797,,BROADMARK REALTY CAPITAL INC.,6798,1-LAF,10-Q,20210331,N
1784851,,GALILEO ACQUISITION CORP.,6770,4-NON,10-Q,20210331,N
1784970,NXTT,WETRADE GROUP INC.,7374,4-NON,10-Q,20210331,Y
1785173,,"89BIO, INC.",2834,4-NON,10-Q,20210331,N
1785345,,"LANDOS BIOPHARMA, INC.",2834,4-NON,10-Q,20210331,N
1785424,KPLT,FINSERV ACQUISITION CORP.,7359,4-NON,10-Q,20210331,Y
1785493,RHNO,PHOENIX PLUS CORP.,1700,4-NON,10-Q,20210430,Y
1785494,WBQNL,WOODBRIDGE LIQUIDATION TRUST,6500,4-NON,10-Q,20210331,Y
1785530,HOWL,"WEREWOLF THERAPEUTICS, INC.",2834,4-NON,10-Q,20210331,Y
1785566,ZCMD,ZHONGCHAO INC.,8200,4-NON,20-F,20201231,Y
1786117,PINE,"ALPINE INCOME PROPERTY TRUST, INC.",6798,4-NON,10-Q,20210331,Y
1786119,,"EXCELLERANT, INC.",8000,4-NON,10-Q,20210331,N
1786182,,"FIRST HIGH-SCHOOL EDUCATION GROUP CO., LTD.",8200,4-NON,20-F,20201231,N
1786248,NREF,"NEXPOINT REAL ESTATE FINANCE, INC.",6798,4-NON,10-Q,20210331,Y
1786352,BILL,"BILL.COM HOLDINGS, INC.",7372,4-NON,10-Q,20210331,Y
1786431,REYN,REYNOLDS CONSUMER PRODUCTS INC.,2673,4-NON,10-Q,20210331,Y
1786511,,"ANPAC BIO-MEDICAL SCIENCE CO., LTD.",8071,4-NON,20-F,20201231,N
1786842,VNT,VONTIER CORP,3824,4-NON,10-Q,20210331,Y
1786909,SBSW,SIBANYE STILLWATER LTD,1040,1-LAF,20-F,20201231,Y
1786989,,INDUSTRIAL TECHNICAL HOLDINGS CORP,3523,4-NON,20-F,20201231,N
1787005,,"CINCINNATI BANCORP, INC.",6035,4-NON,10-Q,20210331,N
1787123,,AZAR INTERNATIONAL CORP.,4700,4-NON,10-Q,20210228,N
1787297,PASG,"PASSAGE BIO, INC.",2836,4-NON,10-Q,20210331,Y
1787306,ARQT,"ARCUTIS BIOTHERAPEUTICS, INC.",2834,2-ACC,10-Q,20210331,Y
1787384,,"FFBW, INC. /MD/",6035,4-NON,10-Q,20210331,N
1787400,NKTX,"NKARTA, INC.",2834,4-NON,10-Q,20210331,Y
1787412,,"BUSINESS SOLUTIONS PLUS, INC.",6770,4-NON,10-Q,20210430,N
1787414,BSBK,BOGOTA FINANCIAL CORP.,6036,4-NON,10-Q,20210331,Y
1787425,XP,XP INC.,6211,1-LAF,20-F,20201231,Y
1787791,,"JUNIPER INDUSTRIAL HOLDINGS, INC.",6770,4-NON,10-Q,20210331,N
1787803,WNW,WUNONG NET TECHNOLOGY CO LTD,5961,4-NON,20-F,20201231,Y
1788028,JSPR,AMPLITUDE HEALTHCARE ACQUISITION CORP,6770,4-NON,10-Q,20210331,Y
1788257,BWMX,"BETTERWARE DE MEXICO, S.A.B. DE C.V.",5961,4-NON,20-F,20201231,Y
1788841,MCOM,GREENVISION ACQUISITION CORP.,7389,4-NON,10-Q,20210331,Y
1788882,ROOT,"ROOT, INC.",6331,4-NON,10-Q,20210331,Y
1789029,AEVA,"AEVA TECHNOLOGIES, INC.",3714,4-NON,10-Q,20210331,Y
1789192,NXTS,SAVE FOODS INC.,2870,4-NON,10-Q,20210331,Y
1789330,,"MJ HARVEST, INC.",3523,4-NON,10-Q,20210228,N
1789769,TIL,"INSTIL BIO, INC.",2836,4-NON,10-Q,20210331,Y
1789832,HESM,HESS MIDSTREAM LP,1311,2-ACC,10-Q,20210331,Y
1789972,CGEM,"CULLINAN ONCOLOGY, INC.",2836,4-NON,10-Q,20210331,Y
1790121,,ACKRELL SPAC PARTNERS I CO.,6770,4-NON,10-Q,20210331,N
1790625,,LIV CAPITAL ACQUISITION CORP.,8742,4-NON,10-Q,20210331,N
1790665,,GREENROSE ACQUISITION CORP.,6770,4-NON,10-Q,20210331,N
1790982,,ARCONIC CORP,3350,4-NON,10-Q,20210331,N
1791091,,"SOC TELEMED, INC.",8090,4-NON,10-Q,20210331,N
1791278,,BLUECITY HOLDINGS LTD,7374,4-NON,20-F,20201231,N
1791325,,FREEDOM INTERNET GROUP INC.,6794,4-NON,10-Q,20210430,N
1792044,VTRS,VIATRIS INC,2834,4-NON,10-Q,20210331,Y
1792580,OVV,OVINTIV INC.,1311,1-LAF,10-Q,20210331,Y
1792581,,"KIROMIC BIOPHARMA, INC.",2836,4-NON,10-Q,20210331,N
1792789,DASH,"DOORDASH, INC.",7389,4-NON,10-Q,20210331,Y
1792849,HPK,"HIGHPEAK ENERGY, INC.",1381,4-NON,10-Q,20210331,Y
1793229,CTEV,MULTIPLAN CORP,7389,4-NON,10-Q,20210331,Y
1793294,,"PPD, INC.",8731,4-NON,10-Q,20210331,N
1793659,RSI,"RUSH STREET INTERACTIVE, INC.",7990,4-NON,10-Q,20210331,Y
1794338,IGIC,INTERNATIONAL GENERAL INSURANCE HOLDINGS LTD.,6399,4-NON,20-F,20201231,Y
1794350,YALA,YALLA GROUP LTD,7370,4-NON,20-F,20201231,Y
1794515,GTM,ZOOMINFO TECHNOLOGIES INC.,7372,4-NON,10-Q,20210331,Y
1794621,,CITIC CAPITAL ACQUISITION CORP.,6770,4-NON,10-Q,20210331,N
1794669,FOUR,"SHIFT4 PAYMENTS, INC.",7389,4-NON,10-Q,20210331,Y
1794717,,SCVX CORP.,6770,4-NON,10-K,20201231,N
1794783,SLQT,"SELECTQUOTE, INC.",6411,4-NON,10-Q,20210331,Y
1794905,,STARBOARD VALUE ACQUISITION CORP.,7370,4-NON,10-Q,20210331,N
1794942,SKFG,"STARK FOCUS GROUP, INC.",5130,4-NON,10-K,20201231,Y
1795139,GTBIF,GREEN THUMB INDUSTRIES INC.,0100,4-NON,10-Q,20210331,Y
1795250,SPHR,MADISON SQUARE GARDEN ENTERTAINMENT CORP.,7900,4-NON,10-Q,20210331,Y
1795251,NNOX,NANO-X IMAGING LTD.,3844,4-NON,20-F,20201231,Y
1795589,KC,KINGSOFT CLOUD HOLDINGS LTD,7372,4-NON,20-F,20201231,Y
1795938,,CREATIONS INC,6199,4-NON,10-Q,20210331,N
1796022,STEP,STEPSTONE GROUP INC.,6282,4-NON,10-K,20210331,Y
1796129,,"VINCERX PHARMA, INC.",2834,4-NON,10-Q,20210331,N
1796209,APG,API GROUP CORP,1700,4-NON,10-Q,20210331,Y
1796280,ORIC,"ORIC PHARMACEUTICALS, INC.",2834,4-NON,10-Q,20210331,Y
1796514,BTCT,METEN EDTECHX EDUCATION GROUP LTD.,8200,4-NON,20-F,20201231,Y
1796898,MAXNQ,"MAXEON SOLAR TECHNOLOGIES, LTD.",3674,2-ACC,20-F,20201231,Y
1796949,GFLT,"HEALTHCARE BUSINESS RESOURCES, INC.",8742,4-NON,10-K,20210228,Y
1797099,,PTK ACQUISITION CORP.,6770,4-NON,10-K,20201231,N
1797336,,"AYALA PHARMACEUTICALS, INC.",2836,4-NON,10-Q,20210331,N
1797762,,"KENONGWO GROUP US, INC.",2870,4-NON,10-K,20201231,N
1797768,,KINNATE BIOPHARMA INC.,2834,4-NON,10-Q,20210331,N
1798100,NTST,NETSTREIT CORP.,6798,4-NON,10-Q,20210331,Y
1798270,,ASSURE HOLDINGS CORP.,3841,4-NON,10-Q,20210331,N
1798458,,"CARRIAGE HOUSE EVENT CENTER, INC.",7200,4-NON,10-Q,20210331,N
1798562,TMC,SUSTAINABLE OPPORTUNITIES ACQUISITION CORP.,1000,4-NON,10-Q,20210331,Y
1799191,STLN,DFP HEALTHCARE ACQUISITIONS CORP.,6770,4-NON,10-Q,20210331,Y
1799208,,"DUN & BRADSTREET HOLDINGS, INC.",7320,4-NON,10-Q,20210331,N
1799290,EBON,EBANG INTERNATIONAL HOLDINGS INC.,3674,4-NON,20-F,20201231,Y
1799332,,GAN LTD,7370,4-NON,10-Q,20210331,N
1799448,ALGS,"ALIGOS THERAPEUTICS, INC.",2836,4-NON,10-Q,20210331,Y
1799567,DDI,"DOUBLEDOWN INTERACTIVE CO., LTD.",7374,4-NON,20-F,20201231,Y
1799611,,COLLECTIVE GROWTH CORP,6770,4-NON,10-K,20201231,N
1799788,GLSI,"GREENWICH LIFESCIENCES, INC.",2834,4-NON,10-Q,20210331,Y
1799850,,CHARDAN HEALTHCARE ACQUISITION 2 CORP.,6770,4-NON,10-Q,20210331,N
1799858,,WILSHIRE WSHARES ENHANCED GOLD TRUST,6221,4-NON,10-Q,20210331,N
1799983,,GLOBAL BLUE GROUP HOLDING AG,7374,4-NON,20-F,20210331,N
1800199,,"ICAP VAULT 1, LLC",6500,4-NON,10-Q,20210331,N
1800227,PPLI,IAC/INTERACTIVECORP,7370,4-NON,10-Q,20210331,Y
1800315,DMRA,"GALECTO, INC.",2834,4-NON,10-Q,20210331,Y
1800347,,"E2OPEN PARENT HOLDINGS, INC.",7374,4-NON,10-K,20201231,N
1800392,MLGO,VENUS ACQUISITION CORP,6770,4-NON,10-Q,20210331,Y
1800637,RYM,AGRIFY CORP,0700,4-NON,10-Q,20210331,Y
1800667,FROG,JFROG LTD,7372,4-NON,10-Q,20210331,Y
1800682,,JAWS ACQUISITION CORP.,8011,4-NON,10-Q,20210331,N
1801075,,AMERICAN NATIONAL GROUP INC,6311,2-ACC,10-Q,20210331,N
1801169,OPEN,OPENDOOR TECHNOLOGIES INC.,6531,4-NON,10-Q,20210331,Y
1801170,CLOV,"CLOVER HEALTH INVESTMENTS, CORP. /DE",6324,4-NON,10-Q,20210331,Y
1801198,LEGN,LEGEND BIOTECH CORP,2834,4-NON,20-F,20201231,Y
1801368,MP,MP MATERIALS CORP. / DE,1000,4-NON,10-Q,20210331,Y
1801602,SBIG,TUATARA CAPITAL ACQUISITION CORP,6770,4-NON,10-Q,20210331,Y
1801661,FIRY,SKILLZ INC.,7374,4-NON,10-Q,20210331,Y
1801754,,"TREAN INSURANCE GROUP, INC.",6331,4-NON,10-Q,20210331,N
1801777,,APPLIED MOLECULAR TRANSPORT INC.,2834,4-NON,10-Q,20210331,N
1802450,MSPR,LIONHEART ACQUISITION CORP. II,6770,4-NON,10-Q,20210331,Y
1802457,,ARTIUS ACQUISITION INC.,2860,4-NON,10-Q,20210331,N
1802546,,"KONA GOLD BEVERAGE, INC.",2080,4-NON,10-K,20201231,N
1802665,HRMY,"HARMONY BIOSCIENCES HOLDINGS, INC.",2834,4-NON,10-Q,20210331,Y
1802749,,"LIGHTNING EMOTORS, INC.",3711,4-NON,10-Q,20210331,N
1802768,RPRX,ROYALTY PHARMA PLC,2834,4-NON,10-Q,20210331,Y
1803096,STRG,"STARGUIDE GROUP, INC.",5190,4-NON,10-K,20210131,Y
1803284,,HYGGE INTEGRATED BRANDS CORP.,3990,4-NON,10-Q,20210228,N
1803599,CNXC,CONCENTRIX CORP,7389,4-NON,10-Q,20210228,Y
1803696,ADEA,XPERI HOLDING CORP,3674,1-LAF,10-Q,20210331,Y
1803914,PLBY,"PLBY GROUP, INC.",5900,4-NON,10-K,20201231,Y
1803977,LIMX,"BIO LAB NATURALS, INC.",7990,4-NON,10-Q,20210331,Y
1804176,BFLY,"BUTTERFLY NETWORK, INC.",3844,4-NON,10-Q,20210331,Y
1804469,GFAI,"GUARDFORCE AI CO., LTD",4610,4-NON,20-F,20201231,Y
1804583,RAASY,CLOOPEN GROUP HOLDING LTD,7372,4-NON,20-F,20201231,Y
1804585,,"NUGENEREX IMMUNO-ONCOLOGY, INC.",2834,4-NON,10-Q,20210430,N
1804591,,VG ACQUISITION CORP.,3829,4-NON,10-Q,20210331,N
1804745,DRVN,DRIVEN BRANDS HOLDINGS INC.,7500,4-NON,10-Q,20210331,Y
1805012,,VITRU LTD,8200,4-NON,20-F,20201231,N
1805024,,"AMERGENT HOSPITALITY GROUP, INC",5810,4-NON,10-K,20201231,N
1805077,EOSE,"EOS ENERGY ENTERPRISES, INC.",3690,4-NON,10-Q,20210331,Y
1805284,RKT,"ROCKET COMPANIES, INC.",6162,4-NON,10-Q,20210331,Y
1805385,EVLV,NEWHOLD INVESTMENT CORP.,3577,4-NON,10-Q,20210331,Y
1805387,,"CEREVEL THERAPEUTICS HOLDINGS, INC.",2834,4-NON,10-Q,20210331,N
1805508,,ITIQUIRA ACQUISITION CORP.,6770,4-NON,10-Q,20210331,N
1805521,FFAI,PROPERTY SOLUTIONS ACQUISITION CORP.,3711,4-NON,10-Q,20210331,Y
1805594,JWEL,JOWELL GLOBAL LTD.,5960,4-NON,20-F,20201231,Y
1805651,MKTW,ASCENDANT DIGITAL ACQUISITION CORP.,7372,4-NON,10-Q,20210331,Y
1805795,,MALLARD ACQUISITION CORP.,6770,4-NON,10-K,20201231,N
1805833,SST,TREBIA ACQUISITION CORP.,6770,4-NON,10-K,20201231,Y
1805890,,FUSION PHARMACEUTICALS INC.,2836,4-NON,10-Q,20210331,N
1806201,LPRO,OPEN LENDING CORP,6141,4-NON,10-Q,20210331,Y
1806310,TSHA,"TAYSHA GENE THERAPIES, INC.",2836,4-NON,10-Q,20210331,Y
1806837,VERX,"VERTEX, INC.",7372,4-NON,10-Q,20210331,Y
1807120,DSGN,"DESIGN THERAPEUTICS, INC.",2834,4-NON,10-Q,20210331,Y
1807166,AMST,AMESITE INC.,7372,4-NON,10-Q,20210331,Y
1807192,,CHINDATA GROUP HOLDINGS LTD,7370,4-NON,20-F,20201231,N
1807594,,MALACCA STRAITS ACQUISITION CO LTD,6770,4-NON,10-Q,20210331,N
1807707,,"APPHARVEST, INC.",0100,4-NON,10-Q,20210331,N
1807765,PMVC,PMV CONSUMER ACQUISITION CORP.,6770,4-NON,10-Q,20210331,Y
1807846,,FUSION ACQUISITION CORP.,6199,4-NON,10-Q,20210331,N
1807887,LASE,LASER PHOTONICS CORP,3690,4-NON,10-Q,20210331,Y
1807893,SPFX,"STANDARD PREMIUM FINANCE HOLDINGS, INC.",6159,4-NON,10-Q,20210331,Y
1807983,MDNAF,MEDICENNA THERAPEUTICS CORP.,2834,,40-F,20210331,Y
1808158,,REPARE THERAPEUTICS INC.,2834,4-NON,10-Q,20210331,N
1808220,,"GOHEALTH, INC.",6411,4-NON,10-Q,20210331,N
1808665,,"ASSERTIO HOLDINGS, INC.",2834,2-ACC,10-Q,20210331,N
1808805,NAUT,ARYA SCIENCES ACQUISITION CORP III,6770,4-NON,10-Q,20210331,Y
1808834,PRG,"PROG HOLDINGS, INC.",7359,1-LAF,10-Q,20210331,Y
1808865,,"ITEOS THERAPEUTICS, INC.",2836,4-NON,10-Q,20210331,N
1808898,BNTC,BENITEC BIOPHARMA INC.,2834,4-NON,10-Q,20210331,Y
1809104,ALIT,FOLEY TRASIMENE ACQUISITION CORP.,6770,4-NON,10-Q,20210331,Y
1809122,,CUREVAC N.V.,2834,4-NON,20-F,20201231,N
1809519,GDRX,"GOODRX HOLDINGS, INC.",7374,4-NON,10-Q,20210331,Y
1809587,BEKE,KE HOLDINGS INC.,6531,4-NON,20-F,20201231,Y
1809987,MIR,GS ACQUISITION HOLDINGS CORP II,6770,4-NON,10-Q,20210331,Y
1810019,RXT,"RACKSPACE TECHNOLOGY, INC.",7370,4-NON,10-Q,20210331,Y
1810140,,1847 GOEDEKER INC.,5700,4-NON,10-Q,20210331,N
1810182,ALXO,ALX ONCOLOGY HOLDINGS INC,2834,4-NON,10-Q,20210331,Y
1810491,,VISTAS MEDIA ACQUISITION CO INC.,6770,4-NON,10-K,20201231,N
1810546,EBC,"EASTERN BANKSHARES, INC.",6035,4-NON,10-Q,20210331,Y
1810560,REVB,PETRA ACQUISITION INC.,6770,4-NON,10-Q,20210331,Y
1810739,,"RADIUS GLOBAL INFRASTRUCTURE, INC.",6519,4-NON,10-Q,20210331,N
1810806,U,UNITY SOFTWARE INC.,7372,4-NON,10-Q,20210331,Y
1810997,XPEV,XPENG INC.,3711,4-NON,20-F,20201231,Y
1811063,NUVB,NUVATION BIO INC.,2834,4-NON,10-Q,20210331,Y
1811074,TPL,TEXAS PACIFIC LAND CORP,6792,1-LAF,10-Q,20210331,Y
1811109,,"APPLIED UV, INC.",3640,4-NON,10-Q,20210331,N
1811210,LCID,CHURCHILL CAPITAL CORP IV,3711,4-NON,10-Q,20210331,Y
1811216,BAOS,BAOSHENG MEDIA GROUP HOLDINGS LTD,7389,4-NON,20-F,20201231,Y
1811414,QS,QUANTUMSCAPE CORP,3690,4-NON,10-Q,20210331,Y
1811764,,THERAPEUTICS ACQUISITION CORP.,2834,4-NON,10-Q,20210331,N
1811856,,"VIEW, INC.",3211,4-NON,10-Q,20210331,N
1811882,,"PERSHING SQUARE TONTINE HOLDINGS, LTD.",6770,4-NON,10-Q,20210331,N
1811999,FMHS,"FARMHOUSE, INC. /NV",7370,4-NON,10-K,20201231,Y
1812173,RBOT,D8 HOLDINGS CORP.,6770,4-NON,10-Q,20210331,Y
1812234,,CHURCHILL CAPITAL CORP V,6770,4-NON,10-Q,20210331,N
1812360,FOXO,DELWINDS INSURANCE ACQUISITION CORP.,6770,4-NON,10-Q,20210331,Y
1812364,RLAY,"RELAY THERAPEUTICS, INC.",2836,4-NON,10-Q,20210331,Y
1812667,,CC NEUBERGER PRINCIPAL HOLDINGS II,6770,4-NON,10-Q,20210331,N
1812727,EZRA,"RELIANCE GLOBAL GROUP, INC.",6411,4-NON,10-Q,20210331,Y
1813603,HSTA,HESTIA INSIGHT INC.,8742,4-NON,10-Q,20210228,Y
1813658,,ACE CONVERGENCE ACQUISITION CORP.,3674,4-NON,10-Q,20210331,N
1813744,WDSP,"WORLD SCAN PROJECT, INC.",3728,4-NON,10-Q,20210131,Y
1813756,,BOWX ACQUISITION CORP.,6770,4-NON,10-Q,20210331,N
1813793,,"BLOCKCHAIN OF THINGS, INC.",6199,4-NON,10-Q,20210331,N
1813914,,DEERFIELD HEALTHCARE TECHNOLOGY ACQUISITIONS CORP.,8050,4-NON,10-Q,20210331,N
1814067,LXEH,LIXIANG EDUCATION HOLDING CO. LTD.,8200,4-NON,20-F,20201231,Y
1814114,OBIO,HEALTH SCIENCES ACQUISITIONS CORP 2,6770,4-NON,10-Q,20210331,Y
1814140,,BROOKLINE CAPITAL ACQUISITION CORP.,6770,4-NON,10-Q,20210331,N
1814215,BURU,TAILWIND ACQUISITION CORP.,8742,4-NON,10-Q,20210331,Y
1814329,,HOLICITY INC.,4700,4-NON,10-Q,20210331,N
1814423,IH,IHUMAN INC.,8200,4-NON,20-F,20201231,Y
1814824,,KISMET ACQUISITION ONE CORP,6770,4-NON,10-Q,20210331,N
1814974,BBXIB,"BBX CAPITAL, INC.",5400,4-NON,10-Q,20210331,Y
1815086,,BRIDGETOWN HOLDINGS LTD,6770,4-NON,10-Q,20210331,N
1815184,,REDBALL ACQUISITION CORP.,6770,4-NON,10-Q,20210331,N
1815302,,YUCAIPA ACQUISITION CORP,6770,4-NON,10-Q,20210331,N
1815442,KYMR,"KYMERA THERAPEUTICS, INC.",2836,4-NON,10-Q,20210331,Y
1815526,,BURGUNDY TECHNOLOGY ACQUISITION CORP,6770,4-NON,10-Q,20210331,N
1815632,TGCB,"TEGO CYBER, INC.",7370,4-NON,10-Q,20210331,Y
1815737,,FAST ACQUISITION CORP.,6770,4-NON,10-Q,20210331,N
1815753,,THUNDER BRIDGE CAPITAL PARTNERS III INC.,6770,4-NON,10-Q,20210331,N
1815805,,BROADSTONE ACQUISITION CORP.,6770,4-NON,10-Q,20210331,N
1815849,,FORTRESS VALUE ACQUISITION CORP. II,8050,4-NON,10-Q,20210331,N
1815903,PTPI,"PETROS PHARMACEUTICALS, INC.",2834,4-NON,10-Q,20210331,Y
1815974,ANEB,"ANEBULO PHARMACEUTICALS, INC.",2834,4-NON,10-Q,20210331,Y
1816017,SPIR,"NAVSIGHT HOLDINGS, INC.",4899,4-NON,10-Q,20210331,Y
1816048,,SOFTWARE ACQUISITION GROUP INC. II,6770,4-NON,10-Q,20210331,N
1816090,,FTAC OLYMPUS ACQUISITION CORP.,6770,4-NON,10-Q,20210331,N
1816114,,ENIGMA MPC,6199,4-NON,10-K,20210228,N
1816176,,GO ACQUISITION CORP.,6770,4-NON,10-Q,20210331,N
1816233,,FALCON CAPITAL ACQUISITION CORP.,8000,4-NON,10-Q,20210331,N
1816261,,EXECUTIVE NETWORK PARTNERING CORP,6770,4-NON,10-Q,20210331,N
1816581,OUST,"OUSTER, INC.",3569,4-NON,10-Q,20210331,Y
1816613,,ONE,3577,4-NON,10-Q,20210331,N
1816696,,"INDUSTRIAL TECH ACQUISITIONS, INC.",6770,4-NON,10-Q,20210331,N
1816708,OWLT,SANDBRIDGE ACQUISITION CORP,3829,4-NON,10-Q,20210331,Y
1816736,IRON,"GEMINI THERAPEUTICS, INC. /DE",2834,4-NON,10-Q,20210331,Y
1816816,,GORES HOLDINGS V INC.,6770,4-NON,10-Q,20210331,N
1816901,,"SAWAI GROUP HOLDINGS CO., LTD.",2834,4-NON,20-F,20210331,N
1816906,,"GAMING TECHNOLOGIES, INC.",7372,4-NON,10-K,20201231,N
1817071,,HORIZON ACQUISITION CORP,6770,4-NON,10-Q,20210331,N
1817229,VOR,VOR BIOPHARMA INC.,2836,4-NON,10-Q,20210331,Y
1817232,HGAS,DUNE ACQUISITION CORP,6770,4-NON,10-Q,20210331,Y
1817358,ASO,"ACADEMY SPORTS & OUTDOORS, INC.",5940,4-NON,10-K,20210131,Y
1817760,SMTK,"SMARTKEM, INC.",3674,4-NON,10-Q,20210331,Y
1817944,,BLUE WATER ACQUISITION CORP.,6770,4-NON,10-K,20201231,N
1818089,,BLUESCAPE OPPORTUNITIES ACQUISITION CORP.,6770,4-NON,10-K,20201231,N
1818152,,"OFF LINE INTERNATIONAL, INC.",4899,4-NON,10-K,20201231,N
1818201,CCC,DRAGONEER GROWTH OPPORTUNITIES CORP.,7372,4-NON,10-Q,20210331,Y
1818221,,EQUITY DISTRIBUTION ACQUISITION CORP.,6770,4-NON,10-Q,20210331,N
1818331,WGS,"CM LIFE SCIENCES, INC.",8000,4-NON,10-Q,20210331,Y
1818346,,"RIBBIT LEAP, LTD.",6770,4-NON,10-Q,20210331,N
1818382,HUMA,ALPHA HEALTHCARE ACQUISITION CORP.,2836,4-NON,10-Q,20210331,Y
1818383,MAX,"MEDIAALPHA, INC.",6399,4-NON,10-Q,20210331,Y
1818502,OPFI,FG NEW AMERICA ACQUISITION CORP.,6199,4-NON,10-Q,20210331,Y
1818550,,INCORDEX CORP.,7200,4-NON,10-Q,20210331,N
1818644,LIDR,CF FINANCE ACQUISITION CORP. III,3714,4-NON,10-Q,20210331,Y
1818794,DYN,"DYNE THERAPEUTICS, INC.",2834,4-NON,10-Q,20210331,Y
1818838,ADAG,ADAGENE INC.,2834,4-NON,20-F,20201231,Y
1818844,DWTX,"VIRIOS THERAPEUTICS, INC.",2834,4-NON,10-Q,20210331,Y
1818874,SOFI,SOCIAL CAPITAL HEDOSOPHIA HOLDINGS CORP. V,6099,4-NON,10-Q,20210331,Y
1818876,,SOCIAL CAPITAL HEDOSOPHIA HOLDINGS CORP. IV,6770,4-NON,10-K,20201231,N
1818880,,GLENFARNE MERGER CORP.,6770,4-NON,10-Q,20210331,N
1819035,,"METROMILE, INC.",6331,4-NON,10-Q,20210331,N
1819074,,PARCELPAL TECHNOLOGY INC.,4210,4-NON,20-F,20201231,N
1819113,,LIFESCI ACQUISITION II CORP.,6770,4-NON,10-Q,20210331,N
1819133,TNGX,BCTG ACQUISITION CORP.,2834,4-NON,10-Q,20210331,Y
1819142,SES,IVANHOE CAPITAL ACQUISITION CORP.,6770,4-NON,10-Q,20210331,Y
1819157,,NORTH MOUNTAIN MERGER CORP.,6770,4-NON,10-Q,20210331,N
1819175,PRIAF,PRIME IMPACT ACQUISITION I,6770,4-NON,10-Q,20210331,Y
1819253,BTMD,HAYMAKER ACQUISITION CORP. III,6770,4-NON,10-Q,20210331,Y
1819263,,MONTES ARCHIMEDES ACQUISITION CORP,6770,4-NON,10-Q,20210331,N
1819313,,TWC TECH HOLDINGS II CORP.,6770,4-NON,10-Q,20210331,N
1819394,,"GORES HOLDINGS VI, INC.",7372,4-NON,10-Q,20210331,N
1819395,,"GORES METROPOULOS II, INC.",6770,4-NON,10-Q,20210331,N
1819399,,TPG PACE BENEFICIAL FINANCE CORP.,6770,4-NON,10-Q,20210331,N
1819404,NRDY,TPG PACE TECH OPPORTUNITIES CORP.,7372,4-NON,10-Q,20210331,Y
1819411,GANX,"GAIN THERAPEUTICS, INC.",2834,4-NON,10-Q,20210331,Y
1819438,GWH,ACON S2 ACQUISITION CORP.,6770,4-NON,10-Q,20210331,Y
1819493,XOS,NEXTGEN ACQUISITION CORP,3714,4-NON,10-Q,20210331,Y
1819496,,IG ACQUISITION CORP.,6770,4-NON,10-Q,20210331,N
1819510,,ATLANTIC AVENUE ACQUISITION CORP,6770,4-NON,10-Q,20210331,N
1819516,UP,ASPIRATIONAL CONSUMER LIFESTYLE CORP.,4522,4-NON,10-Q,20210331,Y
1819574,BARK,ORIGINAL BARK CO,5990,4-NON,10-K,20210331,Y
1819576,LQDA,LIQUIDIA CORP,2834,4-NON,10-Q,20210331,Y
1819580,YSG,YATSEN HOLDING LTD,2844,4-NON,20-F,20201231,Y
1819584,,TORTOISE ACQUISITION CORP. II,6770,4-NON,10-Q,20210331,N
1819615,,CLEVER LEAVES HOLDINGS INC.,2834,4-NON,10-Q,20210331,N
1819704,MRM,MEDIROM HEALTHCARE TECHNOLOGIES INC.,7200,4-NON,20-F,20201231,Y
1819724,,RESEARCH ALLIANCE CORP. II,6770,4-NON,10-Q,20210331,N
1819790,TARS,"TARSUS PHARMACEUTICALS, INC.",2836,4-NON,10-Q,20210331,Y
1819794,HTOO,FUSION FUEL GREEN PLC,3620,4-NON,20-F,20201231,Y
1819796,GCMG,GCM GROSVENOR INC.,6282,4-NON,10-Q,20210331,Y
1819810,RDW,GENESIS PARK ACQUISITION CORP.,3760,4-NON,10-Q,20210331,Y
1819848,JOBY,REINVENT TECHNOLOGY PARTNERS,3721,4-NON,10-Q,20210331,Y
1819881,,PAYA HOLDINGS INC.,7389,2-ACC,10-Q,20210331,N
1819928,DV,"DOUBLEVERIFY HOLDINGS, INC.",7370,4-NON,10-Q,20210331,Y
1819974,SKYT,"SKYWATER TECHNOLOGY, INC",3674,4-NON,10-Q,20210331,Y
1819989,CIFR,GOOD WORKS ACQUISITION CORP.,7374,4-NON,10-Q,20210331,Y
1819994,RKLB,VECTOR ACQUISITION CORP,3760,4-NON,10-Q,20210331,Y
1820143,,RMG ACQUISITION CORP. II,6770,4-NON,10-Q,20210331,N
1820144,GRND,TIGA ACQUISITION CORP.,6770,4-NON,10-Q,20210331,Y
1820160,,SCP & CO HEALTHCARE ACQUISITION CO,6770,4-NON,10-Q,20210331,N
1820175,,OCA ACQUISITION CORP.,6770,4-NON,10-K,20201231,N
1820191,,AEA-BRIDGES IMPACT CORP.,6770,4-NON,10-Q,20210331,N
1820201,,SEAPORT GLOBAL ACQUISITION CORP,6770,4-NON,10-K,20201231,N
1820272,,LEGATO MERGER CORP.,6770,4-NON,10-Q,20210331,N
1820302,BKKT,VPC IMPACT ACQUISITION HOLDINGS,7372,4-NON,10-Q,20210331,Y
1820566,,THAYER VENTURES ACQUISITION CORP,6770,4-NON,10-Q,20210331,N
1820630,,ARCLIGHT CLEAN TRANSITION CORP.,3711,4-NON,10-Q,20210331,N
1820721,ARRY,"ARRAY TECHNOLOGIES, INC.",3990,4-NON,10-Q,20210331,Y
1820727,,MUDRICK CAPITAL ACQUISITION CORP. II,6770,4-NON,10-K,20201231,N
1820852,,SPORTS ENTERTAINMENT ACQUISITION CORP.,6770,4-NON,10-Q,20210331,N
1820872,GBTG,APOLLO STRATEGIC GROWTH CAPITAL,6770,4-NON,10-Q,20210331,Y
1820877,,APARTMENT INCOME REIT CORP.,6798,4-NON,10-Q,20210331,N
1820931,,OAKTREE ACQUISITION CORP. II,6770,4-NON,10-Q,20210331,N
1820953,AFRM,"AFFIRM HOLDINGS, INC.",7389,4-NON,10-Q,20210331,Y
1821018,,ION ACQUISITION CORP 1 LTD.,6770,4-NON,10-Q,20210331,N
1821075,,PROPTECH INVESTMENT CORP. II,6770,4-NON,10-Q,20210331,N
1821146,,BETTER WORLD ACQUISITION CORP.,6770,4-NON,10-K,20201231,N
1821159,EVGO,CLIMATE CHANGE CRISIS REAL IMPACT I ACQUISITION CORP,7500,4-NON,10-Q,20210331,Y
1821160,,GUILD HOLDINGS CO,6162,4-NON,10-Q,20210331,N
1821169,,"GLOBAL SPAC PARTNERS CO,",6770,4-NON,10-Q,20210331,N
1821171,,QELL ACQUISITION CORP,6770,4-NON,10-Q,20210331,N
1821175,MSGM,MOTORSPORT GAMES INC.,7372,4-NON,10-Q,20210331,Y
1821317,,PERIDOT ACQUISITION CORP.,6770,4-NON,10-Q,20210331,N
1821318,,OTR ACQUISITION CORP.,6770,4-NON,10-Q,20210331,N
1821323,,"SIGILON THERAPEUTICS, INC.",2834,4-NON,10-Q,20210331,N
1821329,,CC NEUBERGER PRINCIPAL HOLDINGS III,6770,4-NON,10-Q,20210331,N
1821349,,NEOGAMES S.A.,7900,4-NON,20-F,20201231,N
1821393,,"AARON'S COMPANY, INC.",7359,4-NON,10-Q,20210331,N
1821424,UK,UCOMMUNE INTERNATIONAL LTD,7389,4-NON,20-F,20201231,Y
1821468,YQ,17 EDUCATION & TECHNOLOGY GROUP INC.,8200,4-NON,20-F,20201231,Y
1821586,MLTX,HELIX ACQUISITION CORP,6770,4-NON,10-Q,20210331,Y
1821595,,10X CAPITAL VENTURE ACQUISITION CORP,3714,4-NON,10-Q,20210331,N
1821606,,TASTEMAKER ACQUISITION CORP.,6770,4-NON,10-Q,20210331,N
1821769,NVTS,LIVE OAK ACQUISITION CORP II,6770,4-NON,10-Q,20210331,Y
1821788,,HORIZON ACQUISITION CORP II,6770,4-NON,10-Q,20210331,N
1821806,LESL,"LESLIE'S, INC.",5990,4-NON,10-Q,20210331,Y
1821825,OGN,ORGANON & CO.,2834,4-NON,10-Q,20210331,Y
1821850,,SPARTAN ACQUISITION CORP. II,6199,4-NON,10-Q,20210331,N
1822027,,TEKKORP DIGITAL ACQUISITION CORP.,6770,4-NON,10-K,20201231,N
1822145,,VENTOUX CCM ACQUISITION CORP.,6770,4-NON,10-Q,20210331,N
1822219,,FIRSTMARK HORIZON ACQUISITION CORP.,6770,4-NON,10-Q,20210331,N
1822250,,CONTEXTLOGIC INC.,5961,4-NON,10-Q,20210331,N
1822309,,CASCADE ACQUISITION CORP,6770,4-NON,10-Q,20210331,N
1822359,DCGO,MOTION ACQUISITION CORP.,6770,4-NON,10-Q,20210331,Y
1822366,,ALTITUDE ACQUISITION CORP.,6770,4-NON,10-Q,20210331,N
1822372,,STREETEX CORP.,7310,4-NON,10-Q,20210331,N
1822462,FHTX,FOGHORN THERAPEUTICS INC.,2834,4-NON,10-Q,20210331,Y
1822479,SHC,SOTERA HEALTH CO,8090,4-NON,10-Q,20210331,Y
1822492,HLMN,"LANDCADIA HOLDINGS III, INC.",3420,4-NON,10-Q,20210331,Y
1822523,AFCG,"AFC GAMMA, INC.",6500,4-NON,10-Q,20210331,Y
1822553,,SPARTACUS ACQUISITION CORP,6770,4-NON,10-Q,20210331,N
1822691,,ENVIRONMENTAL IMPACT ACQUISITION CORP,6770,4-NON,10-Q,20210331,N
1822711,,FS DEVELOPMENT CORP. II,6770,4-NON,10-Q,20210331,N
1822791,CLNN,CLENE INC.,2834,4-NON,10-Q,20210331,Y
1822792,,GOLDENBRIDGE ACQUISITION LTD,6770,4-NON,10-Q,20210331,N
1822835,,PINE ISLAND ACQUISITION CORP.,6770,4-NON,10-K,20201231,N
1822877,,VY GLOBAL GROWTH,6770,4-NON,10-Q,20210331,N
1822888,,VIRTUOSO ACQUISITION CORP.,6770,4-NON,10-Q,20210331,N
1822912,,26 CAPITAL ACQUISITION CORP.,6770,4-NON,10-Q,20210331,N
1822928,HLLY,EMPOWER LTD.,3714,4-NON,10-Q,20210331,Y
1822935,,HEALTHCARE CAPITAL CORP/DE,6770,4-NON,10-K,20201231,N
1822966,SMR,SPRING VALLEY ACQUISITION CORP.,0100,4-NON,10-Q,20210331,Y
1823000,,CONX CORP.,6770,4-NON,10-Q,20210331,N
1823033,,HUDSON EXECUTIVE INVESTMENT CORP. II,6770,4-NON,10-Q,20210331,N
1823034,,HUDSON EXECUTIVE INVESTMENT CORP. III,6770,4-NON,10-Q,20210331,N
1823086,,KINGSWOOD ACQUISITION CORP.,6770,4-NON,10-Q,20210331,N
1823143,,MDH ACQUISITION CORP.,6770,4-NON,10-Q,20210331,N
1823144,GPGI,ROMAN DBDR TECH ACQUISITION CORP.,6770,4-NON,10-Q,20210331,Y
1823200,,BCLS ACQUISITION CORP.,6770,4-NON,10-Q,20210331,N
1823239,MRVI,"MARAVAI LIFESCIENCES HOLDINGS, INC.",2834,4-NON,10-Q,20210331,Y
1823306,LSPD,LIGHTSPEED POS INC.,7372,,40-F,20210331,Y
1823323,,KL ACQUISITION CORP,6770,4-NON,10-Q,20210331,N
1823365,GBNY,"GENERATIONS BANCORP NY, INC.",6036,4-NON,10-Q,20210331,Y
1823383,,GLOBIS ACQUISITION CORP.,6770,4-NON,10-Q,20210331,N
1823406,AFBI,"AFFINITY BANCSHARES, INC.",6036,4-NON,10-K,20201231,Y
1823465,,5:01 ACQUISITION CORP.,6770,4-NON,10-Q,20210331,N
1823481,,TZP STRATEGIES ACQUISITION CORP.,6770,4-NON,10-Q,20210331,N
1823524,,TURMERIC ACQUISITION CORP.,6770,4-NON,10-Q,20210331,N
1823575,,L&F ACQUISITION CORP.,6770,4-NON,10-Q,20210331,N
1823584,AENT,ADARA ACQUISITION CORP.,6770,4-NON,10-Q,20210331,Y
1823587,SKYH,YELLOWSTONE ACQUISITION CO,6770,4-NON,10-Q,20210331,Y
1823593,TSPH,TUSIMPLE HOLDINGS INC.,7373,4-NON,10-Q,20210331,Y
1823608,AMAL,AMALGAMATED FINANCIAL CORP.,6022,2-ACC,10-Q,20210331,Y
1823635,ECXJ,"CXJ GROUP CO., LTD",3714,4-NON,10-Q,20210228,Y
1823652,EVEX,ZANITE ACQUISITION CORP.,6770,4-NON,10-Q,20210331,Y
1823707,,GLOBAL SYNERGY ACQUISITION CORP.,6770,4-NON,10-Q,20210331,N
1823733,,FORTRESS CAPITAL ACQUISITION CORP,6770,4-NON,10-Q,20210331,N
1823766,,RICE ACQUISITION CORP.,4932,4-NON,10-Q,20210331,N
1823767,,LUX HEALTH TECH ACQUISITION CORP.,6770,4-NON,10-Q,20210331,N
1823776,,H.I.G. ACQUISITION CORP.,6770,4-NON,10-Q,20210331,N
1823794,ARKO,ARKO CORP.,5412,4-NON,10-Q,20210331,Y
1823826,,AEQUI ACQUISITION CORP.,6770,4-NON,10-Q,20210331,N
1823855,,MARLIN TECHNOLOGY CORP.,6770,4-NON,10-Q,20210331,N
1823857,,VIVEON HEALTH ACQUISITION CORP.,6770,4-NON,10-K,20201231,N
1823878,MYPS,ACIES ACQUISITION CORP.,7372,4-NON,10-Q,20210331,Y
1823882,,NEW BEGINNINGS ACQUISITION CORP.,3663,4-NON,10-Q,20210331,N
1823884,,VECTOIQ ACQUISITION CORP. II,6770,4-NON,10-Q,20210331,N
1823896,,GOLDEN FALCON ACQUISITION CORP.,6770,4-NON,10-Q,20210331,N
1823945,OWL,ALTIMAR ACQUISITION CORP.,6282,4-NON,10-Q,20210331,Y
1824013,,HEALTH ASSURANCE ACQUISITION CORP.,6770,4-NON,10-Q,20210331,N
1824036,,IDEX BIOMETRICS ASA,7373,4-NON,20-F,20201231,N
1824119,,JIYA ACQUISITION CORP.,6770,4-NON,10-Q,20210331,N
1824149,,JOFF FINTECH ACQUISITION CORP.,6770,4-NON,10-Q,20210331,N
1824153,,LEO HOLDINGS CORP. II,6770,4-NON,10-Q,20210331,N
1824171,,KAIROS ACQUISITION CORP.,6770,4-NON,10-Q,20210331,N
1824185,,HH&L ACQUISITION CO.,6770,4-NON,10-Q,20210331,N
1824293,GRI,"VALLON PHARMACEUTICALS, INC.",2834,4-NON,10-Q,20210331,Y
1824301,,CONCORD ACQUISITION CORP,6770,4-NON,10-Q,20210331,N
1824403,RSVR,ROTH CH ACQUISITION II CO,7900,4-NON,10-Q,20210331,Y
1824434,,FORTRESS VALUE ACQUISITION CORP. III,6770,4-NON,10-Q,20210331,N
1824502,ACHR,ATLAS CREST INVESTMENT CORP.,3721,4-NON,10-Q,20210331,Y
1824577,,CERBERUS TELECOM ACQUISITION CORP.,6770,4-NON,10-Q,20210331,N
1824677,,ONE EQUITY PARTNERS OPEN WATER I CORP.,6770,4-NON,10-Q,20210331,N
1824734,,REVOLUTION ACCELERATION ACQUISITION CORP,3569,4-NON,10-Q,20210331,N
1824814,CGNT,COGNYTE SOFTWARE LTD.,7372,4-NON,20-F,20210131,Y
1824884,,EDOC ACQUISITION CORP.,6770,4-NON,10-K,20201231,N
1824888,,NATURAL ORDER ACQUISITION CORP.,6770,4-NON,10-Q,20210331,N
1824893,SRZN,CONSONANCE-HFW ACQUISITION CORP.,2836,4-NON,10-Q,20210331,Y
1824920,IONQ,"DMY TECHNOLOGY GROUP, INC. III",7373,4-NON,10-Q,20210331,Y
1824963,,AJAX I,6770,4-NON,10-Q,20210331,N
1824993,,PERIPHAS CAPITAL PARTNERING CORP,6770,4-NON,10-Q,20210331,N
1825024,OPAD,"SUPERNOVA PARTNERS ACQUISITION COMPANY, INC.",6531,4-NON,10-Q,20210331,Y
1825042,,INVESTINDUSTRIAL ACQUISITION CORP.,6770,4-NON,10-Q,20210331,N
1825079,VELO,JAWS SPITFIRE ACQUISITION CORP,3559,4-NON,10-Q,20210331,Y
1825088,DFH,"DREAM FINDERS HOMES, INC.",1531,4-NON,10-Q,20210331,Y
1825249,,CF ACQUISITION CORP. IV,6770,4-NON,10-Q,20210331,N
1825413,,BIOTECH ACQUISITION CO,6770,4-NON,10-Q,20210331,N
1825437,,LIGHTJUMP ACQUISITION CORP,6770,4-NON,10-K,20201231,N
1825480,,"POSHMARK, INC.",5961,4-NON,10-Q,20210331,N
1825497,,CRUCIBLE ACQUISITION CORP,6770,4-NON,10-Q,20210331,N
1825720,,EMPOWERMENT & INCLUSION CAPITAL I CORP.,6770,4-NON,10-Q,20210331,N
1825724,,"POPULATION HEALTH INVESTMENT CO., INC.",6770,4-NON,10-Q,20210331,N
1825739,,PWP FORWARD ACQUISITION CORP. I,6770,4-NON,10-Q,20210331,N
1825962,,KISMET ACQUISITION TWO CORP.,6770,4-NON,10-Q,20210331,N
1826000,LTCH,TS INNOVATION ACQUISITIONS CORP.,7381,4-NON,10-Q,20210331,Y
1826011,BNZI,7GC & CO. HOLDINGS INC.,6770,4-NON,10-Q,20210331,Y
1826018,,NEBULA CARAVEL ACQUISITION CORP.,7200,4-NON,10-Q,20210331,N
1826059,,KISMET ACQUISITION THREE CORP.,6770,4-NON,10-Q,20210331,N
1826168,TIMB,TIM S.A.,4813,1-LAF,20-F,20201231,Y
1826435,,SILVER SPIKE ACQUISITION CORP II,6770,4-NON,10-Q,20210331,N
1826470,WOOF,"PETCO HEALTH & WELLNESS COMPANY, INC.",5990,4-NON,10-Q,20210430,Y
1826492,,GRACELL BIOTECHNOLOGIES INC.,2834,4-NON,20-F,20201231,N
1826553,,SILVER CREST ACQUISITION CORP,6770,4-NON,10-Q,20210331,N
1826574,,SPORTS VENTURES ACQUISITION CORP.,6770,4-NON,10-Q,20210331,N
1826660,WETH,WETOUCH TECHNOLOGY INC.,3577,4-NON,10-Q,20210331,Y
1826667,TLSI,MEDTECH ACQUISITION CORP,6770,4-NON,10-Q,20210331,Y
1826669,,GX ACQUISITION CORP. II,6770,4-NON,10-Q,20210331,N
1826671,,KLUDEIN I ACQUISITION CORP,6770,4-NON,10-Q,20210331,N
1826681,PDYN,ROTOR ACQUISITION CORP.,3569,4-NON,10-Q,20210331,Y
1826729,,EQ HEALTH ACQUISITION CORP.,6770,4-NON,10-Q,20210331,N
1826814,,"HAMILTON LANE ALLIANCE HOLDINGS I, INC.",6770,4-NON,10-Q,20210331,N
1826855,,CLASS ACCELERATION CORP.,6770,4-NON,10-K,20201231,N
1826889,BODI,FOREST ROAD ACQUISITION CORP.,5960,4-NON,10-Q,20210331,Y
1826892,BCAB,"BIOATLA, INC.",2836,4-NON,10-Q,20210331,Y
1826991,,TREPONT ACQUISITION CORP I,6770,4-NON,10-Q,20210331,N
1827075,,DRAGONEER GROWTH OPPORTUNITIES CORP. II,6770,4-NON,10-Q,20210331,N
1827076,,DRAGONEER GROWTH OPPORTUNITIES CORP. III,6770,4-NON,10-Q,20210331,N
1827090,CERT,"CERTARA, INC.",7372,4-NON,10-Q,20210331,Y
1827328,,BRIGHT LIGHTS ACQUISITION CORP.,6770,4-NON,10-Q,20210331,N
1827392,,AUTHENTIC EQUITY ACQUISITION CORP.,6770,4-NON,10-Q,20210331,N
1827506,,"TALARIS THERAPEUTICS, INC.",2836,4-NON,10-Q,20210331,N
1827669,,OMNICHANNEL ACQUISITION CORP.,6770,4-NON,10-Q,20210331,N
1827821,,MOTIVE CAPITAL CORP,6770,4-NON,10-Q,20210331,N
1827855,,MEDICALE CORP.,8000,4-NON,10-Q,20210331,N
1827871,,TLG ACQUISITION ONE CORP.,6770,4-NON,10-Q,20210331,N
1827899,CPTKW,CROWN PROPTECH ACQUISITIONS,6770,4-NON,10-Q,20210331,Y
1827980,,NORTHERN GENESIS ACQUISITION CORP. II,6770,4-NON,10-K,20201231,N
1828016,PLTK,PLAYTIKA HOLDING CORP.,7374,4-NON,10-Q,20210331,Y
1828049,,CF ACQUISITION CORP. V,6770,4-NON,10-Q,20210331,N
1828096,,GORES HOLDINGS VII INC.,6770,4-NON,10-Q,20210331,N
1828102,KARO,KAROOOOO LTD.,7372,4-NON,20-F,20210228,Y
1828105,HIPO,REINVENT TECHNOLOGY PARTNERS Z,6331,4-NON,10-Q,20210331,Y
1828108,AUR,REINVENT TECHNOLOGY PARTNERS Y,6770,4-NON,10-Q,20210331,Y
1828161,FTCI,"FTC SOLAR, INC.",3674,4-NON,10-Q,20210331,Y
1828182,,"SIGNIFY HEALTH, INC.",8082,4-NON,10-Q,20210331,N
1828183,,FORTRESS VALUE ACQUISITION CORP. IV,6770,4-NON,10-Q,20210331,N
1828185,BRNS,VACCITECH PLC,2834,4-NON,10-Q,20210331,Y
1828248,,CHURCHILL CAPITAL CORP VII,6770,4-NON,10-Q,20210331,N
1828250,,CHURCHILL CAPITAL CORP VI,6770,4-NON,10-Q,20210331,N
1828253,EVAX,EVAXION BIOTECH A/S,2836,4-NON,20-F,20201231,Y
1828316,PHAR,PHARMING GROUP N.V.,2834,4-NON,20-F,20201231,Y
1828318,ENVX,RODGERS SILICON VALLEY ACQUISITION CORP,3690,4-NON,10-Q,20210331,Y
1828325,,MONUMENT CIRCLE ACQUISITION CORP.,6770,4-NON,10-Q,20210331,N
1828326,,FRAZIER LIFESCIENCES ACQUISITION CORP,6770,4-NON,10-Q,20210331,N
1828365,RLX,RLX TECHNOLOGY INC.,2111,4-NON,20-F,20201231,Y
1828376,,WILLIAM PENN BANCORPORATION,6036,4-NON,10-Q,20210331,N
1828377,FTCO,FORTITUDE GOLD CORP,1040,4-NON,10-Q,20210331,Y
1828438,,Z-WORK ACQUISITION CORP.,6770,4-NON,10-Q,20210331,N
1828443,,ORTHO CLINICAL DIAGNOSTICS HOLDINGS PLC,2835,4-NON,10-Q,20210331,N
1828478,,SVF INVESTMENT CORP.,6770,4-NON,10-Q,20210331,N
1828522,,LOCUST WALK ACQUISITION CORP.,6770,4-NON,10-Q,20210331,N
1828536,NRGV,NOVUS CAPITAL CORP II,6770,4-NON,10-Q,20210331,Y
1828588,HNVR,"HANOVER BANCORP, INC. /NY",6022,4-NON,10-Q,20210331,Y
1828608,,COMPUTE HEALTH ACQUISITION CORP.,6770,4-NON,10-Q,20210331,N
1828613,,GLOBAL GOLD ROYALTY INC.,6795,4-NON,10-Q,20210331,N
1828650,,LONG MALL INTERNET TECHNOLOGY CO LTD,5400,4-NON,10-Q,20210331,N
1828672,,SEVEN OAKS ACQUISITION CORP.,6770,4-NON,10-Q,20210331,N
1828723,,"CBRE ACQUISITION HOLDINGS, INC.",6770,4-NON,10-Q,20210331,N
1828735,,BENESSERE CAPITAL ACQUISITION CORP.,6770,4-NON,10-Q,20210331,N
1828739,,AZZURRO SOLUTIONS CORP.,5099,4-NON,10-Q,20210331,N
1828748,ASFH,ASIAFIN HOLDINGS CORP.,7389,4-NON,10-Q,20210228,Y
1828791,DSP,VIANT TECHNOLOGY INC.,7370,4-NON,10-Q,20210331,Y
1828805,ALMU,"PARC INVESTMENTS, INC.",6770,4-NON,10-Q,20210331,Y
1828817,,HIGHLAND TRANSCEND PARTNERS I CORP.,6770,4-NON,10-Q,20210331,N
1828852,,ITHAX ACQUISITION CORP.,6770,4-NON,10-Q,20210331,N
1828914,,ATHLON ACQUISITION CORP.,6770,4-NON,10-Q,20210331,N
1828937,FOA,FINANCE OF AMERICA COMPANIES INC.,6162,4-NON,10-Q,20210331,Y
1828957,,DD3 ACQUISITION CORP. II,6770,4-NON,10-Q,20210331,N
1828962,CRCT,"CRICUT, INC.",3559,4-NON,10-Q,20210331,Y
1828972,BZFD,"890 5TH AVENUE PARTNERS, INC.",6770,4-NON,10-Q,20210331,Y
1828985,,SCION TECH GROWTH I,6770,4-NON,10-Q,20210331,N
1828989,,PANACEA ACQUISITION CORP. II,6770,4-NON,10-Q,20210331,N
1829280,,FORIAN INC.,7374,4-NON,10-Q,20210331,N
1829311,BMNR,"SANDY SPRINGS HOLDINGS, INC.",6770,4-NON,10-Q,20210228,Y
1829328,,FINTECH ACQUISITION CORP V,6770,4-NON,10-Q,20210331,N
1829426,,FAR PEAK ACQUISITION CORP,6770,4-NON,10-Q,20210331,N
1829427,,POWERED BRANDS,6770,4-NON,10-Q,20210331,N
1829432,,ARES ACQUISITION CORP,6770,4-NON,10-Q,20210331,N
1829455,,HENNESSY CAPITAL INVESTMENT CORP. V,6770,4-NON,10-Q,20210331,N
1829558,,ARCTOS NORTHSTAR ACQUISITION CORP.,6770,4-NON,10-Q,20210331,N
1829576,CARE,"CARTER BANKSHARES, INC.",6021,2-ACC,10-Q,20210331,Y
1829615,,COLICITY INC.,6770,4-NON,10-Q,20210331,N
1829730,,SWITCHBACK II CORP,6770,4-NON,10-Q,20210331,N
1829797,,PIONEER MERGER CORP.,6770,4-NON,10-Q,20210331,N
1829802,FTH,"SENSEI BIOTHERAPEUTICS, INC.",2834,4-NON,10-Q,20210331,Y
1829953,,CORNER GROWTH ACQUISITION CORP.,6770,4-NON,10-Q,20210331,N
1829966,,"ESPORTS TECHNOLOGIES, INC.",7900,4-NON,10-Q,20210331,N
1829999,,FOXWAYNE ENTERPRISES ACQUISITION CORP.,6770,4-NON,10-Q,20210331,N
1830029,,ADIT EDTECH ACQUISITION CORP.,6770,4-NON,10-K,20201231,N
1830033,PCT,"PURECYCLE TECHNOLOGIES, INC.",2821,4-NON,10-Q,20210331,Y
1830043,BMBL,BUMBLE INC.,7370,4-NON,10-Q,20210331,Y
1830063,,NORTH ATLANTIC ACQUISITION CORP,6770,4-NON,10-Q,20210331,N
1830072,IPW,IPOWER INC.,5200,4-NON,10-Q,20210331,Y
1830081,RUM,CF ACQUISITION CORP. VI,6770,4-NON,10-Q,20210331,Y
1830162,,4D PHARMA PLC,2834,4-NON,20-F,20201231,N
1830188,,DIAMONDHEAD HOLDINGS CORP.,6770,4-NON,10-Q,20210331,N
1830197,,HOME POINT CAPITAL INC.,6162,4-NON,10-Q,20210331,N
1830210,,STAR PEAK CORP II,2000,4-NON,10-Q,20210331,N
1830214,DNA,SOARING EAGLE ACQUISITION CORP.,2836,4-NON,10-Q,20210331,Y
1830232,,ALTIMETER GROWTH CORP. 2,6770,4-NON,10-Q,20210331,N
1830374,,D & Z MEDIA ACQUISITION CORP.,6770,4-NON,10-Q,20210331,N
1830487,PHVS,PHARVARIS N.V.,2834,4-NON,20-F,20201231,Y
1830531,,PROVIDENT ACQUISITION CORP.,6770,4-NON,10-Q,20210331,N
1830547,,SCIENCE STRATEGIC ACQUISITION CORP. ALPHA,6770,4-NON,10-Q,20210331,N
1830696,,GLOBAL LEADERS CORP,8742,4-NON,10-Q,20210430,N
1830795,,QUANTUM FINTECH ACQUISITION CORP,6770,4-NON,10-Q,20210331,N
1831006,,BLUERIVER ACQUISITION CORP.,6770,4-NON,10-Q,20210331,N
1831096,GEG,"GREAT ELM GROUP, INC.",7372,4-NON,10-Q,20210331,Y
1831097,AGL,"AGILON HEALTH, INC.",8090,4-NON,10-Q,20210331,Y
1831236,,BRIDGETOWN 2 HOLDINGS LTD,6770,4-NON,10-Q,20210331,N
1831270,,BITE ACQUISITION CORP.,6770,4-NON,10-Q,20210331,N
1831359,JWSMF,JAWS MUSTANG ACQUISITION CORP,6770,4-NON,10-Q,20210331,Y
1831363,,"TERNS PHARMACEUTICALS, INC.",2834,4-NON,10-Q,20210331,N
1831481,SOC,FLAME ACQUISITION CORP.,6770,4-NON,10-Q,20210331,Y
1831617,,"DIVERSEY HOLDINGS, LTD.",2842,4-NON,10-Q,20210331,N
1831631,LDI,"LOANDEPOT, INC.",6199,4-NON,10-Q,20210331,Y
1831651,SHLS,"SHOALS TECHNOLOGIES GROUP, INC.",3674,4-NON,10-Q,20210331,Y
1831828,VERA,"VERA THERAPEUTICS, INC.",2834,4-NON,10-Q,20210331,Y
1831840,,"SEMRUSH HOLDINGS, INC.",7372,4-NON,10-Q,20210331,N
1831868,ICU,LMF ACQUISITION OPPORTUNITIES INC,6770,4-NON,10-Q,20210331,Y
1831928,,DEEP LAKE CAPITAL ACQUISITION CORP.,6770,4-NON,10-Q,20210331,N
1831937,,CLARIM ACQUISITION CORP.,6770,4-NON,10-K,20201231,N
1831964,,NOBLE ROCK ACQUISITION CORP,6770,4-NON,10-K,20201231,N
1831978,,NEWBURY STREET ACQUISITION CORP,6770,4-NON,10-Q,20210331,N
1831979,SDST,GLOBAL PARTNER ACQUISITION CORP II,6770,4-NON,10-Q,20210331,Y
1831992,,LIBERTY MEDIA ACQUISITION CORP,6770,4-NON,10-Q,20210331,N
1832010,,OMEGA ALPHA SPAC,6770,4-NON,10-Q,20210331,N
1832161,VIPZ,KEYSTAR CORP.,5900,4-NON,10-Q,20210331,Y
1832168,,"LONGBOARD PHARMACEUTICALS, INC.",2834,4-NON,10-Q,20210331,N
1832250,,GROUP NINE ACQUISITION CORP.,6770,4-NON,10-Q,20210331,N
1832332,AVAH,"AVEANNA HEALTHCARE HOLDINGS, INC.",8082,4-NON,10-Q,20210331,Y
1832351,,ECP ENVIRONMENTAL GROWTH OPPORTUNITIES CORP.,6770,4-NON,10-Q,20210331,N
1832371,,VELOCITY ACQUISITION CORP.,6770,4-NON,10-Q,20210331,N
1832415,,MOUNTAIN CREST ACQUISITION CORP II,8000,4-NON,10-Q,20210331,N
1832459,,THOMA BRAVO ADVANTAGE,6770,4-NON,10-Q,20210331,N
1832466,ALHC,"ALIGNMENT HEALTHCARE, INC.",6324,4-NON,10-Q,20210331,Y
1832483,SERV,PATRICIA ACQUISITION CORP.,6770,4-NON,10-K,20201231,Y
1832487,GUER,LAFFIN ACQUISITION CORP.,6770,4-NON,10-K,20201231,Y
1832505,,EUROPEAN SUSTAINABLE GROWTH ACQUISITION CORP.,6770,4-NON,10-Q,20210430,N
1832511,PIII,FORESIGHT ACQUISITION CORP.,6770,4-NON,10-Q,20210331,Y
1832696,,FTAC ATHENA ACQUISITION CORP.,6770,4-NON,10-Q,20210331,N
1832737,,TISHMAN SPEYER INNOVATION CORP. II,6770,4-NON,10-Q,20210331,N
1832765,,EDIFY ACQUISITION CORP.,6770,4-NON,10-Q,20210331,N
1832950,,"KERNEL GROUP HOLDINGS, INC.",6770,4-NON,10-Q,20210331,N
1833197,SWIM,"LATHAM GROUP, INC.",3089,4-NON,10-Q,20210331,Y
1833213,,PROGRESS ACQUISITION CORP.,6770,4-NON,10-K,20201231,N
1833214,SABS,BIG CYPRESS ACQUISITION CORP.,6770,4-NON,10-K,20201231,Y
1833498,MDAI,ROSECLIFF ACQUISITION CORP I,6770,4-NON,10-Q,20210331,Y
1833764,,ABG ACQUISITION CORP. I,6770,4-NON,10-Q,20210331,N
1833769,HYPR,HEALTHCOR CATALIO ACQUISITION CORP.,6770,4-NON,10-Q,20210331,Y
1833908,,"ALFI, INC.",7370,4-NON,10-Q,20210331,N
1833909,,AFRICAN GOLD ACQUISITION CORP,6770,4-NON,10-Q,20210331,N
1834032,CSTAF,CONSTELLATION ACQUISITION CORP I,6770,4-NON,10-Q,20210331,Y
1834048,ASAIY,SENDAS DISTRIBUTOR S.A.,5411,4-NON,20-F,20201231,Y
1834226,,OYSTER ENTERPRISES ACQUISITION CORP.,6770,4-NON,10-Q,20210331,N
1834336,,FINSERV ACQUISITION CORP. II,6770,4-NON,10-Q,20210331,N
1834342,,EVO ACQUISITION CORP,6770,4-NON,10-Q,20210331,N
1834376,INNV,INNOVAGE HOLDING CORP.,8000,4-NON,10-Q,20210331,Y
1834489,GENI,GENIUS SPORTS LTD,7990,4-NON,20-F,20201231,Y
1834518,,NORTHERN STAR INVESTMENT CORP. II,6211,4-NON,10-Q,20210331,N
1834584,CPNG,"COUPANG, INC.",5961,4-NON,10-Q,20210331,Y
1834585,,JOANN INC.,5940,4-NON,10-Q,20210430,N
1834622,HAYW,"HAYWARD HOLDINGS, INC.",3580,4-NON,10-Q,20210331,Y
1834628,,"LEAD EDGE GROWTH OPPORTUNITIES, LTD",6770,4-NON,10-Q,20210331,N
1835236,,MUSIC ACQUISITION CORP,6770,4-NON,10-Q,20210331,N
1835256,,"DUCKHORN PORTFOLIO, INC.",2080,4-NON,10-Q,20210430,N
1835378,,ION ACQUISITION CORP 2 LTD.,6770,4-NON,10-Q,20210331,N
1835385,MBBC,"MARATHON BANCORP, INC. /MD/",6036,4-NON,10-Q,20210331,Y
1835416,,MORINGA ACQUISITION CORP,6770,4-NON,10-Q,20210331,N
1835512,,TAILWIND TWO ACQUISITION CORP.,6770,4-NON,10-Q,20210331,N
1835567,,THIMBLE POINT ACQUISITION CORP.,6770,4-NON,10-Q,20210331,N
1835579,IMA,"IKENA ONCOLOGY, INC.",2836,4-NON,10-Q,20210331,Y
1835591,,VIZIO HOLDING CORP.,3651,4-NON,10-Q,20210331,N
1835632,MRVL,"MARVELL TECHNOLOGY, INC.",3674,1-LAF,10-Q,20210430,Y
1835636,,"ADVANCED MERGER PARTNERS, INC.",6770,4-NON,10-Q,20210331,N
1835654,INVZ,INNOVIZ TECHNOLOGIES LTD.,3714,4-NON,20-F,20201231,Y
1835713,,CLIMATE REAL IMPACT SOLUTIONS II ACQUISITION CORP,6770,4-NON,10-Q,20210331,N
1835800,,PIVOTAL INVESTMENT CORP III,6770,4-NON,10-Q,20210331,N
1835814,,NORTHERN STAR INVESTMENT CORP. IV,6770,4-NON,10-Q,20201231,N
1835817,,NORTHERN STAR INVESTMENT CORP. III,6770,4-NON,10-Q,20201231,N
1835856,BETR,AURORA ACQUISITION CORP.,6770,4-NON,10-Q,20210331,Y
1835881,,TAILWIND INTERNATIONAL ACQUISITION CORP.,6770,4-NON,10-Q,20210331,N
1835972,,ARROWROOT ACQUISITION CORP.,6770,4-NON,10-Q,20210331,N
1836074,,WARBURG PINCUS CAPITAL CORP I-B,6770,4-NON,10-Q,20210331,N
1836075,,WARBURG PINCUS CAPITAL CORP I-A,6770,4-NON,10-Q,20210331,N
1836100,,GOAL ACQUISITIONS CORP.,6770,4-NON,10-K,20201231,N
1836129,,ORION ACQUISITION CORP.,6770,4-NON,10-Q,20210331,N
1836154,,DECARBONIZATION PLUS ACQUISITION CORP II,6770,4-NON,10-Q,20210331,N
1836176,,ALTIMAR ACQUISITION CORP. II,6770,4-NON,10-Q,20210331,N
1836190,,QUEEN'S GAMBIT GROWTH CAPITAL,6770,4-NON,10-Q,20210331,N
1836259,,SPORTSTEK ACQUISITION CORP.,6770,4-NON,10-Q,20210331,N
1836274,,ATLANTIC COASTAL ACQUISITION CORP.,6770,4-NON,10-Q,20210331,N
1836337,,LAZARD GROWTH ACQUISITION CORP. I,6770,4-NON,10-Q,20210331,N
1836517,,MEDICUS SCIENCES ACQUISITION CORP.,6770,4-NON,10-Q,20210331,N
1836547,,ALPHA CAPITAL ACQUISITION CO,6770,4-NON,10-Q,20210331,N
1836833,PL,"DMY TECHNOLOGY GROUP, INC. IV",6770,4-NON,10-Q,20210331,Y
1836875,NVVE,NUVVE HOLDING CORP.,3612,4-NON,10-Q,20210331,Y
1836894,,USHG ACQUISITION CORP.,6770,4-NON,10-Q,20210331,N
1836935,,CENTRICUS ACQUISITION CORP.,6770,4-NON,10-Q,20210331,N
1836967,,ALKURI GLOBAL ACQUISITION CORP.,6770,4-NON,10-Q,20210331,N
1836981,BBAI,"GIGCAPITAL4, INC.",6770,4-NON,10-Q,20210331,Y
1837014,SMRT,FIFTH WALL ACQUISITION CORP. I,7374,4-NON,10-Q,20210331,Y
1837067,,NIGHTDRAGON ACQUISITION CORP.,6770,4-NON,10-Q,20210331,N
1837105,,"GORES TECHNOLOGY PARTNERS, INC.",6770,4-NON,10-Q,20210331,N
1837160,,COVA ACQUISITION CORP.,6770,4-NON,10-Q,20210331,N
1837238,,SVF INVESTMENT CORP. 2,6770,4-NON,10-Q,20210331,N
1837240,SYM,SVF INVESTMENT CORP. 3,6770,4-NON,10-Q,20210331,Y
1837248,,SUSTAINABLE DEVELOPMENT ACQUISITION I CORP.,6770,4-NON,10-Q,20210331,N
1837344,,NOCTURNE ACQUISITION CORP,6770,4-NON,10-Q,20210331,N
1837393,,INDEPENDENCE HOLDINGS CORP.,6770,4-NON,10-Q,20210331,N
1837412,,CM LIFE SCIENCES II INC.,8731,4-NON,10-Q,20210331,N
1837607,AEON,PRIVETERRA ACQUISITION CORP.,6770,4-NON,10-Q,20210331,Y
1837671,CPPTL,COPPER PROPERTY CTL PASS THROUGH TRUST,6500,4-NON,10-Q,20210331,Y
1837686,,"VIMEO HOLDINGS, INC.",7370,,10-Q,20210331,N
1837739,,COLONNADE ACQUISITION CORP. II,6770,4-NON,10-Q,20210331,N
1837774,GIPL,CANNING STREET CORP,6770,4-NON,10-Q,20201231,Y
1837997,,ISLEWORTH HEALTHCARE ACQUISITION CORP.,6770,4-NON,10-Q,20210331,N
1838108,,RMG ACQUISITION CORP. III,6770,4-NON,10-Q,20210331,N
1838128,,LOWELL FARMS INC.,0100,4-NON,10-Q,20210331,N
1838162,,SLAM CORP.,6770,4-NON,10-Q,20210331,N
1838176,,DHB CAPITAL CORP.,6770,4-NON,10-Q,20210331,N
1838207,,AUSTERLITZ ACQUISITION CORP I,6770,4-NON,10-Q,20210331,N
1838219,,TCW SPECIAL PURPOSE ACQUISITION CORP.,6770,4-NON,10-Q,20210331,N
1838238,,PINE TECHNOLOGY ACQUISITION CORP.,6770,4-NON,10-Q,20210331,N
1838337,,APOLLO STRATEGIC GROWTH CAPITAL II,6770,4-NON,10-Q,20210331,N
1838359,RGTI,"SUPERNOVA PARTNERS ACQUISITION CO II, LTD.",6770,4-NON,10-Q,20210331,Y
1838361,,"SUPERNOVA PARTNERS ACQUISITION CO III, LTD.",6770,4-NON,10-Q,20210331,N
1838431,,SCION TECH GROWTH II,6770,4-NON,10-Q,20210331,N
1838527,,SPARTAN ACQUISITION CORP. III,6770,4-NON,10-Q,20210331,N
1838544,,BOA ACQUISITION CORP.,6770,4-NON,10-Q,20210331,N
1838614,,ATLAS CREST INVESTMENT CORP. II,6770,4-NON,10-Q,20210331,N
1838615,ALTI,CARTESIAN GROWTH CORP,6770,4-NON,10-Q,20210331,Y
1838666,,BUILD ACQUISITION CORP.,6770,4-NON,10-Q,20210331,N
1838672,,MCAP ACQUISITION CORP,6770,4-NON,10-Q,20210331,N
1838697,,BROADSCALE ACQUISITION CORP.,6770,4-NON,10-Q,20210331,N
1838821,,ARYA SCIENCES ACQUISITION CORP IV,6770,4-NON,10-Q,20210331,N
1838831,,DISRUPTIVE ACQUISITION CORP I,6770,4-NON,10-Q,20210331,N
1838883,,ACCELERATE ACQUISITION CORP.,6770,4-NON,10-Q,20210331,N
1838987,SPWR,FREEDOM ACQUISITION I CORP.,6770,4-NON,10-Q,20210331,Y
1839121,,G&P ACQUISITION CORP.,6770,4-NON,10-Q,20210331,N
1839127,,"SIMON PROPERTY GROUP ACQUISITION HOLDINGS, INC.",6770,4-NON,10-Q,20210331,N
1839132,,PATHFINDER ACQUISITION CORP,6770,4-NON,10-Q,20210331,N
1839191,,AUSTERLITZ ACQUISITION CORP II,6770,4-NON,10-Q,20210331,N
1839341,CORZ,POWER & DIGITAL INFRASTRUCTURE ACQUISITION CORP.,6770,4-NON,10-Q,20210331,Y
1839360,,B. RILEY PRINCIPAL 150 MERGER CORP.,6770,4-NON,10-Q,20210331,N
1839412,,ROTH CH ACQUISITION III CO,6770,4-NON,10-Q,20210331,N
1839434,,EJF ACQUISITION CORP.,6770,4-NON,10-Q,20210331,N
1839530,XBP,CF ACQUISITION CORP. VIII,6770,4-NON,10-Q,20210331,Y
1839550,,FIGURE ACQUISITION CORP. I,6770,4-NON,10-Q,20210331,N
1839824,,FAST ACQUISITION CORP. II,6770,4-NON,10-Q,20210331,N
1839972,,FTAC PARNASSUS ACQUISITION CORP.,6770,4-NON,10-Q,20210331,N
1839998,,DIGITAL TRANSFORMATION OPPORTUNITIES CORP.,6770,4-NON,10-Q,20210331,N
1840148,,MISSION ADVANCEMENT CORP.,6770,4-NON,10-Q,20210331,N
1840161,,FOREST ROAD ACQUISITION CORP. II,6770,4-NON,10-Q,20210331,N
1840225,,FUSION ACQUISITION CORP. II,6770,4-NON,10-Q,20210331,N
1840292,,ATHENA TECHNOLOGY ACQUISITION CORP.,6770,4-NON,10-Q,20210331,N
1840317,VEEA,PLUM ACQUISITION CORP. I,6770,4-NON,10-Q,20210331,Y
1840353,,TWIN RIDGE CAPITAL ACQUISITION CORP.,6770,4-NON,10-Q,20210331,N
1840439,BMEA,"BIOMEA FUSION, INC.",2834,4-NON,10-Q,20210331,Y
1840463,,RXR ACQUISITION CORP.,6770,4-NON,10-Q,20210331,N
1840572,LUCK,ISOS ACQUISITION CORP.,6770,4-NON,10-Q,20210331,Y
1840776,HGTY,ALDEL FINANCIAL INC.,6770,4-NON,10-Q,20210331,Y
1840780,LOCL,LEO HOLDINGS III CORP.,6770,4-NON,10-Q,20210331,Y
1840792,,VPC IMPACT ACQUISITION HOLDINGS II,6770,4-NON,10-Q,20210331,N
1840859,,TPG PACE BENEFICIAL II CORP.,6770,4-NON,10-Q,20210331,N
1840877,COCH,ANZU SPECIAL ACQUISITION CORP I,6770,4-NON,10-Q,20210331,Y
1840927,,TPG PACE SOLUTIONS CORP.,6770,4-NON,10-Q,20210331,N
1841004,,ALTIMAR ACQUISITION CORP. III,6770,4-NON,10-Q,20210331,N
1841080,,GORES HOLDINGS VIII INC.,6770,4-NON,10-Q,20210331,N
1841125,,GOLDEN ARROW MERGER CORP.,6770,4-NON,10-Q,20210331,N
1841258,,EUROPEAN BIOTECH ACQUISITION CORP.,6770,4-NON,10-Q,20210331,N
1841304,,KENSINGTON CAPITAL ACQUISITION CORP. II,6770,4-NON,10-Q,20210331,N
1841389,,REVOLUTION HEALTHCARE ACQUISITION CORP.,6770,4-NON,10-Q,20210331,N
1841408,DAVE,"VPC IMPACT ACQUISITION HOLDINGS III, INC.",6770,4-NON,10-Q,20210331,Y
1841420,,ESM ACQUISITION CORP,6770,4-NON,10-Q,20210331,N
1841585,,LIVE OAK MOBILITY ACQUISITION CORP.,6770,4-NON,10-Q,20210331,N
1841610,,ROSS ACQUISITION CORP II,6770,4-NON,10-Q,20210331,N
1841661,,AF ACQUISITION CORP.,6770,4-NON,10-Q,20210331,N
1841666,APA,APA CORP,1311,1-LAF,10-Q,20210331,Y
1841734,,GLASS HOUSES ACQUISITION CORP.,6770,4-NON,10-Q,20210331,N
1841761,GROV,VIRGIN GROUP ACQUISITION CORP. II,6770,4-NON,10-Q,20210331,Y
1841845,,PERIDOT ACQUISITION CORP. II,6770,4-NON,10-Q,20210331,N
1841873,,KHOSLA VENTURES ACQUISITION CO.,6770,4-NON,10-Q,20210331,N
1841948,,LERER HIPPEAU ACQUISITION CORP.,6770,4-NON,10-Q,20210331,N
1841993,,MODEL PERFORMANCE ACQUISITION CORP,6770,4-NON,10-Q,20210331,N
1842046,,"GORES TECHNOLOGY PARTNERS II, INC.",6770,4-NON,10-Q,20210331,N
1842138,,WARPSPEED TAXI INC.,7389,4-NON,10-Q,20210430,N
1842223,,FRONTIER ACQUISITION CORP.,6770,4-NON,10-Q,20210331,N
1842279,OPAL,ARCLIGHT CLEAN TRANSITION CORP. II,6770,4-NON,10-Q,20210331,Y
1842329,,AGILE GROWTH CORP.,6770,4-NON,10-Q,20210331,N
1842373,,LDH GROWTH CORP I,6770,4-NON,10-Q,20210331,N
1842386,,VECTOR ACQUISITION CORP II,6770,4-NON,10-Q,20210331,N
1842566,AISP,BYTE ACQUISITION CORP.,6770,4-NON,10-Q,20210331,Y
1842659,,CORSAIR PARTNERING CORP,6770,4-NON,10-Q,20210331,N
1842729,,SANDBRIDGE X2 CORP,6770,4-NON,10-Q,20210331,N
1842883,,FIRST RESERVE SUSTAINABLE GROWTH CORP.,6770,4-NON,10-Q,20210331,N
1842912,,FTAC HERA ACQUISITION CORP.,6770,4-NON,10-Q,20210331,N
1842916,,FORUM MERGER IV CORP,6770,4-NON,10-Q,20210331,N
1843091,,VALOR LATITUDE ACQUISITION CORP.,6770,4-NON,10-Q,20210331,N
1843121,,MAGNUM OPUS ACQUISITION LTD,6770,4-NON,10-Q,20210331,N
1843212,,KKR ACQUISITION HOLDINGS I CORP.,6770,4-NON,10-Q,20210331,N
1843249,,NORTHERN GENESIS ACQUISITION CORP. III,6770,4-NON,10-Q,20210331,N
1843388,,NEXTGEN ACQUISITION CORP. II,6770,4-NON,10-Q,20210331,N
1843656,RMCO,AMERICAN ACQUISITION OPPORTUNITY INC.,6770,4-NON,10-Q,20210331,Y
1843762,,CM LIFE SCIENCES III INC.,6770,4-NON,10-Q,20210331,N
1843764,,TB SA ACQUISITION CORP,6770,4-NON,10-Q,20210331,N
1843988,,TWO,6770,4-NON,10-Q,20210331,N
1844211,,B. RILEY PRINCIPAL 250 MERGER CORP.,6770,4-NON,10-Q,20210331,N
1844363,,ROCKET INTERNET GROWTH OPPORTUNITIES CORP.,6770,4-NON,10-Q,20210331,N
1844389,,ACE GLOBAL BUSINESS ACQUISITION LTD,6770,4-NON,10-Q,20210331,N
1844419,,MAQUIA CAPITAL ACQUISITION CORP,6770,4-NON,10-Q,20210331,N
1844519,,"DRAX, INDUSTRIES INC.",3533,4-NON,10-Q,20210331,N
1844579,,ION ACQUISITION CORP 3 LTD.,6770,4-NON,10-Q,20210331,N
1844635,,CORAZON CAPITAL V838 MONOCEROS CORP,6770,4-NON,10-Q,20210331,N
1844642,,"LANDCADIA HOLDINGS IV, INC.",6770,4-NON,10-Q,20210331,N
1844862,SLDP,DECARBONIZATION PLUS ACQUISITION CORP III,6770,4-NON,10-Q,20210331,Y
1845580,,TCV ACQUISITION CORP.,6770,4-NON,10-Q,20210331,N
1845799,CULL,"CULLMAN BANCORP, INC. /MD/",6036,4-NON,10-Q,20210331,Y
1846017,,BLUE FOUNDRY BANCORP,6036,4-NON,10-Q,20210331,N
1846068,,KHOSLA VENTURES ACQUISITION CO. III,6770,4-NON,10-Q,20210331,N
1846069,NXDR,KHOSLA VENTURES ACQUISITION CO. II,6770,4-NON,10-Q,20210331,Y
1846163,,TIO TECH A,6770,4-NON,10-Q,20210331,N
1846804,,"BIG SKY GROWTH PARTNERS, INC.",6770,4-NON,10-Q,20210331,N
1846996,,MSD ACQUISITION CORP. / NEW,6770,4-NON,10-Q,20210331,N
1847075,SAIH,TRADEUP GLOBAL CORP,6770,4-NON,10-Q,20210331,Y
1847127,,"GORES GUGGENHEIM, INC.",6770,4-NON,10-Q,20210331,N
1847398,NECB,"NORTHEAST COMMUNITY BANCORP, INC./MD/",6036,4-NON,10-Q,20210331,Y
1847416,,ORION BIOTECH OPPORTUNITIES CORP.,6770,4-NON,10-Q,20210331,N
1847590,BWMN,BOWMAN CONSULTING GROUP LTD.,8742,4-NON,10-Q,20210331,Y
1848410,,CATALYST PARTNERS ACQUISITION CORP.,6770,4-NON,10-Q,20210331,N
1849466,TCBS,"TEXAS COMMUNITY BANCSHARES, INC.",6036,4-NON,10-Q,20210331,Y
1849670,,"PB BANKSHARES, INC.",6036,4-NON,10-Q,20210331,N
1850398,,"TC BANCSHARES, INC.",6035,4-NON,10-Q,20210331,N
1852536,,"INTORIO, CORP.",8200,4-NON,10-Q,20210531,N
1857044,INDP,INTEC PARENT INC.,2834,4-NON,10-Q,20210331,Y
