cik,ticker,company,sic,afs,form,period,priceable
1750,AIR,AAR CORP,3720,1-LAF,10-Q,20260228,Y
1800,ABT,ABBOTT LABORATORIES,2834,1-LAF,10-K,20251231,Y
2098,ACU,ACME UNITED CORP,3420,2-ACC,10-K,20251231,Y
2186,BKTI,BK TECHNOLOGIES,3663,4-NON,10-K,20251231,Y
2488,AMD,ADVANCED MICRO DEVICES INC,3674,1-LAF,10-K,20251231,Y
2809,AEM,AGNICO EAGLE MINES LTD,1040,,40-F,20251231,Y
2969,APD,"AIR PRODUCTS & CHEMICALS, INC.",2810,1-LAF,10-Q,20251231,Y
3197,CECO,CECO ENVIRONMENTAL CORP,3564,1-LAF,10-K,20251231,Y
3453,MATX,"MATSON, INC.",4400,1-LAF,10-K,20251231,Y
3499,ALX,ALEXANDERS INC,6798,2-ACC,10-K,20251231,Y
3545,ALCO,"ALICO, INC.",0100,4-NON,10-Q,20251231,Y
3570,LNG,CHENIERE ENERGY INC,4924,1-LAF,10-K,20251231,Y
4127,SWKS,SKYWORKS SOLUTIONS INC,3674,1-LAF,10-Q,20251231,Y
4281,HWM,HOWMET AEROSPACE INC.,3350,1-LAF,10-K,20251231,Y
4457,UHAL,U-HAUL HOLDING CO /NV/,7510,1-LAF,10-Q,20251231,Y
4904,,AMERICAN ELECTRIC POWER CO INC,4911,1-LAF,10-K,20251231,N
4962,AXP,AMERICAN EXPRESS CO,6199,1-LAF,10-K,20251231,Y
4977,AFL,AFLAC INC,6321,1-LAF,10-K,20251231,Y
5272,AIG,"AMERICAN INTERNATIONAL GROUP, INC.",6331,1-LAF,10-K,20251231,Y
5513,UNM,UNUM GROUP,6321,1-LAF,10-K,20251231,Y
5981,AVD,AMERICAN VANGUARD CORP,2870,2-ACC,10-K,20251231,Y
6176,AP,AMPCO PITTSBURGH CORP,3561,4-NON,10-K,20251231,Y
6201,AAL,AMERICAN AIRLINES GROUP INC.,4512,1-LAF,10-K,20251231,Y
6207,AXR,AMREP CORP.,6552,4-NON,10-Q,20260131,Y
6281,ADI,ANALOG DEVICES INC,3674,1-LAF,10-Q,20260131,Y
6845,APOG,"APOGEE ENTERPRISES, INC.",3231,1-LAF,10-Q,20251130,Y
6951,AMAT,APPLIED MATERIALS INC /DE,3674,1-LAF,10-Q,20260131,Y
6955,EPAC,ENERPAC TOOL GROUP CORP,3590,1-LAF,10-Q,20260228,Y
7084,ADM,ARCHER-DANIELS-MIDLAND CO,2070,1-LAF,10-K,20251231,Y
7431,AWI,ARMSTRONG WORLD INDUSTRIES INC,3089,1-LAF,10-K,20251231,Y
7536,ARW,"ARROW ELECTRONICS, INC.",5065,1-LAF,10-K,20251231,Y
7623,ARTW,ARTS WAY MANUFACTURING CO INC,3523,4-NON,10-K,20251130,Y
7789,ASB,ASSOCIATED BANC-CORP,6022,1-LAF,10-K,20251231,Y
8063,ATRO,ASTRONICS CORP,3728,1-LAF,10-K,20251231,Y
8504,UAVS,AGEAGLE AERIAL SYSTEMS INC.,3721,4-NON,10-K,20251231,Y
8670,ADP,AUTOMATIC DATA PROCESSING INC,7374,1-LAF,10-Q,20251231,Y
8818,AVY,AVERY DENNISON CORP,2670,1-LAF,10-K,20251231,Y
8858,AVT,AVNET INC,5065,1-LAF,10-Q,20251231,Y
8947,AZZ,AZZ INC,3470,1-LAF,10-Q,20251130,Y
9092,BMI,BADGER METER INC,3824,1-LAF,10-K,20251231,Y
9326,BCPC,BALCHEM CORP,2800,1-LAF,10-K,20251231,Y
9389,BALL,BALL CORP,3411,1-LAF,10-K,20251231,Y
10048,BRN,BARNWELL INDUSTRIES INC,1311,4-NON,10-Q,20251231,Y
10329,BSET,BASSETT FURNITURE INDUSTRIES INC,2511,2-ACC,10-K,20251130,Y
10456,BAX,BAXTER INTERNATIONAL INC,3841,1-LAF,10-K,20251231,Y
10795,BDX,BECTON DICKINSON & CO,3841,1-LAF,10-Q,20251231,Y
11544,WRB,BERKLEY W R CORP,6331,1-LAF,10-K,20251231,Y
12040,BDL,FLANIGANS ENTERPRISES INC,5812,4-NON,10-Q,20251231,Y
12208,BIO,"BIO-RAD LABORATORIES, INC.",3826,1-LAF,10-K,20251231,Y
12239,DOMH,DOMINARI HOLDINGS INC.,6211,4-NON,10-K,20251231,Y
12659,HRB,H&R BLOCK INC,7200,1-LAF,10-Q,20251231,Y
12927,BA,BOEING CO,3721,1-LAF,10-K,20251231,Y
13156,GLXZ,"GALAXY GAMING, INC.",7900,4-NON,10-K,20251231,Y
14177,BRID,BRIDGFORD FOODS CORP,2013,4-NON,10-Q,20260131,Y
14272,BMY,BRISTOL MYERS SQUIBB CO,2834,1-LAF,10-K,20251231,Y
14693,BF-A,BROWN FORMAN CORP,2080,1-LAF,10-Q,20260131,Y
14846,BRT,BRT APARTMENTS CORP.,6798,4-NON,10-K,20251231,Y
14930,BC,BRUNSWICK CORP,3510,1-LAF,10-K,20251231,Y
15357,,CHASE GENERAL CORP,2060,4-NON,10-Q,20251231,N
15615,MTZ,MASTEC INC,1623,1-LAF,10-K,20251231,Y
15847,BUKS,BUTLER NATIONAL CORP,7990,4-NON,10-Q,20260131,Y
16040,CBT,CABOT CORP,2890,1-LAF,10-Q,20251231,Y
16058,CACI,CACI INTERNATIONAL INC /DE/,7373,1-LAF,10-Q,20251231,Y
16160,CALM,CAL-MAINE FOODS INC,0200,1-LAF,10-Q,20251130,Y
16732,CPB,CAMPBELL'S CO,2000,1-LAF,10-Q,20260131,Y
16875,CP,CANADIAN PACIFIC KANSAS CITY LTD/CN,4011,1-LAF,10-K,20251231,Y
16918,STZ,"CONSTELLATION BRANDS, INC.",2080,1-LAF,10-Q,20251130,Y
17313,CSWC,CAPITAL SOUTHWEST CORP,,1-LAF,10-Q,20251231,Y
17843,CRS,CARPENTER TECHNOLOGY CORP,3312,1-LAF,10-Q,20251231,Y
18230,CAT,CATERPILLAR INC,3531,1-LAF,10-K,20251231,Y
18255,CATO,CATO CORP,5621,4-NON,10-K,20260131,Y
18498,GCO,GENESCO INC,5661,2-ACC,10-K,20260131,Y
18926,LUMN,"LUMEN TECHNOLOGIES, INC.",4813,1-LAF,10-K,20251231,Y
19584,CHE,CHEMED CORP,8082,1-LAF,10-K,20251231,Y
19617,JPM,JPMORGAN CHASE & CO,6021,1-LAF,10-K,20251231,Y
19745,CPK,CHESAPEAKE UTILITIES CORP,4923,1-LAF,10-K,20251231,Y
19871,CVR,CHICAGO RIVET & MACHINE CO,3540,4-NON,10-K,20251231,Y
20212,CHDN,CHURCHILL DOWNS INC,7948,1-LAF,10-K,20251231,Y
20286,CINF,CINCINNATI FINANCIAL CORP,6331,1-LAF,10-K,20251231,Y
20639,ABCP,AMBASE CORP,6512,4-NON,10-K,20251231,Y
21076,CLX,CLOROX CO /DE/,2842,1-LAF,10-Q,20251231,Y
21175,CNA,CNA FINANCIAL CORP,6331,1-LAF,10-K,20251231,Y
21344,KO,COCA COLA CO,2080,1-LAF,10-K,20251231,Y
21535,COHU,COHU INC,3825,1-LAF,10-K,20251231,Y
21665,CL,COLGATE PALMOLIVE CO,2844,1-LAF,10-K,20251231,Y
22356,CBSH,COMMERCE BANCSHARES INC /MO/,6022,1-LAF,10-K,20251231,Y
22444,CMC,COMMERCIAL METALS CO,3312,1-LAF,10-Q,20260228,Y
22701,SUNE,"SUNATION ENERGY, INC.",1700,4-NON,10-K,20251231,Y
23194,CRK,COMSTOCK RESOURCES INC,1311,1-LAF,10-K,20251231,Y
23197,CMTL,COMTECH TELECOMMUNICATIONS CORP /DE/,3663,4-NON,10-Q,20260131,Y
23795,CTO,"CTO REALTY GROWTH, INC.",6798,2-ACC,10-K,20251231,Y
24090,CIA,"CITIZENS, INC.",6311,2-ACC,10-K,20251231,Y
24545,TAP-A,MOLSON COORS BEVERAGE CO,2082,1-LAF,10-K,20251231,Y
24741,GLW,CORNING INC /NY,3357,1-LAF,10-K,20251231,Y
25232,CUZ,COUSINS PROPERTIES INC,6798,1-LAF,10-K,20251231,Y
25445,CXT,"CRANE NXT, CO.",3490,1-LAF,10-K,20251231,Y
25475,CRD-A,CRAWFORD & CO,6411,2-ACC,10-K,20251231,Y
25743,TXMD,"THERAPEUTICSMD, INC.",2834,4-NON,10-K,20251231,Y
25895,CRWS,CROWN CRAFTS INC,2211,4-NON,10-Q,20251231,Y
26058,CTS,CTS CORP,3672,1-LAF,10-K,20251231,Y
26172,CMI,CUMMINS INC,3510,1-LAF,10-K,20251231,Y
26324,CW,CURTISS WRIGHT CORP,3590,1-LAF,10-K,20251231,Y
26780,DAN,DANA INC,3714,1-LAF,10-K,20251231,Y
27093,USAU,U.S. GOLD CORP.,1000,4-NON,10-Q,20260131,Y
27419,TGT,TARGET CORP,5331,1-LAF,10-K,20260131,Y
27430,,DAYTON POWER & LIGHT CO,4931,4-NON,10-K,20251231,N
27673,,DEERE JOHN CAPITAL CORP,6153,4-NON,10-Q,20260131,N
27904,DAL,"DELTA AIR LINES, INC.",4512,1-LAF,10-K,20251231,Y
27996,DLX,DELUXE CORP,2780,1-LAF,10-K,20251231,Y
28823,DBD,"DIEBOLD NIXDORF, INC",3578,1-LAF,10-K,20251231,Y
28917,DDS,"DILLARD'S, INC.",5311,1-LAF,10-K,20260131,Y
29002,DIOD,DIODES INC /DEL/,3674,1-LAF,10-K,20251231,Y
29332,DXYN,DIXIE GROUP INC,2273,4-NON,10-K,20251231,Y
29534,DG,DOLLAR GENERAL CORP,5331,1-LAF,10-K,20260131,Y
29644,DCI,DONALDSON CO INC,3564,1-LAF,10-Q,20260131,Y
29905,DOV,DOVER CORP,3530,1-LAF,10-K,20251231,Y
29989,OMC,OMNICOM GROUP INC.,7311,1-LAF,10-K,20251231,Y
30305,DCO,DUCOMMUN INC /DE/,3728,1-LAF,10-K,20251231,Y
30625,FLS,FLOWSERVE CORP,3561,1-LAF,10-K,20251231,Y
30697,WEN,WENDY'S CO,5810,1-LAF,10-K,20251231,Y
31107,EML,EASTERN CO,3420,2-ACC,10-K,20251231,Y
31235,KODK,EASTMAN KODAK CO,3861,2-ACC,10-K,20251231,Y
31462,ECL,ECOLAB INC.,2840,1-LAF,10-K,20251231,Y
31667,EDUC,EDUCATIONAL DEVELOPMENT CORP,5190,4-NON,10-Q,20251130,Y
31791,RVTY,"REVVITY, INC.",3826,1-LAF,10-K,20251231,Y
32604,EMR,EMERSON ELECTRIC CO,3600,1-LAF,10-Q,20251231,Y
32621,MSN,EMERSON RADIO CORP,3651,4-NON,10-Q,20251231,Y
33002,EBF,"ENNIS, INC.",2761,2-ACC,10-Q,20251130,Y
33185,EFX,EQUIFAX INC,7320,1-LAF,10-K,20251231,Y
33213,EQT,EQT CORP,1311,1-LAF,10-K,20251231,Y
33488,ESCA,ESCALADE INC,3949,2-ACC,10-K,20251231,Y
33533,ESP,ESPEY MFG & ELECTRONICS CORP,3679,4-NON,10-Q,20251231,Y
33992,KINS,"KINGSTONE COMPANIES, INC.",6331,2-ACC,10-K,20251231,Y
34067,BOOM,DMC GLOBAL INC.,3390,2-ACC,10-K,20251231,Y
34088,,EXXON MOBIL CORP,2911,1-LAF,10-K,20251231,N
34285,RLBY,RELIABILITY INC,7363,4-NON,10-K,20251231,Y
34563,,FARMER BROTHERS CO,2090,4-NON,10-Q,20251231,N
34782,SRCE,1ST SOURCE CORP,6022,1-LAF,10-K,20251231,Y
34903,FRT,FEDERAL REALTY INVESTMENT TRUST,6798,1-LAF,10-K,20251231,Y
34956,TENX,"TENAX THERAPEUTICS, INC.",2834,4-NON,10-K,20251231,Y
35527,FITB,FIFTH THIRD BANCORP,6022,1-LAF,10-K,20251231,Y
36029,FFIN,FIRST FINANCIAL BANKSHARES INC,6022,1-LAF,10-K,20251231,Y
36104,USB,US BANCORP DE,6021,1-LAF,10-K,20251231,Y
36146,TRMK,TRUSTMARK CORP,6021,1-LAF,10-K,20251231,Y
36270,MTB,M&T BANK CORP,6022,1-LAF,10-K,20251231,Y
36377,FHB,"FIRST HAWAIIAN, INC.",6022,1-LAF,10-K,20251231,Y
36840,FREVS,"FIRST REAL ESTATE INVESTMENT TRUST OF NEW JERSEY, INC.",6798,4-NON,10-Q,20260131,Y
36966,FHN,FIRST HORIZON CORP,6021,1-LAF,10-K,20251231,Y
37472,FLXS,FLEXSTEEL INDUSTRIES INC,2510,2-ACC,10-Q,20251231,Y
37785,FMC,FMC CORP,2800,1-LAF,10-K,20251231,Y
37808,FNB,FNB CORP/PA/,6021,1-LAF,10-K,20251231,Y
37996,F,FORD MOTOR CO,3711,1-LAF,10-K,20251231,Y
38009,,FORD MOTOR CREDIT CO LLC,6159,4-NON,10-K,20251231,N
38264,FWDI,"FORWARD INDUSTRIES, INC.",6199,4-NON,10-Q,20251231,Y
38723,,1ST FRANKLIN FINANCIAL CORP,6141,4-NON,10-K,20251231,N
38725,FELE,FRANKLIN ELECTRIC CO INC,3621,1-LAF,10-K,20251231,Y
38777,BEN,FRANKLIN RESOURCES INC,6282,1-LAF,10-Q,20251231,Y
39020,FEIM,FREQUENCY ELECTRONICS INC,3825,4-NON,10-Q,20260131,Y
39092,FRD,FRIEDMAN INDUSTRIES INC,3310,2-ACC,10-Q,20251231,Y
39263,CFR,"CULLEN/FROST BANKERS, INC.",6021,1-LAF,10-K,20251231,Y
39311,IBCP,INDEPENDENT BANK CORP /MI/,6022,2-ACC,10-K,20251231,Y
39368,FUL,FULLER H B CO,2891,1-LAF,10-Q,20260228,Y
39899,,TEGNA INC,4833,1-LAF,10-K,20251231,N
39911,GAP,GAP INC,5651,1-LAF,10-K,20260131,Y
40211,GATX,GATX CORP,4700,1-LAF,10-K,20251231,Y
40533,GD,GENERAL DYNAMICS CORP,3730,1-LAF,10-K,20251231,Y
40545,GE,GENERAL ELECTRIC CO,3600,1-LAF,10-K,20251231,Y
40570,JOB,GEE GROUP INC.,7361,4-NON,10-Q,20251231,Y
40704,GIS,GENERAL MILLS INC,2040,1-LAF,10-Q,20260228,Y
40729,ALLY,ALLY FINANCIAL INC.,6022,1-LAF,10-K,20251231,Y
40987,GPC,GENUINE PARTS CO,5013,1-LAF,10-K,20251231,Y
41719,MAGN,MAGNERA CORP,2621,2-ACC,10-Q,20251231,Y
42582,GT,GOODYEAR TIRE & RUBBER CO /OH/,3011,1-LAF,10-K,20251231,Y
42682,GRC,GORMAN RUPP CO,3561,1-LAF,10-K,20251231,Y
42888,GGG,GRACO INC,3561,1-LAF,10-K,20251231,Y
43196,GTN,"GRAY MEDIA, INC",4833,2-ACC,10-K,20251231,Y
43920,GEF,"GREIF, INC",3412,1-LAF,10-Q,20251231,Y
45012,HAL,HALLIBURTON CO,1389,1-LAF,10-K,20251231,Y
45876,,ENVIRI CORP,8900,1-LAF,10-K,20251231,N
45919,HHS,HARTE HANKS INC,7331,4-NON,10-K,20251231,Y
46080,HAS,"HASBRO, INC.",3944,1-LAF,10-K,20251231,Y
46129,ALNT,ALLIENT INC,3825,2-ACC,10-K,20251231,Y
46195,BOH,BANK OF HAWAII CORP,6022,1-LAF,10-K,20251231,Y
46250,HWKN,HAWKINS INC,5160,1-LAF,10-Q,20251231,Y
46619,HEI,HEICO CORP,3724,1-LAF,10-Q,20260131,Y
46765,HP,"HELMERICH & PAYNE, INC.",1381,1-LAF,10-Q,20251231,Y
47111,HSY,HERSHEY CO,2060,1-LAF,10-K,20251231,Y
47217,HPQ,HP INC,3570,1-LAF,10-Q,20260131,Y
48287,HNI,HNI CORP,2522,1-LAF,10-K,20251231,Y
48465,HRL,HORMEL FOODS CORP /DE/,2011,1-LAF,10-Q,20260131,Y
48898,HUBB,HUBBELL INC,3670,1-LAF,10-K,20251231,Y
49071,HUM,HUMANA INC,6324,1-LAF,10-K,20251231,Y
49196,HBAN,HUNTINGTON BANCSHARES INC /MD/,6021,1-LAF,10-K,20251231,Y
49600,EGP,EASTGROUP PROPERTIES INC,6798,1-LAF,10-K,20251231,Y
49754,DIN,"DINE BRANDS GLOBAL, INC.",5812,2-ACC,10-K,20251231,Y
49826,ITW,ILLINOIS TOOL WORKS INC,3560,1-LAF,10-K,20251231,Y
49938,IMO,IMPERIAL OIL LTD,2911,1-LAF,10-K,20251231,Y
50292,IEHC,IEH CORP,3678,4-NON,10-Q,20251231,Y
50471,TRAK,"REPOSITRAK, INC.",7374,4-NON,10-Q,20251231,Y
50493,IMKTA,INGLES MARKETS INC,5411,1-LAF,10-Q,20251231,Y
50725,GFF,GRIFFON CORP,3442,1-LAF,10-Q,20251231,Y
50863,INTC,INTEL CORP,3674,1-LAF,10-K,20251231,Y
51143,IBM,INTERNATIONAL BUSINESS MACHINES CORP,3570,1-LAF,10-K,20251231,Y
51253,IFF,INTERNATIONAL FLAVORS & FRAGRANCES INC,2860,1-LAF,10-K,20251231,Y
51434,IP,INTERNATIONAL PAPER CO /NEW/,2621,1-LAF,10-K,20251231,Y
52827,RYN,RAYONIER INC,6798,1-LAF,10-K,20251231,Y
52988,J,JACOBS SOLUTIONS INC.,1600,1-LAF,10-Q,20251231,Y
54187,MAYS,MAYS J W INC,6512,4-NON,10-Q,20260131,Y
55135,KELYA,KELLY SERVICES INC,7363,2-ACC,10-K,20251231,Y
55242,KMT,KENNAMETAL INC,3541,1-LAF,10-Q,20251231,Y
55529,KEQU,KEWAUNEE SCIENTIFIC CORP /DE/,3821,4-NON,10-Q,20260131,Y
55785,KMB,KIMBERLY CLARK CORP,2670,1-LAF,10-K,20251231,Y
56047,KEX,KIRBY CORP,4400,1-LAF,10-K,20251231,Y
56679,KFY,KORN FERRY,7361,1-LAF,10-Q,20260131,Y
56701,KOSS,KOSS CORP,3651,4-NON,10-Q,20251231,Y
56873,KR,KROGER CO,5411,1-LAF,10-K,20260131,Y
56978,KLIC,KULICKE & SOFFA INDUSTRIES INC,3674,1-LAF,10-Q,20251231,Y
57131,LZB,LA-Z-BOY INC,2510,1-LAF,10-Q,20260131,Y
57515,MZTI,MARZETTI CO,2030,1-LAF,10-Q,20251231,Y
58361,LEE,"LEE ENTERPRISES, INC",2711,4-NON,10-Q,20251231,Y
58492,LEG,LEGGETT & PLATT INC,2510,1-LAF,10-K,20251231,Y
59255,VHI,VALHI INC /DE/,2810,4-NON,10-K,20251231,Y
59478,LLY,ELI LILLY & CO,2834,1-LAF,10-K,20251231,Y
59527,LECO,LINCOLN ELECTRIC HOLDINGS INC,3540,1-LAF,10-K,20251231,Y
59558,LNC,LINCOLN NATIONAL CORP,6311,1-LAF,10-K,20251231,Y
60086,L,LOEWS CORP,6331,1-LAF,10-K,20251231,Y
60519,LPX,LOUISIANA-PACIFIC CORP,2400,1-LAF,10-K,20251231,Y
60667,LOW,LOWES COMPANIES INC,5211,1-LAF,10-K,20260131,Y
60714,LXU,"LSB INDUSTRIES, INC.",2810,2-ACC,10-K,20251231,Y
61004,LGL,LGL GROUP INC,3679,4-NON,10-K,20251231,Y
61339,,MADISON GAS & ELECTRIC CO,4931,1-LAF,10-K,20251231,N
61986,MTW,MANITOWOC CO INC,3531,2-ACC,10-K,20251231,Y
62234,MCS,MARCUS CORP,7830,2-ACC,10-K,20251231,Y
62709,MRSH,"MARSH & MCLENNAN COMPANIES, INC.",6411,1-LAF,10-K,20251231,Y
62996,MAS,MASCO CORP /DE/,3430,1-LAF,10-K,20251231,Y
63276,MAT,MATTEL INC /DE/,3942,1-LAF,10-K,20251231,Y
63296,MATW,MATTHEWS INTERNATIONAL CORP,3360,1-LAF,10-Q,20251231,Y
63754,MKC,MCCORMICK & CO INC,2090,1-LAF,10-Q,20260228,Y
63908,MCD,MCDONALDS CORP,5812,1-LAF,10-K,20251231,Y
64040,SPGI,S&P GLOBAL INC.,7320,1-LAF,10-K,20251231,Y
64463,SLNH,"SOLUNA HOLDINGS, INC",6199,4-NON,10-K,20251231,Y
64472,GENC,GENCOR INDUSTRIES INC,3531,2-ACC,10-Q,20251231,Y
64803,CVS,CVS HEALTH CORP,5912,1-LAF,10-K,20251231,Y
64996,MCY,MERCURY GENERAL CORP,6331,1-LAF,10-K,20251231,Y
65270,MEI,METHODE ELECTRONICS INC,3678,2-ACC,10-Q,20260131,Y
65312,EVI,"EVI INDUSTRIES, INC.",7200,2-ACC,10-Q,20251231,Y
65596,SIEB,SIEBERT FINANCIAL CORP,6211,4-NON,10-K,20251231,Y
65770,MVIS,"MICROVISION, INC.",3679,4-NON,10-K,20251231,Y
65984,ETR,ENTERGY CORP /DE/,4911,1-LAF,10-K,20251231,Y
66004,MSEX,MIDDLESEX WATER CO,4941,1-LAF,10-K,20251231,Y
66382,MLKN,"MILLERKNOLL, INC.",2520,1-LAF,10-Q,20260228,Y
66418,MXC,MEXCO ENERGY CORP,1311,4-NON,10-Q,20251231,Y
66496,MMTRS,MILLS MUSIC TRUST,6794,4-NON,10-K,20251231,Y
66570,MSA,MSA SAFETY INC,3842,1-LAF,10-K,20251231,Y
66740,MMM,3M CO,3841,1-LAF,10-K,20251231,Y
67215,DY,DYCOM INDUSTRIES INC,1623,1-LAF,10-K,20260131,Y
67347,MOD,MODINE MANUFACTURING CO,3714,1-LAF,10-Q,20251231,Y
67716,MDU,MDU RESOURCES GROUP INC,1400,1-LAF,10-K,20251231,Y
67887,MOG-A,MOOG INC.,3590,1-LAF,10-Q,20251231,Y
68505,MSI,"MOTOROLA SOLUTIONS, INC.",3663,1-LAF,10-K,20251231,Y
68622,CTGG,QWEST CORP,4813,4-NON,10-K,20251231,Y
69422,INTG,INTERGROUP CORP,6513,4-NON,10-Q,20251231,Y
69488,MYE,MYERS INDUSTRIES INC,3089,2-ACC,10-K,20251231,Y
69633,NSSC,"NAPCO SECURITY TECHNOLOGIES, INC",3669,1-LAF,10-Q,20251231,Y
69733,NATH,"NATHANS FAMOUS, INC.",5812,2-ACC,10-Q,20251231,Y
69891,FIZZ,NATIONAL BEVERAGE CORP,2086,1-LAF,10-Q,20260131,Y
70145,NFG,NATIONAL FUEL GAS CO,4924,1-LAF,10-Q,20251231,Y
70318,THC,TENET HEALTHCARE CORP,8062,1-LAF,10-K,20251231,Y
70487,NRC,NATIONAL RESEARCH CORP,8731,2-ACC,10-K,20251231,Y
70502,NRUC,NATIONAL RURAL UTILITIES COOPERATIVE FINANCE CORP /DC/,6159,4-NON,10-Q,20251130,Y
70858,BAC,BANK OF AMERICA CORP /DE/,6021,1-LAF,10-K,20251231,Y
70866,VYX,NCR VOYIX CORP,3578,1-LAF,10-K,20251231,Y
71557,NUVR,"NUVERA COMMUNICATIONS, INC.",4813,4-NON,10-K,20251231,Y
71691,NYT,NEW YORK TIMES CO,2711,1-LAF,10-K,20251231,Y
71829,NPKI,NPK INTERNATIONAL INC.,7350,2-ACC,10-K,20251231,Y
72162,NL,NL INDUSTRIES INC,2810,4-NON,10-K,20251231,Y
72205,NOBH,NOBILITY HOMES INC,2451,4-NON,10-Q,20260131,Y
72331,NDSN,NORDSON CORP,3569,1-LAF,10-Q,20260131,Y
72444,VXRT,"VAXART, INC.",2836,4-NON,10-K,20251231,Y
72573,MOV,MOVADO GROUP INC,3873,2-ACC,10-K,20260131,Y
72633,NRT,NORTH EUROPEAN OIL ROYALTY TRUST,6792,4-NON,10-Q,20260131,Y
72741,ES,EVERSOURCE ENERGY,4911,1-LAF,10-K,20251231,Y
72903,XEL,XCEL ENERGY INC,4931,1-LAF,10-K,20251231,Y
72909,,NORTHERN STATES POWER CO /WI/,4931,4-NON,10-K,20251231,N
72971,WFC,WELLS FARGO & COMPANY/MN,6021,1-LAF,10-K,20251231,Y
73124,NTRS,NORTHERN TRUST CORP,6022,1-LAF,10-K,20251231,Y
73290,BMRA,BIOMERICA INC,2835,4-NON,10-Q,20251130,Y
73309,NUE,NUCOR CORP,3312,1-LAF,10-K,20251231,Y
73756,OII,OCEANEERING INTERNATIONAL INC,1389,1-LAF,10-K,20251231,Y
74046,ODC,OIL-DRI CORP OF AMERICA,3990,2-ACC,10-Q,20260131,Y
74208,UDR,"UDR, INC.",6798,1-LAF,10-K,20251231,Y
74260,ORI,OLD REPUBLIC INTERNATIONAL CORP,6351,1-LAF,10-K,20251231,Y
74303,OLN,OLIN CORP,2800,1-LAF,10-K,20251231,Y
75252,ACH,ACCENDRA HEALTH INC/VA/,5047,1-LAF,10-K,20251231,Y
75288,OXM,OXFORD INDUSTRIES INC,2320,2-ACC,10-K,20260131,Y
75362,PCAR,PACCAR INC,3711,1-LAF,10-K,20251231,Y
75677,PKG,PACKAGING CORP OF AMERICA,2650,1-LAF,10-K,20251231,Y
76267,PKE,PARK AEROSPACE CORP,3728,4-NON,10-Q,20251130,Y
76282,PKOH,PARK OHIO HOLDINGS CORP,3460,2-ACC,10-K,20251231,Y
76334,PH,PARKER-HANNIFIN CORP,3490,1-LAF,10-Q,20251231,Y
76605,PATK,PATRICK INDUSTRIES INC,3714,1-LAF,10-K,20251231,Y
77360,PNR,PENTAIR PLC,3550,1-LAF,10-K,20251231,Y
77476,PEP,PEPSICO INC,2080,1-LAF,10-K,20251231,Y
77543,TPC,TUTOR PERINI CORP,1540,1-LAF,10-K,20251231,Y
78003,PFE,PFIZER INC,2834,1-LAF,10-K,20251231,Y
78128,WTRG,"ESSENTIAL UTILITIES, INC.",4941,1-LAF,10-K,20251231,Y
78239,PVH,PVH CORP. /DE/,2320,1-LAF,10-K,20260131,Y
78749,AGYS,AGILYSYS INC,7373,1-LAF,10-Q,20251231,Y
78814,PBI,PITNEY BOWES INC /DE/,3579,1-LAF,10-K,20251231,Y
78890,BCO,BRINKS CO,4731,1-LAF,10-K,20251231,Y
79282,BRO,"BROWN & BROWN, INC.",6411,1-LAF,10-K,20251231,Y
79661,PRSI,PORTSMOUTH SQUARE INC,6552,4-NON,10-Q,20251231,Y
79879,PPG,PPG INDUSTRIES INC,2851,1-LAF,10-K,20251231,Y
80035,PLPC,PREFORMED LINE PRODUCTS CO,1623,2-ACC,10-K,20251231,Y
80172,NPK,NATIONAL PRESTO INDUSTRIES INC,3480,2-ACC,10-K,20251231,Y
80420,POWL,POWELL INDUSTRIES INC,3613,1-LAF,10-Q,20251231,Y
80424,PG,PROCTER & GAMBLE CO,2840,1-LAF,10-Q,20251231,Y
80661,PGR,PROGRESSIVE CORP/OH/,6331,1-LAF,10-K,20251231,Y
81018,,PUBLIC SERVICE CO OF COLORADO,4931,4-NON,10-K,20251231,N
81061,,PUBLIX SUPER MARKETS INC,5411,4-NON,10-K,20251231,N
81362,KWR,QUAKER CHEMICAL CORP,2990,1-LAF,10-K,20251231,Y
81955,RAND,RAND CAPITAL CORP,,4-NON,10-K,20251231,Y
82020,USLM,UNITED STATES LIME & MINERALS INC,1400,1-LAF,10-K,20251231,Y
82811,RRX,REGAL REXNORD CORP,3569,1-LAF,10-K,20251231,Y
83246,,HSBC USA INC /MD/,6021,4-NON,10-K,20251231,N
83350,RSRV,RESERVE PETROLEUM CO,1311,4-NON,10-K,20251231,Y
84112,RSKIA,"GEORGE RISK INDUSTRIES, INC.",3669,4-NON,10-Q,20260131,Y
84246,RLI,RLI CORP,6331,1-LAF,10-K,20251231,Y
84748,ROG,ROGERS CORP,2821,1-LAF,10-K,20251231,Y
84839,ROL,ROLLINS INC,7340,1-LAF,10-K,20251231,Y
85535,RGLD,ROYAL GOLD INC,6795,1-LAF,10-K,20251231,Y
85961,R,RYDER SYSTEM INC,7510,1-LAF,10-K,20251231,Y
86312,TRV,"TRAVELERS COMPANIES, INC.",6331,1-LAF,10-K,20251231,Y
87050,NEON,NEONODE INC.,3679,4-NON,10-K,20251231,Y
87347,SLB,SLB LIMITED/NV,1389,1-LAF,10-K,20251231,Y
87802,SCND,SCIENTIFIC INDUSTRIES INC,3826,4-NON,10-K,20251231,Y
88000,HKHC,HORIZON KINETICS HOLDING CORP,6282,4-NON,10-K,20251231,Y
88121,SEB,SEABOARD CORP /DE/,5150,1-LAF,10-K,20251231,Y
88205,SPXC,"SPX TECHNOLOGIES, INC.",3540,1-LAF,10-K,20251231,Y
88941,SMTC,SEMTECH CORP,3674,1-LAF,10-K,20260131,Y
88948,SENEA,SENECA FOODS CORP,2033,2-ACC,10-Q,20251231,Y
89089,SCI,SERVICE CORP INTERNATIONAL,7200,1-LAF,10-K,20251231,Y
89439,MLI,MUELLER INDUSTRIES INC,3350,1-LAF,10-K,20251231,Y
89800,SHW,SHERWIN WILLIAMS CO,5200,1-LAF,10-K,20251231,Y
90168,SIF,SIFCO INDUSTRIES INC,3724,4-NON,10-Q,20251231,Y
90498,SFNC,SIMMONS FIRST NATIONAL CORP,6021,1-LAF,10-K,20251231,Y
90896,SKY,"CHAMPION HOMES, INC.",2451,1-LAF,10-Q,20251231,Y
91142,AOS,SMITH A O CORP,3630,1-LAF,10-K,20251231,Y
91388,SFD,SMITHFIELD FOODS INC,2011,4-NON,10-K,20251231,Y
91419,SJM,J M SMUCKER CO,2033,1-LAF,10-Q,20260131,Y
91440,SNA,SNAP-ON INC,3420,1-LAF,10-K,20251231,Y
91576,KEY,KEYCORP /NEW/,6021,1-LAF,10-K,20251231,Y
91668,SODI,SOLITRON DEVICES INC,3674,4-NON,10-Q,20251130,Y
91767,SON,SONOCO PRODUCTS CO,2650,1-LAF,10-K,20251231,Y
91882,,"DOMINION ENERGY SOUTH CAROLINA, INC.",4931,4-NON,10-K,20251231,N
92122,SO,SOUTHERN CO,4911,1-LAF,10-K,20251231,Y
92230,TFC,TRUIST FINANCIAL CORP,6021,1-LAF,10-K,20251231,Y
92380,LUV,SOUTHWEST AIRLINES CO,4512,1-LAF,10-K,20251231,Y
92521,,SOUTHWESTERN PUBLIC SERVICE CO,4931,4-NON,10-K,20251231,N
93314,VNRX,VOLITIONRX LTD,2835,4-NON,10-K,20251231,Y
93389,SMP,"STANDARD MOTOR PRODUCTS, INC.",3714,2-ACC,10-K,20251231,Y
93410,CVX,CHEVRON CORP,2911,1-LAF,10-K,20251231,Y
93556,SWK,"STANLEY BLACK & DECKER, INC.",3420,1-LAF,10-K,20251231,Y
93751,STT,STATE STREET CORP,6022,1-LAF,10-K,20251231,Y
94049,SCL,STEPAN CO,2840,1-LAF,10-K,20251231,Y
94344,STC,STEWART INFORMATION SERVICES CORP,6361,1-LAF,10-K,20251231,Y
94845,LEVI,LEVI STRAUSS & CO,2300,1-LAF,10-K,20251130,Y
95029,RGR,STURM RUGER & CO INC,3480,1-LAF,10-K,20251231,Y
95572,,"KINRG, INC.",1040,4-NON,10-K,20251231,N
95574,SGC,"SUPERIOR GROUP OF COMPANIES, INC.",2300,2-ACC,10-K,20251231,Y
95953,ACNT,ASCENT INDUSTRIES CO.,2800,2-ACC,10-K,20251231,Y
96021,SYY,SYSCO CORP,5140,1-LAF,10-Q,20251231,Y
96223,JEF,JEFFERIES FINANCIAL GROUP INC.,6211,1-LAF,10-K,20251130,Y
96271,,TAMPA ELECTRIC CO,4911,4-NON,10-K,20251231,N
96536,TAYD,"TAYLOR DEVICES, INC.",3569,4-NON,10-Q,20260228,Y
96869,TRC,TEJON RANCH CO,6500,4-NON,10-K,20251231,Y
96943,TFX,TELEFLEX INC,3841,1-LAF,10-K,20251231,Y
97134,TNC,TENNANT CO,3580,1-LAF,10-K,20251231,Y
97210,TER,"TERADYNE, INC",3825,1-LAF,10-K,20251231,Y
97216,TEX,TEREX CORP,3537,1-LAF,10-K,20251231,Y
97476,TXN,TEXAS INSTRUMENTS INC,3674,1-LAF,10-K,20251231,Y
97745,TMO,THERMO FISHER SCIENTIFIC INC.,3829,1-LAF,10-K,20251231,Y
98222,TDW,TIDEWATER INC,4400,1-LAF,10-K,20251231,Y
98362,TKR,TIMKEN CO,3562,1-LAF,10-K,20251231,Y
98677,TR,TOOTSIE ROLL INDUSTRIES INC,2060,1-LAF,10-K,20251231,Y
99106,,TRANS LUX CORP,3990,4-NON,10-K,20241231,N
99302,TRNS,TRANSCAT INC,3825,1-LAF,10-Q,20251231,Y
99780,TRN,TRINITY INDUSTRIES INC,3743,1-LAF,10-K,20251231,Y
100122,,TUCSON ELECTRIC POWER CO,4911,4-NON,10-K,20251231,N
100378,TWIN,TWIN DISC INC,3560,2-ACC,10-Q,20251231,Y
100493,TSN,"TYSON FOODS, INC.",2015,1-LAF,10-Q,20251231,Y
100517,UAL,"UNITED AIRLINES HOLDINGS, INC.",4512,1-LAF,10-K,20251231,Y
100591,AGX,ARGAN INC,1700,1-LAF,10-K,20260131,Y
100726,UFI,UNIFI INC,2200,2-ACC,10-Q,20251231,Y
100790,,UNION CARBIDE CORP /NEW/,2860,4-NON,10-K,20251231,N
100885,UNP,UNION PACIFIC CORP,4011,1-LAF,10-K,20251231,Y
101199,UFCS,UNITED FIRE GROUP INC,6331,2-ACC,10-K,20251231,Y
101295,UG,UNITED GUARDIAN INC,2844,4-NON,10-K,20251231,Y
101382,UMBF,UMB FINANCIAL CORP,6021,1-LAF,10-K,20251231,Y
101538,UAMY,UNITED STATES ANTIMONY CORP,3330,4-NON,10-K,20251231,Y
101594,BSIN,US ENERGY CORP,1311,4-NON,10-K,20251231,Y
101829,RTX,RTX CORP,3724,1-LAF,10-K,20251231,Y
101984,UEIC,UNIVERSAL ELECTRONICS INC,3651,2-ACC,10-K,20251231,Y
102037,UVV,UNIVERSAL CORP /VA/,5150,1-LAF,10-Q,20251231,Y
102109,UUU,"UNIVERSAL SAFETY PRODUCTS, INC.",5065,4-NON,10-Q,20251231,Y
102212,UVSP,UNIVEST FINANCIAL CORP,6022,1-LAF,10-K,20251231,Y
102729,VMI,VALMONT INDUSTRIES INC,3440,1-LAF,10-K,20251231,Y
102752,VSEC,VSE CORP,8711,1-LAF,10-K,20251231,Y
103145,VECO,VEECO INSTRUMENTS INC,3559,1-LAF,10-K,20251231,Y
103379,VFC,V F CORP,2320,1-LAF,10-Q,20251231,Y
103595,VLGEA,VILLAGE SUPER MARKET INC,5411,2-ACC,10-Q,20260131,Y
103730,VSH,VISHAY INTERTECHNOLOGY INC,3670,1-LAF,10-K,20251231,Y
104169,WMT,WALMART INC.,5331,1-LAF,10-K,20260131,Y
104889,GHC,GRAHAM HOLDINGS CO,8200,1-LAF,10-K,20251231,Y
104894,ELME,ELME COMMUNITIES,6798,1-LAF,10-K,20251231,Y
104918,AVA,AVISTA CORP,4931,1-LAF,10-K,20251231,Y
105016,WSO,WATSCO INC,5070,1-LAF,10-K,20251231,Y
105132,WDFC,WD 40 CO,2890,1-LAF,10-Q,20251130,Y
105319,WW,"WW INTERNATIONAL, INC.",7200,2-ACC,10-K,20251231,Y
105418,WMK,WEIS MARKETS INC,5411,1-LAF,10-K,20251231,Y
105634,EME,"EMCOR GROUP, INC.",1731,1-LAF,10-K,20251231,Y
105744,GBR,"NEW CONCEPT ENERGY, INC.",1311,4-NON,10-K,20251231,Y
105770,WST,WEST PHARMACEUTICAL SERVICES INC,3841,1-LAF,10-K,20251231,Y
106040,WDC,WESTERN DIGITAL CORP,3572,1-LAF,10-Q,20251231,Y
106532,WEYS,WEYCO GROUP INC,5130,2-ACC,10-K,20251231,Y
106535,WY,WEYERHAEUSER CO,6798,1-LAF,10-K,20251231,Y
106640,WHR,WHIRLPOOL CORP /DE/,3630,1-LAF,10-K,20251231,Y
107140,WLY,"JOHN WILEY & SONS, INC.",2731,1-LAF,10-Q,20260131,Y
107263,WMB,"WILLIAMS COMPANIES, INC.",4922,1-LAF,10-K,20251231,Y
107687,WGO,WINNEBAGO INDUSTRIES INC,3716,1-LAF,10-Q,20260228,Y
107815,WELPP,WISCONSIN ELECTRIC POWER CO,4911,4-NON,10-K,20251231,Y
107833,,WISCONSIN PUBLIC SERVICE CORP,4931,4-NON,10-K,20251231,N
108312,WWD,"WOODWARD, INC.",3620,1-LAF,10-Q,20251231,Y
108385,WRLD,WORLD ACCEPTANCE CORP,6141,2-ACC,10-Q,20251231,Y
108516,WOR,"WORTHINGTON ENTERPRISES, INC.",3310,1-LAF,10-Q,20251130,Y
108985,YORW,YORK WATER CO,4941,4-NON,10-K,20251231,Y
109177,SPB,"SPECTRUM BRANDS HOLDINGS, INC.",3690,1-LAF,10-Q,20251231,Y
109198,TJX,TJX COMPANIES INC /DE/,5651,1-LAF,10-K,20260131,Y
109380,ZION,"ZIONS BANCORPORATION, NATIONAL ASSOCIATION /UT/",6021,1-LAF,10-K,20251231,Y
109563,AIT,APPLIED INDUSTRIAL TECHNOLOGIES INC,5080,1-LAF,10-Q,20251231,Y
109657,GTBP,"GT BIOPHARMA, INC.",2834,4-NON,10-K,20251231,Y
110471,WWW,WOLVERINE WORLD WIDE INC /DE/,3140,1-LAF,10-K,20251231,Y
110621,RPM,RPM INTERNATIONAL INC/DE/,2851,1-LAF,10-Q,20251130,Y
200406,JNJ,JOHNSON & JOHNSON,2834,1-LAF,10-K,20251231,Y
202058,LHX,"L3HARRIS TECHNOLOGIES, INC. /DE/",3812,1-LAF,10-K,20251231,Y
203596,WSBC,WESBANCO INC,6021,1-LAF,10-K,20251231,Y
205402,,GRAYBAR ELECTRIC CO INC,5063,4-NON,10-K,20251231,N
215466,CDE,"COEUR MINING, INC.",1040,1-LAF,10-K,20251231,Y
216085,HVT,HAVERTY FURNITURE COMPANIES INC,5712,2-ACC,10-K,20251231,Y
216228,ITT,ITT INC.,3561,1-LAF,10-K,20251231,Y
216877,,PISMO COAST VILLAGE INC,7000,4-NON,10-Q,20251231,N
217346,TXT,TEXTRON INC,3720,1-LAF,10-K,20251231,Y
217410,UL,UNILEVER PLC,2840,1-LAF,20-F,20251231,Y
230557,SIGI,SELECTIVE INSURANCE GROUP INC,6331,1-LAF,10-K,20251231,Y
275053,NATR,NATURES SUNSHINE PRODUCTS INC,2834,2-ACC,10-K,20251231,Y
275880,PSN,PARSONS CORP,7373,1-LAF,10-K,20251231,Y
276720,PCYO,PURE CYCLE CORP,4941,4-NON,10-Q,20251130,Y
277135,GWW,"W.W. GRAINGER, INC.",5000,1-LAF,10-K,20251231,Y
277509,FSS,FEDERAL SIGNAL CORP /DE/,3711,1-LAF,10-K,20251231,Y
277638,,DAVEY TREE EXPERT CO,0700,4-NON,10-K,20251231,N
277948,CSX,CSX CORP,4011,1-LAF,10-K,20251231,Y
278166,CVCO,"CAVCO INDUSTRIES, INC.",2451,1-LAF,10-Q,20251231,Y
310142,SXT,SENSIENT TECHNOLOGIES CORP,2860,1-LAF,10-K,20251231,Y
310158,MRK,"MERCK & CO., INC.",2834,1-LAF,10-K,20251231,Y
310354,SXI,STANDEX INTERNATIONAL CORP/DE/,3580,1-LAF,10-Q,20251231,Y
310522,FNMA,FEDERAL NATIONAL MORTGAGE ASSOCIATION FANNIE MAE,6111,1-LAF,10-K,20251231,Y
310764,SYK,STRYKER CORP,3841,1-LAF,10-K,20251231,Y
311094,WABC,WESTAMERICA BANCORPORATION,6021,1-LAF,10-K,20251231,Y
311337,SU,SUNCOR ENERGY INC,2911,,40-F,20251231,Y
312069,BCS,BARCLAYS PLC,6029,1-LAF,20-F,20251231,Y
312070,ATMP,BARCLAYS BANK PLC,6029,4-NON,20-F,20251231,Y
312257,IVFH,INNOVATIVE FOOD HOLDINGS INC,5141,4-NON,10-K,20251231,Y
313143,HAE,HAEMONETICS CORP,3841,1-LAF,10-Q,20251231,Y
313216,PHG,KONINKLIJKE PHILIPS NV,3844,1-LAF,20-F,20251231,Y
313616,DHR,DANAHER CORP /DE/,3823,1-LAF,10-K,20251231,Y
313807,BP,BP PLC,2911,1-LAF,20-F,20251231,Y
313927,CHD,CHURCH & DWIGHT CO INC /DE/,2840,1-LAF,10-K,20251231,Y
314203,MUX,MCEWEN INC.,1040,2-ACC,10-K,20251231,Y
314227,TOMZ,"TOMI ENVIRONMENTAL SOLUTIONS, INC.",2860,4-NON,10-K,20251231,Y
314489,BUSE,FIRST BUSEY CORP /NV/,6022,1-LAF,10-K,20251231,Y
314808,VAL,VALARIS LTD,1381,1-LAF,10-K,20251231,Y
315189,DE,DEERE & CO,3523,1-LAF,10-Q,20260131,Y
315213,RHI,ROBERT HALF INC.,7363,1-LAF,10-K,20251231,Y
315293,AON,AON PLC,6411,1-LAF,10-K,20251231,Y
315374,HURC,HURCO COMPANIES INC,3823,2-ACC,10-Q,20260131,Y
315545,PVCT,"PROVECTUS BIOPHARMACEUTICALS, INC.",2834,4-NON,10-K,20251231,Y
315709,IBOC,INTERNATIONAL BANCSHARES CORP,6022,1-LAF,10-K,20251231,Y
315852,RRC,RANGE RESOURCES CORP,1311,1-LAF,10-K,20251231,Y
315958,CRMZ,CREDITRISKMONITOR COM INC,7320,4-NON,10-K,20251231,Y
316709,SCHW,SCHWAB CHARLES CORP,6211,1-LAF,10-K,20251231,Y
317540,COKE,"COCA-COLA CONSOLIDATED, INC.",2086,1-LAF,10-K,20251231,Y
317788,APPS,"DIGITAL TURBINE, INC.",6794,2-ACC,10-Q,20251231,Y
318154,AMGN,AMGEN INC,2836,1-LAF,10-K,20251231,Y
318299,SRCO,"SPARTA COMMERCIAL SERVICES, INC.",7389,4-NON,10-Q,20260131,Y
318300,PEBO,PEOPLES BANCORP INC,6022,1-LAF,10-K,20251231,Y
318306,ABEO,ABEONA THERAPEUTICS INC.,2834,4-NON,10-K,20251231,Y
318673,SNFCA,SECURITY NATIONAL FINANCIAL CORP,6199,2-ACC,10-K,20251231,Y
318833,TISI,TEAM INC,7600,4-NON,10-K,20251231,Y
319201,KLAC,KLA CORP,3827,1-LAF,10-Q,20251231,Y
320017,LSTA,"LISATA THERAPEUTICS, INC.",2834,4-NON,10-K,20251231,Y
320121,TLS,TELOS CORP,7373,2-ACC,10-K,20251231,Y
320193,AAPL,APPLE INC,3571,1-LAF,10-Q,20251231,Y
320335,GL,GLOBE LIFE INC.,6311,1-LAF,10-K,20251231,Y
350698,AN,"AUTONATION, INC.",5500,1-LAF,10-K,20251231,Y
350852,CTBI,COMMUNITY TRUST BANCORP INC /KY/,6022,1-LAF,10-K,20251231,Y
350894,SEIC,SEI INVESTMENTS CO,6211,1-LAF,10-K,20251231,Y
351569,ABCB,AMERIS BANCORP,6022,1-LAF,10-K,20251231,Y
351789,ELSE,ELECTRO SENSORS INC,3823,4-NON,10-K,20251231,Y
351834,,SUNOPTA INC.,2080,2-ACC,10-K,20251231,N
352541,LNT,ALLIANT ENERGY CORP,4931,1-LAF,10-K,20251231,Y
352825,FSTR,FOSTER L B CO,5051,2-ACC,10-K,20251231,Y
352915,UHS,UNIVERSAL HEALTH SERVICES INC,8062,1-LAF,10-K,20251231,Y
352955,CKX,"CKX LANDS, INC.",1311,4-NON,10-K,20251231,Y
352960,,SWEDISH EXPORT CREDIT CORP /SWED/,6159,4-NON,20-F,20251231,N
352991,AOXY,ADVANCED OXYGEN TECHNOLOGIES INC,6500,4-NON,10-Q,20251231,Y
353184,AIRT,AIR T INC,4513,4-NON,10-Q,20251231,Y
353278,NVO,NOVO NORDISK A S,2834,1-LAF,20-F,20251231,Y
354190,AJG,ARTHUR J. GALLAGHER & CO.,6411,1-LAF,10-K,20251231,Y
354647,CVBF,CVB FINANCIAL CORP,6022,1-LAF,10-K,20251231,Y
354707,HE,HAWAIIAN ELECTRIC INDUSTRIES INC,4911,1-LAF,10-K,20251231,Y
354950,HD,"HOME DEPOT, INC.",5211,1-LAF,10-K,20260131,Y
354963,SHEN,SHENANDOAH TELECOMMUNICATIONS CO/VA/,4813,1-LAF,10-K,20251231,Y
355019,,FONAR CORP,3845,2-ACC,10-Q,20251231,N
355811,GNTX,GENTEX CORP,3714,1-LAF,10-K,20251231,Y
355948,RELL,"RICHARDSON ELECTRONICS, LTD.",5065,2-ACC,10-Q,20251130,Y
356037,CSPI,CSP INC /MA/,7373,4-NON,10-Q,20251231,Y
356171,TCBK,TRICO BANCSHARES /,6022,1-LAF,10-K,20251231,Y
356309,NJR,NEW JERSEY RESOURCES CORP,4924,1-LAF,10-Q,20251231,Y
357173,OSBC,OLD SECOND BANCORP INC,6022,1-LAF,10-K,20251231,Y
357294,HOV,HOVNANIAN ENTERPRISES INC,1531,2-ACC,10-Q,20260131,Y
357301,TRST,TRUSTCO BANK CORP N Y,6022,2-ACC,10-K,20251231,Y
700564,FULT,FULTON FINANCIAL CORP,6021,1-LAF,10-K,20251231,Y
700565,FMBH,"FIRST MID BANCSHARES, INC.",6022,1-LAF,10-K,20251231,Y
700923,MYRG,MYR GROUP INC.,1623,1-LAF,10-K,20251231,Y
701347,CPF,CENTRAL PACIFIC FINANCIAL CORP,6022,1-LAF,10-K,20251231,Y
701719,ELA,ENVELA CORP,5944,4-NON,10-K,20251231,Y
701818,KGC,KINROSS GOLD CORP,1040,,40-F,20251231,Y
701985,BBWI,"BATH & BODY WORKS, INC.",5990,1-LAF,10-K,20260131,Y
702165,NSC,NORFOLK SOUTHERN CORP,4011,1-LAF,10-K,20251231,Y
703351,EAT,"BRINKER INTERNATIONAL, INC",5812,1-LAF,10-Q,20251231,Y
703604,DSGR,"DISTRIBUTION SOLUTIONS GROUP, INC.",5080,2-ACC,10-K,20251231,Y
704440,KRMD,"KORU MEDICAL SYSTEMS, INC.",3841,4-NON,10-K,20251231,Y
704532,ONTO,ONTO INNOVATION INC.,3829,1-LAF,10-K,20251231,Y
705432,SBSI,SOUTHSIDE BANCSHARES INC,6022,1-LAF,10-K,20251231,Y
706129,HBNC,HORIZON BANCORP INC /IN/,6022,2-ACC,10-K,20251231,Y
706698,UTMD,UTAH MEDICAL PRODUCTS INC,3841,4-NON,10-K,20251231,Y
706863,UNB,UNION BANKSHARES INC,6022,4-NON,10-K,20251231,Y
707179,ONB,OLD NATIONAL BANCORP /IN/,6021,1-LAF,10-K,20251231,Y
707549,LRCX,LAM RESEARCH CORP,3559,1-LAF,10-Q,20251231,Y
707605,ASRV,AMERISERV FINANCIAL INC /PA/,6021,4-NON,10-K,20251231,Y
708781,CASS,CASS INFORMATION SYSTEMS INC,7389,2-ACC,10-K,20251231,Y
708821,PAR,PAR TECHNOLOGY CORP,3578,1-LAF,10-K,20251231,Y
708955,FFBC,FIRST FINANCIAL BANCORP /OH/,6021,1-LAF,10-K,20251231,Y
709283,QMCO,QUANTUM CORP /DE/,3572,4-NON,10-Q,20251231,Y
709337,FMNB,FARMERS NATIONAL BANC CORP /OH/,6022,2-ACC,10-K,20251231,Y
711034,THMG,THUNDER MOUNTAIN GOLD INC,1000,4-NON,10-K,20251231,Y
711377,NEOG,NEOGEN CORP,2835,1-LAF,10-Q,20251130,Y
711404,COO,"COOPER COMPANIES, INC.",3851,1-LAF,10-Q,20260131,Y
711669,CBAN,COLONY BANKCORP INC,6022,2-ACC,10-K,20251231,Y
712034,ACCO,ACCO BRANDS CORP,2780,2-ACC,10-K,20251231,Y
712515,EA,ELECTRONIC ARTS INC.,7372,1-LAF,10-Q,20251231,Y
712534,FRME,FIRST MERCHANTS CORP,6021,1-LAF,10-K,20251231,Y
712537,FCF,FIRST COMMONWEALTH FINANCIAL CORP /PA/,6021,1-LAF,10-K,20251231,Y
712770,OLP,ONE LIBERTY PROPERTIES INC,6798,4-NON,10-K,20251231,Y
712771,CNOB,"CONNECTONE BANCORP, INC.",6022,1-LAF,10-K,20251231,Y
713676,PNC,"PNC FINANCIAL SERVICES GROUP, INC.",6021,1-LAF,10-K,20251231,Y
714256,SMTI,SANARA MEDTECH INC.,3842,4-NON,10-K,20251231,Y
714310,VLY,VALLEY NATIONAL BANCORP,6021,1-LAF,10-K,20251231,Y
714395,GABC,"GERMAN AMERICAN BANCORP, INC.",6022,1-LAF,10-K,20251231,Y
714562,THFF,FIRST FINANCIAL CORP /IN/,6022,2-ACC,10-K,20251231,Y
714712,JUVF,JUNIATA VALLEY FINANCIAL CORP,6022,4-NON,10-K,20251231,Y
715072,RNST,RENASANT CORP,6022,1-LAF,10-K,20251231,Y
715446,ANIX,ANIXA BIOSCIENCES INC,2834,4-NON,10-Q,20260131,Y
715579,ACNB,ACNB CORP,6022,2-ACC,10-K,20251231,Y
715787,TILE,INTERFACE INC,2273,1-LAF,10-K,20251231,Y
715957,D,"DOMINION ENERGY, INC",4911,1-LAF,10-K,20251231,Y
716133,,CINCINNATI BELL INC,4813,4-NON,10-K,20251231,N
716314,GHM,GRAHAM CORP,3560,2-ACC,10-Q,20251231,Y
716634,RDI,READING INTERNATIONAL INC,7830,4-NON,10-K,20251231,Y
716643,RGS,REGIS CORP,7200,4-NON,10-Q,20251231,Y
717423,MUR,MURPHY OIL CORP,1311,1-LAF,10-K,20251231,Y
717538,AROW,ARROW FINANCIAL CORP,6021,2-ACC,10-K,20251231,Y
717605,HXL,HEXCEL CORP /DE/,2821,1-LAF,10-K,20251231,Y
717720,VALU,VALUE LINE INC,6282,4-NON,10-Q,20260131,Y
717806,FUSB,"FIRST US BANCSHARES, INC.",6022,4-NON,10-K,20251231,Y
717826,ERIC,ERICSSON LM TELEPHONE CO,3663,1-LAF,20-F,20251231,Y
717954,UNF,UNIFIRST CORP,7200,1-LAF,10-Q,20251130,Y
718332,RAVE,"RAVE RESTAURANT GROUP, INC.",5140,4-NON,10-Q,20251231,Y
718413,CMTV,COMMUNITY BANCORP /VT,6021,4-NON,10-K,20251231,Y
718937,STAA,STAAR SURGICAL CO,3851,1-LAF,10-K,20251231,Y
718940,BCE,BCE INC,4813,,40-F,20251231,Y
719135,APYX,APYX MEDICAL CORP,3841,4-NON,10-K,20251231,Y
719220,STBA,S&T BANCORP INC,6022,1-LAF,10-K,20251231,Y
719402,FXNC,FIRST NATIONAL CORP /VA/,6022,4-NON,10-K,20251231,Y
719413,HL,HECLA MINING CO/DE/,1400,1-LAF,10-K,20251231,Y
719733,KTCC,KEY TRONIC CORP,3672,4-NON,10-Q,20251231,Y
719955,WSM,WILLIAMS SONOMA INC,5700,1-LAF,10-K,20260131,Y
720005,RJF,RAYMOND JAMES FINANCIAL INC,6211,1-LAF,10-Q,20251231,Y
720154,NOTVQ,"INOTIV, INC.",8731,2-ACC,10-Q,20251231,Y
720500,ASYS,AMTECH SYSTEMS INC,3559,4-NON,10-Q,20251231,Y
720672,SF,STIFEL FINANCIAL CORP,6211,1-LAF,10-K,20251231,Y
720762,NIMU,NON INVASIVE MONITORING SYSTEMS INC /FL/,3845,4-NON,10-K,20250731,Y
720858,ITIC,INVESTORS TITLE CO,6361,2-ACC,10-K,20251231,Y
721371,CAH,CARDINAL HEALTH INC,5122,1-LAF,10-Q,20251231,Y
721693,CREG,SMART POWERR CORP.,7389,4-NON,10-K,20251231,Y
721994,LKFN,LAKELAND FINANCIAL CORP,6022,1-LAF,10-K,20251231,Y
722313,NSYS,NORTECH SYSTEMS INC,3679,4-NON,10-K,20251231,Y
722572,FKWL,FRANKLIN WIRELESS CORP,3661,4-NON,10-Q,20251231,Y
723125,MU,MICRON TECHNOLOGY INC,3674,1-LAF,10-Q,20260228,Y
723188,CBU,"COMMUNITY FINANCIAL SYSTEM, INC.",6021,1-LAF,10-K,20251231,Y
723254,CTAS,CINTAS CORP,2320,1-LAF,10-Q,20251130,Y
723269,,"IRONSTONE PROPERTIES, INC.",6770,4-NON,10-K,20251231,N
723531,PAYX,PAYCHEX INC,8700,1-LAF,10-Q,20260228,Y
723603,CULP,CULP INC,2211,4-NON,10-Q,20260131,Y
723612,CAR,"AVIS BUDGET GROUP, INC.",7510,1-LAF,10-K,20251231,Y
723646,FRAF,FRANKLIN FINANCIAL SERVICES CORP /PA/,6022,2-ACC,10-K,20251231,Y
724004,MLAB,MESA LABORATORIES INC /CO/,3823,2-ACC,10-Q,20251231,Y
724445,BZYR,BURZYNSKI RESEARCH INSTITUTE INC,2835,4-NON,10-Q,20251130,Y
724910,NVEC,NVE CORP /NEW/,3674,4-NON,10-Q,20251231,Y
725363,CVM,CEL SCI CORP,2836,4-NON,10-Q,20251231,Y
725394,DHTI,"DALRADA TECHNOLOGY GROUP, INC.",7363,4-NON,10-Q,20251231,Y
726601,CCBG,CAPITAL CITY BANK GROUP INC,6022,2-ACC,10-K,20251231,Y
726728,O,REALTY INCOME CORP,6798,1-LAF,10-K,20251231,Y
726854,CHCO,CITY HOLDING CO,6021,1-LAF,10-K,20251231,Y
726865,,LINCOLN NATIONAL LIFE INSURANCE CO /IN/,6311,4-NON,10-K,20251231,N
726958,CASY,CASEYS GENERAL STORES INC,5500,1-LAF,10-Q,20260131,Y
727273,CDZI,CADIZ INC,4941,4-NON,10-K,20251231,Y
727510,ENZN,"ENZON PHARMACEUTICALS, INC.",2836,4-NON,10-K,20251231,Y
728385,BCHT,BIRCHTECH CORP.,3829,2-ACC,10-K,20251231,Y
728387,CATX,"PERSPECTIVE THERAPEUTICS, INC.",2834,4-NON,10-K,20251231,Y
728391,,"IPALCO ENTERPRISES, INC.",4911,4-NON,10-K,20251231,N
728535,JBHT,HUNT J B TRANSPORT SERVICES INC,4213,1-LAF,10-K,20251231,Y
729580,BELFA,BEL FUSE INC /NJ,3677,1-LAF,10-K,20251231,Y
729986,UBSI,UNITED BANKSHARES INC/WV,6022,1-LAF,10-K,20251231,Y
730263,THO,THOR INDUSTRIES INC,3716,1-LAF,10-Q,20260131,Y
730272,RGEN,REPLIGEN CORP,2836,1-LAF,10-K,20251231,Y
730464,CVSA,ADTALEM GLOBAL EDUCATION INC.,8200,1-LAF,10-Q,20251231,Y
730708,SBCF,SEACOAST BANKING CORP OF FLORIDA,6022,1-LAF,10-K,20251231,Y
731012,HCSG,HEALTHCARE SERVICES GROUP INC,8050,1-LAF,10-K,20251231,Y
731122,CCFN,MUNCY COLUMBIA FINANCIAL CORP,6022,4-NON,10-K,20251231,Y
731288,,PACCAR FINANCIAL CORP,6153,4-NON,10-K,20251231,N
731653,UBCP,UNITED BANCORP INC /OH/,6022,4-NON,10-K,20251231,Y
731766,UNH,UNITEDHEALTH GROUP INC,6324,1-LAF,10-K,20251231,Y
731802,ATO,ATMOS ENERGY CORP,4924,1-LAF,10-Q,20251231,Y
732026,TRT,TRIO-TECH INTERNATIONAL,3559,4-NON,10-Q,20251231,Y
732417,HBIA,HILLS BANCORPORATION,6022,2-ACC,10-K,20251231,Y
732712,VZ,VERIZON COMMUNICATIONS INC,4813,1-LAF,10-K,20251231,Y
732717,T,AT&T INC.,4813,1-LAF,10-K,20251231,Y
732834,,"CONTINENTAL RESOURCES, INC",1311,4-NON,10-K,20251231,N
733076,,BRIGHTHOUSE LIFE INSURANCE CO,6311,4-NON,10-K,20251231,N
733099,RCI,ROGERS COMMUNICATIONS INC,4841,,40-F,20251231,Y
733269,RAMP,"LIVERAMP HOLDINGS, INC.",7374,1-LAF,10-Q,20251231,Y
733590,TCI,TRANSCONTINENTAL REALTY INVESTORS INC,6798,4-NON,10-K,20251231,Y
736012,INTZ,INTRUSION INC,3576,4-NON,10-K,20251231,Y
736772,CCNE,CNB FINANCIAL CORP/PA,6022,2-ACC,10-K,20251231,Y
737468,WASH,WASHINGTON TRUST BANCORP INC,6022,2-ACC,10-K,20251231,Y
737758,TTC,TORO CO,3524,1-LAF,10-Q,20260131,Y
737875,FKYS,FIRST KEYSTONE CORP,6022,4-NON,10-K,20251231,Y
738214,AMTX,"AEMETIS, INC",2860,2-ACC,10-K,20251231,Y
739421,CZFS,CITIZENS FINANCIAL SERVICES INC,6022,2-ACC,10-K,20251231,Y
740260,VTR,"VENTAS, INC.",6798,1-LAF,10-K,20251231,Y
740664,RFIL,R F INDUSTRIES LTD,3678,4-NON,10-Q,20260131,Y
740806,FMBM,F&M BANK CORP,6022,4-NON,10-K,20251231,Y
742278,RES,RPC INC,1389,2-ACC,10-K,20251231,Y
743367,BHB,BAR HARBOR BANKSHARES,6022,2-ACC,10-K,20251231,Y
744187,REX,REX AMERICAN RESOURCES CORP,2860,1-LAF,10-K,20260131,Y
744218,CLDX,"CELLDEX THERAPEUTICS, INC.",2835,1-LAF,10-K,20251231,Y
744452,BNBX,BNB PLUS CORP.,8734,4-NON,10-Q,20251231,Y
744825,AMS,AMERICAN SHARED HOSPITAL SERVICES,8071,4-NON,10-K,20251231,Y
745308,JOE,ST JOE CO,6552,1-LAF,10-K,20251231,Y
745732,ROST,"ROSS STORES, INC.",5651,1-LAF,10-K,20260131,Y
746210,TWAV,"TAOWEAVE, INC.",7370,4-NON,10-K,20251231,Y
746514,NEN,NEW ENGLAND REALTY ASSOCIATES LIMITED PARTNERSHIP,6513,2-ACC,10-K,20251231,Y
746515,EXPD,EXPEDITORS INTERNATIONAL OF WASHINGTON INC,4731,1-LAF,10-K,20251231,Y
746598,BRC,BRADY CORP,3990,1-LAF,10-Q,20260131,Y
746838,UIS,UNISYS CORP,7373,2-ACC,10-K,20251231,Y
747540,SPRS,SURGE COMPONENTS INC,5065,4-NON,10-K,20251130,Y
748268,RCAT,"RED CAT HOLDINGS, INC.",7372,4-NON,10-K,20251231,Y
748592,ERNA,ERNEXA THERAPEUTICS INC.,2834,4-NON,10-K,20251231,Y
749098,MGA,MAGNA INTERNATIONAL INC,3714,,40-F,20251231,Y
749251,IT,GARTNER INC,8741,1-LAF,10-K,20251231,Y
749647,IMNN,"IMUNON, INC.",2834,4-NON,10-K,20251231,Y
750004,LNWO,"LIGHT & WONDER, INC.",7373,1-LAF,10-K,20251231,Y
750558,QNBC,QNB CORP.,6022,4-NON,10-K,20251231,Y
750574,AUBN,"AUBURN NATIONAL BANCORPORATION, INC",6022,4-NON,10-K,20251231,Y
750577,HWC,HANCOCK WHITNEY CORP,6022,1-LAF,10-K,20251231,Y
750686,CAC,CAMDEN NATIONAL CORP,6021,2-ACC,10-K,20251231,Y
751364,NNN,"NNN REIT, INC.",6798,1-LAF,10-K,20251231,Y
751978,VICR,VICOR CORP,3679,1-LAF,10-K,20251231,Y
752642,UMH,"UMH PROPERTIES, INC.",6798,1-LAF,10-K,20251231,Y
752714,MGRC,MCGRATH RENTCORP,7359,1-LAF,10-K,20251231,Y
753308,NEE,NEXTERA ENERGY INC,4911,1-LAF,10-K,20251231,Y
754811,GROW,U S GLOBAL INVESTORS INC,6282,4-NON,10-Q,20251231,Y
755001,UTL,UNITIL CORP,4931,1-LAF,10-K,20251231,Y
756894,B,BARRICK MINING CORP,1040,,40-F,20251231,Y
759944,CFG,CITIZENS FINANCIAL GROUP INC/RI,6022,1-LAF,10-K,20251231,Y
760498,BANF,BANCFIRST CORP /OK/,6021,1-LAF,10-K,20251231,Y
761648,CDR-PB,"CEDAR REALTY TRUST, INC.",6798,4-NON,10-K,20251231,Y
763532,LYTS,LSI INDUSTRIES INC,3640,2-ACC,10-Q,20251231,Y
763563,CHMG,CHEMUNG FINANCIAL CORP,6022,2-ACC,10-K,20251231,Y
763744,LCII,LCI INDUSTRIES,3714,1-LAF,10-K,20251231,Y
763901,BPOP,"POPULAR, INC.",6022,1-LAF,10-K,20251231,Y
763907,FUNC,FIRST UNITED CORP/MD/,6021,4-NON,10-K,20251231,Y
764038,SSB,SOUTHSTATE BANK CORP,6022,1-LAF,10-K,20251231,Y
764065,CLF,CLEVELAND-CLIFFS INC.,1000,1-LAF,10-K,20251231,Y
764180,MO,"ALTRIA GROUP, INC.",2111,1-LAF,10-K,20251231,Y
764401,IIIN,INSTEEL INDUSTRIES INC,3310,2-ACC,10-Q,20251231,Y
764478,BBY,BEST BUY CO INC,5731,1-LAF,10-K,20260131,Y
764622,PNW,PINNACLE WEST CAPITAL CORP,4911,1-LAF,10-K,20251231,Y
764630,AETN,SHOREPOWER TECHNOLOGIES INC.,3690,4-NON,10-K,20251231,Y
764764,,CATERPILLAR FINANCIAL SERVICES CORP,6159,4-NON,10-K,20251231,N
765207,FNLC,"FIRST BANCORP, INC /ME/",6021,2-ACC,10-K,20251231,Y
765880,DOC,"HEALTHPEAK PROPERTIES, INC.",6798,1-LAF,10-K,20251231,Y
766421,ALK,"ALASKA AIR GROUP, INC.",4512,1-LAF,10-K,20251231,Y
766704,WELL,WELLTOWER INC.,6798,1-LAF,10-K,20251231,Y
766792,CVV,CVD EQUIPMENT CORP,3559,4-NON,10-K,20251231,Y
766829,HTO,H2O AMERICA,4941,1-LAF,10-K,20251231,Y
767405,SBFG,"SB FINANCIAL GROUP, INC.",6022,4-NON,10-K,20251231,Y
768899,TBI,"TRUEBLUE, INC.",7363,2-ACC,10-K,20251231,Y
769218,AEG,AEGON LTD.,6311,1-LAF,20-F,20251231,Y
769397,ADSK,"AUTODESK, INC.",7372,1-LAF,10-K,20260131,Y
769520,MIDD,MIDDLEBY CORP,3580,1-LAF,10-K,20251231,Y
770460,PFBX,PEOPLES FINANCIAL CORP /MS/,6022,4-NON,10-K,20251231,Y
771497,ABM,ABM INDUSTRIES INC /DE/,7340,1-LAF,10-Q,20260131,Y
771856,CSBR,"CHAMPIONS ONCOLOGY, INC.",2836,4-NON,10-Q,20260131,Y
771992,PAAS,PAN AMERICAN SILVER CORP,1040,,40-F,20251231,Y
771999,DSS,"DSS, INC.",2650,4-NON,10-K,20251231,Y
772406,CRUS,"CIRRUS LOGIC, INC.",3674,1-LAF,10-Q,20251231,Y
773141,,"SEKISUI HOUSE U.S., INC.",1531,4-NON,10-K,20251231,N
773717,ACRG,"AMERICAN CLEAN RESOURCES GROUP, INC.",1400,4-NON,10-K,20251231,Y
773840,HON,HONEYWELL INTERNATIONAL INC,3724,1-LAF,10-K,20251231,Y
774415,KRFG,"KING RESOURCES, INC.",3612,4-NON,10-Q,20251231,Y
775057,ALTX,ALTEX INDUSTRIES INC,1311,4-NON,10-Q,20251231,Y
775158,OSK,OSHKOSH CORP,3711,1-LAF,10-K,20251231,Y
775215,HBT,"HBT FINANCIAL, INC.",6022,2-ACC,10-K,20251231,Y
776867,WTM,WHITE MOUNTAINS INSURANCE GROUP LTD,6331,1-LAF,10-K,20251231,Y
776901,INDB,INDEPENDENT BANK CORP,6022,1-LAF,10-K,20251231,Y
777917,,PRUCO LIFE INSURANCE CO,6311,4-NON,10-K,20251231,N
778164,ALTO,"ALTO INGREDIENTS, INC.",2860,2-ACC,10-K,20251231,Y
779152,JKHY,JACK HENRY & ASSOCIATES INC,7373,1-LAF,10-Q,20251231,Y
779227,STLE,STEELE BANCORP INC,6022,4-NON,10-K,20251231,Y
779544,ARKR,ARK RESTAURANTS CORP,5812,4-NON,10-Q,20251231,Y
780571,ITRI,"ITRON, INC.",3825,1-LAF,10-K,20251231,Y
783324,VGZ,VISTA GOLD CORP,1040,4-NON,10-K,20251231,Y
783325,WEC,"WEC ENERGY GROUP, INC.",4931,1-LAF,10-K,20251231,Y
783412,DJCO,DAILY JOURNAL CORP,2711,4-NON,10-Q,20251231,Y
784199,AORT,"ARTIVION, INC.",3841,1-LAF,10-K,20251231,Y
784539,EACO,EACO CORP,5065,4-NON,10-Q,20251130,Y
784977,POR,PORTLAND GENERAL ELECTRIC CO /OR/,4911,1-LAF,10-K,20251231,Y
785161,EHC,ENCOMPASS HEALTH CORP,8060,1-LAF,10-K,20251231,Y
785557,DLHC,DLH HOLDINGS CORP.,7363,4-NON,10-Q,20251231,Y
785786,PLXS,PLEXUS CORP,3672,1-LAF,10-Q,20251231,Y
785956,JJSF,J&J SNACK FOODS CORP,2052,1-LAF,10-Q,20251231,Y
787250,,DPL LLC,4931,4-NON,10-K,20251231,N
787253,NAII,NATURAL ALTERNATIVES INTERNATIONAL INC,2833,4-NON,10-Q,20251231,Y
787496,LGVT,UBUYHOLDINGS INC,6770,4-NON,10-Q,20251130,Y
788329,JOUT,JOHNSON OUTDOORS INC,3949,2-ACC,10-Q,20251231,Y
788611,NTRP,"NEXTTRIP, INC.",4700,4-NON,10-Q,20251130,Y
788784,PEG,PUBLIC SERVICE ENTERPRISE GROUP INC,4931,1-LAF,10-K,20251231,Y
788816,,OGLETHORPE POWER CORP,4911,4-NON,10-K,20251231,N
788920,PDEX,PRO DEX INC,3841,4-NON,10-Q,20251231,Y
788965,HNRG,HALLADOR ENERGY CO,4911,2-ACC,10-K,20251231,Y
789019,MSFT,MICROSOFT CORP,7372,1-LAF,10-Q,20251231,Y
789460,WKC,WORLD KINECT CORP,5172,1-LAF,10-K,20251231,Y
789570,MGM,MGM RESORTS INTERNATIONAL,7011,1-LAF,10-K,20251231,Y
789933,NC,NACCO INDUSTRIES INC,1221,2-ACC,10-K,20251231,Y
790051,CSL,CARLISLE COMPANIES INC,3060,1-LAF,10-K,20251231,Y
790359,NBTB,NBT BANCORP INC,6021,1-LAF,10-K,20251231,Y
790526,RDNT,"RADNET, INC.",8071,1-LAF,10-K,20251231,Y
790816,BDN,BRANDYWINE REALTY TRUST,6798,1-LAF,10-K,20251231,Y
791908,,XOMA ROYALTY CORP,2834,4-NON,10-K,20251231,N
791963,OPY,OPPENHEIMER HOLDINGS INC,6211,2-ACC,10-K,20251231,Y
792966,FMAO,FARMERS & MERCHANTS BANCORP INC,6035,2-ACC,10-K,20251231,Y
792987,ASTE,ASTEC INDUSTRIES INC,3531,1-LAF,10-K,20251231,Y
793074,WERN,WERNER ENTERPRISES INC,4213,1-LAF,10-K,20251231,Y
793171,,"VITRO BIOPHARMA, INC.",2836,4-NON,10-Q,20260131,N
793306,BDCO,BLUE DOLPHIN ENERGY CO,1311,4-NON,10-K,20251231,Y
793524,REFR,RESEARCH FRONTIERS INC,6794,4-NON,10-K,20251231,Y
793733,SKYW,SKYWEST INC,4512,1-LAF,10-K,20251231,Y
793952,HOG,"HARLEY-DAVIDSON, INC.",3751,1-LAF,10-K,20251231,Y
794170,TOL,"TOLL BROTHERS, INC.",1531,1-LAF,10-Q,20260131,Y
794323,,"LEVEL 3 PARENT, LLC",4813,4-NON,10-K,20251231,N
794367,M,"MACY'S, INC.",5311,1-LAF,10-K,20260131,Y
794619,,AMERICAN WOODMARK CORP,2430,1-LAF,10-Q,20260131,N
795266,KBH,KB HOME,1531,1-LAF,10-K,20251130,Y
795403,WTS,WATTS WATER TECHNOLOGIES INC,3490,1-LAF,10-K,20251231,Y
795800,NEXM,NEXMETALS MINING CORP.,1000,4-NON,10-K,20251231,Y
796343,ADBE,ADOBE INC.,7372,1-LAF,10-Q,20260228,Y
796505,CLFD,"CLEARFIELD, INC.",3661,2-ACC,10-Q,20251231,Y
796534,NKSH,NATIONAL BANKSHARES INC,6021,4-NON,10-K,20251231,Y
797465,STLY,"HG HOLDINGS, INC.",6798,4-NON,10-K,20251231,Y
797468,OXY,OCCIDENTAL PETROLEUM CORP /DE/,1311,1-LAF,10-K,20251231,Y
797542,QXL,VIEWBIX INC.,7372,4-NON,10-K,20251231,Y
797721,VSAT,VIASAT INC,4899,1-LAF,10-Q,20251231,Y
798287,PAMT,PAMT CORP,4213,2-ACC,10-K,20251231,Y
798354,FISV,FISERV INC,7389,1-LAF,10-K,20251231,Y
798359,CSR,CENTERSPACE,6798,1-LAF,10-K,20251231,Y
798528,OMEX,ODYSSEY MARINE EXPLORATION INC,4400,4-NON,10-K,20251231,Y
798783,UHT,UNIVERSAL HEALTH REALTY INCOME TRUST,6798,4-NON,10-K,20251231,Y
798941,FCNCA,FIRST CITIZENS BANCSHARES INC /DE/,6022,1-LAF,10-K,20251231,Y
799165,DWSN,DAWSON GEOPHYSICAL CO,1382,4-NON,10-K,20251231,Y
799167,MRTN,MARTEN TRANSPORT LTD,4213,1-LAF,10-K,20251231,Y
799233,HTLD,HEARTLAND EXPRESS INC,4213,2-ACC,10-K,20251231,Y
799288,LE,"LANDS' END, INC.",5651,2-ACC,10-K,20260131,Y
799292,MHO,"M/I HOMES, INC.",1531,1-LAF,10-K,20251231,Y
799850,CRMT,AMERICAS CARMART INC,5500,2-ACC,10-Q,20260131,Y
800457,DGICA,DONEGAL GROUP INC,6331,2-ACC,10-K,20251231,Y
801337,WBS,WEBSTER FINANCIAL CORP,6021,1-LAF,10-K,20251231,Y
802481,PPC,PILGRIMS PRIDE CORP,2015,1-LAF,10-K,20251231,Y
803097,SPQS,"SPORTSQUEST, INC.",7900,4-NON,10-K,20251231,Y
803164,COFS,CHOICEONE FINANCIAL SERVICES INC,6022,2-ACC,10-K,20251231,Y
803578,AIFF,"FIREFLY NEUROSCIENCE, INC.",7372,4-NON,10-K,20251231,Y
804269,,"GENERAL MOTORS FINANCIAL COMPANY, INC.",6199,4-NON,10-K,20251231,N
804328,QCOM,QUALCOMM INC/DE,3663,1-LAF,10-Q,20251231,Y
805676,PRK,PARK NATIONAL CORP /OH/,6021,1-LAF,10-K,20251231,Y
805928,AXGN,"AXOGEN, INC.",3845,2-ACC,10-K,20251231,Y
806172,SOTK,SONO TEK CORP,3559,4-NON,10-Q,20251130,Y
806968,WPP,WPP PLC,7311,1-LAF,20-F,20251231,Y
807863,MITK,MITEK SYSTEMS INC,3577,2-ACC,10-Q,20251231,Y
807882,JACK,JACK IN THE BOX INC,5812,1-LAF,10-Q,20260131,Y
808439,TATT,TAT TECHNOLOGIES LTD,3724,2-ACC,20-F,20251231,Y
810136,PLAB,PHOTRONICS INC,3674,1-LAF,10-Q,20260131,Y
810332,RJET,REPUBLIC AIRWAYS HOLDINGS INC.,4512,4-NON,10-K,20251231,Y
810958,CZNC,CITIZENS & NORTHERN CORP,6022,2-ACC,10-K,20251231,Y
811156,CMS,CMS ENERGY CORP,4931,1-LAF,10-K,20251231,Y
811222,CDIX,CARDIFF LEXINGTON CORP,8011,4-NON,10-K,20251231,Y
811589,FBNC,FIRST BANCORP /NC/,6022,1-LAF,10-K,20251231,Y
811596,KALU,KAISER ALUMINUM CORP,3350,1-LAF,10-K,20251231,Y
811641,ICCC,IMMUCELL CORP /DE/,2835,4-NON,10-K,20251231,Y
811830,,"SANTANDER HOLDINGS USA, INC.",6021,4-NON,10-K,20251231,N
812011,MTN,VAIL RESORTS INC,7990,1-LAF,10-Q,20260131,Y
812074,OI,"O-I GLASS, INC. /DE/",3221,1-LAF,10-K,20251231,Y
812796,SNGX,"SOLIGENIX, INC.",2834,4-NON,10-K,20251231,Y
813298,DXLG,"DESTINATION XL GROUP, INC.",5651,4-NON,10-K,20260131,Y
813672,CDNS,CADENCE DESIGN SYSTEMS INC,7372,1-LAF,10-K,20251231,Y
813762,IEP,ICAHN ENTERPRISES L.P.,2911,1-LAF,10-K,20251231,Y
814453,NWL,NEWELL BRANDS INC.,3089,1-LAF,10-K,20251231,Y
814547,FICO,FAIR ISAAC CORP,7389,1-LAF,10-Q,20251231,Y
814585,MBI,MBIA INC,6351,2-ACC,10-K,20251231,Y
814586,LWAY,"LIFEWAY FOODS, INC.",2020,4-NON,10-K,20251231,Y
814676,CPSH,CPS TECHNOLOGIES CORP/DE/,3260,4-NON,10-K,20251231,Y
815097,CCL,CARNIVAL CORP,4400,1-LAF,10-Q,20260228,Y
815556,FAST,FASTENAL CO,5200,1-LAF,10-K,20251231,Y
815917,,JONES FINANCIAL COMPANIES LLLP,6211,4-NON,10-K,20251231,N
816761,TDC,TERADATA CORP /DE/,7372,1-LAF,10-K,20251231,Y
816956,CNMD,CONMED CORP,3845,1-LAF,10-K,20251231,Y
817720,SYNA,SYNAPTICS INC,3674,1-LAF,10-Q,20251231,Y
818033,HRTX,"HERON THERAPEUTICS, INC. /DE/",2834,2-ACC,10-K,20251231,Y
818479,XRAY,DENTSPLY SIRONA INC.,3843,1-LAF,10-K,20251231,Y
818677,SFDL,SECURITY FEDERAL CORP,6022,4-NON,10-K,20251231,Y
818686,TEVA,TEVA PHARMACEUTICAL INDUSTRIES LTD,2834,1-LAF,10-K,20251231,Y
819793,AIN,ALBANY INTERNATIONAL CORP /DE/,2221,1-LAF,10-K,20251231,Y
820027,AMP,AMERIPRISE FINANCIAL INC,6282,1-LAF,10-K,20251231,Y
820313,APH,AMPHENOL CORP /DE/,3678,1-LAF,10-K,20251231,Y
820318,COHR,COHERENT CORP.,3827,1-LAF,10-Q,20251231,Y
820771,GFMH,GOLIATH FILM & MEDIA HOLDINGS,7822,4-NON,10-Q,20260131,Y
821002,GIII,G III APPAREL GROUP LTD /DE/,2300,1-LAF,10-K,20260131,Y
821026,ANDE,"ANDERSONS, INC.",5150,1-LAF,10-K,20251231,Y
821130,AD,"ARRAY DIGITAL INFRASTRUCTURE, INC.",4812,1-LAF,10-K,20251231,Y
821189,EOG,EOG RESOURCES INC,1311,1-LAF,10-K,20251231,Y
821483,PARR,"PAR PACIFIC HOLDINGS, INC.",1311,1-LAF,10-K,20251231,Y
822370,EMMA,"EMMAUS LIFE SCIENCES, INC.",2834,4-NON,10-K,20251231,Y
822416,PHM,PULTEGROUP INC/MI/,1531,1-LAF,10-K,20251231,Y
822663,IPAR,INTERPARFUMS INC,2844,1-LAF,10-K,20251231,Y
822818,CLH,CLEAN HARBORS INC,4955,1-LAF,10-K,20251231,Y
823277,CHSCP,CHS INC,5150,4-NON,10-Q,20251130,Y
823768,WM,WASTE MANAGEMENT INC,4953,1-LAF,10-K,20251231,Y
824142,AAON,"AAON, INC.",3585,1-LAF,10-K,20251231,Y
824416,QPRC,QUEST PATENT RESEARCH CORP,5190,4-NON,10-K,20251231,Y
825313,AB,ALLIANCEBERNSTEIN HOLDING L.P.,6282,1-LAF,10-K,20251231,Y
825324,GTIM,GOOD TIMES RESTAURANTS INC.,5812,4-NON,10-Q,20251231,Y
825542,SMG,SCOTTS MIRACLE-GRO CO,2870,1-LAF,10-Q,20251231,Y
826154,ORRF,ORRSTOWN FINANCIAL SERVICES INC,6022,2-ACC,10-K,20251231,Y
826253,AUSI,AURA SYSTEMS INC,3690,4-NON,10-Q,20251130,Y
826675,DX,DYNEX CAPITAL INC,6798,1-LAF,10-K,20251231,Y
827052,EIX,EDISON INTERNATIONAL,4911,1-LAF,10-K,20251231,Y
827054,MCHP,MICROCHIP TECHNOLOGY INC,3674,1-LAF,10-Q,20251231,Y
827099,CPWR,OCEAN THERMAL ENERGY CORP,4931,4-NON,10-K,20251231,Y
827187,SNBRQ,SLEEP NUMBER CORP,2510,2-ACC,10-K,20251231,Y
827876,CLSK,"CLEANSPARK, INC.",6199,1-LAF,10-Q,20251231,Y
828146,LINK,INTERLINK ELECTRONICS INC,3577,4-NON,10-K,20251231,Y
828530,,ADMIRAL FINANCIAL CORP,6035,4-NON,10-Q,20251231,N
828944,WSFS,WSFS FINANCIAL CORP,6021,1-LAF,10-K,20251231,Y
829224,SBUX,STARBUCKS CORP,5810,1-LAF,10-Q,20251231,Y
829323,INUV,"INUVO, INC.",7310,4-NON,10-K,20251231,Y
829365,NTPIF,NAM TAI PROPERTY INC.,6500,2-ACC,20-F,20241231,Y
830616,SCIA,"SCI ENGINEERED MATERIALS, INC.",3620,4-NON,10-K,20251231,Y
831001,C,CITIGROUP INC,6021,1-LAF,10-K,20251231,Y
831259,FCX,FREEPORT-MCMORAN INC,1000,1-LAF,10-K,20251231,Y
831378,,LVPAI GROUP LTD,6799,4-NON,10-Q,20251031,N
831489,,SCORES HOLDING CO INC,7900,4-NON,10-Q,20240331,N
831641,TTEK,TETRA TECH INC,8711,1-LAF,10-Q,20251231,Y
832101,IEX,IDEX CORP /DE/,3561,1-LAF,10-K,20251231,Y
832428,SSP,E.W. SCRIPPS CO,4833,2-ACC,10-K,20251231,Y
832480,UTGN,UTG INC,6311,4-NON,10-K,20251231,Y
832988,SIG,SIGNET JEWELERS LTD,5944,1-LAF,10-K,20260131,Y
833079,MTH,MERITAGE HOMES CORP,1531,1-LAF,10-K,20251231,Y
833444,JCI,JOHNSON CONTROLS INTERNATIONAL PLC,3585,1-LAF,10-Q,20251231,Y
833640,POWI,POWER INTEGRATIONS INC,3674,1-LAF,10-K,20251231,Y
834071,,TOYOTA MOTOR CREDIT CORP,6141,4-NON,10-Q,20251231,N
834365,BLFS,BIOLIFE SOLUTIONS INC,3845,1-LAF,10-K,20251231,Y
835011,MGPI,MGP INGREDIENTS INC,5180,2-ACC,10-K,20251231,Y
835324,SYBT,"STOCK YARDS BANCORP, INC.",6022,1-LAF,10-K,20251231,Y
836157,LNN,LINDSAY CORP,3523,1-LAF,10-Q,20251130,Y
836690,ISSC,INNOVATIVE SOLUTIONS & SUPPORT INC,7371,4-NON,10-Q,20251231,Y
837010,,VOYA RETIREMENT INSURANCE & ANNUITY CO,6311,4-NON,10-K,20251231,N
837465,CALY,CALLAWAY GOLF CO,3949,1-LAF,10-K,20251231,Y
838875,WVVI,WILLAMETTE VALLEY VINEYARDS INC,2080,4-NON,10-K,20251231,Y
839087,VASO,VASO CORP,3845,4-NON,10-K,20251231,Y
839470,WWR,"WESTWATER RESOURCES, INC.",1000,4-NON,10-K,20251231,Y
840489,FCFS,"FIRSTCASH HOLDINGS, INC.",5900,1-LAF,10-K,20251231,Y
840715,CLRO,CLEARONE INC,3661,4-NON,10-K,20251231,Y
842023,TECH,BIO-TECHNE CORP,2836,1-LAF,10-Q,20251231,Y
842162,LEA,LEAR CORP,3714,1-LAF,10-K,20251231,Y
842180,BBVA,"BANCO BILBAO VIZCAYA ARGENTARIA, S.A.",6029,1-LAF,20-F,20251231,Y
842517,ISBA,ISABELLA BANK CORP,6022,2-ACC,10-K,20251231,Y
842633,TRS,TRIMAS CORP,3460,1-LAF,10-K,20251231,Y
842717,BRBS,"BLUE RIDGE BANKSHARES, INC.",6022,2-ACC,10-K,20251231,Y
843006,ACCS,ACCESS NEWSWIRE INC.,8742,4-NON,10-K,20251231,Y
844150,NWG,NATWEST GROUP PLC,6029,1-LAF,20-F,20251231,Y
844551,WDS,WOODSIDE ENERGY GROUP LTD,1311,1-LAF,20-F,20251231,Y
844856,HCMC,HEALTHIER CHOICES MANAGEMENT CORP.,2100,4-NON,10-K,20251231,Y
844965,TTI,TETRA TECHNOLOGIES INC,1311,2-ACC,10-K,20251231,Y
844985,POSC,POSITRON CORP,3845,4-NON,10-K,20251231,Y
845385,PIAC,PRINCETON CAPITAL CORP,,4-NON,10-K,20251231,Y
845698,,GRANT PARK FUTURES FUND LIMITED PARTNERSHIP,6221,4-NON,10-K,20251231,N
845877,AGM,FEDERAL AGRICULTURAL MORTGAGE CORP,6111,1-LAF,10-K,20251231,Y
845982,SNN,SMITH & NEPHEW PLC,3842,1-LAF,20-F,20251231,Y
846617,DCOM,"DIME COMMUNITY BANCSHARES, INC. /NY/",6021,1-LAF,10-K,20251231,Y
846913,FTEK,"FUEL TECH, INC.",3564,4-NON,10-K,20251231,Y
849145,HGBL,HERITAGE GLOBAL INC.,7389,4-NON,10-K,20251231,Y
849146,LFVN,LIFEVANTAGE CORP,2834,2-ACC,10-Q,20251231,Y
849395,CRH,CRH PUBLIC LTD CO,3241,1-LAF,10-K,20251231,Y
849399,GEN,GEN DIGITAL INC.,7372,1-LAF,10-Q,20251231,Y
849401,ADMT,"ADM TRONICS UNLIMITED, INC.",3845,4-NON,10-Q,20251231,Y
849869,SLGN,SILGAN HOLDINGS INC,3411,1-LAF,10-K,20251231,Y
850141,HMN,HORACE MANN EDUCATORS CORP /DE/,6331,1-LAF,10-K,20251231,Y
850429,TG,TREDEGAR CORP,3350,2-ACC,10-K,20251231,Y
851205,CGNX,COGNEX CORP,3823,1-LAF,10-K,20251231,Y
851310,HLIT,HARMONIC INC.,3663,1-LAF,10-K,20251231,Y
851520,EXPO,EXPONENT INC,8742,1-LAF,10-K,20251231,Y
851968,MHK,MOHAWK INDUSTRIES INC,2273,1-LAF,10-K,20251231,Y
853816,LSTR,LANDSTAR SYSTEM INC,4213,1-LAF,10-K,20251231,Y
854560,GSBC,"GREAT SOUTHERN BANCORP, INC.",6022,2-ACC,10-K,20251231,Y
854775,DGII,DIGI INTERNATIONAL INC,3576,1-LAF,10-Q,20251231,Y
855658,LSCC,LATTICE SEMICONDUCTOR CORP,3674,1-LAF,10-K,20251231,Y
855683,MLSS,MILESTONE SCIENTIFIC INC.,3842,4-NON,10-K,20251231,Y
856982,MMSI,MERIT MEDICAL SYSTEMS INC,3841,1-LAF,10-K,20251231,Y
856984,USAQ,"QHSLAB, INC.",3841,4-NON,10-K,20251231,Y
857005,PTC,PTC INC.,7372,1-LAF,10-Q,20251231,Y
857855,UCB,UNITED COMMUNITY BANKS INC,6022,1-LAF,10-K,20251231,Y
858446,IHG,INTERCONTINENTAL HOTELS GROUP PLC /NEW/,7011,1-LAF,20-F,20251231,Y
858470,,COTERRA ENERGY INC.,1311,1-LAF,10-K,20251231,N
858877,CSCO,"CISCO SYSTEMS, INC.",3576,1-LAF,10-Q,20260131,Y
859070,FCBC,FIRST COMMUNITY BANKSHARES INC /VA/,6022,2-ACC,10-K,20251231,Y
859737,,HOLOGIC INC,3844,1-LAF,10-Q,20251231,N
860413,FIBK,FIRST INTERSTATE BANCSYSTEM INC,6022,1-LAF,10-K,20251231,Y
860546,CDP,COPT DEFENSE PROPERTIES,6798,1-LAF,10-K,20251231,Y
860730,HCA,"HCA HEALTHCARE, INC.",8062,1-LAF,10-K,20251231,Y
860731,TYL,TYLER TECHNOLOGIES INC,7372,1-LAF,10-K,20251231,Y
860748,KMPR,KEMPER CORP,6331,1-LAF,10-K,20251231,Y
861441,,LOCORR FUTURES PORTFOLIO FUND L.P.,6221,4-NON,10-K,20251231,N
861459,GVA,GRANITE CONSTRUCTION INC,1600,1-LAF,10-K,20251231,Y
861842,CATY,CATHAY GENERAL BANCORP,6022,1-LAF,10-K,20251231,Y
861884,RS,"RELIANCE, INC.",5051,1-LAF,10-K,20251231,Y
862651,INVU,"INVESTVIEW, INC.",7389,4-NON,10-K,20251231,Y
862668,ESMC,ESCALON MEDICAL CORP,3845,4-NON,10-Q,20251231,Y
862692,CCEL,CRYO CELL INTERNATIONAL INC,8090,4-NON,10-K,20251130,Y
862831,FISI,FINANCIAL INSTITUTIONS INC,6021,2-ACC,10-K,20251231,Y
862861,AIFC,ALT5 SIGMA CORP,6221,4-NON,10-Q,20250930,Y
863064,RIO,RIO TINTO PLC,1000,1-LAF,20-F,20251231,Y
863110,ARTNA,ARTESIAN RESOURCES CORP,4941,2-ACC,10-K,20251231,Y
863436,BHE,BENCHMARK ELECTRONICS INC,3672,1-LAF,10-K,20251231,Y
863894,VERU,VERU INC.,2834,4-NON,10-Q,20251231,Y
864240,SYPR,SYPRIS SOLUTIONS INC,3823,4-NON,10-K,20251231,Y
864270,,AMERICAN HONDA FINANCE CORP,6141,4-NON,10-Q,20251231,N
864749,TRMB,TRIMBLE INC.,3829,1-LAF,10-K,20251231,Y
865752,MNST,MONSTER BEVERAGE CORP,2086,1-LAF,10-K,20251231,Y
866273,MTRX,MATRIX SERVICE CO,1700,2-ACC,10-Q,20251231,Y
866291,ALGM,"ALLEGRO MICROSYSTEMS, INC.",3674,1-LAF,10-Q,20251231,Y
866374,FLEX,FLEX LTD.,3672,1-LAF,10-Q,20251231,Y
866706,ESE,ESCO TECHNOLOGIES INC,3669,1-LAF,10-Q,20251231,Y
866729,SCHL,SCHOLASTIC CORP,2731,1-LAF,10-Q,20260228,Y
866787,AZO,AUTOZONE INC,5531,1-LAF,10-Q,20260131,Y
866829,HLX,HELIX ENERGY SOLUTIONS GROUP INC,1389,1-LAF,10-K,20251231,Y
867840,POCI,"PRECISION OPTICS CORPORATION, INC.",3845,4-NON,10-Q,20251231,Y
868082,,EVERFLOW EASTERN PARTNERS LP,1311,4-NON,10-K,20251231,N
868671,GBCI,"GLACIER BANCORP, INC.",6022,1-LAF,10-K,20251231,Y
868675,TU,TELUS CORP,4812,,40-F,20251231,Y
868780,DORM,"DORMAN PRODUCTS, INC.",3714,1-LAF,10-K,20251231,Y
868857,ACM,AECOM,8711,1-LAF,10-Q,20251231,Y
871763,MAN,MANPOWERGROUP INC.,7363,1-LAF,10-K,20251231,Y
872589,REGN,"REGENERON PHARMACEUTICALS, INC.",2834,1-LAF,10-K,20251231,Y
872912,DCTH,"DELCATH SYSTEMS, INC.",3841,4-NON,10-K,20251231,Y
873303,SRPT,"SAREPTA THERAPEUTICS, INC.",2834,1-LAF,10-K,20251231,Y
873860,ONIT,ONITY GROUP INC.,6162,2-ACC,10-K,20251231,Y
874015,IONS,IONIS PHARMACEUTICALS INC,2834,1-LAF,10-K,20251231,Y
874238,STRL,"STERLING INFRASTRUCTURE, INC.",1600,1-LAF,10-K,20251231,Y
874396,LCUT,"LIFETIME BRANDS, INC",3420,2-ACC,10-K,20251231,Y
874499,GPOR,GULFPORT ENERGY CORP,1311,1-LAF,10-K,20251231,Y
874501,OSG,OCTAVE SPECIALTY GROUP INC,6351,2-ACC,10-K,20251231,Y
874716,IDXX,IDEXX LABORATORIES INC /DE,2835,1-LAF,10-K,20251231,Y
874761,AES,AES CORP,4991,1-LAF,10-K,20251231,Y
874766,HIG,"HARTFORD INSURANCE GROUP, INC.",6331,1-LAF,10-K,20251231,Y
874866,CRVL,CORVEL CORP,6411,1-LAF,10-Q,20251231,Y
875045,BIIB,BIOGEN INC.,2836,1-LAF,10-K,20251231,Y
875320,VRTX,VERTEX PHARMACEUTICALS INC / MA,2834,1-LAF,10-K,20251231,Y
875355,TULP,"BLOOMIA HOLDINGS, INC.",0100,4-NON,10-Q,20251231,Y
875357,BOKF,BOK FINANCIAL CORP,6021,1-LAF,10-K,20251231,Y
875582,NTIC,NORTHERN TECHNOLOGIES INTERNATIONAL CORP,3470,4-NON,10-Q,20251130,Y
875657,ULBI,ULTRALIFE CORP,3690,2-ACC,10-K,20251231,Y
875729,BNET,BION ENVIRONMENTAL TECHNOLOGIES INC,2870,4-NON,10-Q,20251231,Y
876167,PRGS,PROGRESS SOFTWARE CORP /MA,7372,1-LAF,10-Q,20260228,Y
876343,LCTX,"LINEAGE CELL THERAPEUTICS, INC.",2836,4-NON,10-K,20251231,Y
876427,MNRO,"MONRO, INC.",7500,1-LAF,10-Q,20251231,Y
876437,MTG,MGIC INVESTMENT CORP,6351,1-LAF,10-K,20251231,Y
876523,EZPW,EZCORP INC,5900,2-ACC,10-Q,20251231,Y
876883,STGW,STAGWELL INC,7311,2-ACC,10-K,20251231,Y
877212,ZBRA,ZEBRA TECHNOLOGIES CORP,3560,1-LAF,10-K,20251231,Y
877860,NHI,NATIONAL HEALTH INVESTORS INC,6798,1-LAF,10-K,20251231,Y
878518,TGB,TASEKO MINES LTD,1040,,40-F,20251231,Y
878927,ODFL,"OLD DOMINION FREIGHT LINE, INC.",4213,1-LAF,10-K,20251231,Y
879101,KIM,KIMCO REALTY CORP,6798,1-LAF,10-K,20251231,Y
879169,INCY,INCYTE CORP,8731,1-LAF,10-K,20251231,Y
879407,ARWR,"ARROWHEAD PHARMACEUTICALS, INC.",2834,1-LAF,10-Q,20251231,Y
879526,WNC,WABASH NATIONAL CORP,3715,2-ACC,10-K,20251231,Y
879585,ATNI,"ATN INTERNATIONAL, INC.",4813,2-ACC,10-K,20251231,Y
879635,MPB,MID PENN BANCORP INC,6022,2-ACC,10-K,20251231,Y
879764,TTE,TOTALENERGIES SE,1311,1-LAF,20-F,20251231,Y
879911,AERG,"APPLIED ENERGETICS, INC.",3812,4-NON,10-K,20251231,Y
880117,JBSS,SANFILIPPO JOHN B & SON INC,2060,1-LAF,10-Q,20251231,Y
880242,BLGO,"BIOLARGO, INC.",2800,4-NON,10-K,20251231,Y
880266,AGCO,AGCO CORP /DE,3523,1-LAF,10-K,20251231,Y
880417,CSBB,"CSB BANCORP, INC.",6022,4-NON,10-K,20251231,Y
880631,WT,"WISDOMTREE, INC.",6211,1-LAF,10-K,20251231,Y
880641,EFSI,EAGLE FINANCIAL SERVICES INC,6022,2-ACC,10-K,20251231,Y
880807,AMSC,AMERICAN SUPERCONDUCTOR CORP /DE/,3621,1-LAF,10-Q,20251231,Y
880984,ACFN,"ACORN ENERGY, INC.",8711,4-NON,10-K,20251231,Y
881453,,FORTITUDE LIFE INSURANCE & ANNUITY CO,6399,4-NON,10-K,20251231,N
882095,GILD,"GILEAD SCIENCES, INC.",2836,1-LAF,10-K,20251231,Y
882184,DHI,HORTON D R INC /DE/,1531,1-LAF,10-Q,20251231,Y
882291,AEMD,AETHLON MEDICAL INC,3841,4-NON,10-Q,20251231,Y
882361,APTOF,APTOSE BIOSCIENCES INC.,2836,4-NON,10-K,20251231,Y
882508,QUIK,QUICKLOGIC CORP,3674,4-NON,10-K,20251231,Y
882796,BCRX,BIOCRYST PHARMACEUTICALS INC,2836,1-LAF,10-K,20251231,Y
882835,ROP,ROPER TECHNOLOGIES INC,3823,1-LAF,10-K,20251231,Y
883107,SLSN,"SOLESENCE, INC.",2844,4-NON,10-K,20251231,Y
883237,VRTS,"VIRTUS INVESTMENT PARTNERS, INC.",6282,1-LAF,10-K,20251231,Y
883241,SNPS,SYNOPSYS INC,7372,1-LAF,10-Q,20260131,Y
883569,FOSL,"FOSSIL GROUP, INC.",3873,2-ACC,10-K,20251231,Y
883902,,"CORNERSTONE BUILDING BRANDS, INC.",3448,4-NON,10-K,20251231,N
883948,AUB,ATLANTIC UNION BANKSHARES CORP,6022,1-LAF,10-K,20251231,Y
883975,MBOT,MICROBOT MEDICAL INC.,3841,4-NON,10-K,20251231,Y
883984,ICUI,ICU MEDICAL INC/DE,3841,1-LAF,10-K,20251231,Y
884144,ASUR,ASURE SOFTWARE INC,7373,2-ACC,10-K,20251231,Y
884219,PRSU,"PURSUIT ATTRACTIONS & HOSPITALITY, INC.",7990,2-ACC,10-K,20251231,Y
884269,APT,ALPHA PRO TECH LTD,3842,4-NON,10-K,20251231,Y
884614,UGI,UGI CORP /PA/,4932,1-LAF,10-Q,20251231,Y
884624,OFIX,ORTHOFIX MEDICAL INC.,3841,2-ACC,10-K,20251231,Y
884650,,INFINITE GROUP INC,7372,4-NON,10-Q,20250331,N
884887,RCL,ROYAL CARIBBEAN CRUISES LTD,4400,1-LAF,10-K,20251231,Y
885275,WBHC,WILSON BANK HOLDING CO,6021,1-LAF,10-K,20251231,Y
885307,JCTC,JEWETT CAMERON TRADING CO LTD,5211,4-NON,10-Q,20251130,Y
885508,STRS,STRATUS PROPERTIES INC,6552,4-NON,10-K,20251231,Y
885550,CACC,CREDIT ACCEPTANCE CORP,6141,1-LAF,10-K,20251231,Y
885568,,OLD DOMINION ELECTRIC COOPERATIVE,4911,4-NON,10-K,20251231,N
885590,BHC,BAUSCH HEALTH COMPANIES INC.,2834,1-LAF,10-K,20251231,Y
885639,KSS,KOHLS CORP,5311,1-LAF,10-K,20260131,Y
885725,BSX,BOSTON SCIENTIFIC CORP,3841,1-LAF,10-K,20251231,Y
885978,USPH,U S PHYSICAL THERAPY INC /NV,8000,1-LAF,10-K,20251231,Y
886128,FCEL,FUELCELL ENERGY INC,3620,2-ACC,10-Q,20260131,Y
886163,LGND,LIGAND PHARMACEUTICALS INC,2834,1-LAF,10-K,20251231,Y
886206,FC,FRANKLIN COVEY CO,8741,2-ACC,10-Q,20251130,Y
886346,KAI,KADANT INC,3550,1-LAF,10-K,20251231,Y
886744,GERN,GERON CORP,2834,1-LAF,10-K,20251231,Y
886977,MEOH,METHANEX CORP,2860,,40-F,20251231,Y
886982,GS,GOLDMAN SACHS GROUP INC,6211,1-LAF,10-K,20251231,Y
886986,TECK,TECK RESOURCES LTD,1400,,40-F,20251231,Y
887343,COLB,"COLUMBIA BANKING SYSTEM, INC.",6022,1-LAF,10-K,20251231,Y
887359,VCEL,VERICEL CORP,2836,1-LAF,10-K,20251231,Y
887396,EP,EMPIRE PETROLEUM CORP,1311,4-NON,10-K,20251231,Y
887596,CAKE,CHEESECAKE FACTORY INC,5812,1-LAF,10-K,20251231,Y
887733,CENT,CENTRAL GARDEN & PET CO,5190,1-LAF,10-Q,20251231,Y
887905,LTC,LTC PROPERTIES INC,6798,1-LAF,10-K,20251231,Y
887936,FCN,"FTI CONSULTING, INC",8742,1-LAF,10-K,20251231,Y
888471,,NESTOR PARTNERS,6221,4-NON,10-K,20251231,N
888491,OHI,OMEGA HEALTHCARE INVESTORS INC,6798,1-LAF,10-K,20251231,Y
888981,NNUP,NOCOPI TECHNOLOGIES INC/MD/,3944,4-NON,10-K,20251231,Y
889331,LFUS,LITTELFUSE INC /DE,3613,1-LAF,10-K,20251231,Y
889348,CVU,CPI AEROSTRUCTURES INC,3728,4-NON,10-K,20251231,Y
889609,CPSS,"CONSUMER PORTFOLIO SERVICES, INC.",6199,2-ACC,10-K,20251231,Y
889900,PTEN,PATTERSON UTI ENERGY INC,1381,1-LAF,10-K,20251231,Y
889971,LPTH,LIGHTPATH TECHNOLOGIES INC,3674,4-NON,10-Q,20251231,Y
890394,PRSO,PERASO INC.,3674,4-NON,10-K,20251231,Y
890564,EFOR,ASGN INC,7363,1-LAF,10-K,20251231,Y
890746,,VIDEOTRON LTEE,4841,4-NON,20-F,20251231,N
890821,ENVB,"ENVERIC BIOSCIENCES, INC.",2834,4-NON,10-K,20251231,Y
890926,RDN,RADIAN GROUP INC,6351,1-LAF,10-K,20251231,Y
891014,MTX,MINERALS TECHNOLOGIES INC,2810,1-LAF,10-K,20251231,Y
891103,MTCH,"MATCH GROUP, INC.",7370,1-LAF,10-K,20251231,Y
891166,UVE,"UNIVERSAL INSURANCE HOLDINGS, INC.",6331,1-LAF,10-K,20251231,Y
891478,SAN,"BANCO SANTANDER, S.A.",6029,1-LAF,20-F,20251231,Y
891482,FLL,FULL HOUSE RESORTS INC,7011,2-ACC,10-K,20251231,Y
891532,PESI,PERMA FIX ENVIRONMENTAL SERVICES INC,4955,4-NON,10-K,20251231,Y
892553,,CHART INDUSTRIES INC,3443,1-LAF,10-K,20251231,N
893538,SM,SM ENERGY CO,1311,1-LAF,10-K,20251231,Y
893847,HWBK,"HAWTHORN BANCSHARES, INC.",6021,2-ACC,10-K,20251231,Y
893949,MD,"PEDIATRIX MEDICAL GROUP, INC.",8060,1-LAF,10-K,20251231,Y
894158,TOVX,"THERIVA BIOLOGICS, INC.",2834,4-NON,10-K,20251231,Y
894315,SITC,SITE CENTERS CORP.,6798,1-LAF,10-K,20251231,Y
894405,ARCB,ARCBEST CORP /DE/,4213,1-LAF,10-K,20251231,Y
894501,GRHI,"GOLD ROCK HOLDINGS, INC.",7373,4-NON,10-K,20251231,Y
894556,CITR,CITROTECH INC.,2800,4-NON,10-K,20251231,Y
894627,EGY,VAALCO ENERGY INC /DE/,1311,2-ACC,10-K,20251231,Y
894671,OVBC,OHIO VALLEY BANC CORP,6022,4-NON,10-K,20251231,Y
894871,AREN,"ARENA GROUP HOLDINGS, INC.",4841,2-ACC,10-K,20251231,Y
895126,EXE,EXPAND ENERGY CORP,1311,1-LAF,10-K,20251231,Y
895417,ELS,EQUITY LIFESTYLE PROPERTIES INC,6798,1-LAF,10-K,20251231,Y
895419,WOLF,"WOLFSPEED, INC.",3674,1-LAF,10-Q,20251231,Y
895421,MS,MORGAN STANLEY,6211,1-LAF,10-K,20251231,Y
895447,SHOE,SHOE CARNIVAL INC,5661,2-ACC,10-K,20260131,Y
895456,RCKY,"ROCKY BRANDS, INC.",3140,2-ACC,10-K,20251231,Y
895464,YBGJ,YUBO INTERNATIONAL BIOTECH LTD,3845,4-NON,10-K,20251231,Y
895728,ENB,ENBRIDGE INC,4610,1-LAF,10-K,20251231,Y
896156,ETD,ETHAN ALLEN INTERIORS INC,2511,1-LAF,10-Q,20251231,Y
896159,CB,CHUBB LTD,6331,1-LAF,10-K,20251231,Y
896264,USNA,USANA HEALTH SCIENCES INC,2833,2-ACC,10-K,20251231,Y
896429,,"CANTALOUPE, INC.",3578,2-ACC,10-Q,20251231,N
896622,ATR,"APTARGROUP, INC.",3089,1-LAF,10-K,20251231,Y
896878,INTU,INTUIT INC.,7372,1-LAF,10-Q,20260131,Y
897077,ALG,ALAMO GROUP INC,3523,1-LAF,10-K,20251231,Y
897322,GILT,GILAT SATELLITE NETWORKS LTD,3663,2-ACC,20-F,20251231,Y
897448,AMRN,AMARIN CORP PLCUK,2834,2-ACC,10-K,20251231,Y
897723,SANM,SANMINA CORP,3672,1-LAF,10-Q,20251231,Y
898171,UWHR,UWHARRIE CAPITAL CORP,6022,4-NON,10-K,20251231,Y
898173,ORLY,O REILLY AUTOMOTIVE INC,5531,1-LAF,10-K,20251231,Y
898174,RGA,REINSURANCE GROUP OF AMERICA INC,6311,1-LAF,10-K,20251231,Y
898293,JBL,JABIL INC,3672,1-LAF,10-Q,20251130,Y
898437,ANIK,"ANIKA THERAPEUTICS, INC.",3841,2-ACC,10-K,20251231,Y
899051,ALL,ALLSTATE CORP,6331,1-LAF,10-K,20251231,Y
899460,MNKD,MANNKIND CORP,2834,1-LAF,10-K,20251231,Y
899629,AKR,ACADIA REALTY TRUST,6798,1-LAF,10-K,20251231,Y
899689,VNO,VORNADO REALTY TRUST,6798,1-LAF,10-K,20251231,Y
899715,SKT,TANGER INC.,6798,1-LAF,10-K,20251231,Y
899751,TWI,TITAN INTERNATIONAL INC,3312,2-ACC,10-K,20251231,Y
899923,MYGN,MYRIAD GENETICS INC,2835,2-ACC,10-K,20251231,Y
900075,CPRT,COPART INC,5500,1-LAF,10-Q,20260131,Y
901491,PZZA,PAPA JOHNS INTERNATIONAL INC,5812,1-LAF,10-K,20251231,Y
901832,AZN,ASTRAZENECA PLC,2834,1-LAF,20-F,20251231,Y
902791,BBSI,BARRETT BUSINESS SERVICES INC,7363,1-LAF,10-K,20251231,Y
903129,THRM,GENTHERM INC,3714,1-LAF,10-K,20251231,Y
903419,ALRS,ALERUS FINANCIAL CORP,6021,2-ACC,10-K,20251231,Y
903651,INOD,INNODATA INC,7374,4-NON,10-K,20251231,Y
904851,YPF,YPF SOCIEDAD ANONIMA,2911,1-LAF,20-F,20251231,Y
906107,EQR,EQUITY RESIDENTIAL,6798,1-LAF,10-K,20251231,Y
906163,NVR,NVR INC,1531,1-LAF,10-K,20251231,Y
906345,CPT,CAMDEN PROPERTY TRUST,6798,1-LAF,10-K,20251231,Y
906465,QCRH,QCR HOLDINGS INC,6022,1-LAF,10-K,20251231,Y
906553,BYD,BOYD GAMING CORP,7011,1-LAF,10-K,20251231,Y
906709,NKTR,NEKTAR THERAPEUTICS,2834,4-NON,10-K,20251231,Y
907242,MCRI,MONARCH CASINO & RESORT INC,7011,1-LAF,10-K,20251231,Y
907254,BFS,"SAUL CENTERS, INC.",6798,2-ACC,10-K,20251231,Y
907471,CASH,"PATHWARD FINANCIAL, INC.",6021,1-LAF,10-Q,20251231,Y
907654,ORKA,"ORUKA THERAPEUTICS, INC.",2834,4-NON,10-K,20251231,Y
908255,BWA,BORGWARNER INC,3714,1-LAF,10-K,20251231,Y
908311,CMCT,CREATIVE MEDIA & COMMUNITY TRUST CORP,6798,4-NON,10-K,20251231,Y
908315,WINA,WINMARK CORP,5900,1-LAF,10-K,20251231,Y
908937,SIRI,SIRIUS XM HOLDINGS INC.,4832,1-LAF,10-K,20251231,Y
909108,,DIAMOND HILL INVESTMENT GROUP INC,6282,2-ACC,10-K,20251231,N
909327,SUZ,SUZANO S.A.,2621,1-LAF,20-F,20251231,Y
909494,TCX,TUCOWS INC /PA/,7374,2-ACC,10-K,20251231,Y
909724,TLF,TANDY LEATHER FACTORY INC,3100,4-NON,10-K,20251231,Y
909832,COST,COSTCO WHOLESALE CORP /NEW,5331,1-LAF,10-Q,20260131,Y
910073,FLG,"FLAGSTAR BANK, NATIONAL ASSOCIATION",6036,1-LAF,10-K,20251231,Y
910108,LXP,LXP INDUSTRIAL TRUST,6798,1-LAF,10-K,20251231,Y
910329,MED,MEDIFAST INC,2090,2-ACC,10-K,20251231,Y
910406,HAIN,HAIN CELESTIAL GROUP INC,2000,2-ACC,10-Q,20251231,Y
910521,DECK,DECKERS OUTDOOR CORP,3021,1-LAF,10-Q,20251231,Y
910606,REG,REGENCY CENTERS CORP,6798,1-LAF,10-K,20251231,Y
910612,CBL,CBL & ASSOCIATES PROPERTIES INC,6798,2-ACC,10-K,20251231,Y
910638,DDD,3D SYSTEMS CORP,7372,2-ACC,10-K,20251231,Y
911147,CNTY,CENTURY CASINOS INC /CO/,7011,4-NON,10-K,20251231,Y
911177,CWST,CASELLA WASTE SYSTEMS INC,4953,1-LAF,10-K,20251231,Y
911216,PTN,PALATIN TECHNOLOGIES INC,2834,4-NON,10-Q,20251231,Y
911971,TK,TEEKAY CORP LTD,4412,2-ACC,20-F,20251231,Y
912061,NHTC,NATURAL HEALTH TRENDS CORP,5190,4-NON,10-K,20251231,Y
912093,VIAV,VIAVI SOLUTIONS INC.,3674,1-LAF,10-Q,20251231,Y
912242,MAC,MACERICH CO,6798,1-LAF,10-K,20251231,Y
912544,NSTM,NOVELSTEM INTERNATIONAL CORP.,5990,4-NON,10-K,20251231,Y
912562,ROCK,"GIBRALTAR INDUSTRIES, INC.",3310,1-LAF,10-K,20251231,Y
912593,SUI,SUN COMMUNITIES INC,6798,1-LAF,10-K,20251231,Y
912595,MAAI,MID AMERICA APARTMENT COMMUNITIES INC.,6798,1-LAF,10-K,20251231,Y
912728,FWRD,FORWARD AIR CORP,4731,2-ACC,10-K,20251231,Y
912766,LAUR,"LAUREATE EDUCATION, INC.",8200,1-LAF,10-K,20251231,Y
912767,UFPI,UFP INDUSTRIES INC,2421,1-LAF,10-K,20251231,Y
912958,TIGO,MILLICOM INTERNATIONAL CELLULAR SA,4812,1-LAF,20-F,20251231,Y
913142,BDC,BELDEN INC.,3357,1-LAF,10-K,20251231,Y
913144,RNR,RENAISSANCERE HOLDINGS LTD,6331,1-LAF,10-K,20251231,Y
913241,SHOO,"STEVEN MADDEN, LTD.",3140,1-LAF,10-K,20251231,Y
913277,CLAR,CLARUS CORP,3949,2-ACC,10-K,20251231,Y
913290,FRO,FRONTLINE PLC,4412,1-LAF,20-F,20251231,Y
913341,CFFI,C & F FINANCIAL CORP,6022,2-ACC,10-K,20251231,Y
913353,CIGI,COLLIERS INTERNATIONAL GROUP INC.,6500,,40-F,20251231,Y
913760,SNEX,STONEX GROUP INC.,6200,1-LAF,10-Q,20251231,Y
914139,PRKR,PARKERVISION INC,3663,4-NON,10-K,20251231,Y
914156,UFPT,UFP TECHNOLOGIES INC,3841,1-LAF,10-K,20251231,Y
914208,IVZ,INVESCO LTD.,6282,1-LAF,10-K,20251231,Y
914475,NBIX,NEUROCRINE BIOSCIENCES INC,2836,1-LAF,10-K,20251231,Y
914748,,EVEREST REINSURANCE HOLDINGS INC,6331,4-NON,10-K,20251231,N
915191,FRFHF,FAIRFAX FINANCIAL HOLDINGS LTD/ CAN,6331,,40-F,20251231,Y
915389,EMN,EASTMAN CHEMICAL CO,2821,1-LAF,10-K,20251231,Y
915779,DAKT,DAKTRONICS INC /SD/,3990,2-ACC,10-Q,20260131,Y
915840,BZH,BEAZER HOMES USA INC,1531,1-LAF,10-Q,20251231,Y
915912,AVB,AVALONBAY COMMUNITIES INC,6798,1-LAF,10-K,20251231,Y
915913,ALB,ALBEMARLE CORP,2821,1-LAF,10-K,20251231,Y
916076,MLM,MARTIN MARIETTA MATERIALS INC,1400,1-LAF,10-K,20251231,Y
916365,TSCO,TRACTOR SUPPLY CO /DE/,5200,1-LAF,10-K,20251231,Y
916540,DAR,DARLING INGREDIENTS INC.,2070,1-LAF,10-K,20251231,Y
916789,HELE,HELEN OF TROY LTD,3634,1-LAF,10-Q,20251130,Y
916907,SMBC,"SOUTHERN MISSOURI BANCORP, INC.",6036,2-ACC,10-Q,20251231,Y
917225,XPL,SOLITARIO RESOURCES CORP.,1040,4-NON,10-K,20251231,Y
917251,ADC,AGREE REALTY CORP,6798,1-LAF,10-K,20251231,Y
917273,RMBS,RAMBUS INC,3674,1-LAF,10-K,20251231,Y
917520,IART,INTEGRA LIFESCIENCES HOLDINGS CORP,3841,1-LAF,10-K,20251231,Y
917851,VALE,VALE S.A.,1000,1-LAF,20-F,20251231,Y
918251,MPAA,MOTORCAR PARTS OF AMERICA INC,3714,2-ACC,10-Q,20251231,Y
918541,NNBR,NN INC,3540,4-NON,10-K,20251231,Y
918573,GRVE,GROOVE BOTANICALS INC.,1311,4-NON,10-Q,20251231,Y
918608,EGO,ELDORADO GOLD CORP /FI,1040,,40-F,20251231,Y
918646,EXP,EAGLE MATERIALS INC,3241,1-LAF,10-Q,20251231,Y
918965,SCSC,"SCANSOURCE, INC.",5045,1-LAF,10-Q,20251231,Y
919012,AEO,AMERICAN EAGLE OUTFITTERS INC,5651,1-LAF,10-K,20260131,Y
919864,FNWD,FINWARD BANCORP,6035,4-NON,10-K,20251231,Y
920148,LH,LABCORP HOLDINGS INC.,8071,1-LAF,10-K,20251231,Y
920371,SSD,"SIMPSON MANUFACTURING CO., INC.",3420,1-LAF,10-K,20251231,Y
920427,UNTY,UNITY BANCORP INC /NJ/,6022,2-ACC,10-K,20251231,Y
920522,ESS,"ESSEX PROPERTY TRUST, INC.",6798,1-LAF,10-K,20251231,Y
920760,LEN,LENNAR CORP /NEW/,1520,1-LAF,10-K,20251130,Y
921082,HIW,"HIGHWOODS PROPERTIES, INC.",6798,1-LAF,10-K,20251231,Y
921114,ARMP,"ARMATA PHARMACEUTICALS, INC.",2836,4-NON,10-K,20251231,Y
921299,KYNB,"KYNTRA BIO, INC.",2834,4-NON,10-K,20251231,Y
921557,RBCAA,REPUBLIC BANCORP INC /KY/,6022,2-ACC,10-K,20251231,Y
921582,IMAX,IMAX CORP,3861,1-LAF,10-K,20251231,Y
921638,SSRM,SSR MINING INC.,6795,1-LAF,10-K,20251231,Y
921738,PENN,"PENN ENTERTAINMENT, INC.",7011,1-LAF,10-K,20251231,Y
921825,FR,FIRST INDUSTRIAL REALTY TRUST INC,6798,1-LAF,10-K,20251231,Y
922224,PPL,PPL CORP,4911,1-LAF,10-K,20251231,Y
922358,FGPR,FERRELLGAS PARTNERS L P,5900,4-NON,10-Q,20260131,Y
922621,ERIE,ERIE INDEMNITY CO,6411,1-LAF,10-K,20251231,Y
922864,AIV,APARTMENT INVESTMENT & MANAGEMENT CO,6798,1-LAF,10-K,20251231,Y
923120,GBX,GREENBRIER COMPANIES INC,3743,1-LAF,10-Q,20251130,Y
923139,,FLUSHING FINANCIAL CORP,6022,2-ACC,10-K,20251231,N
923796,GEO,GEO GROUP INC,1520,1-LAF,10-K,20251231,Y
924168,EFOI,"ENERGY FOCUS, INC/DE",3640,4-NON,10-K,20251231,Y
924383,GNSS,GENASYS INC.,3651,4-NON,10-Q,20251231,Y
924396,CRSF,CRISP MOMENTUM INC.,6199,4-NON,10-K,20250731,Y
924515,GTHP,GUIDED THERAPEUTICS INC,3845,4-NON,10-K,20251231,Y
924613,NOK,NOKIA CORP,3663,1-LAF,20-F,20251231,Y
924805,FRHC,FREEDOM HOLDING CORP.,6211,1-LAF,10-Q,20251231,Y
924822,MLR,MILLER INDUSTRIES INC /TN/,3713,2-ACC,10-K,20251231,Y
924901,,"VERIS RESIDENTIAL, INC.",6798,1-LAF,10-K,20251231,N
925528,HDSN,HUDSON TECHNOLOGIES INC /NY,5080,2-ACC,10-K,20251231,Y
925741,BCDA,"BIOCARDIA, INC.",2836,4-NON,10-K,20251231,Y
926282,ADTN,"ADTRAN HOLDINGS, INC.",3661,1-LAF,10-K,20251231,Y
926326,OMCL,"OMNICELL, INC.",3571,1-LAF,10-K,20251231,Y
926660,,"APARTMENT INCOME REIT, L.P.",6513,4-NON,10-K,20251231,N
927003,AEIS,ADVANCED ENERGY INDUSTRIES INC,3679,1-LAF,10-K,20251231,Y
927066,DVA,DAVITA INC.,8090,1-LAF,10-K,20251231,Y
927628,COF,CAPITAL ONE FINANCIAL CORP,6021,1-LAF,10-K,20251231,Y
927653,MCK,MCKESSON CORP,5122,1-LAF,10-Q,20251231,Y
928054,FTK,FLOTEK INDUSTRIES INC/CN/,2890,2-ACC,10-K,20251231,Y
928340,CWCO,CONSOLIDATED WATER CO. LTD.,4941,2-ACC,10-K,20251231,Y
928465,DIT,AMCON DISTRIBUTING CO,5141,4-NON,10-Q,20251231,Y
928658,CVLG,"COVENANT LOGISTICS GROUP, INC.",4213,2-ACC,10-K,20251231,Y
929008,WCC,WESCO INTERNATIONAL INC,5063,1-LAF,10-K,20251231,Y
929869,RELX,RELX PLC,7389,1-LAF,20-F,20251231,Y
930157,RTO,RENTOKIL INITIAL PLC /FI,8741,1-LAF,20-F,20251231,Y
930236,RWT,REDWOOD TRUST INC,6798,1-LAF,10-K,20251231,Y
930245,AASP,AGASSI SPORTS ENTERTAINMENT CORP.,5900,4-NON,10-K,20251231,Y
930420,KFRC,KFORCE INC,7363,1-LAF,10-K,20251231,Y
931015,PII,POLARIS INC.,3790,1-LAF,10-K,20251231,Y
931148,EAF,GRAFTECH INTERNATIONAL LTD,3620,2-ACC,10-K,20251231,Y
931755,,AEI INCOME & GROWTH FUND XXI LTD PARTNERSHIP,6500,4-NON,10-K,20251231,N
932021,GTLL,GLOBAL TECHNOLOGIES LTD,3663,4-NON,10-Q,20250930,Y
932470,TEO,TELECOM ARGENTINA SA,4813,1-LAF,20-F,20251231,Y
932696,NSIT,INSIGHT ENTERPRISES INC,5961,1-LAF,10-K,20251231,Y
932781,FCCO,FIRST COMMUNITY CORP /SC/,6022,4-NON,10-K,20251231,Y
932787,STM,STMICROELECTRONICS N.V.,3674,1-LAF,20-F,20251231,Y
933034,STRT,STRATTEC SECURITY CORP,3714,2-ACC,10-Q,20251231,Y
933036,UPBD,"UPBOUND GROUP, INC.",7359,1-LAF,10-K,20251231,Y
933972,SCWO,374WATER INC.,3621,4-NON,10-K,20251231,Y
933974,AZTA,"AZENTA, INC.",3559,1-LAF,10-Q,20251231,Y
934549,ACTG,ACACIA RESEARCH CORP,6794,2-ACC,10-K,20251231,Y
934612,,"BURLINGTON NORTHERN SANTA FE, LLC",4011,4-NON,10-K,20251231,N
935036,ACIW,"ACI WORLDWIDE, INC.",7372,1-LAF,10-K,20251231,Y
935419,RICK,"RCI HOSPITALITY HOLDINGS, INC.",5812,2-ACC,10-K,20250930,Y
935703,DLTR,"DOLLAR TREE, INC.",5331,1-LAF,10-K,20260131,Y
936340,DTE,DTE ENERGY CO,4911,1-LAF,10-K,20251231,Y
936395,CIEN,CIENA CORP,3661,1-LAF,10-Q,20260131,Y
936468,LMT,LOCKHEED MARTIN CORP,3760,1-LAF,10-K,20251231,Y
936528,WAFD,WAFD INC,6021,1-LAF,10-Q,20251231,Y
937098,TNET,"TRINET GROUP, INC.",7389,1-LAF,10-K,20251231,Y
937556,,MASIMO CORP,3845,1-LAF,10-K,20251231,N
937834,,METROPOLITAN LIFE INSURANCE CO,6311,4-NON,10-K,20251231,N
937966,ASML,ASML HOLDING NV,3559,1-LAF,20-F,20251231,Y
938323,PSO,PEARSON PLC,2731,1-LAF,20-F,20251231,Y
939767,EXEL,"EXELIXIS, INC.",2836,1-LAF,10-K,20251231,Y
939930,PYYX,"PYXUS INTERNATIONAL, INC.",5150,4-NON,10-Q,20251231,Y
940944,DRI,DARDEN RESTAURANTS INC,5812,1-LAF,10-Q,20260228,Y
941221,ICL,ICL GROUP LTD.,2870,1-LAF,20-F,20251231,Y
943452,WAB,WESTINGHOUSE AIR BRAKE TECHNOLOGIES CORP,3743,1-LAF,10-K,20251231,Y
943819,RMD,RESMED INC,3841,1-LAF,10-Q,20251231,Y
944075,SCKT,"SOCKET MOBILE, INC.",3571,4-NON,10-K,20251231,Y
944130,,"MINISTRY PARTNERS INVESTMENT COMPANY, LLC",6199,4-NON,10-K,20251231,N
944148,CBZ,"CBIZ, INC.",7389,1-LAF,10-K,20251231,Y
944695,THG,"HANOVER INSURANCE GROUP, INC.",6331,1-LAF,10-K,20251231,Y
944745,CIVB,"CIVISTA BANCSHARES, INC.",6022,2-ACC,10-K,20251231,Y
944809,OPK,"OPKO HEALTH, INC.",2834,1-LAF,10-K,20251231,Y
945114,GIC,GLOBAL INDUSTRIAL CO,5084,2-ACC,10-K,20251231,Y
945394,SVC,SERVICE PROPERTIES TRUST,6798,2-ACC,10-K,20251231,Y
945841,POOL,POOL CORP,5090,1-LAF,10-K,20251231,Y
945983,CLMB,"CLIMB GLOBAL SOLUTIONS, INC.",5045,2-ACC,10-K,20251231,Y
946155,,TIAA REAL ESTATE ACCOUNT,6500,4-NON,10-K,20251231,N
946563,RVP,RETRACTABLE TECHNOLOGIES INC,3841,4-NON,10-K,20251231,Y
946581,TTWO,TAKE TWO INTERACTIVE SOFTWARE INC,7372,1-LAF,10-Q,20251231,Y
946644,AIM,AIM IMMUNOTECH INC.,2836,4-NON,10-K,20251231,Y
946673,BANR,BANNER CORP,6022,1-LAF,10-K,20251231,Y
947484,ACGL,ARCH CAPITAL GROUP LTD.,6331,1-LAF,10-K,20251231,Y
948320,LFMD,"LIFEMD, INC.",8011,2-ACC,10-K,20251231,Y
948708,SMSI,"SMITH MICRO SOFTWARE, INC.",7372,4-NON,10-K,20251231,Y
949157,CENX,CENTURY ALUMINUM CO,3334,1-LAF,10-K,20251231,Y
949858,ACHV,"ACHIEVE LIFE SCIENCES, INC.",2835,4-NON,10-K,20251231,Y
949870,SAM,BOSTON BEER CO INC,2082,1-LAF,10-K,20251231,Y
949961,IOR,INCOME OPPORTUNITY REALTY INVESTORS INC /TX/,6798,4-NON,10-K,20251231,Y
1000184,SAP,SAP SE,7372,1-LAF,20-F,20251231,Y
1000209,MFIN,MEDALLION FINANCIAL CORP,6199,2-ACC,10-K,20251231,Y
1000228,HSIC,HENRY SCHEIN INC,5047,1-LAF,10-K,20251231,Y
1000230,OCC,OPTICAL CABLE CORP,3357,4-NON,10-Q,20260131,Y
1000623,MATV,"MATIV HOLDINGS, INC.",2621,2-ACC,10-K,20251231,Y
1000694,NVAX,NOVAVAX INC,2836,1-LAF,10-K,20251231,Y
1000697,WAT,WATERS CORP /DE/,3826,1-LAF,10-K,20251231,Y
1000753,NSP,"INSPERITY, INC.",7363,1-LAF,10-K,20251231,Y
1001085,BN,BROOKFIELD CORP /ON/,6512,1-LAF,40-F,20251231,Y
1001115,GEOS,GEOSPACE TECHNOLOGIES CORP,3829,2-ACC,10-Q,20251231,Y
1001171,BYFC,BROADWAY FINANCIAL CORP DE,6035,4-NON,10-K,20251231,Y
1001233,SGMOQ,"SANGAMO THERAPEUTICS, INC",2836,4-NON,10-K,20251231,Y
1001250,EL,ESTEE LAUDER COMPANIES INC,2844,1-LAF,10-Q,20251231,Y
1001316,TGTX,"TG THERAPEUTICS, INC.",2834,1-LAF,10-K,20251231,Y
1001385,NWPX,"NWPX INFRASTRUCTURE, INC.",3317,2-ACC,10-K,20251231,Y
1001601,MGTI,"MGT CAPITAL INVESTMENTS, INC.",6199,4-NON,10-K,20251231,Y
1001614,REPX,"RILEY EXPLORATION PERMIAN, INC.",1311,2-ACC,10-K,20251231,Y
1001838,SCCO,SOUTHERN COPPER CORP/,1000,1-LAF,10-K,20251231,Y
1001907,ASTC,ASTROTECH CORP,3826,4-NON,10-Q,20251231,Y
1002047,NTAP,"NETAPP, INC.",3572,1-LAF,10-Q,20260131,Y
1002242,E,ENI SPA,1311,1-LAF,20-F,20251231,Y
1002590,SGU,"STAR GROUP, L.P.",5990,2-ACC,10-Q,20251231,Y
1002638,OTEX,OPEN TEXT CORP,7373,1-LAF,10-Q,20251231,Y
1002910,AEE,AMEREN CORP,4931,1-LAF,10-K,20251231,Y
1003078,MSM,MSC INDUSTRIAL DIRECT CO INC,5084,1-LAF,10-Q,20251130,Y
1003935,NICE,NICE LTD.,7372,1-LAF,20-F,20251231,Y
1004156,,ARAUCO & CONSTITUTION PULP INC,2611,4-NON,20-F,20251231,N
1004434,AMG,"AFFILIATED MANAGERS GROUP, INC.",6282,1-LAF,10-K,20251231,Y
1004702,OCFC,OCEANFIRST FINANCIAL CORP,6021,1-LAF,10-K,20251231,Y
1004980,PCG,PG&E CORP,4931,1-LAF,10-K,20251231,Y
1004989,SGRP,"SPAR GROUP, INC.",7389,4-NON,10-K,20251231,Y
1005101,MGLD,"MARYGOLD COMPANIES, INC.",6199,4-NON,10-Q,20251231,Y
1005210,SPH,SUBURBAN PROPANE PARTNERS LP,5900,1-LAF,10-Q,20251231,Y
1005229,CMCO,COLUMBUS MCKINNON CORP,3531,1-LAF,10-Q,20251231,Y
1005284,OLED,UNIVERSAL DISPLAY CORP PA,3670,1-LAF,10-K,20251231,Y
1005516,BOSC,BOS BETTER ONLINE SOLUTIONS LTD,3576,4-NON,20-F,20251231,Y
1005731,IDT,IDT CORP,4813,1-LAF,10-Q,20260131,Y
1005757,,CSG SYSTEMS INTERNATIONAL INC,7374,1-LAF,10-K,20251231,N
1005817,TMP,TOMPKINS FINANCIAL CORP,6022,1-LAF,10-K,20251231,Y
1006028,PURE,"PURE BIOSCIENCE, INC.",2890,4-NON,10-Q,20260131,Y
1006281,PLX,"PROTALIX BIOTHERAPEUTICS, INC.",2836,4-NON,10-K,20251231,Y
1006655,EPM,EVOLUTION PETROLEUM CORP,1311,4-NON,10-Q,20251231,Y
1006830,CBKM,CONSUMERS BANCORP INC /OH/,6021,4-NON,10-Q,20251231,Y
1006837,VATE,INNOVATE CORP.,3440,4-NON,10-K,20251231,Y
1007019,JVA,COFFEE HOLDING CO INC,2090,4-NON,10-Q,20260131,Y
1007587,KVHI,KVH INDUSTRIES INC DE,4899,2-ACC,10-K,20251231,Y
1009001,CCJ,CAMECO CORP,1090,,40-F,20251231,Y
1009759,CEPL,"CAPSTONE GREEN ENERGY HOLDINGS, INC.",3510,4-NON,10-Q,20251231,Y
1009829,JAKK,JAKKS PACIFIC INC,3944,2-ACC,10-K,20251231,Y
1009891,AIRI,AIR INDUSTRIES GROUP,3728,4-NON,10-K,20251231,Y
1009919,IVHI,"INVECH HOLDINGS, INC.",8742,4-NON,10-K,20251231,Y
1010086,SIGA,SIGA TECHNOLOGIES INC,2834,2-ACC,10-K,20251231,Y
1010470,PROV,PROVIDENT FINANCIAL HOLDINGS INC,6035,4-NON,10-Q,20251231,Y
1011060,NORD,NORDICUS PARTNERS CORP,8742,4-NON,10-Q,20251231,Y
1012019,RUSHA,RUSH ENTERPRISES INC TX,5500,1-LAF,10-K,20251231,Y
1012100,,SEALED AIR CORP/DE,2820,1-LAF,10-K,20251231,N
1013237,FDS,FACTSET RESEARCH SYSTEMS INC,7370,1-LAF,10-Q,20251130,Y
1013272,NWFL,NORWOOD FINANCIAL CORP,6022,2-ACC,10-K,20251231,Y
1013488,BJRI,BJS RESTAURANTS INC,5812,1-LAF,10-K,20251231,Y
1013605,PDS,PRECISION DRILLING CORP,1381,,40-F,20251231,Y
1013857,PEGA,PEGASYSTEMS INC,7374,1-LAF,10-K,20251231,Y
1013871,NRG,"NRG ENERGY, INC.",4911,1-LAF,10-K,20251231,Y
1013880,TTEC,"TTEC HOLDINGS, INC.",7363,2-ACC,10-K,20251231,Y
1013934,STRA,"STRATEGIC EDUCATION, INC.",8200,1-LAF,10-K,20251231,Y
1014473,VRSN,VERISIGN INC/CA,7371,1-LAF,10-K,20251231,Y
1014739,OPCH,"OPTION CARE HEALTH, INC.",8082,1-LAF,10-K,20251231,Y
1014763,AIMD,"AINOS, INC.",2834,4-NON,10-K,20251231,Y
1015328,WTFC,WINTRUST FINANCIAL CORP,6022,1-LAF,10-K,20251231,Y
1015383,POWW,OUTDOOR HOLDING CO,3480,2-ACC,10-Q,20251231,Y
1015647,AAUAF,ALMADEN MINERALS LTD,1000,4-NON,20-F,20251231,Y
1015739,AWRE,AWARE INC /MA/,7372,4-NON,10-K,20251231,Y
1015820,QGEN,QIAGEN N.V.,2836,1-LAF,20-F,20251231,Y
1015922,CHKP,CHECK POINT SOFTWARE TECHNOLOGIES LTD,7372,1-LAF,20-F,20251231,Y
1016281,CSV,CARRIAGE SERVICES INC,7200,2-ACC,10-K,20251231,Y
1016504,INBP,INTEGRATED BIOPHARMA INC,2834,4-NON,10-Q,20251231,Y
1016838,RDCM,RADCOM LTD,3577,2-ACC,20-F,20251231,Y
1017303,TACT,TRANSACT TECHNOLOGIES INC,3577,4-NON,10-K,20251231,Y
1017413,CNQ,CANADIAN NATURAL RESOURCES LTD,1311,,40-F,20251231,Y
1017655,PAYD,PAID INC,7389,4-NON,10-K,20251231,Y
1018281,,INTEGRAL TECHNOLOGIES INC,3679,4-NON,10-Q,20251231,N
1018724,AMZN,AMAZON COM INC,5961,1-LAF,10-K,20251231,Y
1018840,ANF,ABERCROMBIE & FITCH CO /DE/,5651,1-LAF,10-K,20260131,Y
1018963,ATI,ATI INC,3317,1-LAF,10-K,20251231,Y
1018979,AMSF,AMERISAFE INC,6331,1-LAF,10-K,20251231,Y
1019849,PAG,"PENSKE AUTOMOTIVE GROUP, INC.",5500,1-LAF,10-K,20251231,Y
1020214,CERS,CERUS CORP,3841,2-ACC,10-K,20251231,Y
1020569,IRM,IRON MOUNTAIN INC,6798,1-LAF,10-K,20251231,Y
1020710,DXPE,DXP ENTERPRISES INC,5084,1-LAF,10-K,20251231,Y
1020859,UNFI,UNITED NATURAL FOODS INC,5141,1-LAF,10-Q,20260131,Y
1021561,NUS,"NU SKIN ENTERPRISES, INC.",5122,2-ACC,10-K,20251231,Y
1021635,OGE,OGE ENERGY CORP.,4911,1-LAF,10-K,20251231,Y
1021860,NOV,NOV INC.,3533,1-LAF,10-K,20251231,Y
1021917,AWCA,"AWAYSIS CAPITAL, INC.",6512,4-NON,10-Q,20251231,Y
1022079,DGX,QUEST DIAGNOSTICS INC,8071,1-LAF,10-K,20251231,Y
1022321,GEL,GENESIS ENERGY LP,4610,1-LAF,10-K,20251231,Y
1022408,PLUS,EPLUS INC,5045,1-LAF,10-Q,20251231,Y
1022505,SDCH,"SIDECHANNEL, INC.",7374,4-NON,10-Q,20251231,Y
1022652,INSG,INSEEGO CORP.,3669,2-ACC,10-K,20251231,Y
1022671,STLD,STEEL DYNAMICS INC,3312,1-LAF,10-K,20251231,Y
1022899,PTIX,"PROTAGENIC THERAPEUTICS, INC.NEW",2834,4-NON,10-Q,20251231,Y
1023024,ANIP,ANI PHARMACEUTICALS INC,2834,1-LAF,10-K,20251231,Y
1023128,LAD,LITHIA MOTORS INC,5500,1-LAF,10-K,20251231,Y
1023313,FORR,"FORRESTER RESEARCH, INC.",8700,2-ACC,10-K,20251231,Y
1023458,XAEIU,AEI INCOME & GROWTH FUND XXII LTD PARTNERSHIP,6500,4-NON,10-K,20251231,Y
1023459,SLP,"SIMULATIONS PLUS, INC.",7373,4-NON,10-Q,20251130,Y
1023731,EGHT,8X8 INC /DE/,7374,2-ACC,10-Q,20251231,Y
1024305,COTY,COTY INC.,2844,1-LAF,10-Q,20251231,Y
1024478,ROK,"ROCKWELL AUTOMATION, INC",3829,1-LAF,10-Q,20251231,Y
1024672,ELTK,ELTEK LTD,3672,4-NON,20-F,20251231,Y
1024795,HLIO,"HELIOS TECHNOLOGIES, INC.",3490,1-LAF,10-K,20251231,Y
1025378,WPC,W. P. CAREY INC.,6798,1-LAF,10-K,20251231,Y
1025771,WHLT,CHASE PACKAGING CORP,0700,4-NON,10-K,20251231,Y
1025835,EFSC,ENTERPRISE FINANCIAL SERVICES CORP,6022,1-LAF,10-K,20251231,Y
1025996,KRC,KILROY REALTY CORP,6798,1-LAF,10-K,20251231,Y
1026214,FMCC,FEDERAL HOME LOAN MORTGAGE CORP,6111,1-LAF,10-K,20251231,Y
1026655,CMT,CORE MOLDING TECHNOLOGIES INC,3089,2-ACC,10-K,20251231,Y
1027552,BSAC,BANCO SANTANDER CHILE,6029,1-LAF,20-F,20251231,Y
1027664,ESLT,ELBIT SYSTEMS LTD,3728,1-LAF,20-F,20251231,Y
1027838,TCMD,TACTILE SYSTEMS TECHNOLOGY INC,3841,2-ACC,10-K,20251231,Y
1029199,EEFT,"EURONET WORLDWIDE, INC.",6099,1-LAF,10-K,20251231,Y
1030192,IDR,"IDAHO STRATEGIC RESOURCES, INC.",1040,4-NON,10-K,20251231,Y
1030469,OFG,OFG BANCORP,6022,1-LAF,10-K,20251231,Y
1030894,CLS,CELESTICA INC,3672,1-LAF,10-K,20251231,Y
1030997,WILC,G WILLI FOOD INTERNATIONAL LTD,5141,4-NON,20-F,20251231,Y
1031093,SVBL,"SILVER BULL RESOURCES, INC.",1000,4-NON,10-Q,20260131,Y
1031203,GPI,GROUP 1 AUTOMOTIVE INC,5500,1-LAF,10-K,20251231,Y
1031235,SELF,"GLOBAL SELF STORAGE, INC.",6798,4-NON,10-K,20251231,Y
1031296,FE,FIRSTENERGY CORP,4911,1-LAF,10-K,20251231,Y
1031308,BSY,BENTLEY SYSTEMS INC,7372,1-LAF,10-K,20251231,Y
1031316,FSP,FRANKLIN STREET PROPERTIES CORP /MA/,6798,2-ACC,10-K,20251231,Y
1032033,SLM,SLM CORP,6141,1-LAF,10-K,20251231,Y
1032208,SRE,SEMPRA,4932,1-LAF,10-K,20251231,Y
1032220,MMS,"MAXIMUS, INC.",7389,1-LAF,10-Q,20251231,Y
1032975,LOGI,LOGITECH INTERNATIONAL S.A.,3577,1-LAF,10-Q,20251231,Y
1034054,SBAC,SBA COMMUNICATIONS CORP,6798,1-LAF,10-K,20251231,Y
1034670,ALV,AUTOLIV INC,3714,1-LAF,10-K,20251231,Y
1034760,WYY,WIDEPOINT CORP,7373,4-NON,10-K,20251231,Y
1034842,RIGL,RIGEL PHARMACEUTICALS INC,2834,2-ACC,10-K,20251231,Y
1035002,VLO,VALERO ENERGY CORP/TX,2911,1-LAF,10-K,20251231,Y
1035092,SHBI,SHORE BANCSHARES INC,6021,2-ACC,10-K,20251231,Y
1035201,CWT,CALIFORNIA WATER SERVICE GROUP,4941,1-LAF,10-K,20251231,Y
1035267,ISRG,INTUITIVE SURGICAL INC,3842,1-LAF,10-K,20251231,Y
1035354,ELOX,"ELOXX PHARMACEUTICALS, INC.",2836,4-NON,10-K,20251231,Y
1035443,ARE,"ALEXANDRIA REAL ESTATE EQUITIES, INC.",6798,1-LAF,10-K,20251231,Y
1035983,FIX,COMFORT SYSTEMS USA INC,1731,1-LAF,10-K,20251231,Y
1036044,INVE,"IDENTIV, INC.",3577,4-NON,10-K,20251231,Y
1036262,INTT,INTEST CORP,3825,2-ACC,10-K,20251231,Y
1037038,RL,RALPH LAUREN CORP,2320,1-LAF,10-Q,20251231,Y
1037540,BXP,"BXP, INC.",6798,1-LAF,10-K,20251231,Y
1037646,MTD,METTLER TOLEDO INTERNATIONAL INC/,3826,1-LAF,10-K,20251231,Y
1037868,AME,AMETEK INC/,3823,1-LAF,10-K,20251231,Y
1037976,JLL,JONES LANG LASALLE INC,6531,1-LAF,10-K,20251231,Y
1038074,SLAB,SILICON LABORATORIES INC.,3674,1-LAF,10-K,20251231,Y
1038277,INIS,RADNOSTIX INC,3823,4-NON,10-K,20251231,Y
1038509,,PRUCO LIFE INSURANCE OF NEW JERSEY,6311,4-NON,10-K,20251231,N
1038773,SMBK,SMARTFINANCIAL INC.,6021,2-ACC,10-K,20251231,Y
1039065,OSIS,OSI SYSTEMS INC,3674,1-LAF,10-Q,20251231,Y
1039280,NTWK,NETSOL TECHNOLOGIES INC,7372,4-NON,10-Q,20251231,Y
1039399,FORM,FORMFACTOR INC,3674,1-LAF,10-K,20251231,Y
1039466,,NOVACCESS GLOBAL INC.,2834,4-NON,10-K,20240930,N
1039684,OKE,ONEOK INC /NEW/,4923,1-LAF,10-K,20251231,Y
1039765,ING,ING GROEP NV,6029,1-LAF,20-F,20251231,Y
1039828,ANG-PD,AMERICAN NATIONAL GROUP INC.,6311,4-NON,10-K,20251231,Y
1040130,PETS,PETMED EXPRESS INC,5912,2-ACC,10-Q,20251231,Y
1040161,PXLW,"PIXELWORKS, INC",3674,4-NON,10-K,20251231,Y
1040470,AEHR,AEHR TEST SYSTEMS,3825,4-NON,10-Q,20251130,Y
1040829,RHP,"RYMAN HOSPITALITY PROPERTIES, INC.",6798,1-LAF,10-K,20251231,Y
1040896,IDN,"INTELLICHECK, INC.",7372,4-NON,10-K,20251231,Y
1040971,SLG,SL GREEN REALTY CORP,6798,1-LAF,10-K,20251231,Y
1041024,RMTI,"ROCKWELL MEDICAL, INC.",2834,4-NON,10-K,20251231,Y
1041061,YUM,YUM BRANDS INC,5812,1-LAF,10-K,20251231,Y
1041368,RVSB,RIVERVIEW BANCORP INC,6035,4-NON,10-Q,20251231,Y
1041514,LSAK,LESAKA TECHNOLOGIES INC,6099,2-ACC,10-Q,20251231,Y
1041657,UONE,"URBAN ONE, INC.",4832,4-NON,10-K,20251231,Y
1041803,PSMT,PRICESMART INC,5331,1-LAF,10-Q,20251130,Y
1041934,FOCL,EDAP TMS SA,3845,4-NON,10-K,20251231,Y
1042046,AFG,AMERICAN FINANCIAL GROUP INC,6331,1-LAF,10-K,20251231,Y
1042187,YHGJ,YUNHONG GREEN CTI LTD.,3060,4-NON,10-K,20251231,Y
1042418,INTI,"INHIBITOR THERAPEUTICS, INC.",2834,4-NON,10-K,20251231,Y
1042729,MBWM,MERCANTILE BANK CORP,6022,1-LAF,10-K,20251231,Y
1042776,PDM,"PIEDMONT REALTY TRUST, INC.",6512,1-LAF,10-K,20251231,Y
1042893,INVX,"INNOVEX INTERNATIONAL, INC.",3533,1-LAF,10-K,20251231,Y
1043000,SNDA,"SONIDA SENIOR LIVING, INC.",8050,2-ACC,10-K,20251231,Y
1043186,SLNG,"STABILIS SOLUTIONS, INC.",4924,4-NON,10-K,20251231,Y
1043219,NLY,ANNALY CAPITAL MANAGEMENT INC,6798,1-LAF,10-K,20251231,Y
1043277,CHRW,"C. H. ROBINSON WORLDWIDE, INC.",4731,1-LAF,10-K,20251231,Y
1043337,SRI,STONERIDGE INC,3714,2-ACC,10-K,20251231,Y
1043509,SAH,SONIC AUTOMOTIVE INC,5500,1-LAF,10-K,20251231,Y
1043951,,CAMPBELL FUND TRUST,6221,4-NON,10-K,20251231,N
1043961,PRPO,"PRECIPIO, INC.",3826,4-NON,10-K,20251231,Y
1044777,OSPN,ONESPAN INC.,7373,2-ACC,10-K,20251231,Y
1045450,EPR,EPR PROPERTIES,6798,1-LAF,10-K,20251231,Y
1045609,PLD,"PROLOGIS, INC.",6798,1-LAF,10-K,20251231,Y
1045742,LIVE,LIVE VENTURES INC,5900,4-NON,10-Q,20251231,Y
1045810,NVDA,NVIDIA CORP,3674,1-LAF,10-K,20260131,Y
1045942,TRCK,"TRACK GROUP, INC.",3669,4-NON,10-Q,20251231,Y
1046025,HFWA,HERITAGE FINANCIAL CORP /WA/,6036,1-LAF,10-K,20251231,Y
1046050,TSBK,TIMBERLAND BANCORP INC,6036,2-ACC,10-Q,20251231,Y
1046102,RBA,RB GLOBAL INC.,7389,1-LAF,10-K,20251231,Y
1046257,INGR,INGREDION INC,2040,1-LAF,10-K,20251231,Y
1046311,CHH,CHOICE HOTELS INTERNATIONAL INC /DE,7011,1-LAF,10-K,20251231,Y
1046568,PRDO,PERDOCEO EDUCATION CORP,8200,1-LAF,10-K,20251231,Y
1047127,AMKR,"AMKOR TECHNOLOGY, INC.",3674,1-LAF,10-K,20251231,Y
1047335,NHC,NATIONAL HEALTHCARE CORP,8051,1-LAF,10-K,20251231,Y
1047340,DMC,FRESH DEL MONTE PRODUCE INC,0100,1-LAF,10-K,20251231,Y
1047716,LTM,LATAM AIRLINES GROUP S.A.,4512,1-LAF,20-F,20251231,Y
1047862,ED,CONSOLIDATED EDISON INC,4931,1-LAF,10-K,20251231,Y
1048268,IESC,"IES HOLDINGS, INC.",1731,1-LAF,10-Q,20251231,Y
1048286,MAR,MARRIOTT INTERNATIONAL INC /MD/,7011,1-LAF,10-K,20251231,Y
1048477,BMRN,BIOMARIN PHARMACEUTICAL INC,2834,1-LAF,10-K,20251231,Y
1048695,FFIV,"F5, INC.",3576,1-LAF,10-Q,20251231,Y
1048911,FDX,FEDEX CORP,4513,1-LAF,10-Q,20260228,Y
1049502,MKSI,MKS INC,3823,1-LAF,10-K,20251231,Y
1049521,MRCY,MERCURY SYSTEMS INC,3670,1-LAF,10-Q,20251231,Y
1049606,CIX,COMPX INTERNATIONAL INC,3420,4-NON,10-K,20251231,Y
1050140,DSGX,DESCARTES SYSTEMS GROUP INC,7372,,40-F,20260131,Y
1050377,CNXN,PC CONNECTION INC,5045,1-LAF,10-K,20251231,Y
1050441,EGBN,EAGLE BANCORP INC,6022,2-ACC,10-K,20251231,Y
1050446,MSTR,STRATEGY INC,6199,1-LAF,10-K,20251231,Y
1050743,PGC,PEAPACK GLADSTONE FINANCIAL CORP,6029,2-ACC,10-K,20251231,Y
1050797,COLM,COLUMBIA SPORTSWEAR CO,2300,1-LAF,10-K,20251231,Y
1050915,PWR,"QUANTA SERVICES, INC.",1731,1-LAF,10-K,20251231,Y
1051470,CCI,CROWN CASTLE INC.,6798,1-LAF,10-K,20251231,Y
1051512,TDS,TELEPHONE & DATA SYSTEMS INC /DE/,4813,1-LAF,10-K,20251231,Y
1051514,,"STRATA SKIN SCIENCES, INC.",3841,4-NON,10-K,20251231,N
1051627,AXTI,AXT INC,3674,4-NON,10-K,20251231,Y
1052354,MADL,MAN AHL DIVERSIFIED I LP,6221,4-NON,10-K,20251231,Y
1052752,GTY,GETTY REALTY CORP /MD/,6500,1-LAF,10-K,20251231,Y
1053352,,HERITAGE COMMERCE CORP,6022,2-ACC,10-K,20251231,N
1053369,ELTP,ELITE PHARMACEUTICALS INC /NV/,2834,4-NON,10-Q,20251231,Y
1053507,AMT,AMERICAN TOWER CORP /MA/,6798,1-LAF,10-K,20251231,Y
1053691,CRVO,CERVOMED INC.,2834,4-NON,10-K,20251231,Y
1053706,CRAI,"CRA INTERNATIONAL, INC.",8111,1-LAF,10-K,20251231,Y
1054102,IDXG,"INTERPACE BIOSCIENCES, INC.",3841,4-NON,10-K,20251231,Y
1054905,IOSP,INNOSPEC INC.,2800,1-LAF,10-K,20251231,Y
1055160,MFA,"MFA FINANCIAL, INC.",6798,1-LAF,10-K,20251231,Y
1055726,INO,"INOVIO PHARMACEUTICALS, INC.",2834,4-NON,10-K,20251231,Y
1056288,FHI,"FEDERATED HERMES, INC.",6282,1-LAF,10-K,20251231,Y
1056696,MANH,MANHATTAN ASSOCIATES INC,7372,1-LAF,10-K,20251231,Y
1056903,AWR,AMERICAN STATES WATER CO,4941,1-LAF,10-K,20251231,Y
1056943,PFIS,PEOPLES FINANCIAL SERVICES CORP.,6021,2-ACC,10-K,20251231,Y
1057060,HZO,MARINEMAX INC,5531,2-ACC,10-Q,20251231,Y
1057352,CSGP,"COSTAR GROUP, INC.",7389,1-LAF,10-K,20251231,Y
1057379,HCKT,"HACKETT GROUP, INC.",8742,2-ACC,10-K,20251231,Y
1057706,FBP,FIRST BANCORP /PR/,6022,1-LAF,10-K,20251231,Y
1057877,IDA,IDACORP INC,4911,1-LAF,10-K,20251231,Y
1058090,CMG,CHIPOTLE MEXICAN GRILL INC,5812,1-LAF,10-K,20251231,Y
1058290,CTSH,COGNIZANT TECHNOLOGY SOLUTIONS CORP,7371,1-LAF,10-K,20251231,Y
1058307,NXPL,NEXTPLAT CORP,4813,4-NON,10-K,20251231,Y
1058811,IMMR,IMMERSION CORP,3577,4-NON,10-K,20250430,Y
1059142,GHI,GREYSTONE HOUSING IMPACT INVESTORS LP,6199,2-ACC,10-K,20251231,Y
1059556,MCO,MOODYS CORP /DE/,7320,1-LAF,10-K,20251231,Y
1060391,RSG,"REPUBLIC SERVICES, INC.",4953,1-LAF,10-K,20251231,Y
1060822,CRI,CARTERS INC,2300,1-LAF,10-K,20251231,Y
1061069,AWX,AVALON HOLDINGS CORP,4953,4-NON,10-K,20251231,Y
1061219,EPD,ENTERPRISE PRODUCTS PARTNERS L.P.,4922,1-LAF,10-K,20251231,Y
1061630,BXMT,"BLACKSTONE MORTGAGE TRUST, INC.",6798,1-LAF,10-K,20251231,Y
1061894,GIL,GILDAN ACTIVEWEAR INC.,2300,,40-F,20251231,Y
1061983,CYTK,CYTOKINETICS INC,2834,1-LAF,10-K,20251231,Y
1062231,DCH,DAUCH CORP,3714,2-ACC,10-K,20251231,Y
1062506,ALDA,ATLANTICA INC,6770,4-NON,10-K,20251231,Y
1062822,LXRX,"LEXICON PHARMACEUTICALS, INC.",2834,4-NON,10-K,20251231,Y
1063259,DNN,DENISON MINES CORP.,1090,,40-F,20251231,Y
1063761,SPG,SIMON PROPERTY GROUP INC.,6798,1-LAF,10-K,20251231,Y
1064728,BTU,PEABODY ENERGY CORP,1221,1-LAF,10-K,20251231,Y
1065059,LEU,CENTRUS ENERGY CORP,1400,1-LAF,10-K,20251231,Y
1065078,NTIP,"NETWORK-1 TECHNOLOGIES, INC.",6794,4-NON,10-K,20251231,Y
1065088,EBAY,EBAY INC,7389,1-LAF,10-K,20251231,Y
1065280,NFLX,NETFLIX INC,7841,1-LAF,10-K,20251231,Y
1065696,LKQ,LKQ CORP,5010,1-LAF,10-K,20251231,Y
1066119,VIV,TELEFONICA BRASIL S.A.,4813,1-LAF,20-F,20251231,Y
1066194,EGAN,EGAIN CORP,7372,4-NON,10-Q,20251231,Y
1066656,,CERES CLASSIC L.P.,6221,4-NON,10-K,20251231,N
1066764,BESS,BIMERGEN ENERGY CORP,4911,4-NON,10-K,20251231,Y
1066923,FTFT,FUTURE FINTECH GROUP INC.,7389,4-NON,10-K,20251231,Y
1067294,CBRL,"CRACKER BARREL OLD COUNTRY STORE, INC",5812,1-LAF,10-Q,20260131,Y
1067701,URI,"UNITED RENTALS, INC.",7359,1-LAF,10-K,20251231,Y
1067983,BRK-B,BERKSHIRE HATHAWAY INC,6331,1-LAF,10-K,20251231,Y
1068148,,PARK OHIO INDUSTRIES INC/OH,3460,4-NON,10-K,20251231,N
1068851,PB,PROSPERITY BANCSHARES INC,6022,1-LAF,10-K,20251231,Y
1069157,EWBC,EAST WEST BANCORP INC,6022,1-LAF,10-K,20251231,Y
1069183,AXON,"AXON ENTERPRISE, INC.",3480,1-LAF,10-K,20251231,Y
1069202,LII,LENNOX INTERNATIONAL INC,3585,1-LAF,10-K,20251231,Y
1069258,KTOS,"KRATOS DEFENSE & SECURITY SOLUTIONS, INC.",3760,1-LAF,10-K,20251231,Y
1069530,FLNA,"FILANA THERAPEUTICS, INC.",2834,4-NON,10-K,20251231,Y
1069533,RGCO,RGC RESOURCES INC,4923,4-NON,10-Q,20251231,Y
1069878,TREX,TREX CO INC,2400,1-LAF,10-K,20251231,Y
1069899,PAHC,PHIBRO ANIMAL HEALTH CORP,2834,2-ACC,10-Q,20251231,Y
1070050,APCX,APPTECH PAYMENTS CORP.,7372,4-NON,10-K,20251231,Y
1070081,PTCT,"PTC THERAPEUTICS, INC.",2834,1-LAF,10-K,20251231,Y
1070296,FCAP,FIRST CAPITAL INC,6035,4-NON,10-K,20251231,Y
1070412,CNX,CNX RESOURCES CORP,1311,1-LAF,10-K,20251231,Y
1070423,PAA,PLAINS ALL AMERICAN PIPELINE LP,4610,1-LAF,10-K,20251231,Y
1070494,ACAD,ACADIA PHARMACEUTICALS INC,2834,1-LAF,10-K,20251231,Y
1070524,GCBC,GREENE COUNTY BANCORP INC,6036,2-ACC,10-Q,20251231,Y
1070680,CFBK,CF BANKSHARES INC.,6021,2-ACC,10-K,20251231,Y
1070750,HST,"HOST HOTELS & RESORTS, INC.",6798,1-LAF,10-K,20251231,Y
1070789,HYOR,HYORC CORP,8711,4-NON,10-K,20251231,Y
1070985,CXW,"CORECIVIC, INC.",6798,1-LAF,10-K,20251231,Y
1071236,RRBI,RED RIVER BANCSHARES INC,6022,2-ACC,10-K,20251231,Y
1071255,,"GOLDEN ENTERTAINMENT, INC.",7990,1-LAF,10-K,20251231,N
1071739,CNC,CENTENE CORP,6324,1-LAF,10-K,20251231,Y
1071840,WNDW,"SOLARWINDOW TECHNOLOGIES, INC.",2860,4-NON,10-Q,20251130,Y
1072627,KWY,KINGSWAY FINANCIAL SERVICES INC,6331,2-ACC,10-K,20251231,Y
1073404,GGB,GERDAU S.A.,3310,1-LAF,20-F,20251231,Y
1074828,USBC,"USBC, INC.",6199,4-NON,10-K,20251231,Y
1074871,MODD,"MODULAR MEDICAL, INC.",3841,4-NON,10-Q,20251231,Y
1074902,LCNB,LCNB CORP,6021,2-ACC,10-K,20251231,Y
1075124,TRI,THOMSON REUTERS CORP /CAN/,2741,,40-F,20251231,Y
1075415,DHC,DIVERSIFIED HEALTHCARE TRUST,6798,1-LAF,10-K,20251231,Y
1075531,BKNG,BOOKING HOLDINGS INC.,4700,1-LAF,10-K,20251231,Y
1075736,CXDO,"CREXENDO, INC.",4813,4-NON,10-K,20251231,Y
1076930,NOVT,NOVANTA INC,3690,1-LAF,10-K,20251231,Y
1077183,NEO,NEOGENOMICS INC,8734,1-LAF,10-K,20251231,Y
1077428,TCBI,TEXAS CAPITAL BANCSHARES INC/TX,6022,1-LAF,10-K,20251231,Y
1078075,NTCT,NETSCOUT SYSTEMS INC,7373,1-LAF,10-Q,20251231,Y
1078271,EXTR,EXTREME NETWORKS INC,3576,1-LAF,10-Q,20251231,Y
1080014,INVA,"INNOVIVA, INC.",2834,1-LAF,10-K,20251231,Y
1080340,LOAN,"MANHATTAN BRIDGE CAPITAL, INC",6798,4-NON,10-K,20251231,Y
1080657,SQFT,"PRESIDIO PROPERTY TRUST, INC.",6798,4-NON,10-K,20251231,Y
1081316,,BERKSHIRE HATHAWAY ENERGY CO,4900,4-NON,10-K,20251231,N
1081745,INLX,"INTELLINETICS, INC.",7372,4-NON,10-K,20251231,Y
1081938,CPMD,"CANNAPHARMARX, INC.",2834,4-NON,10-K,20251231,Y
1082324,VHC,VIRNETX HOLDING CORP,6794,4-NON,10-K,20251231,Y
1082554,UTHR,UNITED THERAPEUTICS CORP,2834,1-LAF,10-K,20251231,Y
1082733,VISM,"VISIUM TECHNOLOGIES, INC.",7371,4-NON,10-Q,20251231,Y
1083301,WULF,TERAWULF INC.,6199,1-LAF,10-K,20251231,Y
1083446,ASTH,"ASTRANA HEALTH, INC.",8742,1-LAF,10-K,20251231,Y
1083522,JSDA,JONES SODA CO.,2080,4-NON,10-K,20251231,Y
1083743,FLUX,"FLUX POWER HOLDINGS, INC.",3690,4-NON,10-Q,20251231,Y
1084048,ZD,"ZIFF DAVIS, INC.",4822,1-LAF,10-K,20251231,Y
1084554,LTBR,LIGHTBRIDGE CORP,2810,4-NON,10-K,20251231,Y
1084765,RGP,"RESOURCES CONNECTION, INC.",7389,2-ACC,10-Q,20251130,Y
1084869,FLWS,1 800 FLOWERS COM INC,5990,2-ACC,10-Q,20251231,Y
1084961,ECPG,ENCORE CAPITAL GROUP INC,6153,1-LAF,10-K,20251231,Y
1084991,NGS,NATURAL GAS SERVICES GROUP INC,1389,2-ACC,10-K,20251231,Y
1085243,VTSI,"VIRTRA, INC",3990,4-NON,10-K,20251231,Y
1085277,SKVI,"SKINVISIBLE, INC.",2834,4-NON,10-K,20251231,Y
1085392,,PUGET ENERGY INC /WA,4911,4-NON,10-K,20251231,N
1085913,FMCB,FARMERS & MERCHANTS BANCORP,6021,2-ACC,10-K,20251231,Y
1085921,MMTIF,MICROMEM TECHNOLOGIES INC,7371,4-NON,20-F,20251031,Y
1086222,AKAM,AKAMAI TECHNOLOGIES INC,7389,1-LAF,10-K,20251231,Y
1086303,HCIL,"HONGCHANG INTERNATIONAL CO., LTD",3845,4-NON,10-Q,20251231,Y
1086434,AUDC,AUDIOCODES LTD,3661,1-LAF,20-F,20251231,Y
1086600,ARLP,ALLIANCE RESOURCE PARTNERS LP,1221,1-LAF,10-K,20251231,Y
1086745,FABC,"STABLEX TECHNOLOGIES, INC.",4899,4-NON,10-K,20251231,Y
1086888,MFC,MANULIFE FINANCIAL CORP,6311,,40-F,20251231,Y
1087294,CPIX,CUMBERLAND PHARMACEUTICALS INC,2834,4-NON,10-K,20251231,Y
1087711,SNTUF,SANTANDER UK PLC,6029,4-NON,20-F,20251231,Y
1088034,USIO,"USIO, INC.",6099,4-NON,10-K,20251231,Y
1088413,GLGI,"GREYSTONE LOGISTICS, INC.",3559,4-NON,10-Q,20251130,Y
1088856,CORT,CORCEPT THERAPEUTICS INC,2834,1-LAF,10-K,20251231,Y
1089063,DKS,"DICK'S SPORTING GOODS, INC.",5940,1-LAF,10-K,20260131,Y
1089113,HSBC,HSBC HOLDINGS PLC,6035,1-LAF,20-F,20251231,Y
1089819,,CLECO CORPORATE HOLDINGS LLC,4911,4-NON,10-K,20251231,N
1089872,GAIA,"GAIA, INC",7812,4-NON,10-K,20251231,Y
1089907,SWKHL,SWK HOLDINGS CORP,6159,4-NON,10-K,20251231,Y
1090009,SFST,SOUTHERN FIRST BANCSHARES INC,6021,2-ACC,10-K,20251231,Y
1090012,DVN,DEVON ENERGY CORP/DE,1311,1-LAF,10-K,20251231,Y
1090396,TBTC,TABLE TRAC INC,7990,4-NON,10-K,20251231,Y
1090425,LAMR,LAMAR ADVERTISING CO/NEW,6798,1-LAF,10-K,20251231,Y
1090727,UPS,UNITED PARCEL SERVICE INC,4210,1-LAF,10-K,20251231,Y
1090872,A,"AGILENT TECHNOLOGIES, INC.",3826,1-LAF,10-Q,20260131,Y
1091596,AURX,"NUO THERAPEUTICS, INC.",3841,4-NON,10-K,20251231,Y
1091667,CHTR,"CHARTER COMMUNICATIONS, INC. /MO/",4841,1-LAF,10-K,20251231,Y
1092699,SPSC,SPS COMMERCE INC,7372,1-LAF,10-K,20251231,Y
1092796,SWBI,"SMITH & WESSON BRANDS, INC.",3480,2-ACC,10-Q,20260131,Y
1093557,DXCM,DEXCOM INC,3841,1-LAF,10-K,20251231,Y
1093672,PEBK,PEOPLES BANCORP OF NORTH CAROLINA INC,6022,2-ACC,10-K,20251231,Y
1093691,PLUG,PLUG POWER INC,3620,1-LAF,10-K,20251231,Y
1094032,QDMI,QDM INTERNATIONAL INC.,6411,4-NON,10-Q,20251231,Y
1094038,MRKR,"MARKER THERAPEUTICS, INC.",2834,4-NON,10-K,20251231,Y
1094285,TDY,TELEDYNE TECHNOLOGIES INC,3812,1-LAF,10-K,20251231,Y
1094366,RDWR,RADWARE LTD,7389,1-LAF,20-F,20251231,Y
1094831,BGC,"BGC GROUP, INC.",6200,1-LAF,10-K,20251231,Y
1095073,EG,"EVEREST GROUP, LTD.",6331,1-LAF,10-K,20251231,Y
1095146,ABIT,ATHENA BITCOIN GLOBAL,6199,4-NON,10-K,20251231,Y
1095565,HSTM,HEALTHSTREAM INC,7370,2-ACC,10-K,20251231,Y
1095651,SAFE,SAFEHOLD INC.,6798,1-LAF,10-K,20251231,Y
1095981,PSTV,"PLUS THERAPEUTICS, INC.",3841,4-NON,10-K,20251231,Y
1096056,LXFR,LUXFER HOLDINGS PLC,2810,2-ACC,10-K,20251231,Y
1096275,WKSP,WORKSPORT LTD,3714,4-NON,10-K,20251231,Y
1096296,RITE,MINERALRITE CORP,1090,4-NON,10-K,20251231,Y
1096343,MKL,MARKEL GROUP INC.,6331,1-LAF,10-K,20251231,Y
1096752,EPC,EDGEWELL PERSONAL CARE CO,2844,1-LAF,10-Q,20251231,Y
1097149,ALGN,ALIGN TECHNOLOGY INC,3842,1-LAF,10-K,20251231,Y
1097362,SLF,SUN LIFE FINANCIAL INC,6311,,40-F,20251231,Y
1097864,ON,ON SEMICONDUCTOR CORP,3674,1-LAF,10-K,20251231,Y
1098146,PNBK,PATRIOT NATIONAL BANCORP INC,6021,4-NON,10-K,20251231,Y
1098151,FDBC,FIDELITY D & D BANCORP INC,6021,2-ACC,10-K,20251231,Y
1098972,AGEN,AGENUS INC,2836,2-ACC,10-K,20251231,Y
1099219,MET,METLIFE INC,6311,1-LAF,10-K,20251231,Y
1099369,DSNY,DESTINY MEDIA TECHNOLOGIES INC,7372,4-NON,10-Q,20251130,Y
1099590,MELI,MERCADOLIBRE INC,7389,1-LAF,10-K,20251231,Y
1099800,EW,EDWARDS LIFESCIENCES CORP,3842,1-LAF,10-K,20251231,Y
1100682,CRL,"CHARLES RIVER LABORATORIES INTERNATIONAL, INC.",8731,1-LAF,10-K,20251231,Y
1101215,BFH,"BREAD FINANCIAL HOLDINGS, INC.",6141,1-LAF,10-K,20251231,Y
1101239,EQIX,EQUINIX INC,6798,1-LAF,10-K,20251231,Y
1101302,ENTG,ENTEGRIS INC,3089,1-LAF,10-K,20251231,Y
1102238,ARL,AMERICAN REALTY INVESTORS INC,6510,4-NON,10-K,20251231,Y
1102993,LPSN,LIVEPERSON INC,7372,2-ACC,10-K,20251231,Y
1103795,QSEP,"QS ENERGY, INC.",3533,4-NON,10-K,20251231,Y
1103833,CRWE,"CROWN EQUITY HOLDINGS, INC.",5734,4-NON,10-K,20251231,Y
1103982,MDLZ,"MONDELEZ INTERNATIONAL, INC.",2000,1-LAF,10-K,20251231,Y
1104038,VRME,"VERIFYME, INC.",7373,4-NON,10-K,20251231,Y
1104485,NOG,"NORTHERN OIL & GAS, INC.",1311,1-LAF,10-K,20251231,Y
1104506,INSM,INSMED INC,2834,1-LAF,10-K,20251231,Y
1104657,MTRN,MATERION CORP,3460,1-LAF,10-K,20251231,Y
1107280,OVTZ,OCULUS INC.,7389,4-NON,10-K,20251231,Y
1107421,TCRT,"ALAUNOS THERAPEUTICS, INC.",2834,4-NON,10-K,20251231,Y
1107843,QLYS,"QUALYS, INC.",7372,1-LAF,10-K,20251231,Y
1108109,CYH,COMMUNITY HEALTH SYSTEMS INC,8062,2-ACC,10-K,20251231,Y
1108134,BBT,BEACON FINANCIAL CORP,6036,1-LAF,10-K,20251231,Y
1108205,CRIS,CURIS INC,2836,4-NON,10-K,20251231,Y
1108426,TXNM,TXNM ENERGY INC,4911,1-LAF,10-K,20251231,Y
1108524,CRM,"SALESFORCE, INC.",7372,1-LAF,10-K,20260131,Y
1109116,EVC,ENTRAVISION COMMUNICATIONS CORP,4833,2-ACC,10-K,20251231,Y
1109138,CAMT,CAMTEK LTD,3827,1-LAF,20-F,20251231,Y
1109242,HAFC,HANMI FINANCIAL CORP,6021,2-ACC,10-K,20251231,Y
1109345,NVMI,NOVA LTD.,3827,1-LAF,20-F,20251231,Y
1109354,BRKR,BRUKER CORP,3826,1-LAF,10-K,20251231,Y
1109357,EXC,EXELON CORP,4931,1-LAF,10-K,20251231,Y
1109448,,ALLIANCEBERNSTEIN L.P.,6282,4-NON,10-K,20251231,N
1110607,KLNG,"KOIL ENERGY SOLUTIONS, INC.",3533,4-NON,10-K,20251231,Y
1110611,,ON24 INC.,7372,2-ACC,10-K,20251231,N
1110795,,METLIFE POLICYHOLDER TRUST,6311,4-NON,10-K,20251231,N
1110803,ILMN,"ILLUMINA, INC.",3826,1-LAF,10-K,20251231,Y
1111335,VC,VISTEON CORP,3714,1-LAF,10-K,20251231,Y
1111485,RXST,"RXSIGHT, INC.",3851,2-ACC,10-K,20251231,Y
1111711,NI,NISOURCE INC.,4931,1-LAF,10-K,20251231,Y
1111928,IPGP,IPG PHOTONICS CORP,3674,1-LAF,10-K,20251231,Y
1113169,TROW,PRICE T ROWE GROUP INC,6282,1-LAF,10-K,20251231,Y
1113232,ACLS,AXCELIS TECHNOLOGIES INC,3559,1-LAF,10-K,20251231,Y
1113423,CSCID,COSCIENS BIOPHARMA INC.,2844,4-NON,20-F,20251231,Y
1114445,,HYDRO ONE INC,4911,,40-F,20251231,N
1114446,AMUB,UBS AG,6021,4-NON,20-F,20251231,Y
1114448,NVS,NOVARTIS AG,2834,1-LAF,20-F,20251231,Y
1114483,ITGR,INTEGER HOLDINGS CORP,3845,1-LAF,10-K,20251231,Y
1114925,LTRX,LANTRONIX INC,3576,2-ACC,10-Q,20251231,Y
1114927,FNRN,FIRST NORTHERN COMMUNITY BANCORP,6035,4-NON,10-K,20251231,Y
1114936,UMEW,UMEWORLD INC.,7372,4-NON,10-Q,20251231,Y
1114995,PI,IMPINJ INC,3679,1-LAF,10-K,20251231,Y
1116132,TPR,"TAPESTRY, INC.",3100,1-LAF,10-Q,20251231,Y
1116463,OSUR,ORASURE TECHNOLOGIES INC,3841,2-ACC,10-K,20251231,Y
1116578,PUK,PRUDENTIAL PLC,6311,1-LAF,20-F,20251231,Y
1116942,TTMI,TTM TECHNOLOGIES INC,3672,1-LAF,10-K,20251231,Y
1117057,PLAG,PLANET GREEN HOLDINGS CORP.,2030,4-NON,10-K,20251231,Y
1117171,,"CBAK ENERGY TECHNOLOGY, INC.",3690,2-ACC,10-K,20251231,N
1117297,QNST,"QUINSTREET, INC",7389,1-LAF,10-Q,20251231,Y
1118004,,BANCPLUS CORP,6022,4-NON,10-K,20251231,N
1119083,MNDO,MIND CTI LTD,7371,4-NON,20-F,20251231,Y
1119190,RWAX,"TAP REAL ESTATE TECHNOLOGIES, INC.",5000,4-NON,10-K,20251231,Y
1119643,NPHC,NUTRA PHARMA CORP,2833,4-NON,10-Q,20250331,Y
1119774,CGEN,COMPUGEN LTD,2836,2-ACC,20-F,20251231,Y
1120193,NDAQ,"NASDAQ, INC.",6200,1-LAF,10-K,20251231,Y
1120370,BWEN,"BROADWIND, INC.",3360,4-NON,10-K,20251231,Y
1120914,PDFS,PDF SOLUTIONS INC,7372,1-LAF,10-K,20251231,Y
1120970,LODE,COMSTOCK INC.,2860,4-NON,10-K,20251231,Y
1121404,SNY,SANOFI,2834,1-LAF,20-F,20251231,Y
1121484,OIS,"OIL STATES INTERNATIONAL, INC",3533,2-ACC,10-K,20251231,Y
1121788,GRMN,GARMIN LTD,3812,1-LAF,10-K,20251231,Y
1121795,GHST,GHST WORLD INC.,7372,4-NON,10-Q,20251231,Y
1122020,PCSV,"PCS EDVENTURES!, INC.",8200,4-NON,10-Q,20251231,Y
1122904,NTGR,"NETGEAR, INC.",3661,1-LAF,10-K,20251231,Y
1122976,AVNT,AVIENT CORP,2821,1-LAF,10-K,20251231,Y
1123360,GPN,GLOBAL PAYMENTS INC,7389,1-LAF,10-K,20251231,Y
1123494,HBIO,HARVARD BIOSCIENCE INC,3826,4-NON,10-K,20251231,Y
1123596,BABB,"BAB, INC.",5812,4-NON,10-K,20251130,Y
1123852,,NORTHERN STATES POWER CO,4931,4-NON,10-K,20251231,N
1124105,GYRE,"GYRE THERAPEUTICS, INC.",2834,2-ACC,10-K,20251231,Y
1124140,,EXACT SCIENCES CORP,8071,1-LAF,10-K,20251231,N
1124198,FLR,FLUOR CORP,1600,1-LAF,10-K,20251231,Y
1124524,CYRX,"CRYOPORT, INC.",2834,2-ACC,10-K,20251231,Y
1124796,LASR,"NLIGHT, INC.",3674,1-LAF,10-K,20251231,Y
1125345,MGNX,MACROGENICS INC,2834,4-NON,10-K,20251231,Y
1125376,ENSG,"ENSIGN GROUP, INC",8051,1-LAF,10-K,20251231,Y
1126328,PFG,PRINCIPAL FINANCIAL GROUP INC,6321,1-LAF,10-K,20251231,Y
1126741,GSIT,GSI TECHNOLOGY INC,3674,4-NON,10-Q,20251231,Y
1126956,SR,SPIRE INC,4924,1-LAF,10-Q,20251231,Y
1127248,EMA,EMERA INC,4911,,40-F,20251231,Y
1127371,CWBC,COMMUNITY WEST BANCSHARES,6022,2-ACC,10-K,20251231,Y
1127475,DBMM,"DIGITAL BRAND MEDIA & MARKETING GROUP, INC.",7389,4-NON,10-Q,20251130,Y
1127537,LUNG,PULMONX CORP,3841,4-NON,10-K,20251231,Y
1127703,,PROASSURANCE CORP,6331,1-LAF,10-K,20251231,N
1128281,SKAS,"SAKER AVIATION SERVICES, INC.",4581,4-NON,10-K,20251231,Y
1128361,HOPE,HOPE BANCORP INC,6021,1-LAF,10-K,20251231,Y
1128928,FLO,FLOWERS FOODS INC,2000,1-LAF,10-K,20251231,Y
1129155,,MARINE PRODUCTS CORP,3730,2-ACC,10-K,20251231,N
1129928,ONCY,ONCOLYTICS BIOTECH INC,2834,4-NON,10-K,20251231,Y
1130144,BSRR,SIERRA BANCORP,6022,2-ACC,10-K,20251231,Y
1130166,BGMS,"BIO GREEN MED SOLUTION, INC.",2834,4-NON,10-K,20251231,Y
1130310,CNP,CENTERPOINT ENERGY INC,4911,1-LAF,10-K,20251231,Y
1130464,BKH,BLACK HILLS CORP /SD/,4911,1-LAF,10-K,20251231,Y
1130713,BBBY,"BED BATH & BEYOND, INC.",5961,2-ACC,10-K,20251231,Y
1131312,ZNOG,ZION OIL & GAS INC,1382,4-NON,10-K,20251231,Y
1131383,STN,STANTEC INC,8711,,40-F,20251231,Y
1131399,GSK,GSK PLC,2834,1-LAF,20-F,20251231,Y
1131903,FCCN,SPECTRAL CAPITAL CORP,7374,4-NON,10-K,20251231,Y
1132105,SPWH,"SPORTSMAN'S WAREHOUSE HOLDINGS, INC.",5940,2-ACC,10-K,20260131,Y
1132651,ATLO,AMES NATIONAL CORP,6021,4-NON,10-K,20251231,Y
1133062,JANL,JANEL CORP,7389,4-NON,10-Q,20251231,Y
1133311,TZOO,TRAVELZOO,7310,4-NON,10-K,20251231,Y
1133416,GALT,GALECTIN THERAPEUTICS INC,2834,4-NON,10-K,20251231,Y
1133421,NOC,NORTHROP GRUMMAN CORP /DE/,3812,1-LAF,10-K,20251231,Y
1133470,,CALAVO GROWERS INC,0700,2-ACC,10-Q,20260131,N
1133818,BPTH,"BIO-PATH HOLDINGS, INC.",2834,4-NON,10-Q,20250930,Y
1133869,CAPR,"CAPRICOR THERAPEUTICS, INC.",2834,4-NON,10-K,20251231,Y
1134115,THM,INTERNATIONAL TOWER HILL MINES LTD,1000,4-NON,10-K,20251231,Y
1136869,ZBH,"ZIMMER BIOMET HOLDINGS, INC.",3842,1-LAF,10-K,20251231,Y
1136893,FIS,"FIDELITY NATIONAL INFORMATION SERVICES, INC.",7389,1-LAF,10-K,20251231,Y
1137091,PSIX,"POWER SOLUTIONS INTERNATIONAL, INC.",3510,1-LAF,10-K,20251231,Y
1137547,,UNITED SECURITY BANCSHARES,6021,4-NON,10-K,20251231,N
1137774,PRU,PRUDENTIAL FINANCIAL INC,6311,1-LAF,10-K,20251231,Y
1137789,STX,SEAGATE TECHNOLOGY HOLDINGS PLC,3572,1-LAF,10-Q,20251231,Y
1137883,BCLI,BRAINSTORM CELL THERAPEUTICS INC.,2836,4-NON,10-K,20251231,Y
1138118,CBRE,"CBRE GROUP, INC.",6500,1-LAF,10-K,20251231,Y
1138476,PFHO,PACIFIC HEALTH CARE ORGANIZATION INC,8090,4-NON,10-K,20251231,Y
1138723,ARAY,ACCURAY INC,3841,2-ACC,10-Q,20251231,Y
1138724,,"GLOBAL ARENA HOLDING, INC.",7372,4-NON,10-Q,20250331,N
1139685,AIDX,"20/20 BIOLABS, INC.",8734,4-NON,10-K,20251231,Y
1140102,HQI,"HIREQUEST, INC.",7363,4-NON,10-K,20251231,Y
1140215,REED,"REED'S, INC.",2086,4-NON,10-K,20251231,Y
1140536,WTW,WILLIS TOWERS WATSON PLC,6411,1-LAF,10-K,20251231,Y
1140625,EQNR,EQUINOR ASA,2911,1-LAF,20-F,20251231,Y
1140859,COR,"CENCORA, INC.",5122,1-LAF,10-Q,20251231,Y
1141103,,CROSS COUNTRY HEALTHCARE INC,7363,2-ACC,10-K,20251231,N
1141197,PED,PEDEVCO CORP,1311,4-NON,10-K,20251231,Y
1141240,LQMT,LIQUIDMETAL TECHNOLOGIES INC,2800,4-NON,10-K,20251231,Y
1141284,ASNS,ACTELIS NETWORKS INC,3669,4-NON,10-K,20251231,Y
1141391,MA,MASTERCARD INC,7389,1-LAF,10-K,20251231,Y
1141964,PCMC,PUBLIC CO MANAGEMENT CORP,6770,4-NON,10-K,20250930,Y
1142417,NXST,"NEXSTAR MEDIA GROUP, INC.",4833,1-LAF,10-K,20251231,Y
1142750,AMN,AMN HEALTHCARE SERVICES INC,7363,1-LAF,10-K,20251231,Y
1143513,GLAD,GLADSTONE CAPITAL CORP,,4-NON,10-Q,20251231,Y
1144215,AYI,ACUITY INC. (DE),3640,1-LAF,10-Q,20251130,Y
1144800,TAC,TRANSALTA CORP,4911,,40-F,20251231,Y
1144879,APLD,APPLIED DIGITAL CORP.,7374,1-LAF,10-Q,20251130,Y
1144980,ABG,ASBURY AUTOMOTIVE GROUP INC,5500,1-LAF,10-K,20251231,Y
1145197,PODD,INSULET CORP,3841,1-LAF,10-K,20251231,Y
1145255,HNNA,HENNESSY ADVISORS INC,6282,4-NON,10-Q,20251231,Y
1145604,NIKA,"NIKA PHARMACEUTICALS, INC",2834,4-NON,10-K,20251231,Y
1145765,,GLOBAL MACRO TRUST,6221,4-NON,10-K,20251231,N
1145986,ASPN,ASPEN AEROGELS INC,5030,2-ACC,10-K,20251231,Y
1156039,ELV,"ELEVANCE HEALTH, INC.",6324,1-LAF,10-K,20251231,Y
1156041,AGIG,"ABUNDIA GLOBAL IMPACT GROUP, INC.",1311,4-NON,10-K,20251231,Y
1156375,CME,CME GROUP INC.,6200,1-LAF,10-K,20251231,Y
1157075,PMCB,"PHARMACYTE BIOTECH, INC.",2836,4-NON,10-Q,20260131,Y
1157408,LRN,"STRIDE, INC.",8200,1-LAF,10-Q,20251231,Y
1157601,MDGL,"MADRIGAL PHARMACEUTICALS, INC.",2834,1-LAF,10-K,20251231,Y
1157647,WNEB,"WESTERN NEW ENGLAND BANCORP, INC.",6035,2-ACC,10-K,20251231,Y
1158114,AAOI,"APPLIED OPTOELECTRONICS, INC.",3674,1-LAF,10-K,20251231,Y
1158172,SCOR,"COMSCORE, INC.",7389,4-NON,10-K,20251231,Y
1158324,CCOI,"COGENT COMMUNICATIONS HOLDINGS, INC.",4899,1-LAF,10-K,20251231,Y
1158449,AAP,ADVANCE AUTO PARTS INC,5531,1-LAF,10-K,20251231,Y
1158463,JBLU,JETBLUE AIRWAYS CORP,4512,1-LAF,10-K,20251231,Y
1158780,PLUR,PLURI INC.,2836,4-NON,10-Q,20251231,Y
1158895,LMAT,LEMAITRE VASCULAR INC,3841,1-LAF,10-K,20251231,Y
1159036,HALO,"HALOZYME THERAPEUTICS, INC.",2836,1-LAF,10-K,20251231,Y
1159508,DB,DEUTSCHE BANK AKTIENGESELLSCHAFT,6022,1-LAF,20-F,20251231,Y
1160106,LYG,LLOYDS BANKING GROUP PLC,6029,1-LAF,20-F,20251231,Y
1160308,SVRA,SAVARA INC,2834,4-NON,10-K,20251231,Y
1160330,BBD,BANK BRADESCO,6022,1-LAF,20-F,20251231,Y
1160420,ADIA,"ADIA NUTRITION, INC.",2833,4-NON,10-K,20251231,Y
1160791,,GOLD RESOURCE CORP,1040,4-NON,10-K,20251231,N
1161728,MGEE,MGE ENERGY INC,4900,1-LAF,10-K,20251231,Y
1161814,KIQSF,KELSO TECHNOLOGIES INC,3743,4-NON,20-F,20251231,Y
1162194,LAB,STANDARD BIOTOOLS INC.,3826,2-ACC,10-K,20251231,Y
1162896,PROP,PRAIRIE OPERATING CO.,1311,4-NON,10-K,20251231,Y
1163165,COP,CONOCOPHILLIPS,2911,1-LAF,10-K,20251231,Y
1163370,NRIM,NORTHRIM BANCORP INC,6035,2-ACC,10-K,20251231,Y
1163389,NWPP,NEW PEOPLES BANKSHARES INC,6022,4-NON,10-K,20251231,Y
1163609,SDSYA,SOUTH DAKOTA SOYBEAN PROCESSORS LLC,2070,4-NON,10-K,20251231,Y
1163668,SPFI,"SOUTH PLAINS FINANCIAL, INC.",6022,2-ACC,10-K,20251231,Y
1163739,NBR,NABORS INDUSTRIES LTD,1381,2-ACC,10-K,20251231,Y
1164727,NEM,NEWMONT CORP /DE/,1040,1-LAF,10-K,20251231,Y
1164771,NAK,NORTHERN DYNASTY MINERALS LTD,1040,,40-F,20251231,Y
1164863,NPO,ENPRO INC.,3050,1-LAF,10-K,20251231,Y
1165002,WHG,WESTWOOD HOLDINGS GROUP INC,6282,4-NON,10-K,20251231,Y
1166003,XPO,"XPO, INC.",4700,1-LAF,10-K,20251231,Y
1166691,CMCSA,COMCAST CORP,4841,1-LAF,10-K,20251231,Y
1166928,WTBA,WEST BANCORPORATION INC,6022,2-ACC,10-K,20251231,Y
1167379,ALC,ALCON INC,3851,1-LAF,20-F,20251231,Y
1167419,RIOT,"RIOT PLATFORMS, INC.",6199,1-LAF,10-K,20251231,Y
1167831,,LLOYDS BANK PLC,6029,4-NON,20-F,20251231,N
1168455,PLBC,PLUMAS BANCORP,6153,4-NON,10-K,20251231,Y
1168981,LVRLF,CORDOVACANN CORP.,7900,4-NON,20-F,20250630,Y
1169445,,"TRUBRIDGE, INC.",7371,2-ACC,10-K,20251231,N
1169561,CVLT,COMMVAULT SYSTEMS INC,7372,1-LAF,10-Q,20251231,Y
1169770,BANC,"BANC OF CALIFORNIA, INC.",6021,1-LAF,10-K,20251231,Y
1171155,RLGT,"RADIANT LOGISTICS, INC",4731,2-ACC,10-Q,20251231,Y
1171326,EUBG,ENTREPRENEUR UNIVERSE BRIGHT GROUP,8742,4-NON,10-K,20251231,Y
1171486,NRP,NATURAL RESOURCE PARTNERS LP,1221,1-LAF,10-K,20251231,Y
1171759,RRGB,RED ROBIN GOURMET BURGERS INC,5812,2-ACC,10-K,20251231,Y
1171838,SUND,"SUNDANCE STRATEGIES, INC.",6411,4-NON,10-Q,20251231,Y
1172052,SAFT,SAFETY INSURANCE GROUP INC,6331,1-LAF,10-K,20251231,Y
1172358,DMLP,"DORCHESTER MINERALS, L.P.",1311,1-LAF,10-K,20251231,Y
1172724,GFI,GOLD FIELDS LTD,1040,1-LAF,20-F,20251231,Y
1173204,CNVS,CINEVERSE CORP.,7841,4-NON,10-Q,20251231,Y
1173313,ABVC,"ABVC BIOPHARMA, INC.",2834,4-NON,10-K,20251231,Y
1173420,NG,NOVAGOLD RESOURCES INC,1040,1-LAF,10-K,20251130,Y
1173489,CEVA,CEVA INC,7370,2-ACC,10-K,20251231,Y
1173514,HY,"HYSTER-YALE, INC.",3537,2-ACC,10-K,20251231,Y
1174169,AQN,ALGONQUIN POWER & UTILITIES CORP.,4911,,40-F,20251231,Y
1174850,NIC,NICOLET BANKSHARES INC,6021,1-LAF,10-K,20251231,Y
1174891,GEDC,"CALETHOS, INC.",6798,4-NON,10-K,20251231,Y
1174922,WYNN,WYNN RESORTS LTD,7011,1-LAF,10-K,20251231,Y
1174940,OGEN,ORAGENICS INC,2834,4-NON,10-K,20251231,Y
1175151,CTSO,CYTOSORBENTS CORP,3841,4-NON,10-K,20251231,Y
1175454,CPAY,"CORPAY, INC.",7389,1-LAF,10-K,20251231,Y
1175535,,WHITESTONE REIT,6798,2-ACC,10-K,20251231,N
1175680,CYDY,CYTODYN INC.,2834,4-NON,10-Q,20251130,Y
1176309,ORMP,ORAMED PHARMACEUTICALS INC.,2834,4-NON,10-K,20251231,Y
1176334,MMLP,MARTIN MIDSTREAM PARTNERS L.P.,5171,2-ACC,10-K,20251231,Y
1176948,ARES,ARES MANAGEMENT CORP,6282,1-LAF,10-K,20251231,Y
1177394,SNX,TD SYNNEX CORP,5045,1-LAF,10-K,20251130,Y
1177609,FIVE,"FIVE BELOW, INC",5331,1-LAF,10-K,20260131,Y
1177648,ENTA,ENANTA PHARMACEUTICALS INC,2834,4-NON,10-Q,20251231,Y
1177702,SAIA,SAIA INC,4213,1-LAF,10-K,20251231,Y
1178253,SCYX,SCYNEXIS INC,2834,4-NON,10-K,20251231,Y
1178670,ALNY,"ALNYLAM PHARMACEUTICALS, INC.",2834,1-LAF,10-K,20251231,Y
1178819,AGI,ALAMOS GOLD INC,1040,,40-F,20251231,Y
1178879,,"AMICUS THERAPEUTICS, INC.",2834,1-LAF,10-K,20251231,N
1178970,PFS,PROVIDENT FINANCIAL SERVICES INC,6035,1-LAF,10-K,20251231,Y
1179929,MOH,"MOLINA HEALTHCARE, INC.",6324,1-LAF,10-K,20251231,Y
1180262,HLF,HERBALIFE LTD.,5122,1-LAF,10-K,20251231,Y
1185198,,AEI INCOME & GROWTH FUND 25 LLC,6500,4-NON,10-K,20251231,N
1185348,PRAA,PRA GROUP INC,6153,1-LAF,10-K,20251231,Y
1187953,CELZ,"CREATIVE MEDICAL TECHNOLOGY HOLDINGS, INC.",2836,4-NON,10-K,20251231,Y
1190370,IVDN,INNOVATIVE DESIGNS INC,2390,4-NON,10-Q,20260131,Y
1190723,TS,TENARIS SA,3312,1-LAF,20-F,20251231,Y
1191070,NEUP,NEUPHORIA THERAPEUTICS INC.,2834,4-NON,10-Q,20251231,Y
1192448,GKOS,GLAUKOS CORP,3841,1-LAF,10-K,20251231,Y
1193311,,ONCOR ELECTRIC DELIVERY CO LLC,4911,4-NON,10-K,20251231,N
1196298,NEPH,NEPHROS INC,3841,4-NON,10-K,20251231,Y
1200375,CDXS,"CODEXIS, INC.",2860,4-NON,10-K,20251231,Y
1201792,APEI,AMERICAN PUBLIC EDUCATION INC,8200,2-ACC,10-K,20251231,Y
1203464,IAG,IAMGOLD CORP,1040,,40-F,20251231,Y
1206264,SGI,SOMNIGROUP INTERNATIONAL INC.,2510,1-LAF,10-K,20251231,Y
1207179,GLNG,GOLAR LNG LTD,4400,1-LAF,20-F,20251231,Y
1209709,,CERES TACTICAL SYSTEMATIC L.P.,6221,4-NON,10-K,20251231,N
1210677,FA,FIRST ADVANTAGE CORP,7374,1-LAF,10-K,20251231,Y
1210708,STRR,"STAR EQUITY HOLDINGS, INC.",7363,4-NON,10-K,20251231,Y
1211583,FENC,FENNEC PHARMACEUTICALS INC.,2836,4-NON,10-K,20251231,Y
1212545,WAL,WESTERN ALLIANCE BANCORPORATION,6022,1-LAF,10-K,20251231,Y
1213037,CRDF,"CARDIFF ONCOLOGY, INC.",2836,4-NON,10-K,20251231,Y
1213809,DYAI,DYADIC INTERNATIONAL INC,2836,4-NON,10-K,20251231,Y
1214816,AXS,AXIS CAPITAL HOLDINGS LTD,6331,1-LAF,10-K,20251231,Y
1217234,CDNA,"CAREDX, INC.",8071,1-LAF,10-K,20251231,Y
1218683,BGDE,MAWSON INFRASTRUCTURE GROUP INC.,6199,4-NON,10-K,20251231,Y
1219601,CCK,"CROWN HOLDINGS, INC.",3411,1-LAF,10-K,20251231,Y
1222333,GLD,SPDR GOLD TRUST,6221,1-LAF,10-Q,20251231,Y
1224133,MCHX,MARCHEX INC,7372,4-NON,10-K,20251231,Y
1224608,CNO,"CNO FINANCIAL GROUP, INC.",6321,1-LAF,10-K,20251231,Y
1226616,MNOV,MEDICINOVA INC,2834,4-NON,10-K,20251231,Y
1227265,,CERES ORION L.P.,6221,4-NON,10-K,20251231,N
1227282,SPOWF,STRATA POWER CORP,1311,4-NON,20-F,20251231,Y
1227500,EQBK,EQUITY BANCSHARES INC,6022,2-ACC,10-K,20251231,Y
1227636,STIM,"NEURONETICS, INC.",3841,4-NON,10-K,20251231,Y
1227654,CMP,COMPASS MINERALS INTERNATIONAL INC,1400,2-ACC,10-Q,20251231,Y
1228454,BCBP,BCB BANCORP INC,6035,2-ACC,10-K,20251231,Y
1228627,IRD,"OPUS GENETICS, INC.",2834,4-NON,10-K,20251231,Y
1230058,KANP,KAANAPALI LAND LLC,6552,4-NON,10-K,20251231,Y
1230245,PIPR,PIPER SANDLER COMPANIES,6211,1-LAF,10-K,20251231,Y
1230524,LEEN,"LEOPARD ENERGY, INC.",8742,4-NON,10-Q,20260131,Y
1231346,SA,SEABRIDGE GOLD INC,1040,,40-F,20251231,Y
1231457,GNLX,GENELUX CORP,2834,4-NON,10-K,20251231,Y
1232384,TRP,TC ENERGY CORP,4922,,40-F,20251231,Y
1232524,JAZZ,JAZZ PHARMACEUTICALS PLC,2834,1-LAF,10-K,20251231,Y
1232582,AHT,ASHFORD HOSPITALITY TRUST INC,6798,4-NON,10-K,20251231,Y
1234006,GOOD,GLADSTONE COMMERCIAL CORP,6519,1-LAF,10-K,20251231,Y
1235468,LQDT,LIQUIDITY SERVICES INC,7389,1-LAF,10-Q,20251231,Y
1235912,CVRX,"CVRX, INC.",3841,4-NON,10-K,20251231,Y
1236275,QXO,"QXO, INC.",5030,4-NON,10-K,20251231,Y
1237831,GMED,GLOBUS MEDICAL INC,3841,1-LAF,10-K,20251231,Y
1243429,MT,ARCELORMITTAL,3312,1-LAF,20-F,20251231,Y
1253689,CBIO,"CRESCENT BIOPHARMA, INC.",2834,4-NON,10-K,20251231,Y
1253986,ABR,ARBOR REALTY TRUST INC,6798,1-LAF,10-K,20251231,Y
1257640,KRO,KRONOS WORLDWIDE INC,2810,2-ACC,10-K,20251231,Y
1258602,NNI,NELNET INC,6141,1-LAF,10-K,20251231,Y
1259429,OXSQ,OXFORD SQUARE CAPITAL CORP.,,4-NON,10-K,20251231,Y
1260221,TDG,TRANSDIGM GROUP INC,3728,1-LAF,10-Q,20251231,Y
1261333,DOCU,"DOCUSIGN, INC.",7372,1-LAF,10-K,20260131,Y
1261654,UTI,UNIVERSAL TECHNICAL INSTITUTE INC,8200,1-LAF,10-Q,20251231,Y
1262039,FTNT,"FORTINET, INC.",3577,1-LAF,10-K,20251231,Y
1262104,LITS,"LITE STRATEGY, INC.",2834,4-NON,10-Q,20251231,Y
1262823,WLK,WESTLAKE CORP,2860,1-LAF,10-K,20251231,Y
1262976,CMPR,CIMPRESS PLC,2750,1-LAF,10-Q,20251231,Y
1263364,COPR,IDAHO COPPER CORP,1000,4-NON,10-K,20260131,Y
1265131,HTH,HILLTOP HOLDINGS INC.,6022,1-LAF,10-K,20251231,Y
1266806,VANI,"VIVANI MEDICAL, INC.",3845,4-NON,10-K,20251231,Y
1267238,AIZ,"ASSURANT, INC.",6399,1-LAF,10-K,20251231,Y
1267395,AHL-PD,ASPEN INSURANCE HOLDINGS LTD,6331,2-ACC,20-F,20251231,Y
1267565,COLL,"COLLEGIUM PHARMACEUTICAL, INC",2834,1-LAF,10-K,20251231,Y
1269026,SINT,"SINTX TECHNOLOGIES, INC.",3841,4-NON,10-K,20251231,Y
1270436,COHN,COHEN & CO INC.,6211,4-NON,10-K,20251231,Y
1271833,,CCO HOLDINGS LLC,4841,4-NON,10-K,20251231,N
1272842,AIRG,AIRGAIN INC,3663,4-NON,10-K,20251231,Y
1273441,GTE,GRAN TIERRA ENERGY INC.,1311,2-ACC,10-K,20251231,Y
1273685,ADAM,"ADAMAS TRUST, INC.",6798,2-ACC,10-K,20251231,Y
1273813,AGO,ASSURED GUARANTY LTD,6351,1-LAF,10-K,20251231,Y
1274173,,JANUS HENDERSON GROUP PLC,6282,1-LAF,10-K,20251231,N
1274494,FSLR,"FIRST SOLAR, INC.",3674,1-LAF,10-K,20251231,Y
1274737,XGN,EXAGEN INC.,8071,4-NON,10-K,20251231,Y
1275014,UCTT,"ULTRA CLEAN HOLDINGS, INC.",3674,1-LAF,10-K,20251231,Y
1275101,BOTJ,BANK OF THE JAMES FINANCIAL GROUP INC,6022,4-NON,10-K,20251231,Y
1275158,NDLS,NOODLES & CO,5812,4-NON,10-K,20251231,Y
1275168,FSBC,FIVE STAR BANCORP,6022,2-ACC,10-K,20251231,Y
1275187,ANGO,ANGIODYNAMICS INC,3841,2-ACC,10-Q,20251130,Y
1275477,BMNM,"BIMINI CAPITAL MANAGEMENT, INC.",6798,4-NON,10-K,20251231,Y
1276187,ET,ENERGY TRANSFER LP,4922,1-LAF,10-K,20251231,Y
1276520,GNW,GENWORTH FINANCIAL INC,6311,1-LAF,10-K,20251231,Y
1277866,EXK,ENDEAVOUR SILVER CORP,1040,,40-F,20251231,Y
1277902,MVBF,MVB FINANCIAL CORP,6022,2-ACC,10-K,20251231,Y
1278021,MKTX,MARKETAXESS HOLDINGS INC,6211,1-LAF,10-K,20251231,Y
1278027,BGS,"B&G FOODS, INC.",2000,2-ACC,10-K,20251231,Y
1278680,IAU,ISHARES GOLD TRUST,6221,1-LAF,10-K,20251231,Y
1278752,MFIC,MIDCAP FINANCIAL INVESTMENT CORP,,1-LAF,10-K,20251231,Y
1279495,BTE,BAYTEX ENERGY CORP.,1381,,40-F,20251231,Y
1279704,CLRB,"CELLECTAR BIOSCIENCES, INC.",2834,4-NON,10-K,20251231,Y
1279715,IWSH,"WRIGHT INVESTORS SERVICE HOLDINGS, INC.",6282,4-NON,10-K,20251231,Y
1280058,BLKB,BLACKBAUD INC,7372,1-LAF,10-K,20251231,Y
1280263,AMBA,AMBARELLA INC,3674,1-LAF,10-K,20260131,Y
1280452,MPWR,MONOLITHIC POWER SYSTEMS INC,3674,1-LAF,10-K,20251231,Y
1280776,IMUX,"IMMUNIC, INC.",2834,4-NON,10-K,20251231,Y
1280784,HTGC,"HERCULES CAPITAL, INC.",,1-LAF,10-K,20251231,Y
1281761,RF,REGIONS FINANCIAL CORP,6021,1-LAF,10-K,20251231,Y
1281895,RCKT,"ROCKET PHARMACEUTICALS, INC.",2834,4-NON,10-K,20251231,Y
1282224,DLPN,"DOLPHIN ENTERTAINMENT, INC.",7200,4-NON,10-K,20251231,Y
1282631,NLST,NETLIST INC,3674,4-NON,10-K,20251231,Y
1282637,NEU,NEWMARKET CORP,2860,1-LAF,10-K,20251231,Y
1282648,BATL,BATTALION OIL CORP,1311,4-NON,10-K,20251231,Y
1282980,DROR,"DROR ORTHO-DESIGN, INC.",3843,4-NON,10-K,20251231,Y
1283699,TMUS,"T-MOBILE US, INC.",4812,1-LAF,10-K,20251231,Y
1284812,CNS,"COHEN & STEERS, INC.",6282,1-LAF,10-K,20251231,Y
1285550,CLPT,"CLEARPOINT NEURO, INC.",3841,4-NON,10-K,20251231,Y
1285785,MOS,MOSAIC CO,2870,1-LAF,10-K,20251231,Y
1285819,OMER,OMEROS CORP,2834,4-NON,10-K,20251231,Y
1286043,KRG,KITE REALTY GROUP TRUST,6798,1-LAF,10-K,20251231,Y
1286139,LZ,"LEGALZOOM.COM, INC.",7374,1-LAF,10-K,20251231,Y
1286613,LINC,LINCOLN EDUCATIONAL SERVICES CORP,8200,2-ACC,10-K,20251231,Y
1286681,DPZ,DOMINOS PIZZA INC,5140,1-LAF,10-K,20251231,Y
1286973,USAS,AMERICAS GOLD & SILVER CORP,1000,2-ACC,40-F,20251231,Y
1287032,PSEC,PROSPECT CAPITAL CORP,,1-LAF,10-Q,20251231,Y
1287098,MXCT,"MAXCYTE, INC.",8731,4-NON,10-K,20251231,Y
1287213,PLOW,"DOUGLAS DYNAMICS, INC",3531,2-ACC,10-K,20251231,Y
1287750,ARCC,ARES CAPITAL CORP,,1-LAF,10-K,20251231,Y
1287865,MPT,MEDICAL PROPERTIES TRUST INC,6798,1-LAF,10-K,20251231,Y
1288403,WTI,W&T OFFSHORE INC,1311,2-ACC,10-K,20251231,Y
1288469,MXL,"MAXLINEAR, INC",3674,1-LAF,10-K,20251231,Y
1288770,XTGRF,XTRA-GOLD RESOURCES CORP,1000,4-NON,20-F,20251231,Y
1288847,FIVN,"FIVE9, INC.",7374,1-LAF,10-K,20251231,Y
1288855,OPHC,"OPTIMUMBANK HOLDINGS, INC.",6021,4-NON,10-K,20251231,Y
1289237,,"U. S. PREMIUM BEEF, LLC",0200,4-NON,10-K,20251231,N
1289308,ENS,ENERSYS,3690,1-LAF,10-Q,20251231,Y
1289340,STXS,"STEREOTAXIS, INC.",3845,4-NON,10-K,20251231,Y
1289419,MORN,"MORNINGSTAR, INC.",6282,1-LAF,10-K,20251231,Y
1289460,TXRH,"TEXAS ROADHOUSE, INC.",5812,1-LAF,10-K,20251231,Y
1289490,EXR,EXTRA SPACE STORAGE INC.,6798,1-LAF,10-K,20251231,Y
1289848,HURN,HURON CONSULTING GROUP INC.,8742,1-LAF,10-K,20251231,Y
1289877,SFL,SFL CORP LTD.,4412,1-LAF,20-F,20251231,Y
1289945,SPOK,"SPOK HOLDINGS, INC",4812,2-ACC,10-K,20251231,Y
1290677,TPB,"TURNING POINT BRANDS, INC.",2100,1-LAF,10-K,20251231,Y
1290900,CVGI,"COMMERCIAL VEHICLE GROUP, INC.",3714,2-ACC,10-K,20251231,Y
1293135,VET,VERMILION ENERGY INC.,1311,,40-F,20251231,Y
1294133,INGN,INOGEN INC,3842,2-ACC,10-K,20251231,Y
1295401,TBBK,"BANCORP, INC.",6021,1-LAF,10-K,20251231,Y
1295514,MDWK,"MDWERKS, INC.",2080,4-NON,10-K,20251231,Y
1295810,SHO,"SUNSTONE HOTEL INVESTORS, INC.",7011,1-LAF,10-K,20251231,Y
1295947,PBH,PRESTIGE CONSUMER HEALTHCARE INC.,2834,1-LAF,10-Q,20251231,Y
1296445,ORA,"ORMAT TECHNOLOGIES, INC.",4911,1-LAF,10-K,20251231,Y
1296884,,"LIGHTSTONE VALUE PLUS REIT I, INC.",6798,4-NON,10-K,20251231,N
1297107,COSO,"COASTALSOUTH BANCSHARES, INC.",6022,4-NON,10-K,20251231,Y
1297184,AMPH,"AMPHASTAR PHARMACEUTICALS, INC.",2834,1-LAF,10-K,20251231,Y
1297341,KFFB,KENTUCKY FIRST FEDERAL BANCORP,6035,4-NON,10-Q,20251231,Y
1297937,PRKA,"PARKS AMERICA, INC",7990,4-NON,10-Q,20251231,Y
1297989,EXLS,"EXLSERVICE HOLDINGS, INC.",7389,1-LAF,10-K,20251231,Y
1297996,DLR,"DIGITAL REALTY TRUST, INC.",6798,1-LAF,10-K,20251231,Y
1298675,CUBE,CUBESMART,6798,1-LAF,10-K,20251231,Y
1298946,DRH,DIAMONDROCK HOSPITALITY CO,6798,1-LAF,10-K,20251231,Y
1299130,PACB,"PACIFIC BIOSCIENCES OF CALIFORNIA, INC.",3826,2-ACC,10-K,20251231,Y
1299709,AX,"AXOS FINANCIAL, INC.",6035,1-LAF,10-Q,20251231,Y
1299969,CHCI,"COMSTOCK HOLDING COMPANIES, INC.",6500,4-NON,10-K,20251231,Y
1300514,LVS,LAS VEGAS SANDS CORP,7011,1-LAF,10-K,20251231,Y
1301787,BXC,BLUELINX HOLDINGS INC.,5031,1-LAF,10-K,20251231,Y
1302215,HLI,"HOULIHAN LOKEY, INC.",6282,1-LAF,10-Q,20251231,Y
1302387,BVFL,"BV FINANCIAL, INC.",6035,4-NON,10-K,20251231,Y
1303523,BTI,BRITISH AMERICAN TOBACCO P.L.C.,2111,1-LAF,20-F,20251231,Y
1304161,PBSV,"PHARMA-BIO SERV, INC.",8742,4-NON,10-Q,20260131,Y
1304280,,NOVELIS INC.,3350,4-NON,10-Q,20251231,N
1304492,ATEX,ANTERIX INC.,4813,4-NON,10-Q,20251231,Y
1306830,CE,CELANESE CORP,2820,1-LAF,10-K,20251231,Y
1306965,SHEL,SHELL PLC,1311,1-LAF,20-F,20251231,Y
1307579,LIQT,LIQTECH INTERNATIONAL INC,3590,4-NON,10-K,20251231,Y
1307748,IVT,INVENTRUST PROPERTIES CORP.,6798,1-LAF,10-K,20251231,Y
1307954,HUN,HUNTSMAN CORP,2800,1-LAF,10-K,20251231,Y
1308106,SEAL-PA,SEAPEAK LLC,4400,4-NON,20-F,20251231,Y
1308208,ULH,"UNIVERSAL LOGISTICS HOLDINGS, INC.",4213,2-ACC,10-K,20251231,Y
1308547,DLB,"DOLBY LABORATORIES, INC.",6794,1-LAF,10-Q,20251231,Y
1308648,AG,FIRST MAJESTIC SILVER CORP,1040,,40-F,20251231,Y
1309082,CEIN,"CAMBER ENERGY, INC.",1311,4-NON,10-K,20251231,Y
1309108,WEX,WEX INC.,7389,1-LAF,10-K,20251231,Y
1309402,GPRE,GREEN PLAINS INC.,2860,2-ACC,10-K,20251231,Y
1310383,,"SUMMIT HEALTHCARE REIT, INC",6798,4-NON,10-K,20251231,N
1311370,LAZ,"LAZARD, INC.",6282,1-LAF,10-K,20251231,Y
1311673,YTFD,"YALE TRANSACTION FINDERS, INC.",6770,4-NON,10-K,20251231,Y
1314052,AVXL,ANAVEX LIFE SCIENCES CORP.,2836,1-LAF,10-Q,20251231,Y
1314102,EYPT,"EYEPOINT, INC.",3826,4-NON,10-K,20251231,Y
1314152,,"JLL INCOME PROPERTY TRUST, INC.",6798,4-NON,10-K,20251231,N
1314727,SONO,SONOS INC,3651,1-LAF,10-Q,20251231,Y
1315061,,RIDGEWOOD ENERGY O FUND LLC,1382,4-NON,10-K,20251231,N
1315098,RBLX,ROBLOX CORP,7372,1-LAF,10-K,20251231,Y
1315257,KOP,KOPPERS HOLDINGS INC.,2400,1-LAF,10-K,20251231,Y
1315399,PKBK,"PARKE BANCORP, INC.",6022,2-ACC,10-K,20251231,Y
1316835,BLDR,"BUILDERS FIRSTSOURCE, INC.",5211,1-LAF,10-K,20251231,Y
1316944,,FEDERAL HOME LOAN BANK OF SAN FRANCISCO,6111,4-NON,10-K,20251231,N
1317630,,ITC HOLDINGS CORP.,4911,4-NON,10-K,20251231,N
1317685,ALH,ALLIANCE LAUNDRY HOLDINGS INC.,3580,4-NON,10-K,20251231,Y
1317945,OFLX,"OMEGA FLEX, INC.",3430,2-ACC,10-K,20251231,Y
1318008,ZUMZ,ZUMIEZ INC,5600,2-ACC,10-K,20260131,Y
1318220,WCN,"WASTE CONNECTIONS, INC.",4953,1-LAF,10-K,20251231,Y
1318605,TSLA,"TESLA, INC.",3711,1-LAF,10-K,20251231,Y
1318742,,NCL CORP LTD.,4400,4-NON,10-K,20251231,N
1318885,DSX,DIANA SHIPPING INC.,4412,2-ACC,20-F,20251231,Y
1319161,WMG,WARNER MUSIC GROUP CORP.,7900,1-LAF,10-Q,20251231,Y
1319229,,TRANSMONTAIGNE PARTNERS LLC,4610,4-NON,10-K,20251231,N
1319643,,"FINTRADE SHERPA, INC.",1040,4-NON,10-K,20251231,N
1319947,DBI,DESIGNER BRANDS INC.,5661,2-ACC,10-K,20260131,Y
1320350,LNSR,"LENSAR, INC.",3841,4-NON,10-K,20251231,Y
1320414,,SELECT MEDICAL HOLDINGS CORP,8060,1-LAF,10-K,20251231,N
1320461,CPS,COOPER-STANDARD HOLDINGS INC.,3714,2-ACC,10-K,20251231,Y
1320760,TSSI,"TSS, INC.",8742,4-NON,10-K,20251231,Y
1320854,RAIL,"FREIGHTCAR AMERICA, INC.",3743,2-ACC,10-K,20251231,Y
1321655,PLTR,PALANTIR TECHNOLOGIES INC.,7372,1-LAF,10-K,20251231,Y
1321732,PEN,PENUMBRA INC,3841,1-LAF,10-K,20251231,Y
1321741,GAIN,GLADSTONE INVESTMENT CORPORATIONDE,,4-NON,10-Q,20251231,Y
1321851,SEED,ORIGIN AGRITECH LTD,0100,4-NON,20-F,20250930,Y
1322422,HBM,HUDBAY MINERALS INC.,1000,,40-F,20251231,Y
1323404,WPM,WHEATON PRECIOUS METALS CORP.,1040,,40-F,20251231,Y
1323468,GLP,GLOBAL PARTNERS LP,5171,1-LAF,10-K,20251231,Y
1323885,ATRC,"ATRICURE, INC.",3841,1-LAF,10-K,20251231,Y
1324404,CF,"CF INDUSTRIES HOLDINGS, INC.",2870,1-LAF,10-K,20251231,Y
1324424,EXPE,"EXPEDIA GROUP, INC.",4700,1-LAF,10-K,20251231,Y
1324948,RBC,RBC BEARINGS INC,3562,1-LAF,10-Q,20251231,Y
1325618,IRMD,IRADIMED CORP,3841,4-NON,10-K,20251231,Y
1325670,FRST,PRIMIS FINANCIAL CORP.,6022,2-ACC,10-K,20251231,Y
1325676,,CERES TACTICAL COMMODITY L.P.,6221,4-NON,10-K,20251231,N
1325702,MX,MAGNACHIP SEMICONDUCTOR CORP,3674,2-ACC,10-K,20251231,Y
1325814,,FEDERAL HOME LOAN BANK OF DES MOINES,6111,4-NON,10-K,20251231,N
1325878,,FEDERAL HOME LOAN BANK OF TOPEKA,6111,4-NON,10-K,20251231,N
1325964,LWLG,"LIGHTWAVE LOGIC, INC.",3080,4-NON,10-K,20251231,Y
1326110,IBRX,"IMMUNITYBIO, INC.",2836,1-LAF,10-K,20251231,Y
1326160,DUK,DUKE ENERGY CORP,4931,1-LAF,10-K,20251231,Y
1326190,ALT,"ALTIMMUNE, INC.",2834,4-NON,10-K,20251231,Y
1326200,GNK,GENCO SHIPPING & TRADING LTD,4412,2-ACC,10-K,20251231,Y
1326380,GME,GAMESTOP CORP.,5734,1-LAF,10-K,20260131,Y
1326732,XNCR,XENCOR INC,2834,2-ACC,10-K,20251231,Y
1326771,,FEDERAL HOME LOAN BANK OF CINCINNATI,6111,4-NON,10-K,20251231,N
1326801,META,"META PLATFORMS, INC.",7370,1-LAF,10-K,20251231,Y
1327068,USO,"UNITED STATES OIL FUND, LP",6221,1-LAF,10-K,20251231,Y
1327273,,"LYRA THERAPEUTICS, INC.",3841,4-NON,10-K,20251231,N
1327567,PANW,PALO ALTO NETWORKS INC,3577,1-LAF,10-Q,20260131,Y
1327607,MYFW,FIRST WESTERN FINANCIAL INC,6022,2-ACC,10-K,20251231,Y
1327811,WDAY,"WORKDAY, INC.",7374,1-LAF,10-K,20260131,Y
1327978,ZARE,ARES REAL ESTATE INCOME TRUST INC.,6798,4-NON,10-K,20251231,Y
1328237,DBC,INVESCO DB COMMODITY INDEX TRACKING FUND,6221,1-LAF,10-K,20251231,Y
1328581,BCC,BOISE CASCADE CO,5030,1-LAF,10-K,20251231,Y
1328598,FXE,INVESCO CURRENCYSHARES EURO TRUST,6221,4-NON,10-K,20251231,Y
1328792,TPCS,TECHPRECISION CORP,3440,4-NON,10-Q,20251231,Y
1329099,BIDU,"BAIDU, INC.",7370,1-LAF,20-F,20251231,Y
1329842,,FEDERAL HOME LOAN BANK OF NEW YORK,6111,4-NON,10-K,20251231,N
1330399,,FEDERAL HOME LOAN BANK OF PITTSBURGH,6111,4-NON,10-K,20251231,N
1330568,SLV,ISHARES SILVER TRUST,6221,1-LAF,10-K,20251231,Y
1331284,DHT,"DHT HOLDINGS, INC.",4412,1-LAF,20-F,20251231,Y
1331451,,FEDERAL HOME LOAN BANK OF CHICAGO,6111,4-NON,10-K,20251231,N
1331463,,FEDERAL HOME LOAN BANK OF BOSTON,6111,4-NON,10-K,20251231,N
1331465,,FEDERAL HOME LOAN BANK OF ATLANTA,6111,4-NON,10-K,20251231,N
1331520,HOMB,HOME BANCSHARES INC,6022,1-LAF,10-K,20251231,Y
1331612,,"ANTIX HOLDINGS, INC.",8090,4-NON,10-K,20250630,N
1331754,,FEDERAL HOME LOAN BANK OF INDIANAPOLIS,6111,4-NON,10-K,20251231,N
1331757,,FEDERAL HOME LOAN BANK OF DALLAS,6111,4-NON,10-K,20251231,N
1331875,FNF,"FIDELITY NATIONAL FINANCIAL, INC.",6361,1-LAF,10-K,20251231,Y
1332174,GSG,ISHARES S&P GSCI COMMODITY-INDEXED TRUST,6221,1-LAF,10-K,20251231,Y
1332349,BKD,BROOKDALE SENIOR LIVING INC.,8050,1-LAF,10-K,20251231,Y
1332551,ACR,ACRES COMMERCIAL REALTY CORP.,6798,2-ACC,10-K,20251231,Y
1333141,FMS,FRESENIUS MEDICAL CARE AG,8090,1-LAF,20-F,20251231,Y
1333274,MERC,MERCER INTERNATIONAL INC.,2611,2-ACC,10-K,20251231,Y
1333493,EHTH,"EHEALTH, INC.",6411,2-ACC,10-K,20251231,Y
1333822,LEDS,SEMILEDS CORP,3674,4-NON,10-Q,20251130,Y
1333986,EQH,"EQUITABLE HOLDINGS, INC.",6411,1-LAF,10-K,20251231,Y
1334036,CROX,"CROCS, INC.",3021,1-LAF,10-K,20251231,Y
1334325,CODA,"CODA OCTOPUS GROUP, INC.",3812,4-NON,10-Q,20260131,Y
1334388,OBE,OBSIDIAN ENERGY LTD.,1311,,40-F,20251231,Y
1334933,UEC,URANIUM ENERGY CORP,1090,1-LAF,10-Q,20260131,Y
1334978,CCO,"CLEAR CHANNEL OUTDOOR HOLDINGS, INC.",7310,2-ACC,10-K,20251231,Y
1335105,NMAD,"LIXTE BIOTECHNOLOGY HOLDINGS, INC.",2834,4-NON,10-K,20251231,Y
1335258,LYV,"LIVE NATION ENTERTAINMENT, INC.",7900,1-LAF,10-K,20251231,Y
1336047,,"BOARDWALK PIPELINE PARTNERS, LP",4922,4-NON,10-K,20251231,N
1336706,NPB,NORTHPOINTE BANCSHARES INC,6022,4-NON,10-K,20251231,Y
1336917,UAA,"UNDER ARMOUR, INC.",2300,1-LAF,10-Q,20251231,Y
1336920,LDOS,"LEIDOS HOLDINGS, INC.",7373,1-LAF,10-K,20251231,Y
1337013,INFU,"INFUSYSTEM HOLDINGS, INC",3841,2-ACC,10-K,20251231,Y
1337068,MGYR,"MAGYAR BANCORP, INC.",6035,4-NON,10-Q,20251231,Y
1337298,FF,FUTUREFUEL CORP.,2860,2-ACC,10-K,20251231,Y
1337634,STUB,"STUBHUB HOLDINGS, INC.",7990,4-NON,10-K,20251231,Y
1338474,,RIDGEWOOD ENERGY Q FUND LLC,1382,4-NON,10-K,20251231,N
1338940,PERI,PERION NETWORK LTD.,7371,2-ACC,20-F,20251231,Y
1339005,FEMY,FEMASYS INC,3841,4-NON,10-K,20251231,Y
1339688,LCGMF,LION COPPER & GOLD CORP.,1000,4-NON,10-K,20251231,Y
1339970,ATYR,ATYR PHARMA INC,2836,4-NON,10-K,20251231,Y
1340476,DRTTF,DIRTT ENVIRONMENTAL SOLUTIONS LTD,7372,4-NON,10-K,20251231,Y
1341235,ALDX,"ALDEYRA THERAPEUTICS, INC.",2834,4-NON,10-K,20251231,Y
1341317,BWB,BRIDGEWATER BANCSHARES INC,6022,2-ACC,10-K,20251231,Y
1341335,FSM,FORTUNA MINING CORP.,1040,,40-F,20251231,Y
1341439,ORCL,ORACLE CORP,7372,1-LAF,10-Q,20260228,Y
1341766,CELH,"CELSIUS HOLDINGS, INC.",2086,1-LAF,10-K,20251231,Y
1342338,HIMX,"HIMAX TECHNOLOGIES, INC.",3674,1-LAF,20-F,20251231,Y
1342423,LMNR,LIMONEIRA CO,0100,2-ACC,10-Q,20260131,Y
1342874,TX,TERNIUM S.A.,3312,1-LAF,20-F,20251231,Y
1342916,HNOI,"HNO INTERNATIONAL, INC.",1000,4-NON,10-Q,20260131,Y
1342936,,"RIVULET ENTERTAINMENT, INC.",1311,4-NON,10-Q,20250930,N
1343009,CNBX,CNBX PHARMACEUTICALS INC.,2834,4-NON,10-Q,20251130,Y
1345016,YELP,YELP INC,7200,1-LAF,10-K,20251231,Y
1345105,CPA,"COPA HOLDINGS, S.A.",4512,1-LAF,20-F,20251231,Y
1345126,CODI,COMPASS DIVERSIFIED HOLDINGS,2510,1-LAF,10-Q,20250930,Y
1346022,ENRT,ENERTOPIA CORP.,1000,4-NON,10-Q,20251130,Y
1346830,TVRD,"TVARDI THERAPEUTICS, INC.",2834,4-NON,10-K,20251231,Y
1347123,NONE.,"EBR SYSTEMS, INC.",3841,4-NON,10-K,20251231,Y
1347178,VNDA,VANDA PHARMACEUTICALS INC.,2834,2-ACC,10-K,20251231,Y
1347858,XXII,"22ND CENTURY GROUP, INC.",2111,4-NON,10-K,20251231,Y
1348362,LEXX,LEXARIA BIOSCIENCE CORP.,2834,4-NON,10-Q,20251130,Y
1349436,SD,SANDRIDGE ENERGY INC,1311,2-ACC,10-K,20251231,Y
1349706,TOGI,"TURNONGREEN, INC.",3690,4-NON,10-K,20251231,Y
1350102,ASTI,"ASCENT SOLAR TECHNOLOGIES, INC.",3674,4-NON,10-K,20251231,Y
1350593,MWA,"MUELLER WATER PRODUCTS, INC.",3490,1-LAF,10-Q,20251231,Y
1350653,ATEC,"ALPHATEC HOLDINGS, INC.",3841,1-LAF,10-K,20251231,Y
1351636,SSTI,"SOUNDTHINKING, INC.",7372,4-NON,10-K,20251231,Y
1352010,EPAM,"EPAM SYSTEMS, INC.",7371,1-LAF,10-K,20251231,Y
1352190,,RIDGEWOOD ENERGY S FUND LLC,1382,4-NON,10-K,20251231,N
1353611,FXB,INVESCO CURRENCYSHARES BRITISH POUND STERLING TRUST,6221,4-NON,10-K,20251231,Y
1353612,FXC,INVESCO CURRENCYSHARES CANADIAN DOLLAR TRUST,6221,4-NON,10-K,20251231,Y
1353613,FXY,INVESCO CURRENCYSHARES JAPANESE YEN TRUST,6221,1-LAF,10-K,20251231,Y
1353614,FXA,INVESCO CURRENCYSHARES AUSTRALIAN DOLLAR TRUST,6221,4-NON,10-K,20251231,Y
1353615,FXF,INVESCO CURRENCYSHARES SWISS FRANC TRUST,6221,4-NON,10-K,20251231,Y
1354866,BYRN,BYRNA TECHNOLOGIES INC.,3690,4-NON,10-K,20251130,Y
1355444,EMBJ,EMBRAER S.A.,3721,1-LAF,20-F,20251231,Y
1355790,ISCO,INTERNATIONAL STEM CELL CORP,2834,4-NON,10-K,20251231,Y
1355839,IPM,INTELLIGENT PROTECTION MANAGEMENT CORP.,7370,4-NON,10-K,20251231,Y
1355848,TOON,"KARTOON STUDIOS, INC.",7812,4-NON,10-K,20251231,Y
1356090,PGEN,"PRECIGEN, INC.",2834,4-NON,10-K,20251231,Y
1356115,NXDT,NEXPOINT DIVERSIFIED REAL ESTATE TRUST,6798,4-NON,10-K,20251231,Y
1356576,SUPN,"SUPERNUS PHARMACEUTICALS, INC.",2834,1-LAF,10-K,20251231,Y
1357459,PALI,"PALISADE BIO, INC.",2836,4-NON,10-K,20251231,Y
1357615,KBR,"KBR, INC.",1600,1-LAF,10-K,20251231,Y
1357874,DTIL,PRECISION BIOSCIENCES INC,2836,4-NON,10-K,20251231,Y
1357971,ESOA,ENERGY SERVICES OF AMERICA CORP,1623,2-ACC,10-Q,20251231,Y
1359931,TARA,"PROTARA THERAPEUTICS, INC.",2836,4-NON,10-K,20251231,Y
1360214,HROW,"HARROW, INC.",2834,1-LAF,10-K,20251231,Y
1360442,DOGP,"DOGECOIN CASH, INC.",7200,4-NON,10-K,20251231,Y
1360565,WFCF,"WHERE FOOD COMES FROM, INC.",7372,4-NON,10-K,20251231,Y
1360604,HR,HEALTHCARE REALTY TRUST INC,6798,1-LAF,10-K,20251231,Y
1360901,EVR,EVERCORE INC.,6282,1-LAF,10-K,20251231,Y
1361113,VRNS,VARONIS SYSTEMS INC,7372,1-LAF,10-K,20251231,Y
1361538,PRIM,PRIMORIS SERVICES CORP,1623,1-LAF,10-K,20251231,Y
1361658,TNL,TRAVEL & LEISURE CO.,7011,1-LAF,10-K,20251231,Y
1362004,ICFI,"ICF INTERNATIONAL, INC.",8742,1-LAF,10-K,20251231,Y
1362190,AEYE,AUDIOEYE INC,7372,4-NON,10-K,20251231,Y
1362468,ALGT,ALLEGIANT TRAVEL CO,4512,1-LAF,10-K,20251231,Y
1362516,CLRI,"CLEARTRONIC, INC.",4812,4-NON,10-Q,20251231,Y
1362988,AYR,AIRCASTLE LTD,7359,4-NON,10-Q,20251130,Y
1364125,WRN,WESTERN COPPER & GOLD CORP,1000,,40-F,20251231,Y
1364250,DEI,DOUGLAS EMMETT INC,6798,1-LAF,10-K,20251231,Y
1364397,,RIDGEWOOD ENERGY T FUND LLC,1382,4-NON,10-K,20251231,N
1364479,HRI,HERC HOLDINGS INC,7350,1-LAF,10-K,20251231,Y
1364954,CHGG,"CHEGG, INC",8200,2-ACC,10-K,20251231,Y
1365135,WU,WESTERN UNION CO,7389,1-LAF,10-K,20251231,Y
1365767,ALLT,ALLOT LTD.,3576,2-ACC,20-F,20251231,Y
1366868,GSAT,"GLOBALSTAR, INC.",4899,1-LAF,10-K,20251231,Y
1367083,SNOA,"SONOMA PHARMACEUTICALS, INC.",3841,4-NON,10-Q,20251231,Y
1367644,EBS,EMERGENT BIOSOLUTIONS INC.,2834,2-ACC,10-K,20251231,Y
1367859,CZWI,CITIZENS COMMUNITY BANCORP INC.,6035,2-ACC,10-K,20251231,Y
1367993,HAFG,"HOLISTIC ASSET FINANCE GROUP CO., LTD.",7380,4-NON,10-K,20251231,Y
1368265,CLNE,CLEAN ENERGY FUELS CORP.,4932,2-ACC,10-K,20251231,Y
1368458,SBH,"SALLY BEAUTY HOLDINGS, INC.",5990,1-LAF,10-Q,20251231,Y
1368514,ADMA,"ADMA BIOLOGICS, INC.",2836,1-LAF,10-K,20251231,Y
1368519,NOA,NORTH AMERICAN CONSTRUCTION GROUP LTD.,1389,,40-F,20251231,Y
1368622,AVAV,AEROVIRONMENT INC,3721,1-LAF,10-Q,20260131,Y
1368757,,"GTJ REIT, INC.",6798,4-NON,10-K,20251231,N
1369241,DAC,DANAOS CORP,4412,1-LAF,20-F,20251231,Y
1369290,MYO,"MYOMO, INC.",3842,4-NON,10-K,20251231,Y
1369568,,"CATALYST PHARMACEUTICALS, INC.",2834,1-LAF,10-K,20251231,N
1370053,ANAB,"ANAPTYSBIO, INC",2834,4-NON,10-K,20251231,Y
1370450,WLDN,"WILLDAN GROUP, INC.",8711,1-LAF,10-K,20251231,Y
1370637,ETSY,ETSY INC,7389,1-LAF,10-K,20251231,Y
1370755,TCPC,BLACKROCK TCP CAPITAL CORP.,,1-LAF,10-K,20251231,Y
1370946,OC,OWENS CORNING,3290,1-LAF,10-K,20251231,Y
1371128,NEWH,"NEWHYDROGEN, INC.",3081,4-NON,10-K,20251231,Y
1371285,TRUP,"TRUPANION, INC.",6324,1-LAF,10-K,20251231,Y
1371451,,HIGHWATER ETHANOL LLC,2860,4-NON,10-Q,20260131,N
1371489,III,INFORMATION SERVICES GROUP INC.,8742,2-ACC,10-K,20251231,Y
1372020,,GREAT LAKES DREDGE & DOCK CORP,1600,1-LAF,10-K,20251231,N
1372299,OCGN,"OCUGEN, INC.",2836,4-NON,10-K,20251231,Y
1372514,KPRX,KIORA PHARMACEUTICALS INC,2834,4-NON,10-K,20251231,Y
1372612,BOX,BOX INC,7372,1-LAF,10-K,20260131,Y
1372807,BCIC,BCP INVESTMENT CORP,,4-NON,10-K,20251231,Y
1373670,GRBK,"GREEN BRICK PARTNERS, INC.",1531,1-LAF,10-K,20251231,Y
1373715,NOW,"SERVICENOW, INC.",7372,1-LAF,10-K,20251231,Y
1374310,CBOE,"CBOE GLOBAL MARKETS, INC.",6200,1-LAF,10-K,20251231,Y
1374328,FTLF,"FITLIFE BRANDS, INC.",2833,4-NON,10-K,20251231,Y
1374339,PMN,PROMIS NEUROSCIENCES INC.,2834,4-NON,10-K,20251231,Y
1374567,LUVU,"LUVU BRANDS, INC.",2510,4-NON,10-Q,20251231,Y
1374690,LRMR,"LARIMAR THERAPEUTICS, INC.",2834,4-NON,10-K,20251231,Y
1374881,,KINGFISH HOLDING CORP,5090,4-NON,10-Q,20251231,N
1375205,URG,UR-ENERGY INC,1040,4-NON,10-K,20251231,Y
1375348,GLNS,GOLDEN STAR RESOURCE CORP.,1090,4-NON,10-Q,20251231,Y
1375365,SMCI,"SUPER MICRO COMPUTER, INC.",3571,1-LAF,10-Q,20251231,Y
1376139,CVI,CVR ENERGY INC,2911,1-LAF,10-K,20251231,Y
1376227,UNG,"UNITED STATES NATURAL GAS FUND, LP",6221,1-LAF,10-K,20251231,Y
1376231,VPRB,"VPR BRANDS, LP.",7372,4-NON,10-K,20251231,Y
1376321,CNET,ZW DATA ACTION TECHNOLOGIES INC.,7370,4-NON,10-K,20251231,Y
1376339,MDXG,"MIMEDX GROUP, INC.",3841,1-LAF,10-K,20251231,Y
1376793,CVAT,"CAVITATION TECHNOLOGIES, INC.",0700,4-NON,10-Q,20251231,Y
1376986,TVE,TENNESSEE VALLEY AUTHORITY,4911,4-NON,10-Q,20251231,Y
1377121,PTGX,"PROTAGONIST THERAPEUTICS, INC",2834,1-LAF,10-K,20251231,Y
1377149,CRVW,CAREVIEW COMMUNICATIONS INC,3663,4-NON,10-K,20251231,Y
1377178,,RIDGEWOOD ENERGY U FUND LLC,1382,4-NON,10-K,20251231,N
1377630,NCMI,"NATIONAL CINEMEDIA, INC.",7310,2-ACC,10-K,20251231,Y
1377757,GAU,GALIANO GOLD INC.,1400,,40-F,20251231,Y
1377789,AVNW,"AVIAT NETWORKS, INC.",3663,2-ACC,10-Q,20251231,Y
1377936,SAR,SARATOGA INVESTMENT CORP.,,2-ACC,10-Q,20251130,Y
1378140,OPTT,"OCEAN POWER TECHNOLOGIES, INC.",4911,4-NON,10-Q,20260131,Y
1378325,CV,"CAPSOVISION, INC",3845,4-NON,10-K,20251231,Y
1378590,BLIN,"BRIDGELINE DIGITAL, INC.",7372,4-NON,10-Q,20251231,Y
1378789,AER,AERCAP HOLDINGS N.V.,7359,1-LAF,20-F,20251231,Y
1378950,PRTS,"CARPARTS.COM, INC.",5531,4-NON,10-K,20251231,Y
1379006,NNVC,"NANOVIRICIDES, INC.",2834,4-NON,10-Q,20251231,Y
1379041,EIG,"EMPLOYERS HOLDINGS, INC.",6331,1-LAF,10-K,20251231,Y
1379785,BBDC,"BARINGS BDC, INC.",,1-LAF,10-K,20251231,Y
1380106,RPID,"RAPID MICRO BIOSYSTEMS, INC.",3826,4-NON,10-K,20251231,Y
1381197,IBKR,"INTERACTIVE BROKERS GROUP, INC.",6211,1-LAF,10-K,20251231,Y
1381531,,DOMTAR CORP,2621,4-NON,10-K,20251231,N
1381640,MLCO,MELCO RESORTS & ENTERTAINMENT LTD,7011,1-LAF,20-F,20251231,Y
1381668,TFSL,TFS FINANCIAL CORP,6035,1-LAF,10-Q,20251231,Y
1382101,STRO,"SUTRO BIOPHARMA, INC.",2836,4-NON,10-K,20251231,Y
1382574,SCNX,"SCIENTURE HOLDINGS, INC.",2834,4-NON,10-K,20251231,Y
1383057,DBP,INVESCO DB PRECIOUS METALS FUND,6221,4-NON,10-K,20251231,Y
1383058,DBO,INVESCO DB OIL FUND,6221,4-NON,10-K,20251231,Y
1383062,DBE,INVESCO DB ENERGY FUND,6221,4-NON,10-K,20251231,Y
1383082,DBA,INVESCO DB AGRICULTURE FUND,6221,1-LAF,10-K,20251231,Y
1383084,DBB,INVESCO DB BASE METALS FUND,6221,4-NON,10-K,20251231,Y
1383149,UDN,INVESCO DB US DOLLAR INDEX BEARISH FUND,6221,4-NON,10-K,20251231,Y
1383151,,INVESCO DB US DOLLAR INDEX BULLISH FUND,6221,4-NON,10-K,20251231,N
1383312,BR,"BROADRIDGE FINANCIAL SOLUTIONS, INC.",7389,1-LAF,10-Q,20251231,Y
1383414,PNNT,PENNANTPARK INVESTMENT CORP,,2-ACC,10-Q,20251231,Y
1383650,CQP,"CHENIERE ENERGY PARTNERS, L.P.",4924,1-LAF,10-K,20251231,Y
1384101,VCYT,"VERACYTE, INC.",8071,1-LAF,10-K,20251231,Y
1384195,REI,"RING ENERGY, INC.",1311,2-ACC,10-K,20251231,Y
1384905,RNG,"RINGCENTRAL, INC.",7374,1-LAF,10-K,20251231,Y
1385157,TEL,TE CONNECTIVITY PLC,5065,1-LAF,10-Q,20251231,Y
1385280,CNK,"CINEMARK HOLDINGS, INC.",7830,1-LAF,10-K,20251231,Y
1385613,GLRE,"GREENLIGHT CAPITAL RE, LTD.",6331,2-ACC,10-K,20251231,Y
1385662,,RIDGEWOOD ENERGY V FUND LLC,1382,4-NON,10-K,20251231,N
1385818,AYTU,"AYTU BIOPHARMA, INC",2834,4-NON,10-Q,20251231,Y
1385849,UUUU,ENERGY FUELS INC,1400,1-LAF,10-K,20251231,Y
1386278,GDOT,GREEN DOT CORP,6199,2-ACC,10-K,20251231,Y
1386301,RSSS,"RESEARCH SOLUTIONS, INC.",7389,4-NON,10-Q,20251231,Y
1386570,NAGE,"NIAGEN BIOSCIENCE, INC.",2833,4-NON,10-K,20251231,Y
1386716,SBLK,STAR BULK CARRIERS CORP.,4412,1-LAF,20-F,20251231,Y
1387061,,"LIGHTSTONE VALUE PLUS REIT V, INC.",6798,4-NON,10-K,20251231,N
1387467,AOSL,ALPHA & OMEGA SEMICONDUCTOR LTD,3674,1-LAF,10-Q,20251231,Y
1388320,ATNM,"ACTINIUM PHARMACEUTICALS, INC.",2834,4-NON,10-K,20251231,Y
1388658,IRTC,"IRHYTHM HOLDINGS, INC.",3841,1-LAF,10-K,20251231,Y
1389050,AROC,"ARCHROCK, INC.",4922,1-LAF,10-K,20251231,Y
1389170,TRGP,TARGA RESOURCES CORP.,4922,1-LAF,10-K,20251231,Y
1389545,SDEV,"NOVABAY PHARMACEUTICALS, INC.",2834,4-NON,10-K,20251231,Y
1390478,SLS,"SELLAS LIFE SCIENCES GROUP, INC.",2834,4-NON,10-K,20251231,Y
1390777,BNY,BANK OF NEW YORK MELLON CORP,6022,1-LAF,10-K,20251231,Y
1391933,QNTO,"QUAINT OAK BANCORP, INC.",6036,4-NON,10-K,20251231,Y
1392272,CBNA,CHAIN BRIDGE BANCORP INC,6021,4-NON,10-K,20251231,Y
1392380,GEVO,"GEVO, INC.",2860,4-NON,10-K,20251231,Y
1392449,GPLB,GREEN PLANET BIO ENGINEERING CO. LTD.,2836,4-NON,10-K,20251231,Y
1393052,VEEV,VEEVA SYSTEMS INC,7372,1-LAF,10-K,20260131,Y
1393311,PSA,PUBLIC STORAGE,6798,1-LAF,10-K,20251231,Y
1393434,OCUL,"OCULAR THERAPEUTIX, INC",2834,1-LAF,10-K,20251231,Y
1393584,AMWL,AMERICAN WELL CORP,7389,2-ACC,10-K,20251231,Y
1393726,TIPT,TIPTREE INC.,6331,2-ACC,10-K,20251231,Y
1393781,QIND,QUALITY INDUSTRIAL CORP.,3590,4-NON,10-K,20251231,Y
1393818,BX,BLACKSTONE INC.,6282,1-LAF,10-K,20251231,Y
1393883,DHX,"DHI GROUP, INC.",7389,2-ACC,10-K,20251231,Y
1394056,OSS,"ONE STOP SYSTEMS, INC.",3571,4-NON,10-K,20251231,Y
1394108,SUIC,SUIC WORLDWIDE HOLDINGS LTD.,2860,4-NON,10-K,20251231,Y
1394638,DWAY,"DRIVEITAWAY HOLDINGS, INC.",8200,4-NON,10-K,20250930,Y
1395585,,FIRST TRINITY FINANCIAL CORP,6311,4-NON,10-K,20251231,N
1395937,SNDX,SYNDAX PHARMACEUTICALS INC,2834,1-LAF,10-K,20251231,Y
1395942,OPLN,"OPENLANE, INC.",5500,1-LAF,10-K,20251231,Y
1396009,VMC,VULCAN MATERIALS CO,1400,1-LAF,10-K,20251231,Y
1396440,MAIN,MAIN STREET CAPITAL CORP,,1-LAF,10-K,20251231,Y
1396536,DUOT,"DUOS TECHNOLOGIES GROUP, INC.",7372,4-NON,10-K,20251231,Y
1396814,PCRX,"PACIRA BIOSCIENCES, INC.",2834,1-LAF,10-K,20251231,Y
1396878,UGA,"UNITED STATES GASOLINE FUND, LP",6221,2-ACC,10-K,20251231,Y
1397016,OPXS,OPTEX SYSTEMS HOLDINGS INC,3827,4-NON,10-Q,20251231,Y
1397183,IVDA,"IVEDA SOLUTIONS, INC.",7372,4-NON,10-K,20251231,Y
1397187,LULU,LULULEMON ATHLETICA INC.,2300,1-LAF,10-K,20260131,Y
1397911,LPLA,LPL FINANCIAL HOLDINGS INC.,6200,1-LAF,10-K,20251231,Y
1398659,G,GENPACT LTD,8742,1-LAF,10-K,20251231,Y
1398733,AQST,"AQUESTIVE THERAPEUTICS, INC.",2834,4-NON,10-K,20251231,Y
1399520,STKS,"ONE GROUP HOSPITALITY, INC.",5812,2-ACC,10-K,20251231,Y
1400118,SGMT,SAGIMET BIOSCIENCES INC.,2834,4-NON,10-K,20251231,Y
1400810,HCI,"HCI GROUP, INC.",6331,1-LAF,10-K,20251231,Y
1400891,IHRT,"IHEARTMEDIA, INC.",4832,2-ACC,10-K,20251231,Y
1401040,DMAC,DIAMEDICA THERAPEUTICS INC.,2834,4-NON,10-K,20251231,Y
1401257,FET,"FORUM ENERGY TECHNOLOGIES, INC.",3533,2-ACC,10-K,20251231,Y
1401521,ACIC,AMERICAN COASTAL INSURANCE CORP,6331,2-ACC,10-K,20251231,Y
1401667,PBYI,"PUMA BIOTECHNOLOGY, INC.",2834,2-ACC,10-K,20251231,Y
1401835,SRGZ,STAR GOLD CORP.,1000,4-NON,10-Q,20260131,Y
1401914,DARE,"DARE BIOSCIENCE, INC.",2834,4-NON,10-K,20251231,Y
1402057,CDW,CDW CORP,5961,1-LAF,10-K,20251231,Y
1402388,WFG,"WEST FRASER TIMBER CO., LTD",2421,,40-F,20251231,Y
1402436,SSNC,SS&C TECHNOLOGIES HOLDINGS INC,7372,1-LAF,10-K,20251231,Y
1402829,ORN,ORION GROUP HOLDINGS INC,1600,2-ACC,10-K,20251231,Y
1403161,V,VISA INC.,7389,1-LAF,10-Q,20251231,Y
1403475,BMRC,BANK OF MARIN BANCORP,6022,2-ACC,10-K,20251231,Y
1403528,OAK-PA,"BROOKFIELD OAKTREE HOLDINGS, LLC",6282,4-NON,10-K,20251231,Y
1403568,ULTA,"ULTA BEAUTY, INC.",5990,1-LAF,10-K,20260131,Y
1404281,ELDN,"ELEDON PHARMACEUTICALS, INC.",2834,4-NON,10-K,20251231,Y
1404644,NGNE,NEUROGENE INC.,2834,4-NON,10-K,20251231,Y
1404655,HUBS,HUBSPOT INC,7372,1-LAF,10-K,20251231,Y
1404912,KKR,KKR & CO. INC.,6282,1-LAF,10-K,20251231,Y
1404935,,"THC THERAPEUTICS, INC.",3523,4-NON,10-K,20240731,N
1405495,IDCC,"INTERDIGITAL, INC.",6794,1-LAF,10-K,20251231,Y
1405513,UNL,"UNITED STATES 12 MONTH NATURAL GAS FUND, LP",6221,4-NON,10-K,20251231,Y
1405528,USL,"UNITED STATES 12 MONTH OIL FUND, LP",6221,4-NON,10-K,20251231,Y
1406234,BIPH,BROOKFIELD INFRASTRUCTURE PARTNERS L.P.,4400,1-LAF,20-F,20251231,Y
1406587,FOR,FORESTAR GROUP INC.,6500,2-ACC,10-Q,20251231,Y
1406666,CALX,"CALIX, INC",4899,1-LAF,10-K,20251231,Y
1407583,BHLL,BUNKER HILL MINING CORP.,1000,4-NON,10-K,20251231,Y
1407704,BOTY,"LINGERIE FIGHTING CHAMPIONSHIPS, INC.",7900,4-NON,10-K,20251231,Y
1408075,GPK,GRAPHIC PACKAGING HOLDING CO,2650,1-LAF,10-K,20251231,Y
1408100,,"KENNEDY-WILSON HOLDINGS, INC.",6500,1-LAF,10-K,20251231,N
1408198,MSCI,MSCI INC.,7389,1-LAF,10-K,20251231,Y
1408443,MIST,MILESTONE PHARMACEUTICALS INC.,2834,4-NON,10-K,20251231,Y
1408534,FGBI,"FIRST GUARANTY BANCSHARES, INC.",6035,4-NON,10-K,20251231,Y
1408710,FN,FABRINET,3661,1-LAF,10-Q,20251231,Y
1409036,TARSF,SILVER NORTH RESOURCES LTD.,1040,4-NON,20-F,20250930,Y
1409171,TITN,TITAN MACHINERY INC.,5990,2-ACC,10-K,20260131,Y
1409375,OESX,"ORION ENERGY SYSTEMS, INC.",3640,4-NON,10-Q,20251231,Y
1409493,CIM,CHIMERA INVESTMENT CORP,6798,1-LAF,10-K,20251231,Y
1409947,,RIDGEWOOD ENERGY W FUND LLC,1382,4-NON,10-K,20251231,N
1409970,HAPN,LENDINGCLUB CORP,6141,1-LAF,10-K,20251231,Y
1410098,CRMD,CORMEDIX INC.,2834,4-NON,10-K,20251231,Y
1410384,QTWO,"Q2 HOLDINGS, INC.",7372,1-LAF,10-K,20251231,Y
1410636,AWK,"AMERICAN WATER WORKS COMPANY, INC.",4941,1-LAF,10-K,20251231,Y
1410738,VPLM,VOIP-PAL.COM INC,3661,4-NON,10-Q,20251231,Y
1411057,CBIH,"CANNABIS BIOSCIENCE INTERNATIONAL HOLDINGS, INC.",8731,4-NON,10-Q,20251130,Y
1411207,ALSN,ALLISON TRANSMISSION HOLDINGS INC,3714,1-LAF,10-K,20251231,Y
1411342,EFC,ELLINGTON FINANCIAL INC.,6500,1-LAF,10-K,20251231,Y
1411579,AMC,"AMC ENTERTAINMENT HOLDINGS, INC.",7830,1-LAF,10-K,20251231,Y
1411685,VTGN,"VISTAGEN THERAPEUTICS, INC.",2834,4-NON,10-Q,20251231,Y
1411690,BNGO,"BIONANO GENOMICS, INC.",3826,4-NON,10-K,20251231,Y
1412408,PHR,"PHREESIA, INC.",7389,1-LAF,10-K,20260131,Y
1412486,COCP,"COCRYSTAL PHARMA, INC.",2834,4-NON,10-K,20251231,Y
1412502,,STERLING REAL ESTATE TRUST,6798,4-NON,10-K,20251231,N
1413119,KBLB,"KRAIG BIOCRAFT LABORATORIES, INC.",2820,4-NON,10-K,20251231,Y
1413329,PM,PHILIP MORRIS INTERNATIONAL INC.,2111,1-LAF,10-K,20251231,Y
1413447,NXPI,NXP SEMICONDUCTORS N.V.,3674,1-LAF,10-K,20251231,Y
1413837,,FIRST FOUNDATION INC.,6022,2-ACC,10-K,20251231,N
1414382,CLEV,CONCRETE LEVELING SYSTEMS INC,3590,4-NON,10-Q,20260131,Y
1414767,NCPL,NETCAPITAL INC.,6199,4-NON,10-Q,20260131,Y
1414932,OCSL,OAKTREE SPECIALTY LENDING CORP,,1-LAF,10-Q,20251231,Y
1414953,MOJO,EQUATOR BEVERAGE CO,2080,4-NON,10-K,20251231,Y
1415311,AGQ,PROSHARES TRUST II,6221,1-LAF,10-K,20251231,Y
1415332,LTUM,LITHIUM CORP,1000,4-NON,10-K,20251231,Y
1415397,RAPH,RAPHAEL PHARMACEUTICAL INC.,2833,4-NON,10-K,20251231,Y
1415404,ECHO,ECHOSTAR CORP,4899,1-LAF,10-K,20251231,Y
1415744,NMEX,NORTHERN MINERALS & EXPLORATION LTD.,1040,4-NON,10-Q,20260131,Y
1415921,NMM,NAVIOS MARITIME PARTNERS L.P.,4412,1-LAF,20-F,20251231,Y
1416090,BSAI,BLUSKY AI INC.,1040,4-NON,10-K,20251231,Y
1416265,,"PROSPER MARKETPLACE, INC",6199,4-NON,10-K,20251231,N
1416876,FCHS,"FIRST CHOICE HEALTHCARE SOLUTIONS, INC.",8071,4-NON,10-K,20251231,Y
1417398,,"HILLENBRAND, INC.",3990,1-LAF,10-Q,20251231,N
1417663,SNWV,"SANUWAVE HEALTH, INC.",3841,4-NON,10-K,20251231,Y
1418076,SLRC,SLR INVESTMENT CORP.,,1-LAF,10-K,20251231,Y
1418121,APLE,"APPLE HOSPITALITY REIT, INC.",6798,1-LAF,10-K,20251231,Y
1418135,KDP,KEURIG DR PEPPER INC.,2080,1-LAF,10-K,20251231,Y
1418819,IRDM,IRIDIUM COMMUNICATIONS INC.,4899,1-LAF,10-K,20251231,Y
1419041,FBRX,"FORTE BIOSCIENCES, INC.",2834,4-NON,10-K,20251231,Y
1419536,CBNK,CAPITAL BANCORP INC,6021,2-ACC,10-K,20251231,Y
1419554,BBLG,BONE BIOLOGICS CORP,3842,4-NON,10-K,20251231,Y
1419612,SEDG,"SOLAREDGE TECHNOLOGIES, INC.",3674,1-LAF,10-K,20251231,Y
1419806,REEMF,RARE ELEMENT RESOURCES LTD,1040,4-NON,10-K,20251231,Y
1419945,TNK,TEEKAY TANKERS LTD.,4400,1-LAF,20-F,20251231,Y
1420520,ATOM,ATOMERA INC,3674,4-NON,10-K,20251231,Y
1420529,AACG,ATA CREATIVITY GLOBAL,8200,4-NON,20-F,20251231,Y
1420565,RNTX,"REIN THERAPEUTICS, INC.",2834,4-NON,10-K,20251231,Y
1420720,IBIO,"IBIO, INC.",2834,4-NON,10-Q,20251231,Y
1420800,ENOV,ENOVIS CORP,3842,1-LAF,10-K,20251231,Y
1420924,ADTI,"ADAPTI, INC.",7900,4-NON,10-Q,20251231,Y
1421461,IPI,"INTREPID POTASH, INC.",1400,2-ACC,10-K,20251231,Y
1421517,ERII,"ENERGY RECOVERY, INC.",3559,1-LAF,10-K,20251231,Y
1421642,MSLE,SATELLOS BIOSCIENCE INC.,2834,,40-F,20251231,Y
1421876,LKFT,GALAPAGOS NV,2834,1-LAF,20-F,20251231,Y
1422142,WHWK,"WHITEHAWK THERAPEUTICS, INC.",2834,4-NON,10-K,20251231,Y
1422143,KURA,"KURA ONCOLOGY, INC.",2834,4-NON,10-K,20251231,Y
1422183,FSK,FS KKR CAPITAL CORP,,1-LAF,10-K,20251231,Y
1422892,SGLY,SINGULARITY FUTURE TECHNOLOGY LTD.,4731,4-NON,10-Q,20251231,Y
1422930,PUBM,"PUBMATIC, INC.",7370,2-ACC,10-K,20251231,Y
1423221,NX,QUANEX BUILDING PRODUCTS CORP,3350,1-LAF,10-Q,20260131,Y
1423689,AGNC,AGNC INVESTMENT CORP.,6798,1-LAF,10-K,20251231,Y
1423869,PCB,PCB BANCORP,6022,2-ACC,10-K,20251231,Y
1423902,WES,"WESTERN MIDSTREAM PARTNERS, LP",4922,1-LAF,10-K,20251231,Y
1424182,BNL,"BROADSTONE NET LEASE, INC.",6798,1-LAF,10-K,20251231,Y
1424768,VYCO,VYCOR MEDICAL INC,3841,4-NON,10-K,20251231,Y
1424864,RYES,RISE GOLD CORP.,1000,4-NON,10-Q,20260131,Y
1424929,FOXF,FOX FACTORY HOLDING CORP,3751,1-LAF,10-K,20251231,Y
1425205,IOVA,"IOVANCE BIOTHERAPEUTICS, INC.",2836,2-ACC,10-K,20251231,Y
1425287,WKHS,WORKHORSE GROUP INC.,3711,4-NON,10-K,20251231,Y
1425292,UAN,"CVR PARTNERS, LP",2870,2-ACC,10-K,20251231,Y
1425355,SUIG,SUI GROUP HOLDINGS LTD.,6199,4-NON,10-K,20251231,Y
1425450,KIDS,ORTHOPEDIATRICS CORP,3841,2-ACC,10-K,20251231,Y
1426800,ASMB,"ASSEMBLY BIOSCIENCES, INC.",2834,4-NON,10-K,20251231,Y
1427570,HIND,"VYOME HOLDINGS, INC",2834,4-NON,10-K,20251231,Y
1427925,TLPH,"TALPHERA, INC.",2834,4-NON,10-K,20251231,Y
1428205,ARR,"ARMOUR RESIDENTIAL REIT, INC.",6798,1-LAF,10-K,20251231,Y
1428336,HQY,"HEALTHEQUITY, INC.",7389,1-LAF,10-K,20260131,Y
1428439,ROKU,"ROKU, INC",4841,1-LAF,10-K,20251231,Y
1429260,FBIO,"FORTRESS BIOTECH, INC.",2834,4-NON,10-K,20251231,Y
1429764,BLNK,BLINK CHARGING CO.,3690,2-ACC,10-K,20251231,Y
1429937,BTG,B2GOLD CORP,1040,,40-F,20251231,Y
1430306,TNXP,TONIX PHARMACEUTICALS HOLDING CORP.,2834,4-NON,10-K,20251231,Y
1430723,SFBS,"SERVISFIRST BANCSHARES, INC.",6022,1-LAF,10-K,20251231,Y
1430725,GSL,"GLOBAL SHIP LEASE, INC.",4412,1-LAF,20-F,20251231,Y
1431567,OVLY,OAK VALLEY BANCORP,6022,4-NON,10-K,20251231,Y
1431852,OGG,OSISKO DEVELOPMENT CORP.,1040,,40-F,20251231,Y
1432133,KLTR,KALTURA INC,7372,2-ACC,10-K,20251231,Y
1433195,APPF,APPFOLIO INC,7372,1-LAF,10-K,20251231,Y
1433270,AR,ANTERO RESOURCES CORP,1311,1-LAF,10-K,20251231,Y
1433551,SGLA,SINO GREEN LAND CORP.,5090,4-NON,10-Q,20251231,Y
1433607,NSPR,"INSPIREMD, INC.",3841,4-NON,10-K,20251231,Y
1433642,HLNE,HAMILTON LANE INC,6282,1-LAF,10-Q,20251231,Y
1433660,JBTM,JBT MAREL CORP,3550,1-LAF,10-K,20251231,Y
1434070,,RIDGEWOOD ENERGY Y FUND LLC,1382,4-NON,10-K,20251231,N
1434265,GMAB,GENMAB A/S,2834,1-LAF,20-F,20251231,Y
1434316,FATE,FATE THERAPEUTICS INC,2836,4-NON,10-K,20251231,Y
1434524,CLIR,CLEARSIGN TECHNOLOGIES CORP,3823,4-NON,10-K,20251231,Y
1434588,LOPE,"GRAND CANYON EDUCATION, INC.",8200,1-LAF,10-K,20251231,Y
1434601,TMGI,"MARQUIE GROUP, INC.",4832,4-NON,10-Q,20251130,Y
1434621,TREE,"LENDINGTREE, INC.",6163,2-ACC,10-K,20251231,Y
1434647,ZVRA,"ZEVRA THERAPEUTICS, INC.",2834,4-NON,10-K,20251231,Y
1434728,GWRS,"GLOBAL WATER RESOURCES, INC.",4941,4-NON,10-K,20251231,Y
1434737,,"SPIRITS TIME INTERNATIONAL, INC.",1311,4-NON,10-K,20241231,N
1434740,RNGC,RANGER GOLD CORP.,1040,4-NON,10-Q,20251231,Y
1434754,SB,"SAFE BULKERS, INC.",4412,2-ACC,20-F,20251231,Y
1434868,,"ESPERION THERAPEUTICS, INC.",2834,2-ACC,10-K,20251231,N
1435064,CETX,CEMTREX INC,3670,4-NON,10-Q,20251231,Y
1436126,MG,"MISTRAS GROUP, INC.",8711,2-ACC,10-K,20251231,Y
1436208,LEGH,LEGACY HOUSING CORP,2451,2-ACC,10-K,20251231,Y
1436229,BTCS,BTCS INC.,6199,4-NON,10-K,20251231,Y
1436425,HBCP,"HOME BANCORP, INC.",6036,2-ACC,10-K,20251231,Y
1436975,,"LIGHTSTONE VALUE PLUS REIT II, INC.",6798,4-NON,10-K,20251231,N
1437071,IVR,INVESCO MORTGAGE CAPITAL INC.,6798,2-ACC,10-K,20251231,Y
1437107,WBD,"WARNER BROS. DISCOVERY, INC.",4841,1-LAF,10-K,20251231,Y
1437226,MHH,"MASTECH DIGITAL, INC.",8742,4-NON,10-K,20251231,Y
1437283,RPMT,"REGO PAYMENT ARCHITECTURES, INC.",7372,4-NON,10-K,20251231,Y
1437402,ARDX,"ARDELYX, INC.",2834,1-LAF,10-K,20251231,Y
1437424,POET,POET TECHNOLOGIES INC.,3674,2-ACC,20-F,20251231,Y
1437479,ENBP,ENB FINANCIAL CORP,6021,4-NON,10-K,20251231,Y
1437517,CLOQ,"CYBERLOQ TECHNOLOGIES, INC.",7372,4-NON,10-K,20251231,Y
1437578,BFAM,BRIGHT HORIZONS FAMILY SOLUTIONS INC.,8351,1-LAF,10-K,20251231,Y
1437750,TRXA,T-REX ACQUISITION CORP.,6199,4-NON,10-Q,20251231,Y
1437925,MRDN,MERIDIAN HOLDINGS INC./NV,7372,4-NON,10-K,20251231,Y
1437958,CCB,COASTAL FINANCIAL CORP,6022,1-LAF,10-K,20251231,Y
1438133,TNDM,TANDEM DIABETES CARE INC,3841,1-LAF,10-K,20251231,Y
1438231,,DIGIMARC CORP,7373,4-NON,10-K,20251231,N
1438423,MRAM,EVERSPIN TECHNOLOGIES INC.,3674,4-NON,10-K,20251231,Y
1438461,ELRE,YINFU GOLD CORP.,1090,4-NON,10-Q,20251231,Y
1438472,MIAX,"MIAMI INTERNATIONAL HOLDINGS, INC.",6211,4-NON,10-K,20251231,Y
1438533,TVTX,"TRAVERE THERAPEUTICS, INC.",2834,1-LAF,10-K,20251231,Y
1438943,RNGE,"RANGE IMPACT, INC.",1600,4-NON,10-K,20251231,Y
1439222,AGIO,"AGIOS PHARMACEUTICALS, INC.",2834,1-LAF,10-K,20251231,Y
1439264,MVNC,MARVION INC.,6199,4-NON,10-K,20251231,Y
1439288,ZWS,ZURN ELKAY WATER SOLUTIONS CORP,3560,1-LAF,10-K,20251231,Y
1439725,BDSX,BIODESIX INC,8071,4-NON,10-K,20251231,Y
1440799,MMEX,MMEX RESOURCES CORP,7819,4-NON,10-Q,20260131,Y
1440972,LAR,LITHIUM ARGENTINA AG,1000,2-ACC,20-F,20251231,Y
1441236,CLW,CLEARWATER PAPER CORP,2631,2-ACC,10-K,20251231,Y
1441683,APPN,APPIAN CORP,7372,1-LAF,10-K,20251231,Y
1441816,MDB,"MONGODB, INC.",7372,1-LAF,10-K,20260131,Y
1442145,VRSK,"VERISK ANALYTICS, INC.",7374,1-LAF,10-K,20251231,Y
1442236,QRHC,QUEST RESOURCE HOLDING CORP,4953,4-NON,10-K,20251231,Y
1442492,LRDC,"LAREDO OIL, INC.",1311,4-NON,10-Q,20251130,Y
1443575,AVBH,"AVIDBANK HOLDINGS, INC.",6022,4-NON,10-K,20251231,Y
1443646,BAH,BOOZ ALLEN HAMILTON HOLDING CORP,8742,1-LAF,10-Q,20251231,Y
1443669,PRLB,PROTO LABS INC,3440,1-LAF,10-K,20251231,Y
1443863,BICX,BIOCORRX INC.,8093,4-NON,10-K,20251231,Y
1444192,GRCE,"GRACE THERAPEUTICS, INC.",2834,4-NON,10-Q,20251231,Y
1445305,WK,WORKIVA INC,7372,1-LAF,10-K,20251231,Y
1445942,TMRC,TEXAS MINERAL RESOURCES CORP.,1040,4-NON,10-Q,20251130,Y
1446159,AGPU,AXE COMPUTE INC.,3842,4-NON,10-K,20251231,Y
1446847,IRWD,IRONWOOD PHARMACEUTICALS INC,2834,2-ACC,10-K,20251231,Y
1447028,ABUS,ARBUTUS BIOPHARMA CORP,2834,4-NON,10-K,20251231,Y
1447362,CSTL,CASTLE BIOSCIENCES INC,8071,2-ACC,10-K,20251231,Y
1447669,TWLO,TWILIO INC,7372,1-LAF,10-K,20251231,Y
1448397,SHIP,SEANERGY MARITIME HOLDINGS CORP.,4412,2-ACC,20-F,20251231,Y
1448431,OPRX,OPTIMIZERX CORP,7389,4-NON,10-K,20251231,Y
1448893,ESNT,ESSENT GROUP LTD.,6351,1-LAF,10-K,20251231,Y
1449349,RDGL,VIVOS INC,3841,4-NON,10-K,20251231,Y
1449794,EMYB,"EMBASSY BANCORP, INC.",6022,4-NON,10-K,20251231,Y
1450922,SIVR,ABRDN SILVER ETF TRUST,6221,1-LAF,10-K,20251231,Y
1450923,SGOL,ABRDN GOLD ETF TRUST,6221,1-LAF,10-K,20251231,Y
1451505,RIG,TRANSOCEAN LTD.,1381,1-LAF,10-K,20251231,Y
1451809,SITM,SITIME CORP,3674,1-LAF,10-K,20251231,Y
1452477,SEVN,SEVEN HILLS REALTY TRUST,6798,4-NON,10-K,20251231,Y
1453015,BLDP,BALLARD POWER SYSTEMS INC.,3620,,40-F,20251231,Y
1453593,XTNT,"XTANT MEDICAL HOLDINGS, INC.",3841,4-NON,10-K,20251231,Y
1453687,RNAC,"CARTESIAN THERAPEUTICS, INC.",2834,4-NON,10-K,20251231,Y
1454938,TEAD,TEADS HOLDING CO.,7370,2-ACC,10-K,20251231,Y
1455365,CGTX,COGNITION THERAPEUTICS INC,2836,4-NON,10-K,20251231,Y
1455684,,"TPI COMPOSITES, INC",3510,4-NON,10-K,20251231,N
1455741,,"RIDGEWOOD ENERGY X FUND, LLC",1382,4-NON,10-K,20251231,N
1455863,COLD,AMERICOLD REALTY TRUST,6798,1-LAF,10-K,20251231,Y
1456189,LEAT,LEATT CORP,3751,4-NON,10-K,20251231,Y
1456346,FNV,FRANCO NEVADA CORP,1040,,40-F,20251231,Y
1457919,,RIDGEWOOD ENERGY A-1 FUND LLC,1382,4-NON,10-K,20251231,N
1459188,CHEV,CHARGING ROBOTICS INC.,5013,4-NON,10-K,20251231,Y
1459200,ALRM,"ALARM.COM HOLDINGS, INC.",7372,1-LAF,10-K,20251231,Y
1459839,SIBN,"SI-BONE, INC.",3841,1-LAF,10-K,20251231,Y
1459862,PALL,ABRDN PALLADIUM ETF TRUST,6221,2-ACC,10-K,20251231,Y
1460235,PPLT,ABRDN PLATINUM ETF TRUST,6221,1-LAF,10-K,20251231,Y
1460329,FLNT,"FLUENT, INC.",7310,4-NON,10-K,20251231,Y
1460602,,ORGENESIS INC.,2834,4-NON,10-K,20241231,N
1460702,AIXC,"AIXCRYPTO HOLDINGS, INC.",6199,4-NON,10-K,20251231,Y
1461219,,GRAHAM ALTERNATIVE INVESTMENT FUND I LLC,6221,4-NON,10-K,20251231,N
1461237,,GRAHAM ALTERNATIVE INVESTMENT FUND II LLC,6221,4-NON,10-K,20251231,N
1462056,BLZE,"BACKBLAZE, INC.",7372,2-ACC,10-K,20251231,Y
1462120,LOB,"LIVE OAK BANCSHARES, INC.",6022,1-LAF,10-K,20251231,Y
1462418,ASPS,ALTISOURCE PORTFOLIO SOLUTIONS S.A.,7380,4-NON,10-K,20251231,Y
1463101,ENPH,"ENPHASE ENERGY, INC.",3674,1-LAF,10-K,20251231,Y
1463208,TLSS,"TRANSPORTATION & LOGISTICS SYSTEMS, INC.",4700,4-NON,10-K,20251231,Y
1463913,,US ALLIANCE CORP,6311,4-NON,10-K,20251231,N
1463972,VUZI,VUZIX CORP,3663,4-NON,10-K,20251231,Y
1464343,ATLC,ATLANTICUS HOLDINGS CORP,6141,2-ACC,10-K,20251231,Y
1464423,PMT,PENNYMAC MORTGAGE INVESTMENT TRUST,6798,1-LAF,10-K,20251231,Y
1464521,HTFL,"HEARTFLOW, INC.",3841,4-NON,10-K,20251231,Y
1464591,GPRK,GEOPARK LTD,1311,2-ACC,20-F,20251231,Y
1464790,RILY,"BRC GROUP HOLDINGS, INC.",6282,2-ACC,10-K,20251231,Y
1465128,STWD,"STARWOOD PROPERTY TRUST, INC.",6798,1-LAF,10-K,20251231,Y
1465311,ZICX,ZICIX CORP,7310,4-NON,10-Q,20251231,Y
1465470,SHMP,NATURALSHRIMP INC,0900,4-NON,10-Q,20250630,Y
1465740,TWO,TWO HARBORS INVESTMENT CORP.,6798,1-LAF,10-K,20251231,Y
1466026,MSBI,"MIDLAND STATES BANCORP, INC.",6022,2-ACC,10-K,20251231,Y
1466085,IRT,"INDEPENDENCE REALTY TRUST, INC.",6798,1-LAF,10-K,20251231,Y
1466258,TT,TRANE TECHNOLOGIES PLC,3822,1-LAF,10-K,20251231,Y
1466593,OTTR,OTTER TAIL CORP,4911,1-LAF,10-K,20251231,Y
1467373,ACN,ACCENTURE PLC,7389,1-LAF,10-Q,20260228,Y
1467623,DBX,"DROPBOX, INC.",7372,1-LAF,10-K,20251231,Y
1467760,ARI,"APOLLO COMMERCIAL REAL ESTATE FINANCE, INC.",6798,1-LAF,10-K,20251231,Y
1467761,FIEE,"FIEE, INC.",3661,4-NON,10-K,20251231,Y
1467858,GM,GENERAL MOTORS CO,3711,1-LAF,10-K,20251231,Y
1468091,VEON,VEON LTD.,4812,1-LAF,20-F,20251231,Y
1468174,H,HYATT HOTELS CORP,7011,1-LAF,10-K,20251231,Y
1468328,ADUS,ADDUS HOMECARE CORP,8082,1-LAF,10-K,20251231,Y
1468492,HSCS,HEARTSCIENCES INC.,3842,4-NON,10-Q,20260131,Y
1468522,FER,FERROVIAL SE,1600,4-NON,20-F,20251231,Y
1468748,KOD,KODIAK SCIENCES INC.,2836,4-NON,10-K,20251231,Y
1468910,,MILLBURN MULTI-MARKETS FUND L.P.,6221,4-NON,10-K,20251231,N
1468929,NXGL,"NEXGEL, INC.",3841,4-NON,10-K,20251231,Y
1469367,RUN,SUNRUN INC.,3690,1-LAF,10-K,20251231,Y
1469443,RKDA,"ARCADIA BIOSCIENCES, INC.",1311,4-NON,10-K,20251231,Y
1470683,AEHL,ANTELOPE ENTERPRISE HOLDINGS LTD,4899,4-NON,20-F,20250930,Y
1471055,BSBR,BANCO SANTANDER (BRASIL) S.A.,6029,1-LAF,20-F,20251231,Y
1471265,NWBI,"NORTHWEST BANCSHARES, INC.",6021,1-LAF,10-K,20251231,Y
1471727,SRXH,"SRX HEALTH SOLUTIONS, INC.",2080,4-NON,10-Q,20251231,Y
1471824,CANE,TEUCRIUM COMMODITY TRUST,6221,4-NON,10-K,20251231,Y
1472012,IMNM,IMMUNOME INC.,2834,4-NON,10-K,20251231,Y
1472091,PDSB,PDS BIOTECHNOLOGY CORP,2834,4-NON,10-K,20251231,Y
1472326,GRO,BRAZIL POTASH CORP.,1400,4-NON,20-F,20251231,Y
1472494,BNO,"UNITED STATES BRENT OIL FUND, LP",6221,2-ACC,10-K,20251231,Y
1472787,FAF,FIRST AMERICAN FINANCIAL CORP,6361,1-LAF,10-K,20251231,Y
1473844,,"STELLAR BANCORP, INC.",6021,1-LAF,10-K,20251231,N
1474098,PEB,PEBBLEBROOK HOTEL TRUST,6798,1-LAF,10-K,20251231,Y
1474432,P,"EVERPURE, INC.",3572,1-LAF,10-K,20260131,Y
1474735,GNRC,GENERAC HOLDINGS INC.,3621,1-LAF,10-K,20251231,Y
1474903,BGSF,"BGSF, INC.",7363,2-ACC,10-K,20251231,Y
1475115,,"EVENTBRITE, INC.",7370,2-ACC,10-K,20251231,N
1475260,CVE,CENOVUS ENERGY INC.,1311,,40-F,20251231,Y
1475841,NBHC,NATIONAL BANK HOLDINGS CORP,6021,1-LAF,10-K,20251231,Y
1475922,PRI,"PRIMERICA, INC.",6311,1-LAF,10-K,20251231,Y
1476034,MCB,METROPOLITAN BANK HOLDING CORP.,6022,2-ACC,10-K,20251231,Y
1476045,CLDT,CHATHAM LODGING TRUST,6798,2-ACC,10-K,20251231,Y
1476150,TRNO,TERRENO REALTY CORP,6500,1-LAF,10-K,20251231,Y
1476204,PECO,"PHILLIPS EDISON & COMPANY, INC.",6798,1-LAF,10-K,20251231,Y
1476765,GBDC,"GOLUB CAPITAL BDC, INC.",,1-LAF,10-Q,20251231,Y
1476840,EXFY,"EXPENSIFY, INC.",7372,2-ACC,10-K,20251231,Y
1476963,,"SCORPIUS HOLDINGS, INC.",2834,4-NON,10-Q,20250630,N
1477049,PHYS,SPROTT PHYSICAL GOLD TRUST,6221,,40-F,20251231,Y
1477081,KGEI,KOLIBRI GLOBAL ENERGY INC.,1311,,40-F,20251231,Y
1477294,ST,SENSATA TECHNOLOGIES HOLDING PLC,3823,1-LAF,10-K,20251231,Y
1477333,NET,"CLOUDFLARE, INC.",7372,1-LAF,10-K,20251231,Y
1477449,TDOC,"TELADOC HEALTH, INC.",8011,1-LAF,10-K,20251231,Y
1477720,ASAN,"ASANA, INC.",7372,1-LAF,10-K,20260131,Y
1477815,SG,"SWEETGREEN, INC.",5812,1-LAF,10-K,20251231,Y
1477845,ANVS,"ANNOVIS BIO, INC.",2834,4-NON,10-K,20251231,Y
1478242,IQV,IQVIA HOLDINGS INC.,8731,1-LAF,10-K,20251231,Y
1478320,ADPT,ADAPTIVE BIOTECHNOLOGIES CORP,2836,1-LAF,10-K,20251231,Y
1478454,EBMT,"EAGLE BANCORP MONTANA, INC.",6022,2-ACC,10-K,20251231,Y
1479094,STAG,"STAG INDUSTRIAL, INC.",6798,1-LAF,10-K,20251231,Y
1479247,USCI,UNITED STATES COMMODITY INDEX FUNDS TRUST,6221,2-ACC,10-K,20251231,Y
1479615,SLN,SILENCE THERAPEUTICS PLC,2834,4-NON,10-K,20251231,Y
1479681,NUTX,NUTEX HEALTH INC.,7389,2-ACC,10-K,20251231,Y
1481028,HYSR,"SUNHYDROGEN, INC.",3674,4-NON,10-Q,20251231,Y
1481443,TCRI,"TECHCOM, INC.",6770,4-NON,10-K,20251231,Y
1481504,XERI,"XERIANT, INC.",3721,4-NON,10-Q,20251231,Y
1481582,RYZ,RYERSON HOLDING CORP,5051,2-ACC,10-K,20251231,Y
1481792,QUAD,"QUAD/GRAPHICS, INC.",2750,2-ACC,10-K,20251231,Y
1482430,KBSR,"KBS REAL ESTATE INVESTMENT TRUST III, INC.",6798,4-NON,10-K,20251231,Y
1482512,HPP,"HUDSON PACIFIC PROPERTIES, INC.",6500,1-LAF,10-K,20251231,Y
1482541,BNC,CEA INDUSTRIES INC.,0700,4-NON,10-Q,20260131,Y
1482554,HFUS,"HARTFORD CREATIVE GROUP, INC.",7374,4-NON,10-Q,20260131,Y
1482981,COCO,"VITA COCO COMPANY, INC.",2080,1-LAF,10-K,20251231,Y
1483386,GLTR,ABRDN PRECIOUS METALS BASKET ETF TRUST,6221,1-LAF,10-K,20251231,Y
1483646,,"BLACKSTAR ENTERPRISE GROUP, INC.",6199,4-NON,10-Q,20250331,N
1483934,STNG,SCORPIO TANKERS INC.,4412,1-LAF,20-F,20251231,Y
1484565,,SOLENO THERAPEUTICS INC,2834,1-LAF,10-K,20251231,N
1484612,OM,"OUTSET MEDICAL, INC.",3845,2-ACC,10-K,20251231,Y
1484769,FUBO,FUBOTV INC.,7812,1-LAF,10-Q,20251231,Y
1484778,TDUP,THREDUP INC.,5961,2-ACC,10-K,20251231,Y
1486159,CHRD,CHORD ENERGY CORP,1311,1-LAF,10-K,20251231,Y
1486957,BWXT,"BWX TECHNOLOGIES, INC.",3510,1-LAF,10-K,20251231,Y
1487091,QWTR,"QUEST WATER GLOBAL, INC.",3585,4-NON,10-Q,20250930,Y
1487428,HRZN,HORIZON TECHNOLOGY FINANCE CORP,,2-ACC,10-K,20251231,Y
1487712,,AIR LEASE CORP,7359,1-LAF,10-K,20251231,N
1487718,BLTH,"AMERICAN BATTERY MATERIALS, INC.",1400,4-NON,10-K,20251231,Y
1487918,OFS,OFS CAPITAL CORP,,4-NON,10-K,20251231,Y
1487952,VPG,"VISHAY PRECISION GROUP, INC.",3670,2-ACC,10-K,20251231,Y
1488039,ATOS,"ATOSSA THERAPEUTICS, INC.",2834,4-NON,10-K,20251231,Y
1488813,CUBI,"CUSTOMERS BANCORP, INC.",6022,1-LAF,10-K,20251231,Y
1488917,ELMD,"ELECTROMED, INC.",3845,4-NON,10-Q,20251231,Y
1489096,,"THERMON GROUP HOLDINGS, INC.",3620,1-LAF,10-Q,20251231,N
1489300,ZLME,ZHANLING INTERNATIONAL LTD,1000,4-NON,10-Q,20251130,Y
1489393,LYB,LYONDELLBASELL INDUSTRIES N.V.,2860,1-LAF,10-K,20251231,Y
1489874,GGROU,GOLDEN GROWERS COOPERATIVE,0700,4-NON,10-K,20251231,Y
1490161,SOWG,SOW GOOD INC.,2000,4-NON,10-K,20251231,Y
1490281,GRPN,"GROUPON, INC.",7311,2-ACC,10-K,20251231,Y
1490349,PFX,PHENIXFIN CORP,,4-NON,10-Q,20251231,Y
1490906,CFFN,"CAPITOL FEDERAL FINANCIAL, INC.",6035,1-LAF,10-Q,20251231,Y
1490978,SDGR,"SCHRODINGER, INC.",2834,1-LAF,10-K,20251231,Y
1491419,LVO,"LIVEONE, INC.",5812,4-NON,10-Q,20251231,Y
1492298,SBRA,"SABRA HEALTH CARE REIT, INC.",6798,1-LAF,10-K,20251231,Y
1492422,,"APELLIS PHARMACEUTICALS, INC.",2834,1-LAF,10-K,20251231,N
1492617,FWFW,"FLYWHEEL ADVANCED TECHNOLOGY, INC.",7380,4-NON,10-K,20250930,Y
1492691,KNX,KNIGHT-SWIFT TRANSPORTATION HOLDINGS INC.,4213,1-LAF,10-K,20251231,Y
1492869,,"SL GREEN OPERATING PARTNERSHIP, L.P.",6798,1-LAF,10-K,20251231,N
1493137,LCTC,"LIFELOC TECHNOLOGIES, INC",3826,4-NON,10-K,20251231,Y
1493225,,"NORTHFIELD BANCORP, INC.",6035,2-ACC,10-K,20251231,N
1493318,ETOR,ETORO GROUP LTD.,6211,4-NON,20-F,20251231,Y
1493594,MTSI,"MACOM TECHNOLOGY SOLUTIONS HOLDINGS, INC.",3674,1-LAF,10-Q,20251231,Y
1493712,STME,STIMCELL ENERGETICS INC.,3841,4-NON,10-Q,20251130,Y
1493761,TBCH,TURTLE BEACH CORP,3669,2-ACC,10-K,20251231,Y
1494259,CARG,"CARGURUS, INC.",7374,1-LAF,10-K,20251231,Y
1494558,AMBO,AMBOW EDUCATION HOLDING LTD.,8200,4-NON,10-K,20251231,Y
1494582,BOC,BOSTON OMAHA CORP,6510,4-NON,10-K,20251231,Y
1494728,PSLV,SPROTT PHYSICAL SILVER TRUST,6221,,40-F,20251231,Y
1494891,SRTS,"SENSUS HEALTHCARE, INC.",3841,4-NON,10-K,20251231,Y
1494904,GBLI,"GLOBAL INDEMNITY GROUP, LLC",6331,2-ACC,10-K,20251231,Y
1495231,IZEA,"IZEA WORLDWIDE, INC.",7310,4-NON,10-K,20251231,Y
1495240,LAND,GLADSTONE LAND CORP,6798,4-NON,10-K,20251231,Y
1495320,VRA,"VERA BRADLEY, INC.",3100,4-NON,10-K,20260131,Y
1495584,SVVC,"FIRSTHAND TECHNOLOGY VALUE FUND, INC.",,4-NON,10-K,20251231,Y
1495648,,BLACKWELL 3D CONSTRUCTION CORP.,1520,4-NON,10-Q,20251130,N
1495932,AGNT,"EXP WORLD HOLDINGS, INC.",6531,1-LAF,10-K,20251231,Y
1496099,NMFC,NEW MOUNTAIN FINANCE CORP,,1-LAF,10-K,20251231,Y
1496443,PAYS,"PAYSIGN, INC.",7389,4-NON,10-K,20251231,Y
1496690,BCRD,"BLUEONE CARD, INC.",7389,4-NON,10-Q,20251231,Y
1497230,FYNN,FYNTECHNICAL INNOVATIONS INC,7374,4-NON,10-Q,20250930,Y
1497253,VIVS,"VIVOSIM LABS, INC.",2836,4-NON,10-Q,20251231,Y
1497645,INN,"SUMMIT HOTEL PROPERTIES, INC.",6798,2-ACC,10-K,20251231,Y
1497649,GSTX,GRAPHENE & SOLAR TECHNOLOGIES LTD,1000,4-NON,10-K,20250930,Y
1497770,WD,"WALKER & DUNLOP, INC.",6199,1-LAF,10-K,20251231,Y
1498148,AITX,ARTIFICIAL INTELLIGENCE TECHNOLOGY SOLUTIONS INC.,7372,4-NON,10-Q,20251130,Y
1498372,IWAL,IWALLET CORP,3669,4-NON,10-K,20251231,Y
1498382,HURA,"TUHURA BIOSCIENCES, INC./NV",2834,4-NON,10-K,20251231,Y
1498403,BLRX,BIOLINERX LTD.,2834,4-NON,20-F,20251231,Y
1498547,CMRF,"CIM REAL ESTATE FINANCE TRUST, INC.",6798,4-NON,10-K,20251231,Y
1498710,,"SPIRIT AVIATION HOLDINGS, INC.",4512,2-ACC,10-K,20251231,N
1498828,,HOWARD HUGHES CORP,6798,4-NON,10-K,20251231,N
1499200,,"SABINE PASS LIQUEFACTION, LLC",4924,4-NON,10-K,20251231,N
1499275,,"GROOVY COMPANY, INC.",7372,4-NON,10-Q,20250930,N
1499422,RBB,RBB BANCORP,6022,2-ACC,10-K,20251231,Y
1499780,GLBS,GLOBUS MARITIME LTD,4412,4-NON,20-F,20251231,Y
1499832,TSQ,"TOWNSQUARE MEDIA, INC.",4832,2-ACC,10-K,20251231,Y
1500198,NMTC,NEUROONE MEDICAL TECHNOLOGIES CORP,3841,4-NON,10-Q,20251231,Y
1500217,AAT,"AMERICAN ASSETS TRUST, INC.",6798,1-LAF,10-K,20251231,Y
1500375,HFBL,"HOME FEDERAL BANCORP, INC. OF LOUISIANA",6035,4-NON,10-Q,20251231,Y
1500412,AMBQ,"AMBIQ MICRO, INC.",3674,4-NON,10-K,20251231,Y
1500435,GPRO,"GOPRO, INC.",3861,2-ACC,10-K,20251231,Y
1500881,EU,ENCORE ENERGY CORP.,1090,4-NON,10-K,20251231,Y
1501585,HII,"HUNTINGTON INGALLS INDUSTRIES, INC.",3730,1-LAF,10-K,20251231,Y
1501697,XFOR,"X4 PHARMACEUTICALS, INC",2836,4-NON,10-K,20251231,Y
1501796,AURA,"AURA BIOSCIENCES, INC.",2836,4-NON,10-K,20251231,Y
1501989,CTMX,"CYTOMX THERAPEUTICS, INC.",2834,2-ACC,10-K,20251231,Y
1502292,PRHI,"PRESURANCE HOLDINGS, INC.",6331,4-NON,10-K,20251231,Y
1502377,CTGO,"CONTANGO ORE, INC.",1040,4-NON,10-K,20251231,Y
1502557,KPEA,KUN PENG INTERNATIONAL LTD.,8200,4-NON,10-Q,20251231,Y
1502966,FUNI,"HYPHA LABS, INC.",8734,4-NON,10-K,20250930,Y
1503274,QTRX,QUANTERIX CORP,3826,2-ACC,10-K,20251231,Y
1503584,CMRE,COSTAMARE INC.,4412,2-ACC,20-F,20251231,Y
1503658,WNHK,"WINNING CATERING GROUP, INC.",6500,4-NON,10-K,20251231,Y
1503802,KPTI,KARYOPHARM THERAPEUTICS INC.,2834,4-NON,10-K,20251231,Y
1504008,BKU,"BANKUNITED, INC.",6035,1-LAF,10-K,20251231,Y
1504379,CSTE,CAESARSTONE LTD.,3281,4-NON,20-F,20251231,Y
1504461,NGL,NGL ENERGY PARTNERS LP,4922,2-ACC,10-Q,20251231,Y
1504619,PFLT,PENNANTPARK FLOATING RATE CAPITAL LTD.,,1-LAF,10-Q,20251231,Y
1504678,LOOP,"LOOP INDUSTRIES, INC.",2800,4-NON,10-Q,20251130,Y
1504776,WRBY,WARBY PARKER INC.,3851,1-LAF,10-K,20251231,Y
1505155,UPLD,"UPLAND SOFTWARE, INC.",7372,4-NON,10-K,20251231,Y
1505497,BRTX,"BIORESTORATIVE THERAPIES, INC.",8090,4-NON,10-K,20251231,Y
1505732,BWFG,"BANKWELL FINANCIAL GROUP, INC.",6022,2-ACC,10-K,20251231,Y
1506251,CTXR,"CITIUS PHARMACEUTICALS, INC.",2834,4-NON,10-Q,20251231,Y
1506293,PINS,"PINTEREST, INC.",7370,1-LAF,10-K,20251231,Y
1506307,KMI,"KINDER MORGAN, INC.",4922,1-LAF,10-K,20251231,Y
1506492,NUWE,"NUWELLIS, INC.",3845,4-NON,10-K,20251231,Y
1506929,VRDR,"VERDE RESOURCES, INC.",1040,4-NON,10-Q,20251231,Y
1506983,GCTK,"GLUCOTRACK, INC.",3841,4-NON,10-K,20251231,Y
1507079,FND,"FLOOR & DECOR HOLDINGS, INC.",5211,1-LAF,10-K,20251231,Y
1507605,MARA,"MARA HOLDINGS, INC.",6199,1-LAF,10-K,20251231,Y
1507957,IPWR,IDEAL POWER INC.,3674,4-NON,10-K,20251231,Y
1508655,TSLX,"SIXTH STREET SPECIALTY LENDING, INC.",,1-LAF,10-K,20251231,Y
1509261,RZLT,"REZOLUTE, INC.",2834,4-NON,10-Q,20251231,Y
1509470,NSLR,SURO CAPITAL CORP.,,4-NON,10-K,20251231,Y
1509745,CYPH,CYPHERPUNK TECHNOLOGIES INC.,2834,4-NON,10-K,20251231,Y
1509991,KOS,KOSMOS ENERGY LTD.,1311,1-LAF,10-K,20251231,Y
1510295,MPC,MARATHON PETROLEUM CORP,2911,1-LAF,10-K,20251231,Y
1510964,CVSI,"CV SCIENCES, INC.",2834,4-NON,10-K,20251231,Y
1511337,RLJ,RLJ LODGING TRUST,6798,1-LAF,10-K,20251231,Y
1511737,UI,UBIQUITI INC.,3663,1-LAF,10-Q,20251231,Y
1512228,NB,NIOCORP DEVELOPMENTS LTD,1000,4-NON,10-Q,20251231,Y
1512499,LIND,"LINDBLAD EXPEDITIONS HOLDINGS, INC.",4700,2-ACC,10-K,20251231,Y
1512673,XYZ,"BLOCK, INC.",7372,1-LAF,10-K,20251231,Y
1512762,CHRS,"COHERUS ONCOLOGY, INC.",2836,2-ACC,10-K,20251231,Y
1512920,SII,SPROTT INC.,6199,,40-F,20251231,Y
1512922,PETV,"PETVIVO HOLDINGS, INC.",3841,4-NON,10-Q,20251231,Y
1512931,,MONROE CAPITAL CORP,,4-NON,10-K,20251231,N
1513363,FDUS,FIDUS INVESTMENT CORP,,1-LAF,10-K,20251231,Y
1513525,ADIL,"ADIAL PHARMACEUTICALS, INC.",2834,4-NON,10-K,20251231,Y
1513761,NCLH,NORWEGIAN CRUISE LINE HOLDINGS LTD.,4400,1-LAF,10-K,20251231,Y
1514183,SILO,"SILO PHARMA, INC.",2834,4-NON,10-K,20251231,Y
1514281,MITT,"TPG MORTGAGE INVESTMENT TRUST, INC.",6798,2-ACC,10-K,20251231,Y
1514416,BAND,BANDWIDTH INC.,7372,2-ACC,10-K,20251231,Y
1514597,FURY,FURY GOLD MINES LTD,1040,4-NON,40-F,20251231,Y
1514705,SXC,"SUNCOKE ENERGY, INC.",3312,1-LAF,10-K,20251231,Y
1514743,,"IF BANCORP, INC.",6035,4-NON,10-Q,20251231,N
1514991,AMCX,AMC NETWORKS INC.,4841,2-ACC,10-K,20251231,Y
1515156,ARQ,"ARQ, INC.",2890,2-ACC,10-K,20251231,Y
1515317,MAGE,MAGELLAN COPPER & GOLD CORP,1000,4-NON,10-K,20251231,Y
1515673,RARE,ULTRAGENYX PHARMACEUTICAL INC.,2834,1-LAF,10-K,20251231,Y
1516513,DOCS,"DOXIMITY, INC.",7371,1-LAF,10-Q,20251231,Y
1516551,SKYE,"SKYE BIOSCIENCE, INC.",2834,4-NON,10-K,20251231,Y
1516912,OBK,"ORIGIN BANCORP, INC.",6022,1-LAF,10-K,20251231,Y
1517022,AKBA,"AKEBIA THERAPEUTICS, INC.",2834,1-LAF,10-K,20251231,Y
1517175,CHEF,"CHEFS' WAREHOUSE, INC.",5141,1-LAF,10-K,20251231,Y
1517228,VISN,"VISTANCE NETWORKS, INC.",3663,1-LAF,10-K,20251231,Y
1517302,APAM,ARTISAN PARTNERS ASSET MANAGEMENT INC.,6282,1-LAF,10-K,20251231,Y
1517375,SPT,"SPROUT SOCIAL, INC.",7372,1-LAF,10-K,20251231,Y
1517389,JFIL,"JUBILANT FLAME INTERNATIONAL, LTD",7371,4-NON,10-Q,20251130,Y
1517396,SSYS,STRATASYS LTD.,3577,1-LAF,20-F,20251231,Y
1517413,FSLY,"FASTLY, INC.",7372,1-LAF,10-K,20251231,Y
1517681,PPCB,"PROPANC BIOPHARMA, INC.",2834,4-NON,10-Q,20251231,Y
1518461,AMPG,"AMPLITECH GROUP, INC.",3669,4-NON,10-K,20251231,Y
1518621,ORC,"ORCHID ISLAND CAPITAL, INC.",6798,1-LAF,10-K,20251231,Y
1518715,MCHB,MECHANICS BANCORP,6022,2-ACC,10-K,20251231,Y
1519061,TSEOQ,TRINSEO PLC,2821,2-ACC,10-K,20251231,Y
1519401,RM,REGIONAL MANAGEMENT CORP.,6141,2-ACC,10-K,20251231,Y
1519449,SKWD,"SKYWARD SPECIALTY INSURANCE GROUP, INC.",6331,1-LAF,10-K,20251231,Y
1519469,AEC,ANFIELD ENERGY INC.,1000,,40-F,20251231,Y
1519751,FBIN,"FORTUNE BRANDS INNOVATIONS, INC.",2430,1-LAF,10-K,20251231,Y
1520006,MTDR,MATADOR RESOURCES CO,1311,1-LAF,10-K,20251231,Y
1520118,MWAI,"MEDWELLAI, INC.",6199,4-NON,10-Q,20251231,Y
1520262,ALKS,ALKERMES PLC.,2834,1-LAF,10-K,20251231,Y
1520697,ACHC,"ACADIA HEALTHCARE COMPANY, INC.",8093,1-LAF,10-K,20251231,Y
1521036,LNTH,"LANTHEUS HOLDINGS, INC.",2835,1-LAF,10-K,20251231,Y
1521332,APTV,APTIV PLC,3714,1-LAF,10-K,20251231,Y
1521945,,"PROSPECT FLOATING RATE & ALTERNATIVE INCOME FUND, INC.",,4-NON,10-Q,20251231,N
1521951,FBIZ,"FIRST BUSINESS FINANCIAL SERVICES, INC.",6022,2-ACC,10-K,20251231,Y
1522540,MQ,"MARQETA, INC.",7372,1-LAF,10-K,20251231,Y
1522727,USAC,"USA COMPRESSION PARTNERS, LP",4922,1-LAF,10-K,20251231,Y
1522767,MRMD,MARIMED INC.,2833,4-NON,10-K,20251231,Y
1524358,VAC,MARRIOTT VACATIONS WORLDWIDE CORP,6531,1-LAF,10-K,20251231,Y
1524472,XYL,XYLEM INC.,3561,1-LAF,10-K,20251231,Y
1524566,WLTH,WEALTHFRONT CORP,6199,4-NON,10-Q,20251031,Y
1525221,VTOL,BRISTOW GROUP INC.,4522,1-LAF,10-K,20251231,Y
1525769,PLAY,"DAVE & BUSTER'S ENTERTAINMENT, INC.",5812,1-LAF,10-K,20260131,Y
1526113,GNL,"GLOBAL NET LEASE, INC.",6798,1-LAF,10-K,20251231,Y
1526119,VSTM,"VERASTEM, INC.",2834,4-NON,10-K,20251231,Y
1526243,PPTA,PERPETUA RESOURCES CORP.,1040,4-NON,10-K,20251231,Y
1526520,TRIP,"TRIPADVISOR, INC.",7370,1-LAF,10-K,20251231,Y
1527166,CG,CARLYLE GROUP INC.,6282,1-LAF,10-K,20251231,Y
1527352,NXL,"NEXALIN TECHNOLOGY, INC.",3845,4-NON,10-K,20251231,Y
1527469,ATH-PA,ATHENE HOLDING LTD.,6311,4-NON,10-K,20251231,Y
1527541,WHLR,"WHEELER REAL ESTATE INVESTMENT TRUST, INC.",6798,4-NON,10-K,20251231,Y
1527590,RC,READY CAPITAL CORP,6798,1-LAF,10-K,20251231,Y
1527599,SYBX,"SYNLOGIC, INC.",2834,4-NON,10-K,20251231,Y
1527613,CIMG,CIMG INC.,5900,4-NON,10-K,20250930,Y
1527728,LNAI,LUNAI BIOWORKS INC.,2834,4-NON,10-Q,20251231,Y
1527753,PSNL,"PERSONALIS, INC.",8071,4-NON,10-K,20251231,Y
1527762,CD,CHAINCE DIGITAL HOLDINGS INC.,6199,4-NON,10-K,20251231,Y
1528115,ANNX,"ANNEXON, INC.",2834,4-NON,10-K,20251231,Y
1528287,NPCE,NEUROPACE INC,3841,4-NON,10-K,20251231,Y
1528396,GWRE,"GUIDEWIRE SOFTWARE, INC.",7372,1-LAF,10-Q,20260131,Y
1528985,INRE,"INLAND REAL ESTATE INCOME TRUST, INC.",6798,4-NON,10-K,20251231,Y
1529274,ALKT,"ALKAMI TECHNOLOGY, INC.",7372,1-LAF,10-K,20251231,Y
1529377,ACRE,ARES COMMERCIAL REAL ESTATE CORP,6798,2-ACC,10-K,20251231,Y
1529628,SND,"SMART SAND, INC.",1400,4-NON,10-K,20251231,Y
1529864,ENVA,"ENOVA INTERNATIONAL, INC.",6141,1-LAF,10-K,20251231,Y
1530249,FSBW,"FS BANCORP, INC.",6036,2-ACC,10-K,20251231,Y
1530425,ARRT,"ARTISAN CONSUMER GOODS, INC.",1000,4-NON,10-Q,20251231,Y
1530721,CPRI,CAPRI HOLDINGS LTD,3100,1-LAF,10-Q,20251231,Y
1530766,STEX,STREAMEX CORP.,3845,4-NON,10-K,20251231,Y
1530804,TROX,TRONOX HOLDINGS PLC,2810,1-LAF,10-K,20251231,Y
1530950,POST,"POST HOLDINGS, INC.",2040,1-LAF,10-Q,20251231,Y
1530979,HNST,"HONEST COMPANY, INC.",5961,2-ACC,10-K,20251231,Y
1531031,ESQ,"ESQUIRE FINANCIAL HOLDINGS, INC.",6029,2-ACC,10-K,20251231,Y
1531152,BJ,"BJ'S WHOLESALE CLUB HOLDINGS, INC.",5331,1-LAF,10-K,20260131,Y
1531177,SGHT,"SIGHT SCIENCES, INC.",3841,4-NON,10-K,20251231,Y
1532286,NINE,"NINE ENERGY SERVICE, INC.",1389,4-NON,10-K,20251231,Y
1532383,VNJA,VANJIA CORP,1531,4-NON,10-K,20251231,Y
1532619,PW,POWER REIT,6798,4-NON,10-K,20251231,Y
1533040,PHIO,PHIO PHARMACEUTICALS CORP.,2834,4-NON,10-K,20251231,Y
1533232,BEP,BROOKFIELD RENEWABLE PARTNERS L.P.,4911,1-LAF,20-F,20251231,Y
1533357,DTII,DEFENSE TECHNOLOGIES INTERNATIONAL CORP.,1040,4-NON,10-Q,20251031,Y
1533615,XRN,CHIRON REAL ESTATE INC.,6798,2-ACC,10-K,20251231,Y
1533743,PCSA,"PROCESSA PHARMACEUTICALS, INC.",2834,4-NON,10-K,20251231,Y
1533758,,HUGHES SATELLITE SYSTEMS CORP,4899,4-NON,10-K,20251231,N
1533924,AMPY,AMPLIFY ENERGY CORP.,1311,2-ACC,10-K,20251231,Y
1533998,DRIO,DARIOHEALTH CORP.,3841,4-NON,10-K,20251231,Y
1534120,AVTX,"AVALO THERAPEUTICS, INC.",2834,4-NON,10-K,20251231,Y
1534133,CALC,"CALCIMEDICA, INC.",2834,4-NON,10-K,20251231,Y
1534154,AUID,AUTHID INC.,7372,4-NON,10-K,20251231,Y
1534248,CMMB,CHEMOMAB THERAPEUTICS LTD.,2834,4-NON,20-F,20251231,Y
1534254,CION,CION INVESTMENT CORP,,2-ACC,10-K,20251231,Y
1534504,PBF,PBF ENERGY INC.,2911,1-LAF,10-K,20251231,Y
1534525,XBIO,"XENETIC BIOSCIENCES, INC.",2834,4-NON,10-K,20251231,Y
1534675,TGLS,TECNOGLASS INC.,3211,1-LAF,10-K,20251231,Y
1534701,PSX,PHILLIPS 66,2911,1-LAF,10-K,20251231,Y
1534708,BLNE,"BEELINE HOLDINGS, INC.",6162,4-NON,10-K,20251231,Y
1534969,SERA,"SERA PROGNOSTICS, INC.",8071,4-NON,10-K,20251231,Y
1535527,CRWD,"CROWDSTRIKE HOLDINGS, INC.",7372,1-LAF,10-K,20260131,Y
1535778,MSIF,"MSC INCOME FUND, INC.",,1-LAF,10-K,20251231,Y
1535929,VOYA,"VOYA FINANCIAL, INC.",6311,1-LAF,10-K,20251231,Y
1535955,LPCN,LIPOCINE INC.,2834,4-NON,10-K,20251231,Y
1536196,CANF,CAN-FITE BIOPHARMA LTD.,2834,4-NON,20-F,20251231,Y
1537054,GOGO,GOGO INC.,4899,1-LAF,10-K,20251231,Y
1537137,SLI,STANDARD LITHIUM LTD.,2800,,40-F,20251231,Y
1537435,TGEN,TECOGEN INC.,3585,4-NON,10-K,20251231,Y
1538263,HTB,"HOMETRUST BANCSHARES, INC.",6035,2-ACC,10-K,20251231,Y
1538379,IBTA,"IBOTTA, INC.",7310,1-LAF,10-K,20251231,Y
1538495,ETST,"EARTH SCIENCE TECH, INC.",2834,4-NON,10-Q,20251231,Y
1538716,OPRT,OPORTUN FINANCIAL CORP,6199,2-ACC,10-K,20251231,Y
1538847,GLDG,GOLDMINING INC.,1040,,40-F,20251130,Y
1538849,CAPL,CROSSAMERICA PARTNERS LP,5172,2-ACC,10-K,20251231,Y
1538990,,STORE CAPITAL LLC,6798,4-NON,10-K,20251231,N
1539190,SPPP,SPROTT PHYSICAL PLATINUM & PALLADIUM TRUST,6221,,40-F,20251231,Y
1539638,TFIN,"TRIUMPH FINANCIAL, INC.",6022,1-LAF,10-K,20251231,Y
1539680,HMMR,HAMMER TECHNOLOGY HOLDINGS CORP.,4899,4-NON,10-Q,20260131,Y
1539838,FANG,"DIAMONDBACK ENERGY, INC.",1311,1-LAF,10-K,20251231,Y
1540013,,QUIPT HOME MEDICAL CORP.,8090,2-ACC,10-Q,20251231,N
1540159,EDSA,"EDESA BIOTECH, INC.",2834,4-NON,10-Q,20251231,Y
1540684,ATLX,ATLAS LITHIUM CORP,1400,4-NON,10-K,20251231,Y
1541119,SFBC,"SOUND FINANCIAL BANCORP, INC.",6035,4-NON,10-K,20251231,Y
1541157,AKTX,AKARI THERAPEUTICS PLC,2834,4-NON,10-K,20251231,Y
1541401,ESRT,"EMPIRE STATE REALTY TRUST, INC.",6798,1-LAF,10-K,20251231,Y
1542447,,"RREEF PROPERTY TRUST, INC.",6798,4-NON,10-K,20251231,N
1543151,UBER,"UBER TECHNOLOGIES, INC",7389,1-LAF,10-K,20251231,Y
1543418,TMQ,TRILOGY METALS INC.,1040,4-NON,10-K,20251130,Y
1543623,,US NUCLEAR CORP.,3829,4-NON,10-Q,20250930,N
1543652,FFLO,"FREE FLOW USA, INC.",5531,4-NON,10-K,20251231,Y
1544206,CGBD,"CARLYLE SECURED LENDING, INC.",,1-LAF,10-K,20251231,Y
1544227,TPST,"TEMPEST THERAPEUTICS, INC.",2834,4-NON,10-K,20251231,Y
1544522,FRSH,FRESHWORKS INC.,7372,1-LAF,10-K,20251231,Y
1545654,,"ALEXANDER & BALDWIN, INC.",6798,1-LAF,10-K,20251231,N
1545772,BPYPP,BROOKFIELD PROPERTY PARTNERS L.P.,6500,4-NON,20-F,20251231,Y
1546066,PBA,PEMBINA PIPELINE CORP,1382,,40-F,20251231,Y
1546296,IPDN,"PROFESSIONAL DIVERSITY NETWORK, INC.",7370,4-NON,10-K,20251231,Y
1546417,BLMN,"BLOOMIN' BRANDS, INC.",5812,1-LAF,10-K,20251231,Y
1546652,OUNZ,VANECK MERK GOLD ETF,6221,1-LAF,10-K,20260131,Y
1546853,SKKY,"SKKYNET CLOUD SYSTEMS, INC.",7372,4-NON,10-Q,20260131,Y
1547459,NGVC,"NATURAL GROCERS BY VITAMIN COTTAGE, INC.",5411,2-ACC,10-Q,20251231,Y
1547546,LFT,"LUMENT FINANCE TRUST, INC.",6798,4-NON,10-K,20251231,Y
1547903,NMIH,"NMI HOLDINGS, INC.",6351,1-LAF,10-K,20251231,Y
1549084,CHRN,"EKSO BIONICS HOLDINGS, INC.",3569,4-NON,10-K,20251231,Y
1549145,BIOF,"BLUE BIOFUELS, INC.",2860,4-NON,10-K,20251231,Y
1549346,SSTK,"SHUTTERSTOCK, INC.",7374,1-LAF,10-K,20251231,Y
1549595,NRIX,"NURIX THERAPEUTICS, INC.",2834,1-LAF,10-K,20251130,Y
1549631,QURT,"QUARTA-RAD, INC.",3823,4-NON,10-K,20251231,Y
1549966,SAMG,SILVERCREST ASSET MANAGEMENT GROUP INC.,6282,2-ACC,10-K,20251231,Y
1550453,TRLC,TRILINC GLOBAL IMPACT FUND LLC,6199,4-NON,10-K,20251231,Y
1550913,MKZR,"MACKENZIE REALTY CAPITAL, INC.",6798,4-NON,10-Q,20251231,Y
1551152,ABBV,ABBVIE INC.,2834,1-LAF,10-K,20251231,Y
1551182,ETN,EATON CORP PLC,3590,1-LAF,10-K,20251231,Y
1551306,PGNY,"PROGYNY, INC.",8090,1-LAF,10-K,20251231,Y
1551901,SCM,STELLUS CAPITAL INVESTMENT CORP,,2-ACC,10-K,20251231,Y
1552000,MPLX,MPLX LP,4610,1-LAF,10-K,20251231,Y
1552033,TRU,TRANSUNION,7320,1-LAF,10-K,20251231,Y
1552198,WHF,"WHITEHORSE FINANCE, INC.",,2-ACC,10-K,20251231,Y
1552275,SUN,SUNOCO LP,2911,1-LAF,10-K,20251231,Y
1552493,,CNH INDUSTRIAL CAPITAL LLC,6159,4-NON,10-K,20251231,N
1552797,DKL,"DELEK LOGISTICS PARTNERS, LP",4610,1-LAF,10-K,20251231,Y
1552800,TTSH,"TILE SHOP HOLDINGS, INC.",5700,2-ACC,10-K,20251231,Y
1553079,ESBA,"EMPIRE STATE REALTY OP, L.P.",6798,1-LAF,10-K,20251231,Y
1553643,RLMD,"RELMADA THERAPEUTICS, INC.",2834,4-NON,10-K,20251231,Y
1554818,AUUD,AUDDIA INC.,7374,4-NON,10-K,20251231,Y
1555017,SKYI,"SKY CENTURY INVESTMENT, INC.",8741,4-NON,10-Q,20251130,Y
1555279,MASS,908 DEVICES INC.,3829,4-NON,10-K,20251231,Y
1555280,ZTS,ZOETIS INC.,2834,1-LAF,10-K,20251231,Y
1556593,RITM,RITHM CAPITAL CORP.,6798,1-LAF,10-K,20251231,Y
1556727,FNWB,FIRST NORTHWEST BANCORP,6036,2-ACC,10-K,20251231,Y
1556739,THRY,"THRYV HOLDINGS, INC.",7310,2-ACC,10-K,20251231,Y
1556801,MYCB,"MY CITY BUILDERS, INC.",6500,4-NON,10-Q,20260131,Y
1557376,ZEOX,"ZEO SCIENTIFIX, INC.",2836,4-NON,10-Q,20260131,Y
1557746,ACRS,"ACLARIS THERAPEUTICS, INC.",2834,4-NON,10-K,20251231,Y
1557798,CIIT,"TIANCI INTERNATIONAL, INC.",3576,4-NON,10-Q,20260131,Y
1557860,GLOB,GLOBANT S.A.,7374,1-LAF,20-F,20251231,Y
1559053,PRTA,PROTHENA CORP PUBLIC LTD CO,2834,2-ACC,10-K,20251231,Y
1559432,TXO,"TXO PARTNERS, L.P.",1311,2-ACC,10-K,20251231,Y
1559720,ABNB,"AIRBNB, INC.",7340,1-LAF,10-K,20251231,Y
1559865,EVTC,"EVERTEC, INC.",7374,1-LAF,10-K,20251231,Y
1560258,ECOR,"ELECTROCORE, INC.",3845,4-NON,10-K,20251231,Y
1560293,TNON,"TENON MEDICAL, INC.",3841,4-NON,10-K,20251231,Y
1560327,RPD,"RAPID7, INC.",7372,1-LAF,10-K,20251231,Y
1560385,FWONA,LIBERTY MEDIA CORP,4833,1-LAF,10-K,20251231,Y
1561032,NHP,"NATIONAL HEALTHCARE PROPERTIES, INC.",6798,4-NON,10-K,20251231,Y
1561550,DDOG,"DATADOG, INC.",7372,1-LAF,10-K,20251231,Y
1561680,,"TRI POINTE HOMES, INC.",1531,1-LAF,10-K,20251231,N
1561894,HASI,"HA SUSTAINABLE INFRASTRUCTURE CAPITAL, INC.",6799,1-LAF,10-K,20251231,Y
1561921,TELA,"TELA BIO, INC.",3841,4-NON,10-K,20251231,Y
1562088,DUOL,"DUOLINGO, INC.",7372,1-LAF,10-K,20251231,Y
1562151,CWGL,"CRIMSON WINE GROUP, LTD",2080,4-NON,10-K,20251231,Y
1562401,AMH,AMERICAN HOMES 4 RENT,6798,1-LAF,10-K,20251231,Y
1562463,INBK,FIRST INTERNET BANCORP,6022,2-ACC,10-K,20251231,Y
1562476,,TAYLOR MORRISON HOME CORP,1531,1-LAF,10-K,20251231,N
1562528,FBRT,"FRANKLIN BSP REALTY TRUST, INC.",6798,1-LAF,10-K,20251231,Y
1563190,COMP,"COMPASS, INC.",6531,1-LAF,10-K,20251231,Y
1563411,CSTM,CONSTELLIUM SE,3341,1-LAF,10-K,20251231,Y
1563577,GRTX,"GALERA THERAPEUTICS, INC.",2834,4-NON,10-K,20251231,Y
1563665,HRGN,"HARVARD APPARATUS REGENERATIVE TECHNOLOGY, INC.",3841,4-NON,10-K,20251231,Y
1563756,,"LIGHTSTONE VALUE PLUS REIT III, INC.",6798,4-NON,10-K,20251231,N
1563880,TRVI,"TREVI THERAPEUTICS, INC.",2834,4-NON,10-K,20251231,Y
1563922,,GREENBACKER RENEWABLE ENERGY CO LLC,4911,4-NON,10-K,20251231,N
1564408,SNAP,SNAP INC,7370,1-LAF,10-K,20251231,Y
1564708,NWSA,NEWS CORP,2711,1-LAF,10-Q,20251231,Y
1564902,PRKS,UNITED PARKS & RESORTS INC.,7990,1-LAF,10-K,20251231,Y
1565025,ABEV,AMBEV S.A.,2080,1-LAF,20-F,20251231,Y
1565687,INTA,"INTAPP, INC.",7372,1-LAF,10-Q,20251231,Y
1566011,,PBF HOLDING CO LLC,2911,4-NON,10-K,20251231,N
1566044,YARW,VYNE THERAPEUTICS INC.,2834,4-NON,10-K,20251231,Y
1566610,TONX,TON STRATEGY CO,7200,4-NON,10-K,20251231,Y
1566826,LGMK,"LOGICMARK, INC.",3842,4-NON,10-K,20251231,Y
1567094,CNH,CNH INDUSTRIAL N.V.,3531,1-LAF,10-K,20251231,Y
1567264,INTS,"INTENSITY THERAPEUTICS, INC.",2836,4-NON,10-K,20251231,Y
1567529,KMDA,KAMADA LTD,2834,2-ACC,20-F,20251231,Y
1567683,CWEN,"CLEARWAY ENERGY, INC.",4911,1-LAF,10-K,20251231,Y
1567900,ALOY,BLACKBOXSTOCKS INC.,1000,4-NON,10-K,20251231,Y
1567925,,"SILA REALTY TRUST, INC.",6798,1-LAF,10-K,20251231,N
1568100,PD,"PAGERDUTY, INC.",7372,1-LAF,10-K,20260131,Y
1568385,BMTM,"BRIGHT MOUNTAIN MEDIA, INC.",7371,4-NON,10-K,20251231,Y
1568651,OSCR,"OSCAR HEALTH, INC.",6324,1-LAF,10-K,20251231,Y
1569187,AHRT,"ARMADA HOFFLER PROPERTIES, INC.",6500,2-ACC,10-K,20251231,Y
1569345,CXM,"SPRINKLR, INC.",7372,1-LAF,10-K,20260131,Y
1569994,WSBF,"WATERSTONE FINANCIAL, INC.",6035,2-ACC,10-K,20251231,Y
1570132,ANVI,"ANVI GLOBAL HOLDINGS, INC.",5400,4-NON,10-Q,20251130,Y
1570562,EOLS,"EVOLUS, INC.",2834,2-ACC,10-K,20251231,Y
1570585,LBTYA,LIBERTY GLOBAL LTD.,4841,1-LAF,10-K,20251231,Y
1570827,VCTR,"VICTORY CAPITAL HOLDINGS, INC.",6282,1-LAF,10-K,20251231,Y
1571123,SAIC,SCIENCE APPLICATIONS INTERNATIONAL CORP,7373,1-LAF,10-K,20260131,Y
1571283,REXR,"REXFORD INDUSTRIAL REALTY, INC.",6798,1-LAF,10-K,20251231,Y
1571776,CHMI,CHERRY HILL MORTGAGE INVESTMENT CORP,6798,2-ACC,10-K,20251231,Y
1571934,TAOX,TAO SYNERGIES INC.,6199,4-NON,10-K,20251231,Y
1571949,ICE,"INTERCONTINENTAL EXCHANGE, INC.",6200,1-LAF,10-K,20251231,Y
1571996,DELL,DELL TECHNOLOGIES INC.,3571,1-LAF,10-K,20260131,Y
1572334,VABK,VIRGINIA NATIONAL BANKSHARES CORP,6021,4-NON,10-K,20251231,Y
1572616,GUTS,"FRACTYL HEALTH, INC.",3841,4-NON,10-K,20251231,Y
1572694,GSBD,"GOLDMAN SACHS BDC, INC.",,1-LAF,10-K,20251231,Y
1573221,REAL,"THEREALREAL, INC.",5900,2-ACC,10-K,20251231,Y
1573516,MUSA,MURPHY USA INC.,5500,1-LAF,10-K,20251231,Y
1574085,BHR,BRAEMAR HOTELS & RESORTS INC.,6798,2-ACC,10-K,20251231,Y
1574094,RNXT,"RENOVORX, INC.",2834,4-NON,10-K,20251231,Y
1574197,FPH,"FIVE POINT HOLDINGS, LLC",6500,2-ACC,10-K,20251231,Y
1574235,PULM,"PULMATRIX, INC.",2834,4-NON,10-K,20251231,Y
1574565,EVGN,EVOGENE LTD.,2870,4-NON,20-F,20251231,Y
1575515,SFM,"SPROUTS FARMERS MARKET, INC.",5411,1-LAF,10-K,20251231,Y
1575793,WATT,ENERGOUS CORP,3663,4-NON,10-K,20251231,Y
1575828,,EXPRO GROUP HOLDINGS N.V.,1389,1-LAF,10-K,20251231,N
1575858,PUBC,PUREBASE CORP,2870,4-NON,10-K,20251130,Y
1575965,GLPI,"GAMING & LEISURE PROPERTIES, INC.",6798,1-LAF,10-K,20251231,Y
1576018,SPNT,SIRIUSPOINT LTD,6331,1-LAF,10-K,20251231,Y
1576197,SENR,"STRATEGIC ENVIRONMENTAL & ENERGY RESOURCES, INC.",4955,4-NON,10-Q,20250930,Y
1576280,GH,"GUARDANT HEALTH, INC.",8071,1-LAF,10-K,20251231,Y
1576427,CRTO,CRITEO S.A.,7311,1-LAF,10-K,20251231,Y
1576789,WIX,WIX.COM LTD.,7370,1-LAF,20-F,20251231,Y
1576873,ABAT,AMERICAN BATTERY TECHNOLOGY CO,1400,4-NON,10-Q,20251231,Y
1576885,ABOS,"ACUMEN PHARMACEUTICALS, INC.",2836,4-NON,10-K,20251231,Y
1576940,CCS,"CENTURY COMMUNITIES, INC.",1531,1-LAF,10-K,20251231,Y
1576942,SFIX,"STITCH FIX, INC.",5961,2-ACC,10-Q,20260131,Y
1577437,ASC,ARDMORE SHIPPING CORP,4412,2-ACC,20-F,20251231,Y
1577445,ODYS,ODYSIGHT.AI INC.,7373,4-NON,10-K,20251231,Y
1577526,AI,"C3.AI, INC.",7372,1-LAF,10-Q,20260131,Y
1577670,LADR,LADDER CAPITAL CORP,6798,1-LAF,10-K,20251231,Y
1578329,,APEX 11 INC.,6770,4-NON,10-Q,20250930,N
1578348,ICMB,"INVESTCORP CREDIT MANAGEMENT BDC, INC.",,4-NON,10-K,20251231,Y
1578732,MMI,"MARCUS & MILLICHAP, INC.",6531,1-LAF,10-K,20251231,Y
1579091,CART,MAPLEBEAR INC.,7389,1-LAF,10-K,20251231,Y
1579214,,"EMERALD HOLDING, INC.",7389,2-ACC,10-K,20251231,N
1579241,ALLE,ALLEGION PLC,7381,1-LAF,10-K,20251231,Y
1579298,BURL,"BURLINGTON STORES, INC.",5311,1-LAF,10-K,20260131,Y
1579428,AXSM,"AXSOME THERAPEUTICS, INC.",2834,1-LAF,10-K,20251231,Y
1579684,TDAY,"USA TODAY CO., INC.",2711,2-ACC,10-K,20251231,Y
1579733,VITL,"VITAL FARMS, INC.",2000,1-LAF,10-K,20251231,Y
1579877,OUT,OUTFRONT MEDIA INC.,6798,1-LAF,10-K,20251231,Y
1579878,FIG,"FIGMA, INC.",7372,4-NON,10-K,20251231,Y
1580149,BIVI,BIOVIE INC.,2834,4-NON,10-Q,20251231,Y
1580345,TPVG,TRIPLEPOINT VENTURE GROWTH BDC CORP.,,2-ACC,10-K,20251231,Y
1580560,FLYW,FLYWIRE CORP,7389,1-LAF,10-K,20251231,Y
1580670,LGIH,"LGI HOMES, INC.",1531,1-LAF,10-K,20251231,Y
1580808,ATEN,"A10 NETWORKS, INC.",3576,1-LAF,10-K,20251231,Y
1580864,VRM,"VROOM, INC.",5500,4-NON,10-K,20251231,Y
1580905,IBP,"INSTALLED BUILDING PRODUCTS, INC.",1520,1-LAF,10-K,20251231,Y
1581068,BRX,BRIXMOR PROPERTY GROUP INC.,6798,1-LAF,10-K,20251231,Y
1581091,RMAX,"RE/MAX HOLDINGS, INC.",6531,2-ACC,10-K,20251231,Y
1581178,EPRX,EUPRAXIA PHARMACEUTICALS INC.,2834,,40-F,20251231,Y
1581280,TWST,TWIST BIOSCIENCE CORP,2836,1-LAF,10-Q,20251231,Y
1581552,,"ENERGY 11, L.P.",1311,4-NON,10-K,20251231,N
1581760,LIF,"LIFE360, INC.",7374,1-LAF,10-K,20251231,Y
1581804,NVGS,NAVIGATOR HOLDINGS LTD.,4412,2-ACC,20-F,20251231,Y
1581990,PAGP,PLAINS GP HOLDINGS LP,4610,1-LAF,10-K,20251231,Y
1582313,XENE,XENON PHARMACEUTICALS INC.,2834,1-LAF,10-K,20251231,Y
1582554,MTNB,"MATINAS BIOPHARMA HOLDINGS, INC.",2834,4-NON,10-K,20251231,Y
1582961,DOCN,"DIGITALOCEAN HOLDINGS, INC.",7370,1-LAF,10-K,20251231,Y
1582982,CCLD,"CARECLOUD, INC.",7372,2-ACC,10-K,20251231,Y
1583107,TBPH,"THERAVANCE BIOPHARMA, INC.",2834,4-NON,10-K,20251231,Y
1583648,PVLA,"PALVELLA THERAPEUTICS, INC.",2834,4-NON,10-K,20251231,Y
1583708,S,"SENTINELONE, INC.",7372,1-LAF,10-K,20260131,Y
1583771,HEPA,"HEPION PHARMACEUTICALS, INC.",2834,4-NON,10-K,20251231,Y
1584207,OMF,"ONEMAIN HOLDINGS, INC.",6141,1-LAF,10-K,20251231,Y
1584371,ICCM,ICECURE MEDICAL LTD.,3841,4-NON,20-F,20251231,Y
1584480,GTIC,"GREENTECH INNOVATIONS, INC.",7372,4-NON,10-Q,20251130,Y
1584509,ARMK,ARAMARK,5812,1-LAF,10-Q,20251231,Y
1584549,VFF,"VILLAGE FARMS INTERNATIONAL, INC.",0100,2-ACC,10-K,20251231,Y
1584693,SSGC,SAFESPACE GLOBAL CORP,7900,4-NON,10-Q,20260131,Y
1584831,OXBR,OXBRIDGE RE HOLDINGS LTD,6331,4-NON,10-K,20251231,Y
1585101,HGIT,"HINES GLOBAL INCOME TRUST, INC.",6798,4-NON,10-K,20251231,Y
1585364,PRGO,PERRIGO CO PLC,2834,1-LAF,10-K,20251231,Y
1585389,SMA,"SMARTSTOP SELF STORAGE REIT, INC.",6798,1-LAF,10-K,20251231,Y
1585521,ZM,"ZOOM COMMUNICATIONS, INC.",7370,1-LAF,10-K,20260131,Y
1585689,HLT,HILTON WORLDWIDE HOLDINGS INC.,7011,1-LAF,10-K,20251231,Y
1586554,CBDY,TARGET GROUP INC.,2833,4-NON,10-K,20251231,Y
1587523,KN,KNOWLES CORP,3651,1-LAF,10-K,20251231,Y
1587732,OGS,"ONE GAS, INC.",4924,1-LAF,10-K,20251231,Y
1587987,NEWT,"NEWTEKONE, INC.",6021,2-ACC,10-K,20251231,Y
1588014,ADMQ,"ADM ENDEAVORS, INC.",7310,4-NON,10-K,20251231,Y
1588272,,"NEXPOINT CAPITAL, INC.",,4-NON,10-K,20251231,N
1588489,GBTC,GRAYSCALE BITCOIN TRUST ETF,6221,1-LAF,10-K,20251231,Y
1588823,TFII,TFI INTERNATIONAL INC.,4210,,40-F,20251231,Y
1588978,PRCT,PROCEPT BIOROBOTICS CORP,3841,1-LAF,10-K,20251231,Y
1589061,GYRO,"GYRODYNE, LLC",6512,4-NON,10-K,20251231,Y
1589149,GWAV,"GREENWAVE TECHNOLOGY SOLUTIONS, INC.",5051,4-NON,10-Q,20250930,Y
1589150,RGBP,REGEN BIOPHARMA INC,2834,4-NON,10-Q,20251231,Y
1589526,BLBD,BLUE BIRD CORP,3713,1-LAF,10-Q,20251231,Y
1590364,FTAI,FTAI AVIATION LTD.,7350,1-LAF,10-K,20251231,Y
1590418,FCUV,FOCUS UNIVERSAL INC.,3823,4-NON,10-K,20251231,Y
1590560,QURE,UNIQURE N.V.,2834,1-LAF,10-K,20251231,Y
1590584,CVEO,CIVEO CORP,7000,2-ACC,10-K,20251231,Y
1590695,,"TWINLAB CONSOLIDATED HOLDINGS, INC.",2833,4-NON,10-K,20241231,N
1590714,ESI,ELEMENT SOLUTIONS INC,2890,1-LAF,10-K,20251231,Y
1590717,CTRE,"CARETRUST REIT, INC.",6798,1-LAF,10-K,20251231,Y
1590750,VRDN,"VIRIDIAN THERAPEUTICS, INC.DE",2834,1-LAF,10-K,20251231,Y
1590877,RGNX,REGENXBIO INC.,2836,4-NON,10-K,20251231,Y
1590895,CZR,"CAESARS ENTERTAINMENT, INC.",7011,1-LAF,10-K,20251231,Y
1590955,PAYC,"PAYCOM SOFTWARE, INC.",7372,1-LAF,10-K,20251231,Y
1590976,MBUU,"MALIBU BOATS, INC.",3730,1-LAF,10-Q,20251231,Y
1591588,GOLD,"GOLD.COM, INC.",5094,2-ACC,10-Q,20251231,Y
1591670,FPI,FARMLAND PARTNERS INC.,6798,4-NON,10-K,20251231,Y
1591698,PCTY,PAYLOCITY HOLDING CORP,7372,1-LAF,10-Q,20251231,Y
1591890,FGNX,FG NEXUS INC.,6199,4-NON,10-K,20251231,Y
1591913,IPSI,"INNOVATIVE PAYMENT SOLUTIONS, INC.",5961,4-NON,10-K,20251231,Y
1591956,ANY,SPHERE 3D CORP.,6199,4-NON,10-K,20251231,Y
1592386,VIRT,"VIRTU FINANCIAL, INC.",6211,1-LAF,10-K,20251231,Y
1593001,NGTF,"NIGHTFOOD HOLDINGS, INC.",3590,4-NON,10-Q,20251231,Y
1593275,HG,"HAMILTON INSURANCE GROUP, LTD.",6331,1-LAF,10-K,20251231,Y
1593538,NAVI,NAVIENT CORP,6211,1-LAF,10-K,20251231,Y
1593899,AVIR,"ATEA PHARMACEUTICALS, INC.",2834,4-NON,10-K,20251231,Y
1593984,MDWD,MEDIWOUND LTD.,2833,2-ACC,20-F,20251231,Y
1594805,SHOP,SHOPIFY INC.,7372,1-LAF,10-K,20251231,Y
1595097,CRBP,"CORBUS PHARMACEUTICALS HOLDINGS, INC.",2834,4-NON,10-K,20251231,Y
1595248,GNPX,"GENPREX, INC.",2834,4-NON,10-K,20251231,Y
1595353,GLMD,GALMED PHARMACEUTICALS LTD.,2834,4-NON,20-F,20251231,Y
1595974,MGNI,"MAGNITE, INC.",7370,1-LAF,10-K,20251231,Y
1596532,ANET,"ARISTA NETWORKS, INC.",3576,1-LAF,10-K,20251231,Y
1596812,ENLV,ENLIVEX LTD.,2834,4-NON,20-F,20251231,Y
1596961,RDNW,"RIDENOW GROUP, INC.",7371,4-NON,10-K,20251231,Y
1596967,MC,MOELIS & CO,6282,1-LAF,10-K,20251231,Y
1596993,LPG,DORIAN LPG LTD.,4412,1-LAF,10-Q,20251231,Y
1597033,SABR,SABRE CORP,7370,1-LAF,10-K,20251231,Y
1597672,RYAM,RAYONIER ADVANCED MATERIALS INC.,2611,2-ACC,10-K,20251231,Y
1597846,GRNQ,GREENPRO CAPITAL CORP.,8742,4-NON,10-K,20251231,Y
1598428,MTUS,METALLUS INC.,3312,1-LAF,10-K,20251231,Y
1598646,NERV,"MINERVA NEUROSCIENCES, INC.",2834,4-NON,10-K,20251231,Y
1598655,GLOP-PA,GASLOG PARTNERS LP,4400,4-NON,20-F,20251231,Y
1598665,HRTG,"HERITAGE INSURANCE HOLDINGS, INC.",6331,2-ACC,10-K,20251231,Y
1598981,SKYX,SKYX PLATFORMS CORP.,3640,4-NON,10-K,20251231,Y
1599298,SMMT,SUMMIT THERAPEUTICS INC.,2834,1-LAF,10-K,20251231,Y
1599407,LBRA,1847 HOLDINGS LLC,8742,4-NON,10-K,20251231,Y
1599617,DNOW,DNOW INC.,3533,1-LAF,10-K,20251231,Y
1599901,,"AVIDITY BIOSCIENCES, INC.",2834,1-LAF,10-K,20251231,N
1600033,ELF,"E.L.F. BEAUTY, INC.",2844,1-LAF,10-Q,20251231,Y
1600222,PXED,"PHOENIX EDUCATION PARTNERS, INC.",8200,4-NON,10-Q,20251130,Y
1600347,,HAPI METAVERSE INC.,8742,4-NON,10-K,20251231,N
1600620,AUPH,AURINIA PHARMACEUTICALS INC.,2834,1-LAF,10-K,20251231,Y
1600626,,PEAKSTONE REALTY TRUST,6798,2-ACC,10-K,20251231,N
1600641,DIBS,"1STDIBS.COM, INC.",5961,4-NON,10-K,20251231,Y
1600983,KSCP,"KNIGHTSCOPE, INC.",3669,4-NON,10-K,20251231,Y
1601046,KEYS,"KEYSIGHT TECHNOLOGIES, INC.",3823,1-LAF,10-Q,20260131,Y
1601485,ELTX,"ELICIO THERAPEUTICS, INC.",2834,4-NON,10-K,20251231,Y
1601548,VVX,"V2X, INC.",8744,1-LAF,10-K,20251231,Y
1601712,SYF,SYNCHRONY FINANCIAL,6199,1-LAF,10-K,20251231,Y
1601830,RXRX,"RECURSION PHARMACEUTICALS, INC.",2836,1-LAF,10-K,20251231,Y
1602409,FNGR,"FINGERMOTION, INC.",7372,4-NON,10-Q,20251130,Y
1602658,ISTR,INVESTAR HOLDING CORP,6022,2-ACC,10-K,20251231,Y
1603015,VIA,"VIA TRANSPORTATION, INC.",7372,4-NON,10-K,20251231,Y
1603145,XIFR,"XPLR INFRASTRUCTURE, LP",4911,1-LAF,10-K,20251231,Y
1603345,AGTX,AGENTIX CORP.,2836,4-NON,10-Q,20251231,Y
1603454,CELC,CELCUITY INC.,8071,4-NON,10-K,20251231,Y
1603652,,URGENT.LY INC.,7374,4-NON,10-K,20251231,N
1603793,NRIS,"NORRIS INDUSTRIES, INC.",1311,4-NON,10-Q,20251130,Y
1603923,WFRD,WEATHERFORD INTERNATIONAL PLC,3533,1-LAF,10-K,20251231,Y
1603978,AQB,AQUABOUNTY TECHNOLOGIES INC,0900,4-NON,10-K,20251231,Y
1604028,WMS,"ADVANCED DRAINAGE SYSTEMS, INC.",3086,1-LAF,10-Q,20251231,Y
1604464,ATRA,"ATARA BIOTHERAPEUTICS, INC.",2836,4-NON,10-K,20251231,Y
1604665,WLKP,WESTLAKE CHEMICAL PARTNERS LP,2860,2-ACC,10-K,20251231,Y
1604778,QRVO,"QORVO, INC.",3674,1-LAF,10-Q,20251231,Y
1604821,NTRA,"NATERA, INC.",8071,1-LAF,10-K,20251231,Y
1604868,GRWG,GROWGENERATION CORP.,5200,4-NON,10-K,20251231,Y
1605301,CBFV,"CB FINANCIAL SERVICES, INC.",6022,4-NON,10-K,20251231,Y
1605331,AERA,AI ERA CORP.,6794,4-NON,10-Q,20251130,Y
1605481,NGLD,NEVADA CANYON GOLD CORP.,1040,4-NON,10-K,20251231,Y
1605484,STLA,STELLANTIS N.V.,3711,1-LAF,20-F,20251231,Y
1606163,LMB,"LIMBACH HOLDINGS, INC.",1700,1-LAF,10-K,20251231,Y
1606242,VTIX,VIRTUIX HOLDINGS INC.,3577,4-NON,10-Q,20251231,Y
1606268,,"VIA RENEWABLES, INC.",4931,4-NON,10-K,20251231,N
1606366,LOCO,"EL POLLO LOCO HOLDINGS, INC.",5812,2-ACC,10-K,20251231,Y
1606498,AVNS,"AVANOS MEDICAL, INC.",3842,1-LAF,10-K,20251231,Y
1606757,KE,"KIMBALL ELECTRONICS, INC.",3672,2-ACC,10-Q,20251231,Y
1606909,PANL,PANGAEA LOGISTICS SOLUTIONS LTD.,4412,2-ACC,10-K,20251231,Y
1607678,VKTX,"VIKING THERAPEUTICS, INC.",2834,1-LAF,10-K,20251231,Y
1607939,,"UDEMY, INC.",8200,1-LAF,10-K,20251231,N
1607962,LFWD,LIFEWARD LTD.,3842,4-NON,10-K,20251231,Y
1609065,PBHC,"PATHFINDER BANCORP, INC.",6022,4-NON,10-K,20251231,Y
1609151,WEAV,"WEAVE COMMUNICATIONS, INC.",7372,2-ACC,10-K,20251231,Y
1609253,CRC,CALIFORNIA RESOURCES CORP,1311,1-LAF,10-K,20251231,Y
1609258,PTCO,PETROGAS CO,1311,4-NON,10-Q,20251231,Y
1609550,INSP,"INSPIRE MEDICAL SYSTEMS, INC.",3841,1-LAF,10-K,20251231,Y
1609711,GDDY,GODADDY INC.,7373,1-LAF,10-K,20251231,Y
1609804,OEC,ORION S.A.,2890,1-LAF,10-K,20251231,Y
1609809,MCRB,"SERES THERAPEUTICS, INC.",2834,2-ACC,10-K,20251231,Y
1610250,BOOT,"BOOT BARN HOLDINGS, INC.",5661,1-LAF,10-Q,20251231,Y
1610520,UBS,UBS GROUP AG,6021,1-LAF,20-F,20251231,Y
1610718,ODRS,"OUTDOOR SPECIALTY PRODUCTS, INC.",3949,4-NON,10-Q,20251231,Y
1610820,BCTX,BRIACELL THERAPEUTICS CORP.,2834,4-NON,10-Q,20260131,Y
1610853,HSDT,SOLANA CO,3845,4-NON,10-K,20251231,Y
1610940,BDRY,AMPLIFY COMMODITY TRUST,6221,4-NON,10-Q,20251231,Y
1611005,KEN,KENON HOLDINGS LTD.,4911,1-LAF,20-F,20251231,Y
1611046,MDLK,MODULINK INC.,7000,4-NON,10-K,20251231,Y
1611052,PCOR,"PROCORE TECHNOLOGIES, INC.",7372,1-LAF,10-K,20251231,Y
1611115,OMDA,"OMADA HEALTH, INC.",8000,4-NON,10-K,20251231,Y
1611547,UE,URBAN EDGE PROPERTIES,6500,1-LAF,10-K,20251231,Y
1611647,FRPT,"FRESHPET, INC.",2040,1-LAF,10-K,20251231,Y
1611842,PYPD,POLYPID LTD.,3841,4-NON,20-F,20251231,Y
1611983,LBRDA,LIBERTY BROADBAND CORP,4841,1-LAF,10-K,20251231,Y
1612042,ASND,ASCENDIS PHARMA A/S,2834,1-LAF,20-F,20251231,Y
1612630,JYNT,JOINT CORP,6794,4-NON,10-K,20251231,Y
1612720,NEXT,NEXTDECADE CORP,4923,1-LAF,10-K,20251231,Y
1612940,PRQR,PROQR THERAPEUTICS N.V.,2834,2-ACC,20-F,20251231,Y
1613103,MDT,MEDTRONIC PLC,3845,1-LAF,10-Q,20260131,Y
1613780,DBVT,DBV TECHNOLOGIES S.A.,2836,4-NON,10-K,20251231,Y
1614178,YEXT,"YEXT, INC.",7374,1-LAF,10-K,20260131,Y
1614744,PPBT,PURPLE BIOTECH LTD.,2834,4-NON,20-F,20251231,Y
1614806,RPT,RITHM PROPERTY TRUST INC.,6798,4-NON,10-K,20251231,Y
1615063,INSE,"INSPIRED ENTERTAINMENT, INC.",7372,2-ACC,10-K,20251231,Y
1615219,DCOY,DECOY THERAPEUTICS INC.,2834,4-NON,10-K,20251231,Y
1616000,XHR,"XENIA HOTELS & RESORTS, INC.",7011,1-LAF,10-K,20251231,Y
1616156,WEWA,"WEWARDS, INC.",7370,4-NON,10-Q,20260228,Y
1616262,RMCF,"ROCKY MOUNTAIN CHOCOLATE FACTORY, INC.",2060,4-NON,10-Q,20251130,Y
1616533,PENG,"PENGUIN SOLUTIONS, INC.",3674,1-LAF,10-Q,20251130,Y
1616543,SENS,"SENSEONICS HOLDINGS, INC.",3823,4-NON,10-K,20251231,Y
1616707,W,WAYFAIR INC.,5961,1-LAF,10-K,20251231,Y
1616862,AXTA,AXALTA COATING SYSTEMS LTD.,2851,1-LAF,10-K,20251231,Y
1617242,KRNY,KEARNY FINANCIAL CORP.,6035,2-ACC,10-Q,20251231,Y
1617406,PK,PARK HOTELS & RESORTS INC.,7011,1-LAF,10-K,20251231,Y
1617553,ZIP,"ZIPRECRUITER, INC.",7370,2-ACC,10-K,20251231,Y
1617640,ZG,"ZILLOW GROUP, INC.",7389,1-LAF,10-K,20251231,Y
1617867,AMIX,"AUTONOMIX MEDICAL, INC.",3841,4-NON,10-Q,20251231,Y
1618181,GLDM,WORLD GOLD TRUST,6221,1-LAF,10-Q,20251231,Y
1618563,,NATIONAL STORAGE AFFILIATES TRUST,6798,1-LAF,10-K,20251231,N
1618673,PFGC,PERFORMANCE FOOD GROUP CO,5141,1-LAF,10-Q,20251231,Y
1618732,NTNX,"NUTANIX, INC.",7372,1-LAF,10-Q,20260131,Y
1618755,QSP,RESTAURANT BRANDS INTERNATIONAL LIMITED PARTNERSHIP,5812,1-LAF,10-K,20251231,Y
1618756,QSR,RESTAURANT BRANDS INTERNATIONAL INC.,5812,1-LAF,10-K,20251231,Y
1618835,EVFM,"EVOFEM BIOSCIENCES, INC.",2834,4-NON,10-K,20251231,Y
1619312,LTSV,"LIGHTSTONE VALUE PLUS REIT IV, INC.",6798,4-NON,10-K,20251231,Y
1619762,BRSL,BRIGHTSTAR LOTTERY PLC,7990,1-LAF,20-F,20251231,Y
1619856,CRBU,"CARIBOU BIOSCIENCES, INC.",2836,4-NON,10-K,20251231,Y
1620393,NXRT,"NEXPOINT RESIDENTIAL TRUST, INC.",6798,1-LAF,10-K,20251231,Y
1620459,JRVR,"JAMES RIVER GROUP HOLDINGS, INC.",6331,2-ACC,10-K,20251231,Y
1620463,LONA,"LEONABIO, INC.",2836,4-NON,10-K,20251231,Y
1620533,SHAK,SHAKE SHACK INC.,5810,1-LAF,10-K,20251231,Y
1620749,PHCI,PANAMERA HOLDINGS CORP,8742,4-NON,10-Q,20260131,Y
1621221,ARTL,"ARTELO BIOSCIENCES, INC.",2834,4-NON,10-K,20251231,Y
1621434,BSM,"BLACK STONE MINERALS, L.P.",1311,1-LAF,10-K,20251231,Y
1621672,SLE,"SUPER LEAGUE ENTERPRISE, INC.",7373,4-NON,10-K,20251231,Y
1621832,AQMS,"AQUA METALS, INC.",3341,4-NON,10-K,20251231,Y
1622194,DEA,"EASTERLY GOVERNMENT PROPERTIES, INC.",6798,1-LAF,10-K,20251231,Y
1622229,COGT,"COGENT BIOSCIENCES, INC.",2834,1-LAF,10-K,20251231,Y
1622244,OWPC,"ONE WORLD PRODUCTS, INC.",2834,4-NON,10-Q,20250930,Y
1622536,TLN,TALEN ENERGY CORP,4911,1-LAF,10-K,20251231,Y
1622996,ACBM,"ACRO BIOMEDICAL CO., LTD.",7900,4-NON,10-K,20251231,Y
1623526,STOK,"STOKE THERAPEUTICS, INC.",2834,4-NON,10-K,20251231,Y
1623925,AM,ANTERO MIDSTREAM CORP,4922,1-LAF,10-K,20251231,Y
1624322,BFST,"BUSINESS FIRST BANCSHARES, INC.",6022,2-ACC,10-K,20251231,Y
1624326,PAVM,PAVMED INC.,3841,4-NON,10-K,20251231,Y
1624794,CSW,"CSW INDUSTRIALS, INC.",2891,1-LAF,10-Q,20251231,Y
1624985,SFCX,SUPA CONSOLIDATED INC.,7389,4-NON,10-K,20251231,Y
1625101,PLSE,"PULSE BIOSCIENCES, INC.",3841,4-NON,10-K,20251231,Y
1625278,NRDS,"NERDWALLET, INC.",7374,2-ACC,10-K,20251231,Y
1625297,INDV,"INDIVIOR PHARMACEUTICALS, INC.",2834,1-LAF,10-K,20251231,Y
1625641,LAW,"CS DISCO, INC.",7372,2-ACC,10-K,20251231,Y
1625791,KRNT,KORNIT DIGITAL LTD.,3555,1-LAF,20-F,20251231,Y
1625941,,ARES INDUSTRIAL REAL ESTATE INCOME TRUST INC.,6798,4-NON,10-K,20251231,N
1626115,PJT,PJT PARTNERS INC.,6282,1-LAF,10-K,20251231,Y
1626450,CMRC,"COMMERCE.COM, INC.",7372,2-ACC,10-K,20251231,Y
1626644,ODYY,"ODYSSEY HEALTH, INC.",3841,4-NON,10-Q,20260131,Y
1626878,XBIT,XBIOTECH INC.,2834,4-NON,10-K,20251231,Y
1626971,CRVS,"CORVUS PHARMACEUTICALS, INC.",2834,4-NON,10-K,20251231,Y
1627223,CC,CHEMOURS CO,2800,1-LAF,10-K,20251231,Y
1627272,OR,OR ROYALTIES INC.,1040,,40-F,20251231,Y
1627281,CLLS,CELLECTIS S.A.,2836,2-ACC,20-F,20251231,Y
1627282,CWD,CALIBERCOS INC.,6500,4-NON,10-K,20251231,Y
1627469,,"PHOTOZOU HOLDINGS, INC.",7310,4-NON,10-K,20241130,N
1627475,UPWK,"UPWORK, INC",7374,1-LAF,10-K,20251231,Y
1628063,SRG,SERITAGE GROWTH PROPERTIES,6500,4-NON,10-K,20251231,Y
1628171,RVMD,"REVOLUTION MEDICINES, INC.",2836,1-LAF,10-K,20251231,Y
1628369,CWK,CUSHMAN & WAKEFIELD LTD.,6500,1-LAF,10-K,20251231,Y
1628808,PROF,PROFOUND MEDICAL CORP.,3841,4-NON,10-K,20251231,Y
1628908,EVH,"EVOLENT HEALTH, INC.",8741,1-LAF,10-K,20251231,Y
1629019,MBIN,MERCHANTS BANCORP,6022,1-LAF,10-K,20251231,Y
1629210,PZG,PARAMOUNT GOLD NEVADA CORP.,1000,4-NON,10-Q,20251231,Y
1630113,BTCY,BIOTRICITY INC.,3841,4-NON,10-Q,20251231,Y
1630212,CHGA,AVALON GLOBOCARE CORP.,7371,4-NON,10-K,20251231,Y
1630472,TRTX,"TPG RE FINANCE TRUST, INC.",6798,2-ACC,10-K,20251231,Y
1630627,TMCI,"TREACE MEDICAL CONCEPTS, INC.",3841,2-ACC,10-K,20251231,Y
1630805,BW,"BABCOCK & WILCOX ENTERPRISES, INC.",3433,2-ACC,10-K,20251231,Y
1631282,,DATASEA INC.,7372,4-NON,10-Q,20251231,N
1631487,CLGN,COLLPLANT BIOTECHNOLOGIES LTD,3842,4-NON,20-F,20251231,Y
1631569,CHCT,COMMUNITY HEALTHCARE TRUST INC,6798,2-ACC,10-K,20251231,Y
1631574,WVE,WAVE LIFE SCIENCES LTD.,2834,1-LAF,10-K,20251231,Y
1631596,KREF,KKR REAL ESTATE FINANCE TRUST INC.,6798,2-ACC,10-K,20251231,Y
1632127,CABO,"CABLE ONE, INC.",4841,1-LAF,10-K,20251231,Y
1632790,ENR,"ENERGIZER HOLDINGS, INC.",3690,1-LAF,10-Q,20251231,Y
1632970,AHR,"AMERICAN HEALTHCARE REIT, INC.",6798,1-LAF,10-K,20251231,Y
1633336,CCAP,"CRESCENT CAPITAL BDC, INC.",,2-ACC,10-K,20251231,Y
1633858,,AUDAX CREDIT BDC INC.,,4-NON,10-K,20251231,N
1633917,PYPL,"PAYPAL HOLDINGS, INC.",7389,1-LAF,10-K,20251231,Y
1633931,,TOPBUILD CORP,1700,1-LAF,10-K,20251231,N
1633978,LITE,LUMENTUM HOLDINGS INC.,3669,1-LAF,10-Q,20251231,Y
1634117,BNED,"BARNES & NOBLE EDUCATION, INC.",5940,2-ACC,10-Q,20260131,Y
1634293,,"EXCEED WORLD, INC.",8200,4-NON,10-K,20250930,N
1634452,,AB PRIVATE CREDIT INVESTORS CORP,,4-NON,10-K,20251231,N
1635077,ACON,"ACLARION, INC.",8071,4-NON,10-K,20251231,Y
1635088,ROIV,ROIVANT SCIENCES LTD.,2834,1-LAF,10-Q,20251231,Y
1635282,RMNI,"RIMINI STREET, INC.",7389,2-ACC,10-K,20251231,Y
1635327,FLUT,FLUTTER ENTERTAINMENT PLC,7370,1-LAF,10-K,20251231,Y
1636051,FUST,FUSE GROUP HOLDING INC.,1000,4-NON,10-Q,20251231,Y
1636222,WING,WINGSTOP INC.,5812,1-LAF,10-K,20251231,Y
1636282,SYRE,"SPYRE THERAPEUTICS, INC.",2834,1-LAF,10-K,20251231,Y
1636422,HCAT,"HEALTH CATALYST, INC.",7370,2-ACC,10-K,20251231,Y
1636519,MSGS,MADISON SQUARE GARDEN SPORTS CORP.,7990,1-LAF,10-Q,20251231,Y
1636639,PLGO,FIDELIS INSURANCE HOLDINGS LTD,6331,1-LAF,20-F,20251231,Y
1636651,OVID,OVID THERAPEUTICS INC.,2834,4-NON,10-K,20251231,Y
1637147,ZSPC,"ZSPACE, INC.",7372,4-NON,10-K,20251231,Y
1637207,PLNT,"PLANET FITNESS, INC.",7997,1-LAF,10-K,20251231,Y
1637459,KHC,KRAFT HEINZ CO,2030,1-LAF,10-K,20251231,Y
1637715,OKUR,"ONKURE THERAPEUTICS, INC.",2834,4-NON,10-K,20251231,Y
1637757,,CLEARWAY ENERGY LLC,4911,4-NON,10-K,20251231,N
1637810,FSV,FIRSTSERVICE CORP,6500,,40-F,20251231,Y
1637873,ACVA,ACV AUCTIONS INC.,7389,1-LAF,10-K,20251231,Y
1637880,,"TRI-STATE GENERATION & TRANSMISSION ASSOCIATION, INC.",4911,4-NON,10-K,20251231,N
1638097,ENTX,ENTERA BIO LTD.,2836,4-NON,10-K,20251231,Y
1638287,MTVA,METAVIA INC.,2834,4-NON,10-K,20251231,Y
1638290,MCFT,"MASTERCRAFT BOAT HOLDINGS, INC.",3730,2-ACC,10-Q,20251231,Y
1638826,TTAN,"SERVICETITAN, INC.",7372,1-LAF,10-K,20260131,Y
1638833,SGRY,"SURGERY PARTNERS, INC.",8062,1-LAF,10-K,20251231,Y
1638911,DUKR,DUKE ROBOTICS CORP.,3721,4-NON,10-K,20251231,Y
1639300,OLLI,"OLLIE'S BARGAIN OUTLET HOLDINGS, INC.",5331,1-LAF,10-K,20260131,Y
1639438,CAVA,"CAVA GROUP, INC.",5812,1-LAF,10-K,20251231,Y
1639691,LIVN,LIVANOVA PLC,3845,1-LAF,10-K,20251231,Y
1639825,PTON,"PELOTON INTERACTIVE, INC.",3949,1-LAF,10-Q,20251231,Y
1639877,GSM,FERROGLOBE PLC,1000,2-ACC,20-F,20251231,Y
1639920,SPOT,SPOTIFY TECHNOLOGY S.A.,4832,1-LAF,20-F,20251231,Y
1640147,SNOW,SNOWFLAKE INC.,7372,1-LAF,10-K,20260131,Y
1640266,VYGR,"VOYAGER THERAPEUTICS, INC.",2836,2-ACC,10-K,20251231,Y
1640384,PWCM,"LM FUNDING AMERICA, INC.",6199,4-NON,10-K,20251231,Y
1640428,EVER,"EVERQUOTE, INC.",7370,2-ACC,10-K,20251231,Y
1640967,,RISE COMPANIES CORP,6798,4-NON,10-K,20251231,N
1641281,BOLT,"BOLT BIOTHERAPEUTICS, INC.",2834,4-NON,10-K,20251231,Y
1641398,GDC,GD CULTURE GROUP LTD,5050,4-NON,10-K,20251231,Y
1641489,VTVT,VTV THERAPEUTICS INC.,2834,4-NON,10-K,20251231,Y
1641601,RVRF,RIVER FINANCIAL CORP,6022,2-ACC,10-K,20251231,Y
1641614,PMTS,CPI CARD GROUP INC.,2750,2-ACC,10-K,20251231,Y
1641631,XAIR,"BEYOND AIR, INC.",3841,4-NON,10-Q,20251231,Y
1642380,IMDX,INSIGHT MOLECULAR DIAGNOSTICS INC.,2835,4-NON,10-K,20251231,Y
1642896,IOT,SAMSARA INC.,7373,1-LAF,10-K,20260131,Y
1643154,ITHUF,"IANTHUS CAPITAL HOLDINGS, INC.",0100,4-NON,10-K,20251231,Y
1643303,NNDM,NANO DIMENSION LTD.,3672,2-ACC,10-K,20251231,Y
1643615,ONT,"MONTROSE ENVIRONMENTAL GROUP, INC.",8742,1-LAF,10-K,20251231,Y
1643721,BOTX,"LEAFBUYER TECHNOLOGIES, INC.",8742,4-NON,10-Q,20251231,Y
1643918,BDRX,BIODEXA PHARMACEUTICALS PLC,2834,4-NON,20-F,20251231,Y
1643953,PRPL,"PURPLE INNOVATION, INC.",2510,4-NON,10-K,20251231,Y
1644378,RMR,RMR GROUP INC.,8742,2-ACC,10-Q,20251231,Y
1644903,YCBD,"CBDMD, INC.",2844,4-NON,10-Q,20251231,Y
1644963,ATXI,"AVENUE THERAPEUTICS, INC.",2834,4-NON,10-K,20251231,Y
1645113,NVCR,NOVOCURE LTD,3841,1-LAF,10-K,20251231,Y
1645460,CUE,"CUE BIOPHARMA, INC.",2834,4-NON,10-K,20251231,Y
1645469,MNPR,MONOPAR THERAPEUTICS,2834,4-NON,10-K,20251231,Y
1645590,HPE,HEWLETT PACKARD ENTERPRISE CO,3570,1-LAF,10-Q,20260131,Y
1645666,,"KEZAR LIFE SCIENCES, INC.",2834,4-NON,10-K,20251231,N
1645873,MDV,"MODIV INDUSTRIAL, INC.",6798,4-NON,10-K,20251231,Y
1646188,ONDS,ONDAS INC.,3663,4-NON,10-K,20251231,Y
1646614,,SILVER POINT SPECIALTY LENDING FUND,,4-NON,10-K,20251231,N
1646972,ACI,"ALBERTSONS COMPANIES, INC.",5411,1-LAF,10-Q,20251130,Y
1647088,WSC,WILLSCOT HOLDINGS CORP,7350,1-LAF,10-K,20251231,Y
1647639,UPST,"UPSTART HOLDINGS, INC.",6199,1-LAF,10-K,20251231,Y
1647822,SVMB,"JINGBO TECHNOLOGY, INC.",7372,4-NON,10-Q,20251130,Y
1648087,AREB,AMERICAN REBEL HOLDINGS INC,3490,4-NON,10-K,20251231,Y
1648257,HCM,HUTCHMED (CHINA) LTD,2834,1-LAF,20-F,20251231,Y
1648416,RACE,FERRARI N.V.,3711,1-LAF,20-F,20251231,Y
1648960,MYSE,"MYSEUM, INC.",4822,4-NON,10-K,20251231,Y
1649094,PCVX,"VAXCYTE, INC.",2836,1-LAF,10-K,20251231,Y
1649096,CLPR,CLIPPER REALTY INC.,6798,4-NON,10-K,20251231,Y
1649313,BWLP,BW LPG LTD,4700,1-LAF,20-F,20251231,Y
1649373,,SANTANDER UK GROUP HOLDINGS PLC,6029,4-NON,20-F,20251231,N
1649739,BAFN,BAYFIRST FINANCIAL CORP.,6022,4-NON,10-K,20251231,Y
1649744,DLTH,DULUTH HOLDINGS INC.,5600,4-NON,10-K,20260131,Y
1649749,FBK,FB FINANCIAL CORP,6022,1-LAF,10-K,20251231,Y
1649752,NMG,NOUVEAU MONDE GRAPHITE INC.,1090,,40-F,20251231,Y
1649904,RYTM,"RHYTHM PHARMACEUTICALS, INC.",2834,1-LAF,10-K,20251231,Y
1649989,OTLK,"OUTLOOK THERAPEUTICS, INC.",2836,4-NON,10-Q,20251231,Y
1650101,ATXG,ADDENTAX GROUP CORP.,7330,4-NON,10-Q,20251231,Y
1650107,CCEP,COCA-COLA EUROPACIFIC PARTNERS PLC,2086,1-LAF,20-F,20251231,Y
1650132,FCPT,"FOUR CORNERS PROPERTY TRUST, INC.",6798,1-LAF,10-K,20251231,Y
1650164,TOST,"TOAST, INC.",7374,1-LAF,10-K,20251231,Y
1650372,TEAM,ATLASSIAN CORP,7372,1-LAF,10-Q,20251231,Y
1650648,FDMT,"4D MOLECULAR THERAPEUTICS, INC.",2836,4-NON,10-K,20251231,Y
1650664,EDIT,"EDITAS MEDICINE, INC.",2836,4-NON,10-K,20251231,Y
1650696,LSF,"LAIRD SUPERFOOD, INC.",2000,4-NON,10-K,20251231,Y
1650729,SITE,"SITEONE LANDSCAPE SUPPLY, INC.",5040,1-LAF,10-K,20251231,Y
1651308,ONC,BEONE MEDICINES LTD.,2834,1-LAF,10-K,20251231,Y
1651562,COUR,"COURSERA, INC.",7372,1-LAF,10-K,20251231,Y
1651625,ACIU,AC IMMUNE SA,2834,2-ACC,20-F,20251231,Y
1651717,NOMD,NOMAD FOODS LTD,2000,1-LAF,20-F,20251231,Y
1651932,XITO,"XENOUS HOLDINGS, INC.",6770,4-NON,10-Q,20251231,Y
1652044,GOOGL,ALPHABET INC.,7370,1-LAF,10-K,20251231,Y
1652130,NTLA,"INTELLIA THERAPEUTICS, INC.",2835,1-LAF,10-K,20251231,Y
1652535,ICHR,"ICHOR HOLDINGS, LTD.",3674,1-LAF,10-K,20251231,Y
1652561,DQWS,DSWISS INC,2844,4-NON,10-K,20251231,Y
1652935,ACTU,"ACTUATE THERAPEUTICS, INC.",2834,4-NON,10-K,20251231,Y
1653087,ALEC,"ALECTOR, INC.",2836,2-ACC,10-K,20251231,Y
1653242,NTB,BANK OF N.T. BUTTERFIELD & SON LTD,6029,1-LAF,20-F,20251231,Y
1653384,RWAY,RUNWAY GROWTH FINANCE CORP.,,2-ACC,10-K,20251231,Y
1653477,NGVT,INGEVITY CORP,2800,1-LAF,10-K,20251231,Y
1653482,GTLB,GITLAB INC.,7372,1-LAF,10-K,20260131,Y
1653558,PRTH,"PRIORITY TECHNOLOGY HOLDINGS, INC.",7389,2-ACC,10-K,20251231,Y
1653653,RRR,"RED ROCK RESORTS, INC.",7011,1-LAF,10-K,20251231,Y
1653909,BIRD,"ALLBIRDS, INC.",2300,4-NON,10-K,20251231,Y
1654126,ZIM,ZIM INTEGRATED SHIPPING SERVICES LTD.,4412,1-LAF,20-F,20251231,Y
1654595,MDRR,"MEDALIST DIVERSIFIED REIT, INC.",6798,4-NON,10-K,20251231,Y
1654795,BBUC,BROOKFIELD BUSINESS CORP,1700,1-LAF,20-F,20251231,Y
1655050,BCSF,"BAIN CAPITAL SPECIALTY FINANCE, INC.",,1-LAF,10-K,20251231,Y
1655759,ARVN,"ARVINAS, INC.",2834,2-ACC,10-K,20251231,Y
1655887,,BLUE OWL CAPITAL CORP II,,4-NON,10-K,20251231,N
1655888,OBDC,BLUE OWL CAPITAL CORP,,1-LAF,10-K,20251231,Y
1655891,TRMD,TORM PLC,4412,1-LAF,20-F,20251231,Y
1655923,ACOG,ALPHA COGNITION INC.,2836,4-NON,10-K,20251231,Y
1656472,CRON,CRONOS GROUP INC.,2833,2-ACC,10-K,20251231,Y
1657573,XMTR,"XOMETRY, INC.",7389,1-LAF,10-K,20251231,Y
1657642,SLBK,"SKYLINE BANKSHARES, INC.",6022,4-NON,10-K,20251231,Y
1657788,KRP,"KIMBELL ROYALTY PARTNERS, LP",1311,1-LAF,10-K,20251231,Y
1657853,HTZ,"HERTZ GLOBAL HOLDINGS, INC",7510,1-LAF,10-K,20251231,Y
1658247,CRNX,"CRINETICS PHARMACEUTICALS, INC.",2834,1-LAF,10-K,20251231,Y
1658551,AMLX,"AMYLYX PHARMACEUTICALS, INC.",2834,4-NON,10-K,20251231,Y
1658566,PR,PERMIAN RESOURCES CORP,1311,1-LAF,10-K,20251231,Y
1659166,FTV,FORTIVE CORP,3823,1-LAF,10-K,20251231,Y
1659617,MBRX,"MOLECULIN BIOTECH, INC.",2834,4-NON,10-K,20251231,Y
1660134,OKTA,"OKTA, INC.",7372,1-LAF,10-K,20260131,Y
1660280,TENB,"TENABLE HOLDINGS, INC.",7372,1-LAF,10-K,20251231,Y
1660334,VRCA,VERRICA PHARMACEUTICALS INC.,2834,4-NON,10-K,20251231,Y
1660734,TRTN-PA,TRITON INTERNATIONAL LTD,7359,4-NON,20-F,20251231,Y
1660851,,"FIREFLY AUTOMATIX, INC.",3523,4-NON,10-Q,20250930,N
1661053,NVNO,ENVVENO MEDICAL CORP,3841,4-NON,10-K,20251231,Y
1661059,NXTC,"NEXTCURE, INC.",2834,4-NON,10-K,20251231,Y
1661181,ORGO,ORGANOGENESIS HOLDINGS INC.,2834,2-ACC,10-K,20251231,Y
1661306,,"HANCOCK PARK CORPORATE INCOME, INC.",,4-NON,10-K,20251231,N
1661458,,"HIGHLANDS REIT, INC.",6798,4-NON,10-K,20251231,N
1661779,,"STARTENGINE CROWDFUNDING, INC.",6199,4-NON,10-K,20251231,N
1661998,QTTB,Q32 BIO INC.,2834,4-NON,10-K,20251231,Y
1662579,CCCC,"C4 THERAPEUTICS, INC.",2836,4-NON,10-K,20251231,Y
1662684,KULR,"KULR TECHNOLOGY GROUP, INC.",3670,4-NON,10-K,20251231,Y
1662972,BSTT,"BLACKSTONE REAL ESTATE INCOME TRUST, INC.",6798,4-NON,10-K,20251231,Y
1662991,SEZL,SEZZLE INC.,7389,1-LAF,10-K,20251231,Y
1663038,QTZM,QUANTUM GENESIS AI CORP.,2860,4-NON,10-Q,20260131,Y
1664703,BE,BLOOM ENERGY CORP,3620,1-LAF,10-K,20251231,Y
1664710,KROS,"KEROS THERAPEUTICS, INC.",2834,4-NON,10-K,20251231,Y
1665300,PHUN,"PHUNWARE, INC.",7374,4-NON,10-K,20251231,Y
1665918,USFD,US FOODS HOLDING CORP.,5140,1-LAF,10-K,20251231,Y
1665988,BVS,BIOVENTUS INC.,3841,2-ACC,10-K,20251231,Y
1666071,CDLX,"CARDLYTICS, INC.",7370,2-ACC,10-K,20251231,Y
1666134,BL,"BLACKLINE, INC.",7372,1-LAF,10-K,20251231,Y
1666138,ATKR,ATKORE INC.,3690,1-LAF,10-Q,20251231,Y
1666175,FTS,FORTIS INC.,4911,,40-F,20251231,Y
1666244,CFTR-PA,"CANTOR FITZGERALD INCOME TRUST, INC.",6798,4-NON,10-K,20251231,Y
1666291,CMTG,"CLAROS MORTGAGE TRUST, INC.",6500,2-ACC,10-K,20251231,Y
1666700,DD,"DUPONT DE NEMOURS, INC.",2821,1-LAF,10-K,20251231,Y
1667011,AIP,"ARTERIS, INC.",3674,4-NON,10-K,20251231,Y
1667313,ZDGE,"ZEDGE, INC.",7372,4-NON,10-Q,20260131,Y
1668243,URGN,UROGEN PHARMA LTD.,2834,4-NON,10-K,20251231,Y
1668397,MEDP,"MEDPACE HOLDINGS, INC.",8731,1-LAF,10-K,20251231,Y
1668438,IMTE,INTEGRATED MEDIA TECHNOLOGY LTD,3651,4-NON,20-F,20251231,Y
1668717,BUD,ANHEUSER-BUSCH INBEV SA/NV,2082,1-LAF,20-F,20251231,Y
1669162,KNSL,"KINSALE CAPITAL GROUP, INC.",6331,1-LAF,10-K,20251231,Y
1669779,CWH,"CAMPING WORLD HOLDINGS, INC.",5500,1-LAF,10-K,20251231,Y
1669811,DFIN,"DONNELLEY FINANCIAL SOLUTIONS, INC.",7380,1-LAF,10-K,20251231,Y
1670061,ALM,ALMONTY INDUSTRIES INC.,1000,,40-F,20251231,Y
1670076,ULCC,"FRONTIER GROUP HOLDINGS, INC.",4512,2-ACC,10-K,20251231,Y
1670541,ADNT,ADIENT PLC,3714,1-LAF,10-Q,20251231,Y
1670592,YETI,"YETI HOLDINGS, INC.",3949,1-LAF,10-K,20251231,Y
1671502,QNRX,"QUOIN PHARMACEUTICALS, LTD.",2834,4-NON,10-K,20251231,Y
1671584,APVO,APTEVO THERAPEUTICS INC.,2834,4-NON,10-K,20251231,Y
1671858,SPRY,"ARS PHARMACEUTICALS, INC.",2834,4-NON,10-K,20251231,Y
1671927,IMCR,IMMUNOCORE HOLDINGS PLC,2836,1-LAF,10-K,20251231,Y
1671933,TTD,"TRADE DESK, INC.",7370,1-LAF,10-K,20251231,Y
1672013,GOLF,ACUSHNET HOLDINGS CORP.,3949,1-LAF,10-K,20251231,Y
1672571,AAQL,ANTIAGING QUANTUM LIVING INC.,7331,4-NON,10-Q,20251231,Y
1672572,,LANDBAY INC,1040,4-NON,10-Q,20250630,N
1672619,ELVN,"ENLIVEN THERAPEUTICS, INC.",2834,4-NON,10-K,20251231,Y
1672688,ABSI,ABSCI CORP,8731,4-NON,10-K,20251231,Y
1672773,,"ARBORETUM SILVERLEAF INCOME FUND, L.P.",7359,4-NON,10-K,20231231,N
1672909,CPHC,CANTERBURY PARK HOLDING CORP,7948,4-NON,10-K,20251231,Y
1673358,YUMC,"YUM CHINA HOLDINGS, INC.",5812,1-LAF,10-K,20251231,Y
1673475,GPOX,"GPO PLUS, INC.",8900,4-NON,10-Q,20260131,Y
1673504,AGLY,ATLANTIS GLORY INC.,8742,4-NON,10-K,20251231,Y
1673743,HNGE,"HINGE HEALTH, INC.",7374,4-NON,10-K,20251231,Y
1673985,ASIX,ADVANSIX INC.,2821,1-LAF,10-K,20251231,Y
1674101,VRT,VERTIV HOLDINGS CO,3679,1-LAF,10-K,20251231,Y
1674168,HGV,HILTON GRAND VACATIONS INC.,7000,1-LAF,10-K,20251231,Y
1674227,WORX,SCWORX CORP.,7374,4-NON,10-K,20251231,Y
1674335,JELD,"JELD-WEN HOLDING, INC.",2430,2-ACC,10-K,20251231,Y
1674356,TPTS,"TERRA PROPERTY TRUST, INC.",6798,4-NON,10-K,20251231,Y
1674416,CRSP,CRISPR THERAPEUTICS AG,2836,1-LAF,10-K,20251231,Y
1674440,YYAI,AIRWA INC.,7370,4-NON,10-Q,20260131,Y
1674632,BBNX,"BETA BIONICS, INC.",3841,4-NON,10-K,20251231,Y
1674760,,SILVER CAPITAL HOLDINGS LLC,,4-NON,10-K,20251231,N
1674862,ASH,ASHLAND INC.,5160,1-LAF,10-Q,20251231,Y
1674910,VVV,VALVOLINE INC,2990,1-LAF,10-Q,20251231,Y
1674930,FLGT,"FULGENT GENETICS, INC.",8071,2-ACC,10-K,20251231,Y
1675033,GECC,GREAT ELM CAPITAL CORP.,,4-NON,10-K,20251231,Y
1675149,AA,ALCOA CORP,3334,1-LAF,10-K,20251231,Y
1675644,FVCB,"FVCBANKCORP, INC.",6022,2-ACC,10-K,20251231,Y
1676163,SSII,"SS INNOVATIONS INTERNATIONAL, INC.",3841,4-NON,10-K,20251231,Y
1676238,BRZE,"BRAZE, INC.",7372,1-LAF,10-K,20260131,Y
1676725,IDYA,"IDEAYA BIOSCIENCES, INC.",2834,1-LAF,10-K,20251231,Y
1677077,ALZN,"ALZAMEND NEURO, INC.",2834,4-NON,10-Q,20260131,Y
1677576,IIPR,INNOVATIVE INDUSTRIAL PROPERTIES INC,6500,1-LAF,10-K,20251231,Y
1677703,CNDT,CONDUENT INC,7389,2-ACC,10-K,20251231,Y
1677897,UPYY,UPAY,7372,4-NON,10-Q,20251130,Y
1677940,BYSI,BEYONDSPRING INC.,2834,4-NON,10-K,20251231,Y
1678105,CAHO,CARO HOLDINGS INC.,5961,4-NON,10-Q,20251231,Y
1678660,PRLD,PRELUDE THERAPEUTICS INC,2834,4-NON,10-K,20251231,Y
1679049,INSW,"INTERNATIONAL SEAWAYS, INC.",4400,1-LAF,10-K,20251231,Y
1679268,TUSK,"MAMMOTH ENERGY SERVICES, INC.",1389,2-ACC,10-K,20251231,Y
1679688,DBRG,"DIGITALBRIDGE GROUP, INC.",6282,1-LAF,10-K,20251231,Y
1679788,COIN,"COINBASE GLOBAL, INC.",6199,1-LAF,10-K,20251231,Y
1680048,MBIO,"MUSTANG BIO, INC.",2834,4-NON,10-K,20251231,Y
1680056,ORLA,ORLA MINING LTD.,1040,,40-F,20251231,Y
1680062,ACMR,"ACM RESEARCH, INC.",3559,1-LAF,10-K,20251231,Y
1680132,CSUI,CANNABIS SUISSE CORP.,6500,4-NON,10-Q,20251130,Y
1680139,HLYK,HEALTHLYNKED CORP,8011,4-NON,10-K,20251231,Y
1680247,PUMP,PROPETRO HOLDING CORP.,1389,2-ACC,10-K,20251231,Y
1680367,STTK,"SHATTUCK LABS, INC.",2834,4-NON,10-K,20251231,Y
1680378,SNES,"SENESTECH, INC.",2870,4-NON,10-K,20251231,Y
1680581,FULC,"FULCRUM THERAPEUTICS, INC.",2834,4-NON,10-K,20251231,Y
1680689,NRHI,"NATURAL RESOURCE HOLDINGS, INC.",5960,4-NON,10-Q,20260131,Y
1680873,HFFG,HF FOODS GROUP INC.,5140,2-ACC,10-K,20251231,Y
1681087,TECX,"TECTONIC THERAPEUTIC, INC.",2836,4-NON,10-K,20251231,Y
1681206,NODK,"NI HOLDINGS, INC.",6331,2-ACC,10-K,20251231,Y
1681459,FTI,TECHNIPFMC PLC,3533,1-LAF,10-K,20251231,Y
1681622,VREX,VAREX IMAGING CORP,3679,2-ACC,10-Q,20251231,Y
1681682,NDRA,ENDRA LIFE SCIENCES INC.,3845,4-NON,10-K,20251231,Y
1682149,DVLT,DATAVAULT AI INC.,7389,4-NON,10-K,20251231,Y
1682220,SACH,SACHEM CAPITAL CORP.,6798,4-NON,10-K,20251231,Y
1682639,HYPD,"HYPERION DEFI, INC.",2834,4-NON,10-K,20251231,Y
1682745,VRRM,VERRA MOBILITY CORP,4700,1-LAF,10-K,20251231,Y
1682852,MRNA,"MODERNA, INC.",2836,1-LAF,10-K,20251231,Y
1683553,SPRB,"SPRUCE BIOSCIENCES, INC.",2834,4-NON,10-K,20251231,Y
1683606,CARS,CARS.COM INC.,7374,1-LAF,10-K,20251231,Y
1683695,IMXI,"INTERNATIONAL MONEY EXPRESS, INC.",7389,2-ACC,10-K,20251231,Y
1683825,TRVG,TRIVAGO N.V.,7374,2-ACC,20-F,20251231,Y
1684144,ZOMDF,ZOMEDICA CORP.,2834,4-NON,10-K,20251231,Y
1684682,,"CNL STRATEGIC CAPITAL, LLC",6282,4-NON,10-K,20251231,N
1684688,ATCX,ATLAS CRITICAL MINERALS CORP,1040,4-NON,20-F,20251231,Y
1684693,SLGL,SOL-GEL TECHNOLOGIES LTD.,2834,4-NON,20-F,20251231,Y
1685040,BHF,"BRIGHTHOUSE FINANCIAL, INC.",6311,1-LAF,10-K,20251231,Y
1685766,,MOVEIX INC.,3790,4-NON,10-Q,20250930,N
1687187,METC,"RAMACO RESOURCES, INC.",1220,2-ACC,10-K,20251231,Y
1687229,INVH,INVITATION HOMES INC.,6510,1-LAF,10-K,20251231,Y
1687451,ZKIN,"ZK INTERNATIONAL GROUP CO., LTD.",3490,4-NON,20-F,20250930,Y
1687932,JILL,"J.JILL, INC.",2330,2-ACC,10-K,20260131,Y
1688568,DXC,DXC TECHNOLOGY CO,7374,1-LAF,10-Q,20251231,Y
1688757,ESTA,ESTABLISHMENT LABS HOLDINGS INC.,3842,1-LAF,10-K,20251231,Y
1689375,TRDA,"ENTRADA THERAPEUTICS, INC.",2834,2-ACC,10-K,20251231,Y
1689548,PRAX,"PRAXIS PRECISION MEDICINES, INC.",2834,1-LAF,10-K,20251231,Y
1689796,JBGS,JBG SMITH PROPERTIES,6798,1-LAF,10-K,20251231,Y
1690012,ICR-PA,"INPOINT COMMERCIAL REAL ESTATE INCOME, INC.",6798,4-NON,10-K,20251231,Y
1690334,SMHI,SEACOR MARINE HOLDINGS INC.,4412,2-ACC,10-K,20251231,Y
1690384,,"BIOCRUDE TECHNOLOGIES USA, INC.",4953,4-NON,10-K,20251231,N
1690437,BAR,GRANITESHARES GOLD TRUST,6221,1-LAF,10-Q,20251231,Y
1690536,,"FS CREDIT REAL ESTATE INCOME TRUST, INC.",6798,4-NON,10-K,20251231,N
1690585,DNTH,"DIANTHUS THERAPEUTICS, INC. /DE/",2834,4-NON,10-K,20251231,Y
1690680,NMRK,"NEWMARK GROUP, INC.",6531,1-LAF,10-K,20251231,Y
1690820,CVNA,CARVANA CO.,5500,1-LAF,10-K,20251231,Y
1690842,PLTM,GRANITESHARES PLATINUM TRUST,6221,4-NON,10-Q,20251231,Y
1691082,LBRX,LB PHARMACEUTICALS INC,2834,4-NON,10-K,20251231,Y
1691221,FRSX,FORESIGHT AUTONOMOUS HOLDINGS LTD.,7372,4-NON,20-F,20251231,Y
1691303,HCC,"WARRIOR MET COAL, INC.",1220,1-LAF,10-K,20251231,Y
1691421,LMND,"LEMONADE, INC.",6331,1-LAF,10-K,20251231,Y
1692063,SNDR,"SCHNEIDER NATIONAL, INC.",4213,1-LAF,10-K,20251231,Y
1692115,SWX,"SOUTHWEST GAS HOLDINGS, INC.",4923,1-LAF,10-K,20251231,Y
1692345,PRXA,"PROCACCIANTI HOTEL REIT, INC.",6798,4-NON,10-K,20251231,Y
1692376,VEL,"VELOCITY FINANCIAL, INC.",6199,2-ACC,10-K,20251231,Y
1692415,CODX,"CO-DIAGNOSTICS, INC.",3841,4-NON,10-K,20251231,Y
1692427,NCSM,"NCS MULTISTAGE HOLDINGS, INC.",1389,4-NON,10-K,20251231,Y
1692787,KNTK,KINETIK HOLDINGS INC.,4922,1-LAF,10-K,20251231,Y
1692819,VST,VISTRA CORP.,4911,1-LAF,10-K,20251231,Y
1692951,,"COTTONWOOD COMMUNITIES, INC.",6798,4-NON,10-K,20251231,N
1693256,WTTR,"SELECT WATER SOLUTIONS, INC.",1389,1-LAF,10-K,20251231,Y
1693317,,"CHENIERE CORPUS CHRISTI HOLDINGS, LLC",4924,4-NON,10-K,20251231,N
1693577,MNSB,"MAINSTREET BANCSHARES, INC.",6022,2-ACC,10-K,20251231,Y
1693736,EQPT,EQUIPMENTSHARE.COM INC,7359,4-NON,10-K,20251231,Y
1694028,LBRT,LIBERTY ENERGY INC.,1389,1-LAF,10-K,20251231,Y
1694426,DK,"DELEK US HOLDINGS, INC.",2911,1-LAF,10-K,20251231,Y
1695295,HYFM,"HYDROFARM HOLDINGS GROUP, INC.",5190,4-NON,10-K,20251231,Y
1695473,GCAN,"GREATER CANNABIS COMPANY, INC.",2834,4-NON,10-K,20251231,Y
1696088,,"ENERGY RESOURCES 12, L.P.",1311,4-NON,10-K,20251231,N
1696411,,CRONA CORP.,7389,4-NON,10-Q,20250930,N
1696558,JRSH,"JERASH HOLDINGS (US), INC.",2300,4-NON,10-Q,20251231,Y
1697500,SEI,"SOLARIS ENERGY INFRASTRUCTURE, INC.",3533,1-LAF,10-K,20251231,Y
1697851,REKR,"REKOR SYSTEMS, INC.",3669,4-NON,10-K,20251231,Y
1697862,ARGX,ARGENX SE,2836,1-LAF,20-F,20251231,Y
1697884,VSBC,VITASPRING BIOMEDICAL CO. LTD.,8731,4-NON,10-K,20240131,Y
1698022,FMFG,"FARMERS & MERCHANTS BANCSHARES, INC.",6036,4-NON,10-K,20251231,Y
1698514,NESR,NATIONAL ENERGY SERVICES REUNITED CORP.,1389,2-ACC,10-K,20251231,Y
1698530,XCUR,"EXICURE, INC.",2834,4-NON,10-K,20251231,Y
1698535,NXE,NEXGEN ENERGY LTD.,1090,,40-F,20251231,Y
1698538,STSR,"STRATEGIC STUDENT & SENIOR HOUSING TRUST, INC.",6798,4-NON,10-K,20251231,Y
1698990,MGY,MAGNOLIA OIL & GAS CORP,1311,1-LAF,10-K,20251231,Y
1698991,ACEL,"ACCEL ENTERTAINMENT, INC.",7900,2-ACC,10-K,20251231,Y
1699031,GRAL,"GRAIL, INC.",8071,4-NON,10-K,20251231,Y
1699039,RNGR,"RANGER ENERGY SERVICES, INC.",1389,2-ACC,10-K,20251231,Y
1699136,WHD,"CACTUS, INC.",3533,1-LAF,10-K,20251231,Y
1699150,IR,INGERSOLL RAND INC.,3560,1-LAF,10-K,20251231,Y
1699350,SI,"SHOULDER INNOVATIONS, INC.",3841,4-NON,10-K,20251231,Y
1699382,PMVP,"PMV PHARMACEUTICALS, INC.",2834,4-NON,10-K,20251231,Y
1699709,VNOV,VITANOVA LIFE SCIENCES CORP,5130,4-NON,10-Q,20260131,Y
1699838,,"CONFLUENT, INC.",7372,1-LAF,10-K,20251231,N
1700844,EVOH,EVOAIR HOLDINGS INC.,3585,4-NON,10-Q,20251130,Y
1701108,SPRO,"SPERO THERAPEUTICS, INC.",2834,4-NON,10-K,20251231,Y
1701261,FAMI,"FARMMI, INC.",2033,4-NON,20-F,20250930,Y
1701478,AZTR,"AZITRA, INC.",2834,4-NON,10-K,20251231,Y
1701541,BDTX,"BLACK DIAMOND THERAPEUTICS, INC.",2836,4-NON,10-K,20251231,Y
1701605,BKR,BAKER HUGHES CO,3533,1-LAF,10-K,20251231,Y
1702123,CRDL,CARDIOL THERAPEUTICS INC.,2836,,40-F,20251231,Y
1702510,,"CARLYLE CREDIT SOLUTIONS, INC.",,4-NON,10-K,20251231,N
1702744,SMPL,SIMPLY GOOD FOODS CO,2000,1-LAF,10-Q,20251130,Y
1702750,BY,"BYLINE BANCORP, INC.",6022,1-LAF,10-K,20251231,Y
1702780,OPTU,"OPTIMUM COMMUNICATIONS, INC.",4841,2-ACC,10-K,20251231,Y
1702924,WRAP,"WRAP TECHNOLOGIES, INC.",3480,4-NON,10-K,20251231,Y
1703056,ADT,ADT INC.,7381,1-LAF,10-K,20251231,Y
1703057,ABCL,ABCELLERA BIOLOGICS INC.,2834,1-LAF,10-K,20251231,Y
1703073,VIVC,VIVIC CORP.,7990,4-NON,10-Q,20251231,Y
1703157,SCTH,"SECURETECH INNOVATIONS, INC.",3714,4-NON,10-K,20251231,Y
1703625,BLIS,"NAPC DEFENSE, INC.",7310,4-NON,10-Q,20260131,Y
1703644,GPMT,GRANITE POINT MORTGAGE TRUST INC.,6798,2-ACC,10-K,20251231,Y
1703647,KRRO,"KORRO BIO, INC.",2834,4-NON,10-K,20251231,Y
1703956,BBCP,"CONCRETE PUMPING HOLDINGS, INC.",1700,2-ACC,10-Q,20260131,Y
1704287,BJDX,"BLUEJAY DIAGNOSTICS, INC.",3841,4-NON,10-K,20251231,Y
1704292,ZLAB,ZAI LAB LTD,2834,1-LAF,10-K,20251231,Y
1704711,FNKO,"FUNKO, INC.",3944,2-ACC,10-K,20251231,Y
1704715,AMR,"ALPHA METALLURGICAL RESOURCES, INC.",1221,1-LAF,10-K,20251231,Y
1704720,CNNE,"CANNAE HOLDINGS, INC.",5810,1-LAF,10-K,20251231,Y
1705110,ANGI,ANGI INC.,7310,1-LAF,10-K,20251231,Y
1705181,ETCG,GRAYSCALE ETHEREUM CLASSIC TRUST (ETC),6221,2-ACC,10-K,20251231,Y
1705696,VICI,VICI PROPERTIES INC.,6798,1-LAF,10-K,20251231,Y
1705843,CBUS,"CIBUS, INC.",2870,4-NON,10-K,20251231,Y
1706431,VIR,"VIR BIOTECHNOLOGY, INC.",2836,1-LAF,10-K,20251231,Y
1706524,FLZH,"URBAN-GRO, INC.",5080,4-NON,10-K,20241231,Y
1706946,SPCE,"VIRGIN GALACTIC HOLDINGS, INC",4700,4-NON,10-K,20251231,Y
1707502,SLDB,SOLID BIOSCIENCES INC.,2836,4-NON,10-K,20251231,Y
1707753,ESTC,ELASTIC N.V.,7372,1-LAF,10-Q,20260131,Y
1707925,LIN,LINDE PLC,2810,1-LAF,10-K,20251231,Y
1708035,ECVT,ECOVYST INC.,2800,1-LAF,10-K,20251231,Y
1708055,RBBN,RIBBON COMMUNICATIONS INC.,7373,2-ACC,10-K,20251231,Y
1708527,ELUT,ELUTIA INC.,2836,4-NON,10-K,20251231,Y
1708599,SER,"SERINA THERAPEUTICS, INC.",2834,4-NON,10-K,20251231,Y
1708646,AAAU,GOLDMAN SACHS PHYSICAL GOLD ETF,6221,1-LAF,10-K,20251231,Y
1708688,IFRX,INFLARX N.V.,2834,4-NON,20-F,20251231,Y
1709048,GFS,GLOBALFOUNDRIES INC.,3674,1-LAF,20-F,20251231,Y
1709164,HBB,HAMILTON BEACH BRANDS HOLDING CO,3634,2-ACC,10-K,20251231,Y
1709442,FSUN,FIRSTSUN CAPITAL BANCORP,6021,2-ACC,10-K,20251231,Y
1709626,NCNA,NUCANA PLC,2834,4-NON,20-F,20251231,Y
1709628,CSAI,"CLOUDASTRUCTURE, INC.",7370,4-NON,10-K,20251231,Y
1709682,CTOS,"CUSTOM TRUCK ONE SOURCE, INC.",7359,2-ACC,10-K,20251231,Y
1709941,BIOA,"BIOAGE LABS, INC.",2834,4-NON,10-K,20251231,Y
1710072,EWTX,"EDGEWISE THERAPEUTICS, INC.",2834,1-LAF,10-K,20251231,Y
1710155,EYE,"NATIONAL VISION HOLDINGS, INC.",3851,1-LAF,10-K,20251231,Y
1710340,ETON,"ETON PHARMACEUTICALS, INC.",2834,4-NON,10-K,20251231,Y
1710350,BTBT,"BIT DIGITAL, INC",6199,4-NON,10-K,20251231,Y
1710366,CNR,"CORE NATURAL RESOURCES, INC.",1220,1-LAF,10-K,20251231,Y
1710482,JMSB,"JOHN MARSHALL BANCORP, INC.",6022,2-ACC,10-K,20251231,Y
1711012,AIHS,SENMIAO TECHNOLOGY LTD,7510,4-NON,10-Q,20251231,Y
1711141,LEEEF,LEEF BRANDS INC.,2833,4-NON,10-K,20251231,Y
1711269,EVRG,"EVERGY, INC.",4931,1-LAF,10-K,20251231,Y
1711279,KRYS,"KRYSTAL BIOTECH, INC.",2836,1-LAF,10-K,20251231,Y
1711754,INMB,"INMUNE BIO, INC.",2836,4-NON,10-K,20251231,Y
1711786,RKTO,"HOTH THERAPEUTICS, INC.",2834,4-NON,10-K,20251231,Y
1711799,,"NUVEEN GLOBAL CITIES REIT, INC.",6798,4-NON,10-K,20251231,N
1711929,SWDS,"STARWOOD REAL ESTATE INCOME TRUST, INC.",6798,4-NON,10-K,20251231,Y
1712184,LILA,LIBERTY LATIN AMERICA LTD.,4841,1-LAF,10-K,20251231,Y
1712189,TH,TARGET HOSPITALITY CORP.,7000,2-ACC,10-K,20251231,Y
1712356,HRNNF,HYDRO ONE LTD,4911,,40-F,20251231,Y
1712463,PACK,RANPAK HOLDINGS CORP.,2670,2-ACC,10-K,20251231,Y
1712762,BIAF,"BIOAFFINITY TECHNOLOGIES, INC.",8731,4-NON,10-K,20251231,Y
1713334,MSC,STUDIO CITY INTERNATIONAL HOLDINGS LTD,7011,2-ACC,20-F,20251231,Y
1713407,,BROOKFIELD REAL ESTATE INCOME TRUST INC.,6798,4-NON,10-K,20251231,N
1713445,RDDT,"REDDIT, INC.",7374,1-LAF,10-K,20251231,Y
1713683,ZS,"ZSCALER, INC.",7371,1-LAF,10-Q,20260131,Y
1713748,SKE,SKEENA RESOURCES LTD,1040,,40-F,20251231,Y
1713863,RFL,"RAFAEL HOLDINGS, INC.",2834,4-NON,10-Q,20260131,Y
1713930,NEXA,NEXA RESOURCES S.A.,1000,2-ACC,20-F,20251231,Y
1714174,BUR,BURFORD CAPITAL LTD,6199,1-LAF,10-K,20251231,Y
1714899,DNLI,DENALI THERAPEUTICS INC.,2836,1-LAF,10-K,20251231,Y
1715497,BORR,BORR DRILLING LTD,1381,2-ACC,20-F,20251231,Y
1716621,VTAK,"CATHETER PRECISION, INC.",3841,4-NON,10-K,20251231,Y
1716947,ENSC,"ENSYSCE BIOSCIENCES, INC.",2834,4-NON,10-K,20251231,Y
1717115,TEM,"TEMPUS AI, INC.",7370,1-LAF,10-K,20251231,Y
1717307,ILPT,INDUSTRIAL LOGISTICS PROPERTIES TRUST,6798,2-ACC,10-K,20251231,Y
1717310,,"VENTURE LENDING & LEASING IX, INC.",,4-NON,10-K,20251231,N
1717393,CAAP,CORPORACION AMERICA AIRPORTS S.A.,4581,1-LAF,20-F,20251231,Y
1717547,BRSP,"BRIGHTSPIRE CAPITAL, INC.",6798,1-LAF,10-K,20251231,Y
1718224,BTBD,"BT BRANDS, INC.",5812,4-NON,10-K,20251231,Y
1718227,ROAD,"CONSTRUCTION PARTNERS, INC.",1600,1-LAF,10-Q,20251231,Y
1718405,HYMC,HYCROFT MINING HOLDING CORP,1040,4-NON,10-K,20251231,Y
1718500,AXIL,"AXIL BRANDS, INC.",2844,4-NON,10-Q,20251130,Y
1718512,GTES,GATES INDUSTRIAL CORP PLC,3560,1-LAF,10-K,20251231,Y
1718939,IDAI,T STAMP INC,7372,4-NON,10-K,20251231,Y
1719406,NRXP,"NRX PHARMACEUTICALS, INC.",2834,4-NON,10-K,20251231,Y
1719714,MREO,MEREO BIOPHARMA GROUP PLC,2834,4-NON,10-K,20251231,Y
1720025,,ALLEGRO MERGER CORP.,6770,4-NON,10-K,20251231,N
1720116,RDVT,"RED VIOLET, INC.",7372,4-NON,10-K,20251231,Y
1720265,ZCSH,GRAYSCALE ZCASH TRUST (ZEC),6221,4-NON,10-K,20251231,Y
1720286,,INTERNET SCIENCES INC.,4899,4-NON,10-K,20251231,N
1720420,IBEX,IBEX LTD,7374,2-ACC,10-Q,20251231,Y
1720580,ACET,"ADICET BIO, INC.",2834,4-NON,10-K,20251231,Y
1720592,RPAY,REPAY HOLDINGS CORP,7389,2-ACC,10-K,20251231,Y
1720635,NVT,NVENT ELECTRIC PLC,3550,1-LAF,10-K,20251231,Y
1720893,BTAI,"BIOXCEL THERAPEUTICS, INC.",2834,4-NON,10-K,20251231,Y
1721056,HSCT,HOOPS SCOUTING USA,7374,4-NON,10-K,20250630,Y
1721484,LGVN,LONGEVERON INC.,2834,4-NON,10-K,20251231,Y
1722010,OPBK,OP BANCORP,6022,2-ACC,10-K,20251231,Y
1722387,ITRG,INTEGRA RESOURCES CORP.,1040,2-ACC,40-F,20251231,Y
1722482,AVTR,"AVANTOR, INC.",3826,1-LAF,10-K,20251231,Y
1722556,BGFR,BESTGOFER INC.,7200,4-NON,10-K,20251130,Y
1722606,MTA,METALLA ROYALTY & STREAMING LTD.,1040,,40-F,20251231,Y
1722608,IQ,"IQIYI, INC.",7841,1-LAF,20-F,20251231,Y
1722684,WH,"WYNDHAM HOTELS & RESORTS, INC.",7011,1-LAF,10-K,20251231,Y
1723059,BIOE,BIO ESSENCE CORP,2834,4-NON,10-K,20251231,Y
1723128,AMRX,"AMNEAL PHARMACEUTICALS, INC.",2834,1-LAF,10-K,20251231,Y
1723464,BHST,BIOHARVEST SCIENCES INC.,2834,,40-F,20251231,Y
1723596,,"COLUMBIA FINANCIAL, INC.",6035,2-ACC,10-K,20251231,N
1723788,BITW,BITWISE 10 CRYPTO INDEX ETF,6221,1-LAF,10-K,20251231,Y
1724521,RCUS,"ARCUS BIOSCIENCES, INC.",2834,1-LAF,10-K,20251231,Y
1724965,TALO,TALOS ENERGY INC.,1311,1-LAF,10-K,20251231,Y
1725160,ZNTL,"ZENTALIS PHARMACEUTICALS, INC.",2834,4-NON,10-K,20251231,Y
1725210,ETHE,GRAYSCALE ETHEREUM STAKING ETF,6221,1-LAF,10-K,20251231,Y
1725255,AHCO,ADAPTHEALTH CORP.,8082,1-LAF,10-K,20251231,Y
1725262,TYFG,"TRI-COUNTY FINANCIAL GROUP, INC.",6022,4-NON,10-K,20251231,Y
1725332,ALAR,ALARUM TECHNOLOGIES LTD.,7372,2-ACC,20-F,20251231,Y
1725430,INBS,INTELLIGENT BIO SOLUTIONS INC.,3841,4-NON,10-Q,20251231,Y
1725964,NTR,NUTRIEN LTD.,2870,,40-F,20251231,Y
1726122,CEF,SPROTT PHYSICAL GOLD & SILVER TRUST,6221,,40-F,20251231,Y
1726126,EPSN,EPSILON ENERGY LTD.,1311,4-NON,10-K,20251231,Y
1726173,BH-A,BIGLARI HOLDINGS INC.,5812,2-ACC,10-K,20251231,Y
1726445,SEER,"SEER, INC.",3826,4-NON,10-K,20251231,Y
1726548,,BC PARTNERS LENDING CORP,,4-NON,10-K,20251231,N
1726711,ADTX,"ADITXT, INC.",2834,4-NON,10-K,20251231,Y
1726978,GSHD,"GOOSEHEAD INSURANCE, INC.",6411,1-LAF,10-K,20251231,Y
1727196,SRRK,SCHOLAR ROCK HOLDING CORP,2836,4-NON,10-K,20251231,Y
1727255,COBA,CHILEAN COBALT CORP.,1000,4-NON,10-K,20251231,Y
1727263,FTDR,"FRONTDOOR, INC.",7340,1-LAF,10-K,20251231,Y
1728117,GOSS,"GOSSAMER BIO, INC.",2834,4-NON,10-K,20251231,Y
1728328,INM,INMED PHARMACEUTICALS INC.,2834,4-NON,10-Q,20251231,Y
1728688,IIIV,"I3 VERTICALS, INC.",7389,2-ACC,10-Q,20251231,Y
1728951,EPRT,"ESSENTIAL PROPERTIES REALTY TRUST, INC.",6798,1-LAF,10-K,20251231,Y
1729149,VMD,"VIEMED HEALTHCARE, INC.",8090,2-ACC,10-K,20251231,Y
1729214,XRTX,XORTX THERAPEUTICS INC.,2834,4-NON,20-F,20251231,Y
1729427,CNSP,"CNS PHARMACEUTICALS, INC.",2834,4-NON,10-K,20251231,Y
1729637,KARX,KARBON-X CORP.,2844,4-NON,10-Q,20251130,Y
1729997,GDLC,GRAYSCALE COINDESK CRYPTO 5 ETF,6221,2-ACC,10-Q,20251231,Y
1730168,AVGO,BROADCOM INC.,3674,1-LAF,10-Q,20260131,Y
1730430,KNSA,"KINIKSA PHARMACEUTICALS INTERNATIONAL, PLC",2834,1-LAF,10-K,20251231,Y
1730463,AUTL,AUTOLUS THERAPEUTICS PLC,2836,4-NON,10-K,20251231,Y
1730984,BCML,BAYCOM CORP,6022,2-ACC,10-K,20251231,Y
1731348,TLRY,"TILRAY BRANDS, INC.",2833,1-LAF,10-Q,20251130,Y
1732406,LTCN,GRAYSCALE LITECOIN TRUST (LTC),6221,2-ACC,10-Q,20251231,Y
1732409,BCHG,GRAYSCALE BITCOIN CASH TRUST (BCH),6221,2-ACC,10-Q,20251231,Y
1733861,,REST EZ INC.,2834,4-NON,10-Q,20251231,N
1733998,NWN,NORTHWEST NATURAL HOLDING CO,4924,1-LAF,10-K,20251231,Y
1734005,NIKI,APTORUM GROUP LTD,3829,4-NON,20-F,20251231,Y
1734107,SOHU,SOHU.COM LTD,7374,2-ACC,20-F,20251231,Y
1734342,AMTB,AMERANT BANCORP INC.,6021,1-LAF,10-K,20251231,Y
1734713,BV,"BRIGHTVIEW HOLDINGS, INC.",0700,1-LAF,10-Q,20251231,Y
1734722,PATH,"UIPATH, INC.",7372,1-LAF,10-K,20260131,Y
1734750,MOVE,"CORVEX, INC.",7374,4-NON,10-K,20251231,Y
1735041,GTEC,GREENLAND TECHNOLOGIES HOLDING CORP.,3560,4-NON,10-K,20251231,Y
1735438,MGTX,MEIRAGTX HOLDINGS PLC,2836,4-NON,10-K,20251231,Y
1735707,GTX,GARRETT MOTION INC.,3714,1-LAF,10-K,20251231,Y
1736035,BXSL,BLACKSTONE SECURED LENDING FUND,,1-LAF,10-K,20251231,Y
1736243,ACXP,"ACURX PHARMACEUTICALS, INC.",2834,4-NON,10-K,20251231,Y
1736297,ALAB,"ASTERA LABS, INC.",3674,1-LAF,10-K,20251231,Y
1736730,CAMP,CAMP4 THERAPEUTICS CORP,2834,4-NON,10-K,20251231,Y
1736946,ARLO,"ARLO TECHNOLOGIES, INC.",3651,1-LAF,10-K,20251231,Y
1737287,ALLO,"ALLOGENE THERAPEUTICS, INC.",2836,4-NON,10-K,20251231,Y
1737339,JG,AURORA MOBILE LTD,7370,4-NON,20-F,20251231,Y
1737450,OPRA,OPERA LTD,7372,2-ACC,20-F,20251231,Y
1737706,SDRL,SEADRILL LTD,1381,1-LAF,10-K,20251231,Y
1737924,NCDL,NUVEEN CHURCHILL DIRECT LENDING CORP.,,1-LAF,10-K,20251231,Y
1737927,CGC,CANOPY GROWTH CORP,2833,2-ACC,10-Q,20251231,Y
1737953,REPL,"REPLIMUNE GROUP, INC.",2836,4-NON,10-Q,20251231,Y
1737995,SKYA,SHARPS TECHNOLOGY INC.,3841,4-NON,10-K,20251231,Y
1738021,CMPX,"COMPASS THERAPEUTICS, INC.",2836,4-NON,10-K,20251231,Y
1738758,CHR,"CHEER HOLDING, INC.",7374,4-NON,20-F,20251231,Y
1738827,KLXE,"KLX ENERGY SERVICES HOLDINGS, INC.",1389,4-NON,10-K,20251231,Y
1739104,ELAN,ELANCO ANIMAL HEALTH INC,2834,1-LAF,10-K,20251231,Y
1739174,PHGE,BIOMX INC.,2836,4-NON,10-K,20251231,Y
1739410,RLYB,RALLYBIO CORP,2834,4-NON,10-K,20251231,Y
1739445,ACA,"ARCOSA, INC.",3440,1-LAF,10-K,20251231,Y
1739566,UTZ,"UTZ BRANDS, INC.",2090,1-LAF,10-K,20251231,Y
1739940,CI,CIGNA GROUP,6324,1-LAF,10-K,20251231,Y
1740279,INAB,"IN8BIO, INC.",2836,4-NON,10-K,20251231,Y
1740332,REZI,"RESIDEO TECHNOLOGIES, INC.",5072,1-LAF,10-K,20251231,Y
1740797,AVAI,"AVAI BIO, INC.",7374,4-NON,10-Q,20251231,Y
1742313,,MONROE CAPITAL INCOME PLUS CORP,,4-NON,10-K,20251231,N
1742692,INMD,INMODE LTD.,3845,1-LAF,20-F,20251231,Y
1742927,RVPH,"REVIVA PHARMACEUTICALS HOLDINGS, INC.",2834,4-NON,10-K,20251231,Y
1743415,,SCP PRIVATE CREDIT INCOME BDC LLC,,4-NON,10-K,20251231,N
1743725,GDYN,"GRID DYNAMICS HOLDINGS, INC.",7372,2-ACC,10-K,20251231,Y
1743745,GNLN,"GREENLANE HOLDINGS, INC.",5099,4-NON,10-K,20251231,Y
1743759,CRSR,"CORSAIR GAMING, INC.",3577,2-ACC,10-K,20251231,Y
1743881,BBIO,"BRIDGEBIO PHARMA, INC.",2834,1-LAF,10-K,20251231,Y
1743905,RVSN,RAIL VISION LTD.,3743,4-NON,20-F,20251231,Y
1743907,,"SUN COUNTRY AIRLINES HOLDINGS, INC.",4512,2-ACC,10-K,20251231,N
1744489,DIS,WALT DISNEY CO,7990,1-LAF,10-Q,20251231,Y
1745078,VYND,"VYNLEADS, INC.",7200,4-NON,10-K,20251231,Y
1745114,MOLN,MOLECULAR PARTNERS AG,2836,4-NON,20-F,20251231,Y
1745201,VIK,VIKING HOLDINGS LTD,4400,1-LAF,20-F,20251231,Y
1745916,PFSI,"PENNYMAC FINANCIAL SERVICES, INC.",6162,1-LAF,10-K,20251231,Y
1745999,BEAM,BEAM THERAPEUTICS INC.,2836,1-LAF,10-K,20251231,Y
1746109,BFC,BANK FIRST CORP,6021,1-LAF,10-K,20251231,Y
1746119,VGES,VANGUARD GREEN INVESTMENT LTD,7200,4-NON,10-Q,20260131,Y
1746129,BSVN,BANK7 CORP.,6022,2-ACC,10-K,20251231,Y
1746466,EQ,"EQUILLIUM, INC.",2834,4-NON,10-K,20251231,Y
1746473,PLRX,"PLIANT THERAPEUTICS, INC.",2834,4-NON,10-K,20251231,Y
1746618,RVLV,"REVOLVE GROUP, INC.",5961,1-LAF,10-K,20251231,Y
1747068,MCBS,"METROCITY BANKSHARES, INC.",6022,2-ACC,10-K,20251231,Y
1747079,BALY,BALLY'S CORP,7011,2-ACC,10-K,20251231,Y
1747172,KBDC,"KAYNE ANDERSON BDC, INC.",,1-LAF,10-K,20251231,Y
1747777,OTF,BLUE OWL TECHNOLOGY FINANCE CORP.,,1-LAF,10-K,20251231,Y
1748137,NEOV,NEOVOLTA INC.,3690,4-NON,10-Q,20251231,Y
1748232,,"GPODS, INC.",5200,4-NON,10-Q,20251231,N
1748790,AMCR,AMCOR PLC,3990,1-LAF,10-Q,20251231,Y
1748797,DOO,BRP INC.,3790,,40-F,20260131,Y
1748824,AAMI,ACADIAN ASSET MANAGEMENT INC.,6282,1-LAF,10-K,20251231,Y
1750106,AEI,ALSET INC.,6500,4-NON,10-K,20251231,Y
1750149,IKT,"INHIBIKASE THERAPEUTICS, INC.",2836,4-NON,10-K,20251231,Y
1750155,CWBHF,"CHARLOTTE'S WEB HOLDINGS, INC.",0100,4-NON,10-K,20251231,Y
1750284,OLMA,"OLEMA PHARMACEUTICALS, INC.",2834,4-NON,10-K,20251231,Y
1750735,MRBK,MERIDIAN CORP,6021,2-ACC,10-K,20251231,Y
1750777,HWKE,"HAWKEYE SYSTEMS, INC.",3861,4-NON,10-Q,20251231,Y
1751008,APP,APPLOVIN CORP,7370,1-LAF,10-K,20251231,Y
1751707,OZVN,OZ VISION INC.,4700,4-NON,10-Q,20251231,Y
1751783,RBKB,"RHINEBECK BANCORP, INC.",6036,4-NON,10-K,20251231,Y
1751788,DOW,DOW INC.,2821,1-LAF,10-K,20251231,Y
1751912,NGEN,NERVGEN PHARMA CORP.,2834,,40-F,20251231,Y
1753162,FTHM,FATHOM HOLDINGS INC.,6531,4-NON,10-K,20251231,Y
1753373,MTWO,"M2I GLOBAL, INC.",5050,4-NON,10-K,20251130,Y
1753391,QSJC,"TANCHENG GROUP CO., LTD.",7370,4-NON,10-K,20251231,Y
1753539,BKSY,BLACKSKY TECHNOLOGY INC.,3663,4-NON,10-K,20251231,Y
1754068,KLRS,"KALARIS THERAPEUTICS, INC.",2836,4-NON,10-K,20251231,Y
1754170,ASLE,AERSALE CORP,5080,2-ACC,10-K,20251231,Y
1754195,TRLV,TRULIEVE CANNABIS CORP.,2833,1-LAF,10-K,20251231,Y
1754226,OBT,"ORANGE COUNTY BANCORP, INC. /DE/",6022,2-ACC,10-K,20251231,Y
1754301,FOXA,FOX CORP,4833,1-LAF,10-Q,20251231,Y
1755101,ALDS,APPLIFE DIGITAL SOLUTIONS INC,5531,4-NON,10-Q,20251231,Y
1755237,CYCN,"CYCLERION THERAPEUTICS, INC.",2834,4-NON,10-K,20251231,Y
1755672,CTVA,"CORTEVA, INC.",0100,1-LAF,10-K,20251231,Y
1755755,,"VINEBROOK HOMES TRUST, INC.",6798,4-NON,10-K,20251231,N
1755953,ABTC,AMERICAN BITCOIN CORP.,6199,4-NON,10-K,20251231,Y
1756064,OBAI,"OUR BOND, INC.",4899,4-NON,10-K,20251231,Y
1756262,TMDX,"TRANSMEDICS GROUP, INC.",3845,1-LAF,10-K,20251231,Y
1756390,AAWH,"ASCEND WELLNESS HOLDINGS, INC.",2833,4-NON,10-K,20251231,Y
1756607,EQX,EQUINOX GOLD CORP.,1040,,40-F,20251231,Y
1756655,ARDT,"ARDENT HEALTH, INC.",8062,2-ACC,10-K,20251231,Y
1756701,,"LINKBANCORP, INC.",6022,2-ACC,10-K,20251231,N
1756708,JMIA,JUMIA TECHNOLOGIES AG,5961,2-ACC,20-F,20251231,Y
1756761,,INVESCO REAL ESTATE INCOME TRUST INC.,6798,4-NON,10-K,20251231,N
1756770,CURLF,"CURALEAF HOLDINGS, INC.",2833,,40-F,20251231,Y
1757073,NVST,ENVISTA HOLDINGS CORP,3843,1-LAF,10-K,20251231,Y
1757499,SHPH,"SHUTTLE PHARMACEUTICALS HOLDINGS, INC.",2834,4-NON,10-K,20251231,Y
1757715,ATER,"ATERIAN, INC.",3634,4-NON,10-K,20251231,Y
1757898,STE,STERIS PLC,3842,1-LAF,10-Q,20251231,Y
1758009,QUBT,QUANTUM COMPUTING INC.,7372,1-LAF,10-K,20251231,Y
1758021,KRT,KARAT PACKAGING INC.,3089,2-ACC,10-K,20251231,Y
1758057,,"LUMINAR TECHNOLOGIES, INC./DE",3714,4-NON,10-K,20251231,N
1758488,OSW,ONESPAWORLD HOLDINGS LTD,7997,1-LAF,10-K,20251231,Y
1758730,TW,TRADEWEB MARKETS INC.,6200,1-LAF,10-K,20251231,Y
1758766,STEM,"STEM, INC.",7373,4-NON,10-K,20251231,Y
1759124,IAUM,ISHARES GOLD TRUST MICRO,6221,1-LAF,10-K,20251231,Y
1759138,CABA,"CABALETTA BIO, INC.",2836,4-NON,10-K,20251231,Y
1759186,ZSQR,"COEPTIS THERAPEUTICS HOLDINGS, INC.",6199,4-NON,10-K,20251231,Y
1759425,MIRM,"MIRUM PHARMACEUTICALS, INC.",2834,1-LAF,10-K,20251231,Y
1759509,LYFT,"LYFT, INC.",7389,1-LAF,10-K,20251231,Y
1759546,NRDE,NU RIDE INC.,3711,4-NON,10-K,20251231,Y
1759631,HYLN,HYLIION HOLDINGS CORP.,3713,4-NON,10-K,20251231,Y
1759655,PRVA,"PRIVIA HEALTH GROUP, INC.",8000,1-LAF,10-K,20251231,Y
1759774,PSTL,"POSTAL REALTY TRUST, INC.",6798,4-NON,10-K,20251231,Y
1759824,ALTG,ALTA EQUIPMENT GROUP INC.,5084,2-ACC,10-K,20251231,Y
1760233,GIFT,"GIFTIFY, INC.",5961,4-NON,10-K,20251231,Y
1760689,MVST,"MICROVAST HOLDINGS, INC.",3690,2-ACC,10-K,20251231,Y
1760854,NBTX,NANOBIOTIX S.A.,2834,2-ACC,20-F,20251231,Y
1760903,BNKK,"BONK, INC.",2844,4-NON,10-K,20251231,Y
1760965,KTB,"KONTOOR BRANDS, INC.",2320,1-LAF,10-K,20251231,Y
1761312,PLMR,"PALOMAR HOLDINGS, INC.",6331,1-LAF,10-K,20251231,Y
1761612,BCYC,BICYCLE THERAPEUTICS PLC,2834,4-NON,10-K,20251231,Y
1761918,ERAS,"ERASCA, INC.",2834,4-NON,10-K,20251231,Y
1762239,KAVL,"KAIVAL BRANDS INNOVATIONS GROUP, INC.",5960,4-NON,10-Q,20260131,Y
1762301,FVRR,FIVERR INTERNATIONAL LTD.,7389,1-LAF,20-F,20251231,Y
1762303,RCEL,"AVITA MEDICAL, INC.",3841,4-NON,10-K,20251231,Y
1763415,BITB,BITWISE BITCOIN ETF,6221,1-LAF,10-K,20251231,Y
1763925,CJAX,COJAX OIL & GAS CORP,1311,4-NON,10-K,20251231,Y
1763950,LTRN,LANTERN PHARMA INC.,2834,4-NON,10-K,20251231,Y
1764013,IMVT,"IMMUNOVANT, INC.",2836,1-LAF,10-Q,20251231,Y
1764046,CLVT,CLARIVATE PLC,7374,1-LAF,10-K,20251231,Y
1765107,,"CIM OPPORTUNITY ZONE FUND, L.P.",6799,4-NON,10-K,20251231,N
1765651,PSPX,PACIFIC SPORTS EXCHANGE INC.,5940,4-NON,10-Q,20251130,Y
1765850,AURE,AURELION INC.,6199,4-NON,20-F,20250930,Y
1766037,,"NMF SLF I, INC.",,4-NON,10-K,20251231,N
1766140,UNCY,"UNICYCIVE THERAPEUTICS, INC.",2834,4-NON,10-K,20251231,Y
1766368,MEC,"MAYVILLE ENGINEERING COMPANY, INC.",3460,2-ACC,10-K,20251231,Y
1766400,PNTG,"PENNANT GROUP, INC.",8000,1-LAF,10-K,20251231,Y
1766478,AOMR,"ANGEL OAK MORTGAGE REIT, INC.",6500,4-NON,10-K,20251231,Y
1766502,CHWY,"CHEWY, INC.",5961,1-LAF,10-K,20260131,Y
1766600,SNDL,SNDL INC.,2833,1-LAF,40-F,20251231,Y
1767042,KGS,"KODIAK GAS SERVICES, INC.",4922,1-LAF,10-K,20251231,Y
1767258,XPEL,"XPEL, INC.",3470,1-LAF,10-K,20251231,Y
1767582,LKNCY,LUCKIN COFFEE INC.,5810,1-LAF,20-F,20251231,Y
1767837,RMBI,"RICHMOND MUTUAL BANCORPORATION, INC.",6022,4-NON,10-K,20251231,Y
1768224,ARCT,ARCTURUS THERAPEUTICS HOLDINGS INC.,2834,2-ACC,10-K,20251231,Y
1768267,CRNC,CERENCE INC.,7372,2-ACC,10-Q,20251231,Y
1768446,CLYM,"CLIMB BIO, INC.",2834,4-NON,10-K,20251231,Y
1769256,XHG,XCHANGE TEC.INC,6411,4-NON,20-F,20250930,Y
1769624,ILLR,TRILLER GROUP INC.,6282,4-NON,10-K,20241231,Y
1769628,CRWV,"COREWEAVE, INC.",7372,4-NON,10-K,20251231,Y
1769663,PBFS,"PIONEER BANCORP, INC./MD",6036,2-ACC,10-K,20251231,Y
1770069,MPLT,"MAPLIGHT THERAPEUTICS, INC.",2834,4-NON,10-K,20251231,Y
1770121,SANA,"SANA BIOTECHNOLOGY, INC.",2836,4-NON,10-K,20251231,Y
1770236,MITQ,MOVING IMAGE TECHNOLOGIES INC.,3861,4-NON,10-Q,20251231,Y
1770450,XRX,XEROX HOLDINGS CORP,3577,1-LAF,10-K,20251231,Y
1770501,VENU,VENU HOLDING CORP,7900,4-NON,10-K,20251231,Y
1770561,CODQL,CORONADO GLOBAL RESOURCES INC.,1220,2-ACC,10-K,20251231,Y
1770787,TXG,"10X GENOMICS, INC.",3826,1-LAF,10-K,20251231,Y
1771007,AFYA,AFYA LTD,8200,1-LAF,20-F,20251231,Y
1771514,,EXCHANGERIGHT INCOME FUND,6798,4-NON,10-K,20251231,N
1771515,GO,GROCERY OUTLET HOLDING CORP.,5411,1-LAF,10-K,20251231,Y
1771706,VREOF,VIREO GROWTH INC.,2834,4-NON,10-K,20251231,Y
1771885,QNTM,QUANTUM BIOPHARMA LTD.,2834,4-NON,20-F,20251231,Y
1771910,ADCT,ADC THERAPEUTICS SA,2834,4-NON,10-K,20251231,Y
1771995,APHP,AMERICAN PICTURE HOUSE CORP,7900,4-NON,10-K,20251231,Y
1772016,BRBR,"BELLRING BRANDS, INC.",2000,1-LAF,10-Q,20251231,Y
1772177,KRUS,"KURA SUSHI USA, INC.",5812,2-ACC,10-Q,20251130,Y
1772253,FLNG,FLEX LNG LTD.,4400,1-LAF,20-F,20251231,Y
1772704,,GOLDMAN SACHS PRIVATE MIDDLE MARKET CREDIT II LLC,,4-NON,10-K,20251231,N
1772720,SPRU,SPRUCE POWER HOLDING CORP,4911,4-NON,10-K,20251231,Y
1772921,ONEW,ONEWATER MARINE INC.,5531,2-ACC,10-Q,20251231,Y
1773383,DT,"DYNATRACE, INC.",7372,1-LAF,10-Q,20251231,Y
1773751,HIMS,"HIMS & HERS HEALTH, INC.",8011,1-LAF,10-K,20251231,Y
1774170,AIOT,"POWERFLEET, INC.",3669,2-ACC,10-Q,20251231,Y
1774857,AARD,"AARDVARK THERAPEUTICS, INC.",2834,4-NON,10-K,20251231,Y
1775194,UPXI,"UPEXI, INC.",6199,4-NON,10-Q,20251231,Y
1775734,BENF,BENEFICIENT,6199,4-NON,10-Q,20251231,Y
1775898,UCL,UCLOUDLINK GROUP INC.,4899,4-NON,20-F,20251231,Y
1776111,MBX,"MBX BIOSCIENCES, INC.",2834,4-NON,10-K,20251231,Y
1776661,ADV,ADVANTAGE SOLUTIONS INC.,7389,2-ACC,10-K,20251231,Y
1776909,CURI,CURIOSITYSTREAM INC.,7812,4-NON,10-K,20251231,Y
1776985,BNTX,BIONTECH SE,2836,1-LAF,20-F,20251231,Y
1777319,CISO,"CISO GLOBAL, INC.",8742,4-NON,10-K,20251231,Y
1777835,PWP,PERELLA WEINBERG PARTNERS,6199,1-LAF,10-K,20251231,Y
1777921,AVPT,"AVEPOINT, INC.",7372,1-LAF,10-K,20251231,Y
1778129,TSNDF,TERRASCEND CORP.,0100,4-NON,10-K,20251231,Y
1778922,SGP,"SPYGLASS PHARMA, INC.",3841,4-NON,10-K,20251231,Y
1779128,SRTA,"STRATA CRITICAL MEDICAL, INC.",8000,2-ACC,10-K,20251231,Y
1779372,BEAT,"HEARTBEAM, INC.",3841,4-NON,10-K,20251231,Y
1779474,MAPS,"WM TECHNOLOGY, INC.",7372,2-ACC,10-K,20251231,Y
1779523,,"MUZINICH BDC, INC.",,4-NON,10-K,20251231,N
1780201,LVLU,"LULU'S FASHION LOUNGE HOLDINGS, INC.",5961,4-NON,10-K,20251231,Y
1780232,GFL,GFL ENVIRONMENTAL INC.,4953,,40-F,20251231,Y
1780312,ASTS,"AST SPACEMOBILE, INC.",4899,1-LAF,10-K,20251231,Y
1780785,CNEY,CN ENERGY GROUP. INC.,2860,4-NON,20-F,20250930,Y
1781162,MNTS,MOMENTUS INC.,3760,4-NON,10-K,20251231,Y
1781174,ACRV,"ACRIVON THERAPEUTICS, INC.",2834,4-NON,10-K,20251231,Y
1781335,OTIS,OTIS WORLDWIDE CORP,3600,1-LAF,10-K,20251231,Y
1781397,EEIQ,EPICQUEST EDUCATION GROUP INTERNATIONAL LTD,8200,4-NON,20-F,20250930,Y
1781629,ANKM,"ANKAM, INC.",7371,4-NON,10-K,20251130,Y
1781730,TCBX,"THIRD COAST BANCSHARES, INC.",6036,2-ACC,10-K,20251231,Y
1781755,BWIN,"BALDWIN INSURANCE GROUP, INC.",6411,1-LAF,10-K,20251231,Y
1781983,APRE,"APREA THERAPEUTICS, INC.",2834,4-NON,10-K,20251231,Y
1782107,ONCO,"ONCONETIX, INC.",2834,4-NON,10-K,20251231,Y
1782170,RELY,"REMITLY GLOBAL, INC.",7389,1-LAF,10-K,20251231,Y
1782223,PYXS,"PYXIS ONCOLOGY, INC.",2834,4-NON,10-K,20251231,Y
1782303,BOLD,"BOUNDLESS BIO, INC.",2834,4-NON,10-K,20251231,Y
1782430,STRW,"STRAWBERRY FIELDS REIT, INC.",6798,4-NON,10-K,20251231,Y
1782524,MSDL,MORGAN STANLEY DIRECT LENDING FUND,,1-LAF,10-K,20251231,Y
1783180,CARR,CARRIER GLOBAL CORP,3585,1-LAF,10-K,20251231,Y
1783183,PHAT,"PHATHOM PHARMACEUTICALS, INC.",2834,4-NON,10-K,20251231,Y
1783328,TCRX,"TSCAN THERAPEUTICS, INC.",2836,4-NON,10-K,20251231,Y
1783398,UWMC,UWM HOLDINGS CORP,6162,1-LAF,10-K,20251231,Y
1783879,HOOD,"ROBINHOOD MARKETS, INC.",6211,1-LAF,10-K,20251231,Y
1784058,PNYG,PONY GROUP INC.,7500,4-NON,10-K,20251231,Y
1784254,MDIA,MEDIACO HOLDING INC.,4832,4-NON,10-K,20251231,Y
1784440,BHIC,"BIOSCIENCE HEALTH INNOVATIONS, INC.",7374,4-NON,10-K,20251231,Y
1784535,PRCH,"PORCH GROUP, INC.",7372,1-LAF,10-K,20251231,Y
1784570,BETA,"BETA TECHNOLOGIES, INC.",3721,4-NON,10-K,20251231,Y
1784700,,VARAGON CAPITAL CORP,,4-NON,10-K,20251231,N
1784970,NXTT,NEXT TECHNOLOGY HOLDING INC.,7374,4-NON,10-K,20251231,Y
1785056,TRNR,"INTERACTIVE STRENGTH, INC.",3600,4-NON,10-K,20251231,Y
1785279,MGX,"METAGENOMI THERAPEUTICS, INC.",2836,4-NON,10-K,20251231,Y
1785424,KPLT,"KATAPULT HOLDINGS, INC.",7359,4-NON,10-K,20251231,Y
1785494,WBQNL,WOODBRIDGE LIQUIDATION TRUST,6500,4-NON,10-Q,20251231,Y
1785530,HOWL,"WEREWOLF THERAPEUTICS, INC.",2834,4-NON,10-K,20251231,Y
1786108,TRIN,TRINITY CAPITAL INC.,,1-LAF,10-K,20251231,Y
1786117,PINE,"ALPINE INCOME PROPERTY TRUST, INC.",6798,4-NON,10-K,20251231,Y
1786205,,"ARCELLX, INC.",2836,1-LAF,10-K,20251231,N
1786248,NREF,"NEXPOINT REAL ESTATE FINANCE, INC.",6798,4-NON,10-K,20251231,Y
1786286,DPRO,DRAGANFLY INC.,3721,4-NON,40-F,20251231,Y
1786318,IBATF,INTERNATIONAL BATTERY METALS LTD.,1400,4-NON,10-Q,20251231,Y
1786352,BILL,"BILL HOLDINGS, INC.",7372,1-LAF,10-Q,20251231,Y
1786431,REYN,REYNOLDS CONSUMER PRODUCTS INC.,2673,1-LAF,10-K,20251231,Y
1786471,SEV,APTERA MOTORS CORP,3711,4-NON,10-K,20251231,Y
1786835,,STAR MOUNTAIN LOWER MIDDLE-MARKET CAPITAL CORP,,4-NON,10-K,20251231,N
1786842,VNT,VONTIER CORP,3824,1-LAF,10-K,20251231,Y
1787297,PASG,"PASSAGE BIO, INC.",2836,4-NON,10-K,20251231,Y
1787306,ARQT,"ARCUTIS BIOTHERAPEUTICS, INC.",2834,1-LAF,10-K,20251231,Y
1787400,NKTX,"NKARTA, INC.",2834,4-NON,10-K,20251231,Y
1787414,BSBK,BOGOTA FINANCIAL CORP.,6036,4-NON,10-K,20251231,Y
1787740,VBIO,"TIVIC HEALTH SYSTEMS, INC.",3845,4-NON,10-K,20251231,Y
1788028,JSPR,"JASPER THERAPEUTICS, INC.",2836,4-NON,10-K,20251231,Y
1788060,VOYG,"VOYAGER TECHNOLOGIES, INC./DE",3760,4-NON,10-K,20251231,Y
1788348,BIPC,BROOKFIELD INFRASTRUCTURE CORP,4923,1-LAF,20-F,20251231,Y
1788451,LIFE,ETHOS TECHNOLOGIES INC.,6411,4-NON,10-K,20251231,Y
1788882,ROOT,"ROOT, INC.",6331,1-LAF,10-K,20251231,Y
1788999,XPER,XPERI INC.,7372,2-ACC,10-K,20251231,Y
1789029,AEVA,"AEVA TECHNOLOGIES, INC.",3714,4-NON,10-K,20251231,Y
1789192,NXTS,NEXENTIS TECHNOLOGIES INC.,2870,4-NON,10-K,20251231,Y
1789769,TIL,"INSTIL BIO, INC.",2836,4-NON,10-K,20251231,Y
1789832,HESM,HESS MIDSTREAM LP,1311,1-LAF,10-K,20251231,Y
1789940,FWRG,"FIRST WATCH RESTAURANT GROUP, INC.",5812,1-LAF,10-K,20251231,Y
1789972,CGEM,"CULLINAN THERAPEUTICS, INC.",2836,4-NON,10-K,20251231,Y
1790169,ZSTK,ZEROSTACK CORP.,5122,4-NON,10-K,20251231,Y
1790340,IMRX,IMMUNEERING CORP,2834,4-NON,10-K,20251231,Y
1791145,GBFH,GBANK FINANCIAL HOLDINGS INC.,6022,4-NON,10-K,20251231,Y
1791703,TII,TITAN MINING CORP,1040,,40-F,20251231,Y
1791725,HUDI,"HUADI INTERNATIONAL GROUP CO., LTD.",3317,4-NON,20-F,20250930,Y
1791863,BEPC,BROOKFIELD RENEWABLE CORP,4911,1-LAF,20-F,20251231,Y
1791942,JBS,JBS N.V.,2011,4-NON,20-F,20251231,Y
1792030,IMCC,IM CANNABIS CORP.,2833,4-NON,20-F,20251231,Y
1792044,VTRS,VIATRIS INC,2834,1-LAF,10-K,20251231,Y
1792509,,TRIPLEPOINT PRIVATE VENTURE CREDIT INC.,,4-NON,10-K,20251231,N
1792580,OVV,OVINTIV INC.,1311,1-LAF,10-K,20251231,Y
1792781,CURV,TORRID HOLDINGS INC.,5600,2-ACC,10-K,20260131,Y
1792789,DASH,"DOORDASH, INC.",7389,1-LAF,10-K,20251231,Y
1792849,HPK,"HIGHPEAK ENERGY, INC.",1381,2-ACC,10-K,20251231,Y
1792941,GNVR,GENVOR INC,0100,4-NON,10-Q,20251231,Y
1793229,CTEV,CLARITEV CORP,7389,2-ACC,10-K,20251231,Y
1793497,UVIX,VS TRUST,6221,4-NON,10-K,20251231,Y
1793659,RSI,"RUSH STREET INTERACTIVE, INC.",7990,1-LAF,10-K,20251231,Y
1793663,VTEX,VTEX,7372,2-ACC,20-F,20251231,Y
1794515,GTM,ZOOMINFO TECHNOLOGIES INC.,7372,1-LAF,10-K,20251231,Y
1794546,CARL,"CARLSMED, INC.",3841,4-NON,10-K,20251231,Y
1794669,FOUR,"SHIFT4 PAYMENTS, INC.",7389,1-LAF,10-K,20251231,Y
1794776,PSBD,PALMER SQUARE CAPITAL BDC INC.,,2-ACC,10-K,20251231,Y
1794783,SLQT,"SELECTQUOTE, INC.",6411,2-ACC,10-Q,20251231,Y
1795091,OSTX,OS THERAPIES INC,2834,4-NON,10-K,20251231,Y
1795139,GTBIF,GREEN THUMB INDUSTRIES INC.,0100,1-LAF,10-K,20251231,Y
1795250,SPHR,SPHERE ENTERTAINMENT CO.,7900,1-LAF,10-K,20251231,Y
1795586,CHYM,"CHIME FINANCIAL, INC.",6199,4-NON,10-K,20251231,Y
1795815,BCAL,CALIFORNIA BANCORP  CA,6021,2-ACC,10-K,20251231,Y
1796022,STEP,STEPSTONE GROUP INC.,6282,1-LAF,10-Q,20251231,Y
1796209,APG,API GROUP CORP,7340,1-LAF,10-K,20251231,Y
1796280,ORIC,"ORIC PHARMACEUTICALS, INC.",2834,4-NON,10-K,20251231,Y
1796949,GFLT,"GENFLAT HOLDINGS, INC.",8742,4-NON,10-Q,20251231,Y
1798100,NTST,NETSTREIT CORP.,6798,1-LAF,10-K,20251231,Y
1798562,TMC,TMC THE METALS CO INC.,1000,4-NON,10-K,20251231,Y
1798749,JBIO,"JADE BIOSCIENCES, INC.",2834,4-NON,10-K,20251231,Y
1799011,LUCD,LUCID DIAGNOSTICS INC.,3841,4-NON,10-K,20251231,Y
1799191,TOI,"ONCOLOGY INSTITUTE, INC.",8011,2-ACC,10-K,20251231,Y
1799448,ALGS,"ALIGOS THERAPEUTICS, INC.",2836,4-NON,10-K,20251231,Y
1799567,DDI,"DOUBLEDOWN INTERACTIVE CO., LTD.",7374,4-NON,20-F,20251231,Y
1800227,PPLI,IAC INC.,7370,1-LAF,10-K,20251231,Y
1800315,DMRA,"DAMORA THERAPEUTICS, INC.",2834,4-NON,10-K,20251231,Y
1800637,RYM,"RYTHM, INC.",0700,4-NON,10-K,20251231,Y
1800667,FROG,JFROG LTD,7372,1-LAF,10-K,20251231,Y
1801169,OPEN,OPENDOOR TECHNOLOGIES INC.,6531,2-ACC,10-K,20251231,Y
1801170,CLOV,"CLOVER HEALTH INVESTMENTS, CORP. /DE",6324,1-LAF,10-K,20251231,Y
1801198,LEGN,LEGEND BIOTECH CORP,2834,1-LAF,20-F,20251231,Y
1801368,MP,MP MATERIALS CORP. / DE,1000,1-LAF,10-K,20251231,Y
1801417,BYNO,BYNORDIC ACQUISITION CORP,6770,4-NON,10-K,20251231,Y
1801602,SBIG,"SPRINGBIG HOLDINGS, INC.",7371,4-NON,10-K,20251231,Y
1801661,FIRY,SKILLZ INC.,7374,4-NON,10-K,20251231,Y
1801834,PRFX,PRF TECHNOLOGIES LTD.,2834,4-NON,20-F,20251231,Y
1802156,XPOF,"XPONENTIAL FITNESS, INC.",7990,2-ACC,10-K,20251231,Y
1802255,GRDN,"GUARDIAN PHARMACY SERVICES, INC.",5912,2-ACC,10-K,20251231,Y
1802457,,"ORIGIN MATERIALS, INC.",2860,4-NON,10-K,20251231,N
1802665,HRMY,"HARMONY BIOSCIENCES HOLDINGS, INC.",2834,1-LAF,10-K,20251231,Y
1802768,RPRX,ROYALTY PHARMA PLC,2834,1-LAF,10-K,20251231,Y
1802974,AVO,"MISSION PRODUCE, INC.",0700,2-ACC,10-Q,20260131,Y
1803407,OST,"OSTIN TECHNOLOGY GROUP CO., LTD.",3679,4-NON,20-F,20250930,Y
1803498,,BLACKSTONE PRIVATE CREDIT FUND,,4-NON,10-K,20251231,N
1803599,CNXC,CONCENTRIX CORP,7389,1-LAF,10-K,20251130,Y
1803696,ADEA,ADEIA INC.,4841,1-LAF,10-K,20251231,Y
1803737,,"ENHABIT, INC.",8082,2-ACC,10-K,20251231,N
1803901,TALK,"TALKSPACE, INC.",8000,2-ACC,10-K,20251231,Y
1803914,PLBY,"PLAYBOY, INC.",5900,2-ACC,10-K,20251231,Y
1804176,BFLY,"BUTTERFLY NETWORK, INC.",3844,4-NON,10-K,20251231,Y
1805077,EOSE,"EOS ENERGY ENTERPRISES, INC.",3690,4-NON,10-K,20251231,Y
1805284,RKT,"ROCKET COMPANIES, INC.",6162,1-LAF,10-K,20251231,Y
1805385,EVLV,"EVOLV TECHNOLOGIES HOLDINGS, INC.",3577,4-NON,10-K,20251231,Y
1805521,FFAI,FARADAY FUTURE INTELLIGENT ELECTRIC INC.,3711,4-NON,10-K,20251231,Y
1805526,DFDV,DEFI DEVELOPMENT CORP.,6199,4-NON,10-K,20251231,Y
1805651,MKTW,"MARKETWISE, INC.",7372,4-NON,10-K,20251231,Y
1805833,SST,"SYSTEM1, INC.",7370,4-NON,10-K,20251231,Y
1806201,LPRO,OPEN LENDING CORP,6141,4-NON,10-K,20251231,Y
1806310,TSHA,"TAYSHA GENE THERAPIES, INC.",2836,4-NON,10-K,20251231,Y
1806347,WEST,WESTROCK COFFEE CO,2080,2-ACC,10-K,20251231,Y
1806837,VERX,"VERTEX, INC.",7372,1-LAF,10-K,20251231,Y
1806952,LYEL,"LYELL IMMUNOPHARMA, INC.",2834,4-NON,10-K,20251231,Y
1807046,OZ,"BELPOINTE PREP, LLC",6500,4-NON,10-K,20251231,Y
1807120,DSGN,"DESIGN THERAPEUTICS, INC.",2834,4-NON,10-K,20251231,Y
1807166,AMST,AMESITE INC.,7372,4-NON,10-Q,20251231,Y
1807689,FCCI,"FAST CASUAL CONCEPTS, INC.",5810,4-NON,10-K,20251231,Y
1807765,PMVC,PMV CONSUMER ACQUISITION CORP.,6770,4-NON,10-K,20251231,Y
1807794,CRDO,CREDO TECHNOLOGY GROUP HOLDING LTD,3674,1-LAF,10-Q,20260131,Y
1807893,SPFX,"STANDARD PREMIUM FINANCE HOLDINGS, INC.",6159,4-NON,10-K,20251231,Y
1808220,,"GOHEALTH, INC.",6411,4-NON,10-K,20251231,N
1808377,LUCY,INNOVATIVE EYEWEAR INC,3851,4-NON,10-K,20251231,Y
1808665,,"ASSERTIO HOLDINGS, INC.",2834,2-ACC,10-K,20251231,N
1808805,NAUT,"NAUTILUS BIOTECHNOLOGY, INC.",3826,4-NON,10-K,20251231,Y
1808834,PRG,"PROG HOLDINGS, INC.",7359,1-LAF,10-K,20251231,Y
1808898,BNTC,BENITEC BIOPHARMA INC.,2834,4-NON,10-Q,20251231,Y
1808997,AOUT,"AMERICAN OUTDOOR BRANDS, INC.",3949,2-ACC,10-Q,20260131,Y
1809104,ALIT,"ALIGHT, INC. / DELAWARE",7389,1-LAF,10-K,20251231,Y
1809196,IMTX,IMMATICS N.V.,2836,2-ACC,20-F,20251231,Y
1809519,GDRX,"GOODRX HOLDINGS, INC.",7374,2-ACC,10-K,20251231,Y
1809616,UPC,UNIVERSE PHARMACEUTICALS INC,2834,4-NON,20-F,20250930,Y
1809691,HKD,AMTD DIGITAL INC.,6199,2-ACC,20-F,20251031,Y
1809750,EDBL,EDIBLE GARDEN AG INC,0100,4-NON,10-K,20251231,Y
1809987,MIR,"MIRION TECHNOLOGIES, INC.",3829,1-LAF,10-K,20251231,Y
1810019,RXT,"RACKSPACE TECHNOLOGY, INC.",7370,2-ACC,10-K,20251231,Y
1810182,ALXO,ALX ONCOLOGY HOLDINGS INC,2834,4-NON,10-K,20251231,Y
1810546,EBC,"EASTERN BANKSHARES, INC.",6035,1-LAF,10-K,20251231,Y
1810560,REVB,"REVELATION BIOSCIENCES, INC.",2834,4-NON,10-K,20251231,Y
1810806,U,UNITY SOFTWARE INC.,7372,1-LAF,10-K,20251231,Y
1811063,NUVB,NUVATION BIO INC.,2834,4-NON,10-K,20251231,Y
1811074,TPL,TEXAS PACIFIC LAND CORP,6792,1-LAF,10-K,20251231,Y
1811210,LCID,"LUCID GROUP, INC.",3711,1-LAF,10-K,20251231,Y
1811414,QS,QUANTUMSCAPE CORP,3690,1-LAF,10-K,20251231,Y
1811623,,"KUVATRIS THERAPEUTICS, INC.",2834,4-NON,10-Q,20240930,N
1811935,PTRN,PATTERN GROUP INC.,5961,4-NON,10-K,20251231,Y
1811972,,BARINGS CAPITAL INVESTMENT CORP,,4-NON,10-K,20251231,N
1812173,RBOT,VICARIOUS SURGICAL INC.,3842,4-NON,10-K,20251231,Y
1812364,RLAY,"RELAY THERAPEUTICS, INC.",2836,1-LAF,10-K,20251231,Y
1812447,SKYQ,SKY QUARRY INC.,4955,4-NON,10-K,20251231,Y
1812477,KEEL,BITFARMS LTD,6199,2-ACC,10-K,20251231,Y
1812554,,BLUE OWL CREDIT INCOME CORP.,,4-NON,10-K,20251231,N
1812727,EZRA,"RELIANCE GLOBAL GROUP, INC.",6411,4-NON,10-K,20251231,Y
1813452,PLNH,PLANET 13 HOLDINGS INC.,0100,4-NON,10-K,20251231,Y
1813603,HSTA,HESTIA INSIGHT INC.,8742,4-NON,10-K,20251130,Y
1813814,DFTX,"DEFINIUM THERAPEUTICS, INC.",2833,4-NON,10-K,20251231,Y
1814114,OBIO,"ORCHESTRA BIOMED HOLDINGS, INC.",3841,4-NON,10-K,20251231,Y
1814215,BURU,"NUBURU, INC.",3690,4-NON,10-K,20251231,Y
1814287,ABX,"ABACUS GLOBAL MANAGEMENT, INC.",6282,4-NON,10-K,20251231,Y
1815442,KYMR,"KYMERA THERAPEUTICS, INC.",2836,1-LAF,10-K,20251231,Y
1815776,LENZ,"LENZ THERAPEUTICS, INC.",2836,4-NON,10-K,20251231,Y
1815974,ANEB,"ANEBULO PHARMACEUTICALS, INC.",2834,4-NON,10-Q,20251231,Y
1816007,LU,LUFAX HOLDING LTD,6199,1-LAF,20-F,20241231,Y
1816017,SPIR,"SPIRE GLOBAL, INC.",4899,4-NON,10-K,20251231,Y
1816172,JZXN,"JIUZI HOLDINGS, INC.",5500,4-NON,20-F,20251031,Y
1816431,QSI,QUANTUM-SI INC,3829,4-NON,10-K,20251231,Y
1816554,EVTK,EVENTIKO INC.,7990,4-NON,10-Q,20260131,Y
1816581,OUST,"OUSTER, INC.",3569,4-NON,10-K,20251231,Y
1816590,CMPS,COMPASS PATHWAYS PLC,2834,4-NON,10-K,20251231,Y
1816708,OWLT,"OWLET, INC.",3829,4-NON,10-K,20251231,Y
1816736,IRON,"DISC MEDICINE, INC.",2834,1-LAF,10-K,20251231,Y
1816815,BON,BON NATURAL LIFE LTD,2833,4-NON,20-F,20250930,Y
1816937,,BOXABL INC.,1520,4-NON,10-K,20251231,N
1817229,VOR,VOR BIOPHARMA INC.,2836,4-NON,10-K,20251231,Y
1817241,ARTV,"ARTIVA BIOTHERAPEUTICS, INC.",2836,4-NON,10-K,20251231,Y
1817358,ASO,"ACADEMY SPORTS & OUTDOORS, INC.",5940,1-LAF,10-K,20260131,Y
1817713,JANX,"JANUX THERAPEUTICS, INC.",2834,1-LAF,10-K,20251231,Y
1817740,AUST,AUSTIN GOLD CORP.,1040,4-NON,20-F,20251231,Y
1817825,,STEELE CREEK CAPITAL CORP,,4-NON,10-K,20251231,N
1818093,SKIN,BEAUTY HEALTH CO,3841,2-ACC,10-K,20251231,Y
1818201,CCC,CCC INTELLIGENT SOLUTIONS HOLDINGS INC.,7372,1-LAF,10-K,20251231,Y
1818331,WGS,GENEDX HOLDINGS CORP.,8000,1-LAF,10-K,20251231,Y
1818382,HUMA,"HUMACYTE, INC.",2836,4-NON,10-K,20251231,Y
1818383,MAX,"MEDIAALPHA, INC.",7389,2-ACC,10-K,20251231,Y
1818502,OPFI,OPPFI INC.,6199,2-ACC,10-K,20251231,Y
1818550,,INCORDEX CORP.,7200,4-NON,10-Q,20250331,N
1818643,PHXE-P,"PHOENIX ENERGY ONE, LLC",1311,4-NON,10-K,20251231,Y
1818644,LIDR,"AEYE, INC.",3714,4-NON,10-K,20251231,Y
1818794,DYN,"DYNE THERAPEUTICS, INC.",2834,1-LAF,10-K,20251231,Y
1818844,DWTX,"DOGWOOD THERAPEUTICS, INC.",2834,4-NON,10-K,20251231,Y
1818874,SOFI,"SOFI TECHNOLOGIES, INC.",6199,1-LAF,10-K,20251231,Y
1819133,TNGX,"TANGO THERAPEUTICS, INC.",2834,4-NON,10-K,20251231,Y
1819142,SES,SES AI CORP,3690,4-NON,10-K,20251231,Y
1819253,BTMD,BIOTE CORP.,2833,2-ACC,10-K,20251231,Y
1819404,NRDY,NERDY INC.,8200,2-ACC,10-K,20251231,Y
1819411,GANX,"GAIN THERAPEUTICS, INC.",2834,4-NON,10-K,20251231,Y
1819438,GWH,"ESS TECH, INC.",3690,4-NON,10-K,20251231,Y
1819493,XOS,"XOS, INC.",3714,4-NON,10-K,20251231,Y
1819516,UP,WHEELS UP EXPERIENCE INC.,4522,2-ACC,10-K,20251231,Y
1819574,BARK,"BARK, INC.",5990,2-ACC,10-Q,20251231,Y
1819576,LQDA,LIQUIDIA CORP,2834,4-NON,10-K,20251231,Y
1819790,TARS,"TARSUS PHARMACEUTICALS, INC.",2836,1-LAF,10-K,20251231,Y
1819796,GCMG,GCM GROSVENOR INC.,6282,2-ACC,10-K,20251231,Y
1819810,RDW,REDWIRE CORP,3760,1-LAF,10-K,20251231,Y
1819848,JOBY,"JOBY AVIATION, INC.",3721,1-LAF,10-K,20251231,Y
1819928,DV,"DOUBLEVERIFY HOLDINGS, INC.",7370,1-LAF,10-K,20251231,Y
1819974,SKYT,"SKYWATER TECHNOLOGY, INC",3674,2-ACC,10-K,20251231,Y
1819989,CIFR,CIPHER DIGITAL INC.,6199,1-LAF,10-K,20251231,Y
1819994,RKLB,ROCKET LAB CORP,3760,1-LAF,10-K,20251231,Y
1820144,GRND,GRINDR INC.,7370,1-LAF,10-K,20251231,Y
1820302,BKKT,"BAKKT, INC.",6199,2-ACC,10-K,20251231,Y
1820721,ARRY,"ARRAY TECHNOLOGIES, INC.",3990,1-LAF,10-K,20251231,Y
1820872,GBTG,"GLOBAL BUSINESS TRAVEL GROUP, INC.",4700,2-ACC,10-K,20251231,Y
1820875,CXAI,CXAPP INC.,7372,4-NON,10-K,20251231,Y
1820953,AFRM,"AFFIRM HOLDINGS, INC.",6141,1-LAF,10-Q,20251231,Y
1821159,EVGO,EVGO INC.,7500,2-ACC,10-K,20251231,Y
1821175,MSGM,MOTORSPORT GAMES INC.,7372,4-NON,10-K,20251231,Y
1821424,UK,UCOMMUNE INTERNATIONAL LTD,7389,4-NON,20-F,20251231,Y
1821534,EXOD,"EXODUS MOVEMENT, INC.",6199,2-ACC,10-K,20251231,Y
1821586,MLTX,MOONLAKE IMMUNOTHERAPEUTICS,2834,1-LAF,10-K,20251231,Y
1821769,NVTS,NAVITAS SEMICONDUCTOR CORP,3674,4-NON,10-K,20251231,Y
1821806,LESL,"LESLIE'S, INC.",5990,2-ACC,10-Q,20251231,Y
1821825,OGN,ORGANON & CO.,2834,1-LAF,10-K,20251231,Y
1822359,DCGO,DOCGO INC.,8000,2-ACC,10-K,20251231,Y
1822462,FHTX,FOGHORN THERAPEUTICS INC.,2834,4-NON,10-K,20251231,Y
1822479,SHC,SOTERA HEALTH CO,8090,1-LAF,10-K,20251231,Y
1822492,HLMN,HILLMAN SOLUTIONS CORP.,3420,1-LAF,10-K,20251231,Y
1822523,AFCG,ADVANCED FLOWER CAPITAL INC.,6500,4-NON,10-K,20251231,Y
1822791,CLNN,CLENE INC.,2834,4-NON,10-K,20251231,Y
1822928,HLLY,HOLLEY INC.,3714,2-ACC,10-K,20251231,Y
1822966,SMR,NUSCALE POWER CORP,3443,1-LAF,10-K,20251231,Y
1822993,JXN,JACKSON FINANCIAL INC.,6311,1-LAF,10-K,20251231,Y
1823000,,CONX CORP.,6510,4-NON,10-Q,20250630,N
1823144,GPGI,"GPGI, INC.",6199,2-ACC,10-K,20251231,Y
1823239,MRVI,"MARAVAI LIFESCIENCES HOLDINGS, INC.",2834,2-ACC,10-K,20251231,Y
1823406,AFBI,"AFFINITY BANCSHARES, INC.",6036,4-NON,10-K,20251231,Y
1823466,NOTE,"FISCALNOTE HOLDINGS, INC.",7389,2-ACC,10-K,20251231,Y
1823529,ACT,"ENACT HOLDINGS, INC.",6411,1-LAF,10-K,20251231,Y
1823584,AENT,ALLIANCE ENTERTAINMENT HOLDING CORP,5099,4-NON,10-Q,20251231,Y
1823587,SKYH,SKY HARBOUR GROUP CORP,6500,4-NON,10-K,20251231,Y
1823608,AMAL,AMALGAMATED FINANCIAL CORP.,6022,2-ACC,10-K,20251231,Y
1823635,ECXJ,"CXJ GROUP CO., LTD",3714,4-NON,10-Q,20251130,Y
1823652,EVEX,"EVE HOLDING, INC.",3721,2-ACC,10-K,20251231,Y
1823794,ARKO,ARKO CORP.,5412,2-ACC,10-K,20251231,Y
1823878,MYPS,"PLAYSTUDIOS, INC.",7372,2-ACC,10-K,20251231,Y
1823945,OWL,BLUE OWL CAPITAL INC.,6282,1-LAF,10-K,20251231,Y
1824293,GRI,"GRI BIO, INC.",2834,4-NON,10-K,20251231,Y
1824403,RSVR,"RESERVOIR MEDIA, INC.",7900,2-ACC,10-Q,20251231,Y
1824502,ACHR,ARCHER AVIATION INC.,3721,1-LAF,10-K,20251231,Y
1824814,CGNT,COGNYTE SOFTWARE LTD.,7372,2-ACC,20-F,20260131,Y
1824893,SRZN,"SURROZEN, INC./DE",2836,4-NON,10-K,20251231,Y
1824920,IONQ,"IONQ, INC.",7373,1-LAF,10-K,20251231,Y
1825024,OPAD,OFFERPAD SOLUTIONS INC.,6531,4-NON,10-K,20251231,Y
1825079,VELO,"VELO3D, INC.",3559,4-NON,10-K,20251231,Y
1825088,DFH,"DREAM FINDERS HOMES, INC.",1531,2-ACC,10-K,20251231,Y
1825248,FRBP,FRANKLIN BSP CAPITAL CORP,,4-NON,10-K,20251231,Y
1825265,,TCW DIRECT LENDING VIII LLC,,4-NON,10-K,20251231,N
1825384,,STONE POINT CREDIT CORP,,4-NON,10-K,20251231,N
1825452,ONFO,"ONFOLIO HOLDINGS, INC",7374,4-NON,10-K,20251231,Y
1826000,LTCH,"LATCH, INC.",5072,4-NON,10-K,20251231,Y
1826011,BNZI,"BANZAI INTERNATIONAL, INC.",7372,4-NON,10-K,20251231,Y
1826168,TIMB,TIM S.A.,4813,1-LAF,20-F,20251231,Y
1826376,GSUN,GOLDEN SUN TECHNOLOGY GROUP LTD.,8200,4-NON,20-F,20250930,Y
1826397,AVX,AVAX ONE TECHNOLOGY LTD.,6199,4-NON,10-K,20251231,Y
1826457,GLUE,"MONTE ROSA THERAPEUTICS, INC.",2836,4-NON,10-K,20251231,Y
1826470,WOOF,"PETCO HEALTH & WELLNESS COMPANY, INC.",5990,2-ACC,10-K,20260131,Y
1826600,MNTK,"MONTAUK RENEWABLES, INC.",4932,2-ACC,10-K,20251231,Y
1826667,TLSI,"TRISALUS LIFE SCIENCES, INC.",3841,4-NON,10-K,20251231,Y
1826681,PDYN,PALLADYNE AI CORP.,7372,4-NON,10-K,20251231,Y
1826889,BODI,"BEACHBODY COMPANY, INC.",5960,4-NON,10-K,20251231,Y
1826892,BCAB,"BIOATLA, INC.",2836,4-NON,10-K,20251231,Y
1827090,CERT,"CERTARA, INC.",7372,1-LAF,10-K,20251231,Y
1827635,MANE,"VERADERMICS, INC",2834,4-NON,10-K,20251231,Y
1827855,,MEDICALE CORP.,8000,4-NON,10-K,20250930,N
1827899,CPTKW,CROWN PROPTECH ACQUISITIONS,5072,4-NON,10-K,20251231,Y
1828016,PLTK,PLAYTIKA HOLDING CORP.,7374,2-ACC,10-K,20251231,Y
1828105,HIPO,HIPPO HOLDINGS INC.,6331,2-ACC,10-K,20251231,Y
1828108,AUR,"AURORA INNOVATION, INC.",7373,1-LAF,10-K,20251231,Y
1828161,FTCI,"FTC SOLAR, INC.",3674,4-NON,10-K,20251231,Y
1828185,BRNS,BARINTHUS BIOTHERAPEUTICS PLC.,2834,4-NON,10-K,20251231,Y
1828253,EVAX,EVAXION A/S,2836,4-NON,20-F,20251231,Y
1828318,ENVX,ENOVIX CORP,3690,1-LAF,10-K,20251231,Y
1828377,FTCO,FORTITUDE GOLD CORP,1040,4-NON,10-K,20251231,Y
1828536,NRGV,"ENERGY VAULT HOLDINGS, INC.",3690,4-NON,10-K,20251231,Y
1828588,HNVR,"HANOVER BANCORP, INC. /MD",6022,2-ACC,10-K,20251231,Y
1828673,HCWB,HCW BIOLOGICS INC.,2834,4-NON,10-K,20251231,Y
1828791,DSP,VIANT TECHNOLOGY INC.,7370,2-ACC,10-K,20251231,Y
1828805,ALMU,"AELUMA, INC.",3674,4-NON,10-Q,20251231,Y
1828937,FOA,FINANCE OF AMERICA COMPANIES INC.,6162,2-ACC,10-K,20251231,Y
1828962,CRCT,"CRICUT, INC.",3559,2-ACC,10-K,20251231,Y
1828972,BZFD,"BUZZFEED, INC.",4899,2-ACC,10-K,20251231,Y
1829247,BFRG,"BULLFROG AI HOLDINGS, INC.",2834,4-NON,10-K,20251231,Y
1829280,,FORIAN INC.,7374,4-NON,10-K,20251231,N
1829311,BMNR,"BITMINE IMMERSION TECHNOLOGIES, INC.",6199,4-NON,10-Q,20251130,Y
1829576,CARE,"CARTER BANKSHARES, INC.",6021,2-ACC,10-K,20251231,Y
1829726,TFPM,TRIPLE FLAG PRECIOUS METALS CORP.,6795,,40-F,20251231,Y
1829794,EMPD,EMPERY DIGITAL INC.,3711,4-NON,10-K,20251231,Y
1829802,FTH,"SENSEI BIOTHERAPEUTICS, INC.",2834,4-NON,10-K,20251231,Y
1829864,TASK,"TASKUS, INC.",7374,2-ACC,10-K,20251231,Y
1829959,DCBO,DOCEBO INC.,7372,,40-F,20251231,Y
1830033,PCT,"PURECYCLE TECHNOLOGIES, INC.",2821,1-LAF,10-K,20251231,Y
1830043,BMBL,BUMBLE INC.,7370,2-ACC,10-K,20251231,Y
1830072,IPW,IPOWER INC.,5200,4-NON,10-Q,20251231,Y
1830081,RUM,RUMBLE INC.,7370,4-NON,10-K,20251231,Y
1830188,,"UNITED HOMES GROUP, INC.",1531,4-NON,10-K,20251231,N
1830214,DNA,"GINKGO BIOWORKS HOLDINGS, INC.",2836,2-ACC,10-K,20251231,Y
1831096,GEG,"GREAT ELM GROUP, INC.",7372,4-NON,10-Q,20251231,Y
1831097,AGL,"AGILON HEALTH, INC.",8090,1-LAF,10-K,20251231,Y
1831359,JWSMF,JAWS MUSTANG ACQUISITION CORP,6770,4-NON,10-K,20251231,Y
1831363,,"TERNS PHARMACEUTICALS, INC.",2834,4-NON,10-K,20251231,N
1831481,SOC,SABLE OFFSHORE CORP.,1311,1-LAF,10-K,20251231,Y
1831631,LDI,"LOANDEPOT, INC.",6199,2-ACC,10-K,20251231,Y
1831651,SHLS,"SHOALS TECHNOLOGIES GROUP, INC.",3674,2-ACC,10-K,20251231,Y
1831828,VERA,"VERA THERAPEUTICS, INC.",2834,1-LAF,10-K,20251231,Y
1831840,,"SEMRUSH HOLDINGS, INC.",7372,1-LAF,10-K,20251231,N
1831868,ICU,SEASTAR MEDICAL HOLDING CORP,3841,4-NON,10-K,20251231,Y
1831915,CTKB,"CYTEK BIOSCIENCES, INC.",3826,2-ACC,10-K,20251231,Y
1831979,SDST,STARDUST POWER INC.,3330,4-NON,10-K,20251231,Y
1832038,IVVD,"INVIVYD, INC.",2836,4-NON,10-K,20251231,Y
1832148,,SLR HC BDC LLC,,4-NON,10-K,20251231,N
1832161,VIPZ,"VIP PLAY, INC.",5900,4-NON,10-Q,20251231,Y
1832332,AVAH,"AVEANNA HEALTHCARE HOLDINGS, INC.",8082,2-ACC,10-K,20251231,Y
1832466,ALHC,"ALIGNMENT HEALTHCARE, INC.",6324,1-LAF,10-K,20251231,Y
1832483,SERV,SERVE ROBOTICS INC. /DE/,3569,4-NON,10-K,20251231,Y
1832487,GUER,"GUERRILLA RF, INC.",3674,4-NON,10-K,20251231,Y
1832511,PIII,P3 HEALTH PARTNERS INC.,8000,4-NON,10-K,20251231,Y
1832928,CRLBF,CRESCO LABS INC.,2833,,40-F,20251231,Y
1833197,SWIM,"LATHAM GROUP, INC.",3089,2-ACC,10-K,20251231,Y
1833214,SABS,"SAB BIOTHERAPEUTICS, INC.",2836,4-NON,10-K,20251231,Y
1833498,MDAI,"SPECTRAL AI, INC.",3841,4-NON,10-K,20251231,Y
1833756,DRS,"LEONARDO DRS, INC.",3812,1-LAF,10-K,20251231,Y
1833769,HYPR,"HYPERFINE, INC.",3845,4-NON,10-K,20251231,Y
1833835,PSFE,PAYSAFE LTD,7389,1-LAF,20-F,20251231,Y
1834026,GROY,GOLD ROYALTY CORP.,1040,4-NON,20-F,20251231,Y
1834105,IBO,IMPACT BIOMEDICAL INC.,2834,4-NON,10-K,20251231,Y
1834376,INNV,INNOVAGE HOLDING CORP.,8000,2-ACC,10-Q,20251231,Y
1834488,NABL,"N-ABLE, INC.",7372,1-LAF,10-K,20251231,Y
1834489,GENI,GENIUS SPORTS LTD,7990,1-LAF,20-F,20251231,Y
1834526,GPAT,GP-ACT III ACQUISITION CORP.,6770,4-NON,10-K,20251231,Y
1834543,,BLACKROCK DIRECT LENDING CORP.,,4-NON,10-K,20251231,N
1834584,CPNG,"COUPANG, INC.",5961,1-LAF,10-K,20251231,Y
1834622,HAYW,"HAYWARD HOLDINGS, INC.",3580,1-LAF,10-K,20251231,Y
1835022,COYA,"COYA THERAPEUTICS, INC.",2834,4-NON,10-K,20251231,Y
1835268,CNTB,CONNECT BIOPHARMA HOLDINGS LTD,2834,4-NON,10-K,20251231,Y
1835385,MBBC,"MARATHON BANCORP, INC. /MD/",6036,4-NON,10-Q,20251231,Y
1835579,IMA,"IMAGENEBIO, INC.",2836,4-NON,10-K,20251231,Y
1835597,PEPG,PEPGEN INC.,2834,4-NON,10-K,20251231,Y
1835632,MRVL,"MARVELL TECHNOLOGY, INC.",3674,1-LAF,10-K,20260131,Y
1835654,INVZ,INNOVIZ TECHNOLOGIES LTD.,3714,4-NON,20-F,20251231,Y
1835830,KVYO,"KLAVIYO, INC.",7372,1-LAF,10-K,20251231,Y
1835856,BETR,BETTER HOME & FINANCE HOLDING CO,6163,2-ACC,10-K,20251231,Y
1835963,GLBE,GLOBAL-E ONLINE LTD.,7372,1-LAF,20-F,20251231,Y
1836470,SRAD,SPORTRADAR GROUP AG,7370,1-LAF,20-F,20251231,Y
1836564,VALN,VALNEVA SE,2836,2-ACC,20-F,20251231,Y
1836754,LGCY,LEGACY EDUCATION INC.,8200,4-NON,10-Q,20251231,Y
1836833,PL,PLANET LABS PBC,3663,1-LAF,10-K,20260131,Y
1836875,NVVE,NUVVE HOLDING CORP.,3690,4-NON,10-K,20251231,Y
1836981,BBAI,"BIGBEAR.AI HOLDINGS, INC.",7372,1-LAF,10-K,20251231,Y
1837014,SMRT,"SMARTRENT, INC.",7373,2-ACC,10-K,20251231,Y
1837240,SYM,SYMBOTIC INC.,3569,1-LAF,10-Q,20251231,Y
1837254,MEHA,FUNCTIONAL BRANDS INC.,2833,4-NON,10-K,20251231,Y
1837429,BNT,BROOKFIELD WEALTH SOLUTIONS LTD.,6399,1-LAF,20-F,20251231,Y
1837493,QTEX,INSPIRA TECHNOLOGIES OXY B.H.N. LTD,3841,4-NON,20-F,20251231,Y
1837532,,APOLLO DEBT SOLUTIONS BDC,,4-NON,10-K,20251231,N
1837607,AEON,"AEON BIOPHARMA, INC.",2834,4-NON,10-K,20251231,Y
1837671,CPPTL,COPPER PROPERTY CTL PASS THROUGH TRUST,6500,4-NON,10-K,20251231,Y
1837774,GIPL,GLOBAL INNOVATIVE PLATFORMS INC.,3841,4-NON,10-K,20250930,Y
1837821,ZJYL,JIN MEDICAL INTERNATIONAL LTD.,3842,4-NON,20-F,20250930,Y
1838028,HODL,VANECK BITCOIN ETF,6221,4-NON,10-K,20251231,Y
1838126,,HPS CORPORATE LENDING FUND,,4-NON,10-K,20251231,N
1838359,RGTI,"RIGETTI COMPUTING, INC.",7371,4-NON,10-K,20251231,Y
1838406,BKV,BKV CORP,1311,2-ACC,10-K,20251231,Y
1838615,ALTI,"ALTI GLOBAL, INC.",6282,2-ACC,10-K,20251231,Y
1839140,RVRC,REVIUM RX.,2834,4-NON,10-K,20251231,Y
1839341,CORZ,"CORE SCIENTIFIC, INC./TX",6199,1-LAF,10-K,20251231,Y
1839530,XBP,"XBP GLOBAL HOLDINGS, INC.",7389,4-NON,10-K,20251231,Y
1839799,GRSD,GAMBLING.COM GROUP LTD,7990,2-ACC,20-F,20251231,Y
1839839,JBI,"JANUS INTERNATIONAL GROUP, INC.",3442,1-LAF,10-K,20251231,Y
1840102,SPTY,"SPECIFICITY, INC.",7311,4-NON,10-K,20251231,Y
1840199,WALD,WALDENCAST PLC,2844,4-NON,20-F,20251231,Y
1840229,INKT,"MINK THERAPEUTICS, INC.",2836,4-NON,10-K,20251231,Y
1840233,XLO,"XILIO THERAPEUTICS, INC.",2834,4-NON,10-K,20251231,Y
1840425,OSRH,"OSR HOLDINGS, INC.",3841,4-NON,10-K,20251231,Y
1840439,BMEA,"BIOMEA FUSION, INC.",2834,4-NON,10-K,20251231,Y
1840502,TBLA,TABOOLA.COM LTD.,7370,2-ACC,10-K,20251231,Y
1840563,ELAB,PMGC HOLDINGS INC.,2834,4-NON,10-K,20251231,Y
1840572,LUCK,LUCKY STRIKE ENTERTAINMENT CORP,7900,2-ACC,10-Q,20251231,Y
1840616,NFGC,NEW FOUND GOLD CORP.,1040,,40-F,20251231,Y
1840706,SOPH,SOPHIA GENETICS SA,7374,2-ACC,20-F,20251231,Y
1840776,HGTY,"HAGERTY, INC.",6411,2-ACC,10-K,20251231,Y
1840780,LOCL,LOCAL BOUNTI CORPORATION/DE,0100,4-NON,10-K,20251231,Y
1840856,SOUN,"SOUNDHOUND AI, INC.",7372,1-LAF,10-K,20251231,Y
1840877,COCH,"ENVOY MEDICAL, INC.",3842,4-NON,10-K,20251231,Y
1841156,PAY,"PAYMENTUS HOLDINGS, INC.",7389,1-LAF,10-K,20251231,Y
1841175,BRRR,COINSHARES BITCOIN ETF,6221,4-NON,10-K,20251231,Y
1841209,HOLO,MICROCLOUD HOLOGRAM INC.,7370,4-NON,20-F,20251231,Y
1841330,KTTA,PASITHEA THERAPEUTICS CORP.,2834,4-NON,10-K,20251231,Y
1841387,CADL,"CANDEL THERAPEUTICS, INC.",2836,4-NON,10-K,20251231,Y
1841408,DAVE,DAVE INC./DE,6199,1-LAF,10-K,20251231,Y
1841425,VGAS,"VERDE CLEAN FUELS, INC.",2860,4-NON,10-K,20251231,Y
1841514,,"COMMONWEALTH CREDIT PARTNERS BDC I, INC.",,4-NON,10-K,20251231,N
1841610,,BPGC ACQUISITION CORP.,6770,4-NON,10-K,20251231,N
1841666,APA,APA CORP,1311,1-LAF,10-K,20251231,Y
1841761,GROV,"GROVE COLLABORATIVE HOLDINGS, INC.",5961,4-NON,10-K,20251231,Y
1841925,INDI,"INDIE SEMICONDUCTOR, INC.",3674,1-LAF,10-K,20251231,Y
1841968,RPC,"RIDGEPOST CAPITAL, INC.",6282,1-LAF,10-K,20251231,Y
1842022,DTM,"DT MIDSTREAM, INC.",4922,1-LAF,10-K,20251231,Y
1842167,,LIMITLESS PROJECTS INC.,7389,4-NON,10-Q,20260131,N
1842279,OPAL,OPAL FUELS INC.,4932,2-ACC,10-K,20251231,Y
1842295,MAZE,"MAZE THERAPEUTICS, INC.",2836,4-NON,10-K,20251231,Y
1842566,AISP,"AIRSHIP AI HOLDINGS, INC.",7372,4-NON,10-K,20251231,Y
1842731,SMWB,SIMILARWEB LTD.,7370,2-ACC,20-F,20251231,Y
1842939,XAGE,"LONGEVITY HEALTH HOLDINGS, INC.",2840,4-NON,10-K,20251231,Y
1842952,CNTX,CONTEXT THERAPEUTICS INC.,2834,4-NON,10-K,20251231,Y
1843162,LIEN,"CHICAGO ATLANTIC BDC, INC.",,4-NON,10-K,20251231,Y
1843586,OTLY,OATLY GROUP AB,2000,2-ACC,20-F,20251231,Y
1843656,RMCO,ROYALTY MANAGEMENT HOLDING CORP,6794,4-NON,10-K,20251231,Y
1843714,ZPTA,"ZAPATA QUANTUM, INC.",7372,4-NON,10-K,20251231,Y
1843724,LNZA,"LANZATECH GLOBAL, INC.",2860,4-NON,10-K,20251231,Y
1843973,FLYX,FLYEXCLUSIVE INC.,4522,4-NON,10-K,20251231,Y
1844392,MRAI,"MARPAI, INC.",8090,4-NON,10-K,20251231,Y
1844417,ESLA,"ESTRELLA IMMUNOPHARMA, INC.",2836,4-NON,10-K,20251231,Y
1844452,LUNR,"INTUITIVE MACHINES, INC.",3812,4-NON,10-K,20251231,Y
1844505,QTI,"QT IMAGING HOLDINGS, INC.",3845,4-NON,10-K,20251231,Y
1844862,SLDP,"SOLID POWER, INC.",3690,4-NON,10-K,20251231,Y
1844971,VIP,GREENIDGE GENERATION HOLDINGS INC.,6199,4-NON,10-K,20251231,Y
1845097,AMBP,ARDAGH METAL PACKAGING S.A.,3411,2-ACC,20-F,20251231,Y
1845123,ANNA,"ALEANNA, INC.",1311,4-NON,10-K,20251231,Y
1845257,LFST,"LIFESTANCE HEALTH GROUP, INC.",8000,1-LAF,10-K,20251231,Y
1845337,,"DAY ONE BIOPHARMACEUTICALS, INC.",2834,1-LAF,10-K,20251231,N
1845338,MNDY,MONDAY.COM LTD.,7372,1-LAF,20-F,20251231,Y
1845437,NPWR,NET POWER INC.,3620,4-NON,10-K,20251231,Y
1845459,,"NKGEN BIOTECH, INC.",2836,4-NON,10-Q,20250331,N
1845815,PAYO,PAYONEER GLOBAL INC.,7389,1-LAF,10-K,20251231,Y
1845840,TSAT,TELESAT CORP,4899,2-ACC,20-F,20251231,Y
1846017,,BLUE FOUNDRY BANCORP,6036,4-NON,10-K,20251231,N
1846069,NXDR,"NEXTDOOR HOLDINGS, INC.",7370,2-ACC,10-K,20251231,Y
1846084,JETMF,GLOBAL CROSSING AIRLINES GROUP INC.,4512,4-NON,10-K,20251231,Y
1846235,IMAQ,INTERNATIONAL MEDIA ACQUISITION CORP.,7812,4-NON,10-Q,20251231,Y
1846253,OABIW,"OMNIAB, INC.",8731,4-NON,10-K,20251231,Y
1846416,HVII,HENNESSY CAPITAL INVESTMENT CORP. VII,4911,4-NON,10-K,20251231,Y
1846576,FIGS,"FIGS, INC.",2300,2-ACC,10-K,20251231,Y
1846715,WAVE,ECO WAVE POWER GLOBAL AB (PUBL),4911,4-NON,20-F,20251231,Y
1846832,DLO,DLOCAL LTD,7389,1-LAF,20-F,20251231,Y
1847064,PSQH,"PSQ HOLDINGS, INC.",7310,4-NON,10-K,20251231,Y
1847345,ASBP,"ASPIRE BIOPHARMA HOLDINGS, INC.",2834,4-NON,10-K,20251231,Y
1847367,ALMS,ALUMIS INC.,2834,4-NON,10-K,20251231,Y
1847398,NECB,"NORTHEAST COMMUNITY BANCORP, INC./MD/",6036,2-ACC,10-K,20251231,Y
1847409,HITI,HIGH TIDE INC.,5990,,40-F,20251031,Y
1847590,BWMN,BOWMAN CONSULTING GROUP LTD.,8742,2-ACC,10-K,20251231,Y
1847806,GNS,GENIUS GROUP LTD,7372,4-NON,20-F,20251231,Y
1847874,BEEP,MOBILE INFRASTRUCTURE CORP,6500,4-NON,10-K,20251231,Y
1847903,,CENTESSA PHARMACEUTICALS PLC,2834,4-NON,10-K,20251231,N
1847986,DFLI,DRAGONFLY ENERGY HOLDINGS CORP.,3690,4-NON,10-K,20251231,Y
1848309,SGML,SIGMA LITHIUM CORP,1000,,40-F,20251231,Y
1848334,OKMN,"OKMIN RESOURCES, INC.",1311,4-NON,10-Q,20251231,Y
1848416,VRNO,VERANO HOLDINGS CORP.,0100,2-ACC,10-K,20251231,Y
1848731,GLAS,GLASS HOUSE BRANDS INC.,2833,,40-F,20251231,Y
1848739,GDEV,GDEV INC.,7371,2-ACC,20-F,20251231,Y
1848756,,PYROPHYTE ACQUISITION CORP.,6770,4-NON,10-K,20241231,N
1849056,OKLO,OKLO INC.,4911,4-NON,10-K,20251231,Y
1849089,,"LAFAYETTE SQUARE USA, INC.",,4-NON,10-K,20251231,N
1849221,PMNT,PERFECT MOMENT LTD.,2300,4-NON,10-Q,20251231,Y
1849253,RYAN,"RYAN SPECIALTY HOLDINGS, INC.",6411,1-LAF,10-K,20251231,Y
1849380,ONMD,ONEMEDNET CORP,8731,4-NON,10-K,20251231,Y
1849396,NEXN,NEXXEN INTERNATIONAL LTD.,7370,2-ACC,20-F,20251231,Y
1849466,TCBS,"TEXAS COMMUNITY BANCSHARES, INC.",6036,4-NON,10-K,20251231,Y
1849635,DJT,TRUMP MEDIA & TECHNOLOGY GROUP CORP.,7370,1-LAF,10-K,20251231,Y
1849853,STVN,STEVANATO GROUP S.P.A.,3841,1-LAF,20-F,20251231,Y
1849867,CLST,"CATALYST BANCORP, INC.",6035,4-NON,10-K,20251231,Y
1849894,,MSD INVESTMENT CORP.,,4-NON,10-K,20251231,N
1850119,IPSC,"CENTURY THERAPEUTICS, INC.",2836,4-NON,10-K,20251231,Y
1850270,PROK,PROKIDNEY CORP.,2836,4-NON,10-K,20251231,Y
1850391,BTCW,WISDOMTREE BITCOIN FUND,6221,4-NON,10-K,20251231,Y
1850787,,"KAYNE DL 2021, INC.",,4-NON,10-K,20251231,N
1850902,TKNO,"ALPHA TEKNOVA, INC.",2835,4-NON,10-K,20251231,Y
1850938,,"WTI FUND X, INC.",,4-NON,10-K,20251231,N
1851003,ZETA,ZETA GLOBAL HOLDINGS CORP.,7372,1-LAF,10-K,20251231,Y
1851112,RSKD,RISKIFIED LTD.,7389,2-ACC,20-F,20251231,Y
1851322,,NORTH HAVEN PRIVATE INCOME FUND LLC,,4-NON,10-K,20251231,N
1851484,CTOR,"CITIUS ONCOLOGY, INC.",2834,4-NON,10-Q,20251231,Y
1851909,CDAQF,COMPASS DIGITAL ACQUISITION CORP.,6770,4-NON,10-K,20251231,Y
1851959,CNDA,CONCORD ACQUISITION CORP II,6770,4-NON,10-K,20251231,Y
1851961,GCTS,"GCT SEMICONDUCTOR HOLDING, INC.",3674,4-NON,10-K,20251231,Y
1852016,AEAE,ALTENERGY ACQUISITION CORP,3714,4-NON,10-K,20251231,Y
1852025,GLNK,GRAYSCALE CHAINLINK TRUST ETF,6221,4-NON,10-K,20251231,Y
1852131,NXT,NEXTPOWER INC.,3812,1-LAF,10-Q,20251231,Y
1852207,BEAG,BOLD EAGLE ACQUISITION CORP.,6770,4-NON,10-K,20251231,Y
1852244,GXO,"GXO LOGISTICS, INC.",4700,1-LAF,10-K,20251231,Y
1852317,FBTC,FIDELITY WISE ORIGIN BITCOIN FUND,6221,1-LAF,10-K,20251231,Y
1852353,DC,DAKOTA GOLD CORP.,1000,4-NON,10-K,20251231,Y
1852575,SGST,"STRATEGIC STORAGE TRUST VI, INC.",6798,4-NON,10-K,20251231,Y
1853044,AERT,"AERIES TECHNOLOGY, INC.",8742,4-NON,10-Q,20251231,Y
1853070,SOAR,"VOLATO GROUP, INC.",4522,4-NON,10-K,20251231,Y
1853138,KDK,"KODIAK AI, INC.",7373,2-ACC,10-K,20251231,Y
1853145,EVCM,EVERCOMMERCE INC.,7372,2-ACC,10-K,20251231,Y
1853513,,"MISTER CAR WASH, INC.",7500,1-LAF,10-K,20251231,N
1853816,DRMA,"DERMATA THERAPEUTICS, INC.",2834,4-NON,10-K,20251231,Y
1853860,ERO,ERO COPPER CORP.,1000,,40-F,20251231,Y
1853962,IAUX,I-80 GOLD CORP.,1040,4-NON,10-K,20251231,Y
1854139,ZVIA,ZEVIA PBC,2086,2-ACC,10-K,20251231,Y
1854149,ANSC,AGRICULTURE & NATURAL SOLUTIONS ACQUISITION CORP,6770,4-NON,10-K,20251231,Y
1854183,ORIB,ORION BLISS CORP.,2840,4-NON,10-Q,20260131,Y
1854270,SNTI,"SENTI BIOSCIENCES, INC.",2836,4-NON,10-K,20251231,Y
1854275,ZCAR,"ZOOMCAR HOLDINGS, INC.",7510,4-NON,10-Q,20251231,Y
1854368,DGXX,DIGI POWER X INC.,6199,4-NON,10-K,20251231,Y
1854445,GGRP,"GLIMPSE GROUP, INC.",7371,4-NON,10-Q,20251231,Y
1854463,WINV,WINVEST ACQUISITION CORP.,6770,4-NON,10-K,20251231,Y
1854480,DEVSF,DEVVSTREAM CORP.,6799,4-NON,10-Q,20260131,Y
1854587,CLBT,CELLEBRITE DI LTD.,7372,1-LAF,20-F,20251231,Y
1854816,MINR,MINERVA GOLD INC.,1000,4-NON,10-Q,20251130,Y
1854964,NLCP,"NEWLAKE CAPITAL PARTNERS, INC.",6798,4-NON,10-K,20251231,Y
1855129,GHRS,GH RESEARCH PLC,2834,2-ACC,20-F,20251231,Y
1855175,CTNM,"CONTINEUM THERAPEUTICS, INC.",2834,4-NON,10-K,20251231,Y
1855447,TYGO,"TIGO ENERGY, INC.",3674,4-NON,10-K,20251231,Y
1855457,,"KORE GROUP HOLDINGS, INC.",4899,4-NON,10-K,20251231,N
1855467,MOBX,"MOBIX LABS, INC",3674,4-NON,10-K,20250930,Y
1855474,AIRJ,AIRJOULE TECHNOLOGIES CORP.,3585,4-NON,10-K,20251231,Y
1855485,CLDI,"CALIDI BIOTHERAPEUTICS, INC.",2836,4-NON,10-K,20251231,Y
1855509,VEEE,"TWIN VEE POWERCATS, CO.",3730,4-NON,10-K,20251231,Y
1855612,GRAB,GRAB HOLDINGS LTD,7389,1-LAF,20-F,20251231,Y
1855644,ZURA,ZURA BIO LTD,2836,4-NON,10-K,20251231,Y
1855747,BLND,"BLEND LABS, INC.",7370,2-ACC,10-K,20251231,Y
1855781,BTCO,INVESCO GALAXY BITCOIN ETF,6221,4-NON,10-K,20251231,Y
1856031,SEAT,VIVID SEATS INC.,7990,2-ACC,10-K,20251231,Y
1856236,,"EUROPEAN WAX CENTER, INC.",7200,2-ACC,10-K,20251231,N
1856314,YOU,"CLEAR SECURE, INC.",7372,1-LAF,10-K,20251231,Y
1856365,FINW,FINWISE BANCORP,6022,4-NON,10-K,20251231,Y
1856437,VSXY,VICTORIA'S SECRET & CO.,5621,1-LAF,10-K,20260131,Y
1856485,SLVM,SYLVAMO CORP,2621,1-LAF,10-K,20251231,Y
1856525,CNM,"CORE & MAIN, INC.",5099,1-LAF,10-K,20260131,Y
1856725,RANI,"RANI THERAPEUTICS HOLDINGS, INC.",2834,4-NON,10-K,20251231,Y
1857044,INDP,"INDAPTUS THERAPEUTICS, INC.",2834,4-NON,10-K,20251231,Y
1857154,DNUT,"KRISPY KREME, INC.",5400,2-ACC,10-K,20251231,Y
1857190,NYXH,NYXOAH SA,3841,2-ACC,20-F,20251231,Y
1857475,DOLE,DOLE PLC,0100,1-LAF,10-K,20251231,Y
1857816,GCT,GIGACLOUD TECHNOLOGY INC,5961,2-ACC,10-K,20251231,Y
1857853,COOK,"TRAEGER, INC.",3630,2-ACC,10-K,20251231,Y
1858007,GDST,GOLDENSTONE ACQUISITION LTD.,3620,4-NON,10-Q,20251231,Y
1858258,FGDL,FRANKLIN TEMPLETON HOLDINGS TRUST,6221,4-NON,10-Q,20251231,Y
1858681,APO,"APOLLO GLOBAL MANAGEMENT, INC.",6282,1-LAF,10-K,20251231,Y
1858685,BFRI,BIOFRONTERA INC.,2834,4-NON,10-K,20251231,Y
1858848,TNYA,"TENAYA THERAPEUTICS, INC.",2836,4-NON,10-K,20251231,Y
1858985,ONON,ON HOLDING AG,3021,1-LAF,20-F,20251231,Y
1859007,ZVSA,"ZYVERSA THERAPEUTICS, INC.",2834,4-NON,10-K,20251231,Y
1859035,MCAG,MOUNTAIN CREST ACQUISITION CORP. V,3841,4-NON,10-K,20251231,Y
1859199,AIRE,REALPHA TECH CORP.,6500,4-NON,10-K,20251231,Y
1859392,GLXY,GALAXY DIGITAL INC.,6211,4-NON,10-K,20251231,Y
1859795,NVX,NOVONIX LTD,3690,2-ACC,20-F,20251231,Y
1859919,,BARINGS PRIVATE CREDIT CORP,,4-NON,10-K,20251231,N
1860160,FLY,FIREFLY AEROSPACE INC.,3760,4-NON,10-K,20251231,Y
1860424,,ONEX DIRECT LENDING BDC FUND,,4-NON,10-K,20251231,N
1860543,CDRE,"CADRE HOLDINGS, INC.",3842,2-ACC,10-K,20251231,Y
1860657,ALLR,"ALLARITY THERAPEUTICS, INC.",2834,4-NON,10-K,20251231,Y
1860742,BLCO,BAUSCH & LOMB CORP,3851,1-LAF,10-K,20251231,Y
1860788,ETHV,VANECK ETHEREUM ETF,6221,4-NON,10-K,20251231,Y
1860805,ASTL,ALGOMA STEEL GROUP INC.,3312,4-NON,40-F,20251231,Y
1860871,TVGN,TEVOGEN BIO HOLDINGS INC.,2836,4-NON,10-K,20251231,Y
1861107,CBLL,"CERIBELL, INC.",3845,4-NON,10-K,20251231,Y
1861560,,"NUVALENT, INC.",2834,1-LAF,10-K,20251231,N
1861622,JTAI,JET.AI INC.,4522,4-NON,10-K,20251231,Y
1861657,CNTN,"CANTON STRATEGIC HOLDINGS, INC.",2834,4-NON,10-K,20251231,Y
1861795,DH,DEFINITIVE HEALTHCARE CORP.,7372,2-ACC,10-K,20251231,Y
1861841,ARBE,ARBE ROBOTICS LTD.,7373,2-ACC,20-F,20251231,Y
1861974,ECX,ECARX HOLDINGS INC.,7373,2-ACC,20-F,20251231,Y
1862150,CING,CINGULATE INC.,2834,4-NON,10-K,20251231,Y
1862461,REAX,REAL BROKERAGE INC,6531,,40-F,20251231,Y
1862463,AMOD,"ALPHA MODUS HOLDINGS, INC.",6794,4-NON,10-K,20251231,Y
1863006,VLN,VALENS SEMICONDUCTOR LTD.,3674,2-ACC,20-F,20251231,Y
1863127,TYRA,"TYRA BIOSCIENCES, INC.",2834,4-NON,10-K,20251231,Y
1863218,SFWL,SHENGFENG DEVELOPMENT LTD,4210,4-NON,20-F,20251231,Y
1863362,,SOFGEN PHARMA S.A.,2834,4-NON,20-F,20241231,N
1863990,MSAI,"MULTISENSOR AI HOLDINGS, INC.",3827,4-NON,10-K,20251231,Y
1864531,VSEE,"VSEE HEALTH, INC.",8000,4-NON,10-K,20251231,Y
1865107,AKA,A.K.A. BRANDS HOLDING CORP.,5961,4-NON,10-K,20251231,Y
1865111,ALSAF,ALPHA STAR ACQUISITION CORP,7372,4-NON,10-K,20251231,Y
1865200,ANGX,"ANGEL STUDIOS, INC.",7812,4-NON,10-K,20251231,Y
1865248,CMCAF,PIERMONT VALLEY ACQUISITION CORP,6770,4-NON,10-K,20250331,Y
1865631,NN,NEXTNAV INC.,3812,4-NON,10-K,20251231,Y
1865782,BTSG,"BRIGHTSPRING HEALTH SERVICES, INC.",8082,1-LAF,10-K,20251231,Y
1866175,CRGY,CRESCENT ENERGY CO,1311,1-LAF,10-K,20251231,Y
1866226,EMAT,EVOLUTION METALS & TECHNOLOGIES CORP.,3690,4-NON,10-K,20251231,Y
1866368,,"CLEARWATER ANALYTICS HOLDINGS, INC.",7372,1-LAF,10-K,20251231,N
1866581,BROS,DUTCH BROS INC.,5810,1-LAF,10-K,20251231,Y
1866633,CCSI,"CONSENSUS CLOUD SOLUTIONS, INC.",7372,2-ACC,10-K,20251231,Y
1866692,AMPL,"AMPLITUDE, INC.",7372,1-LAF,10-K,20251231,Y
1866757,BRLT,"BRILLIANT EARTH GROUP, INC.",3910,4-NON,10-K,20251231,Y
1866816,OPTX,"SYNTEC OPTICS HOLDINGS, INC.",3827,4-NON,10-K,20251231,Y
1867066,DERM,JOURNEY MEDICAL CORP,2834,4-NON,10-K,20251231,Y
1867072,KD,"KYNDRYL HOLDINGS, INC.",7373,1-LAF,10-Q,20251231,Y
1867096,XERS,"XERIS BIOPHARMA HOLDINGS, INC.",2834,1-LAF,10-K,20251231,Y
1867102,EVTL,VERTICAL AEROSPACE LTD.,3721,2-ACC,20-F,20251231,Y
1867834,BRAG,BRAGG GAMING GROUP INC.,7377,,40-F,20251231,Y
1867949,REFI,"CHICAGO ATLANTIC REAL ESTATE FINANCE, INC.",6798,4-NON,10-K,20251231,Y
1868159,LINE,"LINEAGE, INC.",6798,1-LAF,10-K,20251231,Y
1868275,CEG,CONSTELLATION ENERGY CORP,4911,1-LAF,10-K,20251231,Y
1868279,AVBP,"ARRIVENT BIOPHARMA, INC.",2834,4-NON,10-K,20251231,Y
1868395,YIBO,PLANET IMAGE INTERNATIONAL LTD,3577,4-NON,20-F,20251231,Y
1868419,CYCU,"CYCURION, INC.",7371,4-NON,10-K,20251231,Y
1868516,,"STRATCAP DIGITAL INFRASTRUCTURE REIT, INC.",6798,4-NON,10-K,20251231,N
1868640,RDZN,ROADZEN INC.,6411,4-NON,10-Q,20251231,Y
1868726,,"OLAPLEX HOLDINGS, INC.",2844,2-ACC,10-K,20251231,N
1868878,,GOLUB CAPITAL DIRECT LENDING CORP,,4-NON,10-Q,20251231,N
1868941,FLNC,"FLUENCE ENERGY, INC.",3690,2-ACC,10-Q,20251231,Y
1868995,CINT,CI&T INC,7371,2-ACC,20-F,20251231,Y
1869105,BBOT,"BRIDGEBIO ONCOLOGY THERAPEUTICS, INC.",2834,4-NON,10-K,20251231,Y
1869198,LTH,"LIFE TIME GROUP HOLDINGS, INC.",7997,1-LAF,10-K,20251231,Y
1869453,,BLUE OWL TECHNOLOGY INCOME CORP.,,4-NON,10-K,20251231,N
1869699,ARKB,ARK 21SHARES BITCOIN ETF,6221,1-LAF,10-K,20251231,Y
1870144,CDIO,"CARDIO DIAGNOSTICS HOLDINGS, INC.",2835,4-NON,10-K,20251231,Y
1870600,SBDS,"SOLO BRANDS, INC.",3949,4-NON,10-K,20251231,Y
1870940,AIRS,"AIRSCULPT TECHNOLOGIES, INC.",8011,2-ACC,10-K,20251231,Y
1871130,,BROOKFIELD BUSINESS HOLDINGS CORP,1700,2-ACC,20-F,20251231,N
1871321,DRTS,ALPHA TAU MEDICAL LTD.,3841,2-ACC,20-F,20251231,Y
1871509,PTLO,PORTILLO'S INC.,5812,1-LAF,10-K,20251231,Y
1871638,BZAI,"BLAIZE HOLDINGS, INC.",3674,4-NON,10-K,20251231,Y
1871890,GLEI,GALAXY ENTERPRISES INC. /WY/,6531,4-NON,10-Q,20260131,Y
1872195,BLSH,BULLISH,6199,4-NON,20-F,20251231,Y
1872228,TVAI,THAYER VENTURES ACQUISITION CORP II,6770,4-NON,10-K,20251231,Y
1872371,,OAKTREE STRATEGIC CREDIT FUND,,4-NON,10-Q,20251231,N
1872525,SWAG,"STRAN & COMPANY, INC.",7311,4-NON,10-K,20251231,Y
1872789,EMBC,EMBECTA CORP.,3841,1-LAF,10-Q,20251231,Y
1873093,GDTC,CYTOMED THERAPEUTICS LTD,2834,4-NON,20-F,20251231,Y
1873213,BRWC,BIRDIE WIN CORP,8200,4-NON,10-Q,20260131,Y
1873529,KLC,"KINDERCARE LEARNING COMPANIES, INC.",8351,2-ACC,10-K,20251231,Y
1873722,BBLR,BUBBLR INC.,7370,4-NON,10-K,20251231,Y
1873835,IMMX,"IMMIX BIOPHARMA, INC.",2834,4-NON,10-K,20251231,Y
1873875,IXHL,INCANNEX HEALTHCARE INC.,2834,4-NON,10-Q,20251231,Y
1873923,ONL,ORION PROPERTIES INC.,6798,2-ACC,10-K,20251231,Y
1873951,XZO,"EXZEO GROUP, INC.",7372,4-NON,10-K,20251231,Y
1874071,PDLB,"PONCE FINANCIAL GROUP, INC.",6035,2-ACC,10-K,20251231,Y
1874097,CYN,CYNGN INC.,7371,4-NON,10-K,20251231,Y
1874178,RIVN,"RIVIAN AUTOMOTIVE, INC. / DE",3711,1-LAF,10-K,20251231,Y
1874252,QUCY,MAINZ BIOMED N.V.,2834,4-NON,10-K,20251231,Y
1874315,SATL,SATELLOGIC INC.,3663,4-NON,10-K,20251231,Y
1874875,HOUR,"HOUR LOOP, INC",5961,4-NON,10-K,20251231,Y
1874999,,"AG ACQUISITION GROUP III, INC.",6770,4-NON,10-Q,20250930,N
1875091,NRSN,NEUROSENSE THERAPEUTICS LTD.,2834,4-NON,20-F,20251231,Y
1875444,ARHS,"ARHAUS, INC.",5712,2-ACC,10-K,20251231,Y
1875558,NVCT,"NUVECTIS PHARMA, INC.",2834,4-NON,10-K,20251231,Y
1876042,CRCL,"CIRCLE INTERNET GROUP, INC.",6199,4-NON,10-K,20251231,Y
1876183,IHS,IHS HOLDING LTD,4812,1-LAF,20-F,20251231,Y
1876255,,"AB COMMERCIAL REAL ESTATE PRIVATE DEBT FUND, LLC",6798,4-NON,10-K,20251231,N
1876716,ASCBF,ASPAC II ACQUISITION CORP.,6770,4-NON,10-K,20251231,Y
1877184,KMTS,"KESTRA MEDICAL TECHNOLOGIES, LTD.",3841,4-NON,10-Q,20260131,Y
1877322,ESAB,ESAB CORP,3569,1-LAF,10-K,20251231,Y
1877461,CBDW,1606 CORP.,7372,4-NON,10-K,20251231,Y
1877787,ZGN,ERMENEGILDO ZEGNA N.V.,2300,1-LAF,20-F,20251231,Y
1877939,CTM,"CASTELLUM, INC.",8742,4-NON,10-K,20251231,Y
1878313,MAIA,"MAIA BIOTECHNOLOGY, INC.",2834,4-NON,10-K,20251231,Y
1878379,,"USA OPPORTUNITY INCOME ONE, INC.",6162,4-NON,10-K,20251231,N
1878848,IREN,IREN LTD,6199,1-LAF,10-Q,20251231,Y
1878897,DOUG,DOUGLAS ELLIMAN INC.,6531,2-ACC,10-K,20251231,Y
1879001,,VERSES AI INC.,7370,4-NON,10-Q,20251231,N
1879016,IE,IVANHOE ELECTRIC INC.,1000,1-LAF,10-K,20251231,Y
1879270,TCRG,CANNAISSEUR GROUP INC.,2833,4-NON,10-K,20251231,Y
1879814,,TLGY ACQUISITION CORP,2821,4-NON,10-K,20251231,N
1880319,PRM,"PERIMETER SOLUTIONS, INC.",2800,1-LAF,10-K,20251231,Y
1880438,ANTX,"AN2 THERAPEUTICS, INC.",2834,4-NON,10-K,20251231,Y
1880613,DRCT,"DIRECT DIGITAL HOLDINGS, INC.",7310,4-NON,10-K,20251231,Y
1880661,TPG,TPG INC.,6282,1-LAF,10-K,20251231,Y
1881487,ACDC,PROFRAC HOLDING CORP.,1389,2-ACC,10-K,20251231,Y
1881592,NSTS,"NSTS BANCORP, INC.",6035,4-NON,10-K,20251231,Y
1881741,,AROGO CAPITAL ACQUISITION CORP.,7372,4-NON,10-Q,20250331,N
1882198,ATEK,ATHENA TECHNOLOGY ACQUISITION CORP. II,4955,4-NON,10-K,20251231,Y
1882464,MSSAF,METAL SKY STAR ACQUISITION CORP,6770,4-NON,10-K,20251231,Y
1882781,CBLO,"C2 BLOCKCHAIN, INC.",6199,4-NON,10-Q,20251231,Y
1882850,,"APOLLO REALTY INCOME SOLUTIONS, INC.",6798,4-NON,10-K,20251231,N
1883085,PGY,PAGAYA TECHNOLOGIES LTD.,6199,1-LAF,10-K,20251231,Y
1883313,SVV,"SAVERS VALUE VILLAGE, INC.",5900,2-ACC,10-K,20251231,Y
1883685,DKNG,DRAFTKINGS INC.,7990,1-LAF,10-K,20251231,Y
1883814,SLND,"SOUTHLAND HOLDINGS, INC.",1600,4-NON,10-K,20251231,Y
1883835,ESGH,ESG INC.,0100,4-NON,10-K,20251231,Y
1884046,SPKL,SPARK I ACQUISITION CORP,6770,4-NON,10-K,20251231,Y
1884164,KWIK,"KWIKCLICK, INC.",7374,4-NON,10-K,20251231,Y
1884516,DTI,DRILLING TOOLS INTERNATIONAL CORP,3533,4-NON,10-K,20251231,Y
1885522,NMRA,"NEUMORA THERAPEUTICS, INC.",2836,4-NON,10-K,20251231,Y
1885968,,T SERIES MIDDLE MARKET LOAN FUND LLC,,4-NON,10-K,20251231,N
1886190,GGR,GOGORO INC.,3711,2-ACC,20-F,20251231,Y
1886362,MGAM,"MOBILE GLOBAL ESPORTS, INC.",7900,4-NON,10-K,20251231,Y
1886428,SLDE,"SLIDE INSURANCE HOLDINGS, INC.",6331,4-NON,10-K,20251231,Y
1886894,SNAL,"SNAIL, INC.",7372,4-NON,10-K,20251231,Y
1887673,WLDS,WEARABLE DEVICES LTD.,3576,4-NON,20-F,20251231,Y
1887912,,WELSIS CORP.,8000,4-NON,10-K,20250930,N
1887944,SHIM,SHIMMICK CORP,1600,4-NON,10-K,20251231,Y
1888447,EE,"EXCELERATE ENERGY, INC.",4924,1-LAF,10-K,20251231,Y
1888654,FEAM,"5E ADVANCED MATERIALS, INC.",1400,4-NON,10-Q,20251231,Y
1888740,LSEB,LSEB CREATIVE CORP.,2320,4-NON,10-Q,20251231,Y
1888886,GPCR,STRUCTURE THERAPEUTICS INC.,2834,1-LAF,10-K,20251231,Y
1889109,BLTE,"BELITE BIO, INC",2834,1-LAF,20-F,20251231,Y
1889112,RENEF,CARTESIAN GROWTH CORP II,6770,4-NON,10-K,20251231,Y
1889123,FLD,"FOLD HOLDINGS, INC.",6199,4-NON,10-K,20251231,Y
1889539,CRBG,"COREBRIDGE FINANCIAL, INC.",6311,1-LAF,10-K,20251231,Y
1889956,,"ONESTREAM, INC.",7372,1-LAF,10-K,20251231,N
1889983,KVAC,KEEN VISION ACQUISITION CORP.,6770,4-NON,10-K,20251231,Y
1890107,,FIRST EAGLE PRIVATE CREDIT FUND,,4-NON,10-K,20251231,N
1890361,ASPC,ASPAC III ACQUISITION CORP.,6770,4-NON,10-K,20251231,Y
1891027,MNTN,"MNTN, INC.",7310,4-NON,10-K,20251231,Y
1891101,BRCC,BRC INC.,2080,2-ACC,10-K,20251231,Y
1891856,GENK,"GEN RESTAURANT GROUP, INC.",5812,4-NON,10-K,20251231,Y
1892274,GV,VISIONARY HOLDINGS INC.,8200,4-NON,20-F,20250331,Y
1892292,MSS,MAISON SOLUTIONS INC.,5411,4-NON,10-Q,20260131,Y
1892316,LDDD,LONGDUODUO CO LTD,8000,4-NON,10-Q,20251231,Y
1892322,HTCR,"HEARTCORE ENTERPRISES, INC.",7374,4-NON,10-K,20251231,Y
1892500,CMND,CLEARMIND MEDICINE INC.,2834,4-NON,20-F,20251031,Y
1892747,VMCAF,VALUENCE MERGER CORP. I,6770,4-NON,10-K,20251231,Y
1893262,,"J.P. MORGAN REAL ESTATE INCOME TRUST, INC.",6798,4-NON,10-K,20251231,N
1893645,PLRZ,POLYRIZON LTD.,3841,4-NON,20-F,20251231,Y
1893657,RLEA,RUBBER LEAF INC,3714,4-NON,10-K,20251231,Y
1893899,WAMFF,ALASKA SILVER CORP.,1040,4-NON,10-K,20251231,Y
1894562,PRME,"PRIME MEDICINE, INC.",2836,4-NON,10-K,20251231,Y
1894693,SVRE,SAVERONE 2014 LTD.,7371,4-NON,20-F,20251231,Y
1894954,XPON,EXPION360 INC.,3690,4-NON,10-K,20251231,Y
1895262,NE,NOBLE CORP PLC,1381,1-LAF,10-K,20251231,Y
1895316,,BRIGHTWOOD CAPITAL CORP I,,4-NON,10-K,20251231,N
1895582,,"PERSHING SQUARE SPARC HOLDINGS, LTD./DE",6770,4-NON,10-K,20251231,N
1895618,GXAI,GAXOS.AI INC.,7372,4-NON,10-K,20251231,Y
1895939,,TANICO INC.,7371,4-NON,10-Q,20251231,N
1896677,GSOL,GRAYSCALE SOLANA STAKING ETF,6221,4-NON,10-K,20251231,Y
1897245,HWH,HWH INTERNATIONAL INC.,5122,4-NON,10-K,20251231,Y
1897532,PASW,"PING AN BIOMEDICAL CO., LTD.",2300,4-NON,20-F,20250930,Y
1897762,INGM,INGRAM MICRO HOLDING CORP,5045,2-ACC,10-K,20251231,Y
1898416,ALVO,ALVOTECH,2836,1-LAF,20-F,20251231,Y
1898496,GETY,"GETTY IMAGES HOLDINGS, INC.",7389,2-ACC,10-K,20251231,Y
1898643,MOB,MOBILICOM LTD,3721,4-NON,20-F,20251231,Y
1898766,TPET,TRIO PETROLEUM CORP,1311,4-NON,10-Q,20260131,Y
1898795,LVWR,"LIVEWIRE GROUP, INC.",3751,2-ACC,10-K,20251231,Y
1899005,BMR,BEAMR IMAGING LTD.,7372,4-NON,20-F,20251231,Y
1899017,,BAIN CAPITAL PRIVATE CREDIT,,4-NON,10-K,20251231,N
1899287,AMPX,"AMPRIUS TECHNOLOGIES, INC.",3690,4-NON,10-K,20251231,Y
1899830,PERF,PERFECT CORP.,7372,2-ACC,20-F,20251231,Y
1899883,FIP,FTAI INFRASTRUCTURE INC.,4011,1-LAF,10-K,20251231,Y
1899996,,FIDELITY PRIVATE CREDIT CO LLC,,4-NON,10-K,20251231,N
1900304,HLN,HALEON PLC,2844,1-LAF,20-F,20251231,Y
1900679,TETEF,TECHNOLOGY & TELECOMMUNICATION ACQUISITION CORP,7389,4-NON,10-K,20251130,Y
1900720,EPWKF,EPWK HOLDINGS LTD.,7389,4-NON,20-F,20250630,Y
1901037,,STELLUS PRIVATE CREDIT BDC,,4-NON,10-K,20251231,N
1901164,,T. ROWE PRICE OHA SELECT PRIVATE CREDIT FUND,,4-NON,10-K,20251231,N
1901215,BNRG,BRENMILLER ENERGY LTD.,3433,4-NON,20-F,20251231,Y
1901279,NYAX,NAYAX LTD.,7372,1-LAF,20-F,20251231,Y
1901440,ULS,UL SOLUTIONS INC.,8734,1-LAF,10-K,20251231,Y
1901606,,GOLUB CAPITAL DIRECT LENDING UNLEVERED CORP,,4-NON,10-Q,20251231,N
1901612,,"GOLUB CAPITAL BDC 4, INC.",,4-NON,10-Q,20251231,N
1901637,USCB,"USCB FINANCIAL HOLDINGS, INC.",6022,2-ACC,10-K,20251231,Y
1901799,BTMCQ,BITCOIN DEPOT INC.,6199,2-ACC,10-K,20251231,Y
1902314,MPTI,"M-TRON INDUSTRIES, INC.",3679,4-NON,10-K,20251231,Y
1902649,,BLACKROCK PRIVATE CREDIT FUND,,4-NON,10-K,20251231,N
1902733,NCNO,"NCINO, INC.",7372,1-LAF,10-K,20260131,Y
1903382,BHM,"BLUEROCK HOMES TRUST, INC.",6798,4-NON,10-K,20251231,Y
1903508,PPHC,"PUBLIC POLICY HOLDING COMPANY, INC.",8742,4-NON,10-K,20251231,Y
1903595,HODO,"BRAG HOUSE HOLDINGS, INC.",6199,4-NON,10-K,20251231,Y
1904286,MIRA,"MIRA PHARMACEUTICALS, INC.",2834,4-NON,10-K,20251231,Y
1904856,EFXT,ENERFLEX LTD.,3560,,40-F,20251231,Y
1905824,,PIMCO CAPITAL SOLUTIONS BDC CORP.,,4-NON,10-K,20251231,N
1905956,TGL,TREASURE GLOBAL INC,7389,4-NON,10-Q,20251231,Y
1906324,QDEL,QUIDELORTHO CORP,2835,1-LAF,10-K,20251231,Y
1906364,BXBL,FG MERGER II CORP.,6770,4-NON,10-K,20251231,Y
1907085,ODD,ODDITY TECH LTD,2844,1-LAF,20-F,20251231,Y
1907108,LXEO,"LEXEO THERAPEUTICS, INC.",2836,4-NON,10-K,20251231,Y
1907184,ELBM,ELECTRA BATTERY MATERIALS CORP,1400,4-NON,20-F,20251231,Y
1907909,VOXR,VOX ROYALTY CORP.,1040,,40-F,20251231,Y
1907982,QBTS,D-WAVE QUANTUM INC.,7374,4-NON,10-K,20251231,Y
1909747,JUSHF,JUSHI HOLDINGS INC.,2833,4-NON,10-K,20251231,Y
1910139,MBLY,MOBILEYE GLOBAL INC.,7372,1-LAF,10-K,20251231,Y
1911066,,NUVEEN CHURCHILL PRIVATE CAPITAL INCOME FUND,,4-NON,10-K,20251231,N
1911321,,KENNEDY LEWIS CAPITAL CO,,4-NON,10-K,20251231,N
1911467,CRCE,"CIRCLE ENERGY, INC./NV",1311,4-NON,10-K,20251231,Y
1912540,,SOUND CAVE TECHNOLOGY INC.,2390,4-NON,10-Q,20250930,N
1912966,RGNT,REGENTIS BIOMATERIALS LTD.,3842,4-NON,20-F,20251231,Y
1913577,SMNR,"SEMNUR PHARMACEUTICALS, INC.",2834,4-NON,10-K,20251231,Y
1913724,,TPG TWIN BROOK CAPITAL INCOME FUND,,4-NON,10-K,20251231,N
1913749,GMM,GLOBAL MOFY AI LTD,7370,4-NON,20-F,20250930,Y
1913971,BPRN,"PRINCETON BANCORP, INC.",6022,2-ACC,10-K,20251231,Y
1914496,,"SCULPTOR DIVERSIFIED REAL ESTATE INCOME TRUST, INC.",6798,4-NON,10-K,20251231,N
1914605,ECBK,"ECB BANCORP, INC. /MD/",6036,4-NON,10-K,20251231,Y
1915328,ISRLF,ISRAEL ACQUISITIONS CORP,6770,4-NON,10-K,20251231,Y
1915380,,"DMY SQUARED TECHNOLOGY GROUP, INC.",6770,4-NON,10-K,20251231,N
1915657,DINO,HF SINCLAIR CORP,4610,1-LAF,10-K,20251231,Y
1916099,,DIAMETER CREDIT CO,,4-NON,10-K,20251231,N
1916241,PRZO,PARAZERO TECHNOLOGIES LTD.,3728,4-NON,20-F,20251231,Y
1916416,INTJ,INTELLIGENT GROUP LTD,8742,4-NON,20-F,20251130,Y
1916608,,TCW STAR DIRECT LENDING LLC,,4-NON,10-K,20251231,N
1916879,,"VECTOR 21 HOLDINGS, INC.",6770,4-NON,10-K,20250630,N
1918080,DBHL,"DEEP ISOLATION NUCLEAR, INC.",4953,4-NON,10-K,20251231,Y
1918414,NBRG,NEWBRIDGE ACQUISITION LTD,6770,4-NON,10-K,20251231,Y
1918712,,ARES STRATEGIC INCOME FUND,,4-NON,10-K,20251231,N
1919182,UTKN,UNIVERSAL TOKEN,6199,4-NON,10-K,20251231,Y
1919246,PTHS,PELTHOS THERAPEUTICS INC.,2836,4-NON,10-K,20251231,Y
1919369,,VISTA CREDIT STRATEGIC LENDING CORP.,,4-NON,10-K,20251231,N
1920145,,GOLDMAN SACHS PRIVATE CREDIT CORP.,,4-NON,10-K,20251231,N
1920294,RZLV,REZOLVE AI PLC,7370,4-NON,20-F,20251231,Y
1920406,ASST,"STRIVE, INC.",6199,4-NON,10-K,20251231,Y
1920453,,FIDELITY PRIVATE CREDIT FUND,,4-NON,10-K,20251231,N
1921963,ATMU,ATMUS FILTRATION TECHNOLOGIES INC.,3714,1-LAF,10-K,20251231,Y
1922335,SYRA,SYRA HEALTH CORP,7361,4-NON,10-K,20251231,Y
1922446,DEC,DIVERSIFIED ENERGY CO,1311,1-LAF,10-K,20251231,Y
1922641,ENLT,ENLIGHT RENEWABLE ENERGY LTD.,4911,1-LAF,20-F,20251231,Y
1923622,PGIM,PGIM PRIVATE CREDIT FUND,,4-NON,10-K,20251231,Y
1923891,NNE,NANO NUCLEAR ENERGY INC.,4911,4-NON,10-Q,20251231,Y
1925309,,SIXTH STREET LENDING PARTNERS,,4-NON,10-K,20251231,N
1925531,,"NEW MOUNTAIN GUARDIAN IV BDC, L.L.C.",,4-NON,10-K,20251231,N
1926599,TDAC,TRANSLATIONAL DEVELOPMENT ACQUISITION CORP.,6770,4-NON,10-K,20251231,Y
1926792,SFHG,SAMFINE CREATION HOLDINGS GROUP LTD,2750,4-NON,20-F,20251231,Y
1927578,NTCL,NETCLASS TECHNOLOGY INC,7372,4-NON,20-F,20250930,Y
1927719,CRGO,FREIGHTOS LTD,4731,4-NON,20-F,20251231,Y
1927958,AIRO,"AIRO GROUP HOLDINGS, INC.",3721,4-NON,10-K,20251231,Y
1928340,GDHG,GOLDEN HEAVEN GROUP HOLDINGS LTD.,7990,4-NON,20-F,20250930,Y
1928446,GRNT,"GRANITE RIDGE RESOURCES, INC.",1311,2-ACC,10-K,20251231,Y
1928948,HTCO,HIGH-TREND INTERNATIONAL GROUP,4412,4-NON,20-F,20251031,Y
1929017,,"SEALY INDUSTRIAL PARTNERS IV, LP",6500,4-NON,10-K,20251231,N
1929561,RXO,"RXO, INC.",4700,1-LAF,10-K,20251231,Y
1929783,WOK,WORK MEDICAL TECHNOLOGY GROUP LTD,3841,4-NON,20-F,20250930,Y
1930021,HOVR,NEW HORIZON AIRCRAFT LTD.,3721,4-NON,10-Q,20251130,Y
1930054,,BLACKSTONE PRIVATE EQUITY STRATEGIES FUND L.P.,,4-NON,10-K,20251231,N
1930087,,GOLUB CAPITAL PRIVATE CREDIT FUND,,4-NON,10-Q,20251231,N
1930313,SBC,SBC MEDICAL GROUP HOLDINGS INC,8011,4-NON,10-K,20251231,Y
1930679,,KKR FS INCOME TRUST,,4-NON,10-K,20251231,N
1931055,MDNC,MEDINOTEC INC.,3841,4-NON,10-Q,20251130,Y
1932213,BCCG,BLUE CHIP CAPITAL GROUP INC.,6199,4-NON,10-Q,20251130,Y
1932393,GEHC,GE HEALTHCARE TECHNOLOGIES INC.,3844,1-LAF,10-K,20251231,Y
1932591,,SLR PRIVATE CREDIT BDC II LLC,,4-NON,10-K,20251231,N
1933359,NTCS,NATICS CORP.,7374,4-NON,10-Q,20260131,Y
1933414,MLYS,"MINERALYS THERAPEUTICS, INC.",2834,4-NON,10-K,20251231,Y
1933567,NRXS,"NEURAXIS, INC",3845,4-NON,10-K,20251231,Y
1934245,NWTG,"NEWTON GOLF COMPANY, INC.",3949,4-NON,10-K,20251231,Y
1934642,MDBH,"MDB CAPITAL HOLDINGS, LLC",6199,4-NON,10-K,20251231,Y
1934850,FG,"F&G ANNUITIES & LIFE, INC.",6311,2-ACC,10-K,20251231,Y
1934945,,TRAILBLAZER MERGER CORP I,6770,4-NON,10-K,20251231,N
1935033,KMFG,KEEMO FASHION GROUP LTD,5130,4-NON,10-Q,20260131,Y
1935799,,"BALLY'S CHICAGO, INC.",7011,4-NON,10-K,20251231,N
1935979,BHVN,BIOHAVEN LTD.,2834,1-LAF,10-K,20251231,Y
1936224,SRFM,SURF AIR MOBILITY INC.,4522,4-NON,10-K,20251231,Y
1936258,NAMS,NEWAMSTERDAM PHARMA CO N.V.,2834,1-LAF,10-K,20251231,Y
1936756,,"NEXT BRIDGE HYDROCARBONS, INC.",1311,4-NON,10-Q,20250930,N
1937653,ZYME,ZYMEWORKS INC.,2834,4-NON,10-K,20251231,Y
1937926,BAM,BROOKFIELD ASSET MANAGEMENT LTD.,6282,1-LAF,10-K,20251231,Y
1937987,FBYD,"FALCON'S BEYOND GLOBAL, INC.",7990,4-NON,10-K,20251231,Y
1937993,CVKD,"CADRENAL THERAPEUTICS, INC.",2834,4-NON,10-K,20251231,Y
1938109,PAPL,PINEAPPLE FINANCIAL INC.,6199,4-NON,10-Q,20251130,Y
1938338,GLTK,GLOBALTECH CORP,4813,4-NON,10-K,20251231,Y
1938569,PALX,PALOMINO LABORATORIES INC.,6770,4-NON,10-K,20251231,Y
1938570,,UNITE ACQUISITION 2 CORP.,6770,4-NON,10-K,20251231,N
1938649,,"PARTNERS GROUP LENDING FUND, LLC",,4-NON,10-K,20251231,N
1939433,,"COHEN & STEERS INCOME OPPORTUNITIES REIT, INC.",6798,4-NON,10-K,20251231,N
1939937,LMMY,"EXOUSIA BIO, INC.",8200,4-NON,10-Q,20251130,Y
1940177,PODC,"PODCASTONE, INC.",7370,4-NON,10-Q,20251231,Y
1940674,SMX,SMX (SECURITY MATTERS) PUBLIC LTD CO,3590,4-NON,20-F,20251231,Y
1941029,ADVB,ADVANCED BIOMED INC.,8071,4-NON,10-Q,20251231,Y
1941365,MBC,"MASTERBRAND, INC.",2511,1-LAF,10-K,20251231,Y
1941536,BAER,"BRIDGER AEROSPACE GROUP HOLDINGS, INC.",7389,4-NON,10-K,20251231,Y
1942722,,"BGO INDUSTRIAL REAL ESTATE INCOME TRUST, INC.",6798,4-NON,10-K,20251231,N
1943289,SVCO,"SILVACO GROUP, INC.",7372,4-NON,10-K,20251231,Y
1943421,RUBI,RUBICO INC.,4400,4-NON,20-F,20251231,Y
1943802,FSEA,"FIRST SEACOAST BANCORP, INC.",6035,4-NON,10-K,20251231,Y
1943896,RBRK,"RUBRIK, INC.",7372,1-LAF,10-K,20260131,Y
1944013,CR,CRANE CO,3490,1-LAF,10-K,20251231,Y
1944048,KVUE,KENVUE INC.,2844,1-LAF,10-K,20251231,Y
1944366,,BLUE OWL REAL ESTATE NET LEASE TRUST,6500,4-NON,10-K,20251231,N
1944558,VTS,"VITESSE ENERGY, INC.",1311,2-ACC,10-K,20251231,Y
1944831,,WILLOW TREE CAPITAL CORP,,4-NON,10-K,20251231,N
1945422,,OAK WOODS ACQUISITION CORP,8090,4-NON,10-Q,20250630,N
1946563,SXTP,"60 DEGREES PHARMACEUTICALS, INC.",2834,4-NON,10-K,20251231,Y
1946573,NAKA,NAKAMOTO INC.,6199,4-NON,10-K,20251231,Y
1946997,,"EQT EXETER REAL ESTATE INCOME TRUST, INC.",6798,4-NON,10-K,20251231,N
1947016,FJET,"STARFIGHTERS SPACE, INC.",4512,4-NON,10-Q,20250930,Y
1947210,ROLR,"HIGH ROLLER TECHNOLOGIES, INC.",7900,4-NON,10-K,20251231,Y
1947244,USGO,U.S. GOLDMINING INC.,1040,4-NON,10-K,20251231,Y
1948056,,KKR INFRASTRUCTURE CONGLOMERATE LLC,6799,4-NON,10-K,20251231,N
1948368,,PHILLIP STREET MIDDLE MARKET LENDING FUND LLC,,4-NON,10-K,20251231,N
1948455,ISPR,ISPIRE TECHNOLOGY INC.,2111,2-ACC,10-Q,20251231,Y
1948864,HCWC,HEALTHY CHOICE WELLNESS CORP.,5411,4-NON,10-K,20251231,Y
1949864,MGNC,MAG MAGNA CORP,0700,4-NON,10-Q,20260131,Y
1950572,,BIP VENTURES EVERGREEN BDC,,4-NON,10-K,20251231,N
1950803,,STEPSTONE PRIVATE CREDIT FUND LLC,,4-NON,10-K,20251231,N
1950976,,"26NORTH BDC, INC.",,4-NON,10-K,20251231,N
1951070,MH,"MCGRAW HILL, INC.",2741,4-NON,10-Q,20251231,Y
1951222,LAES,SEALSQ CORP,3674,4-NON,20-F,20251231,Y
1951276,SRBK,"SR BANCORP, INC.",6036,4-NON,10-Q,20251231,Y
1951667,CTNT,CHEETAH NET SUPPLY CHAIN SERVICE INC.,5010,4-NON,10-K,20251231,Y
1952073,MSGE,MADISON SQUARE GARDEN ENTERTAINMENT CORP.,7990,1-LAF,10-Q,20251231,Y
1952853,MAMO,MASSIMO GROUP,3790,4-NON,10-K,20251231,Y
1952976,NLOP,NET LEASE OFFICE PROPERTIES,6798,2-ACC,10-K,20251231,Y
1953366,STHO,STAR HOLDINGS,6519,2-ACC,10-K,20251231,Y
1953530,OCS,OCULIS HOLDING AG,2834,1-LAF,20-F,20251231,Y
1953575,CNL,COLLECTIVE MINING LTD.,1040,,40-F,20251231,Y
1953926,ZBIO,"ZENAS BIOPHARMA, INC.",2834,4-NON,10-K,20251231,Y
1953984,BCG,"BINAH CAPITAL GROUP, INC.",6199,4-NON,10-K,20251231,Y
1953988,HLEO,HELIO CORP /FL/,3760,4-NON,10-Q,20260131,Y
1954360,,CRESCENT PRIVATE CREDIT INCOME CORP,,4-NON,10-K,20251231,N
1955010,,OHA SENIOR PRIVATE LENDING FUND (U) LLC,,4-NON,10-K,20251231,N
1955520,KNF,KNIFE RIVER CORP,1400,1-LAF,10-K,20251231,Y
1956439,ENHA,APARADISE ACQUISITION CORP.,7990,4-NON,10-K,20251231,Y
1956648,NOEM,CO2 ENERGY TRANSITION CORP.,6770,4-NON,10-K,20251231,Y
1956741,ZONE,"CLEANCORE SOLUTIONS, INC.",2842,4-NON,10-Q,20251231,Y
1956744,TRON,TRON INC.,6199,4-NON,10-K,20251231,Y
1956827,ABVX,ABIVAX S.A.,2834,2-ACC,20-F,20251231,Y
1956955,UMAC,"UNUSUAL MACHINES, INC.",3663,4-NON,10-K,20251231,Y
1957132,SN,"SHARKNINJA, INC.",3630,1-LAF,10-K,20251231,Y
1957845,,KKR PRIVATE EQUITY CONGLOMERATE LLC,6199,4-NON,10-K,20251231,N
1958086,CLB,CORE LABORATORIES INC. /DE/,1389,1-LAF,10-K,20251231,Y
1958133,DXST,DECENT HOLDING INC.,4950,4-NON,20-F,20251031,Y
1958140,BATRA,"ATLANTA BRAVES HOLDINGS, INC.",7900,1-LAF,10-K,20251231,Y
1958217,LZM,LIFEZONE METALS LTD,1000,2-ACC,20-F,20251231,Y
1958777,FBLG,"FIBROBIOLOGICS, INC.",2834,4-NON,10-K,20251231,Y
1958928,CTWO,COTWO ADVISORS PHYSICAL EUROPEAN CARBON ALLOWANCE TRUST,6199,4-NON,10-K,20251130,Y
1959455,HSHP,HIMALAYA SHIPPING LTD.,4412,2-ACC,20-F,20251231,Y
1959568,,"SENIOR CREDIT INVESTMENTS, LLC",,4-NON,10-K,20251231,N
1959585,,PROTOPIA GLOBAL HOLDINGS INC.,8742,4-NON,10-Q,20251231,N
1959604,,JEFFERIES CREDIT PARTNERS BDC INC.,,4-NON,10-K,20251231,N
1959726,AZI,AUTOZI INTERNET TECHNOLOGY (GLOBAL) LTD.,7500,4-NON,20-F,20250930,Y
1959961,,"IPC ALTERNATIVE REAL ESTATE INCOME TRUST, INC.",6798,4-NON,10-K,20251231,N
1960262,LUDG,"LUDWIG ENTERPRISES, INC.",8071,4-NON,10-K,20251231,Y
1960847,TOPP,TOPPOINT HOLDINGS INC.,4210,4-NON,10-K,20251231,Y
1961847,INHD,INNO HOLDINGS INC.,3317,4-NON,10-Q,20251231,Y
1962011,KAPA,"KAIROS PHARMA, LTD.",2834,4-NON,10-K,20251231,Y
1962481,BOF,BRANCHOUT FOOD INC.,2000,4-NON,10-K,20251231,Y
1963088,ATCH,"ATLASCLEAR HOLDINGS, INC.",6199,4-NON,10-Q,20251231,Y
1963685,RR,RICHTECH ROBOTICS INC.,3569,4-NON,10-K,20250930,Y
1964333,BHRB,BURKE & HERBERT FINANCIAL SERVICES CORP.,6021,1-LAF,10-K,20251231,Y
1964504,ARIS,ARIS MINING CORP,1040,,40-F,20251231,Y
1964738,SOLV,SOLVENTUM CORP,3841,1-LAF,10-K,20251231,Y
1964789,HUT,HUT 8 CORP.,6199,1-LAF,10-K,20251231,Y
1964946,YAAS,YOUXIN TECHNOLOGY LTD,7372,4-NON,20-F,20250930,Y
1964954,ECO,OKEANIS ECO TANKERS CORP.,4412,2-ACC,20-F,20251231,Y
1964979,ALUR,"ALLURION TECHNOLOGIES, INC.",3841,4-NON,10-K,20251231,Y
1965040,FTRE,FORTREA HOLDINGS INC.,8071,2-ACC,10-K,20251231,Y
1965052,MGTE,MARBLEGATE CAPITAL CORP,6199,4-NON,10-K,20251231,Y
1965934,,OVERLAND ADVANTAGE,,4-NON,10-K,20251231,N
1966287,GFR,GREENFIRE RESOURCES LTD.,1311,4-NON,40-F,20251231,Y
1966394,,FORTRESS NET LEASE REIT,6798,4-NON,10-K,20251231,N
1966750,ZBAO,ZHIBAO TECHNOLOGY INC.,6411,4-NON,20-F,20250630,Y
1966983,LAC,LITHIUM AMERICAS CORP.,1000,4-NON,10-K,20251231,Y
1967306,MSBB,"MERCER BANCORP, INC.",6036,4-NON,10-Q,20251231,Y
1967621,ATGL,ALPHA TECHNOLOGY GROUP LTD,7371,4-NON,20-F,20250930,Y
1967649,VSTS,VESTIS CORP,5190,1-LAF,10-Q,20251231,Y
1967656,PFSB,"PFS BANCORP, INC.",6036,4-NON,10-K,20251231,Y
1967680,VLTO,VERALTO CORP,3825,1-LAF,10-K,20251231,Y
1967822,CGTL,CREATIVE GLOBAL TECHNOLOGY HOLDINGS LTD,5045,4-NON,20-F,20250930,Y
1968043,NCEW,NEW CENTURY LOGISTICS (BVI) LTD,4731,4-NON,20-F,20250930,Y
1968487,WS,"WORTHINGTON STEEL, INC.",3310,1-LAF,10-Q,20251130,Y
1968915,PHIN,PHINIA INC.,3714,1-LAF,10-K,20251231,Y
1969373,VTMX,"VESTA REAL ESTATE CORPORATION, S.A.B. DE C.V.",6500,1-LAF,20-F,20251231,Y
1969401,UZX,LINKAGE GLOBAL INC,5961,4-NON,20-F,20250930,Y
1969475,,BAYVIEW ACQUISITION CORP,6770,4-NON,10-K,20251231,N
1969863,SUGP,SU GROUP HOLDINGS LTD,7381,4-NON,20-F,20250930,Y
1970509,,HAYMAKER ACQUISITION CORP. 4,6770,4-NON,10-K,20251231,N
1970544,ITOC,ITONIC HOLDINGS LTD,3845,4-NON,20-F,20251231,Y
1970622,USAR,"USA RARE EARTH, INC.",1000,4-NON,10-K,20251231,Y
1971213,SBGI,"SINCLAIR, INC.",4833,2-ACC,10-K,20251231,Y
1971381,,APOLLO INFRASTRUCTURE CO LLC,4900,4-NON,10-K,20251231,N
1971387,LIMN,"LIMINATUS PHARMA, INC.",2836,4-NON,10-K,20251231,Y
1971532,TELO,"TELOMIR PHARMACEUTICALS, INC.",2834,4-NON,10-K,20251231,Y
1972234,VHUB,"VENHUB GLOBAL, INC.",3590,4-NON,10-K,20251231,Y
1972529,BTOC,ARMLOGI HOLDING CORP.,4220,4-NON,10-Q,20251231,Y
1973056,,BOWEN ACQUISITION CORP,2840,4-NON,10-Q,20250930,N
1973266,TKO,"TKO GROUP HOLDINGS, INC.",7900,1-LAF,10-K,20251231,Y
1973476,,NORTH HAVEN PRIVATE INCOME FUND A LLC,,4-NON,10-K,20251231,N
1973832,AU,ANGLOGOLD ASHANTI PLC,1040,1-LAF,20-F,20251231,Y
1974138,NATL,NCR ATLEOS CORP,3578,1-LAF,10-K,20251231,Y
1974395,,FIGURE CERTIFICATE CO,,4-NON,10-K,20251231,N
1974640,APGE,"APOGEE THERAPEUTICS, INC.",2836,1-LAF,10-K,20251231,Y
1974793,,"OAKTREE GARDENS OLP, LLC",,4-NON,10-Q,20251231,N
1975736,,KKR FS INCOME TRUST SELECT,,4-NON,10-K,20251231,N
1976336,,ANTARES PRIVATE CREDIT FUND,,4-NON,10-K,20251231,N
1976663,NXNT,"NEXSCIENT, INC.",7372,4-NON,10-Q,20251231,Y
1976719,,"NEW MOUNTAIN GUARDIAN IV INCOME FUND, L.L.C.",,4-NON,10-K,20251231,N
1976900,,DFP HOLDINGS LTD,8200,4-NON,10-Q,20251231,N
1976927,,"INVESCO COMMERCIAL REAL ESTATE FINANCE TRUST, INC.",6798,4-NON,10-K,20251231,N
1977837,USDW,MADE IN USA INC.,7374,4-NON,10-Q,20251130,Y
1978111,NPLY,NAPLOY CORP.,8000,4-NON,10-Q,20260131,Y
1978527,GVH,GLOBAVEND HOLDINGS LTD,4731,4-NON,20-F,20250930,Y
1978811,GOVB,"GOUVERNEUR BANCORP, INC./MD/",6036,4-NON,10-Q,20251231,Y
1978867,CDLR,CADELER A/S,4412,1-LAF,20-F,20251231,Y
1979306,,"ANDALUSIAN CREDIT COMPANY, LLC",,4-NON,10-K,20251231,N
1979330,NBBK,"NB BANCORP, INC.",6036,2-ACC,10-K,20251231,Y
1979332,CPBI,"CENTRAL PLAINS BANCSHARES, INC.",6035,4-NON,10-Q,20251231,Y
1979414,NTHI,"NEONC TECHNOLOGIES HOLDINGS, INC.",2834,4-NON,10-K,20251231,Y
1979610,WXM,WF INTERNATIONAL LTD.,1700,4-NON,20-F,20250930,Y
1980088,MNR,MACH NATURAL RESOURCES LP,1311,2-ACC,10-K,20251231,Y
1980845,ENGN,ENGENE HOLDINGS INC.,2836,4-NON,10-Q,20260131,Y
1980994,IBIT,ISHARES BITCOIN TRUST ETF,6221,1-LAF,10-K,20251231,Y
1981535,SBET,"SHARPLINK, INC.",6199,4-NON,10-K,20251231,Y
1981546,CBK,"COMMERCIAL BANCGROUP, INC.",6022,4-NON,10-K,20251231,Y
1981599,CTRI,"CENTURI HOLDINGS, INC.",4923,1-LAF,10-K,20251231,Y
1981662,NIVF,NEWGENIVF GROUP LTD,8090,4-NON,20-F,20251231,Y
1981792,HHH,HOWARD HUGHES HOLDINGS INC.,6798,1-LAF,10-K,20251231,Y
1982518,SDHC,SMITH DOUGLAS HOMES CORP.,1531,2-ACC,10-K,20251231,Y
1982701,,AB PRIVATE LENDING FUND,,4-NON,10-K,20251231,N
1982961,EGG,ENIGMATIG LTD,8742,4-NON,20-F,20250930,Y
1983514,,LGAM PRIVATE CREDIT LLC,,4-NON,10-K,20251231,N
1983736,GOAI,EVA LIVE INC,7370,4-NON,10-K,20251231,Y
1984060,AESI,ATLAS ENERGY SOLUTIONS INC.,1311,1-LAF,10-K,20251231,Y
1984086,SEPN,"SEPTERNA, INC.",2834,4-NON,10-K,20251231,Y
1985139,LSE,"LEISHEN ENERGY HOLDING CO., LTD.",3533,4-NON,20-F,20250930,Y
1985375,,"MUZINICH CORPORATE LENDING INCOME FUND, INC.",,4-NON,10-K,20251231,N
1985487,KSPI,JOINT STOCK CO KASPI.KZ,7389,1-LAF,20-F,20251231,Y
1985554,LDXC,LONDAX CORP.,7371,4-NON,10-Q,20251130,Y
1985840,DEFI,HASHDEX COMMODITIES TRUST,6221,4-NON,10-K,20251231,Y
1986247,BYAH,"PARK HA BIOLOGICAL TECHNOLOGY CO., LTD.",2840,4-NON,20-F,20251031,Y
1986395,,STARWOOD CREDIT REAL ESTATE INCOME TRUST,6798,4-NON,10-K,20251231,N
1986817,GTEN,"GORES HOLDINGS X, INC. / CI",6770,4-NON,10-K,20251231,Y
1987221,,JOHN HANCOCK COMVEST PRIVATE INCOME FUND,,4-NON,10-K,20251231,N
1987240,SHMD,SCHMID GROUP N.V.,3590,4-NON,20-F,20241231,Y
1987731,,"WTI FUND XI, INC.",,4-NON,10-K,20251231,N
1988280,,MANULIFE PRIVATE CREDIT FUND,,4-NON,10-K,20251231,N
1988494,FVR,"FRONTVIEW REIT, INC.",6798,4-NON,10-K,20251231,Y
1988894,AS,"AMER SPORTS, INC.",2300,1-LAF,20-F,20251231,Y
1989788,GAFC,GURU APP FACTORY CORP,7371,4-NON,10-Q,20260131,Y
1989817,,HPS CORPORATE CAPITAL SOLUTIONS FUND,,4-NON,10-K,20251231,N
1990354,WAY,WAYSTAR HOLDING CORP.,7373,1-LAF,10-K,20251231,Y
1990446,GRPS,"TRANS AMERICAN AQUACULTURE, INC",0200,4-NON,10-Q,20250930,Y
1991592,INLF,INLIF LTD,3569,4-NON,20-F,20251231,Y
1991792,CGON,"CG ONCOLOGY, INC.",2836,1-LAF,10-K,20251231,Y
1992243,TE,T1 ENERGY INC.,3674,4-NON,10-K,20251231,Y
1992508,TETH,21SHARES ETHEREUM ETF,6221,4-NON,10-K,20251231,Y
1992818,ZOOZ,ZOOZ STRATEGY LTD.,3590,4-NON,20-F,20251231,Y
1992870,EZBC,FRANKLIN TEMPLETON DIGITAL HOLDINGS TRUST,6221,4-NON,10-Q,20251231,Y
1993004,NWE,"NORTHWESTERN ENERGY GROUP, INC.",4931,1-LAF,10-K,20251231,Y
1993400,FATN,FATPIPE INC/UT,7372,4-NON,10-Q,20251231,Y
1993402,,ANTARES STRATEGIC CREDIT FUND,,4-NON,10-K,20251231,N
1994214,NOMA,NOMADAR CORP.,7900,4-NON,10-K,20251231,Y
1994373,HNIT,HUINENG TECHNOLOGY CORP,7374,4-NON,10-K,20251130,Y
1994582,OYCG,OYOCAR GROUP INC.,5500,4-NON,10-Q,20251130,Y
1994702,KYTX,"KYVERNA THERAPEUTICS, INC.",2836,4-NON,10-K,20251231,Y
1995569,QETH,INVESCO GALAXY ETHEREUM ETF,6221,4-NON,10-K,20251231,Y
1995574,ICON,ICON ENERGY CORP,4412,4-NON,20-F,20251231,Y
1995807,LB,LANDBRIDGE CO LLC,6792,1-LAF,10-K,20251231,Y
1995920,ESMR,E-SMART CORP.,7371,4-NON,10-Q,20251130,Y
1996192,QNME,LAKESIDE HOLDING LTD,4731,4-NON,10-Q,20251231,Y
1996810,GEV,GE VERNOVA INC.,3600,1-LAF,10-K,20251231,Y
1996862,BG,BUNGE GLOBAL SA,2070,1-LAF,10-K,20251231,Y
1997296,MDCX,MEDICUS PHARMA LTD.,2834,4-NON,10-K,20251231,Y
1997350,ARX,ACCELERANT HOLDINGS,6411,4-NON,10-K,20251231,Y
1997377,ISOU,ISOENERGY LTD.,1090,,40-F,20251231,Y
1997464,MRX,MAREX GROUP PLC,6200,1-LAF,20-F,20251231,Y
1997652,TBN,TAMBORAN RESOURCES CORP,1311,4-NON,10-Q,20251231,Y
1997711,LPA,LOGISTIC PROPERTIES OF THE AMERICAS,6500,4-NON,20-F,20251231,Y
1997859,WBTN,WEBTOON ENTERTAINMENT INC.,2741,2-ACC,10-K,20251231,Y
1998387,,5C LENDING PARTNERS CORP.,,4-NON,10-K,20251231,N
1998768,PAL,"PROFICIENT AUTO LOGISTICS, INC",4700,4-NON,10-K,20251231,Y
1998781,IBAC,IB ACQUISITION CORP.,6770,4-NON,10-Q,20251231,Y
1999001,FUN,SIX FLAGS ENTERTAINMENT CORPORATION/NEW,7900,1-LAF,10-K,20251231,Y
1999261,STWI,STAGEWISE STRATEGIES CORP.,7374,4-NON,10-Q,20251231,Y
1999480,ANRO,"ALTO NEUROSCIENCE, INC.",2834,4-NON,10-K,20251231,Y
1999538,,X1 CAPITAL INC.,,4-NON,10-Q,20251231,N
1999784,,NORTH HAVEN NET REIT,6798,4-NON,10-K,20251231,N
2000046,FETH,FIDELITY ETHEREUM FUND,6199,1-LAF,10-K,20251231,Y
2000178,LOAR,LOAR HOLDINGS INC.,3728,1-LAF,10-K,20251231,Y
2000410,EURK,EUREKA ACQUISITION CORP,7373,4-NON,10-Q,20251231,Y
2000597,,APOLLO ASSET BACKED CREDIT CO LLC,6199,4-NON,10-K,20251231,N
2000638,ETHA,ISHARES ETHEREUM TRUST ETF,6221,4-NON,10-K,20251231,Y
2000762,,GMTECH INC.,7371,4-NON,10-K,20251031,N
2000775,BKHA,BLACK HAWK ACQUISITION CORP,2836,4-NON,10-K,20251130,Y
2001184,PACS,"PACS GROUP, INC.",8051,2-ACC,10-K,20251231,Y
2001249,,MEDICAL EXERCISE INC.,8000,4-NON,10-Q,20251231,N
2001288,PN,SKYCORP SOLAR GROUP LTD,5045,4-NON,20-F,20250930,Y
2001557,INV,"INNVENTURE, INC.",6770,4-NON,10-K,20251231,Y
2002038,,LEGATO MERGER CORP. III,6770,4-NON,10-K,20251130,N
2002473,BOW,BOWHEAD SPECIALTY HOLDINGS INC.,6331,2-ACC,10-K,20251231,Y
2003292,KLAR,KLARNA GROUP PLC,6199,4-NON,20-F,20251231,Y
2003750,MGSD,"MAITONG SUNSHINE CULTURAL DEVELOPMENT CO., LTD",4700,4-NON,10-K,20250930,Y
2005951,SW,SMURFIT WESTROCK PLC,2650,1-LAF,10-K,20251231,Y
2006291,CCIX,CHURCHILL CAPITAL CORP IX/CAYMAN,7373,4-NON,10-K,20251231,Y
2006758,,MIDCAP APOLLO INSTITUTIONAL PRIVATE LENDING,,4-NON,10-K,20251231,N
2006815,,VOYAGER ACQUISITION CORP./CAYMAN ISLANDS,2836,4-NON,10-K,20251231,N
2006986,ADGM,"ADAGIO MEDICAL HOLDINGS, INC.",3841,4-NON,10-K,20251231,Y
2007191,TLX,TELIX PHARMACEUTICALS LTD,2834,1-LAF,20-F,20251231,Y
2007587,AII,"AMERICAN INTEGRITY INSURANCE GROUP, INC.",6331,4-NON,10-K,20251231,Y
2007596,TWFG,"TWFG, INC.",6411,2-ACC,10-K,20251231,Y
2007825,INFQ,"INFLEQTION, INC.",7374,4-NON,10-K,20251231,Y
2007846,JLHL,JULONG HOLDING LTD,8711,4-NON,20-F,20250930,Y
2007855,VG,"VENTURE GLOBAL, INC.",4924,4-NON,10-K,20251231,Y
2007919,INBX,"INHIBRX BIOSCIENCES, INC.",2836,4-NON,10-K,20251231,Y
2008007,MAMK,MAXSMAKING INC.,2390,4-NON,20-F,20251031,Y
2008748,,LORD ABBETT PRIVATE CREDIT FUND,,4-NON,10-K,20251231,N
2009183,TACH,TITAN ACQUISITION CORP.,6770,4-NON,10-K,20251231,Y
2009312,PUSA,AUREUS GREENWAY HOLDINGS INC,7997,4-NON,10-K,20251231,Y
2009684,SEG,SEAPORT ENTERTAINMENT GROUP INC.,7990,2-ACC,10-K,20251231,Y
2010653,FVN,FUTURE VISION II ACQUISITION CORP.,7373,4-NON,10-K,20251231,Y
2010788,EXOZ,EXOZYMES INC.,2836,4-NON,10-K,20251231,Y
2010930,ALFUU,CENTURION ACQUISITION CORP.,6770,4-NON,10-K,20251231,Y
2010982,PVIT,PALISADES VENTURE INC.,7374,4-NON,10-K,20251231,Y
2011208,SPAI,SAFE PRO GROUP INC.,3842,4-NON,10-K,20251231,Y
2011286,AMTM,"AMENTUM HOLDINGS, INC.",7389,1-LAF,10-Q,20251231,Y
2011458,ZTG,ZENTA GROUP CO LTD,8742,4-NON,20-F,20250930,Y
2011498,,AGL PRIVATE CREDIT INCOME FUND,,4-NON,10-K,20251231,N
2011514,AVR,ANTERIS TECHNOLOGIES GLOBAL CORP.,3842,4-NON,10-K,20251231,Y
2011535,EZET,FRANKLIN ETHEREUM TRUST,6221,4-NON,10-Q,20251231,Y
2012139,,FORTRESS PRIVATE LENDING FUND,,4-NON,10-K,20251231,N
2012318,IPCX,INFLECTION POINT ACQUISITION CORP. III,6770,4-NON,10-K,20251231,Y
2012383,BLK,"BLACKROCK, INC.",6211,1-LAF,10-K,20251231,Y
2012593,RAPP,"RAPPORT THERAPEUTICS, INC.",2834,4-NON,10-K,20251231,Y
2012600,RYOJ,"RYOJBABA CO., LTD.",8742,4-NON,20-F,20251231,Y
2012706,SUNS,"SUNRISE REALTY TRUST, INC.",6798,4-NON,10-K,20251231,Y
2012726,FDSB,"FIFTH DISTRICT BANCORP, INC.",6035,4-NON,10-K,20251231,Y
2012807,RFAI,RF ACQUISITION CORP II,6770,4-NON,10-K,20251231,Y
2012839,,KKR ENHANCED US DIRECT LENDING FUND-L INC.,,4-NON,10-K,20251231,N
2013223,HSLV,HIGHLANDER SILVER CORP.,1040,,40-F,20251231,Y
2013639,FBLA,"FB BANCORP, INC. /MD/",6036,4-NON,10-K,20251231,Y
2013744,ETHW,BITWISE ETHEREUM ETF,6199,2-ACC,10-K,20251231,Y
2013745,CLMT,"CALUMET, INC. /DE",2911,1-LAF,10-K,20251231,Y
2013792,EWSB,"EWSB BANCORP, INC. /MD/",6036,4-NON,10-K,20251231,Y
2013807,FOXX,FOXX DEVELOPMENT HOLDINGS INC.,3576,4-NON,10-Q,20251231,Y
2014596,CON,"CONCENTRA GROUP HOLDINGS PARENT, INC.",8093,1-LAF,10-K,20251231,Y
2014955,,SMART DIGITAL GROUP LTD,7380,4-NON,20-F,20250930,N
2014982,SIMA,SIM ACQUISITION CORP. I,6770,4-NON,10-K,20251231,Y
2015034,BTC,GRAYSCALE BITCOIN MINI TRUST ETF,6221,1-LAF,10-K,20251231,Y
2015502,LPAA,LAUNCH ONE ACQUISITION CORP.,6770,4-NON,10-K,20251231,Y
2015845,ECG,"EVERUS CONSTRUCTION GROUP, INC.",1531,1-LAF,10-K,20251231,Y
2015947,SBXD,SILVERBOX CORP IV,6770,4-NON,10-K,20251231,Y
2015955,CUB,LIONHEART HOLDINGS,6770,4-NON,10-K,20251231,Y
2016072,VLOS,M3-BRIGADE ACQUISITION V CORP.,6770,4-NON,10-K,20251231,Y
2016167,,TRANSIT PRO TECH INC.,7372,4-NON,10-Q,20251231,N
2016221,MACI,MELAR ACQUISITION CORP. I/CAYMAN,7389,4-NON,10-K,20251231,Y
2017206,MRP,"MILLROSE PROPERTIES, INC.",6500,4-NON,10-K,20251231,Y
2017526,FRNM,PERCEPTIVE CAPITAL SOLUTIONS CORP,8071,4-NON,10-K,20251231,Y
2017636,,"CCS IX PORTFOLIO HOLDINGS, LLC",,4-NON,10-K,20251231,N
2017758,LHAI,LINKHOME HOLDINGS INC.,6531,4-NON,10-K,20251231,Y
2017950,DTSQ,DT CLOUD STAR ACQUISITION CORP,6770,4-NON,10-K,20251231,Y
2018064,TTGT,"TECHTARGET, INC.",4822,2-ACC,10-K,20251231,Y
2018145,RDAC,RISING DRAGON ACQUISITION CORP.,6770,4-NON,10-K,20251231,Y
2018222,JEM,707 CAYMAN HOLDINGS LTD.,5600,4-NON,20-F,20250930,Y
2018462,PCLA,PICOCELA INC.,3640,4-NON,20-F,20250930,Y
2019061,SOBO,SOUTH BOW CORP,4610,,40-F,20251231,Y
2019103,SLSR,SOLARIS RESOURCES INC.,1040,,40-F,20251231,Y
2019410,CAI,"CARIS LIFE SCIENCES, INC.",8071,4-NON,10-K,20251231,Y
2019505,HIT,"HEALTH IN TECH, INC.",6411,4-NON,10-K,20251231,Y
2019793,SAFX,"XCF GLOBAL, INC.",2860,4-NON,10-K,20251231,Y
2019804,IMSR,TERRESTRIAL ENERGY INC. /DE/,3443,4-NON,10-K,20251231,Y
2020354,,WEST BAY BDC LLC,,4-NON,10-K,20251231,N
2020385,TAVI,TAVIA ACQUISITION CORP.,6770,4-NON,10-K,20251231,Y
2020455,ETH,GRAYSCALE ETHEREUM STAKING MINI ETF,6221,1-LAF,10-K,20251231,Y
2020737,CABR,"CARING BRANDS, INC.",2844,4-NON,10-K,20251231,Y
2020795,UNIT,UNITI GROUP INC.,4813,1-LAF,10-K,20251231,Y
2020919,,DELTASOFT CORP,7371,4-NON,10-Q,20251231,N
2020987,YHNA,YHN ACQUISITION I LTD,6770,4-NON,10-K,20251231,Y
2021938,SNNRF,SUNRISE COMMUNICATIONS AG,4841,1-LAF,20-F,20251231,Y
2022416,SLXN,SILEXION THERAPEUTICS CORP,2836,4-NON,10-K,20251231,Y
2022626,UPB,"UPSTREAM BIO, INC.",2834,4-NON,10-K,20251231,Y
2023016,TTRX,TURN THERAPEUTICS INC.,2834,4-NON,10-K,20251231,Y
2023153,HTLM,HOMESTOLIFE LTD,5712,4-NON,20-F,20251231,Y
2023554,SNDK,SANDISK CORP,3572,4-NON,10-Q,20251231,Y
2023658,BCAX,BICARA THERAPEUTICS INC.,2834,4-NON,10-K,20251231,Y
2023676,LPBB,LAUNCH TWO ACQUISITION CORP.,6770,4-NON,10-K,20251231,Y
2023730,HDRN,GIGCAPITAL7 CORP.,4911,4-NON,10-K,20251231,Y
2024203,CAPN,CAYSON ACQUISITION CORP,6770,4-NON,10-K,20251231,Y
2024218,SMC,SUMMIT MIDSTREAM CORP,4922,2-ACC,10-K,20251231,Y
2024306,JFB,JFB CONSTRUCTION HOLDINGS,1540,4-NON,10-K,20251231,Y
2024899,MFBI,"MONROE FEDERAL BANCORP, INC.",6035,4-NON,10-Q,20251231,Y
2025341,POLE,ANDRETTI ACQUISITION CORP. II,6770,4-NON,10-K,20251231,Y
2025396,,VINE HILL CAPITAL INVESTMENT CORP.,6211,4-NON,10-K,20251231,N
2025401,FERA,FIFTH ERA ACQUISITION CORP I,6770,4-NON,10-K,20251231,Y
2025410,SARO,"STANDARDAERO, INC.",3724,1-LAF,10-K,20251231,Y
2025608,SOUL,SOULPOWER ACQUISITION CORP.,6770,4-NON,10-K,20251231,Y
2025878,ITXP,"INDEPENDENCE POWER HOLDINGS, INC.",8700,4-NON,10-K,20251231,Y
2025942,CURX,CURANEX PHARMACEUTICALS INC,2834,4-NON,10-K,20251231,Y
2026353,ATHR,"AETHER HOLDINGS, INC.",7372,4-NON,10-Q,20251231,Y
2026448,,PRINCIPAL CREDIT REAL ESTATE INCOME TRUST,6798,4-NON,10-K,20251231,N
2026478,NMAX,NEWSMAX INC.,4833,4-NON,10-K,20251231,Y
2026738,,FORTRESS CREDIT REALTY INCOME TRUST,6798,4-NON,10-K,20251231,N
2026767,ALIS,CALISA ACQUISITION CORP,6770,4-NON,10-K,20251231,Y
2027033,,EAGLE POINT TRINITY SENIOR SECURED LENDING CO,,4-NON,10-K,20251231,N
2027317,CURB,CURBLINE PROPERTIES CORP.,6500,1-LAF,10-K,20251231,Y
2027537,,GOLDMAN SACHS REAL ESTATE FINANCE TRUST INC,6798,4-NON,10-K,20251231,N
2027708,CEPO,"CANTOR EQUITY PARTNERS I, INC.",6770,4-NON,10-K,20251231,Y
2028027,NTWO,NEWBURY STREET II ACQUISITION CORP,6770,4-NON,10-K,20251231,Y
2028201,COLA,COLUMBUS ACQUISITION CORP/CAYMAN ISLANDS,6770,4-NON,10-K,20251231,Y
2028336,NUAI,"NEW ERA ENERGY & DIGITAL, INC.",1311,4-NON,10-K,20251231,Y
2028355,IPEX,INFLECTION POINT ACQUISITION CORP. V,6770,4-NON,10-K,20251231,Y
2028516,ATII,ARCHIMEDES TECH SPAC PARTNERS II CO.,6770,4-NON,10-K,20251231,Y
2028541,VSOL,VANECK SOLANA ETF,6221,4-NON,10-K,20251231,Y
2028686,,SL INVESTMENT FUND II LLC,,4-NON,10-K,20251231,N
2028699,DYNC,DYNAMIX CORP,6770,4-NON,10-K,20251231,Y
2028707,MRLN,INFLECTION POINT ACQUISITION CORP. IV,7373,4-NON,10-K,20251231,Y
2028735,SPEG,SILVER PEGASUS ACQUISITION CORP.,6770,4-NON,10-K,20251231,Y
2028834,TSOL,21SHARES SOLANA ETF,6221,4-NON,10-K,20251231,Y
2028835,TOXR,21SHARES XRP ETF,6221,4-NON,10-K,20251231,Y
2028935,FACT,FACT II ACQUISITION CORP.,3728,4-NON,10-K,20251231,Y
2029014,MRCL,MERCALOT INC.,7380,4-NON,10-Q,20251231,Y
2029039,NSRX,NASUS PHARMA LTD,2834,4-NON,20-F,20251231,Y
2029118,INR,"INFINITY NATURAL RESOURCES, INC.",1311,4-NON,10-K,20251231,Y
2029297,GTAO,GRAYSCALE BITTENSOR TRUST (TAO),6221,4-NON,10-K,20251231,Y
2029303,THTG,TECH TONIC GROUP CORP.,7371,4-NON,10-Q,20251231,Y
2029492,,MOUNTAIN LAKE ACQUISITION CORP.,6770,4-NON,10-K,20251231,N
2029586,BLNH,"BLUE LINE HOLDINGS, INC.",2086,4-NON,10-Q,20251231,Y
2029769,OACC,OAKTREE ACQUISITION CORP. III LIFE SCIENCES,6770,4-NON,10-K,20251231,Y
2029976,KFII,K&F GROWTH ACQUISITION CORP. II,6770,4-NON,10-K,20251231,Y
2030482,PLMK,"PLUM ACQUISITION CORP, IV",6770,4-NON,10-K,20251231,Y
2030522,MWYN,"MARWYNN HOLDINGS, INC.",5141,4-NON,10-Q,20260131,Y
2030617,PMI,"PICARD MEDICAL, INC.",3841,4-NON,10-K,20251231,Y
2030663,SZZL,SIZZLE ACQUISITION CORP. II,6770,4-NON,10-K,20251231,Y
2030763,MEDS,"WELLGISTICS HEALTH, INC.",5122,4-NON,10-K,20251231,Y
2030772,,BLACKSTONE INFRASTRUCTURE STRATEGIES L.P.,6282,4-NON,10-K,20251231,N
2030781,SAIL,"SAILPOINT, INC.",7372,4-NON,10-K,20260131,Y
2030829,PGAC,PANTAGES CAPITAL ACQUISITION CORP,6770,4-NON,10-K,20251231,Y
2030954,XHLD,"TEN HOLDINGS, INC.",7389,4-NON,10-K,20251231,Y
2031069,NCIQ,HASHDEX NASDAQ CME CRYPTO INDEX ETF,6221,4-NON,10-K,20251231,Y
2031283,,STONE POINT CREDIT INCOME FUND,,4-NON,10-K,20251231,N
2031561,ALDF,ALDEL FINANCIAL II INC.,6770,4-NON,10-K,20251231,Y
2031688,ANPA,RICH SPARKLE HOLDINGS LTD,7380,4-NON,20-F,20250930,Y
2031750,,ARES CORE INFRASTRUCTURE FUND,,4-NON,10-K,20251231,N
2032019,,EQT INFRASTRUCTURE CO LLC,6799,4-NON,10-K,20251231,N
2032020,,EQT PRIVATE EQUITY CO LLC,6282,4-NON,10-K,20251231,N
2032341,CYAB,"TRAILBLAZER HOLDINGS, INC.",7372,4-NON,10-K,20251231,Y
2032379,,WILLOW LANE ACQUISITION CORP.,6770,4-NON,10-K,20251231,N
2032528,DRDB,ROMAN DBDR ACQUISITION CORP. II,6770,4-NON,10-K,20251231,Y
2032545,CJMB,CALLAN JMB INC.,7389,4-NON,10-K,20251231,Y
2032609,SHFH,SCIENTIST HOME FUTURE HEALTH LTD,2844,4-NON,10-K,20251231,Y
2032966,TIC,"TIC SOLUTIONS, INC.",7389,2-ACC,10-K,20251231,Y
2033122,TACO,BERTO ACQUISITION CORP.,6770,4-NON,10-K,20251231,Y
2033264,VDTA,VERTICAL DATA INC.,8742,4-NON,10-Q,20251231,Y
2033362,,"AUDAX PRIVATE CREDIT FUND, LLC",,4-NON,10-K,20251231,N
2033377,MGRT,MEGA FORTUNE CO LTD,7371,4-NON,20-F,20250930,Y
2033383,FUSE,FUSEMACHINES INC.,7373,4-NON,10-K,20251231,Y
2033535,CMDB,COSTAMARE BULKERS HOLDINGS LTD,4400,4-NON,20-F,20251231,Y
2033593,SVCC,STELLAR V CAPITAL CORP. (CAYMAN ISLANDS),6770,4-NON,10-K,20251231,Y
2033615,MGNO,"MAGNOLIA BANCORP, INC.",6035,4-NON,10-K,20251231,Y
2033695,,NEW MOUNTAIN NET LEASE TRUST,6798,4-NON,10-K,20251231,N
2033770,DAIC,"CID HOLDCO, INC.",7373,4-NON,10-K,20251231,Y
2033807,EZPZ,FRANKLIN CRYPTO TRUST,6221,4-NON,10-K,20251231,Y
2034012,GSUI,GRAYSCALE SUI STAKING ETF,6221,4-NON,10-K,20251231,Y
2034037,SDHI,SIDDHI ACQUISITION CORP (CAYMAN ISLANDS),6770,4-NON,10-K,20251231,Y
2034266,CEPV,"CANTOR EQUITY PARTNERS V, INC.",6770,4-NON,10-K,20251231,Y
2034267,CEPF,"CANTOR EQUITY PARTNERS IV, INC.",6770,4-NON,10-K,20251231,Y
2034268,,"CANTOR EQUITY PARTNERS III, INC.",6770,4-NON,10-K,20251231,N
2034269,,"CANTOR EQUITY PARTNERS II, INC.",6770,4-NON,10-K,20251231,N
2034313,OBA,OXLEY BRIDGE ACQUISITION LTD,6770,4-NON,10-K,20251231,Y
2034334,AACB,ARTIUS II ACQUISITION INC.,6770,4-NON,10-K,20251231,Y
2035016,RIBB,RIBBON ACQUISITION CORP.,6770,4-NON,10-K,20251231,Y
2035149,FLOC,FLOWCO HOLDINGS INC.,3533,4-NON,10-K,20251231,Y
2035173,RTAC,RENATUS TACTICAL ACQUISITION CORP I,6770,4-NON,10-K,20251231,Y
2035304,TTAM,TITAN AMERICA SA,1400,4-NON,20-F,20251231,Y
2035428,,"FRANKLIN BSP REAL ESTATE DEBT, INC.",6798,4-NON,10-K,20251231,N
2035644,RANG,RANGE CAPITAL ACQUISITION CORP.,6770,4-NON,10-K,20251231,Y
2035713,,"CRESTLINE LENDING SOLUTIONS, LLC",,4-NON,10-K,20251231,N
2035989,AMRZ,AMRIZE LTD,3241,4-NON,10-K,20251231,Y
2036042,SION,"SIONNA THERAPEUTICS, INC.",2834,4-NON,10-K,20251231,Y
2036973,UYSC,UY SCUTI ACQUISITION CORP.,6770,4-NON,10-Q,20251231,Y
2037427,GXRP,GRAYSCALE XRP TRUST ETF,6221,4-NON,10-K,20251231,Y
2037431,,PELICAN ACQUISITION CORP,6770,4-NON,10-K,20260131,N
2037804,,NEW MOUNTAIN PRIVATE CREDIT FUND,,4-NON,10-K,20251231,N
2038118,,"FIRSTENERGY TRANSMISSION, LLC",4911,4-NON,10-K,20251231,N
2038439,VWAV,"VISIONWAVE HOLDINGS, INC.",7372,4-NON,10-Q,20251231,Y
2038564,,ALPHEGA INNOVATIONS CORP,7374,4-NON,10-K,20251130,N
2039058,JACS,JACKSON ACQUISITION CO II,6770,4-NON,10-K,20251231,Y
2039273,JAGU,JAGUAR URANIUM CORP.,1000,4-NON,10-K,20251231,Y
2039458,,CANARY HBAR ETF,6199,4-NON,10-K,20251231,N
2039461,,CANARY LITECOIN ETF,6221,4-NON,10-K,20251231,N
2039497,RHLD,"RESOLUTE HOLDINGS MANAGEMENT, INC.",6199,4-NON,10-K,20251231,Y
2039505,,CANARY XRP ETF,6221,4-NON,10-K,20251231,N
2039525,XRP,BITWISE XRP ETF,6221,4-NON,10-K,20251231,Y
2040381,PACH,PIONEER ACQUISITION I CORP,6770,4-NON,10-K,20251231,Y
2040491,ASIC,ATEGRITY SPECIALTY INSURANCE CO HOLDINGS,6331,4-NON,10-K,20251231,Y
2041047,CCAQ,DUNE ACQUISITION CORP II,6770,4-NON,10-K,20251231,Y
2041385,RAL,RALLIANT CORP,3823,4-NON,10-K,20251231,Y
2041493,ALUB,ALUSSA ENERGY ACQUISITION CORP. II,6770,4-NON,10-K,20251231,Y
2041531,BDTB,BODHI TREE BIOTECHNOLOGY INC,8742,4-NON,10-Q,20251231,Y
2041610,PSKY,PARAMOUNT SKYDANCE CORP,4833,1-LAF,10-K,20251231,Y
2041841,,LORD ABBETT PRIVATE CREDIT FUND S,,4-NON,10-K,20251231,N
2041869,SOLC,CANARY MARINADE SOLANA ETF,6221,4-NON,10-K,20251231,Y
2041999,,ORBIT INNOVATIONS GROUP INC.,7389,4-NON,10-K,20250930,N
2042022,WYFI,"WHITEFIBER, INC.",6199,4-NON,10-K,20251231,Y
2042182,OYSE,OYSTER ENTERPRISES II ACQUISITION CORP,6770,4-NON,10-K,20251231,Y
2042292,BDCI,BTC DEVELOPMENT CORP.,6770,4-NON,10-K,20251231,Y
2042460,HAVA,HARVARD AVE ACQUISITION CORP,6770,4-NON,10-K,20251231,Y
2042694,PRMB,PRIMO BRANDS CORP,2080,1-LAF,10-K,20251231,Y
2042902,EVAC,EQV VENTURES ACQUISITION CORP. II,6770,4-NON,10-K,20251231,Y
2043133,,TCW STEEL CITY SENIOR LENDING BDC,,4-NON,10-K,20251231,N
2043508,LKSP,LAKE SUPERIOR ACQUISITION CORP,6770,4-NON,10-K,20251231,Y
2043630,APAC,STONEBRIDGE ACQUISITION II CORP,6770,4-NON,10-K,20251231,Y
2043759,,LAGO EVERGREEN CREDIT,,4-NON,10-K,20251231,N
2043766,GTERA,GLOBA TERRA ACQUISITION CORP,6770,4-NON,10-K,20251231,Y
2044009,XRPN,ARMADA ACQUISITION CORP. II,6770,4-NON,10-Q,20251231,Y
2044523,ORIQ,ORIGIN INVESTMENT CORP I,6770,4-NON,10-K,20251231,Y
2044635,GSHR,GESHER ACQUISITION CORP. II,6770,4-NON,10-K,20251231,Y
2044725,EVMN,"EVOMMUNE, INC.",2834,4-NON,10-K,20251231,Y
2044820,,"VISTAONE, L.P.",6282,4-NON,10-K,20251231,N
2045370,,REMORA CAPITAL CORP,,4-NON,10-K,20251231,N
2045458,,STONEPEAK-PLUS INFRASTRUCTURE FUND LP,6282,4-NON,10-K,20251231,N
2045473,COPL,COPLEY ACQUISITION CORP,6770,4-NON,10-K,20251231,Y
2045872,BSOL,BITWISE SOLANA STAKING ETF,6221,4-NON,10-K,20251231,Y
2046042,JCAP,"JEFFERSON CAPITAL, INC. / DE",6153,4-NON,10-K,20251231,Y
2046386,MDLN,MEDLINE INC.,3841,4-NON,10-K,20251231,Y
2046573,,PITANIUM LTD,2844,4-NON,20-F,20250930,N
2046656,HCHL,HAPPY CITY HOLDINGS LTD,5812,4-NON,20-F,20250831,Y
2046946,,"ARES SPORTS, MEDIA & ENTERTAINMENT OPPORTUNITIES LP",6282,4-NON,10-Q,20251231,N
2047177,CHEC,CHENGHE ACQUISITION III CO.,6770,4-NON,10-K,20251231,Y
2047235,WSBK,"WINCHESTER BANCORP, INC./MD/",6036,4-NON,10-Q,20251231,Y
2047455,QSEA,QUARTZSEA ACQUISITION CORP,6770,4-NON,10-K,20251130,Y
2047497,RAC,RITHM ACQUISITION CORP.,6770,4-NON,10-Q,20251231,Y
2048519,AEBI,AEBI SCHMIDT HOLDING AG,3531,4-NON,10-K,20251231,Y
2048948,NPAC,NEW PROVIDENCE ACQUISITION CORP. III/CAYMAN,6770,4-NON,10-K,20251231,Y
2048951,TMS,LIVE OAK ACQUISITION CORP. V,5900,4-NON,10-K,20251231,Y
2049248,LCCC,LAKESHORE ACQUISITION III CORP.,6770,4-NON,10-K,20251231,Y
2049595,,BLACKROCK MONTICELLO DEBT REAL ESTATE INVESTMENT TRUST,6798,4-NON,10-K,20251231,N
2049662,FAC,CARTESIAN GROWTH CORP III,3690,4-NON,10-K,20251231,Y
2049717,,JM GROUP LTD,5090,4-NON,20-F,20250930,N
2049733,,BLACKSTONE PRIVATE REAL ESTATE CREDIT & INCOME FUND,,4-NON,10-K,20251231,N
2050260,,"TPG PRIVATE EQUITY OPPORTUNITIES, L.P.",6221,4-NON,10-K,20251231,N
2050338,CLBZ,COLLAB Z INC.,6500,4-NON,10-Q,20251231,Y
2051380,PEW,GRABAGUN DIGITAL HOLDINGS INC.,5940,4-NON,10-K,20251231,Y
2051587,BSAA,BEST SPAC I ACQUISITION CORP.,8200,4-NON,10-K,20251231,Y
2051820,MLCI,MOUNT LOGAN CAPITAL INC.,6282,4-NON,10-K,20251231,Y
2051985,IRHO,IRON HORSE ACQUISITION II CORP.,6770,4-NON,10-K,20251130,Y
2052152,,APOLLO ORIGINATION II (LEVERED) CAPITAL TRUST,,4-NON,10-K,20251231,N
2052153,,APOLLO ORIGINATION II (UL) CAPITAL TRUST,,4-NON,10-K,20251231,N
2052161,,REAL ASSET ACQUISITION CORP.,6770,4-NON,10-K,20251231,N
2052162,DAAQ,DIGITAL ASSET ACQUISITION CORP.,6770,4-NON,10-K,20251231,Y
2052243,TWLV,TWELVE SEAS INVESTMENT CO III/CAYMAN,6770,4-NON,10-K,20251231,Y
2052547,EGHA,EGH ACQUISITION CORP.,6770,4-NON,10-K,20251231,Y
2052568,LGN,LEGENCE CORP.,1700,4-NON,10-K,20251231,Y
2052959,LION,LIONSGATE STUDIOS CORP.,7812,1-LAF,10-Q,20251231,Y
2053033,PLTS,PLATINUM ANALYTICS CAYMAN LTD,7372,4-NON,20-F,20250930,Y
2053641,ETS,ELITE EXPRESS HOLDING INC.,4210,4-NON,10-K,20251130,Y
2053791,BWOW,BITWISE DOGECOIN ETF,6221,4-NON,10-K,20251231,Y
2053799,KCHV,KOCHAV DEFENSE ACQUISITION CORP.,6770,4-NON,10-K,20251231,Y
2053927,WTG,WINTERGREEN ACQUISITION CORP.,7370,4-NON,10-K,20251231,Y
2054174,,CRANE HARBOR ACQUISITION CORP.,6770,4-NON,10-K,20251231,N
2054272,ONCH,1RT ACQUISITION CORP.,6770,4-NON,10-K,20251231,Y
2054696,NIQ,NIQ GLOBAL INTELLIGENCE PLC,7370,4-NON,10-K,20251231,Y
2054876,NMP,NMP ACQUISITION CORP.,6770,4-NON,10-K,20251231,Y
2055116,KG,KESTREL GROUP LTD,6331,2-ACC,10-K,20251231,Y
2055459,RDAG,REPUBLIC DIGITAL ACQUISITION CO,6770,4-NON,10-K,20251231,Y
2055510,GDOG,GRAYSCALE DOGECOIN TRUST ETF,6221,4-NON,10-K,20251231,Y
2055592,GEMI,"GEMINI SPACE STATION, INC.",6199,4-NON,10-K,20251231,Y
2055879,VNME,VENDOME ACQUISITION CORP I,6770,4-NON,10-K,20251231,Y
2056016,RDSC,RADIANT STRATEGIES CORP,8742,4-NON,10-Q,20260131,Y
2056634,PCAP,PROCAP ACQUISITION CORP,6770,4-NON,10-K,20251231,Y
2057030,AXIN,AXIOM INTELLIGENCE ACQUISITION CORP 1,6770,4-NON,10-K,20251231,Y
2057043,WENN,WEN ACQUISITION CORP,6770,4-NON,10-K,20251231,Y
2057381,RADC,READVANTAGE CORP.,7374,4-NON,10-Q,20251231,Y
2057388,SOEZ,FRANKLIN SOLANA TRUST,6221,4-NON,10-Q,20251231,Y
2057463,GLIBA,"GCI LIBERTY, INC.",4841,4-NON,10-K,20251231,Y
2058359,CRAQ,CAL REDWOOD ACQUISITION CORP.,6770,4-NON,10-K,20251231,Y
2058584,DKI,DARKIRIS INC.,7372,4-NON,20-F,20250930,Y
2058758,AVBC,"AVIDIA BANCORP, INC.",6036,4-NON,10-K,20251231,Y
2058873,Q,"QNITY ELECTRONICS, INC.",3674,4-NON,10-K,20251231,Y
2059033,FIGX,FIGX CAPITAL ACQUISITION CORP.,6770,4-NON,10-K,20251231,Y
2059438,XRPZ,FRANKLIN XRP TRUST,6221,4-NON,10-Q,20251231,Y
2059653,LSBK,"LAKE SHORE BANCORP, INC. /MD/",6035,4-NON,10-K,20251231,Y
2059654,BACC,BLUE ACQUISITION CORP/CAYMAN,6770,4-NON,10-K,20251231,Y
2059924,,ISQ OPEN INFRASTRUCTURE CO LLC,6199,4-NON,10-K,20251231,N
2060337,JENA,JENA ACQUISITION CORP II,6770,4-NON,10-K,20251231,Y
2060717,VAVX,VANECK AVALANCHE ETF,6221,4-NON,10-K,20251231,Y
2061174,,SOUND POINT DIRECT LENDING BDC,,4-NON,10-K,20251231,N
2061379,LWAC,LIGHTWAVE ACQUISITION CORP.,6770,4-NON,10-K,20251231,Y
2061473,PMTR,PERIMETER ACQUISITION CORP. I,6770,4-NON,10-K,20251231,Y
2061670,,MONROE CAPITAL ENHANCED CORPORATE LENDING FUND,,4-NON,10-K,20251231,N
2062440,KYIV,KYIVSTAR GROUP LTD.,4812,4-NON,20-F,20251231,Y
2063196,NTSK,NETSKOPE INC,7372,4-NON,10-K,20260131,Y
2063380,FSOL,FIDELITY SOLANA FUND,6221,4-NON,10-K,20251231,Y
2063816,INAC,INDIGO ACQUISITION CORP.,6770,4-NON,10-K,20251231,Y
2063863,ELWT,"ELAUWIT CONNECTION, INC.",4899,4-NON,10-K,20251231,Y
2064124,FIGR,"FIGURE TECHNOLOGY SOLUTIONS, INC.",6163,4-NON,10-K,20251231,Y
2064177,BPAC,BLUEPORT ACQUISITION LTD,6770,4-NON,10-K,20251231,Y
2064307,LOGC,CONTEXTLOGIC HOLDINGS INC.,5961,4-NON,10-K,20251231,Y
2064314,TDOG,21SHARES DOGECOIN ETF,6221,4-NON,10-K,20250930,Y
2064355,BCSS,BAIN CAPITAL GSS INVESTMENT CORP.,6770,4-NON,10-K,20251231,Y
2064658,MCGA,YORKVILLE ACQUISITION CORP.,6199,4-NON,10-K,20251231,Y
2064683,CCII,COHEN CIRCLE ACQUISITION CORP. II,6770,4-NON,10-K,20251231,Y
2064764,PLSM,PULSENMORE LTD.,3841,4-NON,20-F,20251231,Y
2064765,,ESSENCE ARRAY INC,5122,4-NON,10-Q,20251231,N
2064947,WBI,WATERBRIDGE INFRASTRUCTURE LLC,1389,4-NON,10-K,20251231,Y
2064953,SOLS,SOLSTICE ADVANCED MATERIALS INC.,2800,4-NON,10-K,20251231,Y
2065287,DNKC,DANKON CORP,7372,4-NON,10-Q,20251130,Y
2065337,,"CARLYLE PRIVATE EQUITY PARTNERS FUND, L.P.",6282,4-NON,10-K,20251231,N
2065397,,ANTARES STRATEGIC CREDIT FUND II LLC,,4-NON,10-K,20251231,N
2065601,CBC,"CENTRAL BANCOMPANY, INC.",6022,4-NON,10-K,20251231,Y
2065708,ANDG,ANDERSEN GROUP INC.,7389,4-NON,10-K,20251231,Y
2065779,BCAR,D. BORAL ARC ACQUISITION I CORP.,7372,4-NON,10-K,20251231,Y
2065948,SOCA,SOLARIUS CAPITAL ACQUISITION CORP.,6770,4-NON,10-K,20251231,Y
2066337,,"CNL STRATEGIC RESIDENTIAL CREDIT, INC.",6798,4-NON,10-K,20251231,N
2066659,,"BEACH ACQUISITION CO PARENT, LLC",3140,4-NON,10-K,20251231,N
2067129,NP,NEPTUNE INSURANCE HOLDINGS INC.,6411,4-NON,10-K,20251231,Y
2067592,MKLY,MCKINLEY ACQUISITION CORP,6770,4-NON,10-K,20251231,Y
2067767,NXB,OFF THE HOOK YS INC.,3730,4-NON,10-K,20251231,Y
2067876,VSNT,"VERSANT MEDIA GROUP, INC.",4833,4-NON,10-K,20251231,Y
2068074,,"SONIC LIGHTING, INC.",5010,4-NON,10-Q,20250930,N
2068385,SHAZ,SHARONAI HOLDINGS INC.,7374,4-NON,10-K,20251231,Y
2068454,KOYN,"CSLM DIGITAL ASSET ACQUISITION CORP III, LTD",6770,4-NON,10-K,20251231,Y
2068577,BRCB,"BLACK ROCK COFFEE BAR, INC.",5810,4-NON,10-K,20251231,Y
2069238,PAII,PYROPHYTE ACQUISITION CORP. II,6770,4-NON,10-K,20251231,Y
2069692,,BLUE OWL DIGITAL INFRASTRUCTURE TRUST,6798,4-NON,10-K,20251231,N
2069856,HCMA,HCM III ACQUISITION CORP.,6770,4-NON,10-K,20251231,Y
2070457,XXI,"TWENTY ONE CAPITAL, INC.",6199,4-NON,10-K,20251231,Y
2070542,AIB,"BLOCKCHAIN DIGITAL INFRASTRUCTURE, INC.",6221,4-NON,10-K,20251231,Y
2070602,HVMC,HIGHVIEW MERGER CORP.,6770,4-NON,10-K,20251231,Y
2070845,,SUN,7373,4-NON,10-Q,20260131,N
2070849,BLLN,"BILLIONTOONE, INC.",8071,4-NON,10-K,20251231,Y
2070887,CRAC,CROWN RESERVE ACQUISITION CORP. I,6770,4-NON,10-K,20251231,Y
2070900,QUMS,QUANTUMSPHERE ACQUISITION CORP,6770,4-NON,10-Q,20251231,Y
2071136,,NUVEEN CHURCHILL BDC V,,4-NON,10-K,20251231,N
2071489,YSGL,YELLOWSTONE GROUP LTD.,8742,4-NON,10-Q,20251231,Y
2071607,BMOK,BM ACQUISITION CORP.,6770,4-NON,10-K,20251231,Y
2071668,MICC,MAGNUM ICE CREAM CO N.V.,2024,4-NON,20-F,20251231,Y
2071778,FRMI,FERMI INC.,6798,4-NON,10-K,20251231,Y
2072404,GSRF,GSR IV ACQUISITION CORP.,6770,4-NON,10-K,20251231,Y
2072421,SNNF,"SENECA BANCORP, INC.",6021,4-NON,10-K,20251231,Y
2073153,HYNE,"HOYNE BANCORP, INC.",6036,4-NON,10-K,20251231,Y
2073340,TLNC,TALON CAPITAL CORP.,6770,4-NON,10-K,20251231,Y
2073537,,PIMCO ASSET-BASED LENDING CO LLC,6282,4-NON,10-K,20251231,N
2073553,AIIA,AI INFRASTRUCTURE ACQUISITION CORP.,6770,4-NON,10-K,20251231,Y
2073653,,FBRED-C FEEDER REIT TRUST,6798,4-NON,10-K,20251231,N
2073928,MBVI,M3-BRIGADE ACQUISITION VI CORP.,6770,4-NON,10-K,20251231,Y
2074065,,BROOKFIELD PRIVATE EQUITY FUND LP,6282,4-NON,10-K,20251231,N
2074176,VNOM,"VIPER ENERGY, INC.",1311,1-LAF,10-K,20251231,Y
2074409,QSOL,INVESCO GALAXY SOLANA ETF,6221,4-NON,10-K,20251231,Y
2074450,,"APOLLO IG CORE REPLACEMENT, L.P.",6282,4-NON,10-K,20251231,N
2074643,,SOMITOS CORP.,8200,4-NON,10-Q,20260228,N
2074652,,VENYRA CORP,7372,4-NON,10-Q,20260131,N
2074697,FCRS,FUTURECREST ACQUISITION CORP.,6770,4-NON,10-K,20251231,Y
2074850,GFUZ,SPRING VALLEY ACQUISITION CORP. III,4911,4-NON,10-K,20251231,Y
2074872,KRSP,RICE ACQUISITION CORP 3,6770,4-NON,10-K,20251231,Y
2074878,NWAX,NEW AMERICA ACQUISITION I CORP.,6770,4-NON,10-K,20251231,Y
2074973,CCXI,CHURCHILL CAPITAL CORP XI,6770,4-NON,10-K,20251231,Y
2075068,IGAC,INVEST GREEN ACQUISITION CORP,6770,4-NON,10-K,20251231,Y
2075109,,LOS ALTOS VENTURES CORP.,6770,4-NON,10-K,20251231,N
2075239,,VAR ACQUISITION CORP.,6770,4-NON,10-K,20251231,N
2075310,BLZR,TRAILBLAZER ACQUISITION CORP.,6770,4-NON,10-K,20251231,Y
2075320,PLYX,"POLARYX THERAPEUTICS, INC.",2834,4-NON,10-K,20251231,Y
2075336,YCY,AA MISSION ACQUISITION CORP. II,6770,4-NON,10-K,20251231,Y
2075816,EMIS,EMMIS ACQUISITION CORP.,6770,4-NON,10-K,20251231,Y
2076163,BRR,"PROCAP FINANCIAL, INC.",6199,4-NON,10-K,20251231,Y
2076167,,SYNERA STUDIO INC,7330,4-NON,10-Q,20251231,N
2076192,WSTN,WESTIN ACQUISITION CORP,6770,4-NON,10-Q,20251231,Y
2076427,LATA,GALATA ACQUISITION CORP. II,6770,4-NON,10-K,20251231,Y
2076616,TDWD,TAILWIND 2.0 ACQUISITION CORP.,6770,4-NON,10-K,20251231,Y
2076739,SCII,SC II ACQUISITION CORP.,6770,4-NON,10-K,20251231,Y
2077010,OTGA,OTG ACQUISITION CORP. I,6770,4-NON,10-K,20251231,Y
2077033,MMTX,MILUNA ACQUISITION CORP,6770,4-NON,10-K,20251231,Y
2077250,,STONE POINT CREDIT INCOME FUND - SELECT,,4-NON,10-K,20251231,N
2077709,ROC,RANK ONE COMPUTING CORP,7372,4-NON,10-K,20251231,Y
2077785,IRAB,IRIS ACQUISITION CORP II,6770,4-NON,10-K,20251231,Y
2077954,EVOX,EVOLUTION GLOBAL ACQUISITION CORP,6770,4-NON,10-K,20251231,Y
2078416,LLYVA,"LIBERTY LIVE HOLDINGS, INC.",7900,4-NON,10-K,20251231,Y
2078653,RNGT,RANGE CAPITAL ACQUISITION CORP II,6770,4-NON,10-K,20251231,Y
2078856,PURR,HYPERLIQUID STRATEGIES INC,6199,4-NON,10-Q,20251231,Y
2079106,LAFA,LAFAYETTE ACQUISITION CORP.,6770,4-NON,10-K,20251231,Y
2079173,AEXA,AMERICAN EXCEPTIONALISM ACQUISITION CORP. A,6770,4-NON,10-K,20251231,Y
2079253,APXT,APEX TREASURY CORP,6770,4-NON,10-K,20251231,Y
2079292,DYOR,INSIGHT DIGITAL PARTNERS II,6770,4-NON,10-K,20251231,Y
2079320,,RANGE ACQUISITION CORP.,6770,4-NON,10-K,20251231,N
2079546,,CIBATELLA CORP.,7380,4-NON,10-Q,20251231,N
2079720,BUDA,"BUDA JUICE, INC.",2080,4-NON,10-K,20251231,Y
2079966,,"MACQUARIE INFRASTRUCTURE FUND, L.P.",6282,4-NON,10-Q,20251231,N
2079999,CDNL,CARDINAL INFRASTRUCTURE GROUP INC.,1600,4-NON,10-K,20251231,Y
2080019,GIW,GIGCAPITAL8 CORP.,6770,4-NON,10-K,20251231,Y
2080023,VACI,VIKING ACQUISITION CORP I,6770,4-NON,10-K,20251231,Y
2080126,FPS,"FORGENT POWER SOLUTIONS, INC.",3620,4-NON,10-Q,20251231,Y
2080985,ITHA,ITHAX ACQUISITION CORP III,6770,4-NON,10-K,20251231,Y
2081043,ATAI,ATAIBECKLEY INC.,2834,4-NON,10-K,20251231,Y
2081125,DNMX,DYNAMIX CORP III,6770,4-NON,10-K,20251231,Y
2081300,SSAC,SPACSPHERE ACQUISITION CORP.,6770,4-NON,10-K,20251231,Y
2081358,CRAN,CRANE HARBOR ACQUISITION CORP. II,6770,4-NON,10-K,20251231,Y
2081468,MESH,MESHFLOW ACQUISITION CORP,6770,4-NON,10-K,20251231,Y
2081532,BLRK,BLUEROCK ACQUISITION CORP.,6770,4-NON,10-K,20251231,Y
2081628,,RITHM PERPETUAL LIFE RESIDENTIAL TRUST,6798,4-NON,10-K,20251231,N
2081909,SBXE,SILVERBOX CORP V,6770,4-NON,10-K,20251231,Y
2082119,KRAQ,KRAKACQUISITION CORP,6770,4-NON,10-K,20251231,Y
2082149,DSAC,DAEDALUS SPECIAL ACQUISITION CORP.,6770,4-NON,10-K,20251231,Y
2082542,BIXI,BITCOIN INFRASTRUCTURE ACQUISITION CORP LTD,6770,4-NON,10-K,20251231,Y
2082557,,GOLUB CAPITAL PRIVATE INCOME FUND S,,4-NON,10-Q,20251231,N
2082559,,GOLUB CAPITAL PRIVATE INCOME FUND I,,4-NON,10-Q,20251231,N
2082844,SAC,SAFEGUARD ACQUISITION CORP.,6770,4-NON,10-K,20251231,Y
2082866,PNFP,"PINNACLE FINANCIAL PARTNERS, INC.",6021,1-LAF,10-K,20251231,Y
2082889,CLNK,BITWISE CHAINLINK ETF,6221,4-NON,10-K,20251231,Y
2083002,ADAC,AMERICAN DRIVE ACQUISITION CO,6770,4-NON,10-K,20251231,Y
2083143,SCPQ,SOCIAL COMMERCE PARTNERS CORP,6770,4-NON,10-K,20251231,Y
2083493,XCBE,X3 ACQUISITION CORP. LTD.,6770,4-NON,10-K,20251231,Y
2083689,AEAQ,ACTIVATE ENERGY ACQUISITION CORP.,6770,4-NON,10-K,20251231,Y
2083728,LPCV,LAUNCHPAD CADENZA ACQUISITION CORP I,6770,4-NON,10-K,20251231,Y
2083785,SUNB,"SUNBELT RENTALS HOLDINGS, INC.",7359,4-NON,10-Q,20260131,Y
2083989,ALOV,"ALDABRA 4 LIQUIDITY OPPORTUNITY VEHICLE, INC.",6770,4-NON,10-K,20251231,Y
2084396,IEAG,INFINITE EAGLE ACQUISITION CORP.,6770,4-NON,10-K,20251231,Y
2084563,LFAC,LEAPFROG ACQUISITION CORP,6770,4-NON,10-K,20251231,Y
2084698,KHOBF,KHEOBA LTD,7371,4-NON,20-F,20251031,Y
2085408,GPAC,GENERAL PURPOSE ACQUISITION CORP.,6770,4-NON,10-K,20251231,Y
2085428,,NUVEEN FARMLAND REIT,6798,4-NON,10-K,20251231,N
2085659,SVAQ,SILICON VALLEY ACQUISITION CORP.,6770,4-NON,10-K,20251231,Y
2086263,SORN,SOREN ACQUISITION CORP.,6770,4-NON,10-K,20251231,Y
2086264,VHCP,VINE HILL CAPITAL INVESTMENT CORP. II,6770,4-NON,10-K,20251231,Y
2086524,KTWO,K2 CAPITAL ACQUISITION CORP,6770,4-NON,10-K,20251231,Y
2086545,ARTC,ART TECHNOLOGY ACQUISITION CORP.,6770,4-NON,10-K,20251231,Y
2086771,ELE,ELEMENTAL ROYALTY CORP,1040,,40-F,20251231,Y
2087087,BIII,BLACK SPADE ACQUISITION III CO,6770,4-NON,10-K,20251231,Y
2087446,PAAC,PROEM ACQUISITION CORP. I,6770,4-NON,10-K,20251231,Y
2087447,ZKP,LAFAYETTE DIGITAL ACQUISITION CORP. I,6770,4-NON,10-K,20251231,Y
2087450,LEGO,LEGATO MERGER CORP. IV,6770,4-NON,10-Q,20251130,Y
2088221,,SILTRIUM TECH CORP,7370,4-NON,10-Q,20260131,N
2088295,BBCQ,BLEICHROEDER ACQUISITION CORP. II,6770,4-NON,10-K,20251231,Y
2088325,OIM,ONEIM ACQUISITION CORP.,6770,4-NON,10-K,20251231,Y
2088749,KBON,KARBON CAPITAL PARTNERS CORP.,6770,4-NON,10-K,20251231,Y
2088805,CMII,COLUMBUS CIRCLE CAPITAL CORP II,6770,4-NON,10-K,20251231,Y
2088807,XSLL,XSOLLA SPAC 1,6770,4-NON,10-Q,20250930,Y
2089126,,PENNANTPARK PRIVATE INCOME FUND,,4-NON,10-Q,20251231,N
2089189,,BTCS LABS INC.,6221,4-NON,10-K,20251231,N
2089536,CEPS,"CANTOR EQUITY PARTNERS VI, INC.",6770,4-NON,10-K,20251231,Y
2089661,SUNC,SUNOCOCORP LLC,2911,4-NON,10-K,20251231,Y
2089982,HACQ,HCM IV ACQUISITION CORP.,6770,4-NON,10-K,20251231,Y
2090452,FGII,FG IMPERII ACQUISITION CORP.,6770,4-NON,10-K,20251231,Y
2091176,IACO,IDEA ACQUISITION CORP.,6770,4-NON,10-K,20251231,Y
2091222,SAAQ,SPACE ASSET ACQUISITION CORP.,6770,4-NON,10-K,20251231,Y
2091467,BGSI,BOYD GROUP SERVICES INC.,7500,,40-F,20251231,Y
2091712,RFAM,RF ACQUISITION CORP III,6770,4-NON,10-Q,20251231,Y
2092897,AACI,ARMADA ACQUISITION CORP. III,6770,4-NON,10-K,20251231,Y
2093484,MUZE,MUZERO ACQUISITION CORP,6770,4-NON,10-K,20251231,Y
2093912,PTOR,PRAETORIAN ACQUISITION CORP.,6770,4-NON,10-K,20251231,Y
2094073,CTAA,CLEARTHINK 1 ACQUISITION CORP.,6770,4-NON,10-K,20251231,Y
2094265,MLAA,MOUNTAIN LAKE ACQUISITION CORP. II,6770,4-NON,10-K,20251231,Y
2097364,TMTS,SPARTACUS ACQUISITION CORP. II,6770,4-NON,10-K,20251231,Y
2098382,,PRIMUS ACQUISITION INC.,6770,4-NON,10-K,20251231,N
2098669,UAC,UNITED ACQUISITION CORP. I,6770,4-NON,10-K,20251231,Y
2098712,GIX,GIGCAPITAL9 CORP.,6770,4-NON,10-K,20251231,Y
2099093,HCIC,HENNESSY CAPITAL INVESTMENT CORP. VIII,6770,4-NON,10-K,20251231,Y
2099656,HLXC,HELIX ACQUISITION CORP. III,6770,4-NON,10-K,20251231,Y
2099906,AACO,ABONY ACQUISITION CORP. I,6770,4-NON,10-K,20251231,Y
2100125,CAQ,CAMBRIDGE ACQUISITION CORP.,6770,4-NON,10-K,20251231,Y
2106613,QNC,QUANTUM EMOTION CORP,7372,,40-F,20251231,Y
